ISO-10303-21;
HEADER;
/* Generated by software containing ST-Developer
 * from STEP Tools, Inc. (www.steptools.com) 
 */

FILE_DESCRIPTION(
/* description */ (''),
/* implementation_level */ '2;1');

FILE_NAME(
/* name */ 'elbow.step',
/* time_stamp */ '2026-08-24T12:15:29+07:00',
/* author */ (''),
/* organization */ (''),
/* preprocessor_version */ 'ST-DEVELOPER v20.1',
/* originating_system */ 'Autodesk Translation Framework v15.8.0.0',
/* authorisation */ '');

FILE_SCHEMA (('AUTOMOTIVE_DESIGN { 1 0 10303 214 3 1 1 }'));
ENDSEC;

DATA;
#10=MECHANICAL_DESIGN_GEOMETRIC_PRESENTATION_REPRESENTATION('',(#25,#26,
#27),#16000);
#11=ITEM_DEFINED_TRANSFORMATION($,$,#10050,#10660);
#12=ITEM_DEFINED_TRANSFORMATION($,$,#10317,#10661);
#13=(
REPRESENTATION_RELATIONSHIP($,$,#16014,#16013)
REPRESENTATION_RELATIONSHIP_WITH_TRANSFORMATION(#11)
SHAPE_REPRESENTATION_RELATIONSHIP()
);
#14=(
REPRESENTATION_RELATIONSHIP($,$,#16015,#16013)
REPRESENTATION_RELATIONSHIP_WITH_TRANSFORMATION(#12)
SHAPE_REPRESENTATION_RELATIONSHIP()
);
#15=CONTEXT_DEPENDENT_SHAPE_REPRESENTATION(#13,#16011);
#16=CONTEXT_DEPENDENT_SHAPE_REPRESENTATION(#14,#16012);
#17=NEXT_ASSEMBLY_USAGE_OCCURRENCE('FP04-F3 v1 (1):1',
'FP04-F3 v1 (1):1','FP04-F3 v1 (1):1',#16017,#16018,'FP04-F3 v1 (1):1');
#18=NEXT_ASSEMBLY_USAGE_OCCURRENCE('FP04-F3 v1 (2):1',
'FP04-F3 v1 (2):1','FP04-F3 v1 (2):1',#16017,#16019,'FP04-F3 v1 (2):1');
#19=SHAPE_REPRESENTATION_RELATIONSHIP('SRR','None',#16014,#22);
#20=SHAPE_REPRESENTATION_RELATIONSHIP('SRR','None',#16015,#23);
#21=SHAPE_REPRESENTATION_RELATIONSHIP('SRR','None',#16013,#24);
#22=ADVANCED_BREP_SHAPE_REPRESENTATION('',(#28),#15998);
#23=ADVANCED_BREP_SHAPE_REPRESENTATION('',(#29),#15999);
#24=ADVANCED_BREP_SHAPE_REPRESENTATION('',(#30),#15997);
#25=STYLED_ITEM('',(#16032),#28);
#26=STYLED_ITEM('',(#16032),#29);
#27=STYLED_ITEM('',(#16032),#30);
#28=MANIFOLD_SOLID_BREP('Body1',#10023);
#29=MANIFOLD_SOLID_BREP('Body1',#10024);
#30=MANIFOLD_SOLID_BREP('Body1',#10025);
#31=CYLINDRICAL_SURFACE('',#10062,1.05);
#32=CYLINDRICAL_SURFACE('',#10087,1.05);
#33=CYLINDRICAL_SURFACE('',#10096,1.05);
#34=CYLINDRICAL_SURFACE('',#10105,1.05);
#35=CYLINDRICAL_SURFACE('',#10114,1.05);
#36=CYLINDRICAL_SURFACE('',#10123,1.05);
#37=CYLINDRICAL_SURFACE('',#10146,1.05);
#38=CYLINDRICAL_SURFACE('',#10148,1.05);
#39=CYLINDRICAL_SURFACE('',#10156,1.9);
#40=CYLINDRICAL_SURFACE('',#10161,1.9);
#41=CYLINDRICAL_SURFACE('',#10179,1.05);
#42=CYLINDRICAL_SURFACE('',#10189,0.6);
#43=CYLINDRICAL_SURFACE('',#10201,1.9);
#44=CYLINDRICAL_SURFACE('',#10207,1.9);
#45=CYLINDRICAL_SURFACE('',#10211,1.05);
#46=CYLINDRICAL_SURFACE('',#10212,1.05);
#47=CYLINDRICAL_SURFACE('',#10281,0.6);
#48=CYLINDRICAL_SURFACE('',#10295,1.05);
#49=CYLINDRICAL_SURFACE('',#10309,4.);
#50=CYLINDRICAL_SURFACE('',#10315,4.);
#51=CYLINDRICAL_SURFACE('',#10329,1.05);
#52=CYLINDRICAL_SURFACE('',#10354,1.05);
#53=CYLINDRICAL_SURFACE('',#10363,1.05);
#54=CYLINDRICAL_SURFACE('',#10372,1.05);
#55=CYLINDRICAL_SURFACE('',#10381,1.05);
#56=CYLINDRICAL_SURFACE('',#10390,1.05);
#57=CYLINDRICAL_SURFACE('',#10413,1.05);
#58=CYLINDRICAL_SURFACE('',#10415,1.05);
#59=CYLINDRICAL_SURFACE('',#10423,1.9);
#60=CYLINDRICAL_SURFACE('',#10428,1.9);
#61=CYLINDRICAL_SURFACE('',#10446,1.05);
#62=CYLINDRICAL_SURFACE('',#10456,0.6);
#63=CYLINDRICAL_SURFACE('',#10468,1.9);
#64=CYLINDRICAL_SURFACE('',#10474,1.9);
#65=CYLINDRICAL_SURFACE('',#10478,1.05);
#66=CYLINDRICAL_SURFACE('',#10479,1.05);
#67=CYLINDRICAL_SURFACE('',#10548,0.6);
#68=CYLINDRICAL_SURFACE('',#10562,1.05);
#69=CYLINDRICAL_SURFACE('',#10576,4.);
#70=CYLINDRICAL_SURFACE('',#10582,4.);
#71=CYLINDRICAL_SURFACE('',#10608,1.05);
#72=CYLINDRICAL_SURFACE('',#10610,1.05);
#73=CYLINDRICAL_SURFACE('',#10612,1.05);
#74=CYLINDRICAL_SURFACE('',#10614,1.05);
#75=CYLINDRICAL_SURFACE('',#10616,1.05);
#76=CYLINDRICAL_SURFACE('',#10618,1.05);
#77=CYLINDRICAL_SURFACE('',#10620,1.05);
#78=CYLINDRICAL_SURFACE('',#10622,1.05);
#79=CYLINDRICAL_SURFACE('',#10624,1.05);
#80=CYLINDRICAL_SURFACE('',#10626,1.05);
#81=CYLINDRICAL_SURFACE('',#10628,1.05);
#82=CYLINDRICAL_SURFACE('',#10630,1.05);
#83=CYLINDRICAL_SURFACE('',#10632,1.05);
#84=CYLINDRICAL_SURFACE('',#10634,1.05);
#85=CYLINDRICAL_SURFACE('',#10636,1.05);
#86=CYLINDRICAL_SURFACE('',#10638,1.05);
#87=FACE_BOUND('',#804,.T.);
#88=FACE_BOUND('',#805,.T.);
#89=FACE_BOUND('',#806,.T.);
#90=FACE_BOUND('',#807,.T.);
#91=FACE_BOUND('',#808,.T.);
#92=FACE_BOUND('',#809,.T.);
#93=FACE_BOUND('',#810,.T.);
#94=FACE_BOUND('',#811,.T.);
#95=FACE_BOUND('',#812,.T.);
#96=FACE_BOUND('',#815,.T.);
#97=FACE_BOUND('',#823,.T.);
#98=FACE_BOUND('',#825,.T.);
#99=FACE_BOUND('',#827,.T.);
#100=FACE_BOUND('',#829,.T.);
#101=FACE_BOUND('',#831,.T.);
#102=FACE_BOUND('',#833,.T.);
#103=FACE_BOUND('',#843,.T.);
#104=FACE_BOUND('',#852,.T.);
#105=FACE_BOUND('',#861,.T.);
#106=FACE_BOUND('',#870,.T.);
#107=FACE_BOUND('',#879,.T.);
#108=FACE_BOUND('',#900,.T.);
#109=FACE_BOUND('',#902,.T.);
#110=FACE_BOUND('',#906,.T.);
#111=FACE_BOUND('',#908,.T.);
#112=FACE_BOUND('',#911,.T.);
#113=FACE_BOUND('',#913,.T.);
#114=FACE_BOUND('',#924,.T.);
#115=FACE_BOUND('',#928,.T.);
#116=FACE_BOUND('',#949,.T.);
#117=FACE_BOUND('',#951,.T.);
#118=FACE_BOUND('',#954,.T.);
#119=FACE_BOUND('',#956,.T.);
#120=FACE_BOUND('',#959,.T.);
#121=FACE_BOUND('',#961,.T.);
#122=FACE_BOUND('',#1040,.T.);
#123=FACE_BOUND('',#1066,.T.);
#124=FACE_BOUND('',#1067,.T.);
#125=FACE_BOUND('',#1068,.T.);
#126=FACE_BOUND('',#1069,.T.);
#127=FACE_BOUND('',#1070,.T.);
#128=FACE_BOUND('',#1071,.T.);
#129=FACE_BOUND('',#1072,.T.);
#130=FACE_BOUND('',#1073,.T.);
#131=FACE_BOUND('',#1074,.T.);
#132=FACE_BOUND('',#1077,.T.);
#133=FACE_BOUND('',#1085,.T.);
#134=FACE_BOUND('',#1087,.T.);
#135=FACE_BOUND('',#1089,.T.);
#136=FACE_BOUND('',#1091,.T.);
#137=FACE_BOUND('',#1093,.T.);
#138=FACE_BOUND('',#1095,.T.);
#139=FACE_BOUND('',#1105,.T.);
#140=FACE_BOUND('',#1114,.T.);
#141=FACE_BOUND('',#1123,.T.);
#142=FACE_BOUND('',#1132,.T.);
#143=FACE_BOUND('',#1141,.T.);
#144=FACE_BOUND('',#1162,.T.);
#145=FACE_BOUND('',#1164,.T.);
#146=FACE_BOUND('',#1168,.T.);
#147=FACE_BOUND('',#1170,.T.);
#148=FACE_BOUND('',#1173,.T.);
#149=FACE_BOUND('',#1175,.T.);
#150=FACE_BOUND('',#1186,.T.);
#151=FACE_BOUND('',#1190,.T.);
#152=FACE_BOUND('',#1211,.T.);
#153=FACE_BOUND('',#1213,.T.);
#154=FACE_BOUND('',#1216,.T.);
#155=FACE_BOUND('',#1218,.T.);
#156=FACE_BOUND('',#1221,.T.);
#157=FACE_BOUND('',#1223,.T.);
#158=FACE_BOUND('',#1302,.T.);
#159=FACE_BOUND('',#1332,.T.);
#160=FACE_BOUND('',#1333,.T.);
#161=FACE_BOUND('',#1334,.T.);
#162=FACE_BOUND('',#1335,.T.);
#163=FACE_BOUND('',#1336,.T.);
#164=FACE_BOUND('',#1337,.T.);
#165=FACE_BOUND('',#1338,.T.);
#166=FACE_BOUND('',#1339,.T.);
#167=FACE_BOUND('',#1342,.T.);
#168=FACE_BOUND('',#1343,.T.);
#169=FACE_BOUND('',#1344,.T.);
#170=FACE_BOUND('',#1345,.T.);
#171=FACE_BOUND('',#1346,.T.);
#172=FACE_BOUND('',#1347,.T.);
#173=FACE_BOUND('',#1348,.T.);
#174=FACE_BOUND('',#1349,.T.);
#175=FACE_BOUND('',#1375,.T.);
#176=FACE_BOUND('',#1379,.T.);
#177=FACE_BOUND('',#1383,.T.);
#178=FACE_BOUND('',#1387,.T.);
#179=FACE_BOUND('',#1388,.T.);
#180=FACE_BOUND('',#1389,.T.);
#181=FACE_BOUND('',#1390,.T.);
#182=FACE_BOUND('',#1391,.T.);
#183=FACE_BOUND('',#1392,.T.);
#184=FACE_BOUND('',#1393,.T.);
#185=FACE_BOUND('',#1394,.T.);
#186=FACE_BOUND('',#1397,.T.);
#187=FACE_BOUND('',#1398,.T.);
#188=FACE_BOUND('',#1399,.T.);
#189=FACE_BOUND('',#1400,.T.);
#190=FACE_BOUND('',#1401,.T.);
#191=FACE_BOUND('',#1402,.T.);
#192=FACE_BOUND('',#1403,.T.);
#193=FACE_BOUND('',#1404,.T.);
#194=FACE_BOUND('',#1406,.T.);
#195=CIRCLE('',#10052,1.05);
#196=CIRCLE('',#10053,1.05);
#197=CIRCLE('',#10054,1.05);
#198=CIRCLE('',#10055,1.05);
#199=CIRCLE('',#10056,1.05);
#200=CIRCLE('',#10057,1.05);
#201=CIRCLE('',#10058,1.05);
#202=CIRCLE('',#10059,1.05);
#203=CIRCLE('',#10060,4.);
#204=CIRCLE('',#10061,4.);
#205=CIRCLE('',#10063,1.05);
#206=CIRCLE('',#10086,1.05);
#207=CIRCLE('',#10095,1.05);
#208=CIRCLE('',#10104,1.05);
#209=CIRCLE('',#10113,1.05);
#210=CIRCLE('',#10122,1.05);
#211=CIRCLE('',#10143,1.05);
#212=CIRCLE('',#10145,1.05);
#213=CIRCLE('',#10147,1.05);
#214=CIRCLE('',#10149,1.05);
#215=CIRCLE('',#10150,1.05);
#216=CIRCLE('',#10152,1.9);
#217=CIRCLE('',#10154,1.9);
#218=CIRCLE('',#10155,1.05);
#219=CIRCLE('',#10157,1.9);
#220=CIRCLE('',#10159,1.9);
#221=CIRCLE('',#10174,1.05);
#222=CIRCLE('',#10190,0.6);
#223=CIRCLE('',#10191,0.6);
#224=CIRCLE('',#10193,0.6);
#225=CIRCLE('',#10198,1.9);
#226=CIRCLE('',#10200,1.9);
#227=CIRCLE('',#10202,1.9);
#228=CIRCLE('',#10204,1.9);
#229=CIRCLE('',#10205,1.05);
#230=CIRCLE('',#10210,1.05);
#231=CIRCLE('',#10282,0.6);
#232=CIRCLE('',#10290,1.05);
#233=CIRCLE('',#10310,4.);
#234=CIRCLE('',#10313,4.);
#235=CIRCLE('',#10319,1.05);
#236=CIRCLE('',#10320,1.05);
#237=CIRCLE('',#10321,1.05);
#238=CIRCLE('',#10322,1.05);
#239=CIRCLE('',#10323,1.05);
#240=CIRCLE('',#10324,1.05);
#241=CIRCLE('',#10325,1.05);
#242=CIRCLE('',#10326,1.05);
#243=CIRCLE('',#10327,4.);
#244=CIRCLE('',#10328,4.);
#245=CIRCLE('',#10330,1.05);
#246=CIRCLE('',#10353,1.05);
#247=CIRCLE('',#10362,1.05);
#248=CIRCLE('',#10371,1.05);
#249=CIRCLE('',#10380,1.05);
#250=CIRCLE('',#10389,1.05);
#251=CIRCLE('',#10410,1.05);
#252=CIRCLE('',#10412,1.05);
#253=CIRCLE('',#10414,1.05);
#254=CIRCLE('',#10416,1.05);
#255=CIRCLE('',#10417,1.05);
#256=CIRCLE('',#10419,1.9);
#257=CIRCLE('',#10421,1.9);
#258=CIRCLE('',#10422,1.05);
#259=CIRCLE('',#10424,1.9);
#260=CIRCLE('',#10426,1.9);
#261=CIRCLE('',#10441,1.05);
#262=CIRCLE('',#10457,0.6);
#263=CIRCLE('',#10458,0.6);
#264=CIRCLE('',#10460,0.6);
#265=CIRCLE('',#10465,1.9);
#266=CIRCLE('',#10467,1.9);
#267=CIRCLE('',#10469,1.9);
#268=CIRCLE('',#10471,1.9);
#269=CIRCLE('',#10472,1.05);
#270=CIRCLE('',#10477,1.05);
#271=CIRCLE('',#10549,0.6);
#272=CIRCLE('',#10557,1.05);
#273=CIRCLE('',#10577,4.);
#274=CIRCLE('',#10580,4.);
#275=CIRCLE('',#10589,1.05);
#276=CIRCLE('',#10590,1.05);
#277=CIRCLE('',#10591,1.05);
#278=CIRCLE('',#10592,1.05);
#279=CIRCLE('',#10593,1.05);
#280=CIRCLE('',#10594,1.05);
#281=CIRCLE('',#10595,1.05);
#282=CIRCLE('',#10596,1.05);
#283=CIRCLE('',#10599,1.05);
#284=CIRCLE('',#10600,1.05);
#285=CIRCLE('',#10601,1.05);
#286=CIRCLE('',#10602,1.05);
#287=CIRCLE('',#10603,1.05);
#288=CIRCLE('',#10604,1.05);
#289=CIRCLE('',#10605,1.05);
#290=CIRCLE('',#10606,1.05);
#291=CIRCLE('',#10609,1.05);
#292=CIRCLE('',#10611,1.05);
#293=CIRCLE('',#10613,1.05);
#294=CIRCLE('',#10615,1.05);
#295=CIRCLE('',#10617,1.05);
#296=CIRCLE('',#10619,1.05);
#297=CIRCLE('',#10621,1.05);
#298=CIRCLE('',#10623,1.05);
#299=CIRCLE('',#10625,1.05);
#300=CIRCLE('',#10627,1.05);
#301=CIRCLE('',#10629,1.05);
#302=CIRCLE('',#10631,1.05);
#303=CIRCLE('',#10633,1.05);
#304=CIRCLE('',#10635,1.05);
#305=CIRCLE('',#10637,1.05);
#306=CIRCLE('',#10639,1.05);
#307=FACE_OUTER_BOUND('',#803,.T.);
#308=FACE_OUTER_BOUND('',#813,.T.);
#309=FACE_OUTER_BOUND('',#814,.T.);
#310=FACE_OUTER_BOUND('',#816,.T.);
#311=FACE_OUTER_BOUND('',#817,.T.);
#312=FACE_OUTER_BOUND('',#818,.T.);
#313=FACE_OUTER_BOUND('',#819,.T.);
#314=FACE_OUTER_BOUND('',#820,.T.);
#315=FACE_OUTER_BOUND('',#821,.T.);
#316=FACE_OUTER_BOUND('',#822,.T.);
#317=FACE_OUTER_BOUND('',#824,.T.);
#318=FACE_OUTER_BOUND('',#826,.T.);
#319=FACE_OUTER_BOUND('',#828,.T.);
#320=FACE_OUTER_BOUND('',#830,.T.);
#321=FACE_OUTER_BOUND('',#832,.T.);
#322=FACE_OUTER_BOUND('',#834,.T.);
#323=FACE_OUTER_BOUND('',#835,.T.);
#324=FACE_OUTER_BOUND('',#836,.T.);
#325=FACE_OUTER_BOUND('',#837,.T.);
#326=FACE_OUTER_BOUND('',#838,.T.);
#327=FACE_OUTER_BOUND('',#839,.T.);
#328=FACE_OUTER_BOUND('',#840,.T.);
#329=FACE_OUTER_BOUND('',#841,.T.);
#330=FACE_OUTER_BOUND('',#842,.T.);
#331=FACE_OUTER_BOUND('',#844,.T.);
#332=FACE_OUTER_BOUND('',#845,.T.);
#333=FACE_OUTER_BOUND('',#846,.T.);
#334=FACE_OUTER_BOUND('',#847,.T.);
#335=FACE_OUTER_BOUND('',#848,.T.);
#336=FACE_OUTER_BOUND('',#849,.T.);
#337=FACE_OUTER_BOUND('',#850,.T.);
#338=FACE_OUTER_BOUND('',#851,.T.);
#339=FACE_OUTER_BOUND('',#853,.T.);
#340=FACE_OUTER_BOUND('',#854,.T.);
#341=FACE_OUTER_BOUND('',#855,.T.);
#342=FACE_OUTER_BOUND('',#856,.T.);
#343=FACE_OUTER_BOUND('',#857,.T.);
#344=FACE_OUTER_BOUND('',#858,.T.);
#345=FACE_OUTER_BOUND('',#859,.T.);
#346=FACE_OUTER_BOUND('',#860,.T.);
#347=FACE_OUTER_BOUND('',#862,.T.);
#348=FACE_OUTER_BOUND('',#863,.T.);
#349=FACE_OUTER_BOUND('',#864,.T.);
#350=FACE_OUTER_BOUND('',#865,.T.);
#351=FACE_OUTER_BOUND('',#866,.T.);
#352=FACE_OUTER_BOUND('',#867,.T.);
#353=FACE_OUTER_BOUND('',#868,.T.);
#354=FACE_OUTER_BOUND('',#869,.T.);
#355=FACE_OUTER_BOUND('',#871,.T.);
#356=FACE_OUTER_BOUND('',#872,.T.);
#357=FACE_OUTER_BOUND('',#873,.T.);
#358=FACE_OUTER_BOUND('',#874,.T.);
#359=FACE_OUTER_BOUND('',#875,.T.);
#360=FACE_OUTER_BOUND('',#876,.T.);
#361=FACE_OUTER_BOUND('',#877,.T.);
#362=FACE_OUTER_BOUND('',#878,.T.);
#363=FACE_OUTER_BOUND('',#880,.T.);
#364=FACE_OUTER_BOUND('',#881,.T.);
#365=FACE_OUTER_BOUND('',#882,.T.);
#366=FACE_OUTER_BOUND('',#883,.T.);
#367=FACE_OUTER_BOUND('',#884,.T.);
#368=FACE_OUTER_BOUND('',#885,.T.);
#369=FACE_OUTER_BOUND('',#886,.T.);
#370=FACE_OUTER_BOUND('',#887,.T.);
#371=FACE_OUTER_BOUND('',#888,.T.);
#372=FACE_OUTER_BOUND('',#889,.T.);
#373=FACE_OUTER_BOUND('',#890,.T.);
#374=FACE_OUTER_BOUND('',#891,.T.);
#375=FACE_OUTER_BOUND('',#892,.T.);
#376=FACE_OUTER_BOUND('',#893,.T.);
#377=FACE_OUTER_BOUND('',#894,.T.);
#378=FACE_OUTER_BOUND('',#895,.T.);
#379=FACE_OUTER_BOUND('',#896,.T.);
#380=FACE_OUTER_BOUND('',#897,.T.);
#381=FACE_OUTER_BOUND('',#898,.T.);
#382=FACE_OUTER_BOUND('',#899,.T.);
#383=FACE_OUTER_BOUND('',#901,.T.);
#384=FACE_OUTER_BOUND('',#903,.T.);
#385=FACE_OUTER_BOUND('',#904,.T.);
#386=FACE_OUTER_BOUND('',#905,.T.);
#387=FACE_OUTER_BOUND('',#907,.T.);
#388=FACE_OUTER_BOUND('',#909,.T.);
#389=FACE_OUTER_BOUND('',#910,.T.);
#390=FACE_OUTER_BOUND('',#912,.T.);
#391=FACE_OUTER_BOUND('',#914,.T.);
#392=FACE_OUTER_BOUND('',#915,.T.);
#393=FACE_OUTER_BOUND('',#916,.T.);
#394=FACE_OUTER_BOUND('',#917,.T.);
#395=FACE_OUTER_BOUND('',#918,.T.);
#396=FACE_OUTER_BOUND('',#919,.T.);
#397=FACE_OUTER_BOUND('',#920,.T.);
#398=FACE_OUTER_BOUND('',#921,.T.);
#399=FACE_OUTER_BOUND('',#922,.T.);
#400=FACE_OUTER_BOUND('',#923,.T.);
#401=FACE_OUTER_BOUND('',#925,.T.);
#402=FACE_OUTER_BOUND('',#926,.T.);
#403=FACE_OUTER_BOUND('',#927,.T.);
#404=FACE_OUTER_BOUND('',#929,.T.);
#405=FACE_OUTER_BOUND('',#930,.T.);
#406=FACE_OUTER_BOUND('',#931,.T.);
#407=FACE_OUTER_BOUND('',#932,.T.);
#408=FACE_OUTER_BOUND('',#933,.T.);
#409=FACE_OUTER_BOUND('',#934,.T.);
#410=FACE_OUTER_BOUND('',#935,.T.);
#411=FACE_OUTER_BOUND('',#936,.T.);
#412=FACE_OUTER_BOUND('',#937,.T.);
#413=FACE_OUTER_BOUND('',#938,.T.);
#414=FACE_OUTER_BOUND('',#939,.T.);
#415=FACE_OUTER_BOUND('',#940,.T.);
#416=FACE_OUTER_BOUND('',#941,.T.);
#417=FACE_OUTER_BOUND('',#942,.T.);
#418=FACE_OUTER_BOUND('',#943,.T.);
#419=FACE_OUTER_BOUND('',#944,.T.);
#420=FACE_OUTER_BOUND('',#945,.T.);
#421=FACE_OUTER_BOUND('',#946,.T.);
#422=FACE_OUTER_BOUND('',#947,.T.);
#423=FACE_OUTER_BOUND('',#948,.T.);
#424=FACE_OUTER_BOUND('',#950,.T.);
#425=FACE_OUTER_BOUND('',#952,.T.);
#426=FACE_OUTER_BOUND('',#953,.T.);
#427=FACE_OUTER_BOUND('',#955,.T.);
#428=FACE_OUTER_BOUND('',#957,.T.);
#429=FACE_OUTER_BOUND('',#958,.T.);
#430=FACE_OUTER_BOUND('',#960,.T.);
#431=FACE_OUTER_BOUND('',#962,.T.);
#432=FACE_OUTER_BOUND('',#963,.T.);
#433=FACE_OUTER_BOUND('',#964,.T.);
#434=FACE_OUTER_BOUND('',#965,.T.);
#435=FACE_OUTER_BOUND('',#966,.T.);
#436=FACE_OUTER_BOUND('',#967,.T.);
#437=FACE_OUTER_BOUND('',#968,.T.);
#438=FACE_OUTER_BOUND('',#969,.T.);
#439=FACE_OUTER_BOUND('',#970,.T.);
#440=FACE_OUTER_BOUND('',#971,.T.);
#441=FACE_OUTER_BOUND('',#972,.T.);
#442=FACE_OUTER_BOUND('',#973,.T.);
#443=FACE_OUTER_BOUND('',#974,.T.);
#444=FACE_OUTER_BOUND('',#975,.T.);
#445=FACE_OUTER_BOUND('',#976,.T.);
#446=FACE_OUTER_BOUND('',#977,.T.);
#447=FACE_OUTER_BOUND('',#978,.T.);
#448=FACE_OUTER_BOUND('',#979,.T.);
#449=FACE_OUTER_BOUND('',#980,.T.);
#450=FACE_OUTER_BOUND('',#981,.T.);
#451=FACE_OUTER_BOUND('',#982,.T.);
#452=FACE_OUTER_BOUND('',#983,.T.);
#453=FACE_OUTER_BOUND('',#984,.T.);
#454=FACE_OUTER_BOUND('',#985,.T.);
#455=FACE_OUTER_BOUND('',#986,.T.);
#456=FACE_OUTER_BOUND('',#987,.T.);
#457=FACE_OUTER_BOUND('',#988,.T.);
#458=FACE_OUTER_BOUND('',#989,.T.);
#459=FACE_OUTER_BOUND('',#990,.T.);
#460=FACE_OUTER_BOUND('',#991,.T.);
#461=FACE_OUTER_BOUND('',#992,.T.);
#462=FACE_OUTER_BOUND('',#993,.T.);
#463=FACE_OUTER_BOUND('',#994,.T.);
#464=FACE_OUTER_BOUND('',#995,.T.);
#465=FACE_OUTER_BOUND('',#996,.T.);
#466=FACE_OUTER_BOUND('',#997,.T.);
#467=FACE_OUTER_BOUND('',#998,.T.);
#468=FACE_OUTER_BOUND('',#999,.T.);
#469=FACE_OUTER_BOUND('',#1000,.T.);
#470=FACE_OUTER_BOUND('',#1001,.T.);
#471=FACE_OUTER_BOUND('',#1002,.T.);
#472=FACE_OUTER_BOUND('',#1003,.T.);
#473=FACE_OUTER_BOUND('',#1004,.T.);
#474=FACE_OUTER_BOUND('',#1005,.T.);
#475=FACE_OUTER_BOUND('',#1006,.T.);
#476=FACE_OUTER_BOUND('',#1007,.T.);
#477=FACE_OUTER_BOUND('',#1008,.T.);
#478=FACE_OUTER_BOUND('',#1009,.T.);
#479=FACE_OUTER_BOUND('',#1010,.T.);
#480=FACE_OUTER_BOUND('',#1011,.T.);
#481=FACE_OUTER_BOUND('',#1012,.T.);
#482=FACE_OUTER_BOUND('',#1013,.T.);
#483=FACE_OUTER_BOUND('',#1014,.T.);
#484=FACE_OUTER_BOUND('',#1015,.T.);
#485=FACE_OUTER_BOUND('',#1016,.T.);
#486=FACE_OUTER_BOUND('',#1017,.T.);
#487=FACE_OUTER_BOUND('',#1018,.T.);
#488=FACE_OUTER_BOUND('',#1019,.T.);
#489=FACE_OUTER_BOUND('',#1020,.T.);
#490=FACE_OUTER_BOUND('',#1021,.T.);
#491=FACE_OUTER_BOUND('',#1022,.T.);
#492=FACE_OUTER_BOUND('',#1023,.T.);
#493=FACE_OUTER_BOUND('',#1024,.T.);
#494=FACE_OUTER_BOUND('',#1025,.T.);
#495=FACE_OUTER_BOUND('',#1026,.T.);
#496=FACE_OUTER_BOUND('',#1027,.T.);
#497=FACE_OUTER_BOUND('',#1028,.T.);
#498=FACE_OUTER_BOUND('',#1029,.T.);
#499=FACE_OUTER_BOUND('',#1030,.T.);
#500=FACE_OUTER_BOUND('',#1031,.T.);
#501=FACE_OUTER_BOUND('',#1032,.T.);
#502=FACE_OUTER_BOUND('',#1033,.T.);
#503=FACE_OUTER_BOUND('',#1034,.T.);
#504=FACE_OUTER_BOUND('',#1035,.T.);
#505=FACE_OUTER_BOUND('',#1036,.T.);
#506=FACE_OUTER_BOUND('',#1037,.T.);
#507=FACE_OUTER_BOUND('',#1038,.T.);
#508=FACE_OUTER_BOUND('',#1039,.T.);
#509=FACE_OUTER_BOUND('',#1041,.T.);
#510=FACE_OUTER_BOUND('',#1042,.T.);
#511=FACE_OUTER_BOUND('',#1043,.T.);
#512=FACE_OUTER_BOUND('',#1044,.T.);
#513=FACE_OUTER_BOUND('',#1045,.T.);
#514=FACE_OUTER_BOUND('',#1046,.T.);
#515=FACE_OUTER_BOUND('',#1047,.T.);
#516=FACE_OUTER_BOUND('',#1048,.T.);
#517=FACE_OUTER_BOUND('',#1049,.T.);
#518=FACE_OUTER_BOUND('',#1050,.T.);
#519=FACE_OUTER_BOUND('',#1051,.T.);
#520=FACE_OUTER_BOUND('',#1052,.T.);
#521=FACE_OUTER_BOUND('',#1053,.T.);
#522=FACE_OUTER_BOUND('',#1054,.T.);
#523=FACE_OUTER_BOUND('',#1055,.T.);
#524=FACE_OUTER_BOUND('',#1056,.T.);
#525=FACE_OUTER_BOUND('',#1057,.T.);
#526=FACE_OUTER_BOUND('',#1058,.T.);
#527=FACE_OUTER_BOUND('',#1059,.T.);
#528=FACE_OUTER_BOUND('',#1060,.T.);
#529=FACE_OUTER_BOUND('',#1061,.T.);
#530=FACE_OUTER_BOUND('',#1062,.T.);
#531=FACE_OUTER_BOUND('',#1063,.T.);
#532=FACE_OUTER_BOUND('',#1064,.T.);
#533=FACE_OUTER_BOUND('',#1065,.T.);
#534=FACE_OUTER_BOUND('',#1075,.T.);
#535=FACE_OUTER_BOUND('',#1076,.T.);
#536=FACE_OUTER_BOUND('',#1078,.T.);
#537=FACE_OUTER_BOUND('',#1079,.T.);
#538=FACE_OUTER_BOUND('',#1080,.T.);
#539=FACE_OUTER_BOUND('',#1081,.T.);
#540=FACE_OUTER_BOUND('',#1082,.T.);
#541=FACE_OUTER_BOUND('',#1083,.T.);
#542=FACE_OUTER_BOUND('',#1084,.T.);
#543=FACE_OUTER_BOUND('',#1086,.T.);
#544=FACE_OUTER_BOUND('',#1088,.T.);
#545=FACE_OUTER_BOUND('',#1090,.T.);
#546=FACE_OUTER_BOUND('',#1092,.T.);
#547=FACE_OUTER_BOUND('',#1094,.T.);
#548=FACE_OUTER_BOUND('',#1096,.T.);
#549=FACE_OUTER_BOUND('',#1097,.T.);
#550=FACE_OUTER_BOUND('',#1098,.T.);
#551=FACE_OUTER_BOUND('',#1099,.T.);
#552=FACE_OUTER_BOUND('',#1100,.T.);
#553=FACE_OUTER_BOUND('',#1101,.T.);
#554=FACE_OUTER_BOUND('',#1102,.T.);
#555=FACE_OUTER_BOUND('',#1103,.T.);
#556=FACE_OUTER_BOUND('',#1104,.T.);
#557=FACE_OUTER_BOUND('',#1106,.T.);
#558=FACE_OUTER_BOUND('',#1107,.T.);
#559=FACE_OUTER_BOUND('',#1108,.T.);
#560=FACE_OUTER_BOUND('',#1109,.T.);
#561=FACE_OUTER_BOUND('',#1110,.T.);
#562=FACE_OUTER_BOUND('',#1111,.T.);
#563=FACE_OUTER_BOUND('',#1112,.T.);
#564=FACE_OUTER_BOUND('',#1113,.T.);
#565=FACE_OUTER_BOUND('',#1115,.T.);
#566=FACE_OUTER_BOUND('',#1116,.T.);
#567=FACE_OUTER_BOUND('',#1117,.T.);
#568=FACE_OUTER_BOUND('',#1118,.T.);
#569=FACE_OUTER_BOUND('',#1119,.T.);
#570=FACE_OUTER_BOUND('',#1120,.T.);
#571=FACE_OUTER_BOUND('',#1121,.T.);
#572=FACE_OUTER_BOUND('',#1122,.T.);
#573=FACE_OUTER_BOUND('',#1124,.T.);
#574=FACE_OUTER_BOUND('',#1125,.T.);
#575=FACE_OUTER_BOUND('',#1126,.T.);
#576=FACE_OUTER_BOUND('',#1127,.T.);
#577=FACE_OUTER_BOUND('',#1128,.T.);
#578=FACE_OUTER_BOUND('',#1129,.T.);
#579=FACE_OUTER_BOUND('',#1130,.T.);
#580=FACE_OUTER_BOUND('',#1131,.T.);
#581=FACE_OUTER_BOUND('',#1133,.T.);
#582=FACE_OUTER_BOUND('',#1134,.T.);
#583=FACE_OUTER_BOUND('',#1135,.T.);
#584=FACE_OUTER_BOUND('',#1136,.T.);
#585=FACE_OUTER_BOUND('',#1137,.T.);
#586=FACE_OUTER_BOUND('',#1138,.T.);
#587=FACE_OUTER_BOUND('',#1139,.T.);
#588=FACE_OUTER_BOUND('',#1140,.T.);
#589=FACE_OUTER_BOUND('',#1142,.T.);
#590=FACE_OUTER_BOUND('',#1143,.T.);
#591=FACE_OUTER_BOUND('',#1144,.T.);
#592=FACE_OUTER_BOUND('',#1145,.T.);
#593=FACE_OUTER_BOUND('',#1146,.T.);
#594=FACE_OUTER_BOUND('',#1147,.T.);
#595=FACE_OUTER_BOUND('',#1148,.T.);
#596=FACE_OUTER_BOUND('',#1149,.T.);
#597=FACE_OUTER_BOUND('',#1150,.T.);
#598=FACE_OUTER_BOUND('',#1151,.T.);
#599=FACE_OUTER_BOUND('',#1152,.T.);
#600=FACE_OUTER_BOUND('',#1153,.T.);
#601=FACE_OUTER_BOUND('',#1154,.T.);
#602=FACE_OUTER_BOUND('',#1155,.T.);
#603=FACE_OUTER_BOUND('',#1156,.T.);
#604=FACE_OUTER_BOUND('',#1157,.T.);
#605=FACE_OUTER_BOUND('',#1158,.T.);
#606=FACE_OUTER_BOUND('',#1159,.T.);
#607=FACE_OUTER_BOUND('',#1160,.T.);
#608=FACE_OUTER_BOUND('',#1161,.T.);
#609=FACE_OUTER_BOUND('',#1163,.T.);
#610=FACE_OUTER_BOUND('',#1165,.T.);
#611=FACE_OUTER_BOUND('',#1166,.T.);
#612=FACE_OUTER_BOUND('',#1167,.T.);
#613=FACE_OUTER_BOUND('',#1169,.T.);
#614=FACE_OUTER_BOUND('',#1171,.T.);
#615=FACE_OUTER_BOUND('',#1172,.T.);
#616=FACE_OUTER_BOUND('',#1174,.T.);
#617=FACE_OUTER_BOUND('',#1176,.T.);
#618=FACE_OUTER_BOUND('',#1177,.T.);
#619=FACE_OUTER_BOUND('',#1178,.T.);
#620=FACE_OUTER_BOUND('',#1179,.T.);
#621=FACE_OUTER_BOUND('',#1180,.T.);
#622=FACE_OUTER_BOUND('',#1181,.T.);
#623=FACE_OUTER_BOUND('',#1182,.T.);
#624=FACE_OUTER_BOUND('',#1183,.T.);
#625=FACE_OUTER_BOUND('',#1184,.T.);
#626=FACE_OUTER_BOUND('',#1185,.T.);
#627=FACE_OUTER_BOUND('',#1187,.T.);
#628=FACE_OUTER_BOUND('',#1188,.T.);
#629=FACE_OUTER_BOUND('',#1189,.T.);
#630=FACE_OUTER_BOUND('',#1191,.T.);
#631=FACE_OUTER_BOUND('',#1192,.T.);
#632=FACE_OUTER_BOUND('',#1193,.T.);
#633=FACE_OUTER_BOUND('',#1194,.T.);
#634=FACE_OUTER_BOUND('',#1195,.T.);
#635=FACE_OUTER_BOUND('',#1196,.T.);
#636=FACE_OUTER_BOUND('',#1197,.T.);
#637=FACE_OUTER_BOUND('',#1198,.T.);
#638=FACE_OUTER_BOUND('',#1199,.T.);
#639=FACE_OUTER_BOUND('',#1200,.T.);
#640=FACE_OUTER_BOUND('',#1201,.T.);
#641=FACE_OUTER_BOUND('',#1202,.T.);
#642=FACE_OUTER_BOUND('',#1203,.T.);
#643=FACE_OUTER_BOUND('',#1204,.T.);
#644=FACE_OUTER_BOUND('',#1205,.T.);
#645=FACE_OUTER_BOUND('',#1206,.T.);
#646=FACE_OUTER_BOUND('',#1207,.T.);
#647=FACE_OUTER_BOUND('',#1208,.T.);
#648=FACE_OUTER_BOUND('',#1209,.T.);
#649=FACE_OUTER_BOUND('',#1210,.T.);
#650=FACE_OUTER_BOUND('',#1212,.T.);
#651=FACE_OUTER_BOUND('',#1214,.T.);
#652=FACE_OUTER_BOUND('',#1215,.T.);
#653=FACE_OUTER_BOUND('',#1217,.T.);
#654=FACE_OUTER_BOUND('',#1219,.T.);
#655=FACE_OUTER_BOUND('',#1220,.T.);
#656=FACE_OUTER_BOUND('',#1222,.T.);
#657=FACE_OUTER_BOUND('',#1224,.T.);
#658=FACE_OUTER_BOUND('',#1225,.T.);
#659=FACE_OUTER_BOUND('',#1226,.T.);
#660=FACE_OUTER_BOUND('',#1227,.T.);
#661=FACE_OUTER_BOUND('',#1228,.T.);
#662=FACE_OUTER_BOUND('',#1229,.T.);
#663=FACE_OUTER_BOUND('',#1230,.T.);
#664=FACE_OUTER_BOUND('',#1231,.T.);
#665=FACE_OUTER_BOUND('',#1232,.T.);
#666=FACE_OUTER_BOUND('',#1233,.T.);
#667=FACE_OUTER_BOUND('',#1234,.T.);
#668=FACE_OUTER_BOUND('',#1235,.T.);
#669=FACE_OUTER_BOUND('',#1236,.T.);
#670=FACE_OUTER_BOUND('',#1237,.T.);
#671=FACE_OUTER_BOUND('',#1238,.T.);
#672=FACE_OUTER_BOUND('',#1239,.T.);
#673=FACE_OUTER_BOUND('',#1240,.T.);
#674=FACE_OUTER_BOUND('',#1241,.T.);
#675=FACE_OUTER_BOUND('',#1242,.T.);
#676=FACE_OUTER_BOUND('',#1243,.T.);
#677=FACE_OUTER_BOUND('',#1244,.T.);
#678=FACE_OUTER_BOUND('',#1245,.T.);
#679=FACE_OUTER_BOUND('',#1246,.T.);
#680=FACE_OUTER_BOUND('',#1247,.T.);
#681=FACE_OUTER_BOUND('',#1248,.T.);
#682=FACE_OUTER_BOUND('',#1249,.T.);
#683=FACE_OUTER_BOUND('',#1250,.T.);
#684=FACE_OUTER_BOUND('',#1251,.T.);
#685=FACE_OUTER_BOUND('',#1252,.T.);
#686=FACE_OUTER_BOUND('',#1253,.T.);
#687=FACE_OUTER_BOUND('',#1254,.T.);
#688=FACE_OUTER_BOUND('',#1255,.T.);
#689=FACE_OUTER_BOUND('',#1256,.T.);
#690=FACE_OUTER_BOUND('',#1257,.T.);
#691=FACE_OUTER_BOUND('',#1258,.T.);
#692=FACE_OUTER_BOUND('',#1259,.T.);
#693=FACE_OUTER_BOUND('',#1260,.T.);
#694=FACE_OUTER_BOUND('',#1261,.T.);
#695=FACE_OUTER_BOUND('',#1262,.T.);
#696=FACE_OUTER_BOUND('',#1263,.T.);
#697=FACE_OUTER_BOUND('',#1264,.T.);
#698=FACE_OUTER_BOUND('',#1265,.T.);
#699=FACE_OUTER_BOUND('',#1266,.T.);
#700=FACE_OUTER_BOUND('',#1267,.T.);
#701=FACE_OUTER_BOUND('',#1268,.T.);
#702=FACE_OUTER_BOUND('',#1269,.T.);
#703=FACE_OUTER_BOUND('',#1270,.T.);
#704=FACE_OUTER_BOUND('',#1271,.T.);
#705=FACE_OUTER_BOUND('',#1272,.T.);
#706=FACE_OUTER_BOUND('',#1273,.T.);
#707=FACE_OUTER_BOUND('',#1274,.T.);
#708=FACE_OUTER_BOUND('',#1275,.T.);
#709=FACE_OUTER_BOUND('',#1276,.T.);
#710=FACE_OUTER_BOUND('',#1277,.T.);
#711=FACE_OUTER_BOUND('',#1278,.T.);
#712=FACE_OUTER_BOUND('',#1279,.T.);
#713=FACE_OUTER_BOUND('',#1280,.T.);
#714=FACE_OUTER_BOUND('',#1281,.T.);
#715=FACE_OUTER_BOUND('',#1282,.T.);
#716=FACE_OUTER_BOUND('',#1283,.T.);
#717=FACE_OUTER_BOUND('',#1284,.T.);
#718=FACE_OUTER_BOUND('',#1285,.T.);
#719=FACE_OUTER_BOUND('',#1286,.T.);
#720=FACE_OUTER_BOUND('',#1287,.T.);
#721=FACE_OUTER_BOUND('',#1288,.T.);
#722=FACE_OUTER_BOUND('',#1289,.T.);
#723=FACE_OUTER_BOUND('',#1290,.T.);
#724=FACE_OUTER_BOUND('',#1291,.T.);
#725=FACE_OUTER_BOUND('',#1292,.T.);
#726=FACE_OUTER_BOUND('',#1293,.T.);
#727=FACE_OUTER_BOUND('',#1294,.T.);
#728=FACE_OUTER_BOUND('',#1295,.T.);
#729=FACE_OUTER_BOUND('',#1296,.T.);
#730=FACE_OUTER_BOUND('',#1297,.T.);
#731=FACE_OUTER_BOUND('',#1298,.T.);
#732=FACE_OUTER_BOUND('',#1299,.T.);
#733=FACE_OUTER_BOUND('',#1300,.T.);
#734=FACE_OUTER_BOUND('',#1301,.T.);
#735=FACE_OUTER_BOUND('',#1303,.T.);
#736=FACE_OUTER_BOUND('',#1304,.T.);
#737=FACE_OUTER_BOUND('',#1305,.T.);
#738=FACE_OUTER_BOUND('',#1306,.T.);
#739=FACE_OUTER_BOUND('',#1307,.T.);
#740=FACE_OUTER_BOUND('',#1308,.T.);
#741=FACE_OUTER_BOUND('',#1309,.T.);
#742=FACE_OUTER_BOUND('',#1310,.T.);
#743=FACE_OUTER_BOUND('',#1311,.T.);
#744=FACE_OUTER_BOUND('',#1312,.T.);
#745=FACE_OUTER_BOUND('',#1313,.T.);
#746=FACE_OUTER_BOUND('',#1314,.T.);
#747=FACE_OUTER_BOUND('',#1315,.T.);
#748=FACE_OUTER_BOUND('',#1316,.T.);
#749=FACE_OUTER_BOUND('',#1317,.T.);
#750=FACE_OUTER_BOUND('',#1318,.T.);
#751=FACE_OUTER_BOUND('',#1319,.T.);
#752=FACE_OUTER_BOUND('',#1320,.T.);
#753=FACE_OUTER_BOUND('',#1321,.T.);
#754=FACE_OUTER_BOUND('',#1322,.T.);
#755=FACE_OUTER_BOUND('',#1323,.T.);
#756=FACE_OUTER_BOUND('',#1324,.T.);
#757=FACE_OUTER_BOUND('',#1325,.T.);
#758=FACE_OUTER_BOUND('',#1326,.T.);
#759=FACE_OUTER_BOUND('',#1327,.T.);
#760=FACE_OUTER_BOUND('',#1328,.T.);
#761=FACE_OUTER_BOUND('',#1329,.T.);
#762=FACE_OUTER_BOUND('',#1330,.T.);
#763=FACE_OUTER_BOUND('',#1331,.T.);
#764=FACE_OUTER_BOUND('',#1340,.T.);
#765=FACE_OUTER_BOUND('',#1341,.T.);
#766=FACE_OUTER_BOUND('',#1350,.T.);
#767=FACE_OUTER_BOUND('',#1351,.T.);
#768=FACE_OUTER_BOUND('',#1352,.T.);
#769=FACE_OUTER_BOUND('',#1353,.T.);
#770=FACE_OUTER_BOUND('',#1354,.T.);
#771=FACE_OUTER_BOUND('',#1355,.T.);
#772=FACE_OUTER_BOUND('',#1356,.T.);
#773=FACE_OUTER_BOUND('',#1357,.T.);
#774=FACE_OUTER_BOUND('',#1358,.T.);
#775=FACE_OUTER_BOUND('',#1359,.T.);
#776=FACE_OUTER_BOUND('',#1360,.T.);
#777=FACE_OUTER_BOUND('',#1361,.T.);
#778=FACE_OUTER_BOUND('',#1362,.T.);
#779=FACE_OUTER_BOUND('',#1363,.T.);
#780=FACE_OUTER_BOUND('',#1364,.T.);
#781=FACE_OUTER_BOUND('',#1365,.T.);
#782=FACE_OUTER_BOUND('',#1366,.T.);
#783=FACE_OUTER_BOUND('',#1367,.T.);
#784=FACE_OUTER_BOUND('',#1368,.T.);
#785=FACE_OUTER_BOUND('',#1369,.T.);
#786=FACE_OUTER_BOUND('',#1370,.T.);
#787=FACE_OUTER_BOUND('',#1371,.T.);
#788=FACE_OUTER_BOUND('',#1372,.T.);
#789=FACE_OUTER_BOUND('',#1373,.T.);
#790=FACE_OUTER_BOUND('',#1374,.T.);
#791=FACE_OUTER_BOUND('',#1376,.T.);
#792=FACE_OUTER_BOUND('',#1377,.T.);
#793=FACE_OUTER_BOUND('',#1378,.T.);
#794=FACE_OUTER_BOUND('',#1380,.T.);
#795=FACE_OUTER_BOUND('',#1381,.T.);
#796=FACE_OUTER_BOUND('',#1382,.T.);
#797=FACE_OUTER_BOUND('',#1384,.T.);
#798=FACE_OUTER_BOUND('',#1385,.T.);
#799=FACE_OUTER_BOUND('',#1386,.T.);
#800=FACE_OUTER_BOUND('',#1395,.T.);
#801=FACE_OUTER_BOUND('',#1396,.T.);
#802=FACE_OUTER_BOUND('',#1405,.T.);
#803=EDGE_LOOP('',(#6295,#6296,#6297,#6298,#6299,#6300,#6301,#6302,#6303,
#6304,#6305,#6306));
#804=EDGE_LOOP('',(#6307));
#805=EDGE_LOOP('',(#6308));
#806=EDGE_LOOP('',(#6309));
#807=EDGE_LOOP('',(#6310));
#808=EDGE_LOOP('',(#6311));
#809=EDGE_LOOP('',(#6312));
#810=EDGE_LOOP('',(#6313));
#811=EDGE_LOOP('',(#6314));
#812=EDGE_LOOP('',(#6315,#6316,#6317,#6318,#6319,#6320,#6321,#6322));
#813=EDGE_LOOP('',(#6323,#6324,#6325,#6326));
#814=EDGE_LOOP('',(#6327,#6328,#6329,#6330,#6331,#6332));
#815=EDGE_LOOP('',(#6333));
#816=EDGE_LOOP('',(#6334,#6335,#6336,#6337));
#817=EDGE_LOOP('',(#6338,#6339,#6340,#6341));
#818=EDGE_LOOP('',(#6342,#6343,#6344,#6345));
#819=EDGE_LOOP('',(#6346,#6347,#6348,#6349));
#820=EDGE_LOOP('',(#6350,#6351,#6352,#6353));
#821=EDGE_LOOP('',(#6354,#6355,#6356,#6357));
#822=EDGE_LOOP('',(#6358,#6359,#6360,#6361,#6362,#6363,#6364,#6365));
#823=EDGE_LOOP('',(#6366,#6367,#6368,#6369,#6370,#6371));
#824=EDGE_LOOP('',(#6372,#6373,#6374,#6375,#6376,#6377,#6378,#6379));
#825=EDGE_LOOP('',(#6380,#6381,#6382,#6383,#6384,#6385));
#826=EDGE_LOOP('',(#6386,#6387,#6388,#6389,#6390,#6391,#6392,#6393));
#827=EDGE_LOOP('',(#6394,#6395,#6396,#6397,#6398,#6399));
#828=EDGE_LOOP('',(#6400,#6401,#6402,#6403,#6404,#6405,#6406,#6407));
#829=EDGE_LOOP('',(#6408,#6409,#6410,#6411,#6412,#6413));
#830=EDGE_LOOP('',(#6414,#6415,#6416,#6417,#6418,#6419,#6420,#6421));
#831=EDGE_LOOP('',(#6422,#6423,#6424,#6425,#6426,#6427));
#832=EDGE_LOOP('',(#6428,#6429,#6430,#6431,#6432,#6433,#6434,#6435));
#833=EDGE_LOOP('',(#6436,#6437,#6438,#6439,#6440,#6441));
#834=EDGE_LOOP('',(#6442,#6443,#6444,#6445,#6446,#6447,#6448,#6449,#6450,
#6451,#6452,#6453,#6454,#6455));
#835=EDGE_LOOP('',(#6456,#6457,#6458,#6459,#6460,#6461,#6462,#6463,#6464,
#6465,#6466,#6467,#6468,#6469));
#836=EDGE_LOOP('',(#6470,#6471,#6472,#6473));
#837=EDGE_LOOP('',(#6474,#6475,#6476,#6477));
#838=EDGE_LOOP('',(#6478,#6479,#6480,#6481));
#839=EDGE_LOOP('',(#6482,#6483,#6484,#6485));
#840=EDGE_LOOP('',(#6486,#6487,#6488,#6489));
#841=EDGE_LOOP('',(#6490,#6491,#6492,#6493));
#842=EDGE_LOOP('',(#6494,#6495,#6496,#6497,#6498,#6499));
#843=EDGE_LOOP('',(#6500));
#844=EDGE_LOOP('',(#6501,#6502,#6503,#6504));
#845=EDGE_LOOP('',(#6505,#6506,#6507,#6508));
#846=EDGE_LOOP('',(#6509,#6510,#6511,#6512));
#847=EDGE_LOOP('',(#6513,#6514,#6515,#6516));
#848=EDGE_LOOP('',(#6517,#6518,#6519,#6520));
#849=EDGE_LOOP('',(#6521,#6522,#6523,#6524));
#850=EDGE_LOOP('',(#6525,#6526,#6527,#6528));
#851=EDGE_LOOP('',(#6529,#6530,#6531,#6532,#6533,#6534));
#852=EDGE_LOOP('',(#6535));
#853=EDGE_LOOP('',(#6536,#6537,#6538,#6539));
#854=EDGE_LOOP('',(#6540,#6541,#6542,#6543));
#855=EDGE_LOOP('',(#6544,#6545,#6546,#6547));
#856=EDGE_LOOP('',(#6548,#6549,#6550,#6551));
#857=EDGE_LOOP('',(#6552,#6553,#6554,#6555));
#858=EDGE_LOOP('',(#6556,#6557,#6558,#6559));
#859=EDGE_LOOP('',(#6560,#6561,#6562,#6563));
#860=EDGE_LOOP('',(#6564,#6565,#6566,#6567,#6568,#6569));
#861=EDGE_LOOP('',(#6570));
#862=EDGE_LOOP('',(#6571,#6572,#6573,#6574));
#863=EDGE_LOOP('',(#6575,#6576,#6577,#6578));
#864=EDGE_LOOP('',(#6579,#6580,#6581,#6582));
#865=EDGE_LOOP('',(#6583,#6584,#6585,#6586));
#866=EDGE_LOOP('',(#6587,#6588,#6589,#6590));
#867=EDGE_LOOP('',(#6591,#6592,#6593,#6594));
#868=EDGE_LOOP('',(#6595,#6596,#6597,#6598));
#869=EDGE_LOOP('',(#6599,#6600,#6601,#6602,#6603,#6604));
#870=EDGE_LOOP('',(#6605));
#871=EDGE_LOOP('',(#6606,#6607,#6608,#6609));
#872=EDGE_LOOP('',(#6610,#6611,#6612,#6613));
#873=EDGE_LOOP('',(#6614,#6615,#6616,#6617));
#874=EDGE_LOOP('',(#6618,#6619,#6620,#6621));
#875=EDGE_LOOP('',(#6622,#6623,#6624,#6625));
#876=EDGE_LOOP('',(#6626,#6627,#6628,#6629));
#877=EDGE_LOOP('',(#6630,#6631,#6632,#6633));
#878=EDGE_LOOP('',(#6634,#6635,#6636,#6637,#6638,#6639));
#879=EDGE_LOOP('',(#6640));
#880=EDGE_LOOP('',(#6641,#6642,#6643,#6644));
#881=EDGE_LOOP('',(#6645,#6646,#6647,#6648,#6649,#6650,#6651,#6652,#6653,
#6654,#6655,#6656,#6657,#6658,#6659,#6660,#6661,#6662,#6663,#6664));
#882=EDGE_LOOP('',(#6665,#6666,#6667,#6668,#6669,#6670));
#883=EDGE_LOOP('',(#6671,#6672,#6673,#6674,#6675,#6676,#6677,#6678));
#884=EDGE_LOOP('',(#6679,#6680,#6681,#6682,#6683,#6684,#6685,#6686));
#885=EDGE_LOOP('',(#6687,#6688,#6689,#6690,#6691,#6692));
#886=EDGE_LOOP('',(#6693,#6694,#6695,#6696,#6697,#6698));
#887=EDGE_LOOP('',(#6699,#6700,#6701,#6702,#6703,#6704));
#888=EDGE_LOOP('',(#6705,#6706,#6707,#6708,#6709,#6710));
#889=EDGE_LOOP('',(#6711,#6712,#6713,#6714,#6715,#6716,#6717,#6718));
#890=EDGE_LOOP('',(#6719,#6720,#6721,#6722,#6723,#6724,#6725,#6726));
#891=EDGE_LOOP('',(#6727,#6728,#6729,#6730,#6731,#6732));
#892=EDGE_LOOP('',(#6733,#6734,#6735));
#893=EDGE_LOOP('',(#6736,#6737,#6738));
#894=EDGE_LOOP('',(#6739,#6740,#6741));
#895=EDGE_LOOP('',(#6742,#6743,#6744));
#896=EDGE_LOOP('',(#6745,#6746,#6747,#6748));
#897=EDGE_LOOP('',(#6749,#6750,#6751,#6752));
#898=EDGE_LOOP('',(#6753,#6754,#6755,#6756));
#899=EDGE_LOOP('',(#6757,#6758,#6759,#6760,#6761,#6762,#6763,#6764));
#900=EDGE_LOOP('',(#6765));
#901=EDGE_LOOP('',(#6766,#6767,#6768,#6769,#6770,#6771,#6772,#6773));
#902=EDGE_LOOP('',(#6774));
#903=EDGE_LOOP('',(#6775,#6776,#6777,#6778));
#904=EDGE_LOOP('',(#6779,#6780,#6781,#6782));
#905=EDGE_LOOP('',(#6783));
#906=EDGE_LOOP('',(#6784));
#907=EDGE_LOOP('',(#6785));
#908=EDGE_LOOP('',(#6786));
#909=EDGE_LOOP('',(#6787,#6788,#6789,#6790));
#910=EDGE_LOOP('',(#6791,#6792,#6793,#6794,#6795,#6796,#6797,#6798,#6799,
#6800));
#911=EDGE_LOOP('',(#6801));
#912=EDGE_LOOP('',(#6802,#6803,#6804,#6805,#6806,#6807));
#913=EDGE_LOOP('',(#6808));
#914=EDGE_LOOP('',(#6809,#6810,#6811,#6812));
#915=EDGE_LOOP('',(#6813,#6814,#6815,#6816,#6817));
#916=EDGE_LOOP('',(#6818,#6819,#6820,#6821,#6822,#6823,#6824,#6825,#6826,
#6827));
#917=EDGE_LOOP('',(#6828,#6829,#6830,#6831));
#918=EDGE_LOOP('',(#6832,#6833,#6834,#6835));
#919=EDGE_LOOP('',(#6836,#6837,#6838,#6839,#6840,#6841,#6842,#6843,#6844,
#6845,#6846,#6847,#6848,#6849,#6850));
#920=EDGE_LOOP('',(#6851,#6852,#6853,#6854,#6855,#6856,#6857,#6858,#6859,
#6860,#6861,#6862,#6863,#6864,#6865));
#921=EDGE_LOOP('',(#6866,#6867,#6868,#6869,#6870));
#922=EDGE_LOOP('',(#6871,#6872,#6873,#6874,#6875));
#923=EDGE_LOOP('',(#6876,#6877,#6878,#6879,#6880,#6881,#6882,#6883,#6884,
#6885,#6886,#6887));
#924=EDGE_LOOP('',(#6888,#6889,#6890,#6891));
#925=EDGE_LOOP('',(#6892,#6893,#6894,#6895,#6896,#6897,#6898,#6899,#6900,
#6901,#6902,#6903));
#926=EDGE_LOOP('',(#6904,#6905,#6906,#6907));
#927=EDGE_LOOP('',(#6908,#6909,#6910,#6911,#6912,#6913));
#928=EDGE_LOOP('',(#6914));
#929=EDGE_LOOP('',(#6915,#6916,#6917,#6918));
#930=EDGE_LOOP('',(#6919,#6920,#6921,#6922));
#931=EDGE_LOOP('',(#6923,#6924,#6925,#6926));
#932=EDGE_LOOP('',(#6927,#6928,#6929,#6930));
#933=EDGE_LOOP('',(#6931,#6932,#6933,#6934));
#934=EDGE_LOOP('',(#6935,#6936,#6937,#6938));
#935=EDGE_LOOP('',(#6939,#6940,#6941,#6942,#6943,#6944,#6945,#6946,#6947,
#6948,#6949,#6950,#6951,#6952,#6953,#6954));
#936=EDGE_LOOP('',(#6955,#6956,#6957,#6958,#6959,#6960,#6961,#6962,#6963,
#6964,#6965,#6966,#6967,#6968,#6969,#6970));
#937=EDGE_LOOP('',(#6971,#6972,#6973,#6974,#6975,#6976,#6977));
#938=EDGE_LOOP('',(#6978,#6979,#6980,#6981,#6982));
#939=EDGE_LOOP('',(#6983,#6984,#6985,#6986,#6987,#6988,#6989,#6990,#6991,
#6992,#6993));
#940=EDGE_LOOP('',(#6994,#6995,#6996,#6997));
#941=EDGE_LOOP('',(#6998,#6999,#7000,#7001));
#942=EDGE_LOOP('',(#7002,#7003,#7004,#7005,#7006,#7007));
#943=EDGE_LOOP('',(#7008,#7009,#7010,#7011));
#944=EDGE_LOOP('',(#7012,#7013));
#945=EDGE_LOOP('',(#7014,#7015));
#946=EDGE_LOOP('',(#7016,#7017,#7018,#7019,#7020,#7021,#7022,#7023,#7024,
#7025,#7026));
#947=EDGE_LOOP('',(#7027,#7028,#7029,#7030,#7031,#7032,#7033));
#948=EDGE_LOOP('',(#7034,#7035,#7036,#7037,#7038,#7039));
#949=EDGE_LOOP('',(#7040));
#950=EDGE_LOOP('',(#7041,#7042,#7043,#7044,#7045,#7046,#7047,#7048,#7049,
#7050));
#951=EDGE_LOOP('',(#7051));
#952=EDGE_LOOP('',(#7052,#7053,#7054,#7055));
#953=EDGE_LOOP('',(#7056));
#954=EDGE_LOOP('',(#7057));
#955=EDGE_LOOP('',(#7058));
#956=EDGE_LOOP('',(#7059));
#957=EDGE_LOOP('',(#7060,#7061,#7062,#7063));
#958=EDGE_LOOP('',(#7064,#7065,#7066,#7067,#7068,#7069,#7070,#7071));
#959=EDGE_LOOP('',(#7072));
#960=EDGE_LOOP('',(#7073,#7074,#7075,#7076,#7077,#7078,#7079,#7080));
#961=EDGE_LOOP('',(#7081));
#962=EDGE_LOOP('',(#7082,#7083,#7084,#7085));
#963=EDGE_LOOP('',(#7086,#7087,#7088,#7089));
#964=EDGE_LOOP('',(#7090,#7091,#7092,#7093,#7094));
#965=EDGE_LOOP('',(#7095,#7096,#7097,#7098,#7099,#7100,#7101,#7102,#7103,
#7104));
#966=EDGE_LOOP('',(#7105,#7106,#7107,#7108,#7109));
#967=EDGE_LOOP('',(#7110,#7111,#7112,#7113,#7114));
#968=EDGE_LOOP('',(#7115,#7116,#7117,#7118,#7119,#7120,#7121,#7122,#7123,
#7124,#7125,#7126,#7127,#7128,#7129,#7130,#7131,#7132,#7133,#7134));
#969=EDGE_LOOP('',(#7135,#7136,#7137,#7138));
#970=EDGE_LOOP('',(#7139,#7140,#7141,#7142));
#971=EDGE_LOOP('',(#7143,#7144,#7145,#7146));
#972=EDGE_LOOP('',(#7147,#7148,#7149,#7150,#7151,#7152,#7153,#7154,#7155,
#7156,#7157,#7158,#7159,#7160,#7161,#7162,#7163,#7164,#7165,#7166));
#973=EDGE_LOOP('',(#7167,#7168,#7169,#7170,#7171));
#974=EDGE_LOOP('',(#7172,#7173,#7174,#7175,#7176));
#975=EDGE_LOOP('',(#7177,#7178,#7179,#7180));
#976=EDGE_LOOP('',(#7181,#7182,#7183,#7184));
#977=EDGE_LOOP('',(#7185,#7186,#7187,#7188));
#978=EDGE_LOOP('',(#7189,#7190,#7191,#7192));
#979=EDGE_LOOP('',(#7193,#7194,#7195,#7196,#7197));
#980=EDGE_LOOP('',(#7198,#7199,#7200,#7201,#7202));
#981=EDGE_LOOP('',(#7203,#7204,#7205,#7206,#7207,#7208,#7209,#7210,#7211,
#7212,#7213,#7214,#7215,#7216,#7217,#7218,#7219,#7220,#7221,#7222));
#982=EDGE_LOOP('',(#7223,#7224,#7225,#7226,#7227));
#983=EDGE_LOOP('',(#7228,#7229,#7230,#7231));
#984=EDGE_LOOP('',(#7232,#7233,#7234,#7235));
#985=EDGE_LOOP('',(#7236,#7237,#7238,#7239));
#986=EDGE_LOOP('',(#7240,#7241,#7242,#7243));
#987=EDGE_LOOP('',(#7244,#7245,#7246,#7247));
#988=EDGE_LOOP('',(#7248,#7249,#7250,#7251));
#989=EDGE_LOOP('',(#7252,#7253,#7254,#7255));
#990=EDGE_LOOP('',(#7256,#7257,#7258,#7259));
#991=EDGE_LOOP('',(#7260,#7261,#7262,#7263));
#992=EDGE_LOOP('',(#7264,#7265,#7266,#7267));
#993=EDGE_LOOP('',(#7268,#7269,#7270,#7271));
#994=EDGE_LOOP('',(#7272,#7273,#7274,#7275));
#995=EDGE_LOOP('',(#7276,#7277,#7278,#7279));
#996=EDGE_LOOP('',(#7280,#7281,#7282,#7283));
#997=EDGE_LOOP('',(#7284,#7285,#7286,#7287));
#998=EDGE_LOOP('',(#7288,#7289,#7290,#7291));
#999=EDGE_LOOP('',(#7292,#7293,#7294,#7295));
#1000=EDGE_LOOP('',(#7296,#7297,#7298,#7299));
#1001=EDGE_LOOP('',(#7300,#7301,#7302,#7303));
#1002=EDGE_LOOP('',(#7304,#7305,#7306,#7307));
#1003=EDGE_LOOP('',(#7308,#7309,#7310,#7311));
#1004=EDGE_LOOP('',(#7312,#7313,#7314,#7315));
#1005=EDGE_LOOP('',(#7316,#7317,#7318,#7319));
#1006=EDGE_LOOP('',(#7320,#7321,#7322,#7323));
#1007=EDGE_LOOP('',(#7324,#7325,#7326,#7327));
#1008=EDGE_LOOP('',(#7328,#7329,#7330,#7331));
#1009=EDGE_LOOP('',(#7332,#7333,#7334,#7335));
#1010=EDGE_LOOP('',(#7336,#7337,#7338,#7339));
#1011=EDGE_LOOP('',(#7340,#7341,#7342,#7343));
#1012=EDGE_LOOP('',(#7344,#7345,#7346,#7347));
#1013=EDGE_LOOP('',(#7348,#7349,#7350,#7351));
#1014=EDGE_LOOP('',(#7352,#7353,#7354,#7355));
#1015=EDGE_LOOP('',(#7356,#7357,#7358,#7359));
#1016=EDGE_LOOP('',(#7360,#7361,#7362,#7363));
#1017=EDGE_LOOP('',(#7364,#7365,#7366,#7367));
#1018=EDGE_LOOP('',(#7368,#7369,#7370,#7371));
#1019=EDGE_LOOP('',(#7372,#7373,#7374,#7375));
#1020=EDGE_LOOP('',(#7376,#7377,#7378,#7379));
#1021=EDGE_LOOP('',(#7380,#7381,#7382,#7383));
#1022=EDGE_LOOP('',(#7384,#7385,#7386,#7387,#7388));
#1023=EDGE_LOOP('',(#7389,#7390,#7391,#7392));
#1024=EDGE_LOOP('',(#7393,#7394,#7395,#7396));
#1025=EDGE_LOOP('',(#7397,#7398,#7399,#7400));
#1026=EDGE_LOOP('',(#7401,#7402,#7403,#7404,#7405));
#1027=EDGE_LOOP('',(#7406,#7407,#7408,#7409));
#1028=EDGE_LOOP('',(#7410,#7411,#7412,#7413));
#1029=EDGE_LOOP('',(#7414,#7415,#7416,#7417,#7418,#7419));
#1030=EDGE_LOOP('',(#7420,#7421,#7422,#7423));
#1031=EDGE_LOOP('',(#7424,#7425,#7426,#7427));
#1032=EDGE_LOOP('',(#7428,#7429,#7430,#7431));
#1033=EDGE_LOOP('',(#7432,#7433));
#1034=EDGE_LOOP('',(#7434,#7435));
#1035=EDGE_LOOP('',(#7436,#7437,#7438,#7439));
#1036=EDGE_LOOP('',(#7440,#7441,#7442,#7443));
#1037=EDGE_LOOP('',(#7444,#7445,#7446,#7447,#7448,#7449,#7450,#7451,#7452,
#7453,#7454,#7455));
#1038=EDGE_LOOP('',(#7456,#7457,#7458,#7459));
#1039=EDGE_LOOP('',(#7460,#7461,#7462,#7463,#7464,#7465));
#1040=EDGE_LOOP('',(#7466));
#1041=EDGE_LOOP('',(#7467,#7468,#7469,#7470));
#1042=EDGE_LOOP('',(#7471,#7472,#7473,#7474));
#1043=EDGE_LOOP('',(#7475,#7476,#7477,#7478));
#1044=EDGE_LOOP('',(#7479,#7480,#7481,#7482));
#1045=EDGE_LOOP('',(#7483,#7484,#7485,#7486));
#1046=EDGE_LOOP('',(#7487,#7488,#7489,#7490));
#1047=EDGE_LOOP('',(#7491,#7492,#7493,#7494));
#1048=EDGE_LOOP('',(#7495,#7496,#7497,#7498));
#1049=EDGE_LOOP('',(#7499,#7500,#7501,#7502));
#1050=EDGE_LOOP('',(#7503,#7504,#7505,#7506));
#1051=EDGE_LOOP('',(#7507,#7508,#7509,#7510));
#1052=EDGE_LOOP('',(#7511,#7512,#7513,#7514));
#1053=EDGE_LOOP('',(#7515,#7516,#7517,#7518));
#1054=EDGE_LOOP('',(#7519,#7520,#7521,#7522));
#1055=EDGE_LOOP('',(#7523,#7524,#7525,#7526));
#1056=EDGE_LOOP('',(#7527,#7528,#7529,#7530));
#1057=EDGE_LOOP('',(#7531,#7532,#7533,#7534));
#1058=EDGE_LOOP('',(#7535,#7536,#7537,#7538,#7539,#7540,#7541,#7542));
#1059=EDGE_LOOP('',(#7543,#7544,#7545,#7546));
#1060=EDGE_LOOP('',(#7547,#7548));
#1061=EDGE_LOOP('',(#7549,#7550));
#1062=EDGE_LOOP('',(#7551,#7552,#7553,#7554,#7555,#7556,#7557,#7558));
#1063=EDGE_LOOP('',(#7559,#7560,#7561,#7562));
#1064=EDGE_LOOP('',(#7563,#7564,#7565,#7566));
#1065=EDGE_LOOP('',(#7567,#7568,#7569,#7570,#7571,#7572,#7573,#7574,#7575,
#7576,#7577,#7578));
#1066=EDGE_LOOP('',(#7579));
#1067=EDGE_LOOP('',(#7580));
#1068=EDGE_LOOP('',(#7581));
#1069=EDGE_LOOP('',(#7582));
#1070=EDGE_LOOP('',(#7583));
#1071=EDGE_LOOP('',(#7584));
#1072=EDGE_LOOP('',(#7585));
#1073=EDGE_LOOP('',(#7586));
#1074=EDGE_LOOP('',(#7587,#7588,#7589,#7590,#7591,#7592,#7593,#7594));
#1075=EDGE_LOOP('',(#7595,#7596,#7597,#7598));
#1076=EDGE_LOOP('',(#7599,#7600,#7601,#7602,#7603,#7604));
#1077=EDGE_LOOP('',(#7605));
#1078=EDGE_LOOP('',(#7606,#7607,#7608,#7609));
#1079=EDGE_LOOP('',(#7610,#7611,#7612,#7613));
#1080=EDGE_LOOP('',(#7614,#7615,#7616,#7617));
#1081=EDGE_LOOP('',(#7618,#7619,#7620,#7621));
#1082=EDGE_LOOP('',(#7622,#7623,#7624,#7625));
#1083=EDGE_LOOP('',(#7626,#7627,#7628,#7629));
#1084=EDGE_LOOP('',(#7630,#7631,#7632,#7633,#7634,#7635,#7636,#7637));
#1085=EDGE_LOOP('',(#7638,#7639,#7640,#7641,#7642,#7643));
#1086=EDGE_LOOP('',(#7644,#7645,#7646,#7647,#7648,#7649,#7650,#7651));
#1087=EDGE_LOOP('',(#7652,#7653,#7654,#7655,#7656,#7657));
#1088=EDGE_LOOP('',(#7658,#7659,#7660,#7661,#7662,#7663,#7664,#7665));
#1089=EDGE_LOOP('',(#7666,#7667,#7668,#7669,#7670,#7671));
#1090=EDGE_LOOP('',(#7672,#7673,#7674,#7675,#7676,#7677,#7678,#7679));
#1091=EDGE_LOOP('',(#7680,#7681,#7682,#7683,#7684,#7685));
#1092=EDGE_LOOP('',(#7686,#7687,#7688,#7689,#7690,#7691,#7692,#7693));
#1093=EDGE_LOOP('',(#7694,#7695,#7696,#7697,#7698,#7699));
#1094=EDGE_LOOP('',(#7700,#7701,#7702,#7703,#7704,#7705,#7706,#7707));
#1095=EDGE_LOOP('',(#7708,#7709,#7710,#7711,#7712,#7713));
#1096=EDGE_LOOP('',(#7714,#7715,#7716,#7717,#7718,#7719,#7720,#7721,#7722,
#7723,#7724,#7725,#7726,#7727));
#1097=EDGE_LOOP('',(#7728,#7729,#7730,#7731,#7732,#7733,#7734,#7735,#7736,
#7737,#7738,#7739,#7740,#7741));
#1098=EDGE_LOOP('',(#7742,#7743,#7744,#7745));
#1099=EDGE_LOOP('',(#7746,#7747,#7748,#7749));
#1100=EDGE_LOOP('',(#7750,#7751,#7752,#7753));
#1101=EDGE_LOOP('',(#7754,#7755,#7756,#7757));
#1102=EDGE_LOOP('',(#7758,#7759,#7760,#7761));
#1103=EDGE_LOOP('',(#7762,#7763,#7764,#7765));
#1104=EDGE_LOOP('',(#7766,#7767,#7768,#7769,#7770,#7771));
#1105=EDGE_LOOP('',(#7772));
#1106=EDGE_LOOP('',(#7773,#7774,#7775,#7776));
#1107=EDGE_LOOP('',(#7777,#7778,#7779,#7780));
#1108=EDGE_LOOP('',(#7781,#7782,#7783,#7784));
#1109=EDGE_LOOP('',(#7785,#7786,#7787,#7788));
#1110=EDGE_LOOP('',(#7789,#7790,#7791,#7792));
#1111=EDGE_LOOP('',(#7793,#7794,#7795,#7796));
#1112=EDGE_LOOP('',(#7797,#7798,#7799,#7800));
#1113=EDGE_LOOP('',(#7801,#7802,#7803,#7804,#7805,#7806));
#1114=EDGE_LOOP('',(#7807));
#1115=EDGE_LOOP('',(#7808,#7809,#7810,#7811));
#1116=EDGE_LOOP('',(#7812,#7813,#7814,#7815));
#1117=EDGE_LOOP('',(#7816,#7817,#7818,#7819));
#1118=EDGE_LOOP('',(#7820,#7821,#7822,#7823));
#1119=EDGE_LOOP('',(#7824,#7825,#7826,#7827));
#1120=EDGE_LOOP('',(#7828,#7829,#7830,#7831));
#1121=EDGE_LOOP('',(#7832,#7833,#7834,#7835));
#1122=EDGE_LOOP('',(#7836,#7837,#7838,#7839,#7840,#7841));
#1123=EDGE_LOOP('',(#7842));
#1124=EDGE_LOOP('',(#7843,#7844,#7845,#7846));
#1125=EDGE_LOOP('',(#7847,#7848,#7849,#7850));
#1126=EDGE_LOOP('',(#7851,#7852,#7853,#7854));
#1127=EDGE_LOOP('',(#7855,#7856,#7857,#7858));
#1128=EDGE_LOOP('',(#7859,#7860,#7861,#7862));
#1129=EDGE_LOOP('',(#7863,#7864,#7865,#7866));
#1130=EDGE_LOOP('',(#7867,#7868,#7869,#7870));
#1131=EDGE_LOOP('',(#7871,#7872,#7873,#7874,#7875,#7876));
#1132=EDGE_LOOP('',(#7877));
#1133=EDGE_LOOP('',(#7878,#7879,#7880,#7881));
#1134=EDGE_LOOP('',(#7882,#7883,#7884,#7885));
#1135=EDGE_LOOP('',(#7886,#7887,#7888,#7889));
#1136=EDGE_LOOP('',(#7890,#7891,#7892,#7893));
#1137=EDGE_LOOP('',(#7894,#7895,#7896,#7897));
#1138=EDGE_LOOP('',(#7898,#7899,#7900,#7901));
#1139=EDGE_LOOP('',(#7902,#7903,#7904,#7905));
#1140=EDGE_LOOP('',(#7906,#7907,#7908,#7909,#7910,#7911));
#1141=EDGE_LOOP('',(#7912));
#1142=EDGE_LOOP('',(#7913,#7914,#7915,#7916));
#1143=EDGE_LOOP('',(#7917,#7918,#7919,#7920,#7921,#7922,#7923,#7924,#7925,
#7926,#7927,#7928,#7929,#7930,#7931,#7932,#7933,#7934,#7935,#7936));
#1144=EDGE_LOOP('',(#7937,#7938,#7939,#7940,#7941,#7942));
#1145=EDGE_LOOP('',(#7943,#7944,#7945,#7946,#7947,#7948,#7949,#7950));
#1146=EDGE_LOOP('',(#7951,#7952,#7953,#7954,#7955,#7956,#7957,#7958));
#1147=EDGE_LOOP('',(#7959,#7960,#7961,#7962,#7963,#7964));
#1148=EDGE_LOOP('',(#7965,#7966,#7967,#7968,#7969,#7970));
#1149=EDGE_LOOP('',(#7971,#7972,#7973,#7974,#7975,#7976));
#1150=EDGE_LOOP('',(#7977,#7978,#7979,#7980,#7981,#7982));
#1151=EDGE_LOOP('',(#7983,#7984,#7985,#7986,#7987,#7988,#7989,#7990));
#1152=EDGE_LOOP('',(#7991,#7992,#7993,#7994,#7995,#7996,#7997,#7998));
#1153=EDGE_LOOP('',(#7999,#8000,#8001,#8002,#8003,#8004));
#1154=EDGE_LOOP('',(#8005,#8006,#8007));
#1155=EDGE_LOOP('',(#8008,#8009,#8010));
#1156=EDGE_LOOP('',(#8011,#8012,#8013));
#1157=EDGE_LOOP('',(#8014,#8015,#8016));
#1158=EDGE_LOOP('',(#8017,#8018,#8019,#8020));
#1159=EDGE_LOOP('',(#8021,#8022,#8023,#8024));
#1160=EDGE_LOOP('',(#8025,#8026,#8027,#8028));
#1161=EDGE_LOOP('',(#8029,#8030,#8031,#8032,#8033,#8034,#8035,#8036));
#1162=EDGE_LOOP('',(#8037));
#1163=EDGE_LOOP('',(#8038,#8039,#8040,#8041,#8042,#8043,#8044,#8045));
#1164=EDGE_LOOP('',(#8046));
#1165=EDGE_LOOP('',(#8047,#8048,#8049,#8050));
#1166=EDGE_LOOP('',(#8051,#8052,#8053,#8054));
#1167=EDGE_LOOP('',(#8055));
#1168=EDGE_LOOP('',(#8056));
#1169=EDGE_LOOP('',(#8057));
#1170=EDGE_LOOP('',(#8058));
#1171=EDGE_LOOP('',(#8059,#8060,#8061,#8062));
#1172=EDGE_LOOP('',(#8063,#8064,#8065,#8066,#8067,#8068,#8069,#8070,#8071,
#8072));
#1173=EDGE_LOOP('',(#8073));
#1174=EDGE_LOOP('',(#8074,#8075,#8076,#8077,#8078,#8079));
#1175=EDGE_LOOP('',(#8080));
#1176=EDGE_LOOP('',(#8081,#8082,#8083,#8084));
#1177=EDGE_LOOP('',(#8085,#8086,#8087,#8088,#8089));
#1178=EDGE_LOOP('',(#8090,#8091,#8092,#8093,#8094,#8095,#8096,#8097,#8098,
#8099));
#1179=EDGE_LOOP('',(#8100,#8101,#8102,#8103));
#1180=EDGE_LOOP('',(#8104,#8105,#8106,#8107));
#1181=EDGE_LOOP('',(#8108,#8109,#8110,#8111,#8112,#8113,#8114,#8115,#8116,
#8117,#8118,#8119,#8120,#8121,#8122));
#1182=EDGE_LOOP('',(#8123,#8124,#8125,#8126,#8127,#8128,#8129,#8130,#8131,
#8132,#8133,#8134,#8135,#8136,#8137));
#1183=EDGE_LOOP('',(#8138,#8139,#8140,#8141,#8142));
#1184=EDGE_LOOP('',(#8143,#8144,#8145,#8146,#8147));
#1185=EDGE_LOOP('',(#8148,#8149,#8150,#8151,#8152,#8153,#8154,#8155,#8156,
#8157,#8158,#8159));
#1186=EDGE_LOOP('',(#8160,#8161,#8162,#8163));
#1187=EDGE_LOOP('',(#8164,#8165,#8166,#8167,#8168,#8169,#8170,#8171,#8172,
#8173,#8174,#8175));
#1188=EDGE_LOOP('',(#8176,#8177,#8178,#8179));
#1189=EDGE_LOOP('',(#8180,#8181,#8182,#8183,#8184,#8185));
#1190=EDGE_LOOP('',(#8186));
#1191=EDGE_LOOP('',(#8187,#8188,#8189,#8190));
#1192=EDGE_LOOP('',(#8191,#8192,#8193,#8194));
#1193=EDGE_LOOP('',(#8195,#8196,#8197,#8198));
#1194=EDGE_LOOP('',(#8199,#8200,#8201,#8202));
#1195=EDGE_LOOP('',(#8203,#8204,#8205,#8206));
#1196=EDGE_LOOP('',(#8207,#8208,#8209,#8210));
#1197=EDGE_LOOP('',(#8211,#8212,#8213,#8214,#8215,#8216,#8217,#8218,#8219,
#8220,#8221,#8222,#8223,#8224,#8225,#8226));
#1198=EDGE_LOOP('',(#8227,#8228,#8229,#8230,#8231,#8232,#8233,#8234,#8235,
#8236,#8237,#8238,#8239,#8240,#8241,#8242));
#1199=EDGE_LOOP('',(#8243,#8244,#8245,#8246,#8247,#8248,#8249));
#1200=EDGE_LOOP('',(#8250,#8251,#8252,#8253,#8254));
#1201=EDGE_LOOP('',(#8255,#8256,#8257,#8258,#8259,#8260,#8261,#8262,#8263,
#8264,#8265));
#1202=EDGE_LOOP('',(#8266,#8267,#8268,#8269));
#1203=EDGE_LOOP('',(#8270,#8271,#8272,#8273));
#1204=EDGE_LOOP('',(#8274,#8275,#8276,#8277,#8278,#8279));
#1205=EDGE_LOOP('',(#8280,#8281,#8282,#8283));
#1206=EDGE_LOOP('',(#8284,#8285));
#1207=EDGE_LOOP('',(#8286,#8287));
#1208=EDGE_LOOP('',(#8288,#8289,#8290,#8291,#8292,#8293,#8294,#8295,#8296,
#8297,#8298));
#1209=EDGE_LOOP('',(#8299,#8300,#8301,#8302,#8303,#8304,#8305));
#1210=EDGE_LOOP('',(#8306,#8307,#8308,#8309,#8310,#8311));
#1211=EDGE_LOOP('',(#8312));
#1212=EDGE_LOOP('',(#8313,#8314,#8315,#8316,#8317,#8318,#8319,#8320,#8321,
#8322));
#1213=EDGE_LOOP('',(#8323));
#1214=EDGE_LOOP('',(#8324,#8325,#8326,#8327));
#1215=EDGE_LOOP('',(#8328));
#1216=EDGE_LOOP('',(#8329));
#1217=EDGE_LOOP('',(#8330));
#1218=EDGE_LOOP('',(#8331));
#1219=EDGE_LOOP('',(#8332,#8333,#8334,#8335));
#1220=EDGE_LOOP('',(#8336,#8337,#8338,#8339,#8340,#8341,#8342,#8343));
#1221=EDGE_LOOP('',(#8344));
#1222=EDGE_LOOP('',(#8345,#8346,#8347,#8348,#8349,#8350,#8351,#8352));
#1223=EDGE_LOOP('',(#8353));
#1224=EDGE_LOOP('',(#8354,#8355,#8356,#8357));
#1225=EDGE_LOOP('',(#8358,#8359,#8360,#8361));
#1226=EDGE_LOOP('',(#8362,#8363,#8364,#8365,#8366));
#1227=EDGE_LOOP('',(#8367,#8368,#8369,#8370,#8371,#8372,#8373,#8374,#8375,
#8376));
#1228=EDGE_LOOP('',(#8377,#8378,#8379,#8380,#8381));
#1229=EDGE_LOOP('',(#8382,#8383,#8384,#8385,#8386));
#1230=EDGE_LOOP('',(#8387,#8388,#8389,#8390,#8391,#8392,#8393,#8394,#8395,
#8396,#8397,#8398,#8399,#8400,#8401,#8402,#8403,#8404,#8405,#8406));
#1231=EDGE_LOOP('',(#8407,#8408,#8409,#8410));
#1232=EDGE_LOOP('',(#8411,#8412,#8413,#8414));
#1233=EDGE_LOOP('',(#8415,#8416,#8417,#8418));
#1234=EDGE_LOOP('',(#8419,#8420,#8421,#8422,#8423,#8424,#8425,#8426,#8427,
#8428,#8429,#8430,#8431,#8432,#8433,#8434,#8435,#8436,#8437,#8438));
#1235=EDGE_LOOP('',(#8439,#8440,#8441,#8442,#8443));
#1236=EDGE_LOOP('',(#8444,#8445,#8446,#8447,#8448));
#1237=EDGE_LOOP('',(#8449,#8450,#8451,#8452));
#1238=EDGE_LOOP('',(#8453,#8454,#8455,#8456));
#1239=EDGE_LOOP('',(#8457,#8458,#8459,#8460));
#1240=EDGE_LOOP('',(#8461,#8462,#8463,#8464));
#1241=EDGE_LOOP('',(#8465,#8466,#8467,#8468,#8469));
#1242=EDGE_LOOP('',(#8470,#8471,#8472,#8473,#8474));
#1243=EDGE_LOOP('',(#8475,#8476,#8477,#8478,#8479,#8480,#8481,#8482,#8483,
#8484,#8485,#8486,#8487,#8488,#8489,#8490,#8491,#8492,#8493,#8494));
#1244=EDGE_LOOP('',(#8495,#8496,#8497,#8498,#8499));
#1245=EDGE_LOOP('',(#8500,#8501,#8502,#8503));
#1246=EDGE_LOOP('',(#8504,#8505,#8506,#8507));
#1247=EDGE_LOOP('',(#8508,#8509,#8510,#8511));
#1248=EDGE_LOOP('',(#8512,#8513,#8514,#8515));
#1249=EDGE_LOOP('',(#8516,#8517,#8518,#8519));
#1250=EDGE_LOOP('',(#8520,#8521,#8522,#8523));
#1251=EDGE_LOOP('',(#8524,#8525,#8526,#8527));
#1252=EDGE_LOOP('',(#8528,#8529,#8530,#8531));
#1253=EDGE_LOOP('',(#8532,#8533,#8534,#8535));
#1254=EDGE_LOOP('',(#8536,#8537,#8538,#8539));
#1255=EDGE_LOOP('',(#8540,#8541,#8542,#8543));
#1256=EDGE_LOOP('',(#8544,#8545,#8546,#8547));
#1257=EDGE_LOOP('',(#8548,#8549,#8550,#8551));
#1258=EDGE_LOOP('',(#8552,#8553,#8554,#8555));
#1259=EDGE_LOOP('',(#8556,#8557,#8558,#8559));
#1260=EDGE_LOOP('',(#8560,#8561,#8562,#8563));
#1261=EDGE_LOOP('',(#8564,#8565,#8566,#8567));
#1262=EDGE_LOOP('',(#8568,#8569,#8570,#8571));
#1263=EDGE_LOOP('',(#8572,#8573,#8574,#8575));
#1264=EDGE_LOOP('',(#8576,#8577,#8578,#8579));
#1265=EDGE_LOOP('',(#8580,#8581,#8582,#8583));
#1266=EDGE_LOOP('',(#8584,#8585,#8586,#8587));
#1267=EDGE_LOOP('',(#8588,#8589,#8590,#8591));
#1268=EDGE_LOOP('',(#8592,#8593,#8594,#8595));
#1269=EDGE_LOOP('',(#8596,#8597,#8598,#8599));
#1270=EDGE_LOOP('',(#8600,#8601,#8602,#8603));
#1271=EDGE_LOOP('',(#8604,#8605,#8606,#8607));
#1272=EDGE_LOOP('',(#8608,#8609,#8610,#8611));
#1273=EDGE_LOOP('',(#8612,#8613,#8614,#8615));
#1274=EDGE_LOOP('',(#8616,#8617,#8618,#8619));
#1275=EDGE_LOOP('',(#8620,#8621,#8622,#8623));
#1276=EDGE_LOOP('',(#8624,#8625,#8626,#8627));
#1277=EDGE_LOOP('',(#8628,#8629,#8630,#8631));
#1278=EDGE_LOOP('',(#8632,#8633,#8634,#8635));
#1279=EDGE_LOOP('',(#8636,#8637,#8638,#8639));
#1280=EDGE_LOOP('',(#8640,#8641,#8642,#8643));
#1281=EDGE_LOOP('',(#8644,#8645,#8646,#8647));
#1282=EDGE_LOOP('',(#8648,#8649,#8650,#8651));
#1283=EDGE_LOOP('',(#8652,#8653,#8654,#8655));
#1284=EDGE_LOOP('',(#8656,#8657,#8658,#8659,#8660));
#1285=EDGE_LOOP('',(#8661,#8662,#8663,#8664));
#1286=EDGE_LOOP('',(#8665,#8666,#8667,#8668));
#1287=EDGE_LOOP('',(#8669,#8670,#8671,#8672));
#1288=EDGE_LOOP('',(#8673,#8674,#8675,#8676,#8677));
#1289=EDGE_LOOP('',(#8678,#8679,#8680,#8681));
#1290=EDGE_LOOP('',(#8682,#8683,#8684,#8685));
#1291=EDGE_LOOP('',(#8686,#8687,#8688,#8689,#8690,#8691));
#1292=EDGE_LOOP('',(#8692,#8693,#8694,#8695));
#1293=EDGE_LOOP('',(#8696,#8697,#8698,#8699));
#1294=EDGE_LOOP('',(#8700,#8701,#8702,#8703));
#1295=EDGE_LOOP('',(#8704,#8705));
#1296=EDGE_LOOP('',(#8706,#8707));
#1297=EDGE_LOOP('',(#8708,#8709,#8710,#8711));
#1298=EDGE_LOOP('',(#8712,#8713,#8714,#8715));
#1299=EDGE_LOOP('',(#8716,#8717,#8718,#8719,#8720,#8721,#8722,#8723,#8724,
#8725,#8726,#8727));
#1300=EDGE_LOOP('',(#8728,#8729,#8730,#8731));
#1301=EDGE_LOOP('',(#8732,#8733,#8734,#8735,#8736,#8737));
#1302=EDGE_LOOP('',(#8738));
#1303=EDGE_LOOP('',(#8739,#8740,#8741,#8742));
#1304=EDGE_LOOP('',(#8743,#8744,#8745,#8746));
#1305=EDGE_LOOP('',(#8747,#8748,#8749,#8750));
#1306=EDGE_LOOP('',(#8751,#8752,#8753,#8754));
#1307=EDGE_LOOP('',(#8755,#8756,#8757,#8758));
#1308=EDGE_LOOP('',(#8759,#8760,#8761,#8762));
#1309=EDGE_LOOP('',(#8763,#8764,#8765,#8766));
#1310=EDGE_LOOP('',(#8767,#8768,#8769,#8770));
#1311=EDGE_LOOP('',(#8771,#8772,#8773,#8774));
#1312=EDGE_LOOP('',(#8775,#8776,#8777,#8778));
#1313=EDGE_LOOP('',(#8779,#8780,#8781,#8782));
#1314=EDGE_LOOP('',(#8783,#8784,#8785,#8786));
#1315=EDGE_LOOP('',(#8787,#8788,#8789,#8790));
#1316=EDGE_LOOP('',(#8791,#8792,#8793,#8794));
#1317=EDGE_LOOP('',(#8795,#8796,#8797,#8798));
#1318=EDGE_LOOP('',(#8799,#8800,#8801,#8802));
#1319=EDGE_LOOP('',(#8803,#8804,#8805,#8806));
#1320=EDGE_LOOP('',(#8807,#8808,#8809,#8810,#8811,#8812,#8813,#8814));
#1321=EDGE_LOOP('',(#8815,#8816,#8817,#8818));
#1322=EDGE_LOOP('',(#8819,#8820));
#1323=EDGE_LOOP('',(#8821,#8822));
#1324=EDGE_LOOP('',(#8823,#8824,#8825,#8826,#8827,#8828,#8829,#8830));
#1325=EDGE_LOOP('',(#8831,#8832,#8833,#8834));
#1326=EDGE_LOOP('',(#8835,#8836,#8837,#8838));
#1327=EDGE_LOOP('',(#8839,#8840,#8841,#8842));
#1328=EDGE_LOOP('',(#8843,#8844,#8845,#8846));
#1329=EDGE_LOOP('',(#8847,#8848,#8849,#8850));
#1330=EDGE_LOOP('',(#8851,#8852,#8853,#8854));
#1331=EDGE_LOOP('',(#8855,#8856,#8857,#8858,#8859,#8860,#8861,#8862,#8863,
#8864,#8865,#8866,#8867,#8868,#8869,#8870));
#1332=EDGE_LOOP('',(#8871));
#1333=EDGE_LOOP('',(#8872));
#1334=EDGE_LOOP('',(#8873));
#1335=EDGE_LOOP('',(#8874));
#1336=EDGE_LOOP('',(#8875));
#1337=EDGE_LOOP('',(#8876));
#1338=EDGE_LOOP('',(#8877));
#1339=EDGE_LOOP('',(#8878));
#1340=EDGE_LOOP('',(#8879,#8880,#8881,#8882));
#1341=EDGE_LOOP('',(#8883,#8884,#8885,#8886,#8887,#8888,#8889,#8890,#8891,
#8892,#8893,#8894,#8895,#8896,#8897,#8898));
#1342=EDGE_LOOP('',(#8899));
#1343=EDGE_LOOP('',(#8900));
#1344=EDGE_LOOP('',(#8901));
#1345=EDGE_LOOP('',(#8902));
#1346=EDGE_LOOP('',(#8903));
#1347=EDGE_LOOP('',(#8904));
#1348=EDGE_LOOP('',(#8905));
#1349=EDGE_LOOP('',(#8906));
#1350=EDGE_LOOP('',(#8907,#8908,#8909,#8910));
#1351=EDGE_LOOP('',(#8911,#8912,#8913,#8914));
#1352=EDGE_LOOP('',(#8915,#8916,#8917,#8918));
#1353=EDGE_LOOP('',(#8919,#8920,#8921,#8922));
#1354=EDGE_LOOP('',(#8923,#8924,#8925,#8926));
#1355=EDGE_LOOP('',(#8927,#8928,#8929,#8930));
#1356=EDGE_LOOP('',(#8931,#8932,#8933,#8934));
#1357=EDGE_LOOP('',(#8935,#8936,#8937,#8938));
#1358=EDGE_LOOP('',(#8939,#8940,#8941,#8942));
#1359=EDGE_LOOP('',(#8943,#8944,#8945,#8946));
#1360=EDGE_LOOP('',(#8947,#8948,#8949,#8950));
#1361=EDGE_LOOP('',(#8951,#8952,#8953,#8954));
#1362=EDGE_LOOP('',(#8955,#8956,#8957,#8958));
#1363=EDGE_LOOP('',(#8959,#8960,#8961,#8962));
#1364=EDGE_LOOP('',(#8963,#8964,#8965,#8966));
#1365=EDGE_LOOP('',(#8967,#8968,#8969,#8970));
#1366=EDGE_LOOP('',(#8971,#8972,#8973,#8974));
#1367=EDGE_LOOP('',(#8975,#8976,#8977,#8978));
#1368=EDGE_LOOP('',(#8979,#8980,#8981,#8982));
#1369=EDGE_LOOP('',(#8983,#8984,#8985,#8986));
#1370=EDGE_LOOP('',(#8987,#8988,#8989,#8990));
#1371=EDGE_LOOP('',(#8991,#8992,#8993,#8994));
#1372=EDGE_LOOP('',(#8995,#8996,#8997,#8998));
#1373=EDGE_LOOP('',(#8999,#9000,#9001,#9002));
#1374=EDGE_LOOP('',(#9003,#9004,#9005,#9006));
#1375=EDGE_LOOP('',(#9007,#9008,#9009,#9010));
#1376=EDGE_LOOP('',(#9011,#9012,#9013,#9014));
#1377=EDGE_LOOP('',(#9015,#9016,#9017,#9018));
#1378=EDGE_LOOP('',(#9019,#9020,#9021,#9022));
#1379=EDGE_LOOP('',(#9023,#9024,#9025,#9026));
#1380=EDGE_LOOP('',(#9027,#9028,#9029,#9030));
#1381=EDGE_LOOP('',(#9031,#9032,#9033,#9034));
#1382=EDGE_LOOP('',(#9035,#9036,#9037,#9038));
#1383=EDGE_LOOP('',(#9039,#9040,#9041,#9042));
#1384=EDGE_LOOP('',(#9043,#9044,#9045,#9046));
#1385=EDGE_LOOP('',(#9047,#9048,#9049,#9050));
#1386=EDGE_LOOP('',(#9051,#9052,#9053,#9054));
#1387=EDGE_LOOP('',(#9055));
#1388=EDGE_LOOP('',(#9056));
#1389=EDGE_LOOP('',(#9057));
#1390=EDGE_LOOP('',(#9058));
#1391=EDGE_LOOP('',(#9059));
#1392=EDGE_LOOP('',(#9060));
#1393=EDGE_LOOP('',(#9061));
#1394=EDGE_LOOP('',(#9062));
#1395=EDGE_LOOP('',(#9063,#9064,#9065,#9066));
#1396=EDGE_LOOP('',(#9067,#9068,#9069,#9070));
#1397=EDGE_LOOP('',(#9071));
#1398=EDGE_LOOP('',(#9072));
#1399=EDGE_LOOP('',(#9073));
#1400=EDGE_LOOP('',(#9074));
#1401=EDGE_LOOP('',(#9075));
#1402=EDGE_LOOP('',(#9076));
#1403=EDGE_LOOP('',(#9077));
#1404=EDGE_LOOP('',(#9078));
#1405=EDGE_LOOP('',(#9079,#9080,#9081,#9082));
#1406=EDGE_LOOP('',(#9083,#9084,#9085,#9086));
#1407=LINE('',#13177,#2691);
#1408=LINE('',#13179,#2692);
#1409=LINE('',#13181,#2693);
#1410=LINE('',#13183,#2694);
#1411=LINE('',#13185,#2695);
#1412=LINE('',#13187,#2696);
#1413=LINE('',#13189,#2697);
#1414=LINE('',#13191,#2698);
#1415=LINE('',#13193,#2699);
#1416=LINE('',#13195,#2700);
#1417=LINE('',#13197,#2701);
#1418=LINE('',#13198,#2702);
#1419=LINE('',#13217,#2703);
#1420=LINE('',#13219,#2704);
#1421=LINE('',#13223,#2705);
#1422=LINE('',#13225,#2706);
#1423=LINE('',#13227,#2707);
#1424=LINE('',#13230,#2708);
#1425=LINE('',#13234,#2709);
#1426=LINE('',#13238,#2710);
#1427=LINE('',#13240,#2711);
#1428=LINE('',#13242,#2712);
#1429=LINE('',#13244,#2713);
#1430=LINE('',#13246,#2714);
#1431=LINE('',#13247,#2715);
#1432=LINE('',#13250,#2716);
#1433=LINE('',#13252,#2717);
#1434=LINE('',#13253,#2718);
#1435=LINE('',#13256,#2719);
#1436=LINE('',#13257,#2720);
#1437=LINE('',#13260,#2721);
#1438=LINE('',#13261,#2722);
#1439=LINE('',#13264,#2723);
#1440=LINE('',#13265,#2724);
#1441=LINE('',#13268,#2725);
#1442=LINE('',#13269,#2726);
#1443=LINE('',#13271,#2727);
#1444=LINE('',#13275,#2728);
#1445=LINE('',#13277,#2729);
#1446=LINE('',#13279,#2730);
#1447=LINE('',#13281,#2731);
#1448=LINE('',#13283,#2732);
#1449=LINE('',#13285,#2733);
#1450=LINE('',#13287,#2734);
#1451=LINE('',#13288,#2735);
#1452=LINE('',#13291,#2736);
#1453=LINE('',#13293,#2737);
#1454=LINE('',#13295,#2738);
#1455=LINE('',#13297,#2739);
#1456=LINE('',#13299,#2740);
#1457=LINE('',#13300,#2741);
#1458=LINE('',#13304,#2742);
#1459=LINE('',#13306,#2743);
#1460=LINE('',#13308,#2744);
#1461=LINE('',#13310,#2745);
#1462=LINE('',#13312,#2746);
#1463=LINE('',#13314,#2747);
#1464=LINE('',#13316,#2748);
#1465=LINE('',#13317,#2749);
#1466=LINE('',#13320,#2750);
#1467=LINE('',#13322,#2751);
#1468=LINE('',#13324,#2752);
#1469=LINE('',#13326,#2753);
#1470=LINE('',#13328,#2754);
#1471=LINE('',#13329,#2755);
#1472=LINE('',#13333,#2756);
#1473=LINE('',#13335,#2757);
#1474=LINE('',#13337,#2758);
#1475=LINE('',#13339,#2759);
#1476=LINE('',#13341,#2760);
#1477=LINE('',#13343,#2761);
#1478=LINE('',#13345,#2762);
#1479=LINE('',#13346,#2763);
#1480=LINE('',#13349,#2764);
#1481=LINE('',#13351,#2765);
#1482=LINE('',#13353,#2766);
#1483=LINE('',#13355,#2767);
#1484=LINE('',#13357,#2768);
#1485=LINE('',#13358,#2769);
#1486=LINE('',#13362,#2770);
#1487=LINE('',#13364,#2771);
#1488=LINE('',#13366,#2772);
#1489=LINE('',#13368,#2773);
#1490=LINE('',#13370,#2774);
#1491=LINE('',#13372,#2775);
#1492=LINE('',#13374,#2776);
#1493=LINE('',#13375,#2777);
#1494=LINE('',#13378,#2778);
#1495=LINE('',#13380,#2779);
#1496=LINE('',#13382,#2780);
#1497=LINE('',#13384,#2781);
#1498=LINE('',#13386,#2782);
#1499=LINE('',#13387,#2783);
#1500=LINE('',#13391,#2784);
#1501=LINE('',#13393,#2785);
#1502=LINE('',#13395,#2786);
#1503=LINE('',#13397,#2787);
#1504=LINE('',#13399,#2788);
#1505=LINE('',#13401,#2789);
#1506=LINE('',#13403,#2790);
#1507=LINE('',#13404,#2791);
#1508=LINE('',#13408,#2792);
#1509=LINE('',#13410,#2793);
#1510=LINE('',#13412,#2794);
#1511=LINE('',#13414,#2795);
#1512=LINE('',#13416,#2796);
#1513=LINE('',#13418,#2797);
#1514=LINE('',#13420,#2798);
#1515=LINE('',#13421,#2799);
#1516=LINE('',#13424,#2800);
#1517=LINE('',#13426,#2801);
#1518=LINE('',#13428,#2802);
#1519=LINE('',#13430,#2803);
#1520=LINE('',#13432,#2804);
#1521=LINE('',#13433,#2805);
#1522=LINE('',#13437,#2806);
#1523=LINE('',#13439,#2807);
#1524=LINE('',#13441,#2808);
#1525=LINE('',#13443,#2809);
#1526=LINE('',#13445,#2810);
#1527=LINE('',#13447,#2811);
#1528=LINE('',#13449,#2812);
#1529=LINE('',#13451,#2813);
#1530=LINE('',#13453,#2814);
#1531=LINE('',#13455,#2815);
#1532=LINE('',#13457,#2816);
#1533=LINE('',#13459,#2817);
#1534=LINE('',#13461,#2818);
#1535=LINE('',#13462,#2819);
#1536=LINE('',#13466,#2820);
#1537=LINE('',#13468,#2821);
#1538=LINE('',#13470,#2822);
#1539=LINE('',#13472,#2823);
#1540=LINE('',#13474,#2824);
#1541=LINE('',#13476,#2825);
#1542=LINE('',#13478,#2826);
#1543=LINE('',#13480,#2827);
#1544=LINE('',#13482,#2828);
#1545=LINE('',#13484,#2829);
#1546=LINE('',#13486,#2830);
#1547=LINE('',#13488,#2831);
#1548=LINE('',#13490,#2832);
#1549=LINE('',#13491,#2833);
#1550=LINE('',#13494,#2834);
#1551=LINE('',#13496,#2835);
#1552=LINE('',#13497,#2836);
#1553=LINE('',#13500,#2837);
#1554=LINE('',#13501,#2838);
#1555=LINE('',#13504,#2839);
#1556=LINE('',#13505,#2840);
#1557=LINE('',#13508,#2841);
#1558=LINE('',#13509,#2842);
#1559=LINE('',#13512,#2843);
#1560=LINE('',#13513,#2844);
#1561=LINE('',#13515,#2845);
#1562=LINE('',#13520,#2846);
#1563=LINE('',#13523,#2847);
#1564=LINE('',#13525,#2848);
#1565=LINE('',#13526,#2849);
#1566=LINE('',#13529,#2850);
#1567=LINE('',#13530,#2851);
#1568=LINE('',#13533,#2852);
#1569=LINE('',#13534,#2853);
#1570=LINE('',#13537,#2854);
#1571=LINE('',#13538,#2855);
#1572=LINE('',#13541,#2856);
#1573=LINE('',#13542,#2857);
#1574=LINE('',#13544,#2858);
#1575=LINE('',#13549,#2859);
#1576=LINE('',#13552,#2860);
#1577=LINE('',#13554,#2861);
#1578=LINE('',#13555,#2862);
#1579=LINE('',#13558,#2863);
#1580=LINE('',#13559,#2864);
#1581=LINE('',#13562,#2865);
#1582=LINE('',#13563,#2866);
#1583=LINE('',#13566,#2867);
#1584=LINE('',#13567,#2868);
#1585=LINE('',#13570,#2869);
#1586=LINE('',#13571,#2870);
#1587=LINE('',#13573,#2871);
#1588=LINE('',#13578,#2872);
#1589=LINE('',#13581,#2873);
#1590=LINE('',#13583,#2874);
#1591=LINE('',#13584,#2875);
#1592=LINE('',#13587,#2876);
#1593=LINE('',#13588,#2877);
#1594=LINE('',#13591,#2878);
#1595=LINE('',#13592,#2879);
#1596=LINE('',#13595,#2880);
#1597=LINE('',#13596,#2881);
#1598=LINE('',#13599,#2882);
#1599=LINE('',#13600,#2883);
#1600=LINE('',#13602,#2884);
#1601=LINE('',#13607,#2885);
#1602=LINE('',#13610,#2886);
#1603=LINE('',#13612,#2887);
#1604=LINE('',#13613,#2888);
#1605=LINE('',#13616,#2889);
#1606=LINE('',#13617,#2890);
#1607=LINE('',#13620,#2891);
#1608=LINE('',#13621,#2892);
#1609=LINE('',#13624,#2893);
#1610=LINE('',#13625,#2894);
#1611=LINE('',#13628,#2895);
#1612=LINE('',#13629,#2896);
#1613=LINE('',#13631,#2897);
#1614=LINE('',#13636,#2898);
#1615=LINE('',#13640,#2899);
#1616=LINE('',#13642,#2900);
#1617=LINE('',#13644,#2901);
#1618=LINE('',#13646,#2902);
#1619=LINE('',#13648,#2903);
#1620=LINE('',#13650,#2904);
#1621=LINE('',#13652,#2905);
#1622=LINE('',#13654,#2906);
#1623=LINE('',#13656,#2907);
#1624=LINE('',#13657,#2908);
#1625=LINE('',#13659,#2909);
#1626=LINE('',#13661,#2910);
#1627=LINE('',#13662,#2911);
#1628=LINE('',#13664,#2912);
#1629=LINE('',#13666,#2913);
#1630=LINE('',#13667,#2914);
#1631=LINE('',#13668,#2915);
#1632=LINE('',#13671,#2916);
#1633=LINE('',#13673,#2917);
#1634=LINE('',#13675,#2918);
#1635=LINE('',#13677,#2919);
#1636=LINE('',#13678,#2920);
#1637=LINE('',#13681,#2921);
#1638=LINE('',#13683,#2922);
#1639=LINE('',#13685,#2923);
#1640=LINE('',#13687,#2924);
#1641=LINE('',#13689,#2925);
#1642=LINE('',#13691,#2926);
#1643=LINE('',#13692,#2927);
#1644=LINE('',#13695,#2928);
#1645=LINE('',#13697,#2929);
#1646=LINE('',#13699,#2930);
#1647=LINE('',#13701,#2931);
#1648=LINE('',#13703,#2932);
#1649=LINE('',#13705,#2933);
#1650=LINE('',#13706,#2934);
#1651=LINE('',#13709,#2935);
#1652=LINE('',#13711,#2936);
#1653=LINE('',#13713,#2937);
#1654=LINE('',#13715,#2938);
#1655=LINE('',#13716,#2939);
#1656=LINE('',#13720,#2940);
#1657=LINE('',#13722,#2941);
#1658=LINE('',#13724,#2942);
#1659=LINE('',#13726,#2943);
#1660=LINE('',#13728,#2944);
#1661=LINE('',#13729,#2945);
#1662=LINE('',#13733,#2946);
#1663=LINE('',#13735,#2947);
#1664=LINE('',#13737,#2948);
#1665=LINE('',#13739,#2949);
#1666=LINE('',#13741,#2950);
#1667=LINE('',#13742,#2951);
#1668=LINE('',#13746,#2952);
#1669=LINE('',#13748,#2953);
#1670=LINE('',#13750,#2954);
#1671=LINE('',#13752,#2955);
#1672=LINE('',#13754,#2956);
#1673=LINE('',#13755,#2957);
#1674=LINE('',#13759,#2958);
#1675=LINE('',#13761,#2959);
#1676=LINE('',#13763,#2960);
#1677=LINE('',#13765,#2961);
#1678=LINE('',#13767,#2962);
#1679=LINE('',#13769,#2963);
#1680=LINE('',#13771,#2964);
#1681=LINE('',#13772,#2965);
#1682=LINE('',#13776,#2966);
#1683=LINE('',#13778,#2967);
#1684=LINE('',#13780,#2968);
#1685=LINE('',#13782,#2969);
#1686=LINE('',#13784,#2970);
#1687=LINE('',#13786,#2971);
#1688=LINE('',#13788,#2972);
#1689=LINE('',#13789,#2973);
#1690=LINE('',#13793,#2974);
#1691=LINE('',#13795,#2975);
#1692=LINE('',#13797,#2976);
#1693=LINE('',#13799,#2977);
#1694=LINE('',#13801,#2978);
#1695=LINE('',#13802,#2979);
#1696=LINE('',#13806,#2980);
#1697=LINE('',#13808,#2981);
#1698=LINE('',#13809,#2982);
#1699=LINE('',#13813,#2983);
#1700=LINE('',#13815,#2984);
#1701=LINE('',#13816,#2985);
#1702=LINE('',#13820,#2986);
#1703=LINE('',#13822,#2987);
#1704=LINE('',#13823,#2988);
#1705=LINE('',#13827,#2989);
#1706=LINE('',#13829,#2990);
#1707=LINE('',#13830,#2991);
#1708=LINE('',#13833,#2992);
#1709=LINE('',#13834,#2993);
#1710=LINE('',#13837,#2994);
#1711=LINE('',#13839,#2995);
#1712=LINE('',#13840,#2996);
#1713=LINE('',#13844,#2997);
#1714=LINE('',#13845,#2998);
#1715=LINE('',#13846,#2999);
#1716=LINE('',#13850,#3000);
#1717=LINE('',#13852,#3001);
#1718=LINE('',#13854,#3002);
#1719=LINE('',#13855,#3003);
#1720=LINE('',#13857,#3004);
#1721=LINE('',#13858,#3005);
#1722=LINE('',#13864,#3006);
#1723=LINE('',#13866,#3007);
#1724=LINE('',#13868,#3008);
#1725=LINE('',#13870,#3009);
#1726=LINE('',#13871,#3010);
#1727=LINE('',#13873,#3011);
#1728=LINE('',#13874,#3012);
#1729=LINE('',#13879,#3013);
#1730=LINE('',#13885,#3014);
#1731=LINE('',#13897,#3015);
#1732=LINE('',#13902,#3016);
#1733=LINE('',#13904,#3017);
#1734=LINE('',#13906,#3018);
#1735=LINE('',#13908,#3019);
#1736=LINE('',#13910,#3020);
#1737=LINE('',#13912,#3021);
#1738=LINE('',#13914,#3022);
#1739=LINE('',#13916,#3023);
#1740=LINE('',#13918,#3024);
#1741=LINE('',#13919,#3025);
#1742=LINE('',#13925,#3026);
#1743=LINE('',#13927,#3027);
#1744=LINE('',#13929,#3028);
#1745=LINE('',#13931,#3029);
#1746=LINE('',#13933,#3030);
#1747=LINE('',#13934,#3031);
#1748=LINE('',#13936,#3032);
#1749=LINE('',#13938,#3033);
#1750=LINE('',#13940,#3034);
#1751=LINE('',#13941,#3035);
#1752=LINE('',#13944,#3036);
#1753=LINE('',#13946,#3037);
#1754=LINE('',#13948,#3038);
#1755=LINE('',#13950,#3039);
#1756=LINE('',#13952,#3040);
#1757=LINE('',#13953,#3041);
#1758=LINE('',#13954,#3042);
#1759=LINE('',#13956,#3043);
#1760=LINE('',#13957,#3044);
#1761=LINE('',#13959,#3045);
#1762=LINE('',#13962,#3046);
#1763=LINE('',#13964,#3047);
#1764=LINE('',#13966,#3048);
#1765=LINE('',#13967,#3049);
#1766=LINE('',#13968,#3050);
#1767=LINE('',#13969,#3051);
#1768=LINE('',#13971,#3052);
#1769=LINE('',#13972,#3053);
#1770=LINE('',#13976,#3054);
#1771=LINE('',#13978,#3055);
#1772=LINE('',#13979,#3056);
#1773=LINE('',#13981,#3057);
#1774=LINE('',#13983,#3058);
#1775=LINE('',#13984,#3059);
#1776=LINE('',#13985,#3060);
#1777=LINE('',#13986,#3061);
#1778=LINE('',#13988,#3062);
#1779=LINE('',#13990,#3063);
#1780=LINE('',#13991,#3064);
#1781=LINE('',#13993,#3065);
#1782=LINE('',#13994,#3066);
#1783=LINE('',#13997,#3067);
#1784=LINE('',#13998,#3068);
#1785=LINE('',#14001,#3069);
#1786=LINE('',#14003,#3070);
#1787=LINE('',#14004,#3071);
#1788=LINE('',#14006,#3072);
#1789=LINE('',#14008,#3073);
#1790=LINE('',#14009,#3074);
#1791=LINE('',#14011,#3075);
#1792=LINE('',#14012,#3076);
#1793=LINE('',#14015,#3077);
#1794=LINE('',#14017,#3078);
#1795=LINE('',#14019,#3079);
#1796=LINE('',#14020,#3080);
#1797=LINE('',#14023,#3081);
#1798=LINE('',#14025,#3082);
#1799=LINE('',#14026,#3083);
#1800=LINE('',#14027,#3084);
#1801=LINE('',#14028,#3085);
#1802=LINE('',#14029,#3086);
#1803=LINE('',#14032,#3087);
#1804=LINE('',#14033,#3088);
#1805=LINE('',#14037,#3089);
#1806=LINE('',#14039,#3090);
#1807=LINE('',#14040,#3091);
#1808=LINE('',#14041,#3092);
#1809=LINE('',#14045,#3093);
#1810=LINE('',#14046,#3094);
#1811=LINE('',#14048,#3095);
#1812=LINE('',#14052,#3096);
#1813=LINE('',#14057,#3097);
#1814=LINE('',#14059,#3098);
#1815=LINE('',#14060,#3099);
#1816=LINE('',#14062,#3100);
#1817=LINE('',#14063,#3101);
#1818=LINE('',#14064,#3102);
#1819=LINE('',#14065,#3103);
#1820=LINE('',#14066,#3104);
#1821=LINE('',#14067,#3105);
#1822=LINE('',#14071,#3106);
#1823=LINE('',#14072,#3107);
#1824=LINE('',#14073,#3108);
#1825=LINE('',#14074,#3109);
#1826=LINE('',#14076,#3110);
#1827=LINE('',#14078,#3111);
#1828=LINE('',#14079,#3112);
#1829=LINE('',#14081,#3113);
#1830=LINE('',#14083,#3114);
#1831=LINE('',#14084,#3115);
#1832=LINE('',#14086,#3116);
#1833=LINE('',#14088,#3117);
#1834=LINE('',#14089,#3118);
#1835=LINE('',#14090,#3119);
#1836=LINE('',#14094,#3120);
#1837=LINE('',#14096,#3121);
#1838=LINE('',#14098,#3122);
#1839=LINE('',#14100,#3123);
#1840=LINE('',#14102,#3124);
#1841=LINE('',#14104,#3125);
#1842=LINE('',#14106,#3126);
#1843=LINE('',#14108,#3127);
#1844=LINE('',#14109,#3128);
#1845=LINE('',#14111,#3129);
#1846=LINE('',#14113,#3130);
#1847=LINE('',#14115,#3131);
#1848=LINE('',#14116,#3132);
#1849=LINE('',#14123,#3133);
#1850=LINE('',#14128,#3134);
#1851=LINE('',#14130,#3135);
#1852=LINE('',#14132,#3136);
#1853=LINE('',#14134,#3137);
#1854=LINE('',#14135,#3138);
#1855=LINE('',#14137,#3139);
#1856=LINE('',#14139,#3140);
#1857=LINE('',#14141,#3141);
#1858=LINE('',#14142,#3142);
#1859=LINE('',#14146,#3143);
#1860=LINE('',#14148,#3144);
#1861=LINE('',#14150,#3145);
#1862=LINE('',#14151,#3146);
#1863=LINE('',#14152,#3147);
#1864=LINE('',#14156,#3148);
#1865=LINE('',#14158,#3149);
#1866=LINE('',#14159,#3150);
#1867=LINE('',#14161,#3151);
#1868=LINE('',#14162,#3152);
#1869=LINE('',#14167,#3153);
#1870=LINE('',#14169,#3154);
#1871=LINE('',#14171,#3155);
#1872=LINE('',#14173,#3156);
#1873=LINE('',#14174,#3157);
#1874=LINE('',#14175,#3158);
#1875=LINE('',#14177,#3159);
#1876=LINE('',#14178,#3160);
#1877=LINE('',#14184,#3161);
#1878=LINE('',#14192,#3162);
#1879=LINE('',#14196,#3163);
#1880=LINE('',#14198,#3164);
#1881=LINE('',#14200,#3165);
#1882=LINE('',#14202,#3166);
#1883=LINE('',#14204,#3167);
#1884=LINE('',#14206,#3168);
#1885=LINE('',#14208,#3169);
#1886=LINE('',#14209,#3170);
#1887=LINE('',#14212,#3171);
#1888=LINE('',#14214,#3172);
#1889=LINE('',#14216,#3173);
#1890=LINE('',#14218,#3174);
#1891=LINE('',#14219,#3175);
#1892=LINE('',#14220,#3176);
#1893=LINE('',#14224,#3177);
#1894=LINE('',#14226,#3178);
#1895=LINE('',#14228,#3179);
#1896=LINE('',#14230,#3180);
#1897=LINE('',#14231,#3181);
#1898=LINE('',#14234,#3182);
#1899=LINE('',#14235,#3183);
#1900=LINE('',#14237,#3184);
#1901=LINE('',#14239,#3185);
#1902=LINE('',#14240,#3186);
#1903=LINE('',#14242,#3187);
#1904=LINE('',#14243,#3188);
#1905=LINE('',#14246,#3189);
#1906=LINE('',#14247,#3190);
#1907=LINE('',#14250,#3191);
#1908=LINE('',#14251,#3192);
#1909=LINE('',#14252,#3193);
#1910=LINE('',#14253,#3194);
#1911=LINE('',#14254,#3195);
#1912=LINE('',#14255,#3196);
#1913=LINE('',#14256,#3197);
#1914=LINE('',#14257,#3198);
#1915=LINE('',#14258,#3199);
#1916=LINE('',#14260,#3200);
#1917=LINE('',#14262,#3201);
#1918=LINE('',#14264,#3202);
#1919=LINE('',#14266,#3203);
#1920=LINE('',#14267,#3204);
#1921=LINE('',#14268,#3205);
#1922=LINE('',#14269,#3206);
#1923=LINE('',#14270,#3207);
#1924=LINE('',#14271,#3208);
#1925=LINE('',#14272,#3209);
#1926=LINE('',#14274,#3210);
#1927=LINE('',#14276,#3211);
#1928=LINE('',#14281,#3212);
#1929=LINE('',#14283,#3213);
#1930=LINE('',#14286,#3214);
#1931=LINE('',#14287,#3215);
#1932=LINE('',#14289,#3216);
#1933=LINE('',#14290,#3217);
#1934=LINE('',#14291,#3218);
#1935=LINE('',#14292,#3219);
#1936=LINE('',#14293,#3220);
#1937=LINE('',#14294,#3221);
#1938=LINE('',#14295,#3222);
#1939=LINE('',#14297,#3223);
#1940=LINE('',#14298,#3224);
#1941=LINE('',#14300,#3225);
#1942=LINE('',#14305,#3226);
#1943=LINE('',#14307,#3227);
#1944=LINE('',#14310,#3228);
#1945=LINE('',#14312,#3229);
#1946=LINE('',#14315,#3230);
#1947=LINE('',#14317,#3231);
#1948=LINE('',#14320,#3232);
#1949=LINE('',#14322,#3233);
#1950=LINE('',#14325,#3234);
#1951=LINE('',#14327,#3235);
#1952=LINE('',#14330,#3236);
#1953=LINE('',#14332,#3237);
#1954=LINE('',#14335,#3238);
#1955=LINE('',#14337,#3239);
#1956=LINE('',#14340,#3240);
#1957=LINE('',#14342,#3241);
#1958=LINE('',#14345,#3242);
#1959=LINE('',#14347,#3243);
#1960=LINE('',#14350,#3244);
#1961=LINE('',#14352,#3245);
#1962=LINE('',#14355,#3246);
#1963=LINE('',#14357,#3247);
#1964=LINE('',#14360,#3248);
#1965=LINE('',#14362,#3249);
#1966=LINE('',#14365,#3250);
#1967=LINE('',#14371,#3251);
#1968=LINE('',#14373,#3252);
#1969=LINE('',#14375,#3253);
#1970=LINE('',#14376,#3254);
#1971=LINE('',#14378,#3255);
#1972=LINE('',#14385,#3256);
#1973=LINE('',#14389,#3257);
#1974=LINE('',#14391,#3258);
#1975=LINE('',#14392,#3259);
#1976=LINE('',#14393,#3260);
#1977=LINE('',#14394,#3261);
#1978=LINE('',#14397,#3262);
#1979=LINE('',#14398,#3263);
#1980=LINE('',#14401,#3264);
#1981=LINE('',#14403,#3265);
#1982=LINE('',#14405,#3266);
#1983=LINE('',#14406,#3267);
#1984=LINE('',#14410,#3268);
#1985=LINE('',#14412,#3269);
#1986=LINE('',#14414,#3270);
#1987=LINE('',#14417,#3271);
#1988=LINE('',#14421,#3272);
#1989=LINE('',#14423,#3273);
#1990=LINE('',#14426,#3274);
#1991=LINE('',#14429,#3275);
#1992=LINE('',#14431,#3276);
#1993=LINE('',#14435,#3277);
#1994=LINE('',#14436,#3278);
#1995=LINE('',#14438,#3279);
#1996=LINE('',#14440,#3280);
#1997=LINE('',#14442,#3281);
#1998=LINE('',#14443,#3282);
#1999=LINE('',#14450,#3283);
#2000=LINE('',#14453,#3284);
#2001=LINE('',#14454,#3285);
#2002=LINE('',#14455,#3286);
#2003=LINE('',#14462,#3287);
#2004=LINE('',#14464,#3288);
#2005=LINE('',#14466,#3289);
#2006=LINE('',#14468,#3290);
#2007=LINE('',#14470,#3291);
#2008=LINE('',#14472,#3292);
#2009=LINE('',#14474,#3293);
#2010=LINE('',#14476,#3294);
#2011=LINE('',#14478,#3295);
#2012=LINE('',#14480,#3296);
#2013=LINE('',#14482,#3297);
#2014=LINE('',#14483,#3298);
#2015=LINE('',#14502,#3299);
#2016=LINE('',#14504,#3300);
#2017=LINE('',#14508,#3301);
#2018=LINE('',#14510,#3302);
#2019=LINE('',#14512,#3303);
#2020=LINE('',#14515,#3304);
#2021=LINE('',#14519,#3305);
#2022=LINE('',#14523,#3306);
#2023=LINE('',#14525,#3307);
#2024=LINE('',#14527,#3308);
#2025=LINE('',#14529,#3309);
#2026=LINE('',#14531,#3310);
#2027=LINE('',#14532,#3311);
#2028=LINE('',#14535,#3312);
#2029=LINE('',#14537,#3313);
#2030=LINE('',#14538,#3314);
#2031=LINE('',#14541,#3315);
#2032=LINE('',#14542,#3316);
#2033=LINE('',#14545,#3317);
#2034=LINE('',#14546,#3318);
#2035=LINE('',#14549,#3319);
#2036=LINE('',#14550,#3320);
#2037=LINE('',#14553,#3321);
#2038=LINE('',#14554,#3322);
#2039=LINE('',#14556,#3323);
#2040=LINE('',#14560,#3324);
#2041=LINE('',#14562,#3325);
#2042=LINE('',#14564,#3326);
#2043=LINE('',#14566,#3327);
#2044=LINE('',#14568,#3328);
#2045=LINE('',#14570,#3329);
#2046=LINE('',#14572,#3330);
#2047=LINE('',#14573,#3331);
#2048=LINE('',#14576,#3332);
#2049=LINE('',#14578,#3333);
#2050=LINE('',#14580,#3334);
#2051=LINE('',#14582,#3335);
#2052=LINE('',#14584,#3336);
#2053=LINE('',#14585,#3337);
#2054=LINE('',#14589,#3338);
#2055=LINE('',#14591,#3339);
#2056=LINE('',#14593,#3340);
#2057=LINE('',#14595,#3341);
#2058=LINE('',#14597,#3342);
#2059=LINE('',#14599,#3343);
#2060=LINE('',#14601,#3344);
#2061=LINE('',#14602,#3345);
#2062=LINE('',#14605,#3346);
#2063=LINE('',#14607,#3347);
#2064=LINE('',#14609,#3348);
#2065=LINE('',#14611,#3349);
#2066=LINE('',#14613,#3350);
#2067=LINE('',#14614,#3351);
#2068=LINE('',#14618,#3352);
#2069=LINE('',#14620,#3353);
#2070=LINE('',#14622,#3354);
#2071=LINE('',#14624,#3355);
#2072=LINE('',#14626,#3356);
#2073=LINE('',#14628,#3357);
#2074=LINE('',#14630,#3358);
#2075=LINE('',#14631,#3359);
#2076=LINE('',#14634,#3360);
#2077=LINE('',#14636,#3361);
#2078=LINE('',#14638,#3362);
#2079=LINE('',#14640,#3363);
#2080=LINE('',#14642,#3364);
#2081=LINE('',#14643,#3365);
#2082=LINE('',#14647,#3366);
#2083=LINE('',#14649,#3367);
#2084=LINE('',#14651,#3368);
#2085=LINE('',#14653,#3369);
#2086=LINE('',#14655,#3370);
#2087=LINE('',#14657,#3371);
#2088=LINE('',#14659,#3372);
#2089=LINE('',#14660,#3373);
#2090=LINE('',#14663,#3374);
#2091=LINE('',#14665,#3375);
#2092=LINE('',#14667,#3376);
#2093=LINE('',#14669,#3377);
#2094=LINE('',#14671,#3378);
#2095=LINE('',#14672,#3379);
#2096=LINE('',#14676,#3380);
#2097=LINE('',#14678,#3381);
#2098=LINE('',#14680,#3382);
#2099=LINE('',#14682,#3383);
#2100=LINE('',#14684,#3384);
#2101=LINE('',#14686,#3385);
#2102=LINE('',#14688,#3386);
#2103=LINE('',#14689,#3387);
#2104=LINE('',#14693,#3388);
#2105=LINE('',#14695,#3389);
#2106=LINE('',#14697,#3390);
#2107=LINE('',#14699,#3391);
#2108=LINE('',#14701,#3392);
#2109=LINE('',#14703,#3393);
#2110=LINE('',#14705,#3394);
#2111=LINE('',#14706,#3395);
#2112=LINE('',#14709,#3396);
#2113=LINE('',#14711,#3397);
#2114=LINE('',#14713,#3398);
#2115=LINE('',#14715,#3399);
#2116=LINE('',#14717,#3400);
#2117=LINE('',#14718,#3401);
#2118=LINE('',#14722,#3402);
#2119=LINE('',#14724,#3403);
#2120=LINE('',#14726,#3404);
#2121=LINE('',#14728,#3405);
#2122=LINE('',#14730,#3406);
#2123=LINE('',#14732,#3407);
#2124=LINE('',#14734,#3408);
#2125=LINE('',#14736,#3409);
#2126=LINE('',#14738,#3410);
#2127=LINE('',#14740,#3411);
#2128=LINE('',#14742,#3412);
#2129=LINE('',#14744,#3413);
#2130=LINE('',#14746,#3414);
#2131=LINE('',#14747,#3415);
#2132=LINE('',#14751,#3416);
#2133=LINE('',#14753,#3417);
#2134=LINE('',#14755,#3418);
#2135=LINE('',#14757,#3419);
#2136=LINE('',#14759,#3420);
#2137=LINE('',#14761,#3421);
#2138=LINE('',#14763,#3422);
#2139=LINE('',#14765,#3423);
#2140=LINE('',#14767,#3424);
#2141=LINE('',#14769,#3425);
#2142=LINE('',#14771,#3426);
#2143=LINE('',#14773,#3427);
#2144=LINE('',#14775,#3428);
#2145=LINE('',#14776,#3429);
#2146=LINE('',#14779,#3430);
#2147=LINE('',#14781,#3431);
#2148=LINE('',#14782,#3432);
#2149=LINE('',#14785,#3433);
#2150=LINE('',#14786,#3434);
#2151=LINE('',#14789,#3435);
#2152=LINE('',#14790,#3436);
#2153=LINE('',#14793,#3437);
#2154=LINE('',#14794,#3438);
#2155=LINE('',#14797,#3439);
#2156=LINE('',#14798,#3440);
#2157=LINE('',#14800,#3441);
#2158=LINE('',#14805,#3442);
#2159=LINE('',#14808,#3443);
#2160=LINE('',#14810,#3444);
#2161=LINE('',#14811,#3445);
#2162=LINE('',#14814,#3446);
#2163=LINE('',#14815,#3447);
#2164=LINE('',#14818,#3448);
#2165=LINE('',#14819,#3449);
#2166=LINE('',#14822,#3450);
#2167=LINE('',#14823,#3451);
#2168=LINE('',#14826,#3452);
#2169=LINE('',#14827,#3453);
#2170=LINE('',#14829,#3454);
#2171=LINE('',#14834,#3455);
#2172=LINE('',#14837,#3456);
#2173=LINE('',#14839,#3457);
#2174=LINE('',#14840,#3458);
#2175=LINE('',#14843,#3459);
#2176=LINE('',#14844,#3460);
#2177=LINE('',#14847,#3461);
#2178=LINE('',#14848,#3462);
#2179=LINE('',#14851,#3463);
#2180=LINE('',#14852,#3464);
#2181=LINE('',#14855,#3465);
#2182=LINE('',#14856,#3466);
#2183=LINE('',#14858,#3467);
#2184=LINE('',#14863,#3468);
#2185=LINE('',#14866,#3469);
#2186=LINE('',#14868,#3470);
#2187=LINE('',#14869,#3471);
#2188=LINE('',#14872,#3472);
#2189=LINE('',#14873,#3473);
#2190=LINE('',#14876,#3474);
#2191=LINE('',#14877,#3475);
#2192=LINE('',#14880,#3476);
#2193=LINE('',#14881,#3477);
#2194=LINE('',#14884,#3478);
#2195=LINE('',#14885,#3479);
#2196=LINE('',#14887,#3480);
#2197=LINE('',#14892,#3481);
#2198=LINE('',#14895,#3482);
#2199=LINE('',#14897,#3483);
#2200=LINE('',#14898,#3484);
#2201=LINE('',#14901,#3485);
#2202=LINE('',#14902,#3486);
#2203=LINE('',#14905,#3487);
#2204=LINE('',#14906,#3488);
#2205=LINE('',#14909,#3489);
#2206=LINE('',#14910,#3490);
#2207=LINE('',#14913,#3491);
#2208=LINE('',#14914,#3492);
#2209=LINE('',#14916,#3493);
#2210=LINE('',#14921,#3494);
#2211=LINE('',#14925,#3495);
#2212=LINE('',#14927,#3496);
#2213=LINE('',#14929,#3497);
#2214=LINE('',#14931,#3498);
#2215=LINE('',#14933,#3499);
#2216=LINE('',#14935,#3500);
#2217=LINE('',#14937,#3501);
#2218=LINE('',#14939,#3502);
#2219=LINE('',#14941,#3503);
#2220=LINE('',#14942,#3504);
#2221=LINE('',#14944,#3505);
#2222=LINE('',#14946,#3506);
#2223=LINE('',#14947,#3507);
#2224=LINE('',#14949,#3508);
#2225=LINE('',#14951,#3509);
#2226=LINE('',#14952,#3510);
#2227=LINE('',#14953,#3511);
#2228=LINE('',#14956,#3512);
#2229=LINE('',#14958,#3513);
#2230=LINE('',#14960,#3514);
#2231=LINE('',#14962,#3515);
#2232=LINE('',#14963,#3516);
#2233=LINE('',#14966,#3517);
#2234=LINE('',#14968,#3518);
#2235=LINE('',#14970,#3519);
#2236=LINE('',#14972,#3520);
#2237=LINE('',#14974,#3521);
#2238=LINE('',#14976,#3522);
#2239=LINE('',#14977,#3523);
#2240=LINE('',#14980,#3524);
#2241=LINE('',#14982,#3525);
#2242=LINE('',#14984,#3526);
#2243=LINE('',#14986,#3527);
#2244=LINE('',#14988,#3528);
#2245=LINE('',#14990,#3529);
#2246=LINE('',#14991,#3530);
#2247=LINE('',#14994,#3531);
#2248=LINE('',#14996,#3532);
#2249=LINE('',#14998,#3533);
#2250=LINE('',#15000,#3534);
#2251=LINE('',#15001,#3535);
#2252=LINE('',#15005,#3536);
#2253=LINE('',#15007,#3537);
#2254=LINE('',#15009,#3538);
#2255=LINE('',#15011,#3539);
#2256=LINE('',#15013,#3540);
#2257=LINE('',#15014,#3541);
#2258=LINE('',#15018,#3542);
#2259=LINE('',#15020,#3543);
#2260=LINE('',#15022,#3544);
#2261=LINE('',#15024,#3545);
#2262=LINE('',#15026,#3546);
#2263=LINE('',#15027,#3547);
#2264=LINE('',#15031,#3548);
#2265=LINE('',#15033,#3549);
#2266=LINE('',#15035,#3550);
#2267=LINE('',#15037,#3551);
#2268=LINE('',#15039,#3552);
#2269=LINE('',#15040,#3553);
#2270=LINE('',#15044,#3554);
#2271=LINE('',#15046,#3555);
#2272=LINE('',#15048,#3556);
#2273=LINE('',#15050,#3557);
#2274=LINE('',#15052,#3558);
#2275=LINE('',#15054,#3559);
#2276=LINE('',#15056,#3560);
#2277=LINE('',#15057,#3561);
#2278=LINE('',#15061,#3562);
#2279=LINE('',#15063,#3563);
#2280=LINE('',#15065,#3564);
#2281=LINE('',#15067,#3565);
#2282=LINE('',#15069,#3566);
#2283=LINE('',#15071,#3567);
#2284=LINE('',#15073,#3568);
#2285=LINE('',#15074,#3569);
#2286=LINE('',#15078,#3570);
#2287=LINE('',#15080,#3571);
#2288=LINE('',#15082,#3572);
#2289=LINE('',#15084,#3573);
#2290=LINE('',#15086,#3574);
#2291=LINE('',#15087,#3575);
#2292=LINE('',#15091,#3576);
#2293=LINE('',#15093,#3577);
#2294=LINE('',#15094,#3578);
#2295=LINE('',#15098,#3579);
#2296=LINE('',#15100,#3580);
#2297=LINE('',#15101,#3581);
#2298=LINE('',#15105,#3582);
#2299=LINE('',#15107,#3583);
#2300=LINE('',#15108,#3584);
#2301=LINE('',#15112,#3585);
#2302=LINE('',#15114,#3586);
#2303=LINE('',#15115,#3587);
#2304=LINE('',#15118,#3588);
#2305=LINE('',#15119,#3589);
#2306=LINE('',#15122,#3590);
#2307=LINE('',#15124,#3591);
#2308=LINE('',#15125,#3592);
#2309=LINE('',#15129,#3593);
#2310=LINE('',#15130,#3594);
#2311=LINE('',#15131,#3595);
#2312=LINE('',#15135,#3596);
#2313=LINE('',#15137,#3597);
#2314=LINE('',#15139,#3598);
#2315=LINE('',#15140,#3599);
#2316=LINE('',#15142,#3600);
#2317=LINE('',#15143,#3601);
#2318=LINE('',#15149,#3602);
#2319=LINE('',#15151,#3603);
#2320=LINE('',#15153,#3604);
#2321=LINE('',#15155,#3605);
#2322=LINE('',#15156,#3606);
#2323=LINE('',#15158,#3607);
#2324=LINE('',#15159,#3608);
#2325=LINE('',#15164,#3609);
#2326=LINE('',#15170,#3610);
#2327=LINE('',#15182,#3611);
#2328=LINE('',#15187,#3612);
#2329=LINE('',#15189,#3613);
#2330=LINE('',#15191,#3614);
#2331=LINE('',#15193,#3615);
#2332=LINE('',#15195,#3616);
#2333=LINE('',#15197,#3617);
#2334=LINE('',#15199,#3618);
#2335=LINE('',#15201,#3619);
#2336=LINE('',#15203,#3620);
#2337=LINE('',#15204,#3621);
#2338=LINE('',#15210,#3622);
#2339=LINE('',#15212,#3623);
#2340=LINE('',#15214,#3624);
#2341=LINE('',#15216,#3625);
#2342=LINE('',#15218,#3626);
#2343=LINE('',#15219,#3627);
#2344=LINE('',#15221,#3628);
#2345=LINE('',#15223,#3629);
#2346=LINE('',#15225,#3630);
#2347=LINE('',#15226,#3631);
#2348=LINE('',#15229,#3632);
#2349=LINE('',#15231,#3633);
#2350=LINE('',#15233,#3634);
#2351=LINE('',#15235,#3635);
#2352=LINE('',#15237,#3636);
#2353=LINE('',#15238,#3637);
#2354=LINE('',#15239,#3638);
#2355=LINE('',#15241,#3639);
#2356=LINE('',#15242,#3640);
#2357=LINE('',#15244,#3641);
#2358=LINE('',#15247,#3642);
#2359=LINE('',#15249,#3643);
#2360=LINE('',#15251,#3644);
#2361=LINE('',#15252,#3645);
#2362=LINE('',#15253,#3646);
#2363=LINE('',#15254,#3647);
#2364=LINE('',#15256,#3648);
#2365=LINE('',#15257,#3649);
#2366=LINE('',#15261,#3650);
#2367=LINE('',#15263,#3651);
#2368=LINE('',#15264,#3652);
#2369=LINE('',#15266,#3653);
#2370=LINE('',#15268,#3654);
#2371=LINE('',#15269,#3655);
#2372=LINE('',#15270,#3656);
#2373=LINE('',#15271,#3657);
#2374=LINE('',#15273,#3658);
#2375=LINE('',#15275,#3659);
#2376=LINE('',#15276,#3660);
#2377=LINE('',#15278,#3661);
#2378=LINE('',#15279,#3662);
#2379=LINE('',#15282,#3663);
#2380=LINE('',#15283,#3664);
#2381=LINE('',#15286,#3665);
#2382=LINE('',#15288,#3666);
#2383=LINE('',#15289,#3667);
#2384=LINE('',#15291,#3668);
#2385=LINE('',#15293,#3669);
#2386=LINE('',#15294,#3670);
#2387=LINE('',#15296,#3671);
#2388=LINE('',#15297,#3672);
#2389=LINE('',#15300,#3673);
#2390=LINE('',#15302,#3674);
#2391=LINE('',#15304,#3675);
#2392=LINE('',#15305,#3676);
#2393=LINE('',#15308,#3677);
#2394=LINE('',#15310,#3678);
#2395=LINE('',#15311,#3679);
#2396=LINE('',#15312,#3680);
#2397=LINE('',#15313,#3681);
#2398=LINE('',#15314,#3682);
#2399=LINE('',#15317,#3683);
#2400=LINE('',#15318,#3684);
#2401=LINE('',#15322,#3685);
#2402=LINE('',#15324,#3686);
#2403=LINE('',#15325,#3687);
#2404=LINE('',#15326,#3688);
#2405=LINE('',#15330,#3689);
#2406=LINE('',#15331,#3690);
#2407=LINE('',#15333,#3691);
#2408=LINE('',#15337,#3692);
#2409=LINE('',#15342,#3693);
#2410=LINE('',#15344,#3694);
#2411=LINE('',#15345,#3695);
#2412=LINE('',#15347,#3696);
#2413=LINE('',#15348,#3697);
#2414=LINE('',#15349,#3698);
#2415=LINE('',#15350,#3699);
#2416=LINE('',#15351,#3700);
#2417=LINE('',#15352,#3701);
#2418=LINE('',#15356,#3702);
#2419=LINE('',#15357,#3703);
#2420=LINE('',#15358,#3704);
#2421=LINE('',#15359,#3705);
#2422=LINE('',#15361,#3706);
#2423=LINE('',#15363,#3707);
#2424=LINE('',#15364,#3708);
#2425=LINE('',#15366,#3709);
#2426=LINE('',#15368,#3710);
#2427=LINE('',#15369,#3711);
#2428=LINE('',#15371,#3712);
#2429=LINE('',#15373,#3713);
#2430=LINE('',#15374,#3714);
#2431=LINE('',#15375,#3715);
#2432=LINE('',#15379,#3716);
#2433=LINE('',#15381,#3717);
#2434=LINE('',#15383,#3718);
#2435=LINE('',#15385,#3719);
#2436=LINE('',#15387,#3720);
#2437=LINE('',#15389,#3721);
#2438=LINE('',#15391,#3722);
#2439=LINE('',#15393,#3723);
#2440=LINE('',#15394,#3724);
#2441=LINE('',#15396,#3725);
#2442=LINE('',#15398,#3726);
#2443=LINE('',#15400,#3727);
#2444=LINE('',#15401,#3728);
#2445=LINE('',#15408,#3729);
#2446=LINE('',#15413,#3730);
#2447=LINE('',#15415,#3731);
#2448=LINE('',#15417,#3732);
#2449=LINE('',#15419,#3733);
#2450=LINE('',#15420,#3734);
#2451=LINE('',#15422,#3735);
#2452=LINE('',#15424,#3736);
#2453=LINE('',#15426,#3737);
#2454=LINE('',#15427,#3738);
#2455=LINE('',#15431,#3739);
#2456=LINE('',#15433,#3740);
#2457=LINE('',#15435,#3741);
#2458=LINE('',#15436,#3742);
#2459=LINE('',#15437,#3743);
#2460=LINE('',#15441,#3744);
#2461=LINE('',#15443,#3745);
#2462=LINE('',#15444,#3746);
#2463=LINE('',#15446,#3747);
#2464=LINE('',#15447,#3748);
#2465=LINE('',#15452,#3749);
#2466=LINE('',#15454,#3750);
#2467=LINE('',#15456,#3751);
#2468=LINE('',#15458,#3752);
#2469=LINE('',#15459,#3753);
#2470=LINE('',#15460,#3754);
#2471=LINE('',#15462,#3755);
#2472=LINE('',#15463,#3756);
#2473=LINE('',#15469,#3757);
#2474=LINE('',#15477,#3758);
#2475=LINE('',#15481,#3759);
#2476=LINE('',#15483,#3760);
#2477=LINE('',#15485,#3761);
#2478=LINE('',#15487,#3762);
#2479=LINE('',#15489,#3763);
#2480=LINE('',#15491,#3764);
#2481=LINE('',#15493,#3765);
#2482=LINE('',#15494,#3766);
#2483=LINE('',#15497,#3767);
#2484=LINE('',#15499,#3768);
#2485=LINE('',#15501,#3769);
#2486=LINE('',#15503,#3770);
#2487=LINE('',#15504,#3771);
#2488=LINE('',#15505,#3772);
#2489=LINE('',#15509,#3773);
#2490=LINE('',#15511,#3774);
#2491=LINE('',#15513,#3775);
#2492=LINE('',#15515,#3776);
#2493=LINE('',#15516,#3777);
#2494=LINE('',#15519,#3778);
#2495=LINE('',#15520,#3779);
#2496=LINE('',#15522,#3780);
#2497=LINE('',#15524,#3781);
#2498=LINE('',#15525,#3782);
#2499=LINE('',#15527,#3783);
#2500=LINE('',#15528,#3784);
#2501=LINE('',#15531,#3785);
#2502=LINE('',#15532,#3786);
#2503=LINE('',#15535,#3787);
#2504=LINE('',#15536,#3788);
#2505=LINE('',#15537,#3789);
#2506=LINE('',#15538,#3790);
#2507=LINE('',#15539,#3791);
#2508=LINE('',#15540,#3792);
#2509=LINE('',#15541,#3793);
#2510=LINE('',#15542,#3794);
#2511=LINE('',#15543,#3795);
#2512=LINE('',#15545,#3796);
#2513=LINE('',#15547,#3797);
#2514=LINE('',#15549,#3798);
#2515=LINE('',#15551,#3799);
#2516=LINE('',#15552,#3800);
#2517=LINE('',#15553,#3801);
#2518=LINE('',#15554,#3802);
#2519=LINE('',#15555,#3803);
#2520=LINE('',#15556,#3804);
#2521=LINE('',#15557,#3805);
#2522=LINE('',#15559,#3806);
#2523=LINE('',#15561,#3807);
#2524=LINE('',#15566,#3808);
#2525=LINE('',#15568,#3809);
#2526=LINE('',#15571,#3810);
#2527=LINE('',#15572,#3811);
#2528=LINE('',#15574,#3812);
#2529=LINE('',#15575,#3813);
#2530=LINE('',#15576,#3814);
#2531=LINE('',#15577,#3815);
#2532=LINE('',#15578,#3816);
#2533=LINE('',#15579,#3817);
#2534=LINE('',#15580,#3818);
#2535=LINE('',#15582,#3819);
#2536=LINE('',#15583,#3820);
#2537=LINE('',#15585,#3821);
#2538=LINE('',#15590,#3822);
#2539=LINE('',#15592,#3823);
#2540=LINE('',#15595,#3824);
#2541=LINE('',#15597,#3825);
#2542=LINE('',#15600,#3826);
#2543=LINE('',#15602,#3827);
#2544=LINE('',#15605,#3828);
#2545=LINE('',#15607,#3829);
#2546=LINE('',#15610,#3830);
#2547=LINE('',#15612,#3831);
#2548=LINE('',#15615,#3832);
#2549=LINE('',#15617,#3833);
#2550=LINE('',#15620,#3834);
#2551=LINE('',#15622,#3835);
#2552=LINE('',#15625,#3836);
#2553=LINE('',#15627,#3837);
#2554=LINE('',#15630,#3838);
#2555=LINE('',#15632,#3839);
#2556=LINE('',#15635,#3840);
#2557=LINE('',#15637,#3841);
#2558=LINE('',#15640,#3842);
#2559=LINE('',#15642,#3843);
#2560=LINE('',#15645,#3844);
#2561=LINE('',#15647,#3845);
#2562=LINE('',#15650,#3846);
#2563=LINE('',#15656,#3847);
#2564=LINE('',#15658,#3848);
#2565=LINE('',#15660,#3849);
#2566=LINE('',#15661,#3850);
#2567=LINE('',#15663,#3851);
#2568=LINE('',#15670,#3852);
#2569=LINE('',#15674,#3853);
#2570=LINE('',#15676,#3854);
#2571=LINE('',#15677,#3855);
#2572=LINE('',#15678,#3856);
#2573=LINE('',#15679,#3857);
#2574=LINE('',#15682,#3858);
#2575=LINE('',#15683,#3859);
#2576=LINE('',#15686,#3860);
#2577=LINE('',#15688,#3861);
#2578=LINE('',#15690,#3862);
#2579=LINE('',#15691,#3863);
#2580=LINE('',#15695,#3864);
#2581=LINE('',#15697,#3865);
#2582=LINE('',#15699,#3866);
#2583=LINE('',#15702,#3867);
#2584=LINE('',#15706,#3868);
#2585=LINE('',#15708,#3869);
#2586=LINE('',#15711,#3870);
#2587=LINE('',#15714,#3871);
#2588=LINE('',#15716,#3872);
#2589=LINE('',#15720,#3873);
#2590=LINE('',#15721,#3874);
#2591=LINE('',#15723,#3875);
#2592=LINE('',#15725,#3876);
#2593=LINE('',#15727,#3877);
#2594=LINE('',#15728,#3878);
#2595=LINE('',#15735,#3879);
#2596=LINE('',#15738,#3880);
#2597=LINE('',#15739,#3881);
#2598=LINE('',#15740,#3882);
#2599=LINE('',#15746,#3883);
#2600=LINE('',#15748,#3884);
#2601=LINE('',#15750,#3885);
#2602=LINE('',#15751,#3886);
#2603=LINE('',#15755,#3887);
#2604=LINE('',#15757,#3888);
#2605=LINE('',#15759,#3889);
#2606=LINE('',#15760,#3890);
#2607=LINE('',#15764,#3891);
#2608=LINE('',#15766,#3892);
#2609=LINE('',#15768,#3893);
#2610=LINE('',#15769,#3894);
#2611=LINE('',#15773,#3895);
#2612=LINE('',#15775,#3896);
#2613=LINE('',#15777,#3897);
#2614=LINE('',#15778,#3898);
#2615=LINE('',#15781,#3899);
#2616=LINE('',#15783,#3900);
#2617=LINE('',#15785,#3901);
#2618=LINE('',#15787,#3902);
#2619=LINE('',#15788,#3903);
#2620=LINE('',#15789,#3904);
#2621=LINE('',#15791,#3905);
#2622=LINE('',#15793,#3906);
#2623=LINE('',#15795,#3907);
#2624=LINE('',#15797,#3908);
#2625=LINE('',#15798,#3909);
#2626=LINE('',#15799,#3910);
#2627=LINE('',#15818,#3911);
#2628=LINE('',#15819,#3912);
#2629=LINE('',#15822,#3913);
#2630=LINE('',#15824,#3914);
#2631=LINE('',#15826,#3915);
#2632=LINE('',#15828,#3916);
#2633=LINE('',#15829,#3917);
#2634=LINE('',#15830,#3918);
#2635=LINE('',#15832,#3919);
#2636=LINE('',#15834,#3920);
#2637=LINE('',#15836,#3921);
#2638=LINE('',#15837,#3922);
#2639=LINE('',#15838,#3923);
#2640=LINE('',#15856,#3924);
#2641=LINE('',#15860,#3925);
#2642=LINE('',#15863,#3926);
#2643=LINE('',#15868,#3927);
#2644=LINE('',#15871,#3928);
#2645=LINE('',#15876,#3929);
#2646=LINE('',#15879,#3930);
#2647=LINE('',#15884,#3931);
#2648=LINE('',#15887,#3932);
#2649=LINE('',#15892,#3933);
#2650=LINE('',#15895,#3934);
#2651=LINE('',#15900,#3935);
#2652=LINE('',#15903,#3936);
#2653=LINE('',#15908,#3937);
#2654=LINE('',#15911,#3938);
#2655=LINE('',#15916,#3939);
#2656=LINE('',#15919,#3940);
#2657=LINE('',#15922,#3941);
#2658=LINE('',#15924,#3942);
#2659=LINE('',#15926,#3943);
#2660=LINE('',#15928,#3944);
#2661=LINE('',#15930,#3945);
#2662=LINE('',#15931,#3946);
#2663=LINE('',#15936,#3947);
#2664=LINE('',#15938,#3948);
#2665=LINE('',#15940,#3949);
#2666=LINE('',#15941,#3950);
#2667=LINE('',#15944,#3951);
#2668=LINE('',#15946,#3952);
#2669=LINE('',#15947,#3953);
#2670=LINE('',#15950,#3954);
#2671=LINE('',#15951,#3955);
#2672=LINE('',#15954,#3956);
#2673=LINE('',#15955,#3957);
#2674=LINE('',#15958,#3958);
#2675=LINE('',#15960,#3959);
#2676=LINE('',#15961,#3960);
#2677=LINE('',#15964,#3961);
#2678=LINE('',#15966,#3962);
#2679=LINE('',#15967,#3963);
#2680=LINE('',#15970,#3964);
#2681=LINE('',#15972,#3965);
#2682=LINE('',#15973,#3966);
#2683=LINE('',#15976,#3967);
#2684=LINE('',#15977,#3968);
#2685=LINE('',#15980,#3969);
#2686=LINE('',#15981,#3970);
#2687=LINE('',#15983,#3971);
#2688=LINE('',#15985,#3972);
#2689=LINE('',#15987,#3973);
#2690=LINE('',#15989,#3974);
#2691=VECTOR('',#10668,7.);
#2692=VECTOR('',#10669,1.);
#2693=VECTOR('',#10670,9.);
#2694=VECTOR('',#10671,34.);
#2695=VECTOR('',#10672,9.);
#2696=VECTOR('',#10673,1.);
#2697=VECTOR('',#10674,7.);
#2698=VECTOR('',#10675,1.);
#2699=VECTOR('',#10676,9.);
#2700=VECTOR('',#10677,34.);
#2701=VECTOR('',#10678,9.);
#2702=VECTOR('',#10679,1.);
#2703=VECTOR('',#10696,6.);
#2704=VECTOR('',#10697,2.304248688935);
#2705=VECTOR('',#10700,2.304248688935);
#2706=VECTOR('',#10701,6.);
#2707=VECTOR('',#10702,2.304248688935);
#2708=VECTOR('',#10705,2.304248688935);
#2709=VECTOR('',#10710,1.05);
#2710=VECTOR('',#10713,2.309401076759);
#2711=VECTOR('',#10714,2.30940107675892);
#2712=VECTOR('',#10715,2.30940107675892);
#2713=VECTOR('',#10716,2.309401076759);
#2714=VECTOR('',#10717,2.30940107675892);
#2715=VECTOR('',#10718,2.30940107675892);
#2716=VECTOR('',#10721,2.);
#2717=VECTOR('',#10722,2.);
#2718=VECTOR('',#10723,2.309401076759);
#2719=VECTOR('',#10726,2.);
#2720=VECTOR('',#10727,2.30940107675892);
#2721=VECTOR('',#10730,2.);
#2722=VECTOR('',#10731,2.30940107675892);
#2723=VECTOR('',#10734,2.);
#2724=VECTOR('',#10735,2.309401076759);
#2725=VECTOR('',#10738,2.);
#2726=VECTOR('',#10739,2.30940107675892);
#2727=VECTOR('',#10742,2.30940107675892);
#2728=VECTOR('',#10745,0.6756443470179);
#2729=VECTOR('',#10746,3.30495827718589);
#2730=VECTOR('',#10747,3.695041722814);
#2731=VECTOR('',#10748,3.30495827718589);
#2732=VECTOR('',#10749,0.6756443470179);
#2733=VECTOR('',#10750,3.30495827718589);
#2734=VECTOR('',#10751,3.695041722814);
#2735=VECTOR('',#10752,3.30495827718589);
#2736=VECTOR('',#10753,2.30940107675892);
#2737=VECTOR('',#10754,2.30940107675892);
#2738=VECTOR('',#10755,2.309401076759);
#2739=VECTOR('',#10756,2.30940107675892);
#2740=VECTOR('',#10757,2.30940107675892);
#2741=VECTOR('',#10758,2.309401076759);
#2742=VECTOR('',#10761,0.6756443470179);
#2743=VECTOR('',#10762,3.30495827718589);
#2744=VECTOR('',#10763,3.695041722814);
#2745=VECTOR('',#10764,3.30495827718589);
#2746=VECTOR('',#10765,0.6756443470179);
#2747=VECTOR('',#10766,3.30495827718589);
#2748=VECTOR('',#10767,3.695041722814);
#2749=VECTOR('',#10768,3.30495827718589);
#2750=VECTOR('',#10769,2.30940107675892);
#2751=VECTOR('',#10770,2.30940107675892);
#2752=VECTOR('',#10771,2.309401076759);
#2753=VECTOR('',#10772,2.30940107675892);
#2754=VECTOR('',#10773,2.30940107675892);
#2755=VECTOR('',#10774,2.309401076759);
#2756=VECTOR('',#10777,0.6756443470179);
#2757=VECTOR('',#10778,3.30495827718589);
#2758=VECTOR('',#10779,3.695041722814);
#2759=VECTOR('',#10780,3.30495827718589);
#2760=VECTOR('',#10781,0.6756443470179);
#2761=VECTOR('',#10782,3.30495827718589);
#2762=VECTOR('',#10783,3.695041722814);
#2763=VECTOR('',#10784,3.30495827718589);
#2764=VECTOR('',#10785,2.30940107675892);
#2765=VECTOR('',#10786,2.30940107675892);
#2766=VECTOR('',#10787,2.309401076759);
#2767=VECTOR('',#10788,2.30940107675892);
#2768=VECTOR('',#10789,2.30940107675892);
#2769=VECTOR('',#10790,2.309401076759);
#2770=VECTOR('',#10793,0.6756443470179);
#2771=VECTOR('',#10794,3.30495827718589);
#2772=VECTOR('',#10795,3.695041722814);
#2773=VECTOR('',#10796,3.30495827718589);
#2774=VECTOR('',#10797,0.6756443470178);
#2775=VECTOR('',#10798,3.30495827718589);
#2776=VECTOR('',#10799,3.695041722814);
#2777=VECTOR('',#10800,3.30495827718589);
#2778=VECTOR('',#10801,2.30940107675892);
#2779=VECTOR('',#10802,2.30940107675892);
#2780=VECTOR('',#10803,2.309401076759);
#2781=VECTOR('',#10804,2.30940107675892);
#2782=VECTOR('',#10805,2.30940107675892);
#2783=VECTOR('',#10806,2.309401076759);
#2784=VECTOR('',#10809,0.6756443470179);
#2785=VECTOR('',#10810,3.30495827718589);
#2786=VECTOR('',#10811,3.695041722814);
#2787=VECTOR('',#10812,3.30495827718589);
#2788=VECTOR('',#10813,0.6756443470179);
#2789=VECTOR('',#10814,3.30495827718589);
#2790=VECTOR('',#10815,3.695041722814);
#2791=VECTOR('',#10816,3.30495827718589);
#2792=VECTOR('',#10819,0.6756443470179);
#2793=VECTOR('',#10820,3.30495827718589);
#2794=VECTOR('',#10821,3.695041722814);
#2795=VECTOR('',#10822,3.30495827718589);
#2796=VECTOR('',#10823,0.6756443470179);
#2797=VECTOR('',#10824,3.30495827718589);
#2798=VECTOR('',#10825,3.695041722814);
#2799=VECTOR('',#10826,3.30495827718589);
#2800=VECTOR('',#10827,2.30940107675892);
#2801=VECTOR('',#10828,2.30940107675892);
#2802=VECTOR('',#10829,2.309401076759);
#2803=VECTOR('',#10830,2.30940107675892);
#2804=VECTOR('',#10831,2.30940107675892);
#2805=VECTOR('',#10832,2.309401076759);
#2806=VECTOR('',#10835,1.385640646055);
#2807=VECTOR('',#10836,1.91931763113094);
#2808=VECTOR('',#10837,0.6756443470179);
#2809=VECTOR('',#10838,3.30495827718589);
#2810=VECTOR('',#10839,3.695041722814);
#2811=VECTOR('',#10840,3.30495827718589);
#2812=VECTOR('',#10841,0.6756443470179);
#2813=VECTOR('',#10842,1.91931763113094);
#2814=VECTOR('',#10843,1.385640646055);
#2815=VECTOR('',#10844,2.30940107675892);
#2816=VECTOR('',#10845,2.30940107675892);
#2817=VECTOR('',#10846,2.309401076759);
#2818=VECTOR('',#10847,2.30940107675892);
#2819=VECTOR('',#10848,2.30940107675892);
#2820=VECTOR('',#10851,1.385640646055);
#2821=VECTOR('',#10852,1.91931763113094);
#2822=VECTOR('',#10853,0.6756443470179);
#2823=VECTOR('',#10854,3.30495827718589);
#2824=VECTOR('',#10855,3.695041722814);
#2825=VECTOR('',#10856,3.30495827718589);
#2826=VECTOR('',#10857,0.6756443470179);
#2827=VECTOR('',#10858,1.91931763113094);
#2828=VECTOR('',#10859,1.385640646055);
#2829=VECTOR('',#10860,2.30940107675892);
#2830=VECTOR('',#10861,2.30940107675892);
#2831=VECTOR('',#10862,2.309401076759);
#2832=VECTOR('',#10863,2.30940107675892);
#2833=VECTOR('',#10864,2.30940107675892);
#2834=VECTOR('',#10867,2.);
#2835=VECTOR('',#10868,2.30940107675892);
#2836=VECTOR('',#10869,2.);
#2837=VECTOR('',#10872,2.);
#2838=VECTOR('',#10873,2.309401076759);
#2839=VECTOR('',#10876,2.);
#2840=VECTOR('',#10877,2.30940107675892);
#2841=VECTOR('',#10880,2.);
#2842=VECTOR('',#10881,2.30940107675892);
#2843=VECTOR('',#10884,2.);
#2844=VECTOR('',#10885,2.309401076759);
#2845=VECTOR('',#10888,2.30940107675892);
#2846=VECTOR('',#10895,1.05);
#2847=VECTOR('',#10898,2.);
#2848=VECTOR('',#10899,2.30940107675892);
#2849=VECTOR('',#10900,2.);
#2850=VECTOR('',#10903,2.);
#2851=VECTOR('',#10904,2.309401076759);
#2852=VECTOR('',#10907,2.);
#2853=VECTOR('',#10908,2.30940107675892);
#2854=VECTOR('',#10911,2.);
#2855=VECTOR('',#10912,2.30940107675892);
#2856=VECTOR('',#10915,2.);
#2857=VECTOR('',#10916,2.309401076759);
#2858=VECTOR('',#10919,2.30940107675892);
#2859=VECTOR('',#10926,1.05);
#2860=VECTOR('',#10929,2.);
#2861=VECTOR('',#10930,2.30940107675892);
#2862=VECTOR('',#10931,2.);
#2863=VECTOR('',#10934,2.);
#2864=VECTOR('',#10935,2.309401076759);
#2865=VECTOR('',#10938,2.);
#2866=VECTOR('',#10939,2.30940107675892);
#2867=VECTOR('',#10942,2.);
#2868=VECTOR('',#10943,2.30940107675892);
#2869=VECTOR('',#10946,2.);
#2870=VECTOR('',#10947,2.309401076759);
#2871=VECTOR('',#10950,2.30940107675892);
#2872=VECTOR('',#10957,1.05);
#2873=VECTOR('',#10960,2.);
#2874=VECTOR('',#10961,2.30940107675892);
#2875=VECTOR('',#10962,2.);
#2876=VECTOR('',#10965,2.);
#2877=VECTOR('',#10966,2.309401076759);
#2878=VECTOR('',#10969,2.);
#2879=VECTOR('',#10970,2.30940107675892);
#2880=VECTOR('',#10973,2.);
#2881=VECTOR('',#10974,2.30940107675892);
#2882=VECTOR('',#10977,2.);
#2883=VECTOR('',#10978,2.309401076759);
#2884=VECTOR('',#10981,2.30940107675892);
#2885=VECTOR('',#10988,1.05);
#2886=VECTOR('',#10991,2.);
#2887=VECTOR('',#10992,2.30940107675892);
#2888=VECTOR('',#10993,2.);
#2889=VECTOR('',#10996,2.);
#2890=VECTOR('',#10997,2.309401076759);
#2891=VECTOR('',#11000,2.);
#2892=VECTOR('',#11001,2.30940107675892);
#2893=VECTOR('',#11004,2.);
#2894=VECTOR('',#11005,2.30940107675892);
#2895=VECTOR('',#11008,2.);
#2896=VECTOR('',#11009,2.309401076759);
#2897=VECTOR('',#11012,2.30940107675892);
#2898=VECTOR('',#11019,1.05);
#2899=VECTOR('',#11022,6.662177826491);
#2900=VECTOR('',#11023,1.41421356237291);
#2901=VECTOR('',#11024,2.1);
#2902=VECTOR('',#11025,2.54558441227183);
#2903=VECTOR('',#11026,28.4);
#2904=VECTOR('',#11027,2.54558441227183);
#2905=VECTOR('',#11028,2.1);
#2906=VECTOR('',#11029,1.41421356237291);
#2907=VECTOR('',#11030,6.662177826491);
#2908=VECTOR('',#11031,1.);
#2909=VECTOR('',#11032,1.);
#2910=VECTOR('',#11033,7.324355652982);
#2911=VECTOR('',#11034,1.);
#2912=VECTOR('',#11035,1.);
#2913=VECTOR('',#11036,7.324355652982);
#2914=VECTOR('',#11037,1.);
#2915=VECTOR('',#11038,1.);
#2916=VECTOR('',#11041,3.30495827718589);
#2917=VECTOR('',#11042,3.695041722814);
#2918=VECTOR('',#11043,3.30495827718589);
#2919=VECTOR('',#11044,6.662177826491);
#2920=VECTOR('',#11045,7.);
#2921=VECTOR('',#11048,3.30495827718589);
#2922=VECTOR('',#11049,3.695041722814);
#2923=VECTOR('',#11050,3.30495827718589);
#2924=VECTOR('',#11051,7.324355652982);
#2925=VECTOR('',#11052,3.30495827718589);
#2926=VECTOR('',#11053,3.695041722814);
#2927=VECTOR('',#11054,3.30495827718589);
#2928=VECTOR('',#11057,3.30495827718589);
#2929=VECTOR('',#11058,3.695041722814);
#2930=VECTOR('',#11059,3.30495827718589);
#2931=VECTOR('',#11060,7.324355652982);
#2932=VECTOR('',#11061,3.30495827718589);
#2933=VECTOR('',#11062,3.695041722814);
#2934=VECTOR('',#11063,3.30495827718589);
#2935=VECTOR('',#11066,7.);
#2936=VECTOR('',#11067,6.662177826491);
#2937=VECTOR('',#11068,3.30495827718589);
#2938=VECTOR('',#11069,3.695041722814);
#2939=VECTOR('',#11070,3.30495827718589);
#2940=VECTOR('',#11073,6.662177826491);
#2941=VECTOR('',#11074,3.30495827718589);
#2942=VECTOR('',#11075,3.695041722814);
#2943=VECTOR('',#11076,3.30495827718589);
#2944=VECTOR('',#11077,6.662177826491);
#2945=VECTOR('',#11078,7.);
#2946=VECTOR('',#11081,6.662177826491);
#2947=VECTOR('',#11082,7.);
#2948=VECTOR('',#11083,6.662177826491);
#2949=VECTOR('',#11084,3.30495827718589);
#2950=VECTOR('',#11085,3.695041722814);
#2951=VECTOR('',#11086,3.30495827718589);
#2952=VECTOR('',#11089,6.662177826491);
#2953=VECTOR('',#11090,7.);
#2954=VECTOR('',#11091,6.662177826491);
#2955=VECTOR('',#11092,3.30495827718589);
#2956=VECTOR('',#11093,3.695041722814);
#2957=VECTOR('',#11094,3.30495827718589);
#2958=VECTOR('',#11097,7.324355652982);
#2959=VECTOR('',#11098,3.30495827718589);
#2960=VECTOR('',#11099,3.695041722814);
#2961=VECTOR('',#11100,3.30495827718589);
#2962=VECTOR('',#11101,7.324355652982);
#2963=VECTOR('',#11102,3.30495827718589);
#2964=VECTOR('',#11103,3.695041722814);
#2965=VECTOR('',#11104,3.30495827718589);
#2966=VECTOR('',#11107,7.324355652982);
#2967=VECTOR('',#11108,3.30495827718589);
#2968=VECTOR('',#11109,3.695041722814);
#2969=VECTOR('',#11110,3.30495827718589);
#2970=VECTOR('',#11111,7.324355652982);
#2971=VECTOR('',#11112,3.30495827718589);
#2972=VECTOR('',#11113,3.695041722814);
#2973=VECTOR('',#11114,3.30495827718589);
#2974=VECTOR('',#11117,6.662177826491);
#2975=VECTOR('',#11118,3.30495827718589);
#2976=VECTOR('',#11119,3.695041722814);
#2977=VECTOR('',#11120,3.30495827718589);
#2978=VECTOR('',#11121,6.662177826491);
#2979=VECTOR('',#11122,7.);
#2980=VECTOR('',#11125,0.9596588155656);
#2981=VECTOR('',#11126,1.662177826491);
#2982=VECTOR('',#11127,1.91931763113094);
#2983=VECTOR('',#11130,0.9596588155656);
#2984=VECTOR('',#11131,1.91931763113094);
#2985=VECTOR('',#11132,1.662177826491);
#2986=VECTOR('',#11135,0.9596588155656);
#2987=VECTOR('',#11136,1.662177826491);
#2988=VECTOR('',#11137,1.91931763113094);
#2989=VECTOR('',#11140,0.9596588155656);
#2990=VECTOR('',#11141,1.91931763113094);
#2991=VECTOR('',#11142,1.662177826491);
#2992=VECTOR('',#11145,1.41421356237291);
#2993=VECTOR('',#11146,7.);
#2994=VECTOR('',#11149,1.41421356237291);
#2995=VECTOR('',#11150,7.);
#2996=VECTOR('',#11151,1.41421356237291);
#2997=VECTOR('',#11154,7.);
#2998=VECTOR('',#11155,0.707106781186453);
#2999=VECTOR('',#11156,0.707106781186453);
#3000=VECTOR('',#11159,4.10121933088173);
#3001=VECTOR('',#11160,3.);
#3002=VECTOR('',#11161,4.10121933088173);
#3003=VECTOR('',#11162,0.9);
#3004=VECTOR('',#11163,2.1);
#3005=VECTOR('',#11164,0.9);
#3006=VECTOR('',#11169,4.10121933088173);
#3007=VECTOR('',#11170,3.);
#3008=VECTOR('',#11171,4.10121933088173);
#3009=VECTOR('',#11172,0.9);
#3010=VECTOR('',#11173,2.1);
#3011=VECTOR('',#11174,2.1);
#3012=VECTOR('',#11175,0.9);
#3013=VECTOR('',#11180,1.05);
#3014=VECTOR('',#11187,1.05);
#3015=VECTOR('',#11202,1.9);
#3016=VECTOR('',#11207,4.24264068711871);
#3017=VECTOR('',#11208,4.);
#3018=VECTOR('',#11209,9.);
#3019=VECTOR('',#11210,2.6);
#3020=VECTOR('',#11211,3.16227766016792);
#3021=VECTOR('',#11212,3.);
#3022=VECTOR('',#11213,3.16227766016792);
#3023=VECTOR('',#11214,3.6);
#3024=VECTOR('',#11215,2.82842712474581);
#3025=VECTOR('',#11216,3.);
#3026=VECTOR('',#11221,4.24264068711871);
#3027=VECTOR('',#11222,4.);
#3028=VECTOR('',#11223,9.);
#3029=VECTOR('',#11224,4.);
#3030=VECTOR('',#11225,4.24264068711871);
#3031=VECTOR('',#11226,3.);
#3032=VECTOR('',#11229,1.9);
#3033=VECTOR('',#11232,3.);
#3034=VECTOR('',#11233,0.173205080756892);
#3035=VECTOR('',#11234,3.1);
#3036=VECTOR('',#11237,2.40416305603384);
#3037=VECTOR('',#11238,28.4);
#3038=VECTOR('',#11239,2.40416305603384);
#3039=VECTOR('',#11240,3.1);
#3040=VECTOR('',#11241,4.);
#3041=VECTOR('',#11242,2.82842712474581);
#3042=VECTOR('',#11243,2.82842712474581);
#3043=VECTOR('',#11246,2.82842712474581);
#3044=VECTOR('',#11247,2.82842712474581);
#3045=VECTOR('',#11250,2.82842712474581);
#3046=VECTOR('',#11253,3.1);
#3047=VECTOR('',#11254,2.40416305603384);
#3048=VECTOR('',#11255,8.2);
#3049=VECTOR('',#11256,1.3);
#3050=VECTOR('',#11257,1.);
#3051=VECTOR('',#11258,1.);
#3052=VECTOR('',#11259,0.5);
#3053=VECTOR('',#11260,3.5);
#3054=VECTOR('',#11263,3.1);
#3055=VECTOR('',#11264,4.);
#3056=VECTOR('',#11265,2.82842712474581);
#3057=VECTOR('',#11266,3.5);
#3058=VECTOR('',#11267,0.5);
#3059=VECTOR('',#11268,0.707106781186453);
#3060=VECTOR('',#11269,1.);
#3061=VECTOR('',#11270,1.);
#3062=VECTOR('',#11271,1.3);
#3063=VECTOR('',#11272,8.2);
#3064=VECTOR('',#11273,2.40416305603384);
#3065=VECTOR('',#11276,3.);
#3066=VECTOR('',#11277,0.173205080756892);
#3067=VECTOR('',#11280,2.54558441227183);
#3068=VECTOR('',#11281,1.);
#3069=VECTOR('',#11284,7.);
#3070=VECTOR('',#11285,8.2);
#3071=VECTOR('',#11286,1.);
#3072=VECTOR('',#11287,1.);
#3073=VECTOR('',#11288,8.2);
#3074=VECTOR('',#11289,7.);
#3075=VECTOR('',#11290,28.4);
#3076=VECTOR('',#11291,1.);
#3077=VECTOR('',#11292,6.);
#3078=VECTOR('',#11293,9.9);
#3079=VECTOR('',#11294,6.);
#3080=VECTOR('',#11295,9.9);
#3081=VECTOR('',#11298,2.);
#3082=VECTOR('',#11299,2.309401076759);
#3083=VECTOR('',#11300,2.);
#3084=VECTOR('',#11301,1.);
#3085=VECTOR('',#11302,1.3);
#3086=VECTOR('',#11303,1.);
#3087=VECTOR('',#11306,2.);
#3088=VECTOR('',#11307,2.30940107675892);
#3089=VECTOR('',#11310,2.309401076759);
#3090=VECTOR('',#11311,2.30940107675892);
#3091=VECTOR('',#11312,2.30940107675892);
#3092=VECTOR('',#11313,2.30940107675892);
#3093=VECTOR('',#11318,2.);
#3094=VECTOR('',#11319,2.);
#3095=VECTOR('',#11322,2.);
#3096=VECTOR('',#11329,1.05);
#3097=VECTOR('',#11334,1.9);
#3098=VECTOR('',#11335,4.);
#3099=VECTOR('',#11336,1.2);
#3100=VECTOR('',#11337,3.5);
#3101=VECTOR('',#11338,0.5);
#3102=VECTOR('',#11339,1.);
#3103=VECTOR('',#11340,1.);
#3104=VECTOR('',#11341,1.3);
#3105=VECTOR('',#11342,2.40416305603384);
#3106=VECTOR('',#11345,1.9);
#3107=VECTOR('',#11346,2.40416305603384);
#3108=VECTOR('',#11347,1.);
#3109=VECTOR('',#11348,1.);
#3110=VECTOR('',#11349,0.707106781186453);
#3111=VECTOR('',#11350,0.5);
#3112=VECTOR('',#11351,3.5);
#3113=VECTOR('',#11352,2.82842712474581);
#3114=VECTOR('',#11353,1.2);
#3115=VECTOR('',#11354,4.);
#3116=VECTOR('',#11357,3.);
#3117=VECTOR('',#11358,1.2);
#3118=VECTOR('',#11359,1.41421356237291);
#3119=VECTOR('',#11360,0.173205080756892);
#3120=VECTOR('',#11365,3.6);
#3121=VECTOR('',#11366,3.16227766016792);
#3122=VECTOR('',#11367,0.5);
#3123=VECTOR('',#11368,1.2);
#3124=VECTOR('',#11369,2.);
#3125=VECTOR('',#11370,1.2);
#3126=VECTOR('',#11371,0.5);
#3127=VECTOR('',#11372,3.16227766016792);
#3128=VECTOR('',#11373,2.6);
#3129=VECTOR('',#11376,1.2);
#3130=VECTOR('',#11379,1.2);
#3131=VECTOR('',#11382,1.2);
#3132=VECTOR('',#11383,2.);
#3133=VECTOR('',#11392,1.2);
#3134=VECTOR('',#11399,2.6);
#3135=VECTOR('',#11400,3.16227766016792);
#3136=VECTOR('',#11401,0.5);
#3137=VECTOR('',#11402,1.2);
#3138=VECTOR('',#11403,2.);
#3139=VECTOR('',#11404,0.5);
#3140=VECTOR('',#11405,3.16227766016792);
#3141=VECTOR('',#11406,3.6);
#3142=VECTOR('',#11407,1.41421356237291);
#3143=VECTOR('',#11410,2.82842712474581);
#3144=VECTOR('',#11411,3.);
#3145=VECTOR('',#11412,4.10121933088173);
#3146=VECTOR('',#11413,0.173205080756892);
#3147=VECTOR('',#11414,1.2);
#3148=VECTOR('',#11417,4.24264068711871);
#3149=VECTOR('',#11418,4.);
#3150=VECTOR('',#11419,9.);
#3151=VECTOR('',#11420,4.24264068711871);
#3152=VECTOR('',#11421,3.);
#3153=VECTOR('',#11426,3.6);
#3154=VECTOR('',#11427,3.16227766016792);
#3155=VECTOR('',#11428,3.);
#3156=VECTOR('',#11429,3.16227766016792);
#3157=VECTOR('',#11430,2.6);
#3158=VECTOR('',#11431,9.);
#3159=VECTOR('',#11432,4.24264068711871);
#3160=VECTOR('',#11433,3.);
#3161=VECTOR('',#11440,1.9);
#3162=VECTOR('',#11451,1.9);
#3163=VECTOR('',#11454,4.10121933088173);
#3164=VECTOR('',#11455,3.);
#3165=VECTOR('',#11456,4.10121933088173);
#3166=VECTOR('',#11457,0.9);
#3167=VECTOR('',#11458,2.1);
#3168=VECTOR('',#11459,7.);
#3169=VECTOR('',#11460,2.1);
#3170=VECTOR('',#11461,0.9);
#3171=VECTOR('',#11464,3.);
#3172=VECTOR('',#11465,4.10121933088173);
#3173=VECTOR('',#11466,0.9);
#3174=VECTOR('',#11467,2.1);
#3175=VECTOR('',#11468,7.);
#3176=VECTOR('',#11469,0.9);
#3177=VECTOR('',#11474,1.05);
#3178=VECTOR('',#11477,1.05);
#3179=VECTOR('',#11480,3.);
#3180=VECTOR('',#11481,0.173205080756892);
#3181=VECTOR('',#11482,3.1);
#3182=VECTOR('',#11485,3.1);
#3183=VECTOR('',#11486,2.82842712474581);
#3184=VECTOR('',#11487,2.40416305603384);
#3185=VECTOR('',#11488,28.4);
#3186=VECTOR('',#11489,2.40416305603384);
#3187=VECTOR('',#11492,3.);
#3188=VECTOR('',#11493,0.173205080756892);
#3189=VECTOR('',#11496,1.);
#3190=VECTOR('',#11497,2.54558441227183);
#3191=VECTOR('',#11500,28.4);
#3192=VECTOR('',#11501,2.54558441227183);
#3193=VECTOR('',#11502,1.41421356237291);
#3194=VECTOR('',#11503,1.);
#3195=VECTOR('',#11504,1.);
#3196=VECTOR('',#11505,1.);
#3197=VECTOR('',#11506,1.);
#3198=VECTOR('',#11507,1.);
#3199=VECTOR('',#11508,1.);
#3200=VECTOR('',#11511,1.);
#3201=VECTOR('',#11514,1.);
#3202=VECTOR('',#11517,1.);
#3203=VECTOR('',#11520,1.);
#3204=VECTOR('',#11521,1.);
#3205=VECTOR('',#11522,1.);
#3206=VECTOR('',#11523,1.);
#3207=VECTOR('',#11524,1.);
#3208=VECTOR('',#11525,1.41421356237291);
#3209=VECTOR('',#11526,2.54558441227183);
#3210=VECTOR('',#11529,0.173205080756892);
#3211=VECTOR('',#11532,3.);
#3212=VECTOR('',#11541,3.);
#3213=VECTOR('',#11544,0.173205080756892);
#3214=VECTOR('',#11547,1.);
#3215=VECTOR('',#11548,2.54558441227183);
#3216=VECTOR('',#11551,1.);
#3217=VECTOR('',#11552,1.);
#3218=VECTOR('',#11553,1.);
#3219=VECTOR('',#11554,1.);
#3220=VECTOR('',#11555,1.);
#3221=VECTOR('',#11556,1.);
#3222=VECTOR('',#11557,1.41421356237291);
#3223=VECTOR('',#11558,28.4);
#3224=VECTOR('',#11559,2.54558441227183);
#3225=VECTOR('',#11562,1.);
#3226=VECTOR('',#11571,7.);
#3227=VECTOR('',#11574,7.);
#3228=VECTOR('',#11579,1.);
#3229=VECTOR('',#11582,1.);
#3230=VECTOR('',#11587,1.);
#3231=VECTOR('',#11590,1.);
#3232=VECTOR('',#11595,1.);
#3233=VECTOR('',#11598,1.);
#3234=VECTOR('',#11603,1.);
#3235=VECTOR('',#11606,1.);
#3236=VECTOR('',#11611,1.);
#3237=VECTOR('',#11614,1.);
#3238=VECTOR('',#11619,1.);
#3239=VECTOR('',#11622,1.);
#3240=VECTOR('',#11627,1.);
#3241=VECTOR('',#11630,1.);
#3242=VECTOR('',#11635,1.);
#3243=VECTOR('',#11638,1.);
#3244=VECTOR('',#11643,1.);
#3245=VECTOR('',#11646,1.);
#3246=VECTOR('',#11651,1.);
#3247=VECTOR('',#11654,1.);
#3248=VECTOR('',#11659,1.);
#3249=VECTOR('',#11662,1.);
#3250=VECTOR('',#11667,1.);
#3251=VECTOR('',#11678,1.2);
#3252=VECTOR('',#11681,1.2);
#3253=VECTOR('',#11684,1.2);
#3254=VECTOR('',#11685,2.);
#3255=VECTOR('',#11688,1.2);
#3256=VECTOR('',#11701,1.2);
#3257=VECTOR('',#11706,2.);
#3258=VECTOR('',#11707,2.309401076759);
#3259=VECTOR('',#11708,2.);
#3260=VECTOR('',#11709,1.);
#3261=VECTOR('',#11710,1.);
#3262=VECTOR('',#11713,2.);
#3263=VECTOR('',#11714,2.30940107675892);
#3264=VECTOR('',#11717,2.30940107675892);
#3265=VECTOR('',#11718,2.309401076759);
#3266=VECTOR('',#11719,2.30940107675892);
#3267=VECTOR('',#11720,2.30940107675892);
#3268=VECTOR('',#11725,2.);
#3269=VECTOR('',#11728,2.);
#3270=VECTOR('',#11731,2.);
#3271=VECTOR('',#11736,1.05);
#3272=VECTOR('',#11743,1.);
#3273=VECTOR('',#11746,1.);
#3274=VECTOR('',#11751,7.);
#3275=VECTOR('',#11756,1.);
#3276=VECTOR('',#11759,1.);
#3277=VECTOR('',#11766,4.3);
#3278=VECTOR('',#11767,4.3);
#3279=VECTOR('',#11770,4.3);
#3280=VECTOR('',#11771,1.5);
#3281=VECTOR('',#11772,5.291502622129);
#3282=VECTOR('',#11773,1.5);
#3283=VECTOR('',#11782,5.291502622129);
#3284=VECTOR('',#11787,4.3);
#3285=VECTOR('',#11788,1.5);
#3286=VECTOR('',#11789,1.5);
#3287=VECTOR('',#11798,7.);
#3288=VECTOR('',#11799,1.);
#3289=VECTOR('',#11800,9.);
#3290=VECTOR('',#11801,34.);
#3291=VECTOR('',#11802,9.);
#3292=VECTOR('',#11803,1.);
#3293=VECTOR('',#11804,7.);
#3294=VECTOR('',#11805,1.);
#3295=VECTOR('',#11806,9.);
#3296=VECTOR('',#11807,34.);
#3297=VECTOR('',#11808,9.);
#3298=VECTOR('',#11809,1.);
#3299=VECTOR('',#11826,6.);
#3300=VECTOR('',#11827,2.304248688935);
#3301=VECTOR('',#11830,2.304248688935);
#3302=VECTOR('',#11831,6.);
#3303=VECTOR('',#11832,2.304248688935);
#3304=VECTOR('',#11835,2.304248688935);
#3305=VECTOR('',#11840,1.05);
#3306=VECTOR('',#11843,2.309401076759);
#3307=VECTOR('',#11844,2.30940107675892);
#3308=VECTOR('',#11845,2.30940107675892);
#3309=VECTOR('',#11846,2.309401076759);
#3310=VECTOR('',#11847,2.30940107675892);
#3311=VECTOR('',#11848,2.30940107675892);
#3312=VECTOR('',#11851,2.);
#3313=VECTOR('',#11852,2.);
#3314=VECTOR('',#11853,2.309401076759);
#3315=VECTOR('',#11856,2.);
#3316=VECTOR('',#11857,2.30940107675892);
#3317=VECTOR('',#11860,2.);
#3318=VECTOR('',#11861,2.30940107675892);
#3319=VECTOR('',#11864,2.);
#3320=VECTOR('',#11865,2.309401076759);
#3321=VECTOR('',#11868,2.);
#3322=VECTOR('',#11869,2.30940107675892);
#3323=VECTOR('',#11872,2.30940107675892);
#3324=VECTOR('',#11875,0.6756443470179);
#3325=VECTOR('',#11876,3.30495827718589);
#3326=VECTOR('',#11877,3.695041722814);
#3327=VECTOR('',#11878,3.30495827718589);
#3328=VECTOR('',#11879,0.6756443470179);
#3329=VECTOR('',#11880,3.30495827718589);
#3330=VECTOR('',#11881,3.695041722814);
#3331=VECTOR('',#11882,3.30495827718589);
#3332=VECTOR('',#11883,2.30940107675892);
#3333=VECTOR('',#11884,2.30940107675892);
#3334=VECTOR('',#11885,2.309401076759);
#3335=VECTOR('',#11886,2.30940107675892);
#3336=VECTOR('',#11887,2.30940107675892);
#3337=VECTOR('',#11888,2.309401076759);
#3338=VECTOR('',#11891,0.6756443470179);
#3339=VECTOR('',#11892,3.30495827718589);
#3340=VECTOR('',#11893,3.695041722814);
#3341=VECTOR('',#11894,3.30495827718589);
#3342=VECTOR('',#11895,0.6756443470179);
#3343=VECTOR('',#11896,3.30495827718589);
#3344=VECTOR('',#11897,3.695041722814);
#3345=VECTOR('',#11898,3.30495827718589);
#3346=VECTOR('',#11899,2.30940107675892);
#3347=VECTOR('',#11900,2.30940107675892);
#3348=VECTOR('',#11901,2.309401076759);
#3349=VECTOR('',#11902,2.30940107675892);
#3350=VECTOR('',#11903,2.30940107675892);
#3351=VECTOR('',#11904,2.309401076759);
#3352=VECTOR('',#11907,0.6756443470179);
#3353=VECTOR('',#11908,3.30495827718589);
#3354=VECTOR('',#11909,3.695041722814);
#3355=VECTOR('',#11910,3.30495827718589);
#3356=VECTOR('',#11911,0.6756443470179);
#3357=VECTOR('',#11912,3.30495827718589);
#3358=VECTOR('',#11913,3.695041722814);
#3359=VECTOR('',#11914,3.30495827718589);
#3360=VECTOR('',#11915,2.30940107675892);
#3361=VECTOR('',#11916,2.30940107675892);
#3362=VECTOR('',#11917,2.309401076759);
#3363=VECTOR('',#11918,2.30940107675892);
#3364=VECTOR('',#11919,2.30940107675892);
#3365=VECTOR('',#11920,2.309401076759);
#3366=VECTOR('',#11923,0.6756443470179);
#3367=VECTOR('',#11924,3.30495827718589);
#3368=VECTOR('',#11925,3.695041722814);
#3369=VECTOR('',#11926,3.30495827718589);
#3370=VECTOR('',#11927,0.6756443470178);
#3371=VECTOR('',#11928,3.30495827718589);
#3372=VECTOR('',#11929,3.695041722814);
#3373=VECTOR('',#11930,3.30495827718589);
#3374=VECTOR('',#11931,2.30940107675892);
#3375=VECTOR('',#11932,2.30940107675892);
#3376=VECTOR('',#11933,2.309401076759);
#3377=VECTOR('',#11934,2.30940107675892);
#3378=VECTOR('',#11935,2.30940107675892);
#3379=VECTOR('',#11936,2.309401076759);
#3380=VECTOR('',#11939,0.6756443470179);
#3381=VECTOR('',#11940,3.30495827718589);
#3382=VECTOR('',#11941,3.695041722814);
#3383=VECTOR('',#11942,3.30495827718589);
#3384=VECTOR('',#11943,0.6756443470179);
#3385=VECTOR('',#11944,3.30495827718589);
#3386=VECTOR('',#11945,3.695041722814);
#3387=VECTOR('',#11946,3.30495827718589);
#3388=VECTOR('',#11949,0.6756443470179);
#3389=VECTOR('',#11950,3.30495827718589);
#3390=VECTOR('',#11951,3.695041722814);
#3391=VECTOR('',#11952,3.30495827718589);
#3392=VECTOR('',#11953,0.6756443470179);
#3393=VECTOR('',#11954,3.30495827718589);
#3394=VECTOR('',#11955,3.695041722814);
#3395=VECTOR('',#11956,3.30495827718589);
#3396=VECTOR('',#11957,2.30940107675892);
#3397=VECTOR('',#11958,2.30940107675892);
#3398=VECTOR('',#11959,2.309401076759);
#3399=VECTOR('',#11960,2.30940107675892);
#3400=VECTOR('',#11961,2.30940107675892);
#3401=VECTOR('',#11962,2.309401076759);
#3402=VECTOR('',#11965,1.385640646055);
#3403=VECTOR('',#11966,1.91931763113094);
#3404=VECTOR('',#11967,0.6756443470179);
#3405=VECTOR('',#11968,3.30495827718589);
#3406=VECTOR('',#11969,3.695041722814);
#3407=VECTOR('',#11970,3.30495827718589);
#3408=VECTOR('',#11971,0.6756443470179);
#3409=VECTOR('',#11972,1.91931763113094);
#3410=VECTOR('',#11973,1.385640646055);
#3411=VECTOR('',#11974,2.30940107675892);
#3412=VECTOR('',#11975,2.30940107675892);
#3413=VECTOR('',#11976,2.309401076759);
#3414=VECTOR('',#11977,2.30940107675892);
#3415=VECTOR('',#11978,2.30940107675892);
#3416=VECTOR('',#11981,1.385640646055);
#3417=VECTOR('',#11982,1.91931763113094);
#3418=VECTOR('',#11983,0.6756443470179);
#3419=VECTOR('',#11984,3.30495827718589);
#3420=VECTOR('',#11985,3.695041722814);
#3421=VECTOR('',#11986,3.30495827718589);
#3422=VECTOR('',#11987,0.6756443470179);
#3423=VECTOR('',#11988,1.91931763113094);
#3424=VECTOR('',#11989,1.385640646055);
#3425=VECTOR('',#11990,2.30940107675892);
#3426=VECTOR('',#11991,2.30940107675892);
#3427=VECTOR('',#11992,2.309401076759);
#3428=VECTOR('',#11993,2.30940107675892);
#3429=VECTOR('',#11994,2.30940107675892);
#3430=VECTOR('',#11997,2.);
#3431=VECTOR('',#11998,2.30940107675892);
#3432=VECTOR('',#11999,2.);
#3433=VECTOR('',#12002,2.);
#3434=VECTOR('',#12003,2.309401076759);
#3435=VECTOR('',#12006,2.);
#3436=VECTOR('',#12007,2.30940107675892);
#3437=VECTOR('',#12010,2.);
#3438=VECTOR('',#12011,2.30940107675892);
#3439=VECTOR('',#12014,2.);
#3440=VECTOR('',#12015,2.309401076759);
#3441=VECTOR('',#12018,2.30940107675892);
#3442=VECTOR('',#12025,1.05);
#3443=VECTOR('',#12028,2.);
#3444=VECTOR('',#12029,2.30940107675892);
#3445=VECTOR('',#12030,2.);
#3446=VECTOR('',#12033,2.);
#3447=VECTOR('',#12034,2.309401076759);
#3448=VECTOR('',#12037,2.);
#3449=VECTOR('',#12038,2.30940107675892);
#3450=VECTOR('',#12041,2.);
#3451=VECTOR('',#12042,2.30940107675892);
#3452=VECTOR('',#12045,2.);
#3453=VECTOR('',#12046,2.309401076759);
#3454=VECTOR('',#12049,2.30940107675892);
#3455=VECTOR('',#12056,1.05);
#3456=VECTOR('',#12059,2.);
#3457=VECTOR('',#12060,2.30940107675892);
#3458=VECTOR('',#12061,2.);
#3459=VECTOR('',#12064,2.);
#3460=VECTOR('',#12065,2.309401076759);
#3461=VECTOR('',#12068,2.);
#3462=VECTOR('',#12069,2.30940107675892);
#3463=VECTOR('',#12072,2.);
#3464=VECTOR('',#12073,2.30940107675892);
#3465=VECTOR('',#12076,2.);
#3466=VECTOR('',#12077,2.309401076759);
#3467=VECTOR('',#12080,2.30940107675892);
#3468=VECTOR('',#12087,1.05);
#3469=VECTOR('',#12090,2.);
#3470=VECTOR('',#12091,2.30940107675892);
#3471=VECTOR('',#12092,2.);
#3472=VECTOR('',#12095,2.);
#3473=VECTOR('',#12096,2.309401076759);
#3474=VECTOR('',#12099,2.);
#3475=VECTOR('',#12100,2.30940107675892);
#3476=VECTOR('',#12103,2.);
#3477=VECTOR('',#12104,2.30940107675892);
#3478=VECTOR('',#12107,2.);
#3479=VECTOR('',#12108,2.309401076759);
#3480=VECTOR('',#12111,2.30940107675892);
#3481=VECTOR('',#12118,1.05);
#3482=VECTOR('',#12121,2.);
#3483=VECTOR('',#12122,2.30940107675892);
#3484=VECTOR('',#12123,2.);
#3485=VECTOR('',#12126,2.);
#3486=VECTOR('',#12127,2.309401076759);
#3487=VECTOR('',#12130,2.);
#3488=VECTOR('',#12131,2.30940107675892);
#3489=VECTOR('',#12134,2.);
#3490=VECTOR('',#12135,2.30940107675892);
#3491=VECTOR('',#12138,2.);
#3492=VECTOR('',#12139,2.309401076759);
#3493=VECTOR('',#12142,2.30940107675892);
#3494=VECTOR('',#12149,1.05);
#3495=VECTOR('',#12152,6.662177826491);
#3496=VECTOR('',#12153,1.41421356237291);
#3497=VECTOR('',#12154,2.1);
#3498=VECTOR('',#12155,2.54558441227183);
#3499=VECTOR('',#12156,28.4);
#3500=VECTOR('',#12157,2.54558441227183);
#3501=VECTOR('',#12158,2.1);
#3502=VECTOR('',#12159,1.41421356237291);
#3503=VECTOR('',#12160,6.662177826491);
#3504=VECTOR('',#12161,1.);
#3505=VECTOR('',#12162,1.);
#3506=VECTOR('',#12163,7.324355652982);
#3507=VECTOR('',#12164,1.);
#3508=VECTOR('',#12165,1.);
#3509=VECTOR('',#12166,7.324355652982);
#3510=VECTOR('',#12167,1.);
#3511=VECTOR('',#12168,1.);
#3512=VECTOR('',#12171,3.30495827718589);
#3513=VECTOR('',#12172,3.695041722814);
#3514=VECTOR('',#12173,3.30495827718589);
#3515=VECTOR('',#12174,6.662177826491);
#3516=VECTOR('',#12175,7.);
#3517=VECTOR('',#12178,3.30495827718589);
#3518=VECTOR('',#12179,3.695041722814);
#3519=VECTOR('',#12180,3.30495827718589);
#3520=VECTOR('',#12181,7.324355652982);
#3521=VECTOR('',#12182,3.30495827718589);
#3522=VECTOR('',#12183,3.695041722814);
#3523=VECTOR('',#12184,3.30495827718589);
#3524=VECTOR('',#12187,3.30495827718589);
#3525=VECTOR('',#12188,3.695041722814);
#3526=VECTOR('',#12189,3.30495827718589);
#3527=VECTOR('',#12190,7.324355652982);
#3528=VECTOR('',#12191,3.30495827718589);
#3529=VECTOR('',#12192,3.695041722814);
#3530=VECTOR('',#12193,3.30495827718589);
#3531=VECTOR('',#12196,7.);
#3532=VECTOR('',#12197,6.662177826491);
#3533=VECTOR('',#12198,3.30495827718589);
#3534=VECTOR('',#12199,3.695041722814);
#3535=VECTOR('',#12200,3.30495827718589);
#3536=VECTOR('',#12203,6.662177826491);
#3537=VECTOR('',#12204,3.30495827718589);
#3538=VECTOR('',#12205,3.695041722814);
#3539=VECTOR('',#12206,3.30495827718589);
#3540=VECTOR('',#12207,6.662177826491);
#3541=VECTOR('',#12208,7.);
#3542=VECTOR('',#12211,6.662177826491);
#3543=VECTOR('',#12212,7.);
#3544=VECTOR('',#12213,6.662177826491);
#3545=VECTOR('',#12214,3.30495827718589);
#3546=VECTOR('',#12215,3.695041722814);
#3547=VECTOR('',#12216,3.30495827718589);
#3548=VECTOR('',#12219,6.662177826491);
#3549=VECTOR('',#12220,7.);
#3550=VECTOR('',#12221,6.662177826491);
#3551=VECTOR('',#12222,3.30495827718589);
#3552=VECTOR('',#12223,3.695041722814);
#3553=VECTOR('',#12224,3.30495827718589);
#3554=VECTOR('',#12227,7.324355652982);
#3555=VECTOR('',#12228,3.30495827718589);
#3556=VECTOR('',#12229,3.695041722814);
#3557=VECTOR('',#12230,3.30495827718589);
#3558=VECTOR('',#12231,7.324355652982);
#3559=VECTOR('',#12232,3.30495827718589);
#3560=VECTOR('',#12233,3.695041722814);
#3561=VECTOR('',#12234,3.30495827718589);
#3562=VECTOR('',#12237,7.324355652982);
#3563=VECTOR('',#12238,3.30495827718589);
#3564=VECTOR('',#12239,3.695041722814);
#3565=VECTOR('',#12240,3.30495827718589);
#3566=VECTOR('',#12241,7.324355652982);
#3567=VECTOR('',#12242,3.30495827718589);
#3568=VECTOR('',#12243,3.695041722814);
#3569=VECTOR('',#12244,3.30495827718589);
#3570=VECTOR('',#12247,6.662177826491);
#3571=VECTOR('',#12248,3.30495827718589);
#3572=VECTOR('',#12249,3.695041722814);
#3573=VECTOR('',#12250,3.30495827718589);
#3574=VECTOR('',#12251,6.662177826491);
#3575=VECTOR('',#12252,7.);
#3576=VECTOR('',#12255,0.9596588155656);
#3577=VECTOR('',#12256,1.662177826491);
#3578=VECTOR('',#12257,1.91931763113094);
#3579=VECTOR('',#12260,0.9596588155656);
#3580=VECTOR('',#12261,1.91931763113094);
#3581=VECTOR('',#12262,1.662177826491);
#3582=VECTOR('',#12265,0.9596588155656);
#3583=VECTOR('',#12266,1.662177826491);
#3584=VECTOR('',#12267,1.91931763113094);
#3585=VECTOR('',#12270,0.9596588155656);
#3586=VECTOR('',#12271,1.91931763113094);
#3587=VECTOR('',#12272,1.662177826491);
#3588=VECTOR('',#12275,1.41421356237291);
#3589=VECTOR('',#12276,7.);
#3590=VECTOR('',#12279,1.41421356237291);
#3591=VECTOR('',#12280,7.);
#3592=VECTOR('',#12281,1.41421356237291);
#3593=VECTOR('',#12284,7.);
#3594=VECTOR('',#12285,0.707106781186453);
#3595=VECTOR('',#12286,0.707106781186453);
#3596=VECTOR('',#12289,4.10121933088173);
#3597=VECTOR('',#12290,3.);
#3598=VECTOR('',#12291,4.10121933088173);
#3599=VECTOR('',#12292,0.9);
#3600=VECTOR('',#12293,2.1);
#3601=VECTOR('',#12294,0.9);
#3602=VECTOR('',#12299,4.10121933088173);
#3603=VECTOR('',#12300,3.);
#3604=VECTOR('',#12301,4.10121933088173);
#3605=VECTOR('',#12302,0.9);
#3606=VECTOR('',#12303,2.1);
#3607=VECTOR('',#12304,2.1);
#3608=VECTOR('',#12305,0.9);
#3609=VECTOR('',#12310,1.05);
#3610=VECTOR('',#12317,1.05);
#3611=VECTOR('',#12332,1.9);
#3612=VECTOR('',#12337,4.24264068711871);
#3613=VECTOR('',#12338,4.);
#3614=VECTOR('',#12339,9.);
#3615=VECTOR('',#12340,2.6);
#3616=VECTOR('',#12341,3.16227766016792);
#3617=VECTOR('',#12342,3.);
#3618=VECTOR('',#12343,3.16227766016792);
#3619=VECTOR('',#12344,3.6);
#3620=VECTOR('',#12345,2.82842712474581);
#3621=VECTOR('',#12346,3.);
#3622=VECTOR('',#12351,4.24264068711871);
#3623=VECTOR('',#12352,4.);
#3624=VECTOR('',#12353,9.);
#3625=VECTOR('',#12354,4.);
#3626=VECTOR('',#12355,4.24264068711871);
#3627=VECTOR('',#12356,3.);
#3628=VECTOR('',#12359,1.9);
#3629=VECTOR('',#12362,3.);
#3630=VECTOR('',#12363,0.173205080756892);
#3631=VECTOR('',#12364,3.1);
#3632=VECTOR('',#12367,2.40416305603384);
#3633=VECTOR('',#12368,28.4);
#3634=VECTOR('',#12369,2.40416305603384);
#3635=VECTOR('',#12370,3.1);
#3636=VECTOR('',#12371,4.);
#3637=VECTOR('',#12372,2.82842712474581);
#3638=VECTOR('',#12373,2.82842712474581);
#3639=VECTOR('',#12376,2.82842712474581);
#3640=VECTOR('',#12377,2.82842712474581);
#3641=VECTOR('',#12380,2.82842712474581);
#3642=VECTOR('',#12383,3.1);
#3643=VECTOR('',#12384,2.40416305603384);
#3644=VECTOR('',#12385,8.2);
#3645=VECTOR('',#12386,1.3);
#3646=VECTOR('',#12387,1.);
#3647=VECTOR('',#12388,1.);
#3648=VECTOR('',#12389,0.5);
#3649=VECTOR('',#12390,3.5);
#3650=VECTOR('',#12393,3.1);
#3651=VECTOR('',#12394,4.);
#3652=VECTOR('',#12395,2.82842712474581);
#3653=VECTOR('',#12396,3.5);
#3654=VECTOR('',#12397,0.5);
#3655=VECTOR('',#12398,0.707106781186453);
#3656=VECTOR('',#12399,1.);
#3657=VECTOR('',#12400,1.);
#3658=VECTOR('',#12401,1.3);
#3659=VECTOR('',#12402,8.2);
#3660=VECTOR('',#12403,2.40416305603384);
#3661=VECTOR('',#12406,3.);
#3662=VECTOR('',#12407,0.173205080756892);
#3663=VECTOR('',#12410,2.54558441227183);
#3664=VECTOR('',#12411,1.);
#3665=VECTOR('',#12414,7.);
#3666=VECTOR('',#12415,8.2);
#3667=VECTOR('',#12416,1.);
#3668=VECTOR('',#12417,1.);
#3669=VECTOR('',#12418,8.2);
#3670=VECTOR('',#12419,7.);
#3671=VECTOR('',#12420,28.4);
#3672=VECTOR('',#12421,1.);
#3673=VECTOR('',#12422,6.);
#3674=VECTOR('',#12423,9.9);
#3675=VECTOR('',#12424,6.);
#3676=VECTOR('',#12425,9.9);
#3677=VECTOR('',#12428,2.);
#3678=VECTOR('',#12429,2.309401076759);
#3679=VECTOR('',#12430,2.);
#3680=VECTOR('',#12431,1.);
#3681=VECTOR('',#12432,1.3);
#3682=VECTOR('',#12433,1.);
#3683=VECTOR('',#12436,2.);
#3684=VECTOR('',#12437,2.30940107675892);
#3685=VECTOR('',#12440,2.309401076759);
#3686=VECTOR('',#12441,2.30940107675892);
#3687=VECTOR('',#12442,2.30940107675892);
#3688=VECTOR('',#12443,2.30940107675892);
#3689=VECTOR('',#12448,2.);
#3690=VECTOR('',#12449,2.);
#3691=VECTOR('',#12452,2.);
#3692=VECTOR('',#12459,1.05);
#3693=VECTOR('',#12464,1.9);
#3694=VECTOR('',#12465,4.);
#3695=VECTOR('',#12466,1.2);
#3696=VECTOR('',#12467,3.5);
#3697=VECTOR('',#12468,0.5);
#3698=VECTOR('',#12469,1.);
#3699=VECTOR('',#12470,1.);
#3700=VECTOR('',#12471,1.3);
#3701=VECTOR('',#12472,2.40416305603384);
#3702=VECTOR('',#12475,1.9);
#3703=VECTOR('',#12476,2.40416305603384);
#3704=VECTOR('',#12477,1.);
#3705=VECTOR('',#12478,1.);
#3706=VECTOR('',#12479,0.707106781186453);
#3707=VECTOR('',#12480,0.5);
#3708=VECTOR('',#12481,3.5);
#3709=VECTOR('',#12482,2.82842712474581);
#3710=VECTOR('',#12483,1.2);
#3711=VECTOR('',#12484,4.);
#3712=VECTOR('',#12487,3.);
#3713=VECTOR('',#12488,1.2);
#3714=VECTOR('',#12489,1.41421356237291);
#3715=VECTOR('',#12490,0.173205080756892);
#3716=VECTOR('',#12495,3.6);
#3717=VECTOR('',#12496,3.16227766016792);
#3718=VECTOR('',#12497,0.5);
#3719=VECTOR('',#12498,1.2);
#3720=VECTOR('',#12499,2.);
#3721=VECTOR('',#12500,1.2);
#3722=VECTOR('',#12501,0.5);
#3723=VECTOR('',#12502,3.16227766016792);
#3724=VECTOR('',#12503,2.6);
#3725=VECTOR('',#12506,1.2);
#3726=VECTOR('',#12509,1.2);
#3727=VECTOR('',#12512,1.2);
#3728=VECTOR('',#12513,2.);
#3729=VECTOR('',#12522,1.2);
#3730=VECTOR('',#12529,2.6);
#3731=VECTOR('',#12530,3.16227766016792);
#3732=VECTOR('',#12531,0.5);
#3733=VECTOR('',#12532,1.2);
#3734=VECTOR('',#12533,2.);
#3735=VECTOR('',#12534,0.5);
#3736=VECTOR('',#12535,3.16227766016792);
#3737=VECTOR('',#12536,3.6);
#3738=VECTOR('',#12537,1.41421356237291);
#3739=VECTOR('',#12540,2.82842712474581);
#3740=VECTOR('',#12541,3.);
#3741=VECTOR('',#12542,4.10121933088173);
#3742=VECTOR('',#12543,0.173205080756892);
#3743=VECTOR('',#12544,1.2);
#3744=VECTOR('',#12547,4.24264068711871);
#3745=VECTOR('',#12548,4.);
#3746=VECTOR('',#12549,9.);
#3747=VECTOR('',#12550,4.24264068711871);
#3748=VECTOR('',#12551,3.);
#3749=VECTOR('',#12556,3.6);
#3750=VECTOR('',#12557,3.16227766016792);
#3751=VECTOR('',#12558,3.);
#3752=VECTOR('',#12559,3.16227766016792);
#3753=VECTOR('',#12560,2.6);
#3754=VECTOR('',#12561,9.);
#3755=VECTOR('',#12562,4.24264068711871);
#3756=VECTOR('',#12563,3.);
#3757=VECTOR('',#12570,1.9);
#3758=VECTOR('',#12581,1.9);
#3759=VECTOR('',#12584,4.10121933088173);
#3760=VECTOR('',#12585,3.);
#3761=VECTOR('',#12586,4.10121933088173);
#3762=VECTOR('',#12587,0.9);
#3763=VECTOR('',#12588,2.1);
#3764=VECTOR('',#12589,7.);
#3765=VECTOR('',#12590,2.1);
#3766=VECTOR('',#12591,0.9);
#3767=VECTOR('',#12594,3.);
#3768=VECTOR('',#12595,4.10121933088173);
#3769=VECTOR('',#12596,0.9);
#3770=VECTOR('',#12597,2.1);
#3771=VECTOR('',#12598,7.);
#3772=VECTOR('',#12599,0.9);
#3773=VECTOR('',#12604,1.05);
#3774=VECTOR('',#12607,1.05);
#3775=VECTOR('',#12610,3.);
#3776=VECTOR('',#12611,0.173205080756892);
#3777=VECTOR('',#12612,3.1);
#3778=VECTOR('',#12615,3.1);
#3779=VECTOR('',#12616,2.82842712474581);
#3780=VECTOR('',#12617,2.40416305603384);
#3781=VECTOR('',#12618,28.4);
#3782=VECTOR('',#12619,2.40416305603384);
#3783=VECTOR('',#12622,3.);
#3784=VECTOR('',#12623,0.173205080756892);
#3785=VECTOR('',#12626,1.);
#3786=VECTOR('',#12627,2.54558441227183);
#3787=VECTOR('',#12630,28.4);
#3788=VECTOR('',#12631,2.54558441227183);
#3789=VECTOR('',#12632,1.41421356237291);
#3790=VECTOR('',#12633,1.);
#3791=VECTOR('',#12634,1.);
#3792=VECTOR('',#12635,1.);
#3793=VECTOR('',#12636,1.);
#3794=VECTOR('',#12637,1.);
#3795=VECTOR('',#12638,1.);
#3796=VECTOR('',#12641,1.);
#3797=VECTOR('',#12644,1.);
#3798=VECTOR('',#12647,1.);
#3799=VECTOR('',#12650,1.);
#3800=VECTOR('',#12651,1.);
#3801=VECTOR('',#12652,1.);
#3802=VECTOR('',#12653,1.);
#3803=VECTOR('',#12654,1.);
#3804=VECTOR('',#12655,1.41421356237291);
#3805=VECTOR('',#12656,2.54558441227183);
#3806=VECTOR('',#12659,0.173205080756892);
#3807=VECTOR('',#12662,3.);
#3808=VECTOR('',#12671,3.);
#3809=VECTOR('',#12674,0.173205080756892);
#3810=VECTOR('',#12677,1.);
#3811=VECTOR('',#12678,2.54558441227183);
#3812=VECTOR('',#12681,1.);
#3813=VECTOR('',#12682,1.);
#3814=VECTOR('',#12683,1.);
#3815=VECTOR('',#12684,1.);
#3816=VECTOR('',#12685,1.);
#3817=VECTOR('',#12686,1.);
#3818=VECTOR('',#12687,1.41421356237291);
#3819=VECTOR('',#12688,28.4);
#3820=VECTOR('',#12689,2.54558441227183);
#3821=VECTOR('',#12692,1.);
#3822=VECTOR('',#12701,7.);
#3823=VECTOR('',#12704,7.);
#3824=VECTOR('',#12709,1.);
#3825=VECTOR('',#12712,1.);
#3826=VECTOR('',#12717,1.);
#3827=VECTOR('',#12720,1.);
#3828=VECTOR('',#12725,1.);
#3829=VECTOR('',#12728,1.);
#3830=VECTOR('',#12733,1.);
#3831=VECTOR('',#12736,1.);
#3832=VECTOR('',#12741,1.);
#3833=VECTOR('',#12744,1.);
#3834=VECTOR('',#12749,1.);
#3835=VECTOR('',#12752,1.);
#3836=VECTOR('',#12757,1.);
#3837=VECTOR('',#12760,1.);
#3838=VECTOR('',#12765,1.);
#3839=VECTOR('',#12768,1.);
#3840=VECTOR('',#12773,1.);
#3841=VECTOR('',#12776,1.);
#3842=VECTOR('',#12781,1.);
#3843=VECTOR('',#12784,1.);
#3844=VECTOR('',#12789,1.);
#3845=VECTOR('',#12792,1.);
#3846=VECTOR('',#12797,1.);
#3847=VECTOR('',#12808,1.2);
#3848=VECTOR('',#12811,1.2);
#3849=VECTOR('',#12814,1.2);
#3850=VECTOR('',#12815,2.);
#3851=VECTOR('',#12818,1.2);
#3852=VECTOR('',#12831,1.2);
#3853=VECTOR('',#12836,2.);
#3854=VECTOR('',#12837,2.309401076759);
#3855=VECTOR('',#12838,2.);
#3856=VECTOR('',#12839,1.);
#3857=VECTOR('',#12840,1.);
#3858=VECTOR('',#12843,2.);
#3859=VECTOR('',#12844,2.30940107675892);
#3860=VECTOR('',#12847,2.30940107675892);
#3861=VECTOR('',#12848,2.309401076759);
#3862=VECTOR('',#12849,2.30940107675892);
#3863=VECTOR('',#12850,2.30940107675892);
#3864=VECTOR('',#12855,2.);
#3865=VECTOR('',#12858,2.);
#3866=VECTOR('',#12861,2.);
#3867=VECTOR('',#12866,1.05);
#3868=VECTOR('',#12873,1.);
#3869=VECTOR('',#12876,1.);
#3870=VECTOR('',#12881,7.);
#3871=VECTOR('',#12886,1.);
#3872=VECTOR('',#12889,1.);
#3873=VECTOR('',#12896,4.3);
#3874=VECTOR('',#12897,4.3);
#3875=VECTOR('',#12900,4.3);
#3876=VECTOR('',#12901,1.5);
#3877=VECTOR('',#12902,5.291502622129);
#3878=VECTOR('',#12903,1.5);
#3879=VECTOR('',#12912,5.291502622129);
#3880=VECTOR('',#12917,4.3);
#3881=VECTOR('',#12918,1.5);
#3882=VECTOR('',#12919,1.5);
#3883=VECTOR('',#12926,10.);
#3884=VECTOR('',#12927,10.);
#3885=VECTOR('',#12928,10.);
#3886=VECTOR('',#12929,10.);
#3887=VECTOR('',#12932,10.);
#3888=VECTOR('',#12933,10.);
#3889=VECTOR('',#12934,10.);
#3890=VECTOR('',#12935,10.);
#3891=VECTOR('',#12938,10.);
#3892=VECTOR('',#12939,10.);
#3893=VECTOR('',#12940,10.);
#3894=VECTOR('',#12941,10.);
#3895=VECTOR('',#12944,10.);
#3896=VECTOR('',#12945,10.);
#3897=VECTOR('',#12946,10.);
#3898=VECTOR('',#12947,10.);
#3899=VECTOR('',#12950,10.);
#3900=VECTOR('',#12951,10.);
#3901=VECTOR('',#12952,10.);
#3902=VECTOR('',#12953,10.);
#3903=VECTOR('',#12954,10.);
#3904=VECTOR('',#12955,10.);
#3905=VECTOR('',#12956,10.);
#3906=VECTOR('',#12957,10.);
#3907=VECTOR('',#12958,10.);
#3908=VECTOR('',#12959,10.);
#3909=VECTOR('',#12960,10.);
#3910=VECTOR('',#12961,10.);
#3911=VECTOR('',#12980,10.);
#3912=VECTOR('',#12981,10.);
#3913=VECTOR('',#12984,10.);
#3914=VECTOR('',#12985,10.);
#3915=VECTOR('',#12986,10.);
#3916=VECTOR('',#12987,10.);
#3917=VECTOR('',#12988,10.);
#3918=VECTOR('',#12989,10.);
#3919=VECTOR('',#12990,10.);
#3920=VECTOR('',#12991,10.);
#3921=VECTOR('',#12992,10.);
#3922=VECTOR('',#12993,10.);
#3923=VECTOR('',#12994,10.);
#3924=VECTOR('',#13013,10.);
#3925=VECTOR('',#13018,1.05);
#3926=VECTOR('',#13021,1.05);
#3927=VECTOR('',#13028,1.05);
#3928=VECTOR('',#13031,1.05);
#3929=VECTOR('',#13038,1.05);
#3930=VECTOR('',#13041,1.05);
#3931=VECTOR('',#13048,1.05);
#3932=VECTOR('',#13051,1.05);
#3933=VECTOR('',#13058,1.05);
#3934=VECTOR('',#13061,1.05);
#3935=VECTOR('',#13068,1.05);
#3936=VECTOR('',#13071,1.05);
#3937=VECTOR('',#13078,1.05);
#3938=VECTOR('',#13081,1.05);
#3939=VECTOR('',#13088,1.05);
#3940=VECTOR('',#13091,1.05);
#3941=VECTOR('',#13096,10.);
#3942=VECTOR('',#13099,10.);
#3943=VECTOR('',#13102,10.);
#3944=VECTOR('',#13105,10.);
#3945=VECTOR('',#13108,10.);
#3946=VECTOR('',#13109,10.);
#3947=VECTOR('',#13114,10.);
#3948=VECTOR('',#13115,10.);
#3949=VECTOR('',#13116,10.);
#3950=VECTOR('',#13117,10.);
#3951=VECTOR('',#13120,10.);
#3952=VECTOR('',#13121,10.);
#3953=VECTOR('',#13122,10.);
#3954=VECTOR('',#13125,10.);
#3955=VECTOR('',#13126,10.);
#3956=VECTOR('',#13129,10.);
#3957=VECTOR('',#13130,10.);
#3958=VECTOR('',#13133,10.);
#3959=VECTOR('',#13134,10.);
#3960=VECTOR('',#13135,10.);
#3961=VECTOR('',#13138,10.);
#3962=VECTOR('',#13139,10.);
#3963=VECTOR('',#13140,10.);
#3964=VECTOR('',#13143,10.);
#3965=VECTOR('',#13144,10.);
#3966=VECTOR('',#13145,10.);
#3967=VECTOR('',#13148,10.);
#3968=VECTOR('',#13149,10.);
#3969=VECTOR('',#13152,10.);
#3970=VECTOR('',#13153,10.);
#3971=VECTOR('',#13156,10.);
#3972=VECTOR('',#13159,10.);
#3973=VECTOR('',#13162,10.);
#3974=VECTOR('',#13165,10.);
#3975=VERTEX_POINT('',#13175);
#3976=VERTEX_POINT('',#13176);
#3977=VERTEX_POINT('',#13178);
#3978=VERTEX_POINT('',#13180);
#3979=VERTEX_POINT('',#13182);
#3980=VERTEX_POINT('',#13184);
#3981=VERTEX_POINT('',#13186);
#3982=VERTEX_POINT('',#13188);
#3983=VERTEX_POINT('',#13190);
#3984=VERTEX_POINT('',#13192);
#3985=VERTEX_POINT('',#13194);
#3986=VERTEX_POINT('',#13196);
#3987=VERTEX_POINT('',#13199);
#3988=VERTEX_POINT('',#13201);
#3989=VERTEX_POINT('',#13203);
#3990=VERTEX_POINT('',#13205);
#3991=VERTEX_POINT('',#13207);
#3992=VERTEX_POINT('',#13209);
#3993=VERTEX_POINT('',#13211);
#3994=VERTEX_POINT('',#13213);
#3995=VERTEX_POINT('',#13215);
#3996=VERTEX_POINT('',#13216);
#3997=VERTEX_POINT('',#13218);
#3998=VERTEX_POINT('',#13220);
#3999=VERTEX_POINT('',#13222);
#4000=VERTEX_POINT('',#13224);
#4001=VERTEX_POINT('',#13226);
#4002=VERTEX_POINT('',#13228);
#4003=VERTEX_POINT('',#13232);
#4004=VERTEX_POINT('',#13236);
#4005=VERTEX_POINT('',#13237);
#4006=VERTEX_POINT('',#13239);
#4007=VERTEX_POINT('',#13241);
#4008=VERTEX_POINT('',#13243);
#4009=VERTEX_POINT('',#13245);
#4010=VERTEX_POINT('',#13249);
#4011=VERTEX_POINT('',#13251);
#4012=VERTEX_POINT('',#13255);
#4013=VERTEX_POINT('',#13259);
#4014=VERTEX_POINT('',#13263);
#4015=VERTEX_POINT('',#13267);
#4016=VERTEX_POINT('',#13273);
#4017=VERTEX_POINT('',#13274);
#4018=VERTEX_POINT('',#13276);
#4019=VERTEX_POINT('',#13278);
#4020=VERTEX_POINT('',#13280);
#4021=VERTEX_POINT('',#13282);
#4022=VERTEX_POINT('',#13284);
#4023=VERTEX_POINT('',#13286);
#4024=VERTEX_POINT('',#13289);
#4025=VERTEX_POINT('',#13290);
#4026=VERTEX_POINT('',#13292);
#4027=VERTEX_POINT('',#13294);
#4028=VERTEX_POINT('',#13296);
#4029=VERTEX_POINT('',#13298);
#4030=VERTEX_POINT('',#13302);
#4031=VERTEX_POINT('',#13303);
#4032=VERTEX_POINT('',#13305);
#4033=VERTEX_POINT('',#13307);
#4034=VERTEX_POINT('',#13309);
#4035=VERTEX_POINT('',#13311);
#4036=VERTEX_POINT('',#13313);
#4037=VERTEX_POINT('',#13315);
#4038=VERTEX_POINT('',#13318);
#4039=VERTEX_POINT('',#13319);
#4040=VERTEX_POINT('',#13321);
#4041=VERTEX_POINT('',#13323);
#4042=VERTEX_POINT('',#13325);
#4043=VERTEX_POINT('',#13327);
#4044=VERTEX_POINT('',#13331);
#4045=VERTEX_POINT('',#13332);
#4046=VERTEX_POINT('',#13334);
#4047=VERTEX_POINT('',#13336);
#4048=VERTEX_POINT('',#13338);
#4049=VERTEX_POINT('',#13340);
#4050=VERTEX_POINT('',#13342);
#4051=VERTEX_POINT('',#13344);
#4052=VERTEX_POINT('',#13347);
#4053=VERTEX_POINT('',#13348);
#4054=VERTEX_POINT('',#13350);
#4055=VERTEX_POINT('',#13352);
#4056=VERTEX_POINT('',#13354);
#4057=VERTEX_POINT('',#13356);
#4058=VERTEX_POINT('',#13360);
#4059=VERTEX_POINT('',#13361);
#4060=VERTEX_POINT('',#13363);
#4061=VERTEX_POINT('',#13365);
#4062=VERTEX_POINT('',#13367);
#4063=VERTEX_POINT('',#13369);
#4064=VERTEX_POINT('',#13371);
#4065=VERTEX_POINT('',#13373);
#4066=VERTEX_POINT('',#13376);
#4067=VERTEX_POINT('',#13377);
#4068=VERTEX_POINT('',#13379);
#4069=VERTEX_POINT('',#13381);
#4070=VERTEX_POINT('',#13383);
#4071=VERTEX_POINT('',#13385);
#4072=VERTEX_POINT('',#13389);
#4073=VERTEX_POINT('',#13390);
#4074=VERTEX_POINT('',#13392);
#4075=VERTEX_POINT('',#13394);
#4076=VERTEX_POINT('',#13396);
#4077=VERTEX_POINT('',#13398);
#4078=VERTEX_POINT('',#13400);
#4079=VERTEX_POINT('',#13402);
#4080=VERTEX_POINT('',#13406);
#4081=VERTEX_POINT('',#13407);
#4082=VERTEX_POINT('',#13409);
#4083=VERTEX_POINT('',#13411);
#4084=VERTEX_POINT('',#13413);
#4085=VERTEX_POINT('',#13415);
#4086=VERTEX_POINT('',#13417);
#4087=VERTEX_POINT('',#13419);
#4088=VERTEX_POINT('',#13422);
#4089=VERTEX_POINT('',#13423);
#4090=VERTEX_POINT('',#13425);
#4091=VERTEX_POINT('',#13427);
#4092=VERTEX_POINT('',#13429);
#4093=VERTEX_POINT('',#13431);
#4094=VERTEX_POINT('',#13435);
#4095=VERTEX_POINT('',#13436);
#4096=VERTEX_POINT('',#13438);
#4097=VERTEX_POINT('',#13440);
#4098=VERTEX_POINT('',#13442);
#4099=VERTEX_POINT('',#13444);
#4100=VERTEX_POINT('',#13446);
#4101=VERTEX_POINT('',#13448);
#4102=VERTEX_POINT('',#13450);
#4103=VERTEX_POINT('',#13452);
#4104=VERTEX_POINT('',#13454);
#4105=VERTEX_POINT('',#13456);
#4106=VERTEX_POINT('',#13458);
#4107=VERTEX_POINT('',#13460);
#4108=VERTEX_POINT('',#13464);
#4109=VERTEX_POINT('',#13465);
#4110=VERTEX_POINT('',#13467);
#4111=VERTEX_POINT('',#13469);
#4112=VERTEX_POINT('',#13471);
#4113=VERTEX_POINT('',#13473);
#4114=VERTEX_POINT('',#13475);
#4115=VERTEX_POINT('',#13477);
#4116=VERTEX_POINT('',#13479);
#4117=VERTEX_POINT('',#13481);
#4118=VERTEX_POINT('',#13483);
#4119=VERTEX_POINT('',#13485);
#4120=VERTEX_POINT('',#13487);
#4121=VERTEX_POINT('',#13489);
#4122=VERTEX_POINT('',#13493);
#4123=VERTEX_POINT('',#13495);
#4124=VERTEX_POINT('',#13499);
#4125=VERTEX_POINT('',#13503);
#4126=VERTEX_POINT('',#13507);
#4127=VERTEX_POINT('',#13511);
#4128=VERTEX_POINT('',#13517);
#4129=VERTEX_POINT('',#13522);
#4130=VERTEX_POINT('',#13524);
#4131=VERTEX_POINT('',#13528);
#4132=VERTEX_POINT('',#13532);
#4133=VERTEX_POINT('',#13536);
#4134=VERTEX_POINT('',#13540);
#4135=VERTEX_POINT('',#13546);
#4136=VERTEX_POINT('',#13551);
#4137=VERTEX_POINT('',#13553);
#4138=VERTEX_POINT('',#13557);
#4139=VERTEX_POINT('',#13561);
#4140=VERTEX_POINT('',#13565);
#4141=VERTEX_POINT('',#13569);
#4142=VERTEX_POINT('',#13575);
#4143=VERTEX_POINT('',#13580);
#4144=VERTEX_POINT('',#13582);
#4145=VERTEX_POINT('',#13586);
#4146=VERTEX_POINT('',#13590);
#4147=VERTEX_POINT('',#13594);
#4148=VERTEX_POINT('',#13598);
#4149=VERTEX_POINT('',#13604);
#4150=VERTEX_POINT('',#13609);
#4151=VERTEX_POINT('',#13611);
#4152=VERTEX_POINT('',#13615);
#4153=VERTEX_POINT('',#13619);
#4154=VERTEX_POINT('',#13623);
#4155=VERTEX_POINT('',#13627);
#4156=VERTEX_POINT('',#13633);
#4157=VERTEX_POINT('',#13638);
#4158=VERTEX_POINT('',#13639);
#4159=VERTEX_POINT('',#13641);
#4160=VERTEX_POINT('',#13643);
#4161=VERTEX_POINT('',#13645);
#4162=VERTEX_POINT('',#13647);
#4163=VERTEX_POINT('',#13649);
#4164=VERTEX_POINT('',#13651);
#4165=VERTEX_POINT('',#13653);
#4166=VERTEX_POINT('',#13655);
#4167=VERTEX_POINT('',#13658);
#4168=VERTEX_POINT('',#13660);
#4169=VERTEX_POINT('',#13663);
#4170=VERTEX_POINT('',#13665);
#4171=VERTEX_POINT('',#13670);
#4172=VERTEX_POINT('',#13672);
#4173=VERTEX_POINT('',#13674);
#4174=VERTEX_POINT('',#13676);
#4175=VERTEX_POINT('',#13680);
#4176=VERTEX_POINT('',#13682);
#4177=VERTEX_POINT('',#13684);
#4178=VERTEX_POINT('',#13686);
#4179=VERTEX_POINT('',#13688);
#4180=VERTEX_POINT('',#13690);
#4181=VERTEX_POINT('',#13694);
#4182=VERTEX_POINT('',#13696);
#4183=VERTEX_POINT('',#13698);
#4184=VERTEX_POINT('',#13700);
#4185=VERTEX_POINT('',#13702);
#4186=VERTEX_POINT('',#13704);
#4187=VERTEX_POINT('',#13708);
#4188=VERTEX_POINT('',#13710);
#4189=VERTEX_POINT('',#13712);
#4190=VERTEX_POINT('',#13714);
#4191=VERTEX_POINT('',#13718);
#4192=VERTEX_POINT('',#13719);
#4193=VERTEX_POINT('',#13721);
#4194=VERTEX_POINT('',#13723);
#4195=VERTEX_POINT('',#13725);
#4196=VERTEX_POINT('',#13727);
#4197=VERTEX_POINT('',#13731);
#4198=VERTEX_POINT('',#13732);
#4199=VERTEX_POINT('',#13734);
#4200=VERTEX_POINT('',#13736);
#4201=VERTEX_POINT('',#13738);
#4202=VERTEX_POINT('',#13740);
#4203=VERTEX_POINT('',#13744);
#4204=VERTEX_POINT('',#13745);
#4205=VERTEX_POINT('',#13747);
#4206=VERTEX_POINT('',#13749);
#4207=VERTEX_POINT('',#13751);
#4208=VERTEX_POINT('',#13753);
#4209=VERTEX_POINT('',#13757);
#4210=VERTEX_POINT('',#13758);
#4211=VERTEX_POINT('',#13760);
#4212=VERTEX_POINT('',#13762);
#4213=VERTEX_POINT('',#13764);
#4214=VERTEX_POINT('',#13766);
#4215=VERTEX_POINT('',#13768);
#4216=VERTEX_POINT('',#13770);
#4217=VERTEX_POINT('',#13774);
#4218=VERTEX_POINT('',#13775);
#4219=VERTEX_POINT('',#13777);
#4220=VERTEX_POINT('',#13779);
#4221=VERTEX_POINT('',#13781);
#4222=VERTEX_POINT('',#13783);
#4223=VERTEX_POINT('',#13785);
#4224=VERTEX_POINT('',#13787);
#4225=VERTEX_POINT('',#13791);
#4226=VERTEX_POINT('',#13792);
#4227=VERTEX_POINT('',#13794);
#4228=VERTEX_POINT('',#13796);
#4229=VERTEX_POINT('',#13798);
#4230=VERTEX_POINT('',#13800);
#4231=VERTEX_POINT('',#13804);
#4232=VERTEX_POINT('',#13805);
#4233=VERTEX_POINT('',#13807);
#4234=VERTEX_POINT('',#13811);
#4235=VERTEX_POINT('',#13812);
#4236=VERTEX_POINT('',#13814);
#4237=VERTEX_POINT('',#13818);
#4238=VERTEX_POINT('',#13819);
#4239=VERTEX_POINT('',#13821);
#4240=VERTEX_POINT('',#13825);
#4241=VERTEX_POINT('',#13826);
#4242=VERTEX_POINT('',#13828);
#4243=VERTEX_POINT('',#13832);
#4244=VERTEX_POINT('',#13836);
#4245=VERTEX_POINT('',#13838);
#4246=VERTEX_POINT('',#13842);
#4247=VERTEX_POINT('',#13843);
#4248=VERTEX_POINT('',#13848);
#4249=VERTEX_POINT('',#13849);
#4250=VERTEX_POINT('',#13851);
#4251=VERTEX_POINT('',#13853);
#4252=VERTEX_POINT('',#13856);
#4253=VERTEX_POINT('',#13859);
#4254=VERTEX_POINT('',#13862);
#4255=VERTEX_POINT('',#13863);
#4256=VERTEX_POINT('',#13865);
#4257=VERTEX_POINT('',#13867);
#4258=VERTEX_POINT('',#13869);
#4259=VERTEX_POINT('',#13872);
#4260=VERTEX_POINT('',#13875);
#4261=VERTEX_POINT('',#13878);
#4262=VERTEX_POINT('',#13882);
#4263=VERTEX_POINT('',#13884);
#4264=VERTEX_POINT('',#13888);
#4265=VERTEX_POINT('',#13891);
#4266=VERTEX_POINT('',#13893);
#4267=VERTEX_POINT('',#13896);
#4268=VERTEX_POINT('',#13900);
#4269=VERTEX_POINT('',#13901);
#4270=VERTEX_POINT('',#13903);
#4271=VERTEX_POINT('',#13905);
#4272=VERTEX_POINT('',#13907);
#4273=VERTEX_POINT('',#13909);
#4274=VERTEX_POINT('',#13911);
#4275=VERTEX_POINT('',#13913);
#4276=VERTEX_POINT('',#13915);
#4277=VERTEX_POINT('',#13917);
#4278=VERTEX_POINT('',#13920);
#4279=VERTEX_POINT('',#13923);
#4280=VERTEX_POINT('',#13924);
#4281=VERTEX_POINT('',#13926);
#4282=VERTEX_POINT('',#13928);
#4283=VERTEX_POINT('',#13930);
#4284=VERTEX_POINT('',#13932);
#4285=VERTEX_POINT('',#13939);
#4286=VERTEX_POINT('',#13943);
#4287=VERTEX_POINT('',#13945);
#4288=VERTEX_POINT('',#13947);
#4289=VERTEX_POINT('',#13949);
#4290=VERTEX_POINT('',#13951);
#4291=VERTEX_POINT('',#13961);
#4292=VERTEX_POINT('',#13963);
#4293=VERTEX_POINT('',#13965);
#4294=VERTEX_POINT('',#13970);
#4295=VERTEX_POINT('',#13974);
#4296=VERTEX_POINT('',#13975);
#4297=VERTEX_POINT('',#13977);
#4298=VERTEX_POINT('',#13980);
#4299=VERTEX_POINT('',#13982);
#4300=VERTEX_POINT('',#13987);
#4301=VERTEX_POINT('',#13989);
#4302=VERTEX_POINT('',#13996);
#4303=VERTEX_POINT('',#14000);
#4304=VERTEX_POINT('',#14002);
#4305=VERTEX_POINT('',#14005);
#4306=VERTEX_POINT('',#14007);
#4307=VERTEX_POINT('',#14010);
#4308=VERTEX_POINT('',#14013);
#4309=VERTEX_POINT('',#14014);
#4310=VERTEX_POINT('',#14016);
#4311=VERTEX_POINT('',#14018);
#4312=VERTEX_POINT('',#14022);
#4313=VERTEX_POINT('',#14024);
#4314=VERTEX_POINT('',#14031);
#4315=VERTEX_POINT('',#14035);
#4316=VERTEX_POINT('',#14036);
#4317=VERTEX_POINT('',#14038);
#4318=VERTEX_POINT('',#14042);
#4319=VERTEX_POINT('',#14055);
#4320=VERTEX_POINT('',#14056);
#4321=VERTEX_POINT('',#14058);
#4322=VERTEX_POINT('',#14061);
#4323=VERTEX_POINT('',#14069);
#4324=VERTEX_POINT('',#14070);
#4325=VERTEX_POINT('',#14075);
#4326=VERTEX_POINT('',#14077);
#4327=VERTEX_POINT('',#14080);
#4328=VERTEX_POINT('',#14082);
#4329=VERTEX_POINT('',#14087);
#4330=VERTEX_POINT('',#14093);
#4331=VERTEX_POINT('',#14095);
#4332=VERTEX_POINT('',#14097);
#4333=VERTEX_POINT('',#14099);
#4334=VERTEX_POINT('',#14101);
#4335=VERTEX_POINT('',#14103);
#4336=VERTEX_POINT('',#14105);
#4337=VERTEX_POINT('',#14107);
#4338=VERTEX_POINT('',#14121);
#4339=VERTEX_POINT('',#14122);
#4340=VERTEX_POINT('',#14127);
#4341=VERTEX_POINT('',#14129);
#4342=VERTEX_POINT('',#14131);
#4343=VERTEX_POINT('',#14133);
#4344=VERTEX_POINT('',#14136);
#4345=VERTEX_POINT('',#14138);
#4346=VERTEX_POINT('',#14140);
#4347=VERTEX_POINT('',#14144);
#4348=VERTEX_POINT('',#14145);
#4349=VERTEX_POINT('',#14147);
#4350=VERTEX_POINT('',#14149);
#4351=VERTEX_POINT('',#14154);
#4352=VERTEX_POINT('',#14155);
#4353=VERTEX_POINT('',#14157);
#4354=VERTEX_POINT('',#14160);
#4355=VERTEX_POINT('',#14163);
#4356=VERTEX_POINT('',#14166);
#4357=VERTEX_POINT('',#14168);
#4358=VERTEX_POINT('',#14170);
#4359=VERTEX_POINT('',#14172);
#4360=VERTEX_POINT('',#14176);
#4361=VERTEX_POINT('',#14179);
#4362=VERTEX_POINT('',#14182);
#4363=VERTEX_POINT('',#14186);
#4364=VERTEX_POINT('',#14188);
#4365=VERTEX_POINT('',#14194);
#4366=VERTEX_POINT('',#14195);
#4367=VERTEX_POINT('',#14197);
#4368=VERTEX_POINT('',#14199);
#4369=VERTEX_POINT('',#14201);
#4370=VERTEX_POINT('',#14203);
#4371=VERTEX_POINT('',#14205);
#4372=VERTEX_POINT('',#14207);
#4373=VERTEX_POINT('',#14211);
#4374=VERTEX_POINT('',#14213);
#4375=VERTEX_POINT('',#14215);
#4376=VERTEX_POINT('',#14217);
#4377=VERTEX_POINT('',#14221);
#4378=VERTEX_POINT('',#14229);
#4379=VERTEX_POINT('',#14233);
#4380=VERTEX_POINT('',#14236);
#4381=VERTEX_POINT('',#14238);
#4382=VERTEX_POINT('',#14245);
#4383=VERTEX_POINT('',#14249);
#4384=VERTEX_POINT('',#14285);
#4385=VERTEX_POINT('',#14296);
#4386=VERTEX_POINT('',#14388);
#4387=VERTEX_POINT('',#14390);
#4388=VERTEX_POINT('',#14396);
#4389=VERTEX_POINT('',#14400);
#4390=VERTEX_POINT('',#14402);
#4391=VERTEX_POINT('',#14404);
#4392=VERTEX_POINT('',#14407);
#4393=VERTEX_POINT('',#14439);
#4394=VERTEX_POINT('',#14441);
#4395=VERTEX_POINT('',#14448);
#4396=VERTEX_POINT('',#14449);
#4397=VERTEX_POINT('',#14460);
#4398=VERTEX_POINT('',#14461);
#4399=VERTEX_POINT('',#14463);
#4400=VERTEX_POINT('',#14465);
#4401=VERTEX_POINT('',#14467);
#4402=VERTEX_POINT('',#14469);
#4403=VERTEX_POINT('',#14471);
#4404=VERTEX_POINT('',#14473);
#4405=VERTEX_POINT('',#14475);
#4406=VERTEX_POINT('',#14477);
#4407=VERTEX_POINT('',#14479);
#4408=VERTEX_POINT('',#14481);
#4409=VERTEX_POINT('',#14484);
#4410=VERTEX_POINT('',#14486);
#4411=VERTEX_POINT('',#14488);
#4412=VERTEX_POINT('',#14490);
#4413=VERTEX_POINT('',#14492);
#4414=VERTEX_POINT('',#14494);
#4415=VERTEX_POINT('',#14496);
#4416=VERTEX_POINT('',#14498);
#4417=VERTEX_POINT('',#14500);
#4418=VERTEX_POINT('',#14501);
#4419=VERTEX_POINT('',#14503);
#4420=VERTEX_POINT('',#14505);
#4421=VERTEX_POINT('',#14507);
#4422=VERTEX_POINT('',#14509);
#4423=VERTEX_POINT('',#14511);
#4424=VERTEX_POINT('',#14513);
#4425=VERTEX_POINT('',#14517);
#4426=VERTEX_POINT('',#14521);
#4427=VERTEX_POINT('',#14522);
#4428=VERTEX_POINT('',#14524);
#4429=VERTEX_POINT('',#14526);
#4430=VERTEX_POINT('',#14528);
#4431=VERTEX_POINT('',#14530);
#4432=VERTEX_POINT('',#14534);
#4433=VERTEX_POINT('',#14536);
#4434=VERTEX_POINT('',#14540);
#4435=VERTEX_POINT('',#14544);
#4436=VERTEX_POINT('',#14548);
#4437=VERTEX_POINT('',#14552);
#4438=VERTEX_POINT('',#14558);
#4439=VERTEX_POINT('',#14559);
#4440=VERTEX_POINT('',#14561);
#4441=VERTEX_POINT('',#14563);
#4442=VERTEX_POINT('',#14565);
#4443=VERTEX_POINT('',#14567);
#4444=VERTEX_POINT('',#14569);
#4445=VERTEX_POINT('',#14571);
#4446=VERTEX_POINT('',#14574);
#4447=VERTEX_POINT('',#14575);
#4448=VERTEX_POINT('',#14577);
#4449=VERTEX_POINT('',#14579);
#4450=VERTEX_POINT('',#14581);
#4451=VERTEX_POINT('',#14583);
#4452=VERTEX_POINT('',#14587);
#4453=VERTEX_POINT('',#14588);
#4454=VERTEX_POINT('',#14590);
#4455=VERTEX_POINT('',#14592);
#4456=VERTEX_POINT('',#14594);
#4457=VERTEX_POINT('',#14596);
#4458=VERTEX_POINT('',#14598);
#4459=VERTEX_POINT('',#14600);
#4460=VERTEX_POINT('',#14603);
#4461=VERTEX_POINT('',#14604);
#4462=VERTEX_POINT('',#14606);
#4463=VERTEX_POINT('',#14608);
#4464=VERTEX_POINT('',#14610);
#4465=VERTEX_POINT('',#14612);
#4466=VERTEX_POINT('',#14616);
#4467=VERTEX_POINT('',#14617);
#4468=VERTEX_POINT('',#14619);
#4469=VERTEX_POINT('',#14621);
#4470=VERTEX_POINT('',#14623);
#4471=VERTEX_POINT('',#14625);
#4472=VERTEX_POINT('',#14627);
#4473=VERTEX_POINT('',#14629);
#4474=VERTEX_POINT('',#14632);
#4475=VERTEX_POINT('',#14633);
#4476=VERTEX_POINT('',#14635);
#4477=VERTEX_POINT('',#14637);
#4478=VERTEX_POINT('',#14639);
#4479=VERTEX_POINT('',#14641);
#4480=VERTEX_POINT('',#14645);
#4481=VERTEX_POINT('',#14646);
#4482=VERTEX_POINT('',#14648);
#4483=VERTEX_POINT('',#14650);
#4484=VERTEX_POINT('',#14652);
#4485=VERTEX_POINT('',#14654);
#4486=VERTEX_POINT('',#14656);
#4487=VERTEX_POINT('',#14658);
#4488=VERTEX_POINT('',#14661);
#4489=VERTEX_POINT('',#14662);
#4490=VERTEX_POINT('',#14664);
#4491=VERTEX_POINT('',#14666);
#4492=VERTEX_POINT('',#14668);
#4493=VERTEX_POINT('',#14670);
#4494=VERTEX_POINT('',#14674);
#4495=VERTEX_POINT('',#14675);
#4496=VERTEX_POINT('',#14677);
#4497=VERTEX_POINT('',#14679);
#4498=VERTEX_POINT('',#14681);
#4499=VERTEX_POINT('',#14683);
#4500=VERTEX_POINT('',#14685);
#4501=VERTEX_POINT('',#14687);
#4502=VERTEX_POINT('',#14691);
#4503=VERTEX_POINT('',#14692);
#4504=VERTEX_POINT('',#14694);
#4505=VERTEX_POINT('',#14696);
#4506=VERTEX_POINT('',#14698);
#4507=VERTEX_POINT('',#14700);
#4508=VERTEX_POINT('',#14702);
#4509=VERTEX_POINT('',#14704);
#4510=VERTEX_POINT('',#14707);
#4511=VERTEX_POINT('',#14708);
#4512=VERTEX_POINT('',#14710);
#4513=VERTEX_POINT('',#14712);
#4514=VERTEX_POINT('',#14714);
#4515=VERTEX_POINT('',#14716);
#4516=VERTEX_POINT('',#14720);
#4517=VERTEX_POINT('',#14721);
#4518=VERTEX_POINT('',#14723);
#4519=VERTEX_POINT('',#14725);
#4520=VERTEX_POINT('',#14727);
#4521=VERTEX_POINT('',#14729);
#4522=VERTEX_POINT('',#14731);
#4523=VERTEX_POINT('',#14733);
#4524=VERTEX_POINT('',#14735);
#4525=VERTEX_POINT('',#14737);
#4526=VERTEX_POINT('',#14739);
#4527=VERTEX_POINT('',#14741);
#4528=VERTEX_POINT('',#14743);
#4529=VERTEX_POINT('',#14745);
#4530=VERTEX_POINT('',#14749);
#4531=VERTEX_POINT('',#14750);
#4532=VERTEX_POINT('',#14752);
#4533=VERTEX_POINT('',#14754);
#4534=VERTEX_POINT('',#14756);
#4535=VERTEX_POINT('',#14758);
#4536=VERTEX_POINT('',#14760);
#4537=VERTEX_POINT('',#14762);
#4538=VERTEX_POINT('',#14764);
#4539=VERTEX_POINT('',#14766);
#4540=VERTEX_POINT('',#14768);
#4541=VERTEX_POINT('',#14770);
#4542=VERTEX_POINT('',#14772);
#4543=VERTEX_POINT('',#14774);
#4544=VERTEX_POINT('',#14778);
#4545=VERTEX_POINT('',#14780);
#4546=VERTEX_POINT('',#14784);
#4547=VERTEX_POINT('',#14788);
#4548=VERTEX_POINT('',#14792);
#4549=VERTEX_POINT('',#14796);
#4550=VERTEX_POINT('',#14802);
#4551=VERTEX_POINT('',#14807);
#4552=VERTEX_POINT('',#14809);
#4553=VERTEX_POINT('',#14813);
#4554=VERTEX_POINT('',#14817);
#4555=VERTEX_POINT('',#14821);
#4556=VERTEX_POINT('',#14825);
#4557=VERTEX_POINT('',#14831);
#4558=VERTEX_POINT('',#14836);
#4559=VERTEX_POINT('',#14838);
#4560=VERTEX_POINT('',#14842);
#4561=VERTEX_POINT('',#14846);
#4562=VERTEX_POINT('',#14850);
#4563=VERTEX_POINT('',#14854);
#4564=VERTEX_POINT('',#14860);
#4565=VERTEX_POINT('',#14865);
#4566=VERTEX_POINT('',#14867);
#4567=VERTEX_POINT('',#14871);
#4568=VERTEX_POINT('',#14875);
#4569=VERTEX_POINT('',#14879);
#4570=VERTEX_POINT('',#14883);
#4571=VERTEX_POINT('',#14889);
#4572=VERTEX_POINT('',#14894);
#4573=VERTEX_POINT('',#14896);
#4574=VERTEX_POINT('',#14900);
#4575=VERTEX_POINT('',#14904);
#4576=VERTEX_POINT('',#14908);
#4577=VERTEX_POINT('',#14912);
#4578=VERTEX_POINT('',#14918);
#4579=VERTEX_POINT('',#14923);
#4580=VERTEX_POINT('',#14924);
#4581=VERTEX_POINT('',#14926);
#4582=VERTEX_POINT('',#14928);
#4583=VERTEX_POINT('',#14930);
#4584=VERTEX_POINT('',#14932);
#4585=VERTEX_POINT('',#14934);
#4586=VERTEX_POINT('',#14936);
#4587=VERTEX_POINT('',#14938);
#4588=VERTEX_POINT('',#14940);
#4589=VERTEX_POINT('',#14943);
#4590=VERTEX_POINT('',#14945);
#4591=VERTEX_POINT('',#14948);
#4592=VERTEX_POINT('',#14950);
#4593=VERTEX_POINT('',#14955);
#4594=VERTEX_POINT('',#14957);
#4595=VERTEX_POINT('',#14959);
#4596=VERTEX_POINT('',#14961);
#4597=VERTEX_POINT('',#14965);
#4598=VERTEX_POINT('',#14967);
#4599=VERTEX_POINT('',#14969);
#4600=VERTEX_POINT('',#14971);
#4601=VERTEX_POINT('',#14973);
#4602=VERTEX_POINT('',#14975);
#4603=VERTEX_POINT('',#14979);
#4604=VERTEX_POINT('',#14981);
#4605=VERTEX_POINT('',#14983);
#4606=VERTEX_POINT('',#14985);
#4607=VERTEX_POINT('',#14987);
#4608=VERTEX_POINT('',#14989);
#4609=VERTEX_POINT('',#14993);
#4610=VERTEX_POINT('',#14995);
#4611=VERTEX_POINT('',#14997);
#4612=VERTEX_POINT('',#14999);
#4613=VERTEX_POINT('',#15003);
#4614=VERTEX_POINT('',#15004);
#4615=VERTEX_POINT('',#15006);
#4616=VERTEX_POINT('',#15008);
#4617=VERTEX_POINT('',#15010);
#4618=VERTEX_POINT('',#15012);
#4619=VERTEX_POINT('',#15016);
#4620=VERTEX_POINT('',#15017);
#4621=VERTEX_POINT('',#15019);
#4622=VERTEX_POINT('',#15021);
#4623=VERTEX_POINT('',#15023);
#4624=VERTEX_POINT('',#15025);
#4625=VERTEX_POINT('',#15029);
#4626=VERTEX_POINT('',#15030);
#4627=VERTEX_POINT('',#15032);
#4628=VERTEX_POINT('',#15034);
#4629=VERTEX_POINT('',#15036);
#4630=VERTEX_POINT('',#15038);
#4631=VERTEX_POINT('',#15042);
#4632=VERTEX_POINT('',#15043);
#4633=VERTEX_POINT('',#15045);
#4634=VERTEX_POINT('',#15047);
#4635=VERTEX_POINT('',#15049);
#4636=VERTEX_POINT('',#15051);
#4637=VERTEX_POINT('',#15053);
#4638=VERTEX_POINT('',#15055);
#4639=VERTEX_POINT('',#15059);
#4640=VERTEX_POINT('',#15060);
#4641=VERTEX_POINT('',#15062);
#4642=VERTEX_POINT('',#15064);
#4643=VERTEX_POINT('',#15066);
#4644=VERTEX_POINT('',#15068);
#4645=VERTEX_POINT('',#15070);
#4646=VERTEX_POINT('',#15072);
#4647=VERTEX_POINT('',#15076);
#4648=VERTEX_POINT('',#15077);
#4649=VERTEX_POINT('',#15079);
#4650=VERTEX_POINT('',#15081);
#4651=VERTEX_POINT('',#15083);
#4652=VERTEX_POINT('',#15085);
#4653=VERTEX_POINT('',#15089);
#4654=VERTEX_POINT('',#15090);
#4655=VERTEX_POINT('',#15092);
#4656=VERTEX_POINT('',#15096);
#4657=VERTEX_POINT('',#15097);
#4658=VERTEX_POINT('',#15099);
#4659=VERTEX_POINT('',#15103);
#4660=VERTEX_POINT('',#15104);
#4661=VERTEX_POINT('',#15106);
#4662=VERTEX_POINT('',#15110);
#4663=VERTEX_POINT('',#15111);
#4664=VERTEX_POINT('',#15113);
#4665=VERTEX_POINT('',#15117);
#4666=VERTEX_POINT('',#15121);
#4667=VERTEX_POINT('',#15123);
#4668=VERTEX_POINT('',#15127);
#4669=VERTEX_POINT('',#15128);
#4670=VERTEX_POINT('',#15133);
#4671=VERTEX_POINT('',#15134);
#4672=VERTEX_POINT('',#15136);
#4673=VERTEX_POINT('',#15138);
#4674=VERTEX_POINT('',#15141);
#4675=VERTEX_POINT('',#15144);
#4676=VERTEX_POINT('',#15147);
#4677=VERTEX_POINT('',#15148);
#4678=VERTEX_POINT('',#15150);
#4679=VERTEX_POINT('',#15152);
#4680=VERTEX_POINT('',#15154);
#4681=VERTEX_POINT('',#15157);
#4682=VERTEX_POINT('',#15160);
#4683=VERTEX_POINT('',#15163);
#4684=VERTEX_POINT('',#15167);
#4685=VERTEX_POINT('',#15169);
#4686=VERTEX_POINT('',#15173);
#4687=VERTEX_POINT('',#15176);
#4688=VERTEX_POINT('',#15178);
#4689=VERTEX_POINT('',#15181);
#4690=VERTEX_POINT('',#15185);
#4691=VERTEX_POINT('',#15186);
#4692=VERTEX_POINT('',#15188);
#4693=VERTEX_POINT('',#15190);
#4694=VERTEX_POINT('',#15192);
#4695=VERTEX_POINT('',#15194);
#4696=VERTEX_POINT('',#15196);
#4697=VERTEX_POINT('',#15198);
#4698=VERTEX_POINT('',#15200);
#4699=VERTEX_POINT('',#15202);
#4700=VERTEX_POINT('',#15205);
#4701=VERTEX_POINT('',#15208);
#4702=VERTEX_POINT('',#15209);
#4703=VERTEX_POINT('',#15211);
#4704=VERTEX_POINT('',#15213);
#4705=VERTEX_POINT('',#15215);
#4706=VERTEX_POINT('',#15217);
#4707=VERTEX_POINT('',#15224);
#4708=VERTEX_POINT('',#15228);
#4709=VERTEX_POINT('',#15230);
#4710=VERTEX_POINT('',#15232);
#4711=VERTEX_POINT('',#15234);
#4712=VERTEX_POINT('',#15236);
#4713=VERTEX_POINT('',#15246);
#4714=VERTEX_POINT('',#15248);
#4715=VERTEX_POINT('',#15250);
#4716=VERTEX_POINT('',#15255);
#4717=VERTEX_POINT('',#15259);
#4718=VERTEX_POINT('',#15260);
#4719=VERTEX_POINT('',#15262);
#4720=VERTEX_POINT('',#15265);
#4721=VERTEX_POINT('',#15267);
#4722=VERTEX_POINT('',#15272);
#4723=VERTEX_POINT('',#15274);
#4724=VERTEX_POINT('',#15281);
#4725=VERTEX_POINT('',#15285);
#4726=VERTEX_POINT('',#15287);
#4727=VERTEX_POINT('',#15290);
#4728=VERTEX_POINT('',#15292);
#4729=VERTEX_POINT('',#15295);
#4730=VERTEX_POINT('',#15298);
#4731=VERTEX_POINT('',#15299);
#4732=VERTEX_POINT('',#15301);
#4733=VERTEX_POINT('',#15303);
#4734=VERTEX_POINT('',#15307);
#4735=VERTEX_POINT('',#15309);
#4736=VERTEX_POINT('',#15316);
#4737=VERTEX_POINT('',#15320);
#4738=VERTEX_POINT('',#15321);
#4739=VERTEX_POINT('',#15323);
#4740=VERTEX_POINT('',#15327);
#4741=VERTEX_POINT('',#15340);
#4742=VERTEX_POINT('',#15341);
#4743=VERTEX_POINT('',#15343);
#4744=VERTEX_POINT('',#15346);
#4745=VERTEX_POINT('',#15354);
#4746=VERTEX_POINT('',#15355);
#4747=VERTEX_POINT('',#15360);
#4748=VERTEX_POINT('',#15362);
#4749=VERTEX_POINT('',#15365);
#4750=VERTEX_POINT('',#15367);
#4751=VERTEX_POINT('',#15372);
#4752=VERTEX_POINT('',#15378);
#4753=VERTEX_POINT('',#15380);
#4754=VERTEX_POINT('',#15382);
#4755=VERTEX_POINT('',#15384);
#4756=VERTEX_POINT('',#15386);
#4757=VERTEX_POINT('',#15388);
#4758=VERTEX_POINT('',#15390);
#4759=VERTEX_POINT('',#15392);
#4760=VERTEX_POINT('',#15406);
#4761=VERTEX_POINT('',#15407);
#4762=VERTEX_POINT('',#15412);
#4763=VERTEX_POINT('',#15414);
#4764=VERTEX_POINT('',#15416);
#4765=VERTEX_POINT('',#15418);
#4766=VERTEX_POINT('',#15421);
#4767=VERTEX_POINT('',#15423);
#4768=VERTEX_POINT('',#15425);
#4769=VERTEX_POINT('',#15429);
#4770=VERTEX_POINT('',#15430);
#4771=VERTEX_POINT('',#15432);
#4772=VERTEX_POINT('',#15434);
#4773=VERTEX_POINT('',#15439);
#4774=VERTEX_POINT('',#15440);
#4775=VERTEX_POINT('',#15442);
#4776=VERTEX_POINT('',#15445);
#4777=VERTEX_POINT('',#15448);
#4778=VERTEX_POINT('',#15451);
#4779=VERTEX_POINT('',#15453);
#4780=VERTEX_POINT('',#15455);
#4781=VERTEX_POINT('',#15457);
#4782=VERTEX_POINT('',#15461);
#4783=VERTEX_POINT('',#15464);
#4784=VERTEX_POINT('',#15467);
#4785=VERTEX_POINT('',#15471);
#4786=VERTEX_POINT('',#15473);
#4787=VERTEX_POINT('',#15479);
#4788=VERTEX_POINT('',#15480);
#4789=VERTEX_POINT('',#15482);
#4790=VERTEX_POINT('',#15484);
#4791=VERTEX_POINT('',#15486);
#4792=VERTEX_POINT('',#15488);
#4793=VERTEX_POINT('',#15490);
#4794=VERTEX_POINT('',#15492);
#4795=VERTEX_POINT('',#15496);
#4796=VERTEX_POINT('',#15498);
#4797=VERTEX_POINT('',#15500);
#4798=VERTEX_POINT('',#15502);
#4799=VERTEX_POINT('',#15506);
#4800=VERTEX_POINT('',#15514);
#4801=VERTEX_POINT('',#15518);
#4802=VERTEX_POINT('',#15521);
#4803=VERTEX_POINT('',#15523);
#4804=VERTEX_POINT('',#15530);
#4805=VERTEX_POINT('',#15534);
#4806=VERTEX_POINT('',#15570);
#4807=VERTEX_POINT('',#15581);
#4808=VERTEX_POINT('',#15673);
#4809=VERTEX_POINT('',#15675);
#4810=VERTEX_POINT('',#15681);
#4811=VERTEX_POINT('',#15685);
#4812=VERTEX_POINT('',#15687);
#4813=VERTEX_POINT('',#15689);
#4814=VERTEX_POINT('',#15692);
#4815=VERTEX_POINT('',#15724);
#4816=VERTEX_POINT('',#15726);
#4817=VERTEX_POINT('',#15733);
#4818=VERTEX_POINT('',#15734);
#4819=VERTEX_POINT('',#15744);
#4820=VERTEX_POINT('',#15745);
#4821=VERTEX_POINT('',#15747);
#4822=VERTEX_POINT('',#15749);
#4823=VERTEX_POINT('',#15753);
#4824=VERTEX_POINT('',#15754);
#4825=VERTEX_POINT('',#15756);
#4826=VERTEX_POINT('',#15758);
#4827=VERTEX_POINT('',#15762);
#4828=VERTEX_POINT('',#15763);
#4829=VERTEX_POINT('',#15765);
#4830=VERTEX_POINT('',#15767);
#4831=VERTEX_POINT('',#15771);
#4832=VERTEX_POINT('',#15772);
#4833=VERTEX_POINT('',#15774);
#4834=VERTEX_POINT('',#15776);
#4835=VERTEX_POINT('',#15780);
#4836=VERTEX_POINT('',#15782);
#4837=VERTEX_POINT('',#15784);
#4838=VERTEX_POINT('',#15786);
#4839=VERTEX_POINT('',#15790);
#4840=VERTEX_POINT('',#15792);
#4841=VERTEX_POINT('',#15794);
#4842=VERTEX_POINT('',#15796);
#4843=VERTEX_POINT('',#15800);
#4844=VERTEX_POINT('',#15802);
#4845=VERTEX_POINT('',#15804);
#4846=VERTEX_POINT('',#15806);
#4847=VERTEX_POINT('',#15808);
#4848=VERTEX_POINT('',#15810);
#4849=VERTEX_POINT('',#15812);
#4850=VERTEX_POINT('',#15814);
#4851=VERTEX_POINT('',#15817);
#4852=VERTEX_POINT('',#15821);
#4853=VERTEX_POINT('',#15823);
#4854=VERTEX_POINT('',#15825);
#4855=VERTEX_POINT('',#15827);
#4856=VERTEX_POINT('',#15831);
#4857=VERTEX_POINT('',#15833);
#4858=VERTEX_POINT('',#15835);
#4859=VERTEX_POINT('',#15839);
#4860=VERTEX_POINT('',#15841);
#4861=VERTEX_POINT('',#15843);
#4862=VERTEX_POINT('',#15845);
#4863=VERTEX_POINT('',#15847);
#4864=VERTEX_POINT('',#15849);
#4865=VERTEX_POINT('',#15851);
#4866=VERTEX_POINT('',#15853);
#4867=VERTEX_POINT('',#15858);
#4868=VERTEX_POINT('',#15862);
#4869=VERTEX_POINT('',#15866);
#4870=VERTEX_POINT('',#15870);
#4871=VERTEX_POINT('',#15874);
#4872=VERTEX_POINT('',#15878);
#4873=VERTEX_POINT('',#15882);
#4874=VERTEX_POINT('',#15886);
#4875=VERTEX_POINT('',#15890);
#4876=VERTEX_POINT('',#15894);
#4877=VERTEX_POINT('',#15898);
#4878=VERTEX_POINT('',#15902);
#4879=VERTEX_POINT('',#15906);
#4880=VERTEX_POINT('',#15910);
#4881=VERTEX_POINT('',#15914);
#4882=VERTEX_POINT('',#15918);
#4883=VERTEX_POINT('',#15934);
#4884=VERTEX_POINT('',#15935);
#4885=VERTEX_POINT('',#15937);
#4886=VERTEX_POINT('',#15939);
#4887=VERTEX_POINT('',#15943);
#4888=VERTEX_POINT('',#15945);
#4889=VERTEX_POINT('',#15949);
#4890=VERTEX_POINT('',#15953);
#4891=VERTEX_POINT('',#15957);
#4892=VERTEX_POINT('',#15959);
#4893=VERTEX_POINT('',#15963);
#4894=VERTEX_POINT('',#15965);
#4895=VERTEX_POINT('',#15969);
#4896=VERTEX_POINT('',#15971);
#4897=VERTEX_POINT('',#15975);
#4898=VERTEX_POINT('',#15979);
#4899=EDGE_CURVE('',#3975,#3976,#1407,.T.);
#4900=EDGE_CURVE('',#3977,#3976,#1408,.T.);
#4901=EDGE_CURVE('',#3978,#3977,#1409,.T.);
#4902=EDGE_CURVE('',#3979,#3978,#1410,.T.);
#4903=EDGE_CURVE('',#3980,#3979,#1411,.T.);
#4904=EDGE_CURVE('',#3980,#3981,#1412,.T.);
#4905=EDGE_CURVE('',#3982,#3981,#1413,.T.);
#4906=EDGE_CURVE('',#3983,#3982,#1414,.T.);
#4907=EDGE_CURVE('',#3984,#3983,#1415,.T.);
#4908=EDGE_CURVE('',#3985,#3984,#1416,.T.);
#4909=EDGE_CURVE('',#3986,#3985,#1417,.T.);
#4910=EDGE_CURVE('',#3986,#3975,#1418,.T.);
#4911=EDGE_CURVE('',#3987,#3987,#195,.T.);
#4912=EDGE_CURVE('',#3988,#3988,#196,.T.);
#4913=EDGE_CURVE('',#3989,#3989,#197,.T.);
#4914=EDGE_CURVE('',#3990,#3990,#198,.T.);
#4915=EDGE_CURVE('',#3991,#3991,#199,.T.);
#4916=EDGE_CURVE('',#3992,#3992,#200,.T.);
#4917=EDGE_CURVE('',#3993,#3993,#201,.T.);
#4918=EDGE_CURVE('',#3994,#3994,#202,.T.);
#4919=EDGE_CURVE('',#3995,#3996,#1419,.T.);
#4920=EDGE_CURVE('',#3996,#3997,#1420,.T.);
#4921=EDGE_CURVE('',#3998,#3997,#203,.T.);
#4922=EDGE_CURVE('',#3998,#3999,#1421,.T.);
#4923=EDGE_CURVE('',#3999,#4000,#1422,.T.);
#4924=EDGE_CURVE('',#4000,#4001,#1423,.T.);
#4925=EDGE_CURVE('',#4002,#4001,#204,.T.);
#4926=EDGE_CURVE('',#4002,#3995,#1424,.T.);
#4927=EDGE_CURVE('',#4003,#4003,#205,.T.);
#4928=EDGE_CURVE('',#4003,#3987,#1425,.T.);
#4929=EDGE_CURVE('',#4004,#4005,#1426,.T.);
#4930=EDGE_CURVE('',#4005,#4006,#1427,.T.);
#4931=EDGE_CURVE('',#4006,#4007,#1428,.T.);
#4932=EDGE_CURVE('',#4007,#4008,#1429,.T.);
#4933=EDGE_CURVE('',#4008,#4009,#1430,.T.);
#4934=EDGE_CURVE('',#4009,#4004,#1431,.T.);
#4935=EDGE_CURVE('',#4005,#4010,#1432,.T.);
#4936=EDGE_CURVE('',#4011,#4004,#1433,.T.);
#4937=EDGE_CURVE('',#4010,#4011,#1434,.T.);
#4938=EDGE_CURVE('',#4006,#4012,#1435,.T.);
#4939=EDGE_CURVE('',#4012,#4010,#1436,.T.);
#4940=EDGE_CURVE('',#4007,#4013,#1437,.T.);
#4941=EDGE_CURVE('',#4013,#4012,#1438,.T.);
#4942=EDGE_CURVE('',#4008,#4014,#1439,.T.);
#4943=EDGE_CURVE('',#4014,#4013,#1440,.T.);
#4944=EDGE_CURVE('',#4009,#4015,#1441,.T.);
#4945=EDGE_CURVE('',#4015,#4014,#1442,.T.);
#4946=EDGE_CURVE('',#4011,#4015,#1443,.T.);
#4947=EDGE_CURVE('',#4016,#4017,#1444,.T.);
#4948=EDGE_CURVE('',#4016,#4018,#1445,.T.);
#4949=EDGE_CURVE('',#4018,#4019,#1446,.T.);
#4950=EDGE_CURVE('',#4019,#4020,#1447,.T.);
#4951=EDGE_CURVE('',#4020,#4021,#1448,.T.);
#4952=EDGE_CURVE('',#4021,#4022,#1449,.T.);
#4953=EDGE_CURVE('',#4022,#4023,#1450,.T.);
#4954=EDGE_CURVE('',#4023,#4017,#1451,.T.);
#4955=EDGE_CURVE('',#4024,#4025,#1452,.T.);
#4956=EDGE_CURVE('',#4025,#4026,#1453,.T.);
#4957=EDGE_CURVE('',#4026,#4027,#1454,.T.);
#4958=EDGE_CURVE('',#4027,#4028,#1455,.T.);
#4959=EDGE_CURVE('',#4028,#4029,#1456,.T.);
#4960=EDGE_CURVE('',#4029,#4024,#1457,.T.);
#4961=EDGE_CURVE('',#4030,#4031,#1458,.T.);
#4962=EDGE_CURVE('',#4030,#4032,#1459,.T.);
#4963=EDGE_CURVE('',#4032,#4033,#1460,.T.);
#4964=EDGE_CURVE('',#4033,#4034,#1461,.T.);
#4965=EDGE_CURVE('',#4034,#4035,#1462,.T.);
#4966=EDGE_CURVE('',#4035,#4036,#1463,.T.);
#4967=EDGE_CURVE('',#4036,#4037,#1464,.T.);
#4968=EDGE_CURVE('',#4037,#4031,#1465,.T.);
#4969=EDGE_CURVE('',#4038,#4039,#1466,.T.);
#4970=EDGE_CURVE('',#4039,#4040,#1467,.T.);
#4971=EDGE_CURVE('',#4040,#4041,#1468,.T.);
#4972=EDGE_CURVE('',#4041,#4042,#1469,.T.);
#4973=EDGE_CURVE('',#4042,#4043,#1470,.T.);
#4974=EDGE_CURVE('',#4043,#4038,#1471,.T.);
#4975=EDGE_CURVE('',#4044,#4045,#1472,.T.);
#4976=EDGE_CURVE('',#4044,#4046,#1473,.T.);
#4977=EDGE_CURVE('',#4046,#4047,#1474,.T.);
#4978=EDGE_CURVE('',#4047,#4048,#1475,.T.);
#4979=EDGE_CURVE('',#4048,#4049,#1476,.T.);
#4980=EDGE_CURVE('',#4049,#4050,#1477,.T.);
#4981=EDGE_CURVE('',#4050,#4051,#1478,.T.);
#4982=EDGE_CURVE('',#4051,#4045,#1479,.T.);
#4983=EDGE_CURVE('',#4052,#4053,#1480,.T.);
#4984=EDGE_CURVE('',#4053,#4054,#1481,.T.);
#4985=EDGE_CURVE('',#4054,#4055,#1482,.T.);
#4986=EDGE_CURVE('',#4055,#4056,#1483,.T.);
#4987=EDGE_CURVE('',#4056,#4057,#1484,.T.);
#4988=EDGE_CURVE('',#4057,#4052,#1485,.T.);
#4989=EDGE_CURVE('',#4058,#4059,#1486,.T.);
#4990=EDGE_CURVE('',#4059,#4060,#1487,.T.);
#4991=EDGE_CURVE('',#4060,#4061,#1488,.T.);
#4992=EDGE_CURVE('',#4061,#4062,#1489,.T.);
#4993=EDGE_CURVE('',#4063,#4062,#1490,.T.);
#4994=EDGE_CURVE('',#4063,#4064,#1491,.T.);
#4995=EDGE_CURVE('',#4064,#4065,#1492,.T.);
#4996=EDGE_CURVE('',#4065,#4058,#1493,.T.);
#4997=EDGE_CURVE('',#4066,#4067,#1494,.T.);
#4998=EDGE_CURVE('',#4067,#4068,#1495,.T.);
#4999=EDGE_CURVE('',#4068,#4069,#1496,.T.);
#5000=EDGE_CURVE('',#4069,#4070,#1497,.T.);
#5001=EDGE_CURVE('',#4070,#4071,#1498,.T.);
#5002=EDGE_CURVE('',#4071,#4066,#1499,.T.);
#5003=EDGE_CURVE('',#4072,#4073,#1500,.T.);
#5004=EDGE_CURVE('',#4073,#4074,#1501,.T.);
#5005=EDGE_CURVE('',#4074,#4075,#1502,.T.);
#5006=EDGE_CURVE('',#4075,#4076,#1503,.T.);
#5007=EDGE_CURVE('',#4077,#4076,#1504,.T.);
#5008=EDGE_CURVE('',#4077,#4078,#1505,.T.);
#5009=EDGE_CURVE('',#4078,#4079,#1506,.T.);
#5010=EDGE_CURVE('',#4079,#4072,#1507,.T.);
#5011=EDGE_CURVE('',#4080,#4081,#1508,.T.);
#5012=EDGE_CURVE('',#4081,#4082,#1509,.T.);
#5013=EDGE_CURVE('',#4082,#4083,#1510,.T.);
#5014=EDGE_CURVE('',#4083,#4084,#1511,.T.);
#5015=EDGE_CURVE('',#4085,#4084,#1512,.T.);
#5016=EDGE_CURVE('',#4085,#4086,#1513,.T.);
#5017=EDGE_CURVE('',#4086,#4087,#1514,.T.);
#5018=EDGE_CURVE('',#4087,#4080,#1515,.T.);
#5019=EDGE_CURVE('',#4088,#4089,#1516,.T.);
#5020=EDGE_CURVE('',#4089,#4090,#1517,.T.);
#5021=EDGE_CURVE('',#4090,#4091,#1518,.T.);
#5022=EDGE_CURVE('',#4091,#4092,#1519,.T.);
#5023=EDGE_CURVE('',#4092,#4093,#1520,.T.);
#5024=EDGE_CURVE('',#4093,#4088,#1521,.T.);
#5025=EDGE_CURVE('',#4094,#4095,#1522,.T.);
#5026=EDGE_CURVE('',#4094,#4096,#1523,.T.);
#5027=EDGE_CURVE('',#4096,#4097,#1524,.T.);
#5028=EDGE_CURVE('',#4097,#4098,#1525,.T.);
#5029=EDGE_CURVE('',#4098,#4099,#1526,.T.);
#5030=EDGE_CURVE('',#4099,#4100,#1527,.T.);
#5031=EDGE_CURVE('',#4101,#4100,#1528,.T.);
#5032=EDGE_CURVE('',#4101,#4102,#1529,.T.);
#5033=EDGE_CURVE('',#4103,#4102,#1530,.T.);
#5034=EDGE_CURVE('',#4103,#4104,#1531,.T.);
#5035=EDGE_CURVE('',#4104,#4105,#1532,.T.);
#5036=EDGE_CURVE('',#4105,#4106,#1533,.T.);
#5037=EDGE_CURVE('',#4106,#4107,#1534,.T.);
#5038=EDGE_CURVE('',#4107,#4095,#1535,.T.);
#5039=EDGE_CURVE('',#4108,#4109,#1536,.T.);
#5040=EDGE_CURVE('',#4108,#4110,#1537,.T.);
#5041=EDGE_CURVE('',#4111,#4110,#1538,.T.);
#5042=EDGE_CURVE('',#4111,#4112,#1539,.T.);
#5043=EDGE_CURVE('',#4112,#4113,#1540,.T.);
#5044=EDGE_CURVE('',#4113,#4114,#1541,.T.);
#5045=EDGE_CURVE('',#4114,#4115,#1542,.T.);
#5046=EDGE_CURVE('',#4115,#4116,#1543,.T.);
#5047=EDGE_CURVE('',#4117,#4116,#1544,.T.);
#5048=EDGE_CURVE('',#4117,#4118,#1545,.T.);
#5049=EDGE_CURVE('',#4118,#4119,#1546,.T.);
#5050=EDGE_CURVE('',#4119,#4120,#1547,.T.);
#5051=EDGE_CURVE('',#4120,#4121,#1548,.T.);
#5052=EDGE_CURVE('',#4121,#4109,#1549,.T.);
#5053=EDGE_CURVE('',#4066,#4122,#1550,.T.);
#5054=EDGE_CURVE('',#4123,#4122,#1551,.T.);
#5055=EDGE_CURVE('',#4123,#4067,#1552,.T.);
#5056=EDGE_CURVE('',#4124,#4071,#1553,.T.);
#5057=EDGE_CURVE('',#4122,#4124,#1554,.T.);
#5058=EDGE_CURVE('',#4125,#4070,#1555,.T.);
#5059=EDGE_CURVE('',#4124,#4125,#1556,.T.);
#5060=EDGE_CURVE('',#4126,#4069,#1557,.T.);
#5061=EDGE_CURVE('',#4125,#4126,#1558,.T.);
#5062=EDGE_CURVE('',#4127,#4068,#1559,.T.);
#5063=EDGE_CURVE('',#4126,#4127,#1560,.T.);
#5064=EDGE_CURVE('',#4127,#4123,#1561,.T.);
#5065=EDGE_CURVE('',#4128,#4128,#206,.T.);
#5066=EDGE_CURVE('',#4128,#3989,#1562,.T.);
#5067=EDGE_CURVE('',#4088,#4129,#1563,.T.);
#5068=EDGE_CURVE('',#4130,#4129,#1564,.T.);
#5069=EDGE_CURVE('',#4130,#4089,#1565,.T.);
#5070=EDGE_CURVE('',#4131,#4093,#1566,.T.);
#5071=EDGE_CURVE('',#4129,#4131,#1567,.T.);
#5072=EDGE_CURVE('',#4132,#4092,#1568,.T.);
#5073=EDGE_CURVE('',#4131,#4132,#1569,.T.);
#5074=EDGE_CURVE('',#4133,#4091,#1570,.T.);
#5075=EDGE_CURVE('',#4132,#4133,#1571,.T.);
#5076=EDGE_CURVE('',#4134,#4090,#1572,.T.);
#5077=EDGE_CURVE('',#4133,#4134,#1573,.T.);
#5078=EDGE_CURVE('',#4134,#4130,#1574,.T.);
#5079=EDGE_CURVE('',#4135,#4135,#207,.T.);
#5080=EDGE_CURVE('',#4135,#3988,#1575,.T.);
#5081=EDGE_CURVE('',#4038,#4136,#1576,.T.);
#5082=EDGE_CURVE('',#4137,#4136,#1577,.T.);
#5083=EDGE_CURVE('',#4137,#4039,#1578,.T.);
#5084=EDGE_CURVE('',#4138,#4043,#1579,.T.);
#5085=EDGE_CURVE('',#4136,#4138,#1580,.T.);
#5086=EDGE_CURVE('',#4139,#4042,#1581,.T.);
#5087=EDGE_CURVE('',#4138,#4139,#1582,.T.);
#5088=EDGE_CURVE('',#4140,#4041,#1583,.T.);
#5089=EDGE_CURVE('',#4139,#4140,#1584,.T.);
#5090=EDGE_CURVE('',#4141,#4040,#1585,.T.);
#5091=EDGE_CURVE('',#4140,#4141,#1586,.T.);
#5092=EDGE_CURVE('',#4141,#4137,#1587,.T.);
#5093=EDGE_CURVE('',#4142,#4142,#208,.T.);
#5094=EDGE_CURVE('',#4142,#3992,#1588,.T.);
#5095=EDGE_CURVE('',#4024,#4143,#1589,.T.);
#5096=EDGE_CURVE('',#4144,#4143,#1590,.T.);
#5097=EDGE_CURVE('',#4144,#4025,#1591,.T.);
#5098=EDGE_CURVE('',#4145,#4029,#1592,.T.);
#5099=EDGE_CURVE('',#4143,#4145,#1593,.T.);
#5100=EDGE_CURVE('',#4146,#4028,#1594,.T.);
#5101=EDGE_CURVE('',#4145,#4146,#1595,.T.);
#5102=EDGE_CURVE('',#4147,#4027,#1596,.T.);
#5103=EDGE_CURVE('',#4146,#4147,#1597,.T.);
#5104=EDGE_CURVE('',#4148,#4026,#1598,.T.);
#5105=EDGE_CURVE('',#4147,#4148,#1599,.T.);
#5106=EDGE_CURVE('',#4148,#4144,#1600,.T.);
#5107=EDGE_CURVE('',#4149,#4149,#209,.T.);
#5108=EDGE_CURVE('',#4149,#3991,#1601,.T.);
#5109=EDGE_CURVE('',#4052,#4150,#1602,.T.);
#5110=EDGE_CURVE('',#4151,#4150,#1603,.T.);
#5111=EDGE_CURVE('',#4151,#4053,#1604,.T.);
#5112=EDGE_CURVE('',#4152,#4057,#1605,.T.);
#5113=EDGE_CURVE('',#4150,#4152,#1606,.T.);
#5114=EDGE_CURVE('',#4153,#4056,#1607,.T.);
#5115=EDGE_CURVE('',#4152,#4153,#1608,.T.);
#5116=EDGE_CURVE('',#4154,#4055,#1609,.T.);
#5117=EDGE_CURVE('',#4153,#4154,#1610,.T.);
#5118=EDGE_CURVE('',#4155,#4054,#1611,.T.);
#5119=EDGE_CURVE('',#4154,#4155,#1612,.T.);
#5120=EDGE_CURVE('',#4155,#4151,#1613,.T.);
#5121=EDGE_CURVE('',#4156,#4156,#210,.T.);
#5122=EDGE_CURVE('',#4156,#3993,#1614,.T.);
#5123=EDGE_CURVE('',#4157,#4158,#1615,.T.);
#5124=EDGE_CURVE('',#4157,#4159,#1616,.T.);
#5125=EDGE_CURVE('',#4159,#4160,#1617,.T.);
#5126=EDGE_CURVE('',#4160,#4161,#1618,.T.);
#5127=EDGE_CURVE('',#4161,#4162,#1619,.T.);
#5128=EDGE_CURVE('',#4162,#4163,#1620,.T.);
#5129=EDGE_CURVE('',#4164,#4163,#1621,.T.);
#5130=EDGE_CURVE('',#4164,#4165,#1622,.T.);
#5131=EDGE_CURVE('',#4166,#4165,#1623,.T.);
#5132=EDGE_CURVE('',#4166,#4016,#1624,.T.);
#5133=EDGE_CURVE('',#4167,#4017,#1625,.T.);
#5134=EDGE_CURVE('',#4168,#4167,#1626,.T.);
#5135=EDGE_CURVE('',#4168,#4030,#1627,.T.);
#5136=EDGE_CURVE('',#4169,#4031,#1628,.T.);
#5137=EDGE_CURVE('',#4170,#4169,#1629,.T.);
#5138=EDGE_CURVE('',#4170,#4044,#1630,.T.);
#5139=EDGE_CURVE('',#4158,#4045,#1631,.T.);
#5140=EDGE_CURVE('',#4171,#4158,#1632,.T.);
#5141=EDGE_CURVE('',#4172,#4171,#1633,.T.);
#5142=EDGE_CURVE('',#4173,#4172,#1634,.T.);
#5143=EDGE_CURVE('',#4174,#4173,#1635,.T.);
#5144=EDGE_CURVE('',#4174,#4157,#1636,.T.);
#5145=EDGE_CURVE('',#4175,#4169,#1637,.T.);
#5146=EDGE_CURVE('',#4176,#4175,#1638,.T.);
#5147=EDGE_CURVE('',#4177,#4176,#1639,.T.);
#5148=EDGE_CURVE('',#4178,#4177,#1640,.T.);
#5149=EDGE_CURVE('',#4179,#4178,#1641,.T.);
#5150=EDGE_CURVE('',#4180,#4179,#1642,.T.);
#5151=EDGE_CURVE('',#4170,#4180,#1643,.T.);
#5152=EDGE_CURVE('',#4181,#4167,#1644,.T.);
#5153=EDGE_CURVE('',#4182,#4181,#1645,.T.);
#5154=EDGE_CURVE('',#4183,#4182,#1646,.T.);
#5155=EDGE_CURVE('',#4184,#4183,#1647,.T.);
#5156=EDGE_CURVE('',#4185,#4184,#1648,.T.);
#5157=EDGE_CURVE('',#4186,#4185,#1649,.T.);
#5158=EDGE_CURVE('',#4168,#4186,#1650,.T.);
#5159=EDGE_CURVE('',#4187,#4165,#1651,.T.);
#5160=EDGE_CURVE('',#4188,#4187,#1652,.T.);
#5161=EDGE_CURVE('',#4189,#4188,#1653,.T.);
#5162=EDGE_CURVE('',#4190,#4189,#1654,.T.);
#5163=EDGE_CURVE('',#4166,#4190,#1655,.T.);
#5164=EDGE_CURVE('',#4191,#4192,#1656,.T.);
#5165=EDGE_CURVE('',#4193,#4192,#1657,.T.);
#5166=EDGE_CURVE('',#4194,#4193,#1658,.T.);
#5167=EDGE_CURVE('',#4195,#4194,#1659,.T.);
#5168=EDGE_CURVE('',#4196,#4195,#1660,.T.);
#5169=EDGE_CURVE('',#4196,#4191,#1661,.T.);
#5170=EDGE_CURVE('',#4197,#4198,#1662,.T.);
#5171=EDGE_CURVE('',#4199,#4198,#1663,.T.);
#5172=EDGE_CURVE('',#4200,#4199,#1664,.T.);
#5173=EDGE_CURVE('',#4201,#4200,#1665,.T.);
#5174=EDGE_CURVE('',#4202,#4201,#1666,.T.);
#5175=EDGE_CURVE('',#4197,#4202,#1667,.T.);
#5176=EDGE_CURVE('',#4203,#4204,#1668,.T.);
#5177=EDGE_CURVE('',#4203,#4205,#1669,.T.);
#5178=EDGE_CURVE('',#4205,#4206,#1670,.T.);
#5179=EDGE_CURVE('',#4207,#4206,#1671,.T.);
#5180=EDGE_CURVE('',#4208,#4207,#1672,.T.);
#5181=EDGE_CURVE('',#4204,#4208,#1673,.T.);
#5182=EDGE_CURVE('',#4209,#4210,#1674,.T.);
#5183=EDGE_CURVE('',#4211,#4209,#1675,.T.);
#5184=EDGE_CURVE('',#4212,#4211,#1676,.T.);
#5185=EDGE_CURVE('',#4213,#4212,#1677,.T.);
#5186=EDGE_CURVE('',#4213,#4214,#1678,.T.);
#5187=EDGE_CURVE('',#4215,#4214,#1679,.T.);
#5188=EDGE_CURVE('',#4216,#4215,#1680,.T.);
#5189=EDGE_CURVE('',#4210,#4216,#1681,.T.);
#5190=EDGE_CURVE('',#4217,#4218,#1682,.T.);
#5191=EDGE_CURVE('',#4219,#4217,#1683,.T.);
#5192=EDGE_CURVE('',#4220,#4219,#1684,.T.);
#5193=EDGE_CURVE('',#4221,#4220,#1685,.T.);
#5194=EDGE_CURVE('',#4221,#4222,#1686,.T.);
#5195=EDGE_CURVE('',#4223,#4222,#1687,.T.);
#5196=EDGE_CURVE('',#4224,#4223,#1688,.T.);
#5197=EDGE_CURVE('',#4218,#4224,#1689,.T.);
#5198=EDGE_CURVE('',#4225,#4226,#1690,.T.);
#5199=EDGE_CURVE('',#4227,#4225,#1691,.T.);
#5200=EDGE_CURVE('',#4228,#4227,#1692,.T.);
#5201=EDGE_CURVE('',#4229,#4228,#1693,.T.);
#5202=EDGE_CURVE('',#4229,#4230,#1694,.T.);
#5203=EDGE_CURVE('',#4226,#4230,#1695,.T.);
#5204=EDGE_CURVE('',#4231,#4232,#1696,.T.);
#5205=EDGE_CURVE('',#4233,#4231,#1697,.T.);
#5206=EDGE_CURVE('',#4232,#4233,#1698,.T.);
#5207=EDGE_CURVE('',#4234,#4235,#1699,.T.);
#5208=EDGE_CURVE('',#4236,#4234,#1700,.T.);
#5209=EDGE_CURVE('',#4236,#4235,#1701,.T.);
#5210=EDGE_CURVE('',#4237,#4238,#1702,.T.);
#5211=EDGE_CURVE('',#4237,#4239,#1703,.T.);
#5212=EDGE_CURVE('',#4238,#4239,#1704,.T.);
#5213=EDGE_CURVE('',#4240,#4241,#1705,.T.);
#5214=EDGE_CURVE('',#4242,#4240,#1706,.T.);
#5215=EDGE_CURVE('',#4241,#4242,#1707,.T.);
#5216=EDGE_CURVE('',#4174,#4243,#1708,.T.);
#5217=EDGE_CURVE('',#4159,#4243,#1709,.T.);
#5218=EDGE_CURVE('',#4203,#4244,#1710,.T.);
#5219=EDGE_CURVE('',#4245,#4244,#1711,.T.);
#5220=EDGE_CURVE('',#4205,#4245,#1712,.T.);
#5221=EDGE_CURVE('',#4246,#4247,#1713,.T.);
#5222=EDGE_CURVE('',#4191,#4247,#1714,.T.);
#5223=EDGE_CURVE('',#4196,#4246,#1715,.T.);
#5224=EDGE_CURVE('',#4248,#4249,#1716,.T.);
#5225=EDGE_CURVE('',#4250,#4249,#1717,.T.);
#5226=EDGE_CURVE('',#4250,#4251,#1718,.T.);
#5227=EDGE_CURVE('',#4251,#4160,#1719,.T.);
#5228=EDGE_CURVE('',#4243,#4252,#1720,.T.);
#5229=EDGE_CURVE('',#4248,#4252,#1721,.T.);
#5230=EDGE_CURVE('',#4253,#4253,#211,.T.);
#5231=EDGE_CURVE('',#4254,#4255,#1722,.T.);
#5232=EDGE_CURVE('',#4256,#4255,#1723,.T.);
#5233=EDGE_CURVE('',#4256,#4257,#1724,.T.);
#5234=EDGE_CURVE('',#4257,#4258,#1725,.T.);
#5235=EDGE_CURVE('',#4245,#4258,#1726,.T.);
#5236=EDGE_CURVE('',#4244,#4259,#1727,.T.);
#5237=EDGE_CURVE('',#4254,#4259,#1728,.T.);
#5238=EDGE_CURVE('',#4260,#4260,#212,.T.);
#5239=EDGE_CURVE('',#4260,#4261,#1729,.T.);
#5240=EDGE_CURVE('',#4261,#4261,#213,.T.);
#5241=EDGE_CURVE('',#4262,#4262,#214,.T.);
#5242=EDGE_CURVE('',#4262,#4263,#1730,.T.);
#5243=EDGE_CURVE('',#4263,#4263,#215,.T.);
#5244=EDGE_CURVE('',#4264,#4264,#216,.T.);
#5245=EDGE_CURVE('',#4265,#4265,#217,.T.);
#5246=EDGE_CURVE('',#4266,#4266,#218,.T.);
#5247=EDGE_CURVE('',#4264,#4267,#1731,.T.);
#5248=EDGE_CURVE('',#4267,#4267,#219,.T.);
#5249=EDGE_CURVE('',#4268,#4269,#1732,.T.);
#5250=EDGE_CURVE('',#4270,#4269,#1733,.T.);
#5251=EDGE_CURVE('',#4270,#4271,#1734,.T.);
#5252=EDGE_CURVE('',#4272,#4271,#1735,.T.);
#5253=EDGE_CURVE('',#4273,#4272,#1736,.T.);
#5254=EDGE_CURVE('',#4274,#4273,#1737,.T.);
#5255=EDGE_CURVE('',#4275,#4274,#1738,.T.);
#5256=EDGE_CURVE('',#4275,#4276,#1739,.T.);
#5257=EDGE_CURVE('',#4276,#4277,#1740,.T.);
#5258=EDGE_CURVE('',#4268,#4277,#1741,.T.);
#5259=EDGE_CURVE('',#4278,#4278,#220,.T.);
#5260=EDGE_CURVE('',#4279,#4280,#1742,.T.);
#5261=EDGE_CURVE('',#4281,#4280,#1743,.T.);
#5262=EDGE_CURVE('',#4281,#4282,#1744,.T.);
#5263=EDGE_CURVE('',#4283,#4282,#1745,.T.);
#5264=EDGE_CURVE('',#4283,#4284,#1746,.T.);
#5265=EDGE_CURVE('',#4279,#4284,#1747,.T.);
#5266=EDGE_CURVE('',#4265,#4278,#1748,.T.);
#5267=EDGE_CURVE('',#4249,#4268,#1749,.T.);
#5268=EDGE_CURVE('',#4285,#4248,#1750,.T.);
#5269=EDGE_CURVE('',#4285,#4269,#1751,.T.);
#5270=EDGE_CURVE('',#4286,#4285,#1752,.T.);
#5271=EDGE_CURVE('',#4287,#4286,#1753,.T.);
#5272=EDGE_CURVE('',#4288,#4287,#1754,.T.);
#5273=EDGE_CURVE('',#4289,#4288,#1755,.T.);
#5274=EDGE_CURVE('',#4289,#4290,#1756,.T.);
#5275=EDGE_CURVE('',#3985,#4290,#1757,.T.);
#5276=EDGE_CURVE('',#3984,#4270,#1758,.T.);
#5277=EDGE_CURVE('',#3980,#4281,#1759,.T.);
#5278=EDGE_CURVE('',#3979,#4282,#1760,.T.);
#5279=EDGE_CURVE('',#3983,#4271,#1761,.T.);
#5280=EDGE_CURVE('',#4291,#4280,#1762,.T.);
#5281=EDGE_CURVE('',#4291,#4292,#1763,.T.);
#5282=EDGE_CURVE('',#4292,#4293,#1764,.T.);
#5283=EDGE_CURVE('',#4235,#4293,#1765,.T.);
#5284=EDGE_CURVE('',#4236,#4101,#1766,.T.);
#5285=EDGE_CURVE('',#4192,#4100,#1767,.T.);
#5286=EDGE_CURVE('',#4294,#4247,#1768,.T.);
#5287=EDGE_CURVE('',#3981,#4294,#1769,.T.);
#5288=EDGE_CURVE('',#4295,#4296,#1770,.T.);
#5289=EDGE_CURVE('',#4297,#4295,#1771,.T.);
#5290=EDGE_CURVE('',#3977,#4297,#1772,.T.);
#5291=EDGE_CURVE('',#4298,#3976,#1773,.T.);
#5292=EDGE_CURVE('',#4299,#4298,#1774,.T.);
#5293=EDGE_CURVE('',#4299,#4198,#1775,.T.);
#5294=EDGE_CURVE('',#4197,#4111,#1776,.T.);
#5295=EDGE_CURVE('',#4239,#4110,#1777,.T.);
#5296=EDGE_CURVE('',#4237,#4300,#1778,.T.);
#5297=EDGE_CURVE('',#4300,#4301,#1779,.T.);
#5298=EDGE_CURVE('',#4301,#4296,#1780,.T.);
#5299=EDGE_CURVE('',#4255,#4279,#1781,.T.);
#5300=EDGE_CURVE('',#4291,#4254,#1782,.T.);
#5301=EDGE_CURVE('',#4259,#4302,#1783,.T.);
#5302=EDGE_CURVE('',#4292,#4302,#1784,.T.);
#5303=EDGE_CURVE('',#4300,#4303,#1785,.T.);
#5304=EDGE_CURVE('',#4303,#4304,#1786,.T.);
#5305=EDGE_CURVE('',#4304,#4162,#1787,.T.);
#5306=EDGE_CURVE('',#4305,#4161,#1788,.T.);
#5307=EDGE_CURVE('',#4305,#4306,#1789,.T.);
#5308=EDGE_CURVE('',#4306,#4293,#1790,.T.);
#5309=EDGE_CURVE('',#4302,#4307,#1791,.T.);
#5310=EDGE_CURVE('',#4301,#4307,#1792,.T.);
#5311=EDGE_CURVE('',#4308,#4309,#1793,.T.);
#5312=EDGE_CURVE('',#4310,#4308,#1794,.T.);
#5313=EDGE_CURVE('',#4311,#4310,#1795,.T.);
#5314=EDGE_CURVE('',#4309,#4311,#1796,.T.);
#5315=EDGE_CURVE('',#4312,#4109,#1797,.T.);
#5316=EDGE_CURVE('',#4313,#4312,#1798,.T.);
#5317=EDGE_CURVE('',#4313,#4117,#1799,.T.);
#5318=EDGE_CURVE('',#4240,#4116,#1800,.T.);
#5319=EDGE_CURVE('',#4241,#4303,#1801,.T.);
#5320=EDGE_CURVE('',#4238,#4108,#1802,.T.);
#5321=EDGE_CURVE('',#4314,#4121,#1803,.T.);
#5322=EDGE_CURVE('',#4312,#4314,#1804,.T.);
#5323=EDGE_CURVE('',#4315,#4316,#1805,.T.);
#5324=EDGE_CURVE('',#4316,#4317,#1806,.T.);
#5325=EDGE_CURVE('',#4317,#4313,#1807,.T.);
#5326=EDGE_CURVE('',#4314,#4315,#1808,.T.);
#5327=EDGE_CURVE('',#4318,#4318,#221,.T.);
#5328=EDGE_CURVE('',#4316,#4119,#1809,.T.);
#5329=EDGE_CURVE('',#4120,#4315,#1810,.T.);
#5330=EDGE_CURVE('',#4317,#4118,#1811,.T.);
#5331=EDGE_CURVE('',#4318,#3990,#1812,.T.);
#5332=EDGE_CURVE('',#4319,#4320,#1813,.T.);
#5333=EDGE_CURVE('',#4319,#4321,#1814,.T.);
#5334=EDGE_CURVE('',#4271,#4321,#1815,.T.);
#5335=EDGE_CURVE('',#4322,#3982,#1816,.T.);
#5336=EDGE_CURVE('',#4322,#4246,#1817,.T.);
#5337=EDGE_CURVE('',#4195,#4097,#1818,.T.);
#5338=EDGE_CURVE('',#4233,#4096,#1819,.T.);
#5339=EDGE_CURVE('',#4231,#4306,#1820,.T.);
#5340=EDGE_CURVE('',#4320,#4305,#1821,.T.);
#5341=EDGE_CURVE('',#4323,#4324,#1822,.T.);
#5342=EDGE_CURVE('',#4304,#4323,#1823,.T.);
#5343=EDGE_CURVE('',#4242,#4115,#1824,.T.);
#5344=EDGE_CURVE('',#4200,#4114,#1825,.T.);
#5345=EDGE_CURVE('',#4325,#4199,#1826,.T.);
#5346=EDGE_CURVE('',#4325,#4326,#1827,.T.);
#5347=EDGE_CURVE('',#3975,#4326,#1828,.T.);
#5348=EDGE_CURVE('',#3986,#4327,#1829,.T.);
#5349=EDGE_CURVE('',#4327,#4328,#1830,.T.);
#5350=EDGE_CURVE('',#4324,#4328,#1831,.T.);
#5351=EDGE_CURVE('',#4277,#4250,#1832,.T.);
#5352=EDGE_CURVE('',#4329,#4276,#1833,.T.);
#5353=EDGE_CURVE('',#4319,#4329,#1834,.T.);
#5354=EDGE_CURVE('',#4251,#4320,#1835,.T.);
#5355=EDGE_CURVE('',#4329,#4330,#1836,.T.);
#5356=EDGE_CURVE('',#4330,#4331,#1837,.T.);
#5357=EDGE_CURVE('',#4331,#4332,#1838,.T.);
#5358=EDGE_CURVE('',#4332,#4333,#1839,.T.);
#5359=EDGE_CURVE('',#4333,#4334,#1840,.T.);
#5360=EDGE_CURVE('',#4335,#4334,#1841,.T.);
#5361=EDGE_CURVE('',#4335,#4336,#1842,.T.);
#5362=EDGE_CURVE('',#4336,#4337,#1843,.T.);
#5363=EDGE_CURVE('',#4337,#4321,#1844,.T.);
#5364=EDGE_CURVE('',#4275,#4330,#1845,.T.);
#5365=EDGE_CURVE('',#4274,#4331,#1846,.T.);
#5366=EDGE_CURVE('',#4273,#4336,#1847,.T.);
#5367=EDGE_CURVE('',#4332,#4335,#1848,.T.);
#5368=EDGE_CURVE('',#4332,#4333,#222,.T.);
#5369=EDGE_CURVE('',#4334,#4335,#223,.T.);
#5370=EDGE_CURVE('',#4338,#4339,#1849,.T.);
#5371=EDGE_CURVE('',#4339,#4338,#224,.T.);
#5372=EDGE_CURVE('',#4328,#4340,#1850,.T.);
#5373=EDGE_CURVE('',#4340,#4341,#1851,.T.);
#5374=EDGE_CURVE('',#4341,#4342,#1852,.T.);
#5375=EDGE_CURVE('',#4342,#4343,#1853,.T.);
#5376=EDGE_CURVE('',#4339,#4343,#1854,.T.);
#5377=EDGE_CURVE('',#4338,#4344,#1855,.T.);
#5378=EDGE_CURVE('',#4344,#4345,#1856,.T.);
#5379=EDGE_CURVE('',#4346,#4345,#1857,.T.);
#5380=EDGE_CURVE('',#4346,#4324,#1858,.T.);
#5381=EDGE_CURVE('',#4347,#4348,#1859,.T.);
#5382=EDGE_CURVE('',#4349,#4347,#1860,.T.);
#5383=EDGE_CURVE('',#4350,#4349,#1861,.T.);
#5384=EDGE_CURVE('',#4323,#4350,#1862,.T.);
#5385=EDGE_CURVE('',#4348,#4346,#1863,.T.);
#5386=EDGE_CURVE('',#4351,#4352,#1864,.T.);
#5387=EDGE_CURVE('',#4353,#4352,#1865,.T.);
#5388=EDGE_CURVE('',#4353,#4297,#1866,.T.);
#5389=EDGE_CURVE('',#4295,#4354,#1867,.T.);
#5390=EDGE_CURVE('',#4351,#4354,#1868,.T.);
#5391=EDGE_CURVE('',#4355,#4355,#225,.T.);
#5392=EDGE_CURVE('',#4348,#4356,#1869,.T.);
#5393=EDGE_CURVE('',#4357,#4356,#1870,.T.);
#5394=EDGE_CURVE('',#4358,#4357,#1871,.T.);
#5395=EDGE_CURVE('',#4359,#4358,#1872,.T.);
#5396=EDGE_CURVE('',#4327,#4359,#1873,.T.);
#5397=EDGE_CURVE('',#4327,#4290,#1874,.T.);
#5398=EDGE_CURVE('',#4289,#4360,#1875,.T.);
#5399=EDGE_CURVE('',#4347,#4360,#1876,.T.);
#5400=EDGE_CURVE('',#4361,#4361,#226,.T.);
#5401=EDGE_CURVE('',#4362,#4362,#227,.T.);
#5402=EDGE_CURVE('',#4362,#4355,#1877,.T.);
#5403=EDGE_CURVE('',#4363,#4363,#228,.T.);
#5404=EDGE_CURVE('',#4364,#4364,#229,.T.);
#5405=EDGE_CURVE('',#4363,#4361,#1878,.T.);
#5406=EDGE_CURVE('',#4365,#4366,#1879,.T.);
#5407=EDGE_CURVE('',#4367,#4366,#1880,.T.);
#5408=EDGE_CURVE('',#4367,#4368,#1881,.T.);
#5409=EDGE_CURVE('',#4368,#4369,#1882,.T.);
#5410=EDGE_CURVE('',#4370,#4369,#1883,.T.);
#5411=EDGE_CURVE('',#4370,#4371,#1884,.T.);
#5412=EDGE_CURVE('',#4371,#4372,#1885,.T.);
#5413=EDGE_CURVE('',#4365,#4372,#1886,.T.);
#5414=EDGE_CURVE('',#4373,#4349,#1887,.T.);
#5415=EDGE_CURVE('',#4373,#4374,#1888,.T.);
#5416=EDGE_CURVE('',#4374,#4375,#1889,.T.);
#5417=EDGE_CURVE('',#4376,#4375,#1890,.T.);
#5418=EDGE_CURVE('',#4376,#4164,#1891,.T.);
#5419=EDGE_CURVE('',#4350,#4163,#1892,.T.);
#5420=EDGE_CURVE('',#4377,#4377,#230,.T.);
#5421=EDGE_CURVE('',#4253,#4266,#1893,.T.);
#5422=EDGE_CURVE('',#4364,#4377,#1894,.T.);
#5423=EDGE_CURVE('',#4366,#4351,#1895,.T.);
#5424=EDGE_CURVE('',#4378,#4365,#1896,.T.);
#5425=EDGE_CURVE('',#4378,#4352,#1897,.T.);
#5426=EDGE_CURVE('',#4283,#4379,#1898,.T.);
#5427=EDGE_CURVE('',#3978,#4353,#1899,.T.);
#5428=EDGE_CURVE('',#4378,#4380,#1900,.T.);
#5429=EDGE_CURVE('',#4380,#4381,#1901,.T.);
#5430=EDGE_CURVE('',#4381,#4379,#1902,.T.);
#5431=EDGE_CURVE('',#4284,#4256,#1903,.T.);
#5432=EDGE_CURVE('',#4257,#4379,#1904,.T.);
#5433=EDGE_CURVE('',#4381,#4382,#1905,.T.);
#5434=EDGE_CURVE('',#4382,#4258,#1906,.T.);
#5435=EDGE_CURVE('',#4383,#4382,#1907,.T.);
#5436=EDGE_CURVE('',#4372,#4383,#1908,.T.);
#5437=EDGE_CURVE('',#4371,#4230,#1909,.T.);
#5438=EDGE_CURVE('',#4229,#4063,#1910,.T.);
#5439=EDGE_CURVE('',#4222,#4062,#1911,.T.);
#5440=EDGE_CURVE('',#4221,#4077,#1912,.T.);
#5441=EDGE_CURVE('',#4214,#4076,#1913,.T.);
#5442=EDGE_CURVE('',#4213,#4085,#1914,.T.);
#5443=EDGE_CURVE('',#4206,#4084,#1915,.T.);
#5444=EDGE_CURVE('',#4207,#4083,#1916,.T.);
#5445=EDGE_CURVE('',#4208,#4082,#1917,.T.);
#5446=EDGE_CURVE('',#4204,#4081,#1918,.T.);
#5447=EDGE_CURVE('',#4209,#4080,#1919,.T.);
#5448=EDGE_CURVE('',#4210,#4073,#1920,.T.);
#5449=EDGE_CURVE('',#4217,#4072,#1921,.T.);
#5450=EDGE_CURVE('',#4218,#4059,#1922,.T.);
#5451=EDGE_CURVE('',#4225,#4058,#1923,.T.);
#5452=EDGE_CURVE('',#4370,#4226,#1924,.T.);
#5453=EDGE_CURVE('',#4307,#4369,#1925,.T.);
#5454=EDGE_CURVE('',#4368,#4296,#1926,.T.);
#5455=EDGE_CURVE('',#4354,#4367,#1927,.T.);
#5456=EDGE_CURVE('',#4360,#4373,#1928,.T.);
#5457=EDGE_CURVE('',#4374,#4288,#1929,.T.);
#5458=EDGE_CURVE('',#4287,#4384,#1930,.T.);
#5459=EDGE_CURVE('',#4375,#4384,#1931,.T.);
#5460=EDGE_CURVE('',#4173,#4049,#1932,.T.);
#5461=EDGE_CURVE('',#4178,#4048,#1933,.T.);
#5462=EDGE_CURVE('',#4177,#4035,#1934,.T.);
#5463=EDGE_CURVE('',#4184,#4034,#1935,.T.);
#5464=EDGE_CURVE('',#4183,#4021,#1936,.T.);
#5465=EDGE_CURVE('',#4188,#4020,#1937,.T.);
#5466=EDGE_CURVE('',#4376,#4187,#1938,.T.);
#5467=EDGE_CURVE('',#4384,#4385,#1939,.T.);
#5468=EDGE_CURVE('',#4385,#4252,#1940,.T.);
#5469=EDGE_CURVE('',#4286,#4385,#1941,.T.);
#5470=EDGE_CURVE('',#4325,#4299,#1942,.T.);
#5471=EDGE_CURVE('',#4326,#4298,#1943,.T.);
#5472=EDGE_CURVE('',#4189,#4019,#1944,.T.);
#5473=EDGE_CURVE('',#4190,#4018,#1945,.T.);
#5474=EDGE_CURVE('',#4182,#4022,#1946,.T.);
#5475=EDGE_CURVE('',#4181,#4023,#1947,.T.);
#5476=EDGE_CURVE('',#4185,#4033,#1948,.T.);
#5477=EDGE_CURVE('',#4186,#4032,#1949,.T.);
#5478=EDGE_CURVE('',#4176,#4036,#1950,.T.);
#5479=EDGE_CURVE('',#4175,#4037,#1951,.T.);
#5480=EDGE_CURVE('',#4179,#4047,#1952,.T.);
#5481=EDGE_CURVE('',#4180,#4046,#1953,.T.);
#5482=EDGE_CURVE('',#4172,#4050,#1954,.T.);
#5483=EDGE_CURVE('',#4171,#4051,#1955,.T.);
#5484=EDGE_CURVE('',#4227,#4065,#1956,.T.);
#5485=EDGE_CURVE('',#4228,#4064,#1957,.T.);
#5486=EDGE_CURVE('',#4224,#4060,#1958,.T.);
#5487=EDGE_CURVE('',#4223,#4061,#1959,.T.);
#5488=EDGE_CURVE('',#4219,#4079,#1960,.T.);
#5489=EDGE_CURVE('',#4220,#4078,#1961,.T.);
#5490=EDGE_CURVE('',#4216,#4074,#1962,.T.);
#5491=EDGE_CURVE('',#4215,#4075,#1963,.T.);
#5492=EDGE_CURVE('',#4211,#4087,#1964,.T.);
#5493=EDGE_CURVE('',#4212,#4086,#1965,.T.);
#5494=EDGE_CURVE('',#4380,#4383,#1966,.T.);
#5495=EDGE_CURVE('',#4359,#4340,#1967,.T.);
#5496=EDGE_CURVE('',#4358,#4341,#1968,.T.);
#5497=EDGE_CURVE('',#4357,#4344,#1969,.T.);
#5498=EDGE_CURVE('',#4338,#4342,#1970,.T.);
#5499=EDGE_CURVE('',#4356,#4345,#1971,.T.);
#5500=EDGE_CURVE('',#4342,#4343,#231,.T.);
#5501=EDGE_CURVE('',#4272,#4337,#1972,.T.);
#5502=EDGE_CURVE('',#4386,#4095,#1973,.T.);
#5503=EDGE_CURVE('',#4387,#4386,#1974,.T.);
#5504=EDGE_CURVE('',#4103,#4387,#1975,.T.);
#5505=EDGE_CURVE('',#4234,#4102,#1976,.T.);
#5506=EDGE_CURVE('',#4232,#4094,#1977,.T.);
#5507=EDGE_CURVE('',#4388,#4107,#1978,.T.);
#5508=EDGE_CURVE('',#4386,#4388,#1979,.T.);
#5509=EDGE_CURVE('',#4388,#4389,#1980,.T.);
#5510=EDGE_CURVE('',#4389,#4390,#1981,.T.);
#5511=EDGE_CURVE('',#4390,#4391,#1982,.T.);
#5512=EDGE_CURVE('',#4391,#4387,#1983,.T.);
#5513=EDGE_CURVE('',#4392,#4392,#232,.T.);
#5514=EDGE_CURVE('',#4391,#4104,#1984,.T.);
#5515=EDGE_CURVE('',#4390,#4105,#1985,.T.);
#5516=EDGE_CURVE('',#4389,#4106,#1986,.T.);
#5517=EDGE_CURVE('',#4392,#3994,#1987,.T.);
#5518=EDGE_CURVE('',#4194,#4098,#1988,.T.);
#5519=EDGE_CURVE('',#4193,#4099,#1989,.T.);
#5520=EDGE_CURVE('',#4322,#4294,#1990,.T.);
#5521=EDGE_CURVE('',#4201,#4113,#1991,.T.);
#5522=EDGE_CURVE('',#4202,#4112,#1992,.T.);
#5523=EDGE_CURVE('',#4308,#3995,#1993,.T.);
#5524=EDGE_CURVE('',#4309,#3996,#1994,.T.);
#5525=EDGE_CURVE('',#4311,#3999,#1995,.T.);
#5526=EDGE_CURVE('',#4393,#3998,#1996,.T.);
#5527=EDGE_CURVE('',#4394,#4393,#1997,.T.);
#5528=EDGE_CURVE('',#4394,#3997,#1998,.T.);
#5529=EDGE_CURVE('',#4393,#4394,#233,.T.);
#5530=EDGE_CURVE('',#4395,#4396,#1999,.T.);
#5531=EDGE_CURVE('',#4395,#4396,#234,.T.);
#5532=EDGE_CURVE('',#4310,#4000,#2000,.T.);
#5533=EDGE_CURVE('',#4395,#4002,#2001,.T.);
#5534=EDGE_CURVE('',#4396,#4001,#2002,.T.);
#5535=EDGE_CURVE('',#4397,#4398,#2003,.T.);
#5536=EDGE_CURVE('',#4399,#4398,#2004,.T.);
#5537=EDGE_CURVE('',#4400,#4399,#2005,.T.);
#5538=EDGE_CURVE('',#4401,#4400,#2006,.T.);
#5539=EDGE_CURVE('',#4402,#4401,#2007,.T.);
#5540=EDGE_CURVE('',#4402,#4403,#2008,.T.);
#5541=EDGE_CURVE('',#4404,#4403,#2009,.T.);
#5542=EDGE_CURVE('',#4405,#4404,#2010,.T.);
#5543=EDGE_CURVE('',#4406,#4405,#2011,.T.);
#5544=EDGE_CURVE('',#4407,#4406,#2012,.T.);
#5545=EDGE_CURVE('',#4408,#4407,#2013,.T.);
#5546=EDGE_CURVE('',#4408,#4397,#2014,.T.);
#5547=EDGE_CURVE('',#4409,#4409,#235,.T.);
#5548=EDGE_CURVE('',#4410,#4410,#236,.T.);
#5549=EDGE_CURVE('',#4411,#4411,#237,.T.);
#5550=EDGE_CURVE('',#4412,#4412,#238,.T.);
#5551=EDGE_CURVE('',#4413,#4413,#239,.T.);
#5552=EDGE_CURVE('',#4414,#4414,#240,.T.);
#5553=EDGE_CURVE('',#4415,#4415,#241,.T.);
#5554=EDGE_CURVE('',#4416,#4416,#242,.T.);
#5555=EDGE_CURVE('',#4417,#4418,#2015,.T.);
#5556=EDGE_CURVE('',#4418,#4419,#2016,.T.);
#5557=EDGE_CURVE('',#4420,#4419,#243,.T.);
#5558=EDGE_CURVE('',#4420,#4421,#2017,.T.);
#5559=EDGE_CURVE('',#4421,#4422,#2018,.T.);
#5560=EDGE_CURVE('',#4422,#4423,#2019,.T.);
#5561=EDGE_CURVE('',#4424,#4423,#244,.T.);
#5562=EDGE_CURVE('',#4424,#4417,#2020,.T.);
#5563=EDGE_CURVE('',#4425,#4425,#245,.T.);
#5564=EDGE_CURVE('',#4425,#4409,#2021,.T.);
#5565=EDGE_CURVE('',#4426,#4427,#2022,.T.);
#5566=EDGE_CURVE('',#4427,#4428,#2023,.T.);
#5567=EDGE_CURVE('',#4428,#4429,#2024,.T.);
#5568=EDGE_CURVE('',#4429,#4430,#2025,.T.);
#5569=EDGE_CURVE('',#4430,#4431,#2026,.T.);
#5570=EDGE_CURVE('',#4431,#4426,#2027,.T.);
#5571=EDGE_CURVE('',#4427,#4432,#2028,.T.);
#5572=EDGE_CURVE('',#4433,#4426,#2029,.T.);
#5573=EDGE_CURVE('',#4432,#4433,#2030,.T.);
#5574=EDGE_CURVE('',#4428,#4434,#2031,.T.);
#5575=EDGE_CURVE('',#4434,#4432,#2032,.T.);
#5576=EDGE_CURVE('',#4429,#4435,#2033,.T.);
#5577=EDGE_CURVE('',#4435,#4434,#2034,.T.);
#5578=EDGE_CURVE('',#4430,#4436,#2035,.T.);
#5579=EDGE_CURVE('',#4436,#4435,#2036,.T.);
#5580=EDGE_CURVE('',#4431,#4437,#2037,.T.);
#5581=EDGE_CURVE('',#4437,#4436,#2038,.T.);
#5582=EDGE_CURVE('',#4433,#4437,#2039,.T.);
#5583=EDGE_CURVE('',#4438,#4439,#2040,.T.);
#5584=EDGE_CURVE('',#4438,#4440,#2041,.T.);
#5585=EDGE_CURVE('',#4440,#4441,#2042,.T.);
#5586=EDGE_CURVE('',#4441,#4442,#2043,.T.);
#5587=EDGE_CURVE('',#4442,#4443,#2044,.T.);
#5588=EDGE_CURVE('',#4443,#4444,#2045,.T.);
#5589=EDGE_CURVE('',#4444,#4445,#2046,.T.);
#5590=EDGE_CURVE('',#4445,#4439,#2047,.T.);
#5591=EDGE_CURVE('',#4446,#4447,#2048,.T.);
#5592=EDGE_CURVE('',#4447,#4448,#2049,.T.);
#5593=EDGE_CURVE('',#4448,#4449,#2050,.T.);
#5594=EDGE_CURVE('',#4449,#4450,#2051,.T.);
#5595=EDGE_CURVE('',#4450,#4451,#2052,.T.);
#5596=EDGE_CURVE('',#4451,#4446,#2053,.T.);
#5597=EDGE_CURVE('',#4452,#4453,#2054,.T.);
#5598=EDGE_CURVE('',#4452,#4454,#2055,.T.);
#5599=EDGE_CURVE('',#4454,#4455,#2056,.T.);
#5600=EDGE_CURVE('',#4455,#4456,#2057,.T.);
#5601=EDGE_CURVE('',#4456,#4457,#2058,.T.);
#5602=EDGE_CURVE('',#4457,#4458,#2059,.T.);
#5603=EDGE_CURVE('',#4458,#4459,#2060,.T.);
#5604=EDGE_CURVE('',#4459,#4453,#2061,.T.);
#5605=EDGE_CURVE('',#4460,#4461,#2062,.T.);
#5606=EDGE_CURVE('',#4461,#4462,#2063,.T.);
#5607=EDGE_CURVE('',#4462,#4463,#2064,.T.);
#5608=EDGE_CURVE('',#4463,#4464,#2065,.T.);
#5609=EDGE_CURVE('',#4464,#4465,#2066,.T.);
#5610=EDGE_CURVE('',#4465,#4460,#2067,.T.);
#5611=EDGE_CURVE('',#4466,#4467,#2068,.T.);
#5612=EDGE_CURVE('',#4466,#4468,#2069,.T.);
#5613=EDGE_CURVE('',#4468,#4469,#2070,.T.);
#5614=EDGE_CURVE('',#4469,#4470,#2071,.T.);
#5615=EDGE_CURVE('',#4470,#4471,#2072,.T.);
#5616=EDGE_CURVE('',#4471,#4472,#2073,.T.);
#5617=EDGE_CURVE('',#4472,#4473,#2074,.T.);
#5618=EDGE_CURVE('',#4473,#4467,#2075,.T.);
#5619=EDGE_CURVE('',#4474,#4475,#2076,.T.);
#5620=EDGE_CURVE('',#4475,#4476,#2077,.T.);
#5621=EDGE_CURVE('',#4476,#4477,#2078,.T.);
#5622=EDGE_CURVE('',#4477,#4478,#2079,.T.);
#5623=EDGE_CURVE('',#4478,#4479,#2080,.T.);
#5624=EDGE_CURVE('',#4479,#4474,#2081,.T.);
#5625=EDGE_CURVE('',#4480,#4481,#2082,.T.);
#5626=EDGE_CURVE('',#4481,#4482,#2083,.T.);
#5627=EDGE_CURVE('',#4482,#4483,#2084,.T.);
#5628=EDGE_CURVE('',#4483,#4484,#2085,.T.);
#5629=EDGE_CURVE('',#4485,#4484,#2086,.T.);
#5630=EDGE_CURVE('',#4485,#4486,#2087,.T.);
#5631=EDGE_CURVE('',#4486,#4487,#2088,.T.);
#5632=EDGE_CURVE('',#4487,#4480,#2089,.T.);
#5633=EDGE_CURVE('',#4488,#4489,#2090,.T.);
#5634=EDGE_CURVE('',#4489,#4490,#2091,.T.);
#5635=EDGE_CURVE('',#4490,#4491,#2092,.T.);
#5636=EDGE_CURVE('',#4491,#4492,#2093,.T.);
#5637=EDGE_CURVE('',#4492,#4493,#2094,.T.);
#5638=EDGE_CURVE('',#4493,#4488,#2095,.T.);
#5639=EDGE_CURVE('',#4494,#4495,#2096,.T.);
#5640=EDGE_CURVE('',#4495,#4496,#2097,.T.);
#5641=EDGE_CURVE('',#4496,#4497,#2098,.T.);
#5642=EDGE_CURVE('',#4497,#4498,#2099,.T.);
#5643=EDGE_CURVE('',#4499,#4498,#2100,.T.);
#5644=EDGE_CURVE('',#4499,#4500,#2101,.T.);
#5645=EDGE_CURVE('',#4500,#4501,#2102,.T.);
#5646=EDGE_CURVE('',#4501,#4494,#2103,.T.);
#5647=EDGE_CURVE('',#4502,#4503,#2104,.T.);
#5648=EDGE_CURVE('',#4503,#4504,#2105,.T.);
#5649=EDGE_CURVE('',#4504,#4505,#2106,.T.);
#5650=EDGE_CURVE('',#4505,#4506,#2107,.T.);
#5651=EDGE_CURVE('',#4507,#4506,#2108,.T.);
#5652=EDGE_CURVE('',#4507,#4508,#2109,.T.);
#5653=EDGE_CURVE('',#4508,#4509,#2110,.T.);
#5654=EDGE_CURVE('',#4509,#4502,#2111,.T.);
#5655=EDGE_CURVE('',#4510,#4511,#2112,.T.);
#5656=EDGE_CURVE('',#4511,#4512,#2113,.T.);
#5657=EDGE_CURVE('',#4512,#4513,#2114,.T.);
#5658=EDGE_CURVE('',#4513,#4514,#2115,.T.);
#5659=EDGE_CURVE('',#4514,#4515,#2116,.T.);
#5660=EDGE_CURVE('',#4515,#4510,#2117,.T.);
#5661=EDGE_CURVE('',#4516,#4517,#2118,.T.);
#5662=EDGE_CURVE('',#4516,#4518,#2119,.T.);
#5663=EDGE_CURVE('',#4518,#4519,#2120,.T.);
#5664=EDGE_CURVE('',#4519,#4520,#2121,.T.);
#5665=EDGE_CURVE('',#4520,#4521,#2122,.T.);
#5666=EDGE_CURVE('',#4521,#4522,#2123,.T.);
#5667=EDGE_CURVE('',#4523,#4522,#2124,.T.);
#5668=EDGE_CURVE('',#4523,#4524,#2125,.T.);
#5669=EDGE_CURVE('',#4525,#4524,#2126,.T.);
#5670=EDGE_CURVE('',#4525,#4526,#2127,.T.);
#5671=EDGE_CURVE('',#4526,#4527,#2128,.T.);
#5672=EDGE_CURVE('',#4527,#4528,#2129,.T.);
#5673=EDGE_CURVE('',#4528,#4529,#2130,.T.);
#5674=EDGE_CURVE('',#4529,#4517,#2131,.T.);
#5675=EDGE_CURVE('',#4530,#4531,#2132,.T.);
#5676=EDGE_CURVE('',#4530,#4532,#2133,.T.);
#5677=EDGE_CURVE('',#4533,#4532,#2134,.T.);
#5678=EDGE_CURVE('',#4533,#4534,#2135,.T.);
#5679=EDGE_CURVE('',#4534,#4535,#2136,.T.);
#5680=EDGE_CURVE('',#4535,#4536,#2137,.T.);
#5681=EDGE_CURVE('',#4536,#4537,#2138,.T.);
#5682=EDGE_CURVE('',#4537,#4538,#2139,.T.);
#5683=EDGE_CURVE('',#4539,#4538,#2140,.T.);
#5684=EDGE_CURVE('',#4539,#4540,#2141,.T.);
#5685=EDGE_CURVE('',#4540,#4541,#2142,.T.);
#5686=EDGE_CURVE('',#4541,#4542,#2143,.T.);
#5687=EDGE_CURVE('',#4542,#4543,#2144,.T.);
#5688=EDGE_CURVE('',#4543,#4531,#2145,.T.);
#5689=EDGE_CURVE('',#4488,#4544,#2146,.T.);
#5690=EDGE_CURVE('',#4545,#4544,#2147,.T.);
#5691=EDGE_CURVE('',#4545,#4489,#2148,.T.);
#5692=EDGE_CURVE('',#4546,#4493,#2149,.T.);
#5693=EDGE_CURVE('',#4544,#4546,#2150,.T.);
#5694=EDGE_CURVE('',#4547,#4492,#2151,.T.);
#5695=EDGE_CURVE('',#4546,#4547,#2152,.T.);
#5696=EDGE_CURVE('',#4548,#4491,#2153,.T.);
#5697=EDGE_CURVE('',#4547,#4548,#2154,.T.);
#5698=EDGE_CURVE('',#4549,#4490,#2155,.T.);
#5699=EDGE_CURVE('',#4548,#4549,#2156,.T.);
#5700=EDGE_CURVE('',#4549,#4545,#2157,.T.);
#5701=EDGE_CURVE('',#4550,#4550,#246,.T.);
#5702=EDGE_CURVE('',#4550,#4411,#2158,.T.);
#5703=EDGE_CURVE('',#4510,#4551,#2159,.T.);
#5704=EDGE_CURVE('',#4552,#4551,#2160,.T.);
#5705=EDGE_CURVE('',#4552,#4511,#2161,.T.);
#5706=EDGE_CURVE('',#4553,#4515,#2162,.T.);
#5707=EDGE_CURVE('',#4551,#4553,#2163,.T.);
#5708=EDGE_CURVE('',#4554,#4514,#2164,.T.);
#5709=EDGE_CURVE('',#4553,#4554,#2165,.T.);
#5710=EDGE_CURVE('',#4555,#4513,#2166,.T.);
#5711=EDGE_CURVE('',#4554,#4555,#2167,.T.);
#5712=EDGE_CURVE('',#4556,#4512,#2168,.T.);
#5713=EDGE_CURVE('',#4555,#4556,#2169,.T.);
#5714=EDGE_CURVE('',#4556,#4552,#2170,.T.);
#5715=EDGE_CURVE('',#4557,#4557,#247,.T.);
#5716=EDGE_CURVE('',#4557,#4410,#2171,.T.);
#5717=EDGE_CURVE('',#4460,#4558,#2172,.T.);
#5718=EDGE_CURVE('',#4559,#4558,#2173,.T.);
#5719=EDGE_CURVE('',#4559,#4461,#2174,.T.);
#5720=EDGE_CURVE('',#4560,#4465,#2175,.T.);
#5721=EDGE_CURVE('',#4558,#4560,#2176,.T.);
#5722=EDGE_CURVE('',#4561,#4464,#2177,.T.);
#5723=EDGE_CURVE('',#4560,#4561,#2178,.T.);
#5724=EDGE_CURVE('',#4562,#4463,#2179,.T.);
#5725=EDGE_CURVE('',#4561,#4562,#2180,.T.);
#5726=EDGE_CURVE('',#4563,#4462,#2181,.T.);
#5727=EDGE_CURVE('',#4562,#4563,#2182,.T.);
#5728=EDGE_CURVE('',#4563,#4559,#2183,.T.);
#5729=EDGE_CURVE('',#4564,#4564,#248,.T.);
#5730=EDGE_CURVE('',#4564,#4414,#2184,.T.);
#5731=EDGE_CURVE('',#4446,#4565,#2185,.T.);
#5732=EDGE_CURVE('',#4566,#4565,#2186,.T.);
#5733=EDGE_CURVE('',#4566,#4447,#2187,.T.);
#5734=EDGE_CURVE('',#4567,#4451,#2188,.T.);
#5735=EDGE_CURVE('',#4565,#4567,#2189,.T.);
#5736=EDGE_CURVE('',#4568,#4450,#2190,.T.);
#5737=EDGE_CURVE('',#4567,#4568,#2191,.T.);
#5738=EDGE_CURVE('',#4569,#4449,#2192,.T.);
#5739=EDGE_CURVE('',#4568,#4569,#2193,.T.);
#5740=EDGE_CURVE('',#4570,#4448,#2194,.T.);
#5741=EDGE_CURVE('',#4569,#4570,#2195,.T.);
#5742=EDGE_CURVE('',#4570,#4566,#2196,.T.);
#5743=EDGE_CURVE('',#4571,#4571,#249,.T.);
#5744=EDGE_CURVE('',#4571,#4413,#2197,.T.);
#5745=EDGE_CURVE('',#4474,#4572,#2198,.T.);
#5746=EDGE_CURVE('',#4573,#4572,#2199,.T.);
#5747=EDGE_CURVE('',#4573,#4475,#2200,.T.);
#5748=EDGE_CURVE('',#4574,#4479,#2201,.T.);
#5749=EDGE_CURVE('',#4572,#4574,#2202,.T.);
#5750=EDGE_CURVE('',#4575,#4478,#2203,.T.);
#5751=EDGE_CURVE('',#4574,#4575,#2204,.T.);
#5752=EDGE_CURVE('',#4576,#4477,#2205,.T.);
#5753=EDGE_CURVE('',#4575,#4576,#2206,.T.);
#5754=EDGE_CURVE('',#4577,#4476,#2207,.T.);
#5755=EDGE_CURVE('',#4576,#4577,#2208,.T.);
#5756=EDGE_CURVE('',#4577,#4573,#2209,.T.);
#5757=EDGE_CURVE('',#4578,#4578,#250,.T.);
#5758=EDGE_CURVE('',#4578,#4415,#2210,.T.);
#5759=EDGE_CURVE('',#4579,#4580,#2211,.T.);
#5760=EDGE_CURVE('',#4579,#4581,#2212,.T.);
#5761=EDGE_CURVE('',#4581,#4582,#2213,.T.);
#5762=EDGE_CURVE('',#4582,#4583,#2214,.T.);
#5763=EDGE_CURVE('',#4583,#4584,#2215,.T.);
#5764=EDGE_CURVE('',#4584,#4585,#2216,.T.);
#5765=EDGE_CURVE('',#4586,#4585,#2217,.T.);
#5766=EDGE_CURVE('',#4586,#4587,#2218,.T.);
#5767=EDGE_CURVE('',#4588,#4587,#2219,.T.);
#5768=EDGE_CURVE('',#4588,#4438,#2220,.T.);
#5769=EDGE_CURVE('',#4589,#4439,#2221,.T.);
#5770=EDGE_CURVE('',#4590,#4589,#2222,.T.);
#5771=EDGE_CURVE('',#4590,#4452,#2223,.T.);
#5772=EDGE_CURVE('',#4591,#4453,#2224,.T.);
#5773=EDGE_CURVE('',#4592,#4591,#2225,.T.);
#5774=EDGE_CURVE('',#4592,#4466,#2226,.T.);
#5775=EDGE_CURVE('',#4580,#4467,#2227,.T.);
#5776=EDGE_CURVE('',#4593,#4580,#2228,.T.);
#5777=EDGE_CURVE('',#4594,#4593,#2229,.T.);
#5778=EDGE_CURVE('',#4595,#4594,#2230,.T.);
#5779=EDGE_CURVE('',#4596,#4595,#2231,.T.);
#5780=EDGE_CURVE('',#4596,#4579,#2232,.T.);
#5781=EDGE_CURVE('',#4597,#4591,#2233,.T.);
#5782=EDGE_CURVE('',#4598,#4597,#2234,.T.);
#5783=EDGE_CURVE('',#4599,#4598,#2235,.T.);
#5784=EDGE_CURVE('',#4600,#4599,#2236,.T.);
#5785=EDGE_CURVE('',#4601,#4600,#2237,.T.);
#5786=EDGE_CURVE('',#4602,#4601,#2238,.T.);
#5787=EDGE_CURVE('',#4592,#4602,#2239,.T.);
#5788=EDGE_CURVE('',#4603,#4589,#2240,.T.);
#5789=EDGE_CURVE('',#4604,#4603,#2241,.T.);
#5790=EDGE_CURVE('',#4605,#4604,#2242,.T.);
#5791=EDGE_CURVE('',#4606,#4605,#2243,.T.);
#5792=EDGE_CURVE('',#4607,#4606,#2244,.T.);
#5793=EDGE_CURVE('',#4608,#4607,#2245,.T.);
#5794=EDGE_CURVE('',#4590,#4608,#2246,.T.);
#5795=EDGE_CURVE('',#4609,#4587,#2247,.T.);
#5796=EDGE_CURVE('',#4610,#4609,#2248,.T.);
#5797=EDGE_CURVE('',#4611,#4610,#2249,.T.);
#5798=EDGE_CURVE('',#4612,#4611,#2250,.T.);
#5799=EDGE_CURVE('',#4588,#4612,#2251,.T.);
#5800=EDGE_CURVE('',#4613,#4614,#2252,.T.);
#5801=EDGE_CURVE('',#4615,#4614,#2253,.T.);
#5802=EDGE_CURVE('',#4616,#4615,#2254,.T.);
#5803=EDGE_CURVE('',#4617,#4616,#2255,.T.);
#5804=EDGE_CURVE('',#4618,#4617,#2256,.T.);
#5805=EDGE_CURVE('',#4618,#4613,#2257,.T.);
#5806=EDGE_CURVE('',#4619,#4620,#2258,.T.);
#5807=EDGE_CURVE('',#4621,#4620,#2259,.T.);
#5808=EDGE_CURVE('',#4622,#4621,#2260,.T.);
#5809=EDGE_CURVE('',#4623,#4622,#2261,.T.);
#5810=EDGE_CURVE('',#4624,#4623,#2262,.T.);
#5811=EDGE_CURVE('',#4619,#4624,#2263,.T.);
#5812=EDGE_CURVE('',#4625,#4626,#2264,.T.);
#5813=EDGE_CURVE('',#4625,#4627,#2265,.T.);
#5814=EDGE_CURVE('',#4627,#4628,#2266,.T.);
#5815=EDGE_CURVE('',#4629,#4628,#2267,.T.);
#5816=EDGE_CURVE('',#4630,#4629,#2268,.T.);
#5817=EDGE_CURVE('',#4626,#4630,#2269,.T.);
#5818=EDGE_CURVE('',#4631,#4632,#2270,.T.);
#5819=EDGE_CURVE('',#4633,#4631,#2271,.T.);
#5820=EDGE_CURVE('',#4634,#4633,#2272,.T.);
#5821=EDGE_CURVE('',#4635,#4634,#2273,.T.);
#5822=EDGE_CURVE('',#4635,#4636,#2274,.T.);
#5823=EDGE_CURVE('',#4637,#4636,#2275,.T.);
#5824=EDGE_CURVE('',#4638,#4637,#2276,.T.);
#5825=EDGE_CURVE('',#4632,#4638,#2277,.T.);
#5826=EDGE_CURVE('',#4639,#4640,#2278,.T.);
#5827=EDGE_CURVE('',#4641,#4639,#2279,.T.);
#5828=EDGE_CURVE('',#4642,#4641,#2280,.T.);
#5829=EDGE_CURVE('',#4643,#4642,#2281,.T.);
#5830=EDGE_CURVE('',#4643,#4644,#2282,.T.);
#5831=EDGE_CURVE('',#4645,#4644,#2283,.T.);
#5832=EDGE_CURVE('',#4646,#4645,#2284,.T.);
#5833=EDGE_CURVE('',#4640,#4646,#2285,.T.);
#5834=EDGE_CURVE('',#4647,#4648,#2286,.T.);
#5835=EDGE_CURVE('',#4649,#4647,#2287,.T.);
#5836=EDGE_CURVE('',#4650,#4649,#2288,.T.);
#5837=EDGE_CURVE('',#4651,#4650,#2289,.T.);
#5838=EDGE_CURVE('',#4651,#4652,#2290,.T.);
#5839=EDGE_CURVE('',#4648,#4652,#2291,.T.);
#5840=EDGE_CURVE('',#4653,#4654,#2292,.T.);
#5841=EDGE_CURVE('',#4655,#4653,#2293,.T.);
#5842=EDGE_CURVE('',#4654,#4655,#2294,.T.);
#5843=EDGE_CURVE('',#4656,#4657,#2295,.T.);
#5844=EDGE_CURVE('',#4658,#4656,#2296,.T.);
#5845=EDGE_CURVE('',#4658,#4657,#2297,.T.);
#5846=EDGE_CURVE('',#4659,#4660,#2298,.T.);
#5847=EDGE_CURVE('',#4659,#4661,#2299,.T.);
#5848=EDGE_CURVE('',#4660,#4661,#2300,.T.);
#5849=EDGE_CURVE('',#4662,#4663,#2301,.T.);
#5850=EDGE_CURVE('',#4664,#4662,#2302,.T.);
#5851=EDGE_CURVE('',#4663,#4664,#2303,.T.);
#5852=EDGE_CURVE('',#4596,#4665,#2304,.T.);
#5853=EDGE_CURVE('',#4581,#4665,#2305,.T.);
#5854=EDGE_CURVE('',#4625,#4666,#2306,.T.);
#5855=EDGE_CURVE('',#4667,#4666,#2307,.T.);
#5856=EDGE_CURVE('',#4627,#4667,#2308,.T.);
#5857=EDGE_CURVE('',#4668,#4669,#2309,.T.);
#5858=EDGE_CURVE('',#4613,#4669,#2310,.T.);
#5859=EDGE_CURVE('',#4618,#4668,#2311,.T.);
#5860=EDGE_CURVE('',#4670,#4671,#2312,.T.);
#5861=EDGE_CURVE('',#4672,#4671,#2313,.T.);
#5862=EDGE_CURVE('',#4672,#4673,#2314,.T.);
#5863=EDGE_CURVE('',#4673,#4582,#2315,.T.);
#5864=EDGE_CURVE('',#4665,#4674,#2316,.T.);
#5865=EDGE_CURVE('',#4670,#4674,#2317,.T.);
#5866=EDGE_CURVE('',#4675,#4675,#251,.T.);
#5867=EDGE_CURVE('',#4676,#4677,#2318,.T.);
#5868=EDGE_CURVE('',#4678,#4677,#2319,.T.);
#5869=EDGE_CURVE('',#4678,#4679,#2320,.T.);
#5870=EDGE_CURVE('',#4679,#4680,#2321,.T.);
#5871=EDGE_CURVE('',#4667,#4680,#2322,.T.);
#5872=EDGE_CURVE('',#4666,#4681,#2323,.T.);
#5873=EDGE_CURVE('',#4676,#4681,#2324,.T.);
#5874=EDGE_CURVE('',#4682,#4682,#252,.T.);
#5875=EDGE_CURVE('',#4682,#4683,#2325,.T.);
#5876=EDGE_CURVE('',#4683,#4683,#253,.T.);
#5877=EDGE_CURVE('',#4684,#4684,#254,.T.);
#5878=EDGE_CURVE('',#4684,#4685,#2326,.T.);
#5879=EDGE_CURVE('',#4685,#4685,#255,.T.);
#5880=EDGE_CURVE('',#4686,#4686,#256,.T.);
#5881=EDGE_CURVE('',#4687,#4687,#257,.T.);
#5882=EDGE_CURVE('',#4688,#4688,#258,.T.);
#5883=EDGE_CURVE('',#4686,#4689,#2327,.T.);
#5884=EDGE_CURVE('',#4689,#4689,#259,.T.);
#5885=EDGE_CURVE('',#4690,#4691,#2328,.T.);
#5886=EDGE_CURVE('',#4692,#4691,#2329,.T.);
#5887=EDGE_CURVE('',#4692,#4693,#2330,.T.);
#5888=EDGE_CURVE('',#4694,#4693,#2331,.T.);
#5889=EDGE_CURVE('',#4695,#4694,#2332,.T.);
#5890=EDGE_CURVE('',#4696,#4695,#2333,.T.);
#5891=EDGE_CURVE('',#4697,#4696,#2334,.T.);
#5892=EDGE_CURVE('',#4697,#4698,#2335,.T.);
#5893=EDGE_CURVE('',#4698,#4699,#2336,.T.);
#5894=EDGE_CURVE('',#4690,#4699,#2337,.T.);
#5895=EDGE_CURVE('',#4700,#4700,#260,.T.);
#5896=EDGE_CURVE('',#4701,#4702,#2338,.T.);
#5897=EDGE_CURVE('',#4703,#4702,#2339,.T.);
#5898=EDGE_CURVE('',#4703,#4704,#2340,.T.);
#5899=EDGE_CURVE('',#4705,#4704,#2341,.T.);
#5900=EDGE_CURVE('',#4705,#4706,#2342,.T.);
#5901=EDGE_CURVE('',#4701,#4706,#2343,.T.);
#5902=EDGE_CURVE('',#4687,#4700,#2344,.T.);
#5903=EDGE_CURVE('',#4671,#4690,#2345,.T.);
#5904=EDGE_CURVE('',#4707,#4670,#2346,.T.);
#5905=EDGE_CURVE('',#4707,#4691,#2347,.T.);
#5906=EDGE_CURVE('',#4708,#4707,#2348,.T.);
#5907=EDGE_CURVE('',#4709,#4708,#2349,.T.);
#5908=EDGE_CURVE('',#4710,#4709,#2350,.T.);
#5909=EDGE_CURVE('',#4711,#4710,#2351,.T.);
#5910=EDGE_CURVE('',#4711,#4712,#2352,.T.);
#5911=EDGE_CURVE('',#4407,#4712,#2353,.T.);
#5912=EDGE_CURVE('',#4406,#4692,#2354,.T.);
#5913=EDGE_CURVE('',#4402,#4703,#2355,.T.);
#5914=EDGE_CURVE('',#4401,#4704,#2356,.T.);
#5915=EDGE_CURVE('',#4405,#4693,#2357,.T.);
#5916=EDGE_CURVE('',#4713,#4702,#2358,.T.);
#5917=EDGE_CURVE('',#4713,#4714,#2359,.T.);
#5918=EDGE_CURVE('',#4714,#4715,#2360,.T.);
#5919=EDGE_CURVE('',#4657,#4715,#2361,.T.);
#5920=EDGE_CURVE('',#4658,#4523,#2362,.T.);
#5921=EDGE_CURVE('',#4614,#4522,#2363,.T.);
#5922=EDGE_CURVE('',#4716,#4669,#2364,.T.);
#5923=EDGE_CURVE('',#4403,#4716,#2365,.T.);
#5924=EDGE_CURVE('',#4717,#4718,#2366,.T.);
#5925=EDGE_CURVE('',#4719,#4717,#2367,.T.);
#5926=EDGE_CURVE('',#4399,#4719,#2368,.T.);
#5927=EDGE_CURVE('',#4720,#4398,#2369,.T.);
#5928=EDGE_CURVE('',#4721,#4720,#2370,.T.);
#5929=EDGE_CURVE('',#4721,#4620,#2371,.T.);
#5930=EDGE_CURVE('',#4619,#4533,#2372,.T.);
#5931=EDGE_CURVE('',#4661,#4532,#2373,.T.);
#5932=EDGE_CURVE('',#4659,#4722,#2374,.T.);
#5933=EDGE_CURVE('',#4722,#4723,#2375,.T.);
#5934=EDGE_CURVE('',#4723,#4718,#2376,.T.);
#5935=EDGE_CURVE('',#4677,#4701,#2377,.T.);
#5936=EDGE_CURVE('',#4713,#4676,#2378,.T.);
#5937=EDGE_CURVE('',#4681,#4724,#2379,.T.);
#5938=EDGE_CURVE('',#4714,#4724,#2380,.T.);
#5939=EDGE_CURVE('',#4722,#4725,#2381,.T.);
#5940=EDGE_CURVE('',#4725,#4726,#2382,.T.);
#5941=EDGE_CURVE('',#4726,#4584,#2383,.T.);
#5942=EDGE_CURVE('',#4727,#4583,#2384,.T.);
#5943=EDGE_CURVE('',#4727,#4728,#2385,.T.);
#5944=EDGE_CURVE('',#4728,#4715,#2386,.T.);
#5945=EDGE_CURVE('',#4724,#4729,#2387,.T.);
#5946=EDGE_CURVE('',#4723,#4729,#2388,.T.);
#5947=EDGE_CURVE('',#4730,#4731,#2389,.T.);
#5948=EDGE_CURVE('',#4732,#4730,#2390,.T.);
#5949=EDGE_CURVE('',#4733,#4732,#2391,.T.);
#5950=EDGE_CURVE('',#4731,#4733,#2392,.T.);
#5951=EDGE_CURVE('',#4734,#4531,#2393,.T.);
#5952=EDGE_CURVE('',#4735,#4734,#2394,.T.);
#5953=EDGE_CURVE('',#4735,#4539,#2395,.T.);
#5954=EDGE_CURVE('',#4662,#4538,#2396,.T.);
#5955=EDGE_CURVE('',#4663,#4725,#2397,.T.);
#5956=EDGE_CURVE('',#4660,#4530,#2398,.T.);
#5957=EDGE_CURVE('',#4736,#4543,#2399,.T.);
#5958=EDGE_CURVE('',#4734,#4736,#2400,.T.);
#5959=EDGE_CURVE('',#4737,#4738,#2401,.T.);
#5960=EDGE_CURVE('',#4738,#4739,#2402,.T.);
#5961=EDGE_CURVE('',#4739,#4735,#2403,.T.);
#5962=EDGE_CURVE('',#4736,#4737,#2404,.T.);
#5963=EDGE_CURVE('',#4740,#4740,#261,.T.);
#5964=EDGE_CURVE('',#4738,#4541,#2405,.T.);
#5965=EDGE_CURVE('',#4542,#4737,#2406,.T.);
#5966=EDGE_CURVE('',#4739,#4540,#2407,.T.);
#5967=EDGE_CURVE('',#4740,#4412,#2408,.T.);
#5968=EDGE_CURVE('',#4741,#4742,#2409,.T.);
#5969=EDGE_CURVE('',#4741,#4743,#2410,.T.);
#5970=EDGE_CURVE('',#4693,#4743,#2411,.T.);
#5971=EDGE_CURVE('',#4744,#4404,#2412,.T.);
#5972=EDGE_CURVE('',#4744,#4668,#2413,.T.);
#5973=EDGE_CURVE('',#4617,#4519,#2414,.T.);
#5974=EDGE_CURVE('',#4655,#4518,#2415,.T.);
#5975=EDGE_CURVE('',#4653,#4728,#2416,.T.);
#5976=EDGE_CURVE('',#4742,#4727,#2417,.T.);
#5977=EDGE_CURVE('',#4745,#4746,#2418,.T.);
#5978=EDGE_CURVE('',#4726,#4745,#2419,.T.);
#5979=EDGE_CURVE('',#4664,#4537,#2420,.T.);
#5980=EDGE_CURVE('',#4622,#4536,#2421,.T.);
#5981=EDGE_CURVE('',#4747,#4621,#2422,.T.);
#5982=EDGE_CURVE('',#4747,#4748,#2423,.T.);
#5983=EDGE_CURVE('',#4397,#4748,#2424,.T.);
#5984=EDGE_CURVE('',#4408,#4749,#2425,.T.);
#5985=EDGE_CURVE('',#4749,#4750,#2426,.T.);
#5986=EDGE_CURVE('',#4746,#4750,#2427,.T.);
#5987=EDGE_CURVE('',#4699,#4672,#2428,.T.);
#5988=EDGE_CURVE('',#4751,#4698,#2429,.T.);
#5989=EDGE_CURVE('',#4741,#4751,#2430,.T.);
#5990=EDGE_CURVE('',#4673,#4742,#2431,.T.);
#5991=EDGE_CURVE('',#4751,#4752,#2432,.T.);
#5992=EDGE_CURVE('',#4752,#4753,#2433,.T.);
#5993=EDGE_CURVE('',#4753,#4754,#2434,.T.);
#5994=EDGE_CURVE('',#4754,#4755,#2435,.T.);
#5995=EDGE_CURVE('',#4755,#4756,#2436,.T.);
#5996=EDGE_CURVE('',#4757,#4756,#2437,.T.);
#5997=EDGE_CURVE('',#4757,#4758,#2438,.T.);
#5998=EDGE_CURVE('',#4758,#4759,#2439,.T.);
#5999=EDGE_CURVE('',#4759,#4743,#2440,.T.);
#6000=EDGE_CURVE('',#4697,#4752,#2441,.T.);
#6001=EDGE_CURVE('',#4696,#4753,#2442,.T.);
#6002=EDGE_CURVE('',#4695,#4758,#2443,.T.);
#6003=EDGE_CURVE('',#4754,#4757,#2444,.T.);
#6004=EDGE_CURVE('',#4754,#4755,#262,.T.);
#6005=EDGE_CURVE('',#4756,#4757,#263,.T.);
#6006=EDGE_CURVE('',#4760,#4761,#2445,.T.);
#6007=EDGE_CURVE('',#4761,#4760,#264,.T.);
#6008=EDGE_CURVE('',#4750,#4762,#2446,.T.);
#6009=EDGE_CURVE('',#4762,#4763,#2447,.T.);
#6010=EDGE_CURVE('',#4763,#4764,#2448,.T.);
#6011=EDGE_CURVE('',#4764,#4765,#2449,.T.);
#6012=EDGE_CURVE('',#4761,#4765,#2450,.T.);
#6013=EDGE_CURVE('',#4760,#4766,#2451,.T.);
#6014=EDGE_CURVE('',#4766,#4767,#2452,.T.);
#6015=EDGE_CURVE('',#4768,#4767,#2453,.T.);
#6016=EDGE_CURVE('',#4768,#4746,#2454,.T.);
#6017=EDGE_CURVE('',#4769,#4770,#2455,.T.);
#6018=EDGE_CURVE('',#4771,#4769,#2456,.T.);
#6019=EDGE_CURVE('',#4772,#4771,#2457,.T.);
#6020=EDGE_CURVE('',#4745,#4772,#2458,.T.);
#6021=EDGE_CURVE('',#4770,#4768,#2459,.T.);
#6022=EDGE_CURVE('',#4773,#4774,#2460,.T.);
#6023=EDGE_CURVE('',#4775,#4774,#2461,.T.);
#6024=EDGE_CURVE('',#4775,#4719,#2462,.T.);
#6025=EDGE_CURVE('',#4717,#4776,#2463,.T.);
#6026=EDGE_CURVE('',#4773,#4776,#2464,.T.);
#6027=EDGE_CURVE('',#4777,#4777,#265,.T.);
#6028=EDGE_CURVE('',#4770,#4778,#2465,.T.);
#6029=EDGE_CURVE('',#4779,#4778,#2466,.T.);
#6030=EDGE_CURVE('',#4780,#4779,#2467,.T.);
#6031=EDGE_CURVE('',#4781,#4780,#2468,.T.);
#6032=EDGE_CURVE('',#4749,#4781,#2469,.T.);
#6033=EDGE_CURVE('',#4749,#4712,#2470,.T.);
#6034=EDGE_CURVE('',#4711,#4782,#2471,.T.);
#6035=EDGE_CURVE('',#4769,#4782,#2472,.T.);
#6036=EDGE_CURVE('',#4783,#4783,#266,.T.);
#6037=EDGE_CURVE('',#4784,#4784,#267,.T.);
#6038=EDGE_CURVE('',#4784,#4777,#2473,.T.);
#6039=EDGE_CURVE('',#4785,#4785,#268,.T.);
#6040=EDGE_CURVE('',#4786,#4786,#269,.T.);
#6041=EDGE_CURVE('',#4785,#4783,#2474,.T.);
#6042=EDGE_CURVE('',#4787,#4788,#2475,.T.);
#6043=EDGE_CURVE('',#4789,#4788,#2476,.T.);
#6044=EDGE_CURVE('',#4789,#4790,#2477,.T.);
#6045=EDGE_CURVE('',#4790,#4791,#2478,.T.);
#6046=EDGE_CURVE('',#4792,#4791,#2479,.T.);
#6047=EDGE_CURVE('',#4792,#4793,#2480,.T.);
#6048=EDGE_CURVE('',#4793,#4794,#2481,.T.);
#6049=EDGE_CURVE('',#4787,#4794,#2482,.T.);
#6050=EDGE_CURVE('',#4795,#4771,#2483,.T.);
#6051=EDGE_CURVE('',#4795,#4796,#2484,.T.);
#6052=EDGE_CURVE('',#4796,#4797,#2485,.T.);
#6053=EDGE_CURVE('',#4798,#4797,#2486,.T.);
#6054=EDGE_CURVE('',#4798,#4586,#2487,.T.);
#6055=EDGE_CURVE('',#4772,#4585,#2488,.T.);
#6056=EDGE_CURVE('',#4799,#4799,#270,.T.);
#6057=EDGE_CURVE('',#4675,#4688,#2489,.T.);
#6058=EDGE_CURVE('',#4786,#4799,#2490,.T.);
#6059=EDGE_CURVE('',#4788,#4773,#2491,.T.);
#6060=EDGE_CURVE('',#4800,#4787,#2492,.T.);
#6061=EDGE_CURVE('',#4800,#4774,#2493,.T.);
#6062=EDGE_CURVE('',#4705,#4801,#2494,.T.);
#6063=EDGE_CURVE('',#4400,#4775,#2495,.T.);
#6064=EDGE_CURVE('',#4800,#4802,#2496,.T.);
#6065=EDGE_CURVE('',#4802,#4803,#2497,.T.);
#6066=EDGE_CURVE('',#4803,#4801,#2498,.T.);
#6067=EDGE_CURVE('',#4706,#4678,#2499,.T.);
#6068=EDGE_CURVE('',#4679,#4801,#2500,.T.);
#6069=EDGE_CURVE('',#4803,#4804,#2501,.T.);
#6070=EDGE_CURVE('',#4804,#4680,#2502,.T.);
#6071=EDGE_CURVE('',#4805,#4804,#2503,.T.);
#6072=EDGE_CURVE('',#4794,#4805,#2504,.T.);
#6073=EDGE_CURVE('',#4793,#4652,#2505,.T.);
#6074=EDGE_CURVE('',#4651,#4485,#2506,.T.);
#6075=EDGE_CURVE('',#4644,#4484,#2507,.T.);
#6076=EDGE_CURVE('',#4643,#4499,#2508,.T.);
#6077=EDGE_CURVE('',#4636,#4498,#2509,.T.);
#6078=EDGE_CURVE('',#4635,#4507,#2510,.T.);
#6079=EDGE_CURVE('',#4628,#4506,#2511,.T.);
#6080=EDGE_CURVE('',#4629,#4505,#2512,.T.);
#6081=EDGE_CURVE('',#4630,#4504,#2513,.T.);
#6082=EDGE_CURVE('',#4626,#4503,#2514,.T.);
#6083=EDGE_CURVE('',#4631,#4502,#2515,.T.);
#6084=EDGE_CURVE('',#4632,#4495,#2516,.T.);
#6085=EDGE_CURVE('',#4639,#4494,#2517,.T.);
#6086=EDGE_CURVE('',#4640,#4481,#2518,.T.);
#6087=EDGE_CURVE('',#4647,#4480,#2519,.T.);
#6088=EDGE_CURVE('',#4792,#4648,#2520,.T.);
#6089=EDGE_CURVE('',#4729,#4791,#2521,.T.);
#6090=EDGE_CURVE('',#4790,#4718,#2522,.T.);
#6091=EDGE_CURVE('',#4776,#4789,#2523,.T.);
#6092=EDGE_CURVE('',#4782,#4795,#2524,.T.);
#6093=EDGE_CURVE('',#4796,#4710,#2525,.T.);
#6094=EDGE_CURVE('',#4709,#4806,#2526,.T.);
#6095=EDGE_CURVE('',#4797,#4806,#2527,.T.);
#6096=EDGE_CURVE('',#4595,#4471,#2528,.T.);
#6097=EDGE_CURVE('',#4600,#4470,#2529,.T.);
#6098=EDGE_CURVE('',#4599,#4457,#2530,.T.);
#6099=EDGE_CURVE('',#4606,#4456,#2531,.T.);
#6100=EDGE_CURVE('',#4605,#4443,#2532,.T.);
#6101=EDGE_CURVE('',#4610,#4442,#2533,.T.);
#6102=EDGE_CURVE('',#4798,#4609,#2534,.T.);
#6103=EDGE_CURVE('',#4806,#4807,#2535,.T.);
#6104=EDGE_CURVE('',#4807,#4674,#2536,.T.);
#6105=EDGE_CURVE('',#4708,#4807,#2537,.T.);
#6106=EDGE_CURVE('',#4747,#4721,#2538,.T.);
#6107=EDGE_CURVE('',#4748,#4720,#2539,.T.);
#6108=EDGE_CURVE('',#4611,#4441,#2540,.T.);
#6109=EDGE_CURVE('',#4612,#4440,#2541,.T.);
#6110=EDGE_CURVE('',#4604,#4444,#2542,.T.);
#6111=EDGE_CURVE('',#4603,#4445,#2543,.T.);
#6112=EDGE_CURVE('',#4607,#4455,#2544,.T.);
#6113=EDGE_CURVE('',#4608,#4454,#2545,.T.);
#6114=EDGE_CURVE('',#4598,#4458,#2546,.T.);
#6115=EDGE_CURVE('',#4597,#4459,#2547,.T.);
#6116=EDGE_CURVE('',#4601,#4469,#2548,.T.);
#6117=EDGE_CURVE('',#4602,#4468,#2549,.T.);
#6118=EDGE_CURVE('',#4594,#4472,#2550,.T.);
#6119=EDGE_CURVE('',#4593,#4473,#2551,.T.);
#6120=EDGE_CURVE('',#4649,#4487,#2552,.T.);
#6121=EDGE_CURVE('',#4650,#4486,#2553,.T.);
#6122=EDGE_CURVE('',#4646,#4482,#2554,.T.);
#6123=EDGE_CURVE('',#4645,#4483,#2555,.T.);
#6124=EDGE_CURVE('',#4641,#4501,#2556,.T.);
#6125=EDGE_CURVE('',#4642,#4500,#2557,.T.);
#6126=EDGE_CURVE('',#4638,#4496,#2558,.T.);
#6127=EDGE_CURVE('',#4637,#4497,#2559,.T.);
#6128=EDGE_CURVE('',#4633,#4509,#2560,.T.);
#6129=EDGE_CURVE('',#4634,#4508,#2561,.T.);
#6130=EDGE_CURVE('',#4802,#4805,#2562,.T.);
#6131=EDGE_CURVE('',#4781,#4762,#2563,.T.);
#6132=EDGE_CURVE('',#4780,#4763,#2564,.T.);
#6133=EDGE_CURVE('',#4779,#4766,#2565,.T.);
#6134=EDGE_CURVE('',#4760,#4764,#2566,.T.);
#6135=EDGE_CURVE('',#4778,#4767,#2567,.T.);
#6136=EDGE_CURVE('',#4764,#4765,#271,.T.);
#6137=EDGE_CURVE('',#4694,#4759,#2568,.T.);
#6138=EDGE_CURVE('',#4808,#4517,#2569,.T.);
#6139=EDGE_CURVE('',#4809,#4808,#2570,.T.);
#6140=EDGE_CURVE('',#4525,#4809,#2571,.T.);
#6141=EDGE_CURVE('',#4656,#4524,#2572,.T.);
#6142=EDGE_CURVE('',#4654,#4516,#2573,.T.);
#6143=EDGE_CURVE('',#4810,#4529,#2574,.T.);
#6144=EDGE_CURVE('',#4808,#4810,#2575,.T.);
#6145=EDGE_CURVE('',#4810,#4811,#2576,.T.);
#6146=EDGE_CURVE('',#4811,#4812,#2577,.T.);
#6147=EDGE_CURVE('',#4812,#4813,#2578,.T.);
#6148=EDGE_CURVE('',#4813,#4809,#2579,.T.);
#6149=EDGE_CURVE('',#4814,#4814,#272,.T.);
#6150=EDGE_CURVE('',#4813,#4526,#2580,.T.);
#6151=EDGE_CURVE('',#4812,#4527,#2581,.T.);
#6152=EDGE_CURVE('',#4811,#4528,#2582,.T.);
#6153=EDGE_CURVE('',#4814,#4416,#2583,.T.);
#6154=EDGE_CURVE('',#4616,#4520,#2584,.T.);
#6155=EDGE_CURVE('',#4615,#4521,#2585,.T.);
#6156=EDGE_CURVE('',#4744,#4716,#2586,.T.);
#6157=EDGE_CURVE('',#4623,#4535,#2587,.T.);
#6158=EDGE_CURVE('',#4624,#4534,#2588,.T.);
#6159=EDGE_CURVE('',#4730,#4417,#2589,.T.);
#6160=EDGE_CURVE('',#4731,#4418,#2590,.T.);
#6161=EDGE_CURVE('',#4733,#4421,#2591,.T.);
#6162=EDGE_CURVE('',#4815,#4420,#2592,.T.);
#6163=EDGE_CURVE('',#4816,#4815,#2593,.T.);
#6164=EDGE_CURVE('',#4816,#4419,#2594,.T.);
#6165=EDGE_CURVE('',#4815,#4816,#273,.T.);
#6166=EDGE_CURVE('',#4817,#4818,#2595,.T.);
#6167=EDGE_CURVE('',#4817,#4818,#274,.T.);
#6168=EDGE_CURVE('',#4732,#4422,#2596,.T.);
#6169=EDGE_CURVE('',#4817,#4424,#2597,.T.);
#6170=EDGE_CURVE('',#4818,#4423,#2598,.T.);
#6171=EDGE_CURVE('',#4819,#4820,#2599,.T.);
#6172=EDGE_CURVE('',#4821,#4819,#2600,.T.);
#6173=EDGE_CURVE('',#4822,#4821,#2601,.T.);
#6174=EDGE_CURVE('',#4822,#4820,#2602,.T.);
#6175=EDGE_CURVE('',#4823,#4824,#2603,.T.);
#6176=EDGE_CURVE('',#4825,#4823,#2604,.T.);
#6177=EDGE_CURVE('',#4826,#4825,#2605,.T.);
#6178=EDGE_CURVE('',#4826,#4824,#2606,.T.);
#6179=EDGE_CURVE('',#4827,#4828,#2607,.T.);
#6180=EDGE_CURVE('',#4827,#4829,#2608,.T.);
#6181=EDGE_CURVE('',#4830,#4829,#2609,.T.);
#6182=EDGE_CURVE('',#4828,#4830,#2610,.T.);
#6183=EDGE_CURVE('',#4831,#4832,#2611,.T.);
#6184=EDGE_CURVE('',#4831,#4833,#2612,.T.);
#6185=EDGE_CURVE('',#4834,#4833,#2613,.T.);
#6186=EDGE_CURVE('',#4832,#4834,#2614,.T.);
#6187=EDGE_CURVE('',#4835,#4819,#2615,.T.);
#6188=EDGE_CURVE('',#4835,#4836,#2616,.T.);
#6189=EDGE_CURVE('',#4837,#4836,#2617,.T.);
#6190=EDGE_CURVE('',#4837,#4838,#2618,.T.);
#6191=EDGE_CURVE('',#4832,#4838,#2619,.T.);
#6192=EDGE_CURVE('',#4829,#4834,#2620,.T.);
#6193=EDGE_CURVE('',#4839,#4827,#2621,.T.);
#6194=EDGE_CURVE('',#4839,#4840,#2622,.T.);
#6195=EDGE_CURVE('',#4841,#4840,#2623,.T.);
#6196=EDGE_CURVE('',#4841,#4842,#2624,.T.);
#6197=EDGE_CURVE('',#4824,#4842,#2625,.T.);
#6198=EDGE_CURVE('',#4821,#4826,#2626,.T.);
#6199=EDGE_CURVE('',#4843,#4843,#275,.T.);
#6200=EDGE_CURVE('',#4844,#4844,#276,.T.);
#6201=EDGE_CURVE('',#4845,#4845,#277,.T.);
#6202=EDGE_CURVE('',#4846,#4846,#278,.T.);
#6203=EDGE_CURVE('',#4847,#4847,#279,.T.);
#6204=EDGE_CURVE('',#4848,#4848,#280,.T.);
#6205=EDGE_CURVE('',#4849,#4849,#281,.T.);
#6206=EDGE_CURVE('',#4850,#4850,#282,.T.);
#6207=EDGE_CURVE('',#4851,#4828,#2627,.T.);
#6208=EDGE_CURVE('',#4851,#4839,#2628,.F.);
#6209=EDGE_CURVE('',#4831,#4852,#2629,.T.);
#6210=EDGE_CURVE('',#4852,#4853,#2630,.T.);
#6211=EDGE_CURVE('',#4854,#4853,#2631,.T.);
#6212=EDGE_CURVE('',#4854,#4855,#2632,.T.);
#6213=EDGE_CURVE('',#4855,#4820,#2633,.T.);
#6214=EDGE_CURVE('',#4825,#4822,#2634,.T.);
#6215=EDGE_CURVE('',#4823,#4856,#2635,.T.);
#6216=EDGE_CURVE('',#4856,#4857,#2636,.T.);
#6217=EDGE_CURVE('',#4858,#4857,#2637,.T.);
#6218=EDGE_CURVE('',#4858,#4851,#2638,.T.);
#6219=EDGE_CURVE('',#4833,#4830,#2639,.T.);
#6220=EDGE_CURVE('',#4859,#4859,#283,.T.);
#6221=EDGE_CURVE('',#4860,#4860,#284,.T.);
#6222=EDGE_CURVE('',#4861,#4861,#285,.T.);
#6223=EDGE_CURVE('',#4862,#4862,#286,.T.);
#6224=EDGE_CURVE('',#4863,#4863,#287,.T.);
#6225=EDGE_CURVE('',#4864,#4864,#288,.T.);
#6226=EDGE_CURVE('',#4865,#4865,#289,.T.);
#6227=EDGE_CURVE('',#4866,#4866,#290,.T.);
#6228=EDGE_CURVE('',#4842,#4856,#2640,.T.);
#6229=EDGE_CURVE('',#4867,#4867,#291,.T.);
#6230=EDGE_CURVE('',#4867,#4846,#2641,.T.);
#6231=EDGE_CURVE('',#4862,#4868,#2642,.T.);
#6232=EDGE_CURVE('',#4868,#4868,#292,.T.);
#6233=EDGE_CURVE('',#4869,#4869,#293,.T.);
#6234=EDGE_CURVE('',#4869,#4847,#2643,.T.);
#6235=EDGE_CURVE('',#4863,#4870,#2644,.T.);
#6236=EDGE_CURVE('',#4870,#4870,#294,.T.);
#6237=EDGE_CURVE('',#4871,#4871,#295,.T.);
#6238=EDGE_CURVE('',#4871,#4848,#2645,.T.);
#6239=EDGE_CURVE('',#4864,#4872,#2646,.T.);
#6240=EDGE_CURVE('',#4872,#4872,#296,.T.);
#6241=EDGE_CURVE('',#4873,#4873,#297,.T.);
#6242=EDGE_CURVE('',#4873,#4845,#2647,.T.);
#6243=EDGE_CURVE('',#4861,#4874,#2648,.T.);
#6244=EDGE_CURVE('',#4874,#4874,#298,.T.);
#6245=EDGE_CURVE('',#4875,#4875,#299,.T.);
#6246=EDGE_CURVE('',#4875,#4849,#2649,.T.);
#6247=EDGE_CURVE('',#4865,#4876,#2650,.T.);
#6248=EDGE_CURVE('',#4876,#4876,#300,.T.);
#6249=EDGE_CURVE('',#4877,#4877,#301,.T.);
#6250=EDGE_CURVE('',#4877,#4844,#2651,.T.);
#6251=EDGE_CURVE('',#4860,#4878,#2652,.T.);
#6252=EDGE_CURVE('',#4878,#4878,#302,.T.);
#6253=EDGE_CURVE('',#4879,#4879,#303,.T.);
#6254=EDGE_CURVE('',#4879,#4850,#2653,.T.);
#6255=EDGE_CURVE('',#4866,#4880,#2654,.T.);
#6256=EDGE_CURVE('',#4880,#4880,#304,.T.);
#6257=EDGE_CURVE('',#4881,#4881,#305,.T.);
#6258=EDGE_CURVE('',#4881,#4843,#2655,.T.);
#6259=EDGE_CURVE('',#4859,#4882,#2656,.T.);
#6260=EDGE_CURVE('',#4882,#4882,#306,.T.);
#6261=EDGE_CURVE('',#4855,#4835,#2657,.F.);
#6262=EDGE_CURVE('',#4836,#4854,#2658,.T.);
#6263=EDGE_CURVE('',#4840,#4858,#2659,.T.);
#6264=EDGE_CURVE('',#4857,#4841,#2660,.T.);
#6265=EDGE_CURVE('',#4838,#4852,#2661,.T.);
#6266=EDGE_CURVE('',#4853,#4837,#2662,.T.);
#6267=EDGE_CURVE('',#4883,#4884,#2663,.T.);
#6268=EDGE_CURVE('',#4884,#4885,#2664,.T.);
#6269=EDGE_CURVE('',#4885,#4886,#2665,.T.);
#6270=EDGE_CURVE('',#4886,#4883,#2666,.T.);
#6271=EDGE_CURVE('',#4884,#4887,#2667,.T.);
#6272=EDGE_CURVE('',#4888,#4887,#2668,.T.);
#6273=EDGE_CURVE('',#4885,#4888,#2669,.T.);
#6274=EDGE_CURVE('',#4883,#4889,#2670,.T.);
#6275=EDGE_CURVE('',#4887,#4889,#2671,.T.);
#6276=EDGE_CURVE('',#4890,#4888,#2672,.T.);
#6277=EDGE_CURVE('',#4889,#4890,#2673,.T.);
#6278=EDGE_CURVE('',#4891,#4889,#2674,.T.);
#6279=EDGE_CURVE('',#4892,#4891,#2675,.T.);
#6280=EDGE_CURVE('',#4890,#4892,#2676,.T.);
#6281=EDGE_CURVE('',#4891,#4893,#2677,.T.);
#6282=EDGE_CURVE('',#4893,#4894,#2678,.T.);
#6283=EDGE_CURVE('',#4894,#4892,#2679,.T.);
#6284=EDGE_CURVE('',#4895,#4894,#2680,.T.);
#6285=EDGE_CURVE('',#4896,#4895,#2681,.T.);
#6286=EDGE_CURVE('',#4896,#4892,#2682,.T.);
#6287=EDGE_CURVE('',#4897,#4893,#2683,.T.);
#6288=EDGE_CURVE('',#4895,#4897,#2684,.T.);
#6289=EDGE_CURVE('',#4897,#4898,#2685,.T.);
#6290=EDGE_CURVE('',#4898,#4896,#2686,.T.);
#6291=EDGE_CURVE('',#4898,#4891,#2687,.T.);
#6292=EDGE_CURVE('',#4883,#4898,#2688,.T.);
#6293=EDGE_CURVE('',#4886,#4890,#2689,.T.);
#6294=EDGE_CURVE('',#4886,#4896,#2690,.T.);
#6295=ORIENTED_EDGE('',*,*,#4899,.T.);
#6296=ORIENTED_EDGE('',*,*,#4900,.F.);
#6297=ORIENTED_EDGE('',*,*,#4901,.F.);
#6298=ORIENTED_EDGE('',*,*,#4902,.F.);
#6299=ORIENTED_EDGE('',*,*,#4903,.F.);
#6300=ORIENTED_EDGE('',*,*,#4904,.T.);
#6301=ORIENTED_EDGE('',*,*,#4905,.F.);
#6302=ORIENTED_EDGE('',*,*,#4906,.F.);
#6303=ORIENTED_EDGE('',*,*,#4907,.F.);
#6304=ORIENTED_EDGE('',*,*,#4908,.F.);
#6305=ORIENTED_EDGE('',*,*,#4909,.F.);
#6306=ORIENTED_EDGE('',*,*,#4910,.T.);
#6307=ORIENTED_EDGE('',*,*,#4911,.F.);
#6308=ORIENTED_EDGE('',*,*,#4912,.F.);
#6309=ORIENTED_EDGE('',*,*,#4913,.F.);
#6310=ORIENTED_EDGE('',*,*,#4914,.F.);
#6311=ORIENTED_EDGE('',*,*,#4915,.F.);
#6312=ORIENTED_EDGE('',*,*,#4916,.F.);
#6313=ORIENTED_EDGE('',*,*,#4917,.F.);
#6314=ORIENTED_EDGE('',*,*,#4918,.F.);
#6315=ORIENTED_EDGE('',*,*,#4919,.T.);
#6316=ORIENTED_EDGE('',*,*,#4920,.T.);
#6317=ORIENTED_EDGE('',*,*,#4921,.F.);
#6318=ORIENTED_EDGE('',*,*,#4922,.T.);
#6319=ORIENTED_EDGE('',*,*,#4923,.T.);
#6320=ORIENTED_EDGE('',*,*,#4924,.T.);
#6321=ORIENTED_EDGE('',*,*,#4925,.F.);
#6322=ORIENTED_EDGE('',*,*,#4926,.T.);
#6323=ORIENTED_EDGE('',*,*,#4927,.F.);
#6324=ORIENTED_EDGE('',*,*,#4928,.T.);
#6325=ORIENTED_EDGE('',*,*,#4911,.T.);
#6326=ORIENTED_EDGE('',*,*,#4928,.F.);
#6327=ORIENTED_EDGE('',*,*,#4929,.T.);
#6328=ORIENTED_EDGE('',*,*,#4930,.T.);
#6329=ORIENTED_EDGE('',*,*,#4931,.T.);
#6330=ORIENTED_EDGE('',*,*,#4932,.T.);
#6331=ORIENTED_EDGE('',*,*,#4933,.T.);
#6332=ORIENTED_EDGE('',*,*,#4934,.T.);
#6333=ORIENTED_EDGE('',*,*,#4927,.T.);
#6334=ORIENTED_EDGE('',*,*,#4935,.F.);
#6335=ORIENTED_EDGE('',*,*,#4929,.F.);
#6336=ORIENTED_EDGE('',*,*,#4936,.F.);
#6337=ORIENTED_EDGE('',*,*,#4937,.F.);
#6338=ORIENTED_EDGE('',*,*,#4938,.F.);
#6339=ORIENTED_EDGE('',*,*,#4930,.F.);
#6340=ORIENTED_EDGE('',*,*,#4935,.T.);
#6341=ORIENTED_EDGE('',*,*,#4939,.F.);
#6342=ORIENTED_EDGE('',*,*,#4940,.F.);
#6343=ORIENTED_EDGE('',*,*,#4931,.F.);
#6344=ORIENTED_EDGE('',*,*,#4938,.T.);
#6345=ORIENTED_EDGE('',*,*,#4941,.F.);
#6346=ORIENTED_EDGE('',*,*,#4942,.F.);
#6347=ORIENTED_EDGE('',*,*,#4932,.F.);
#6348=ORIENTED_EDGE('',*,*,#4940,.T.);
#6349=ORIENTED_EDGE('',*,*,#4943,.F.);
#6350=ORIENTED_EDGE('',*,*,#4944,.F.);
#6351=ORIENTED_EDGE('',*,*,#4933,.F.);
#6352=ORIENTED_EDGE('',*,*,#4942,.T.);
#6353=ORIENTED_EDGE('',*,*,#4945,.F.);
#6354=ORIENTED_EDGE('',*,*,#4936,.T.);
#6355=ORIENTED_EDGE('',*,*,#4934,.F.);
#6356=ORIENTED_EDGE('',*,*,#4944,.T.);
#6357=ORIENTED_EDGE('',*,*,#4946,.F.);
#6358=ORIENTED_EDGE('',*,*,#4947,.F.);
#6359=ORIENTED_EDGE('',*,*,#4948,.T.);
#6360=ORIENTED_EDGE('',*,*,#4949,.T.);
#6361=ORIENTED_EDGE('',*,*,#4950,.T.);
#6362=ORIENTED_EDGE('',*,*,#4951,.T.);
#6363=ORIENTED_EDGE('',*,*,#4952,.T.);
#6364=ORIENTED_EDGE('',*,*,#4953,.T.);
#6365=ORIENTED_EDGE('',*,*,#4954,.T.);
#6366=ORIENTED_EDGE('',*,*,#4955,.T.);
#6367=ORIENTED_EDGE('',*,*,#4956,.T.);
#6368=ORIENTED_EDGE('',*,*,#4957,.T.);
#6369=ORIENTED_EDGE('',*,*,#4958,.T.);
#6370=ORIENTED_EDGE('',*,*,#4959,.T.);
#6371=ORIENTED_EDGE('',*,*,#4960,.T.);
#6372=ORIENTED_EDGE('',*,*,#4961,.F.);
#6373=ORIENTED_EDGE('',*,*,#4962,.T.);
#6374=ORIENTED_EDGE('',*,*,#4963,.T.);
#6375=ORIENTED_EDGE('',*,*,#4964,.T.);
#6376=ORIENTED_EDGE('',*,*,#4965,.T.);
#6377=ORIENTED_EDGE('',*,*,#4966,.T.);
#6378=ORIENTED_EDGE('',*,*,#4967,.T.);
#6379=ORIENTED_EDGE('',*,*,#4968,.T.);
#6380=ORIENTED_EDGE('',*,*,#4969,.T.);
#6381=ORIENTED_EDGE('',*,*,#4970,.T.);
#6382=ORIENTED_EDGE('',*,*,#4971,.T.);
#6383=ORIENTED_EDGE('',*,*,#4972,.T.);
#6384=ORIENTED_EDGE('',*,*,#4973,.T.);
#6385=ORIENTED_EDGE('',*,*,#4974,.T.);
#6386=ORIENTED_EDGE('',*,*,#4975,.F.);
#6387=ORIENTED_EDGE('',*,*,#4976,.T.);
#6388=ORIENTED_EDGE('',*,*,#4977,.T.);
#6389=ORIENTED_EDGE('',*,*,#4978,.T.);
#6390=ORIENTED_EDGE('',*,*,#4979,.T.);
#6391=ORIENTED_EDGE('',*,*,#4980,.T.);
#6392=ORIENTED_EDGE('',*,*,#4981,.T.);
#6393=ORIENTED_EDGE('',*,*,#4982,.T.);
#6394=ORIENTED_EDGE('',*,*,#4983,.T.);
#6395=ORIENTED_EDGE('',*,*,#4984,.T.);
#6396=ORIENTED_EDGE('',*,*,#4985,.T.);
#6397=ORIENTED_EDGE('',*,*,#4986,.T.);
#6398=ORIENTED_EDGE('',*,*,#4987,.T.);
#6399=ORIENTED_EDGE('',*,*,#4988,.T.);
#6400=ORIENTED_EDGE('',*,*,#4989,.T.);
#6401=ORIENTED_EDGE('',*,*,#4990,.T.);
#6402=ORIENTED_EDGE('',*,*,#4991,.T.);
#6403=ORIENTED_EDGE('',*,*,#4992,.T.);
#6404=ORIENTED_EDGE('',*,*,#4993,.F.);
#6405=ORIENTED_EDGE('',*,*,#4994,.T.);
#6406=ORIENTED_EDGE('',*,*,#4995,.T.);
#6407=ORIENTED_EDGE('',*,*,#4996,.T.);
#6408=ORIENTED_EDGE('',*,*,#4997,.T.);
#6409=ORIENTED_EDGE('',*,*,#4998,.T.);
#6410=ORIENTED_EDGE('',*,*,#4999,.T.);
#6411=ORIENTED_EDGE('',*,*,#5000,.T.);
#6412=ORIENTED_EDGE('',*,*,#5001,.T.);
#6413=ORIENTED_EDGE('',*,*,#5002,.T.);
#6414=ORIENTED_EDGE('',*,*,#5003,.T.);
#6415=ORIENTED_EDGE('',*,*,#5004,.T.);
#6416=ORIENTED_EDGE('',*,*,#5005,.T.);
#6417=ORIENTED_EDGE('',*,*,#5006,.T.);
#6418=ORIENTED_EDGE('',*,*,#5007,.F.);
#6419=ORIENTED_EDGE('',*,*,#5008,.T.);
#6420=ORIENTED_EDGE('',*,*,#5009,.T.);
#6421=ORIENTED_EDGE('',*,*,#5010,.T.);
#6422=ORIENTED_EDGE('',*,*,#4946,.T.);
#6423=ORIENTED_EDGE('',*,*,#4945,.T.);
#6424=ORIENTED_EDGE('',*,*,#4943,.T.);
#6425=ORIENTED_EDGE('',*,*,#4941,.T.);
#6426=ORIENTED_EDGE('',*,*,#4939,.T.);
#6427=ORIENTED_EDGE('',*,*,#4937,.T.);
#6428=ORIENTED_EDGE('',*,*,#5011,.T.);
#6429=ORIENTED_EDGE('',*,*,#5012,.T.);
#6430=ORIENTED_EDGE('',*,*,#5013,.T.);
#6431=ORIENTED_EDGE('',*,*,#5014,.T.);
#6432=ORIENTED_EDGE('',*,*,#5015,.F.);
#6433=ORIENTED_EDGE('',*,*,#5016,.T.);
#6434=ORIENTED_EDGE('',*,*,#5017,.T.);
#6435=ORIENTED_EDGE('',*,*,#5018,.T.);
#6436=ORIENTED_EDGE('',*,*,#5019,.T.);
#6437=ORIENTED_EDGE('',*,*,#5020,.T.);
#6438=ORIENTED_EDGE('',*,*,#5021,.T.);
#6439=ORIENTED_EDGE('',*,*,#5022,.T.);
#6440=ORIENTED_EDGE('',*,*,#5023,.T.);
#6441=ORIENTED_EDGE('',*,*,#5024,.T.);
#6442=ORIENTED_EDGE('',*,*,#5025,.F.);
#6443=ORIENTED_EDGE('',*,*,#5026,.T.);
#6444=ORIENTED_EDGE('',*,*,#5027,.T.);
#6445=ORIENTED_EDGE('',*,*,#5028,.T.);
#6446=ORIENTED_EDGE('',*,*,#5029,.T.);
#6447=ORIENTED_EDGE('',*,*,#5030,.T.);
#6448=ORIENTED_EDGE('',*,*,#5031,.F.);
#6449=ORIENTED_EDGE('',*,*,#5032,.T.);
#6450=ORIENTED_EDGE('',*,*,#5033,.F.);
#6451=ORIENTED_EDGE('',*,*,#5034,.T.);
#6452=ORIENTED_EDGE('',*,*,#5035,.T.);
#6453=ORIENTED_EDGE('',*,*,#5036,.T.);
#6454=ORIENTED_EDGE('',*,*,#5037,.T.);
#6455=ORIENTED_EDGE('',*,*,#5038,.T.);
#6456=ORIENTED_EDGE('',*,*,#5039,.F.);
#6457=ORIENTED_EDGE('',*,*,#5040,.T.);
#6458=ORIENTED_EDGE('',*,*,#5041,.F.);
#6459=ORIENTED_EDGE('',*,*,#5042,.T.);
#6460=ORIENTED_EDGE('',*,*,#5043,.T.);
#6461=ORIENTED_EDGE('',*,*,#5044,.T.);
#6462=ORIENTED_EDGE('',*,*,#5045,.T.);
#6463=ORIENTED_EDGE('',*,*,#5046,.T.);
#6464=ORIENTED_EDGE('',*,*,#5047,.F.);
#6465=ORIENTED_EDGE('',*,*,#5048,.T.);
#6466=ORIENTED_EDGE('',*,*,#5049,.T.);
#6467=ORIENTED_EDGE('',*,*,#5050,.T.);
#6468=ORIENTED_EDGE('',*,*,#5051,.T.);
#6469=ORIENTED_EDGE('',*,*,#5052,.T.);
#6470=ORIENTED_EDGE('',*,*,#5053,.T.);
#6471=ORIENTED_EDGE('',*,*,#5054,.F.);
#6472=ORIENTED_EDGE('',*,*,#5055,.T.);
#6473=ORIENTED_EDGE('',*,*,#4997,.F.);
#6474=ORIENTED_EDGE('',*,*,#5056,.F.);
#6475=ORIENTED_EDGE('',*,*,#5057,.F.);
#6476=ORIENTED_EDGE('',*,*,#5053,.F.);
#6477=ORIENTED_EDGE('',*,*,#5002,.F.);
#6478=ORIENTED_EDGE('',*,*,#5058,.F.);
#6479=ORIENTED_EDGE('',*,*,#5059,.F.);
#6480=ORIENTED_EDGE('',*,*,#5056,.T.);
#6481=ORIENTED_EDGE('',*,*,#5001,.F.);
#6482=ORIENTED_EDGE('',*,*,#5060,.F.);
#6483=ORIENTED_EDGE('',*,*,#5061,.F.);
#6484=ORIENTED_EDGE('',*,*,#5058,.T.);
#6485=ORIENTED_EDGE('',*,*,#5000,.F.);
#6486=ORIENTED_EDGE('',*,*,#5062,.F.);
#6487=ORIENTED_EDGE('',*,*,#5063,.F.);
#6488=ORIENTED_EDGE('',*,*,#5060,.T.);
#6489=ORIENTED_EDGE('',*,*,#4999,.F.);
#6490=ORIENTED_EDGE('',*,*,#5055,.F.);
#6491=ORIENTED_EDGE('',*,*,#5064,.F.);
#6492=ORIENTED_EDGE('',*,*,#5062,.T.);
#6493=ORIENTED_EDGE('',*,*,#4998,.F.);
#6494=ORIENTED_EDGE('',*,*,#5057,.T.);
#6495=ORIENTED_EDGE('',*,*,#5059,.T.);
#6496=ORIENTED_EDGE('',*,*,#5061,.T.);
#6497=ORIENTED_EDGE('',*,*,#5063,.T.);
#6498=ORIENTED_EDGE('',*,*,#5064,.T.);
#6499=ORIENTED_EDGE('',*,*,#5054,.T.);
#6500=ORIENTED_EDGE('',*,*,#5065,.T.);
#6501=ORIENTED_EDGE('',*,*,#5065,.F.);
#6502=ORIENTED_EDGE('',*,*,#5066,.T.);
#6503=ORIENTED_EDGE('',*,*,#4913,.T.);
#6504=ORIENTED_EDGE('',*,*,#5066,.F.);
#6505=ORIENTED_EDGE('',*,*,#5067,.T.);
#6506=ORIENTED_EDGE('',*,*,#5068,.F.);
#6507=ORIENTED_EDGE('',*,*,#5069,.T.);
#6508=ORIENTED_EDGE('',*,*,#5019,.F.);
#6509=ORIENTED_EDGE('',*,*,#5070,.F.);
#6510=ORIENTED_EDGE('',*,*,#5071,.F.);
#6511=ORIENTED_EDGE('',*,*,#5067,.F.);
#6512=ORIENTED_EDGE('',*,*,#5024,.F.);
#6513=ORIENTED_EDGE('',*,*,#5072,.F.);
#6514=ORIENTED_EDGE('',*,*,#5073,.F.);
#6515=ORIENTED_EDGE('',*,*,#5070,.T.);
#6516=ORIENTED_EDGE('',*,*,#5023,.F.);
#6517=ORIENTED_EDGE('',*,*,#5074,.F.);
#6518=ORIENTED_EDGE('',*,*,#5075,.F.);
#6519=ORIENTED_EDGE('',*,*,#5072,.T.);
#6520=ORIENTED_EDGE('',*,*,#5022,.F.);
#6521=ORIENTED_EDGE('',*,*,#5076,.F.);
#6522=ORIENTED_EDGE('',*,*,#5077,.F.);
#6523=ORIENTED_EDGE('',*,*,#5074,.T.);
#6524=ORIENTED_EDGE('',*,*,#5021,.F.);
#6525=ORIENTED_EDGE('',*,*,#5069,.F.);
#6526=ORIENTED_EDGE('',*,*,#5078,.F.);
#6527=ORIENTED_EDGE('',*,*,#5076,.T.);
#6528=ORIENTED_EDGE('',*,*,#5020,.F.);
#6529=ORIENTED_EDGE('',*,*,#5071,.T.);
#6530=ORIENTED_EDGE('',*,*,#5073,.T.);
#6531=ORIENTED_EDGE('',*,*,#5075,.T.);
#6532=ORIENTED_EDGE('',*,*,#5077,.T.);
#6533=ORIENTED_EDGE('',*,*,#5078,.T.);
#6534=ORIENTED_EDGE('',*,*,#5068,.T.);
#6535=ORIENTED_EDGE('',*,*,#5079,.T.);
#6536=ORIENTED_EDGE('',*,*,#5079,.F.);
#6537=ORIENTED_EDGE('',*,*,#5080,.T.);
#6538=ORIENTED_EDGE('',*,*,#4912,.T.);
#6539=ORIENTED_EDGE('',*,*,#5080,.F.);
#6540=ORIENTED_EDGE('',*,*,#5081,.T.);
#6541=ORIENTED_EDGE('',*,*,#5082,.F.);
#6542=ORIENTED_EDGE('',*,*,#5083,.T.);
#6543=ORIENTED_EDGE('',*,*,#4969,.F.);
#6544=ORIENTED_EDGE('',*,*,#5084,.F.);
#6545=ORIENTED_EDGE('',*,*,#5085,.F.);
#6546=ORIENTED_EDGE('',*,*,#5081,.F.);
#6547=ORIENTED_EDGE('',*,*,#4974,.F.);
#6548=ORIENTED_EDGE('',*,*,#5086,.F.);
#6549=ORIENTED_EDGE('',*,*,#5087,.F.);
#6550=ORIENTED_EDGE('',*,*,#5084,.T.);
#6551=ORIENTED_EDGE('',*,*,#4973,.F.);
#6552=ORIENTED_EDGE('',*,*,#5088,.F.);
#6553=ORIENTED_EDGE('',*,*,#5089,.F.);
#6554=ORIENTED_EDGE('',*,*,#5086,.T.);
#6555=ORIENTED_EDGE('',*,*,#4972,.F.);
#6556=ORIENTED_EDGE('',*,*,#5090,.F.);
#6557=ORIENTED_EDGE('',*,*,#5091,.F.);
#6558=ORIENTED_EDGE('',*,*,#5088,.T.);
#6559=ORIENTED_EDGE('',*,*,#4971,.F.);
#6560=ORIENTED_EDGE('',*,*,#5083,.F.);
#6561=ORIENTED_EDGE('',*,*,#5092,.F.);
#6562=ORIENTED_EDGE('',*,*,#5090,.T.);
#6563=ORIENTED_EDGE('',*,*,#4970,.F.);
#6564=ORIENTED_EDGE('',*,*,#5085,.T.);
#6565=ORIENTED_EDGE('',*,*,#5087,.T.);
#6566=ORIENTED_EDGE('',*,*,#5089,.T.);
#6567=ORIENTED_EDGE('',*,*,#5091,.T.);
#6568=ORIENTED_EDGE('',*,*,#5092,.T.);
#6569=ORIENTED_EDGE('',*,*,#5082,.T.);
#6570=ORIENTED_EDGE('',*,*,#5093,.T.);
#6571=ORIENTED_EDGE('',*,*,#5093,.F.);
#6572=ORIENTED_EDGE('',*,*,#5094,.T.);
#6573=ORIENTED_EDGE('',*,*,#4916,.T.);
#6574=ORIENTED_EDGE('',*,*,#5094,.F.);
#6575=ORIENTED_EDGE('',*,*,#5095,.T.);
#6576=ORIENTED_EDGE('',*,*,#5096,.F.);
#6577=ORIENTED_EDGE('',*,*,#5097,.T.);
#6578=ORIENTED_EDGE('',*,*,#4955,.F.);
#6579=ORIENTED_EDGE('',*,*,#5098,.F.);
#6580=ORIENTED_EDGE('',*,*,#5099,.F.);
#6581=ORIENTED_EDGE('',*,*,#5095,.F.);
#6582=ORIENTED_EDGE('',*,*,#4960,.F.);
#6583=ORIENTED_EDGE('',*,*,#5100,.F.);
#6584=ORIENTED_EDGE('',*,*,#5101,.F.);
#6585=ORIENTED_EDGE('',*,*,#5098,.T.);
#6586=ORIENTED_EDGE('',*,*,#4959,.F.);
#6587=ORIENTED_EDGE('',*,*,#5102,.F.);
#6588=ORIENTED_EDGE('',*,*,#5103,.F.);
#6589=ORIENTED_EDGE('',*,*,#5100,.T.);
#6590=ORIENTED_EDGE('',*,*,#4958,.F.);
#6591=ORIENTED_EDGE('',*,*,#5104,.F.);
#6592=ORIENTED_EDGE('',*,*,#5105,.F.);
#6593=ORIENTED_EDGE('',*,*,#5102,.T.);
#6594=ORIENTED_EDGE('',*,*,#4957,.F.);
#6595=ORIENTED_EDGE('',*,*,#5097,.F.);
#6596=ORIENTED_EDGE('',*,*,#5106,.F.);
#6597=ORIENTED_EDGE('',*,*,#5104,.T.);
#6598=ORIENTED_EDGE('',*,*,#4956,.F.);
#6599=ORIENTED_EDGE('',*,*,#5099,.T.);
#6600=ORIENTED_EDGE('',*,*,#5101,.T.);
#6601=ORIENTED_EDGE('',*,*,#5103,.T.);
#6602=ORIENTED_EDGE('',*,*,#5105,.T.);
#6603=ORIENTED_EDGE('',*,*,#5106,.T.);
#6604=ORIENTED_EDGE('',*,*,#5096,.T.);
#6605=ORIENTED_EDGE('',*,*,#5107,.T.);
#6606=ORIENTED_EDGE('',*,*,#5107,.F.);
#6607=ORIENTED_EDGE('',*,*,#5108,.T.);
#6608=ORIENTED_EDGE('',*,*,#4915,.T.);
#6609=ORIENTED_EDGE('',*,*,#5108,.F.);
#6610=ORIENTED_EDGE('',*,*,#5109,.T.);
#6611=ORIENTED_EDGE('',*,*,#5110,.F.);
#6612=ORIENTED_EDGE('',*,*,#5111,.T.);
#6613=ORIENTED_EDGE('',*,*,#4983,.F.);
#6614=ORIENTED_EDGE('',*,*,#5112,.F.);
#6615=ORIENTED_EDGE('',*,*,#5113,.F.);
#6616=ORIENTED_EDGE('',*,*,#5109,.F.);
#6617=ORIENTED_EDGE('',*,*,#4988,.F.);
#6618=ORIENTED_EDGE('',*,*,#5114,.F.);
#6619=ORIENTED_EDGE('',*,*,#5115,.F.);
#6620=ORIENTED_EDGE('',*,*,#5112,.T.);
#6621=ORIENTED_EDGE('',*,*,#4987,.F.);
#6622=ORIENTED_EDGE('',*,*,#5116,.F.);
#6623=ORIENTED_EDGE('',*,*,#5117,.F.);
#6624=ORIENTED_EDGE('',*,*,#5114,.T.);
#6625=ORIENTED_EDGE('',*,*,#4986,.F.);
#6626=ORIENTED_EDGE('',*,*,#5118,.F.);
#6627=ORIENTED_EDGE('',*,*,#5119,.F.);
#6628=ORIENTED_EDGE('',*,*,#5116,.T.);
#6629=ORIENTED_EDGE('',*,*,#4985,.F.);
#6630=ORIENTED_EDGE('',*,*,#5111,.F.);
#6631=ORIENTED_EDGE('',*,*,#5120,.F.);
#6632=ORIENTED_EDGE('',*,*,#5118,.T.);
#6633=ORIENTED_EDGE('',*,*,#4984,.F.);
#6634=ORIENTED_EDGE('',*,*,#5113,.T.);
#6635=ORIENTED_EDGE('',*,*,#5115,.T.);
#6636=ORIENTED_EDGE('',*,*,#5117,.T.);
#6637=ORIENTED_EDGE('',*,*,#5119,.T.);
#6638=ORIENTED_EDGE('',*,*,#5120,.T.);
#6639=ORIENTED_EDGE('',*,*,#5110,.T.);
#6640=ORIENTED_EDGE('',*,*,#5121,.T.);
#6641=ORIENTED_EDGE('',*,*,#5121,.F.);
#6642=ORIENTED_EDGE('',*,*,#5122,.T.);
#6643=ORIENTED_EDGE('',*,*,#4917,.T.);
#6644=ORIENTED_EDGE('',*,*,#5122,.F.);
#6645=ORIENTED_EDGE('',*,*,#5123,.F.);
#6646=ORIENTED_EDGE('',*,*,#5124,.T.);
#6647=ORIENTED_EDGE('',*,*,#5125,.T.);
#6648=ORIENTED_EDGE('',*,*,#5126,.T.);
#6649=ORIENTED_EDGE('',*,*,#5127,.T.);
#6650=ORIENTED_EDGE('',*,*,#5128,.T.);
#6651=ORIENTED_EDGE('',*,*,#5129,.F.);
#6652=ORIENTED_EDGE('',*,*,#5130,.T.);
#6653=ORIENTED_EDGE('',*,*,#5131,.F.);
#6654=ORIENTED_EDGE('',*,*,#5132,.T.);
#6655=ORIENTED_EDGE('',*,*,#4947,.T.);
#6656=ORIENTED_EDGE('',*,*,#5133,.F.);
#6657=ORIENTED_EDGE('',*,*,#5134,.F.);
#6658=ORIENTED_EDGE('',*,*,#5135,.T.);
#6659=ORIENTED_EDGE('',*,*,#4961,.T.);
#6660=ORIENTED_EDGE('',*,*,#5136,.F.);
#6661=ORIENTED_EDGE('',*,*,#5137,.F.);
#6662=ORIENTED_EDGE('',*,*,#5138,.T.);
#6663=ORIENTED_EDGE('',*,*,#4975,.T.);
#6664=ORIENTED_EDGE('',*,*,#5139,.F.);
#6665=ORIENTED_EDGE('',*,*,#5123,.T.);
#6666=ORIENTED_EDGE('',*,*,#5140,.F.);
#6667=ORIENTED_EDGE('',*,*,#5141,.F.);
#6668=ORIENTED_EDGE('',*,*,#5142,.F.);
#6669=ORIENTED_EDGE('',*,*,#5143,.F.);
#6670=ORIENTED_EDGE('',*,*,#5144,.T.);
#6671=ORIENTED_EDGE('',*,*,#5137,.T.);
#6672=ORIENTED_EDGE('',*,*,#5145,.F.);
#6673=ORIENTED_EDGE('',*,*,#5146,.F.);
#6674=ORIENTED_EDGE('',*,*,#5147,.F.);
#6675=ORIENTED_EDGE('',*,*,#5148,.F.);
#6676=ORIENTED_EDGE('',*,*,#5149,.F.);
#6677=ORIENTED_EDGE('',*,*,#5150,.F.);
#6678=ORIENTED_EDGE('',*,*,#5151,.F.);
#6679=ORIENTED_EDGE('',*,*,#5134,.T.);
#6680=ORIENTED_EDGE('',*,*,#5152,.F.);
#6681=ORIENTED_EDGE('',*,*,#5153,.F.);
#6682=ORIENTED_EDGE('',*,*,#5154,.F.);
#6683=ORIENTED_EDGE('',*,*,#5155,.F.);
#6684=ORIENTED_EDGE('',*,*,#5156,.F.);
#6685=ORIENTED_EDGE('',*,*,#5157,.F.);
#6686=ORIENTED_EDGE('',*,*,#5158,.F.);
#6687=ORIENTED_EDGE('',*,*,#5131,.T.);
#6688=ORIENTED_EDGE('',*,*,#5159,.F.);
#6689=ORIENTED_EDGE('',*,*,#5160,.F.);
#6690=ORIENTED_EDGE('',*,*,#5161,.F.);
#6691=ORIENTED_EDGE('',*,*,#5162,.F.);
#6692=ORIENTED_EDGE('',*,*,#5163,.F.);
#6693=ORIENTED_EDGE('',*,*,#5164,.T.);
#6694=ORIENTED_EDGE('',*,*,#5165,.F.);
#6695=ORIENTED_EDGE('',*,*,#5166,.F.);
#6696=ORIENTED_EDGE('',*,*,#5167,.F.);
#6697=ORIENTED_EDGE('',*,*,#5168,.F.);
#6698=ORIENTED_EDGE('',*,*,#5169,.T.);
#6699=ORIENTED_EDGE('',*,*,#5170,.T.);
#6700=ORIENTED_EDGE('',*,*,#5171,.F.);
#6701=ORIENTED_EDGE('',*,*,#5172,.F.);
#6702=ORIENTED_EDGE('',*,*,#5173,.F.);
#6703=ORIENTED_EDGE('',*,*,#5174,.F.);
#6704=ORIENTED_EDGE('',*,*,#5175,.F.);
#6705=ORIENTED_EDGE('',*,*,#5176,.F.);
#6706=ORIENTED_EDGE('',*,*,#5177,.T.);
#6707=ORIENTED_EDGE('',*,*,#5178,.T.);
#6708=ORIENTED_EDGE('',*,*,#5179,.F.);
#6709=ORIENTED_EDGE('',*,*,#5180,.F.);
#6710=ORIENTED_EDGE('',*,*,#5181,.F.);
#6711=ORIENTED_EDGE('',*,*,#5182,.F.);
#6712=ORIENTED_EDGE('',*,*,#5183,.F.);
#6713=ORIENTED_EDGE('',*,*,#5184,.F.);
#6714=ORIENTED_EDGE('',*,*,#5185,.F.);
#6715=ORIENTED_EDGE('',*,*,#5186,.T.);
#6716=ORIENTED_EDGE('',*,*,#5187,.F.);
#6717=ORIENTED_EDGE('',*,*,#5188,.F.);
#6718=ORIENTED_EDGE('',*,*,#5189,.F.);
#6719=ORIENTED_EDGE('',*,*,#5190,.F.);
#6720=ORIENTED_EDGE('',*,*,#5191,.F.);
#6721=ORIENTED_EDGE('',*,*,#5192,.F.);
#6722=ORIENTED_EDGE('',*,*,#5193,.F.);
#6723=ORIENTED_EDGE('',*,*,#5194,.T.);
#6724=ORIENTED_EDGE('',*,*,#5195,.F.);
#6725=ORIENTED_EDGE('',*,*,#5196,.F.);
#6726=ORIENTED_EDGE('',*,*,#5197,.F.);
#6727=ORIENTED_EDGE('',*,*,#5198,.F.);
#6728=ORIENTED_EDGE('',*,*,#5199,.F.);
#6729=ORIENTED_EDGE('',*,*,#5200,.F.);
#6730=ORIENTED_EDGE('',*,*,#5201,.F.);
#6731=ORIENTED_EDGE('',*,*,#5202,.T.);
#6732=ORIENTED_EDGE('',*,*,#5203,.F.);
#6733=ORIENTED_EDGE('',*,*,#5204,.F.);
#6734=ORIENTED_EDGE('',*,*,#5205,.F.);
#6735=ORIENTED_EDGE('',*,*,#5206,.F.);
#6736=ORIENTED_EDGE('',*,*,#5207,.F.);
#6737=ORIENTED_EDGE('',*,*,#5208,.F.);
#6738=ORIENTED_EDGE('',*,*,#5209,.T.);
#6739=ORIENTED_EDGE('',*,*,#5210,.F.);
#6740=ORIENTED_EDGE('',*,*,#5211,.T.);
#6741=ORIENTED_EDGE('',*,*,#5212,.F.);
#6742=ORIENTED_EDGE('',*,*,#5213,.F.);
#6743=ORIENTED_EDGE('',*,*,#5214,.F.);
#6744=ORIENTED_EDGE('',*,*,#5215,.F.);
#6745=ORIENTED_EDGE('',*,*,#5124,.F.);
#6746=ORIENTED_EDGE('',*,*,#5144,.F.);
#6747=ORIENTED_EDGE('',*,*,#5216,.T.);
#6748=ORIENTED_EDGE('',*,*,#5217,.F.);
#6749=ORIENTED_EDGE('',*,*,#5218,.T.);
#6750=ORIENTED_EDGE('',*,*,#5219,.F.);
#6751=ORIENTED_EDGE('',*,*,#5220,.F.);
#6752=ORIENTED_EDGE('',*,*,#5177,.F.);
#6753=ORIENTED_EDGE('',*,*,#5221,.T.);
#6754=ORIENTED_EDGE('',*,*,#5222,.F.);
#6755=ORIENTED_EDGE('',*,*,#5169,.F.);
#6756=ORIENTED_EDGE('',*,*,#5223,.T.);
#6757=ORIENTED_EDGE('',*,*,#5224,.T.);
#6758=ORIENTED_EDGE('',*,*,#5225,.F.);
#6759=ORIENTED_EDGE('',*,*,#5226,.T.);
#6760=ORIENTED_EDGE('',*,*,#5227,.T.);
#6761=ORIENTED_EDGE('',*,*,#5125,.F.);
#6762=ORIENTED_EDGE('',*,*,#5217,.T.);
#6763=ORIENTED_EDGE('',*,*,#5228,.T.);
#6764=ORIENTED_EDGE('',*,*,#5229,.F.);
#6765=ORIENTED_EDGE('',*,*,#5230,.T.);
#6766=ORIENTED_EDGE('',*,*,#5231,.T.);
#6767=ORIENTED_EDGE('',*,*,#5232,.F.);
#6768=ORIENTED_EDGE('',*,*,#5233,.T.);
#6769=ORIENTED_EDGE('',*,*,#5234,.T.);
#6770=ORIENTED_EDGE('',*,*,#5235,.F.);
#6771=ORIENTED_EDGE('',*,*,#5219,.T.);
#6772=ORIENTED_EDGE('',*,*,#5236,.T.);
#6773=ORIENTED_EDGE('',*,*,#5237,.F.);
#6774=ORIENTED_EDGE('',*,*,#5238,.T.);
#6775=ORIENTED_EDGE('',*,*,#5238,.F.);
#6776=ORIENTED_EDGE('',*,*,#5239,.T.);
#6777=ORIENTED_EDGE('',*,*,#5240,.T.);
#6778=ORIENTED_EDGE('',*,*,#5239,.F.);
#6779=ORIENTED_EDGE('',*,*,#5241,.F.);
#6780=ORIENTED_EDGE('',*,*,#5242,.T.);
#6781=ORIENTED_EDGE('',*,*,#5243,.T.);
#6782=ORIENTED_EDGE('',*,*,#5242,.F.);
#6783=ORIENTED_EDGE('',*,*,#5244,.T.);
#6784=ORIENTED_EDGE('',*,*,#5240,.F.);
#6785=ORIENTED_EDGE('',*,*,#5245,.T.);
#6786=ORIENTED_EDGE('',*,*,#5246,.F.);
#6787=ORIENTED_EDGE('',*,*,#5244,.F.);
#6788=ORIENTED_EDGE('',*,*,#5247,.T.);
#6789=ORIENTED_EDGE('',*,*,#5248,.T.);
#6790=ORIENTED_EDGE('',*,*,#5247,.F.);
#6791=ORIENTED_EDGE('',*,*,#5249,.T.);
#6792=ORIENTED_EDGE('',*,*,#5250,.F.);
#6793=ORIENTED_EDGE('',*,*,#5251,.T.);
#6794=ORIENTED_EDGE('',*,*,#5252,.F.);
#6795=ORIENTED_EDGE('',*,*,#5253,.F.);
#6796=ORIENTED_EDGE('',*,*,#5254,.F.);
#6797=ORIENTED_EDGE('',*,*,#5255,.F.);
#6798=ORIENTED_EDGE('',*,*,#5256,.T.);
#6799=ORIENTED_EDGE('',*,*,#5257,.T.);
#6800=ORIENTED_EDGE('',*,*,#5258,.F.);
#6801=ORIENTED_EDGE('',*,*,#5259,.F.);
#6802=ORIENTED_EDGE('',*,*,#5260,.T.);
#6803=ORIENTED_EDGE('',*,*,#5261,.F.);
#6804=ORIENTED_EDGE('',*,*,#5262,.T.);
#6805=ORIENTED_EDGE('',*,*,#5263,.F.);
#6806=ORIENTED_EDGE('',*,*,#5264,.T.);
#6807=ORIENTED_EDGE('',*,*,#5265,.F.);
#6808=ORIENTED_EDGE('',*,*,#5248,.F.);
#6809=ORIENTED_EDGE('',*,*,#5245,.F.);
#6810=ORIENTED_EDGE('',*,*,#5266,.T.);
#6811=ORIENTED_EDGE('',*,*,#5259,.T.);
#6812=ORIENTED_EDGE('',*,*,#5266,.F.);
#6813=ORIENTED_EDGE('',*,*,#5249,.F.);
#6814=ORIENTED_EDGE('',*,*,#5267,.F.);
#6815=ORIENTED_EDGE('',*,*,#5224,.F.);
#6816=ORIENTED_EDGE('',*,*,#5268,.F.);
#6817=ORIENTED_EDGE('',*,*,#5269,.T.);
#6818=ORIENTED_EDGE('',*,*,#5269,.F.);
#6819=ORIENTED_EDGE('',*,*,#5270,.F.);
#6820=ORIENTED_EDGE('',*,*,#5271,.F.);
#6821=ORIENTED_EDGE('',*,*,#5272,.F.);
#6822=ORIENTED_EDGE('',*,*,#5273,.F.);
#6823=ORIENTED_EDGE('',*,*,#5274,.T.);
#6824=ORIENTED_EDGE('',*,*,#5275,.F.);
#6825=ORIENTED_EDGE('',*,*,#4908,.T.);
#6826=ORIENTED_EDGE('',*,*,#5276,.T.);
#6827=ORIENTED_EDGE('',*,*,#5250,.T.);
#6828=ORIENTED_EDGE('',*,*,#5277,.F.);
#6829=ORIENTED_EDGE('',*,*,#4903,.T.);
#6830=ORIENTED_EDGE('',*,*,#5278,.T.);
#6831=ORIENTED_EDGE('',*,*,#5262,.F.);
#6832=ORIENTED_EDGE('',*,*,#5279,.T.);
#6833=ORIENTED_EDGE('',*,*,#5251,.F.);
#6834=ORIENTED_EDGE('',*,*,#5276,.F.);
#6835=ORIENTED_EDGE('',*,*,#4907,.T.);
#6836=ORIENTED_EDGE('',*,*,#5280,.F.);
#6837=ORIENTED_EDGE('',*,*,#5281,.T.);
#6838=ORIENTED_EDGE('',*,*,#5282,.T.);
#6839=ORIENTED_EDGE('',*,*,#5283,.F.);
#6840=ORIENTED_EDGE('',*,*,#5209,.F.);
#6841=ORIENTED_EDGE('',*,*,#5284,.T.);
#6842=ORIENTED_EDGE('',*,*,#5031,.T.);
#6843=ORIENTED_EDGE('',*,*,#5285,.F.);
#6844=ORIENTED_EDGE('',*,*,#5164,.F.);
#6845=ORIENTED_EDGE('',*,*,#5222,.T.);
#6846=ORIENTED_EDGE('',*,*,#5286,.F.);
#6847=ORIENTED_EDGE('',*,*,#5287,.F.);
#6848=ORIENTED_EDGE('',*,*,#4904,.F.);
#6849=ORIENTED_EDGE('',*,*,#5277,.T.);
#6850=ORIENTED_EDGE('',*,*,#5261,.T.);
#6851=ORIENTED_EDGE('',*,*,#5288,.F.);
#6852=ORIENTED_EDGE('',*,*,#5289,.F.);
#6853=ORIENTED_EDGE('',*,*,#5290,.F.);
#6854=ORIENTED_EDGE('',*,*,#4900,.T.);
#6855=ORIENTED_EDGE('',*,*,#5291,.F.);
#6856=ORIENTED_EDGE('',*,*,#5292,.F.);
#6857=ORIENTED_EDGE('',*,*,#5293,.T.);
#6858=ORIENTED_EDGE('',*,*,#5170,.F.);
#6859=ORIENTED_EDGE('',*,*,#5294,.T.);
#6860=ORIENTED_EDGE('',*,*,#5041,.T.);
#6861=ORIENTED_EDGE('',*,*,#5295,.F.);
#6862=ORIENTED_EDGE('',*,*,#5211,.F.);
#6863=ORIENTED_EDGE('',*,*,#5296,.T.);
#6864=ORIENTED_EDGE('',*,*,#5297,.T.);
#6865=ORIENTED_EDGE('',*,*,#5298,.T.);
#6866=ORIENTED_EDGE('',*,*,#5260,.F.);
#6867=ORIENTED_EDGE('',*,*,#5299,.F.);
#6868=ORIENTED_EDGE('',*,*,#5231,.F.);
#6869=ORIENTED_EDGE('',*,*,#5300,.F.);
#6870=ORIENTED_EDGE('',*,*,#5280,.T.);
#6871=ORIENTED_EDGE('',*,*,#5300,.T.);
#6872=ORIENTED_EDGE('',*,*,#5237,.T.);
#6873=ORIENTED_EDGE('',*,*,#5301,.T.);
#6874=ORIENTED_EDGE('',*,*,#5302,.F.);
#6875=ORIENTED_EDGE('',*,*,#5281,.F.);
#6876=ORIENTED_EDGE('',*,*,#5303,.T.);
#6877=ORIENTED_EDGE('',*,*,#5304,.T.);
#6878=ORIENTED_EDGE('',*,*,#5305,.T.);
#6879=ORIENTED_EDGE('',*,*,#5127,.F.);
#6880=ORIENTED_EDGE('',*,*,#5306,.F.);
#6881=ORIENTED_EDGE('',*,*,#5307,.T.);
#6882=ORIENTED_EDGE('',*,*,#5308,.T.);
#6883=ORIENTED_EDGE('',*,*,#5282,.F.);
#6884=ORIENTED_EDGE('',*,*,#5302,.T.);
#6885=ORIENTED_EDGE('',*,*,#5309,.T.);
#6886=ORIENTED_EDGE('',*,*,#5310,.F.);
#6887=ORIENTED_EDGE('',*,*,#5297,.F.);
#6888=ORIENTED_EDGE('',*,*,#5311,.F.);
#6889=ORIENTED_EDGE('',*,*,#5312,.F.);
#6890=ORIENTED_EDGE('',*,*,#5313,.F.);
#6891=ORIENTED_EDGE('',*,*,#5314,.F.);
#6892=ORIENTED_EDGE('',*,*,#5315,.F.);
#6893=ORIENTED_EDGE('',*,*,#5316,.F.);
#6894=ORIENTED_EDGE('',*,*,#5317,.T.);
#6895=ORIENTED_EDGE('',*,*,#5047,.T.);
#6896=ORIENTED_EDGE('',*,*,#5318,.F.);
#6897=ORIENTED_EDGE('',*,*,#5213,.T.);
#6898=ORIENTED_EDGE('',*,*,#5319,.T.);
#6899=ORIENTED_EDGE('',*,*,#5303,.F.);
#6900=ORIENTED_EDGE('',*,*,#5296,.F.);
#6901=ORIENTED_EDGE('',*,*,#5210,.T.);
#6902=ORIENTED_EDGE('',*,*,#5320,.T.);
#6903=ORIENTED_EDGE('',*,*,#5039,.T.);
#6904=ORIENTED_EDGE('',*,*,#5052,.F.);
#6905=ORIENTED_EDGE('',*,*,#5321,.F.);
#6906=ORIENTED_EDGE('',*,*,#5322,.F.);
#6907=ORIENTED_EDGE('',*,*,#5315,.T.);
#6908=ORIENTED_EDGE('',*,*,#5323,.T.);
#6909=ORIENTED_EDGE('',*,*,#5324,.T.);
#6910=ORIENTED_EDGE('',*,*,#5325,.T.);
#6911=ORIENTED_EDGE('',*,*,#5316,.T.);
#6912=ORIENTED_EDGE('',*,*,#5322,.T.);
#6913=ORIENTED_EDGE('',*,*,#5326,.T.);
#6914=ORIENTED_EDGE('',*,*,#5327,.T.);
#6915=ORIENTED_EDGE('',*,*,#5328,.F.);
#6916=ORIENTED_EDGE('',*,*,#5323,.F.);
#6917=ORIENTED_EDGE('',*,*,#5329,.F.);
#6918=ORIENTED_EDGE('',*,*,#5050,.F.);
#6919=ORIENTED_EDGE('',*,*,#5330,.F.);
#6920=ORIENTED_EDGE('',*,*,#5324,.F.);
#6921=ORIENTED_EDGE('',*,*,#5328,.T.);
#6922=ORIENTED_EDGE('',*,*,#5049,.F.);
#6923=ORIENTED_EDGE('',*,*,#5048,.F.);
#6924=ORIENTED_EDGE('',*,*,#5317,.F.);
#6925=ORIENTED_EDGE('',*,*,#5325,.F.);
#6926=ORIENTED_EDGE('',*,*,#5330,.T.);
#6927=ORIENTED_EDGE('',*,*,#5329,.T.);
#6928=ORIENTED_EDGE('',*,*,#5326,.F.);
#6929=ORIENTED_EDGE('',*,*,#5321,.T.);
#6930=ORIENTED_EDGE('',*,*,#5051,.F.);
#6931=ORIENTED_EDGE('',*,*,#5327,.F.);
#6932=ORIENTED_EDGE('',*,*,#5331,.T.);
#6933=ORIENTED_EDGE('',*,*,#4914,.T.);
#6934=ORIENTED_EDGE('',*,*,#5331,.F.);
#6935=ORIENTED_EDGE('',*,*,#5320,.F.);
#6936=ORIENTED_EDGE('',*,*,#5212,.T.);
#6937=ORIENTED_EDGE('',*,*,#5295,.T.);
#6938=ORIENTED_EDGE('',*,*,#5040,.F.);
#6939=ORIENTED_EDGE('',*,*,#5332,.F.);
#6940=ORIENTED_EDGE('',*,*,#5333,.T.);
#6941=ORIENTED_EDGE('',*,*,#5334,.F.);
#6942=ORIENTED_EDGE('',*,*,#5279,.F.);
#6943=ORIENTED_EDGE('',*,*,#4906,.T.);
#6944=ORIENTED_EDGE('',*,*,#5335,.F.);
#6945=ORIENTED_EDGE('',*,*,#5336,.T.);
#6946=ORIENTED_EDGE('',*,*,#5223,.F.);
#6947=ORIENTED_EDGE('',*,*,#5168,.T.);
#6948=ORIENTED_EDGE('',*,*,#5337,.T.);
#6949=ORIENTED_EDGE('',*,*,#5027,.F.);
#6950=ORIENTED_EDGE('',*,*,#5338,.F.);
#6951=ORIENTED_EDGE('',*,*,#5205,.T.);
#6952=ORIENTED_EDGE('',*,*,#5339,.T.);
#6953=ORIENTED_EDGE('',*,*,#5307,.F.);
#6954=ORIENTED_EDGE('',*,*,#5340,.F.);
#6955=ORIENTED_EDGE('',*,*,#5341,.F.);
#6956=ORIENTED_EDGE('',*,*,#5342,.F.);
#6957=ORIENTED_EDGE('',*,*,#5304,.F.);
#6958=ORIENTED_EDGE('',*,*,#5319,.F.);
#6959=ORIENTED_EDGE('',*,*,#5215,.T.);
#6960=ORIENTED_EDGE('',*,*,#5343,.T.);
#6961=ORIENTED_EDGE('',*,*,#5045,.F.);
#6962=ORIENTED_EDGE('',*,*,#5344,.F.);
#6963=ORIENTED_EDGE('',*,*,#5172,.T.);
#6964=ORIENTED_EDGE('',*,*,#5345,.F.);
#6965=ORIENTED_EDGE('',*,*,#5346,.T.);
#6966=ORIENTED_EDGE('',*,*,#5347,.F.);
#6967=ORIENTED_EDGE('',*,*,#4910,.F.);
#6968=ORIENTED_EDGE('',*,*,#5348,.T.);
#6969=ORIENTED_EDGE('',*,*,#5349,.T.);
#6970=ORIENTED_EDGE('',*,*,#5350,.F.);
#6971=ORIENTED_EDGE('',*,*,#5226,.F.);
#6972=ORIENTED_EDGE('',*,*,#5351,.F.);
#6973=ORIENTED_EDGE('',*,*,#5257,.F.);
#6974=ORIENTED_EDGE('',*,*,#5352,.F.);
#6975=ORIENTED_EDGE('',*,*,#5353,.F.);
#6976=ORIENTED_EDGE('',*,*,#5332,.T.);
#6977=ORIENTED_EDGE('',*,*,#5354,.F.);
#6978=ORIENTED_EDGE('',*,*,#5354,.T.);
#6979=ORIENTED_EDGE('',*,*,#5340,.T.);
#6980=ORIENTED_EDGE('',*,*,#5306,.T.);
#6981=ORIENTED_EDGE('',*,*,#5126,.F.);
#6982=ORIENTED_EDGE('',*,*,#5227,.F.);
#6983=ORIENTED_EDGE('',*,*,#5355,.T.);
#6984=ORIENTED_EDGE('',*,*,#5356,.T.);
#6985=ORIENTED_EDGE('',*,*,#5357,.T.);
#6986=ORIENTED_EDGE('',*,*,#5358,.T.);
#6987=ORIENTED_EDGE('',*,*,#5359,.T.);
#6988=ORIENTED_EDGE('',*,*,#5360,.F.);
#6989=ORIENTED_EDGE('',*,*,#5361,.T.);
#6990=ORIENTED_EDGE('',*,*,#5362,.T.);
#6991=ORIENTED_EDGE('',*,*,#5363,.T.);
#6992=ORIENTED_EDGE('',*,*,#5333,.F.);
#6993=ORIENTED_EDGE('',*,*,#5353,.T.);
#6994=ORIENTED_EDGE('',*,*,#5256,.F.);
#6995=ORIENTED_EDGE('',*,*,#5364,.T.);
#6996=ORIENTED_EDGE('',*,*,#5355,.F.);
#6997=ORIENTED_EDGE('',*,*,#5352,.T.);
#6998=ORIENTED_EDGE('',*,*,#5356,.F.);
#6999=ORIENTED_EDGE('',*,*,#5364,.F.);
#7000=ORIENTED_EDGE('',*,*,#5255,.T.);
#7001=ORIENTED_EDGE('',*,*,#5365,.T.);
#7002=ORIENTED_EDGE('',*,*,#5365,.F.);
#7003=ORIENTED_EDGE('',*,*,#5254,.T.);
#7004=ORIENTED_EDGE('',*,*,#5366,.T.);
#7005=ORIENTED_EDGE('',*,*,#5361,.F.);
#7006=ORIENTED_EDGE('',*,*,#5367,.F.);
#7007=ORIENTED_EDGE('',*,*,#5357,.F.);
#7008=ORIENTED_EDGE('',*,*,#5368,.F.);
#7009=ORIENTED_EDGE('',*,*,#5367,.T.);
#7010=ORIENTED_EDGE('',*,*,#5369,.F.);
#7011=ORIENTED_EDGE('',*,*,#5359,.F.);
#7012=ORIENTED_EDGE('',*,*,#5370,.T.);
#7013=ORIENTED_EDGE('',*,*,#5371,.T.);
#7014=ORIENTED_EDGE('',*,*,#5358,.F.);
#7015=ORIENTED_EDGE('',*,*,#5368,.T.);
#7016=ORIENTED_EDGE('',*,*,#5350,.T.);
#7017=ORIENTED_EDGE('',*,*,#5372,.T.);
#7018=ORIENTED_EDGE('',*,*,#5373,.T.);
#7019=ORIENTED_EDGE('',*,*,#5374,.T.);
#7020=ORIENTED_EDGE('',*,*,#5375,.T.);
#7021=ORIENTED_EDGE('',*,*,#5376,.F.);
#7022=ORIENTED_EDGE('',*,*,#5370,.F.);
#7023=ORIENTED_EDGE('',*,*,#5377,.T.);
#7024=ORIENTED_EDGE('',*,*,#5378,.T.);
#7025=ORIENTED_EDGE('',*,*,#5379,.F.);
#7026=ORIENTED_EDGE('',*,*,#5380,.T.);
#7027=ORIENTED_EDGE('',*,*,#5381,.F.);
#7028=ORIENTED_EDGE('',*,*,#5382,.F.);
#7029=ORIENTED_EDGE('',*,*,#5383,.F.);
#7030=ORIENTED_EDGE('',*,*,#5384,.F.);
#7031=ORIENTED_EDGE('',*,*,#5341,.T.);
#7032=ORIENTED_EDGE('',*,*,#5380,.F.);
#7033=ORIENTED_EDGE('',*,*,#5385,.F.);
#7034=ORIENTED_EDGE('',*,*,#5386,.T.);
#7035=ORIENTED_EDGE('',*,*,#5387,.F.);
#7036=ORIENTED_EDGE('',*,*,#5388,.T.);
#7037=ORIENTED_EDGE('',*,*,#5289,.T.);
#7038=ORIENTED_EDGE('',*,*,#5389,.T.);
#7039=ORIENTED_EDGE('',*,*,#5390,.F.);
#7040=ORIENTED_EDGE('',*,*,#5391,.F.);
#7041=ORIENTED_EDGE('',*,*,#5381,.T.);
#7042=ORIENTED_EDGE('',*,*,#5392,.T.);
#7043=ORIENTED_EDGE('',*,*,#5393,.F.);
#7044=ORIENTED_EDGE('',*,*,#5394,.F.);
#7045=ORIENTED_EDGE('',*,*,#5395,.F.);
#7046=ORIENTED_EDGE('',*,*,#5396,.F.);
#7047=ORIENTED_EDGE('',*,*,#5397,.T.);
#7048=ORIENTED_EDGE('',*,*,#5274,.F.);
#7049=ORIENTED_EDGE('',*,*,#5398,.T.);
#7050=ORIENTED_EDGE('',*,*,#5399,.F.);
#7051=ORIENTED_EDGE('',*,*,#5400,.F.);
#7052=ORIENTED_EDGE('',*,*,#5401,.F.);
#7053=ORIENTED_EDGE('',*,*,#5402,.T.);
#7054=ORIENTED_EDGE('',*,*,#5391,.T.);
#7055=ORIENTED_EDGE('',*,*,#5402,.F.);
#7056=ORIENTED_EDGE('',*,*,#5403,.T.);
#7057=ORIENTED_EDGE('',*,*,#5404,.T.);
#7058=ORIENTED_EDGE('',*,*,#5401,.T.);
#7059=ORIENTED_EDGE('',*,*,#5241,.T.);
#7060=ORIENTED_EDGE('',*,*,#5403,.F.);
#7061=ORIENTED_EDGE('',*,*,#5405,.T.);
#7062=ORIENTED_EDGE('',*,*,#5400,.T.);
#7063=ORIENTED_EDGE('',*,*,#5405,.F.);
#7064=ORIENTED_EDGE('',*,*,#5406,.T.);
#7065=ORIENTED_EDGE('',*,*,#5407,.F.);
#7066=ORIENTED_EDGE('',*,*,#5408,.T.);
#7067=ORIENTED_EDGE('',*,*,#5409,.T.);
#7068=ORIENTED_EDGE('',*,*,#5410,.F.);
#7069=ORIENTED_EDGE('',*,*,#5411,.T.);
#7070=ORIENTED_EDGE('',*,*,#5412,.T.);
#7071=ORIENTED_EDGE('',*,*,#5413,.F.);
#7072=ORIENTED_EDGE('',*,*,#5243,.F.);
#7073=ORIENTED_EDGE('',*,*,#5383,.T.);
#7074=ORIENTED_EDGE('',*,*,#5414,.F.);
#7075=ORIENTED_EDGE('',*,*,#5415,.T.);
#7076=ORIENTED_EDGE('',*,*,#5416,.T.);
#7077=ORIENTED_EDGE('',*,*,#5417,.F.);
#7078=ORIENTED_EDGE('',*,*,#5418,.T.);
#7079=ORIENTED_EDGE('',*,*,#5129,.T.);
#7080=ORIENTED_EDGE('',*,*,#5419,.F.);
#7081=ORIENTED_EDGE('',*,*,#5420,.F.);
#7082=ORIENTED_EDGE('',*,*,#5230,.F.);
#7083=ORIENTED_EDGE('',*,*,#5421,.T.);
#7084=ORIENTED_EDGE('',*,*,#5246,.T.);
#7085=ORIENTED_EDGE('',*,*,#5421,.F.);
#7086=ORIENTED_EDGE('',*,*,#5404,.F.);
#7087=ORIENTED_EDGE('',*,*,#5422,.T.);
#7088=ORIENTED_EDGE('',*,*,#5420,.T.);
#7089=ORIENTED_EDGE('',*,*,#5422,.F.);
#7090=ORIENTED_EDGE('',*,*,#5386,.F.);
#7091=ORIENTED_EDGE('',*,*,#5423,.F.);
#7092=ORIENTED_EDGE('',*,*,#5406,.F.);
#7093=ORIENTED_EDGE('',*,*,#5424,.F.);
#7094=ORIENTED_EDGE('',*,*,#5425,.T.);
#7095=ORIENTED_EDGE('',*,*,#5426,.F.);
#7096=ORIENTED_EDGE('',*,*,#5263,.T.);
#7097=ORIENTED_EDGE('',*,*,#5278,.F.);
#7098=ORIENTED_EDGE('',*,*,#4902,.T.);
#7099=ORIENTED_EDGE('',*,*,#5427,.T.);
#7100=ORIENTED_EDGE('',*,*,#5387,.T.);
#7101=ORIENTED_EDGE('',*,*,#5425,.F.);
#7102=ORIENTED_EDGE('',*,*,#5428,.T.);
#7103=ORIENTED_EDGE('',*,*,#5429,.T.);
#7104=ORIENTED_EDGE('',*,*,#5430,.T.);
#7105=ORIENTED_EDGE('',*,*,#5233,.F.);
#7106=ORIENTED_EDGE('',*,*,#5431,.F.);
#7107=ORIENTED_EDGE('',*,*,#5264,.F.);
#7108=ORIENTED_EDGE('',*,*,#5426,.T.);
#7109=ORIENTED_EDGE('',*,*,#5432,.F.);
#7110=ORIENTED_EDGE('',*,*,#5432,.T.);
#7111=ORIENTED_EDGE('',*,*,#5430,.F.);
#7112=ORIENTED_EDGE('',*,*,#5433,.T.);
#7113=ORIENTED_EDGE('',*,*,#5434,.T.);
#7114=ORIENTED_EDGE('',*,*,#5234,.F.);
#7115=ORIENTED_EDGE('',*,*,#5178,.F.);
#7116=ORIENTED_EDGE('',*,*,#5220,.T.);
#7117=ORIENTED_EDGE('',*,*,#5235,.T.);
#7118=ORIENTED_EDGE('',*,*,#5434,.F.);
#7119=ORIENTED_EDGE('',*,*,#5435,.F.);
#7120=ORIENTED_EDGE('',*,*,#5436,.F.);
#7121=ORIENTED_EDGE('',*,*,#5412,.F.);
#7122=ORIENTED_EDGE('',*,*,#5437,.T.);
#7123=ORIENTED_EDGE('',*,*,#5202,.F.);
#7124=ORIENTED_EDGE('',*,*,#5438,.T.);
#7125=ORIENTED_EDGE('',*,*,#4993,.T.);
#7126=ORIENTED_EDGE('',*,*,#5439,.F.);
#7127=ORIENTED_EDGE('',*,*,#5194,.F.);
#7128=ORIENTED_EDGE('',*,*,#5440,.T.);
#7129=ORIENTED_EDGE('',*,*,#5007,.T.);
#7130=ORIENTED_EDGE('',*,*,#5441,.F.);
#7131=ORIENTED_EDGE('',*,*,#5186,.F.);
#7132=ORIENTED_EDGE('',*,*,#5442,.T.);
#7133=ORIENTED_EDGE('',*,*,#5015,.T.);
#7134=ORIENTED_EDGE('',*,*,#5443,.F.);
#7135=ORIENTED_EDGE('',*,*,#5443,.T.);
#7136=ORIENTED_EDGE('',*,*,#5014,.F.);
#7137=ORIENTED_EDGE('',*,*,#5444,.F.);
#7138=ORIENTED_EDGE('',*,*,#5179,.T.);
#7139=ORIENTED_EDGE('',*,*,#5180,.T.);
#7140=ORIENTED_EDGE('',*,*,#5444,.T.);
#7141=ORIENTED_EDGE('',*,*,#5013,.F.);
#7142=ORIENTED_EDGE('',*,*,#5445,.F.);
#7143=ORIENTED_EDGE('',*,*,#5446,.F.);
#7144=ORIENTED_EDGE('',*,*,#5181,.T.);
#7145=ORIENTED_EDGE('',*,*,#5445,.T.);
#7146=ORIENTED_EDGE('',*,*,#5012,.F.);
#7147=ORIENTED_EDGE('',*,*,#5176,.T.);
#7148=ORIENTED_EDGE('',*,*,#5446,.T.);
#7149=ORIENTED_EDGE('',*,*,#5011,.F.);
#7150=ORIENTED_EDGE('',*,*,#5447,.F.);
#7151=ORIENTED_EDGE('',*,*,#5182,.T.);
#7152=ORIENTED_EDGE('',*,*,#5448,.T.);
#7153=ORIENTED_EDGE('',*,*,#5003,.F.);
#7154=ORIENTED_EDGE('',*,*,#5449,.F.);
#7155=ORIENTED_EDGE('',*,*,#5190,.T.);
#7156=ORIENTED_EDGE('',*,*,#5450,.T.);
#7157=ORIENTED_EDGE('',*,*,#4989,.F.);
#7158=ORIENTED_EDGE('',*,*,#5451,.F.);
#7159=ORIENTED_EDGE('',*,*,#5198,.T.);
#7160=ORIENTED_EDGE('',*,*,#5452,.F.);
#7161=ORIENTED_EDGE('',*,*,#5410,.T.);
#7162=ORIENTED_EDGE('',*,*,#5453,.F.);
#7163=ORIENTED_EDGE('',*,*,#5309,.F.);
#7164=ORIENTED_EDGE('',*,*,#5301,.F.);
#7165=ORIENTED_EDGE('',*,*,#5236,.F.);
#7166=ORIENTED_EDGE('',*,*,#5218,.F.);
#7167=ORIENTED_EDGE('',*,*,#5454,.T.);
#7168=ORIENTED_EDGE('',*,*,#5298,.F.);
#7169=ORIENTED_EDGE('',*,*,#5310,.T.);
#7170=ORIENTED_EDGE('',*,*,#5453,.T.);
#7171=ORIENTED_EDGE('',*,*,#5409,.F.);
#7172=ORIENTED_EDGE('',*,*,#5408,.F.);
#7173=ORIENTED_EDGE('',*,*,#5455,.F.);
#7174=ORIENTED_EDGE('',*,*,#5389,.F.);
#7175=ORIENTED_EDGE('',*,*,#5288,.T.);
#7176=ORIENTED_EDGE('',*,*,#5454,.F.);
#7177=ORIENTED_EDGE('',*,*,#5267,.T.);
#7178=ORIENTED_EDGE('',*,*,#5258,.T.);
#7179=ORIENTED_EDGE('',*,*,#5351,.T.);
#7180=ORIENTED_EDGE('',*,*,#5225,.T.);
#7181=ORIENTED_EDGE('',*,*,#5299,.T.);
#7182=ORIENTED_EDGE('',*,*,#5265,.T.);
#7183=ORIENTED_EDGE('',*,*,#5431,.T.);
#7184=ORIENTED_EDGE('',*,*,#5232,.T.);
#7185=ORIENTED_EDGE('',*,*,#5423,.T.);
#7186=ORIENTED_EDGE('',*,*,#5390,.T.);
#7187=ORIENTED_EDGE('',*,*,#5455,.T.);
#7188=ORIENTED_EDGE('',*,*,#5407,.T.);
#7189=ORIENTED_EDGE('',*,*,#5382,.T.);
#7190=ORIENTED_EDGE('',*,*,#5399,.T.);
#7191=ORIENTED_EDGE('',*,*,#5456,.T.);
#7192=ORIENTED_EDGE('',*,*,#5414,.T.);
#7193=ORIENTED_EDGE('',*,*,#5415,.F.);
#7194=ORIENTED_EDGE('',*,*,#5456,.F.);
#7195=ORIENTED_EDGE('',*,*,#5398,.F.);
#7196=ORIENTED_EDGE('',*,*,#5273,.T.);
#7197=ORIENTED_EDGE('',*,*,#5457,.F.);
#7198=ORIENTED_EDGE('',*,*,#5457,.T.);
#7199=ORIENTED_EDGE('',*,*,#5272,.T.);
#7200=ORIENTED_EDGE('',*,*,#5458,.T.);
#7201=ORIENTED_EDGE('',*,*,#5459,.F.);
#7202=ORIENTED_EDGE('',*,*,#5416,.F.);
#7203=ORIENTED_EDGE('',*,*,#5143,.T.);
#7204=ORIENTED_EDGE('',*,*,#5460,.T.);
#7205=ORIENTED_EDGE('',*,*,#4979,.F.);
#7206=ORIENTED_EDGE('',*,*,#5461,.F.);
#7207=ORIENTED_EDGE('',*,*,#5148,.T.);
#7208=ORIENTED_EDGE('',*,*,#5462,.T.);
#7209=ORIENTED_EDGE('',*,*,#4965,.F.);
#7210=ORIENTED_EDGE('',*,*,#5463,.F.);
#7211=ORIENTED_EDGE('',*,*,#5155,.T.);
#7212=ORIENTED_EDGE('',*,*,#5464,.T.);
#7213=ORIENTED_EDGE('',*,*,#4951,.F.);
#7214=ORIENTED_EDGE('',*,*,#5465,.F.);
#7215=ORIENTED_EDGE('',*,*,#5160,.T.);
#7216=ORIENTED_EDGE('',*,*,#5466,.F.);
#7217=ORIENTED_EDGE('',*,*,#5417,.T.);
#7218=ORIENTED_EDGE('',*,*,#5459,.T.);
#7219=ORIENTED_EDGE('',*,*,#5467,.T.);
#7220=ORIENTED_EDGE('',*,*,#5468,.T.);
#7221=ORIENTED_EDGE('',*,*,#5228,.F.);
#7222=ORIENTED_EDGE('',*,*,#5216,.F.);
#7223=ORIENTED_EDGE('',*,*,#5268,.T.);
#7224=ORIENTED_EDGE('',*,*,#5229,.T.);
#7225=ORIENTED_EDGE('',*,*,#5468,.F.);
#7226=ORIENTED_EDGE('',*,*,#5469,.F.);
#7227=ORIENTED_EDGE('',*,*,#5270,.T.);
#7228=ORIENTED_EDGE('',*,*,#5271,.T.);
#7229=ORIENTED_EDGE('',*,*,#5469,.T.);
#7230=ORIENTED_EDGE('',*,*,#5467,.F.);
#7231=ORIENTED_EDGE('',*,*,#5458,.F.);
#7232=ORIENTED_EDGE('',*,*,#5130,.F.);
#7233=ORIENTED_EDGE('',*,*,#5418,.F.);
#7234=ORIENTED_EDGE('',*,*,#5466,.T.);
#7235=ORIENTED_EDGE('',*,*,#5159,.T.);
#7236=ORIENTED_EDGE('',*,*,#5452,.T.);
#7237=ORIENTED_EDGE('',*,*,#5203,.T.);
#7238=ORIENTED_EDGE('',*,*,#5437,.F.);
#7239=ORIENTED_EDGE('',*,*,#5411,.F.);
#7240=ORIENTED_EDGE('',*,*,#5470,.F.);
#7241=ORIENTED_EDGE('',*,*,#5345,.T.);
#7242=ORIENTED_EDGE('',*,*,#5171,.T.);
#7243=ORIENTED_EDGE('',*,*,#5293,.F.);
#7244=ORIENTED_EDGE('',*,*,#5470,.T.);
#7245=ORIENTED_EDGE('',*,*,#5292,.T.);
#7246=ORIENTED_EDGE('',*,*,#5471,.F.);
#7247=ORIENTED_EDGE('',*,*,#5346,.F.);
#7248=ORIENTED_EDGE('',*,*,#5471,.T.);
#7249=ORIENTED_EDGE('',*,*,#5291,.T.);
#7250=ORIENTED_EDGE('',*,*,#4899,.F.);
#7251=ORIENTED_EDGE('',*,*,#5347,.T.);
#7252=ORIENTED_EDGE('',*,*,#5465,.T.);
#7253=ORIENTED_EDGE('',*,*,#4950,.F.);
#7254=ORIENTED_EDGE('',*,*,#5472,.F.);
#7255=ORIENTED_EDGE('',*,*,#5161,.T.);
#7256=ORIENTED_EDGE('',*,*,#5162,.T.);
#7257=ORIENTED_EDGE('',*,*,#5472,.T.);
#7258=ORIENTED_EDGE('',*,*,#4949,.F.);
#7259=ORIENTED_EDGE('',*,*,#5473,.F.);
#7260=ORIENTED_EDGE('',*,*,#5132,.F.);
#7261=ORIENTED_EDGE('',*,*,#5163,.T.);
#7262=ORIENTED_EDGE('',*,*,#5473,.T.);
#7263=ORIENTED_EDGE('',*,*,#4948,.F.);
#7264=ORIENTED_EDGE('',*,*,#5464,.F.);
#7265=ORIENTED_EDGE('',*,*,#5154,.T.);
#7266=ORIENTED_EDGE('',*,*,#5474,.T.);
#7267=ORIENTED_EDGE('',*,*,#4952,.F.);
#7268=ORIENTED_EDGE('',*,*,#5153,.T.);
#7269=ORIENTED_EDGE('',*,*,#5475,.T.);
#7270=ORIENTED_EDGE('',*,*,#4953,.F.);
#7271=ORIENTED_EDGE('',*,*,#5474,.F.);
#7272=ORIENTED_EDGE('',*,*,#5133,.T.);
#7273=ORIENTED_EDGE('',*,*,#4954,.F.);
#7274=ORIENTED_EDGE('',*,*,#5475,.F.);
#7275=ORIENTED_EDGE('',*,*,#5152,.T.);
#7276=ORIENTED_EDGE('',*,*,#5463,.T.);
#7277=ORIENTED_EDGE('',*,*,#4964,.F.);
#7278=ORIENTED_EDGE('',*,*,#5476,.F.);
#7279=ORIENTED_EDGE('',*,*,#5156,.T.);
#7280=ORIENTED_EDGE('',*,*,#5157,.T.);
#7281=ORIENTED_EDGE('',*,*,#5476,.T.);
#7282=ORIENTED_EDGE('',*,*,#4963,.F.);
#7283=ORIENTED_EDGE('',*,*,#5477,.F.);
#7284=ORIENTED_EDGE('',*,*,#5135,.F.);
#7285=ORIENTED_EDGE('',*,*,#5158,.T.);
#7286=ORIENTED_EDGE('',*,*,#5477,.T.);
#7287=ORIENTED_EDGE('',*,*,#4962,.F.);
#7288=ORIENTED_EDGE('',*,*,#5462,.F.);
#7289=ORIENTED_EDGE('',*,*,#5147,.T.);
#7290=ORIENTED_EDGE('',*,*,#5478,.T.);
#7291=ORIENTED_EDGE('',*,*,#4966,.F.);
#7292=ORIENTED_EDGE('',*,*,#5146,.T.);
#7293=ORIENTED_EDGE('',*,*,#5479,.T.);
#7294=ORIENTED_EDGE('',*,*,#4967,.F.);
#7295=ORIENTED_EDGE('',*,*,#5478,.F.);
#7296=ORIENTED_EDGE('',*,*,#5136,.T.);
#7297=ORIENTED_EDGE('',*,*,#4968,.F.);
#7298=ORIENTED_EDGE('',*,*,#5479,.F.);
#7299=ORIENTED_EDGE('',*,*,#5145,.T.);
#7300=ORIENTED_EDGE('',*,*,#5461,.T.);
#7301=ORIENTED_EDGE('',*,*,#4978,.F.);
#7302=ORIENTED_EDGE('',*,*,#5480,.F.);
#7303=ORIENTED_EDGE('',*,*,#5149,.T.);
#7304=ORIENTED_EDGE('',*,*,#5150,.T.);
#7305=ORIENTED_EDGE('',*,*,#5480,.T.);
#7306=ORIENTED_EDGE('',*,*,#4977,.F.);
#7307=ORIENTED_EDGE('',*,*,#5481,.F.);
#7308=ORIENTED_EDGE('',*,*,#5138,.F.);
#7309=ORIENTED_EDGE('',*,*,#5151,.T.);
#7310=ORIENTED_EDGE('',*,*,#5481,.T.);
#7311=ORIENTED_EDGE('',*,*,#4976,.F.);
#7312=ORIENTED_EDGE('',*,*,#5460,.F.);
#7313=ORIENTED_EDGE('',*,*,#5142,.T.);
#7314=ORIENTED_EDGE('',*,*,#5482,.T.);
#7315=ORIENTED_EDGE('',*,*,#4980,.F.);
#7316=ORIENTED_EDGE('',*,*,#5141,.T.);
#7317=ORIENTED_EDGE('',*,*,#5483,.T.);
#7318=ORIENTED_EDGE('',*,*,#4981,.F.);
#7319=ORIENTED_EDGE('',*,*,#5482,.F.);
#7320=ORIENTED_EDGE('',*,*,#5139,.T.);
#7321=ORIENTED_EDGE('',*,*,#4982,.F.);
#7322=ORIENTED_EDGE('',*,*,#5483,.F.);
#7323=ORIENTED_EDGE('',*,*,#5140,.T.);
#7324=ORIENTED_EDGE('',*,*,#5451,.T.);
#7325=ORIENTED_EDGE('',*,*,#4996,.F.);
#7326=ORIENTED_EDGE('',*,*,#5484,.F.);
#7327=ORIENTED_EDGE('',*,*,#5199,.T.);
#7328=ORIENTED_EDGE('',*,*,#5200,.T.);
#7329=ORIENTED_EDGE('',*,*,#5484,.T.);
#7330=ORIENTED_EDGE('',*,*,#4995,.F.);
#7331=ORIENTED_EDGE('',*,*,#5485,.F.);
#7332=ORIENTED_EDGE('',*,*,#5438,.F.);
#7333=ORIENTED_EDGE('',*,*,#5201,.T.);
#7334=ORIENTED_EDGE('',*,*,#5485,.T.);
#7335=ORIENTED_EDGE('',*,*,#4994,.F.);
#7336=ORIENTED_EDGE('',*,*,#5450,.F.);
#7337=ORIENTED_EDGE('',*,*,#5197,.T.);
#7338=ORIENTED_EDGE('',*,*,#5486,.T.);
#7339=ORIENTED_EDGE('',*,*,#4990,.F.);
#7340=ORIENTED_EDGE('',*,*,#5196,.T.);
#7341=ORIENTED_EDGE('',*,*,#5487,.T.);
#7342=ORIENTED_EDGE('',*,*,#4991,.F.);
#7343=ORIENTED_EDGE('',*,*,#5486,.F.);
#7344=ORIENTED_EDGE('',*,*,#5439,.T.);
#7345=ORIENTED_EDGE('',*,*,#4992,.F.);
#7346=ORIENTED_EDGE('',*,*,#5487,.F.);
#7347=ORIENTED_EDGE('',*,*,#5195,.T.);
#7348=ORIENTED_EDGE('',*,*,#5449,.T.);
#7349=ORIENTED_EDGE('',*,*,#5010,.F.);
#7350=ORIENTED_EDGE('',*,*,#5488,.F.);
#7351=ORIENTED_EDGE('',*,*,#5191,.T.);
#7352=ORIENTED_EDGE('',*,*,#5192,.T.);
#7353=ORIENTED_EDGE('',*,*,#5488,.T.);
#7354=ORIENTED_EDGE('',*,*,#5009,.F.);
#7355=ORIENTED_EDGE('',*,*,#5489,.F.);
#7356=ORIENTED_EDGE('',*,*,#5440,.F.);
#7357=ORIENTED_EDGE('',*,*,#5193,.T.);
#7358=ORIENTED_EDGE('',*,*,#5489,.T.);
#7359=ORIENTED_EDGE('',*,*,#5008,.F.);
#7360=ORIENTED_EDGE('',*,*,#5448,.F.);
#7361=ORIENTED_EDGE('',*,*,#5189,.T.);
#7362=ORIENTED_EDGE('',*,*,#5490,.T.);
#7363=ORIENTED_EDGE('',*,*,#5004,.F.);
#7364=ORIENTED_EDGE('',*,*,#5188,.T.);
#7365=ORIENTED_EDGE('',*,*,#5491,.T.);
#7366=ORIENTED_EDGE('',*,*,#5005,.F.);
#7367=ORIENTED_EDGE('',*,*,#5490,.F.);
#7368=ORIENTED_EDGE('',*,*,#5441,.T.);
#7369=ORIENTED_EDGE('',*,*,#5006,.F.);
#7370=ORIENTED_EDGE('',*,*,#5491,.F.);
#7371=ORIENTED_EDGE('',*,*,#5187,.T.);
#7372=ORIENTED_EDGE('',*,*,#5447,.T.);
#7373=ORIENTED_EDGE('',*,*,#5018,.F.);
#7374=ORIENTED_EDGE('',*,*,#5492,.F.);
#7375=ORIENTED_EDGE('',*,*,#5183,.T.);
#7376=ORIENTED_EDGE('',*,*,#5184,.T.);
#7377=ORIENTED_EDGE('',*,*,#5492,.T.);
#7378=ORIENTED_EDGE('',*,*,#5017,.F.);
#7379=ORIENTED_EDGE('',*,*,#5493,.F.);
#7380=ORIENTED_EDGE('',*,*,#5442,.F.);
#7381=ORIENTED_EDGE('',*,*,#5185,.T.);
#7382=ORIENTED_EDGE('',*,*,#5493,.T.);
#7383=ORIENTED_EDGE('',*,*,#5016,.F.);
#7384=ORIENTED_EDGE('',*,*,#5424,.T.);
#7385=ORIENTED_EDGE('',*,*,#5413,.T.);
#7386=ORIENTED_EDGE('',*,*,#5436,.T.);
#7387=ORIENTED_EDGE('',*,*,#5494,.F.);
#7388=ORIENTED_EDGE('',*,*,#5428,.F.);
#7389=ORIENTED_EDGE('',*,*,#5429,.F.);
#7390=ORIENTED_EDGE('',*,*,#5494,.T.);
#7391=ORIENTED_EDGE('',*,*,#5435,.T.);
#7392=ORIENTED_EDGE('',*,*,#5433,.F.);
#7393=ORIENTED_EDGE('',*,*,#5290,.T.);
#7394=ORIENTED_EDGE('',*,*,#5388,.F.);
#7395=ORIENTED_EDGE('',*,*,#5427,.F.);
#7396=ORIENTED_EDGE('',*,*,#4901,.T.);
#7397=ORIENTED_EDGE('',*,*,#5348,.F.);
#7398=ORIENTED_EDGE('',*,*,#4909,.T.);
#7399=ORIENTED_EDGE('',*,*,#5275,.T.);
#7400=ORIENTED_EDGE('',*,*,#5397,.F.);
#7401=ORIENTED_EDGE('',*,*,#5384,.T.);
#7402=ORIENTED_EDGE('',*,*,#5419,.T.);
#7403=ORIENTED_EDGE('',*,*,#5128,.F.);
#7404=ORIENTED_EDGE('',*,*,#5305,.F.);
#7405=ORIENTED_EDGE('',*,*,#5342,.T.);
#7406=ORIENTED_EDGE('',*,*,#5495,.T.);
#7407=ORIENTED_EDGE('',*,*,#5372,.F.);
#7408=ORIENTED_EDGE('',*,*,#5349,.F.);
#7409=ORIENTED_EDGE('',*,*,#5396,.T.);
#7410=ORIENTED_EDGE('',*,*,#5373,.F.);
#7411=ORIENTED_EDGE('',*,*,#5495,.F.);
#7412=ORIENTED_EDGE('',*,*,#5395,.T.);
#7413=ORIENTED_EDGE('',*,*,#5496,.T.);
#7414=ORIENTED_EDGE('',*,*,#5497,.T.);
#7415=ORIENTED_EDGE('',*,*,#5377,.F.);
#7416=ORIENTED_EDGE('',*,*,#5498,.T.);
#7417=ORIENTED_EDGE('',*,*,#5374,.F.);
#7418=ORIENTED_EDGE('',*,*,#5496,.F.);
#7419=ORIENTED_EDGE('',*,*,#5394,.T.);
#7420=ORIENTED_EDGE('',*,*,#5378,.F.);
#7421=ORIENTED_EDGE('',*,*,#5497,.F.);
#7422=ORIENTED_EDGE('',*,*,#5393,.T.);
#7423=ORIENTED_EDGE('',*,*,#5499,.T.);
#7424=ORIENTED_EDGE('',*,*,#5379,.T.);
#7425=ORIENTED_EDGE('',*,*,#5499,.F.);
#7426=ORIENTED_EDGE('',*,*,#5392,.F.);
#7427=ORIENTED_EDGE('',*,*,#5385,.T.);
#7428=ORIENTED_EDGE('',*,*,#5500,.F.);
#7429=ORIENTED_EDGE('',*,*,#5498,.F.);
#7430=ORIENTED_EDGE('',*,*,#5371,.F.);
#7431=ORIENTED_EDGE('',*,*,#5376,.T.);
#7432=ORIENTED_EDGE('',*,*,#5375,.F.);
#7433=ORIENTED_EDGE('',*,*,#5500,.T.);
#7434=ORIENTED_EDGE('',*,*,#5360,.T.);
#7435=ORIENTED_EDGE('',*,*,#5369,.T.);
#7436=ORIENTED_EDGE('',*,*,#5362,.F.);
#7437=ORIENTED_EDGE('',*,*,#5366,.F.);
#7438=ORIENTED_EDGE('',*,*,#5253,.T.);
#7439=ORIENTED_EDGE('',*,*,#5501,.T.);
#7440=ORIENTED_EDGE('',*,*,#5501,.F.);
#7441=ORIENTED_EDGE('',*,*,#5252,.T.);
#7442=ORIENTED_EDGE('',*,*,#5334,.T.);
#7443=ORIENTED_EDGE('',*,*,#5363,.F.);
#7444=ORIENTED_EDGE('',*,*,#5502,.F.);
#7445=ORIENTED_EDGE('',*,*,#5503,.F.);
#7446=ORIENTED_EDGE('',*,*,#5504,.F.);
#7447=ORIENTED_EDGE('',*,*,#5033,.T.);
#7448=ORIENTED_EDGE('',*,*,#5505,.F.);
#7449=ORIENTED_EDGE('',*,*,#5207,.T.);
#7450=ORIENTED_EDGE('',*,*,#5283,.T.);
#7451=ORIENTED_EDGE('',*,*,#5308,.F.);
#7452=ORIENTED_EDGE('',*,*,#5339,.F.);
#7453=ORIENTED_EDGE('',*,*,#5204,.T.);
#7454=ORIENTED_EDGE('',*,*,#5506,.T.);
#7455=ORIENTED_EDGE('',*,*,#5025,.T.);
#7456=ORIENTED_EDGE('',*,*,#5038,.F.);
#7457=ORIENTED_EDGE('',*,*,#5507,.F.);
#7458=ORIENTED_EDGE('',*,*,#5508,.F.);
#7459=ORIENTED_EDGE('',*,*,#5502,.T.);
#7460=ORIENTED_EDGE('',*,*,#5503,.T.);
#7461=ORIENTED_EDGE('',*,*,#5508,.T.);
#7462=ORIENTED_EDGE('',*,*,#5509,.T.);
#7463=ORIENTED_EDGE('',*,*,#5510,.T.);
#7464=ORIENTED_EDGE('',*,*,#5511,.T.);
#7465=ORIENTED_EDGE('',*,*,#5512,.T.);
#7466=ORIENTED_EDGE('',*,*,#5513,.T.);
#7467=ORIENTED_EDGE('',*,*,#5034,.F.);
#7468=ORIENTED_EDGE('',*,*,#5504,.T.);
#7469=ORIENTED_EDGE('',*,*,#5512,.F.);
#7470=ORIENTED_EDGE('',*,*,#5514,.T.);
#7471=ORIENTED_EDGE('',*,*,#5514,.F.);
#7472=ORIENTED_EDGE('',*,*,#5511,.F.);
#7473=ORIENTED_EDGE('',*,*,#5515,.T.);
#7474=ORIENTED_EDGE('',*,*,#5035,.F.);
#7475=ORIENTED_EDGE('',*,*,#5515,.F.);
#7476=ORIENTED_EDGE('',*,*,#5510,.F.);
#7477=ORIENTED_EDGE('',*,*,#5516,.T.);
#7478=ORIENTED_EDGE('',*,*,#5036,.F.);
#7479=ORIENTED_EDGE('',*,*,#5516,.F.);
#7480=ORIENTED_EDGE('',*,*,#5509,.F.);
#7481=ORIENTED_EDGE('',*,*,#5507,.T.);
#7482=ORIENTED_EDGE('',*,*,#5037,.F.);
#7483=ORIENTED_EDGE('',*,*,#5513,.F.);
#7484=ORIENTED_EDGE('',*,*,#5517,.T.);
#7485=ORIENTED_EDGE('',*,*,#4918,.T.);
#7486=ORIENTED_EDGE('',*,*,#5517,.F.);
#7487=ORIENTED_EDGE('',*,*,#5506,.F.);
#7488=ORIENTED_EDGE('',*,*,#5206,.T.);
#7489=ORIENTED_EDGE('',*,*,#5338,.T.);
#7490=ORIENTED_EDGE('',*,*,#5026,.F.);
#7491=ORIENTED_EDGE('',*,*,#5505,.T.);
#7492=ORIENTED_EDGE('',*,*,#5032,.F.);
#7493=ORIENTED_EDGE('',*,*,#5284,.F.);
#7494=ORIENTED_EDGE('',*,*,#5208,.T.);
#7495=ORIENTED_EDGE('',*,*,#5337,.F.);
#7496=ORIENTED_EDGE('',*,*,#5167,.T.);
#7497=ORIENTED_EDGE('',*,*,#5518,.T.);
#7498=ORIENTED_EDGE('',*,*,#5028,.F.);
#7499=ORIENTED_EDGE('',*,*,#5166,.T.);
#7500=ORIENTED_EDGE('',*,*,#5519,.T.);
#7501=ORIENTED_EDGE('',*,*,#5029,.F.);
#7502=ORIENTED_EDGE('',*,*,#5518,.F.);
#7503=ORIENTED_EDGE('',*,*,#5285,.T.);
#7504=ORIENTED_EDGE('',*,*,#5030,.F.);
#7505=ORIENTED_EDGE('',*,*,#5519,.F.);
#7506=ORIENTED_EDGE('',*,*,#5165,.T.);
#7507=ORIENTED_EDGE('',*,*,#5221,.F.);
#7508=ORIENTED_EDGE('',*,*,#5336,.F.);
#7509=ORIENTED_EDGE('',*,*,#5520,.T.);
#7510=ORIENTED_EDGE('',*,*,#5286,.T.);
#7511=ORIENTED_EDGE('',*,*,#5520,.F.);
#7512=ORIENTED_EDGE('',*,*,#5335,.T.);
#7513=ORIENTED_EDGE('',*,*,#4905,.T.);
#7514=ORIENTED_EDGE('',*,*,#5287,.T.);
#7515=ORIENTED_EDGE('',*,*,#5344,.T.);
#7516=ORIENTED_EDGE('',*,*,#5044,.F.);
#7517=ORIENTED_EDGE('',*,*,#5521,.F.);
#7518=ORIENTED_EDGE('',*,*,#5173,.T.);
#7519=ORIENTED_EDGE('',*,*,#5174,.T.);
#7520=ORIENTED_EDGE('',*,*,#5521,.T.);
#7521=ORIENTED_EDGE('',*,*,#5043,.F.);
#7522=ORIENTED_EDGE('',*,*,#5522,.F.);
#7523=ORIENTED_EDGE('',*,*,#5294,.F.);
#7524=ORIENTED_EDGE('',*,*,#5175,.T.);
#7525=ORIENTED_EDGE('',*,*,#5522,.T.);
#7526=ORIENTED_EDGE('',*,*,#5042,.F.);
#7527=ORIENTED_EDGE('',*,*,#5318,.T.);
#7528=ORIENTED_EDGE('',*,*,#5046,.F.);
#7529=ORIENTED_EDGE('',*,*,#5343,.F.);
#7530=ORIENTED_EDGE('',*,*,#5214,.T.);
#7531=ORIENTED_EDGE('',*,*,#4919,.F.);
#7532=ORIENTED_EDGE('',*,*,#5523,.F.);
#7533=ORIENTED_EDGE('',*,*,#5311,.T.);
#7534=ORIENTED_EDGE('',*,*,#5524,.T.);
#7535=ORIENTED_EDGE('',*,*,#4920,.F.);
#7536=ORIENTED_EDGE('',*,*,#5524,.F.);
#7537=ORIENTED_EDGE('',*,*,#5314,.T.);
#7538=ORIENTED_EDGE('',*,*,#5525,.T.);
#7539=ORIENTED_EDGE('',*,*,#4922,.F.);
#7540=ORIENTED_EDGE('',*,*,#5526,.F.);
#7541=ORIENTED_EDGE('',*,*,#5527,.F.);
#7542=ORIENTED_EDGE('',*,*,#5528,.T.);
#7543=ORIENTED_EDGE('',*,*,#5526,.T.);
#7544=ORIENTED_EDGE('',*,*,#4921,.T.);
#7545=ORIENTED_EDGE('',*,*,#5528,.F.);
#7546=ORIENTED_EDGE('',*,*,#5529,.F.);
#7547=ORIENTED_EDGE('',*,*,#5527,.T.);
#7548=ORIENTED_EDGE('',*,*,#5529,.T.);
#7549=ORIENTED_EDGE('',*,*,#5530,.F.);
#7550=ORIENTED_EDGE('',*,*,#5531,.T.);
#7551=ORIENTED_EDGE('',*,*,#4924,.F.);
#7552=ORIENTED_EDGE('',*,*,#5532,.F.);
#7553=ORIENTED_EDGE('',*,*,#5312,.T.);
#7554=ORIENTED_EDGE('',*,*,#5523,.T.);
#7555=ORIENTED_EDGE('',*,*,#4926,.F.);
#7556=ORIENTED_EDGE('',*,*,#5533,.F.);
#7557=ORIENTED_EDGE('',*,*,#5530,.T.);
#7558=ORIENTED_EDGE('',*,*,#5534,.T.);
#7559=ORIENTED_EDGE('',*,*,#5533,.T.);
#7560=ORIENTED_EDGE('',*,*,#4925,.T.);
#7561=ORIENTED_EDGE('',*,*,#5534,.F.);
#7562=ORIENTED_EDGE('',*,*,#5531,.F.);
#7563=ORIENTED_EDGE('',*,*,#4923,.F.);
#7564=ORIENTED_EDGE('',*,*,#5525,.F.);
#7565=ORIENTED_EDGE('',*,*,#5313,.T.);
#7566=ORIENTED_EDGE('',*,*,#5532,.T.);
#7567=ORIENTED_EDGE('',*,*,#5535,.T.);
#7568=ORIENTED_EDGE('',*,*,#5536,.F.);
#7569=ORIENTED_EDGE('',*,*,#5537,.F.);
#7570=ORIENTED_EDGE('',*,*,#5538,.F.);
#7571=ORIENTED_EDGE('',*,*,#5539,.F.);
#7572=ORIENTED_EDGE('',*,*,#5540,.T.);
#7573=ORIENTED_EDGE('',*,*,#5541,.F.);
#7574=ORIENTED_EDGE('',*,*,#5542,.F.);
#7575=ORIENTED_EDGE('',*,*,#5543,.F.);
#7576=ORIENTED_EDGE('',*,*,#5544,.F.);
#7577=ORIENTED_EDGE('',*,*,#5545,.F.);
#7578=ORIENTED_EDGE('',*,*,#5546,.T.);
#7579=ORIENTED_EDGE('',*,*,#5547,.F.);
#7580=ORIENTED_EDGE('',*,*,#5548,.F.);
#7581=ORIENTED_EDGE('',*,*,#5549,.F.);
#7582=ORIENTED_EDGE('',*,*,#5550,.F.);
#7583=ORIENTED_EDGE('',*,*,#5551,.F.);
#7584=ORIENTED_EDGE('',*,*,#5552,.F.);
#7585=ORIENTED_EDGE('',*,*,#5553,.F.);
#7586=ORIENTED_EDGE('',*,*,#5554,.F.);
#7587=ORIENTED_EDGE('',*,*,#5555,.T.);
#7588=ORIENTED_EDGE('',*,*,#5556,.T.);
#7589=ORIENTED_EDGE('',*,*,#5557,.F.);
#7590=ORIENTED_EDGE('',*,*,#5558,.T.);
#7591=ORIENTED_EDGE('',*,*,#5559,.T.);
#7592=ORIENTED_EDGE('',*,*,#5560,.T.);
#7593=ORIENTED_EDGE('',*,*,#5561,.F.);
#7594=ORIENTED_EDGE('',*,*,#5562,.T.);
#7595=ORIENTED_EDGE('',*,*,#5563,.F.);
#7596=ORIENTED_EDGE('',*,*,#5564,.T.);
#7597=ORIENTED_EDGE('',*,*,#5547,.T.);
#7598=ORIENTED_EDGE('',*,*,#5564,.F.);
#7599=ORIENTED_EDGE('',*,*,#5565,.T.);
#7600=ORIENTED_EDGE('',*,*,#5566,.T.);
#7601=ORIENTED_EDGE('',*,*,#5567,.T.);
#7602=ORIENTED_EDGE('',*,*,#5568,.T.);
#7603=ORIENTED_EDGE('',*,*,#5569,.T.);
#7604=ORIENTED_EDGE('',*,*,#5570,.T.);
#7605=ORIENTED_EDGE('',*,*,#5563,.T.);
#7606=ORIENTED_EDGE('',*,*,#5571,.F.);
#7607=ORIENTED_EDGE('',*,*,#5565,.F.);
#7608=ORIENTED_EDGE('',*,*,#5572,.F.);
#7609=ORIENTED_EDGE('',*,*,#5573,.F.);
#7610=ORIENTED_EDGE('',*,*,#5574,.F.);
#7611=ORIENTED_EDGE('',*,*,#5566,.F.);
#7612=ORIENTED_EDGE('',*,*,#5571,.T.);
#7613=ORIENTED_EDGE('',*,*,#5575,.F.);
#7614=ORIENTED_EDGE('',*,*,#5576,.F.);
#7615=ORIENTED_EDGE('',*,*,#5567,.F.);
#7616=ORIENTED_EDGE('',*,*,#5574,.T.);
#7617=ORIENTED_EDGE('',*,*,#5577,.F.);
#7618=ORIENTED_EDGE('',*,*,#5578,.F.);
#7619=ORIENTED_EDGE('',*,*,#5568,.F.);
#7620=ORIENTED_EDGE('',*,*,#5576,.T.);
#7621=ORIENTED_EDGE('',*,*,#5579,.F.);
#7622=ORIENTED_EDGE('',*,*,#5580,.F.);
#7623=ORIENTED_EDGE('',*,*,#5569,.F.);
#7624=ORIENTED_EDGE('',*,*,#5578,.T.);
#7625=ORIENTED_EDGE('',*,*,#5581,.F.);
#7626=ORIENTED_EDGE('',*,*,#5572,.T.);
#7627=ORIENTED_EDGE('',*,*,#5570,.F.);
#7628=ORIENTED_EDGE('',*,*,#5580,.T.);
#7629=ORIENTED_EDGE('',*,*,#5582,.F.);
#7630=ORIENTED_EDGE('',*,*,#5583,.F.);
#7631=ORIENTED_EDGE('',*,*,#5584,.T.);
#7632=ORIENTED_EDGE('',*,*,#5585,.T.);
#7633=ORIENTED_EDGE('',*,*,#5586,.T.);
#7634=ORIENTED_EDGE('',*,*,#5587,.T.);
#7635=ORIENTED_EDGE('',*,*,#5588,.T.);
#7636=ORIENTED_EDGE('',*,*,#5589,.T.);
#7637=ORIENTED_EDGE('',*,*,#5590,.T.);
#7638=ORIENTED_EDGE('',*,*,#5591,.T.);
#7639=ORIENTED_EDGE('',*,*,#5592,.T.);
#7640=ORIENTED_EDGE('',*,*,#5593,.T.);
#7641=ORIENTED_EDGE('',*,*,#5594,.T.);
#7642=ORIENTED_EDGE('',*,*,#5595,.T.);
#7643=ORIENTED_EDGE('',*,*,#5596,.T.);
#7644=ORIENTED_EDGE('',*,*,#5597,.F.);
#7645=ORIENTED_EDGE('',*,*,#5598,.T.);
#7646=ORIENTED_EDGE('',*,*,#5599,.T.);
#7647=ORIENTED_EDGE('',*,*,#5600,.T.);
#7648=ORIENTED_EDGE('',*,*,#5601,.T.);
#7649=ORIENTED_EDGE('',*,*,#5602,.T.);
#7650=ORIENTED_EDGE('',*,*,#5603,.T.);
#7651=ORIENTED_EDGE('',*,*,#5604,.T.);
#7652=ORIENTED_EDGE('',*,*,#5605,.T.);
#7653=ORIENTED_EDGE('',*,*,#5606,.T.);
#7654=ORIENTED_EDGE('',*,*,#5607,.T.);
#7655=ORIENTED_EDGE('',*,*,#5608,.T.);
#7656=ORIENTED_EDGE('',*,*,#5609,.T.);
#7657=ORIENTED_EDGE('',*,*,#5610,.T.);
#7658=ORIENTED_EDGE('',*,*,#5611,.F.);
#7659=ORIENTED_EDGE('',*,*,#5612,.T.);
#7660=ORIENTED_EDGE('',*,*,#5613,.T.);
#7661=ORIENTED_EDGE('',*,*,#5614,.T.);
#7662=ORIENTED_EDGE('',*,*,#5615,.T.);
#7663=ORIENTED_EDGE('',*,*,#5616,.T.);
#7664=ORIENTED_EDGE('',*,*,#5617,.T.);
#7665=ORIENTED_EDGE('',*,*,#5618,.T.);
#7666=ORIENTED_EDGE('',*,*,#5619,.T.);
#7667=ORIENTED_EDGE('',*,*,#5620,.T.);
#7668=ORIENTED_EDGE('',*,*,#5621,.T.);
#7669=ORIENTED_EDGE('',*,*,#5622,.T.);
#7670=ORIENTED_EDGE('',*,*,#5623,.T.);
#7671=ORIENTED_EDGE('',*,*,#5624,.T.);
#7672=ORIENTED_EDGE('',*,*,#5625,.T.);
#7673=ORIENTED_EDGE('',*,*,#5626,.T.);
#7674=ORIENTED_EDGE('',*,*,#5627,.T.);
#7675=ORIENTED_EDGE('',*,*,#5628,.T.);
#7676=ORIENTED_EDGE('',*,*,#5629,.F.);
#7677=ORIENTED_EDGE('',*,*,#5630,.T.);
#7678=ORIENTED_EDGE('',*,*,#5631,.T.);
#7679=ORIENTED_EDGE('',*,*,#5632,.T.);
#7680=ORIENTED_EDGE('',*,*,#5633,.T.);
#7681=ORIENTED_EDGE('',*,*,#5634,.T.);
#7682=ORIENTED_EDGE('',*,*,#5635,.T.);
#7683=ORIENTED_EDGE('',*,*,#5636,.T.);
#7684=ORIENTED_EDGE('',*,*,#5637,.T.);
#7685=ORIENTED_EDGE('',*,*,#5638,.T.);
#7686=ORIENTED_EDGE('',*,*,#5639,.T.);
#7687=ORIENTED_EDGE('',*,*,#5640,.T.);
#7688=ORIENTED_EDGE('',*,*,#5641,.T.);
#7689=ORIENTED_EDGE('',*,*,#5642,.T.);
#7690=ORIENTED_EDGE('',*,*,#5643,.F.);
#7691=ORIENTED_EDGE('',*,*,#5644,.T.);
#7692=ORIENTED_EDGE('',*,*,#5645,.T.);
#7693=ORIENTED_EDGE('',*,*,#5646,.T.);
#7694=ORIENTED_EDGE('',*,*,#5582,.T.);
#7695=ORIENTED_EDGE('',*,*,#5581,.T.);
#7696=ORIENTED_EDGE('',*,*,#5579,.T.);
#7697=ORIENTED_EDGE('',*,*,#5577,.T.);
#7698=ORIENTED_EDGE('',*,*,#5575,.T.);
#7699=ORIENTED_EDGE('',*,*,#5573,.T.);
#7700=ORIENTED_EDGE('',*,*,#5647,.T.);
#7701=ORIENTED_EDGE('',*,*,#5648,.T.);
#7702=ORIENTED_EDGE('',*,*,#5649,.T.);
#7703=ORIENTED_EDGE('',*,*,#5650,.T.);
#7704=ORIENTED_EDGE('',*,*,#5651,.F.);
#7705=ORIENTED_EDGE('',*,*,#5652,.T.);
#7706=ORIENTED_EDGE('',*,*,#5653,.T.);
#7707=ORIENTED_EDGE('',*,*,#5654,.T.);
#7708=ORIENTED_EDGE('',*,*,#5655,.T.);
#7709=ORIENTED_EDGE('',*,*,#5656,.T.);
#7710=ORIENTED_EDGE('',*,*,#5657,.T.);
#7711=ORIENTED_EDGE('',*,*,#5658,.T.);
#7712=ORIENTED_EDGE('',*,*,#5659,.T.);
#7713=ORIENTED_EDGE('',*,*,#5660,.T.);
#7714=ORIENTED_EDGE('',*,*,#5661,.F.);
#7715=ORIENTED_EDGE('',*,*,#5662,.T.);
#7716=ORIENTED_EDGE('',*,*,#5663,.T.);
#7717=ORIENTED_EDGE('',*,*,#5664,.T.);
#7718=ORIENTED_EDGE('',*,*,#5665,.T.);
#7719=ORIENTED_EDGE('',*,*,#5666,.T.);
#7720=ORIENTED_EDGE('',*,*,#5667,.F.);
#7721=ORIENTED_EDGE('',*,*,#5668,.T.);
#7722=ORIENTED_EDGE('',*,*,#5669,.F.);
#7723=ORIENTED_EDGE('',*,*,#5670,.T.);
#7724=ORIENTED_EDGE('',*,*,#5671,.T.);
#7725=ORIENTED_EDGE('',*,*,#5672,.T.);
#7726=ORIENTED_EDGE('',*,*,#5673,.T.);
#7727=ORIENTED_EDGE('',*,*,#5674,.T.);
#7728=ORIENTED_EDGE('',*,*,#5675,.F.);
#7729=ORIENTED_EDGE('',*,*,#5676,.T.);
#7730=ORIENTED_EDGE('',*,*,#5677,.F.);
#7731=ORIENTED_EDGE('',*,*,#5678,.T.);
#7732=ORIENTED_EDGE('',*,*,#5679,.T.);
#7733=ORIENTED_EDGE('',*,*,#5680,.T.);
#7734=ORIENTED_EDGE('',*,*,#5681,.T.);
#7735=ORIENTED_EDGE('',*,*,#5682,.T.);
#7736=ORIENTED_EDGE('',*,*,#5683,.F.);
#7737=ORIENTED_EDGE('',*,*,#5684,.T.);
#7738=ORIENTED_EDGE('',*,*,#5685,.T.);
#7739=ORIENTED_EDGE('',*,*,#5686,.T.);
#7740=ORIENTED_EDGE('',*,*,#5687,.T.);
#7741=ORIENTED_EDGE('',*,*,#5688,.T.);
#7742=ORIENTED_EDGE('',*,*,#5689,.T.);
#7743=ORIENTED_EDGE('',*,*,#5690,.F.);
#7744=ORIENTED_EDGE('',*,*,#5691,.T.);
#7745=ORIENTED_EDGE('',*,*,#5633,.F.);
#7746=ORIENTED_EDGE('',*,*,#5692,.F.);
#7747=ORIENTED_EDGE('',*,*,#5693,.F.);
#7748=ORIENTED_EDGE('',*,*,#5689,.F.);
#7749=ORIENTED_EDGE('',*,*,#5638,.F.);
#7750=ORIENTED_EDGE('',*,*,#5694,.F.);
#7751=ORIENTED_EDGE('',*,*,#5695,.F.);
#7752=ORIENTED_EDGE('',*,*,#5692,.T.);
#7753=ORIENTED_EDGE('',*,*,#5637,.F.);
#7754=ORIENTED_EDGE('',*,*,#5696,.F.);
#7755=ORIENTED_EDGE('',*,*,#5697,.F.);
#7756=ORIENTED_EDGE('',*,*,#5694,.T.);
#7757=ORIENTED_EDGE('',*,*,#5636,.F.);
#7758=ORIENTED_EDGE('',*,*,#5698,.F.);
#7759=ORIENTED_EDGE('',*,*,#5699,.F.);
#7760=ORIENTED_EDGE('',*,*,#5696,.T.);
#7761=ORIENTED_EDGE('',*,*,#5635,.F.);
#7762=ORIENTED_EDGE('',*,*,#5691,.F.);
#7763=ORIENTED_EDGE('',*,*,#5700,.F.);
#7764=ORIENTED_EDGE('',*,*,#5698,.T.);
#7765=ORIENTED_EDGE('',*,*,#5634,.F.);
#7766=ORIENTED_EDGE('',*,*,#5693,.T.);
#7767=ORIENTED_EDGE('',*,*,#5695,.T.);
#7768=ORIENTED_EDGE('',*,*,#5697,.T.);
#7769=ORIENTED_EDGE('',*,*,#5699,.T.);
#7770=ORIENTED_EDGE('',*,*,#5700,.T.);
#7771=ORIENTED_EDGE('',*,*,#5690,.T.);
#7772=ORIENTED_EDGE('',*,*,#5701,.T.);
#7773=ORIENTED_EDGE('',*,*,#5701,.F.);
#7774=ORIENTED_EDGE('',*,*,#5702,.T.);
#7775=ORIENTED_EDGE('',*,*,#5549,.T.);
#7776=ORIENTED_EDGE('',*,*,#5702,.F.);
#7777=ORIENTED_EDGE('',*,*,#5703,.T.);
#7778=ORIENTED_EDGE('',*,*,#5704,.F.);
#7779=ORIENTED_EDGE('',*,*,#5705,.T.);
#7780=ORIENTED_EDGE('',*,*,#5655,.F.);
#7781=ORIENTED_EDGE('',*,*,#5706,.F.);
#7782=ORIENTED_EDGE('',*,*,#5707,.F.);
#7783=ORIENTED_EDGE('',*,*,#5703,.F.);
#7784=ORIENTED_EDGE('',*,*,#5660,.F.);
#7785=ORIENTED_EDGE('',*,*,#5708,.F.);
#7786=ORIENTED_EDGE('',*,*,#5709,.F.);
#7787=ORIENTED_EDGE('',*,*,#5706,.T.);
#7788=ORIENTED_EDGE('',*,*,#5659,.F.);
#7789=ORIENTED_EDGE('',*,*,#5710,.F.);
#7790=ORIENTED_EDGE('',*,*,#5711,.F.);
#7791=ORIENTED_EDGE('',*,*,#5708,.T.);
#7792=ORIENTED_EDGE('',*,*,#5658,.F.);
#7793=ORIENTED_EDGE('',*,*,#5712,.F.);
#7794=ORIENTED_EDGE('',*,*,#5713,.F.);
#7795=ORIENTED_EDGE('',*,*,#5710,.T.);
#7796=ORIENTED_EDGE('',*,*,#5657,.F.);
#7797=ORIENTED_EDGE('',*,*,#5705,.F.);
#7798=ORIENTED_EDGE('',*,*,#5714,.F.);
#7799=ORIENTED_EDGE('',*,*,#5712,.T.);
#7800=ORIENTED_EDGE('',*,*,#5656,.F.);
#7801=ORIENTED_EDGE('',*,*,#5707,.T.);
#7802=ORIENTED_EDGE('',*,*,#5709,.T.);
#7803=ORIENTED_EDGE('',*,*,#5711,.T.);
#7804=ORIENTED_EDGE('',*,*,#5713,.T.);
#7805=ORIENTED_EDGE('',*,*,#5714,.T.);
#7806=ORIENTED_EDGE('',*,*,#5704,.T.);
#7807=ORIENTED_EDGE('',*,*,#5715,.T.);
#7808=ORIENTED_EDGE('',*,*,#5715,.F.);
#7809=ORIENTED_EDGE('',*,*,#5716,.T.);
#7810=ORIENTED_EDGE('',*,*,#5548,.T.);
#7811=ORIENTED_EDGE('',*,*,#5716,.F.);
#7812=ORIENTED_EDGE('',*,*,#5717,.T.);
#7813=ORIENTED_EDGE('',*,*,#5718,.F.);
#7814=ORIENTED_EDGE('',*,*,#5719,.T.);
#7815=ORIENTED_EDGE('',*,*,#5605,.F.);
#7816=ORIENTED_EDGE('',*,*,#5720,.F.);
#7817=ORIENTED_EDGE('',*,*,#5721,.F.);
#7818=ORIENTED_EDGE('',*,*,#5717,.F.);
#7819=ORIENTED_EDGE('',*,*,#5610,.F.);
#7820=ORIENTED_EDGE('',*,*,#5722,.F.);
#7821=ORIENTED_EDGE('',*,*,#5723,.F.);
#7822=ORIENTED_EDGE('',*,*,#5720,.T.);
#7823=ORIENTED_EDGE('',*,*,#5609,.F.);
#7824=ORIENTED_EDGE('',*,*,#5724,.F.);
#7825=ORIENTED_EDGE('',*,*,#5725,.F.);
#7826=ORIENTED_EDGE('',*,*,#5722,.T.);
#7827=ORIENTED_EDGE('',*,*,#5608,.F.);
#7828=ORIENTED_EDGE('',*,*,#5726,.F.);
#7829=ORIENTED_EDGE('',*,*,#5727,.F.);
#7830=ORIENTED_EDGE('',*,*,#5724,.T.);
#7831=ORIENTED_EDGE('',*,*,#5607,.F.);
#7832=ORIENTED_EDGE('',*,*,#5719,.F.);
#7833=ORIENTED_EDGE('',*,*,#5728,.F.);
#7834=ORIENTED_EDGE('',*,*,#5726,.T.);
#7835=ORIENTED_EDGE('',*,*,#5606,.F.);
#7836=ORIENTED_EDGE('',*,*,#5721,.T.);
#7837=ORIENTED_EDGE('',*,*,#5723,.T.);
#7838=ORIENTED_EDGE('',*,*,#5725,.T.);
#7839=ORIENTED_EDGE('',*,*,#5727,.T.);
#7840=ORIENTED_EDGE('',*,*,#5728,.T.);
#7841=ORIENTED_EDGE('',*,*,#5718,.T.);
#7842=ORIENTED_EDGE('',*,*,#5729,.T.);
#7843=ORIENTED_EDGE('',*,*,#5729,.F.);
#7844=ORIENTED_EDGE('',*,*,#5730,.T.);
#7845=ORIENTED_EDGE('',*,*,#5552,.T.);
#7846=ORIENTED_EDGE('',*,*,#5730,.F.);
#7847=ORIENTED_EDGE('',*,*,#5731,.T.);
#7848=ORIENTED_EDGE('',*,*,#5732,.F.);
#7849=ORIENTED_EDGE('',*,*,#5733,.T.);
#7850=ORIENTED_EDGE('',*,*,#5591,.F.);
#7851=ORIENTED_EDGE('',*,*,#5734,.F.);
#7852=ORIENTED_EDGE('',*,*,#5735,.F.);
#7853=ORIENTED_EDGE('',*,*,#5731,.F.);
#7854=ORIENTED_EDGE('',*,*,#5596,.F.);
#7855=ORIENTED_EDGE('',*,*,#5736,.F.);
#7856=ORIENTED_EDGE('',*,*,#5737,.F.);
#7857=ORIENTED_EDGE('',*,*,#5734,.T.);
#7858=ORIENTED_EDGE('',*,*,#5595,.F.);
#7859=ORIENTED_EDGE('',*,*,#5738,.F.);
#7860=ORIENTED_EDGE('',*,*,#5739,.F.);
#7861=ORIENTED_EDGE('',*,*,#5736,.T.);
#7862=ORIENTED_EDGE('',*,*,#5594,.F.);
#7863=ORIENTED_EDGE('',*,*,#5740,.F.);
#7864=ORIENTED_EDGE('',*,*,#5741,.F.);
#7865=ORIENTED_EDGE('',*,*,#5738,.T.);
#7866=ORIENTED_EDGE('',*,*,#5593,.F.);
#7867=ORIENTED_EDGE('',*,*,#5733,.F.);
#7868=ORIENTED_EDGE('',*,*,#5742,.F.);
#7869=ORIENTED_EDGE('',*,*,#5740,.T.);
#7870=ORIENTED_EDGE('',*,*,#5592,.F.);
#7871=ORIENTED_EDGE('',*,*,#5735,.T.);
#7872=ORIENTED_EDGE('',*,*,#5737,.T.);
#7873=ORIENTED_EDGE('',*,*,#5739,.T.);
#7874=ORIENTED_EDGE('',*,*,#5741,.T.);
#7875=ORIENTED_EDGE('',*,*,#5742,.T.);
#7876=ORIENTED_EDGE('',*,*,#5732,.T.);
#7877=ORIENTED_EDGE('',*,*,#5743,.T.);
#7878=ORIENTED_EDGE('',*,*,#5743,.F.);
#7879=ORIENTED_EDGE('',*,*,#5744,.T.);
#7880=ORIENTED_EDGE('',*,*,#5551,.T.);
#7881=ORIENTED_EDGE('',*,*,#5744,.F.);
#7882=ORIENTED_EDGE('',*,*,#5745,.T.);
#7883=ORIENTED_EDGE('',*,*,#5746,.F.);
#7884=ORIENTED_EDGE('',*,*,#5747,.T.);
#7885=ORIENTED_EDGE('',*,*,#5619,.F.);
#7886=ORIENTED_EDGE('',*,*,#5748,.F.);
#7887=ORIENTED_EDGE('',*,*,#5749,.F.);
#7888=ORIENTED_EDGE('',*,*,#5745,.F.);
#7889=ORIENTED_EDGE('',*,*,#5624,.F.);
#7890=ORIENTED_EDGE('',*,*,#5750,.F.);
#7891=ORIENTED_EDGE('',*,*,#5751,.F.);
#7892=ORIENTED_EDGE('',*,*,#5748,.T.);
#7893=ORIENTED_EDGE('',*,*,#5623,.F.);
#7894=ORIENTED_EDGE('',*,*,#5752,.F.);
#7895=ORIENTED_EDGE('',*,*,#5753,.F.);
#7896=ORIENTED_EDGE('',*,*,#5750,.T.);
#7897=ORIENTED_EDGE('',*,*,#5622,.F.);
#7898=ORIENTED_EDGE('',*,*,#5754,.F.);
#7899=ORIENTED_EDGE('',*,*,#5755,.F.);
#7900=ORIENTED_EDGE('',*,*,#5752,.T.);
#7901=ORIENTED_EDGE('',*,*,#5621,.F.);
#7902=ORIENTED_EDGE('',*,*,#5747,.F.);
#7903=ORIENTED_EDGE('',*,*,#5756,.F.);
#7904=ORIENTED_EDGE('',*,*,#5754,.T.);
#7905=ORIENTED_EDGE('',*,*,#5620,.F.);
#7906=ORIENTED_EDGE('',*,*,#5749,.T.);
#7907=ORIENTED_EDGE('',*,*,#5751,.T.);
#7908=ORIENTED_EDGE('',*,*,#5753,.T.);
#7909=ORIENTED_EDGE('',*,*,#5755,.T.);
#7910=ORIENTED_EDGE('',*,*,#5756,.T.);
#7911=ORIENTED_EDGE('',*,*,#5746,.T.);
#7912=ORIENTED_EDGE('',*,*,#5757,.T.);
#7913=ORIENTED_EDGE('',*,*,#5757,.F.);
#7914=ORIENTED_EDGE('',*,*,#5758,.T.);
#7915=ORIENTED_EDGE('',*,*,#5553,.T.);
#7916=ORIENTED_EDGE('',*,*,#5758,.F.);
#7917=ORIENTED_EDGE('',*,*,#5759,.F.);
#7918=ORIENTED_EDGE('',*,*,#5760,.T.);
#7919=ORIENTED_EDGE('',*,*,#5761,.T.);
#7920=ORIENTED_EDGE('',*,*,#5762,.T.);
#7921=ORIENTED_EDGE('',*,*,#5763,.T.);
#7922=ORIENTED_EDGE('',*,*,#5764,.T.);
#7923=ORIENTED_EDGE('',*,*,#5765,.F.);
#7924=ORIENTED_EDGE('',*,*,#5766,.T.);
#7925=ORIENTED_EDGE('',*,*,#5767,.F.);
#7926=ORIENTED_EDGE('',*,*,#5768,.T.);
#7927=ORIENTED_EDGE('',*,*,#5583,.T.);
#7928=ORIENTED_EDGE('',*,*,#5769,.F.);
#7929=ORIENTED_EDGE('',*,*,#5770,.F.);
#7930=ORIENTED_EDGE('',*,*,#5771,.T.);
#7931=ORIENTED_EDGE('',*,*,#5597,.T.);
#7932=ORIENTED_EDGE('',*,*,#5772,.F.);
#7933=ORIENTED_EDGE('',*,*,#5773,.F.);
#7934=ORIENTED_EDGE('',*,*,#5774,.T.);
#7935=ORIENTED_EDGE('',*,*,#5611,.T.);
#7936=ORIENTED_EDGE('',*,*,#5775,.F.);
#7937=ORIENTED_EDGE('',*,*,#5759,.T.);
#7938=ORIENTED_EDGE('',*,*,#5776,.F.);
#7939=ORIENTED_EDGE('',*,*,#5777,.F.);
#7940=ORIENTED_EDGE('',*,*,#5778,.F.);
#7941=ORIENTED_EDGE('',*,*,#5779,.F.);
#7942=ORIENTED_EDGE('',*,*,#5780,.T.);
#7943=ORIENTED_EDGE('',*,*,#5773,.T.);
#7944=ORIENTED_EDGE('',*,*,#5781,.F.);
#7945=ORIENTED_EDGE('',*,*,#5782,.F.);
#7946=ORIENTED_EDGE('',*,*,#5783,.F.);
#7947=ORIENTED_EDGE('',*,*,#5784,.F.);
#7948=ORIENTED_EDGE('',*,*,#5785,.F.);
#7949=ORIENTED_EDGE('',*,*,#5786,.F.);
#7950=ORIENTED_EDGE('',*,*,#5787,.F.);
#7951=ORIENTED_EDGE('',*,*,#5770,.T.);
#7952=ORIENTED_EDGE('',*,*,#5788,.F.);
#7953=ORIENTED_EDGE('',*,*,#5789,.F.);
#7954=ORIENTED_EDGE('',*,*,#5790,.F.);
#7955=ORIENTED_EDGE('',*,*,#5791,.F.);
#7956=ORIENTED_EDGE('',*,*,#5792,.F.);
#7957=ORIENTED_EDGE('',*,*,#5793,.F.);
#7958=ORIENTED_EDGE('',*,*,#5794,.F.);
#7959=ORIENTED_EDGE('',*,*,#5767,.T.);
#7960=ORIENTED_EDGE('',*,*,#5795,.F.);
#7961=ORIENTED_EDGE('',*,*,#5796,.F.);
#7962=ORIENTED_EDGE('',*,*,#5797,.F.);
#7963=ORIENTED_EDGE('',*,*,#5798,.F.);
#7964=ORIENTED_EDGE('',*,*,#5799,.F.);
#7965=ORIENTED_EDGE('',*,*,#5800,.T.);
#7966=ORIENTED_EDGE('',*,*,#5801,.F.);
#7967=ORIENTED_EDGE('',*,*,#5802,.F.);
#7968=ORIENTED_EDGE('',*,*,#5803,.F.);
#7969=ORIENTED_EDGE('',*,*,#5804,.F.);
#7970=ORIENTED_EDGE('',*,*,#5805,.T.);
#7971=ORIENTED_EDGE('',*,*,#5806,.T.);
#7972=ORIENTED_EDGE('',*,*,#5807,.F.);
#7973=ORIENTED_EDGE('',*,*,#5808,.F.);
#7974=ORIENTED_EDGE('',*,*,#5809,.F.);
#7975=ORIENTED_EDGE('',*,*,#5810,.F.);
#7976=ORIENTED_EDGE('',*,*,#5811,.F.);
#7977=ORIENTED_EDGE('',*,*,#5812,.F.);
#7978=ORIENTED_EDGE('',*,*,#5813,.T.);
#7979=ORIENTED_EDGE('',*,*,#5814,.T.);
#7980=ORIENTED_EDGE('',*,*,#5815,.F.);
#7981=ORIENTED_EDGE('',*,*,#5816,.F.);
#7982=ORIENTED_EDGE('',*,*,#5817,.F.);
#7983=ORIENTED_EDGE('',*,*,#5818,.F.);
#7984=ORIENTED_EDGE('',*,*,#5819,.F.);
#7985=ORIENTED_EDGE('',*,*,#5820,.F.);
#7986=ORIENTED_EDGE('',*,*,#5821,.F.);
#7987=ORIENTED_EDGE('',*,*,#5822,.T.);
#7988=ORIENTED_EDGE('',*,*,#5823,.F.);
#7989=ORIENTED_EDGE('',*,*,#5824,.F.);
#7990=ORIENTED_EDGE('',*,*,#5825,.F.);
#7991=ORIENTED_EDGE('',*,*,#5826,.F.);
#7992=ORIENTED_EDGE('',*,*,#5827,.F.);
#7993=ORIENTED_EDGE('',*,*,#5828,.F.);
#7994=ORIENTED_EDGE('',*,*,#5829,.F.);
#7995=ORIENTED_EDGE('',*,*,#5830,.T.);
#7996=ORIENTED_EDGE('',*,*,#5831,.F.);
#7997=ORIENTED_EDGE('',*,*,#5832,.F.);
#7998=ORIENTED_EDGE('',*,*,#5833,.F.);
#7999=ORIENTED_EDGE('',*,*,#5834,.F.);
#8000=ORIENTED_EDGE('',*,*,#5835,.F.);
#8001=ORIENTED_EDGE('',*,*,#5836,.F.);
#8002=ORIENTED_EDGE('',*,*,#5837,.F.);
#8003=ORIENTED_EDGE('',*,*,#5838,.T.);
#8004=ORIENTED_EDGE('',*,*,#5839,.F.);
#8005=ORIENTED_EDGE('',*,*,#5840,.F.);
#8006=ORIENTED_EDGE('',*,*,#5841,.F.);
#8007=ORIENTED_EDGE('',*,*,#5842,.F.);
#8008=ORIENTED_EDGE('',*,*,#5843,.F.);
#8009=ORIENTED_EDGE('',*,*,#5844,.F.);
#8010=ORIENTED_EDGE('',*,*,#5845,.T.);
#8011=ORIENTED_EDGE('',*,*,#5846,.F.);
#8012=ORIENTED_EDGE('',*,*,#5847,.T.);
#8013=ORIENTED_EDGE('',*,*,#5848,.F.);
#8014=ORIENTED_EDGE('',*,*,#5849,.F.);
#8015=ORIENTED_EDGE('',*,*,#5850,.F.);
#8016=ORIENTED_EDGE('',*,*,#5851,.F.);
#8017=ORIENTED_EDGE('',*,*,#5760,.F.);
#8018=ORIENTED_EDGE('',*,*,#5780,.F.);
#8019=ORIENTED_EDGE('',*,*,#5852,.T.);
#8020=ORIENTED_EDGE('',*,*,#5853,.F.);
#8021=ORIENTED_EDGE('',*,*,#5854,.T.);
#8022=ORIENTED_EDGE('',*,*,#5855,.F.);
#8023=ORIENTED_EDGE('',*,*,#5856,.F.);
#8024=ORIENTED_EDGE('',*,*,#5813,.F.);
#8025=ORIENTED_EDGE('',*,*,#5857,.T.);
#8026=ORIENTED_EDGE('',*,*,#5858,.F.);
#8027=ORIENTED_EDGE('',*,*,#5805,.F.);
#8028=ORIENTED_EDGE('',*,*,#5859,.T.);
#8029=ORIENTED_EDGE('',*,*,#5860,.T.);
#8030=ORIENTED_EDGE('',*,*,#5861,.F.);
#8031=ORIENTED_EDGE('',*,*,#5862,.T.);
#8032=ORIENTED_EDGE('',*,*,#5863,.T.);
#8033=ORIENTED_EDGE('',*,*,#5761,.F.);
#8034=ORIENTED_EDGE('',*,*,#5853,.T.);
#8035=ORIENTED_EDGE('',*,*,#5864,.T.);
#8036=ORIENTED_EDGE('',*,*,#5865,.F.);
#8037=ORIENTED_EDGE('',*,*,#5866,.T.);
#8038=ORIENTED_EDGE('',*,*,#5867,.T.);
#8039=ORIENTED_EDGE('',*,*,#5868,.F.);
#8040=ORIENTED_EDGE('',*,*,#5869,.T.);
#8041=ORIENTED_EDGE('',*,*,#5870,.T.);
#8042=ORIENTED_EDGE('',*,*,#5871,.F.);
#8043=ORIENTED_EDGE('',*,*,#5855,.T.);
#8044=ORIENTED_EDGE('',*,*,#5872,.T.);
#8045=ORIENTED_EDGE('',*,*,#5873,.F.);
#8046=ORIENTED_EDGE('',*,*,#5874,.T.);
#8047=ORIENTED_EDGE('',*,*,#5874,.F.);
#8048=ORIENTED_EDGE('',*,*,#5875,.T.);
#8049=ORIENTED_EDGE('',*,*,#5876,.T.);
#8050=ORIENTED_EDGE('',*,*,#5875,.F.);
#8051=ORIENTED_EDGE('',*,*,#5877,.F.);
#8052=ORIENTED_EDGE('',*,*,#5878,.T.);
#8053=ORIENTED_EDGE('',*,*,#5879,.T.);
#8054=ORIENTED_EDGE('',*,*,#5878,.F.);
#8055=ORIENTED_EDGE('',*,*,#5880,.T.);
#8056=ORIENTED_EDGE('',*,*,#5876,.F.);
#8057=ORIENTED_EDGE('',*,*,#5881,.T.);
#8058=ORIENTED_EDGE('',*,*,#5882,.F.);
#8059=ORIENTED_EDGE('',*,*,#5880,.F.);
#8060=ORIENTED_EDGE('',*,*,#5883,.T.);
#8061=ORIENTED_EDGE('',*,*,#5884,.T.);
#8062=ORIENTED_EDGE('',*,*,#5883,.F.);
#8063=ORIENTED_EDGE('',*,*,#5885,.T.);
#8064=ORIENTED_EDGE('',*,*,#5886,.F.);
#8065=ORIENTED_EDGE('',*,*,#5887,.T.);
#8066=ORIENTED_EDGE('',*,*,#5888,.F.);
#8067=ORIENTED_EDGE('',*,*,#5889,.F.);
#8068=ORIENTED_EDGE('',*,*,#5890,.F.);
#8069=ORIENTED_EDGE('',*,*,#5891,.F.);
#8070=ORIENTED_EDGE('',*,*,#5892,.T.);
#8071=ORIENTED_EDGE('',*,*,#5893,.T.);
#8072=ORIENTED_EDGE('',*,*,#5894,.F.);
#8073=ORIENTED_EDGE('',*,*,#5895,.F.);
#8074=ORIENTED_EDGE('',*,*,#5896,.T.);
#8075=ORIENTED_EDGE('',*,*,#5897,.F.);
#8076=ORIENTED_EDGE('',*,*,#5898,.T.);
#8077=ORIENTED_EDGE('',*,*,#5899,.F.);
#8078=ORIENTED_EDGE('',*,*,#5900,.T.);
#8079=ORIENTED_EDGE('',*,*,#5901,.F.);
#8080=ORIENTED_EDGE('',*,*,#5884,.F.);
#8081=ORIENTED_EDGE('',*,*,#5881,.F.);
#8082=ORIENTED_EDGE('',*,*,#5902,.T.);
#8083=ORIENTED_EDGE('',*,*,#5895,.T.);
#8084=ORIENTED_EDGE('',*,*,#5902,.F.);
#8085=ORIENTED_EDGE('',*,*,#5885,.F.);
#8086=ORIENTED_EDGE('',*,*,#5903,.F.);
#8087=ORIENTED_EDGE('',*,*,#5860,.F.);
#8088=ORIENTED_EDGE('',*,*,#5904,.F.);
#8089=ORIENTED_EDGE('',*,*,#5905,.T.);
#8090=ORIENTED_EDGE('',*,*,#5905,.F.);
#8091=ORIENTED_EDGE('',*,*,#5906,.F.);
#8092=ORIENTED_EDGE('',*,*,#5907,.F.);
#8093=ORIENTED_EDGE('',*,*,#5908,.F.);
#8094=ORIENTED_EDGE('',*,*,#5909,.F.);
#8095=ORIENTED_EDGE('',*,*,#5910,.T.);
#8096=ORIENTED_EDGE('',*,*,#5911,.F.);
#8097=ORIENTED_EDGE('',*,*,#5544,.T.);
#8098=ORIENTED_EDGE('',*,*,#5912,.T.);
#8099=ORIENTED_EDGE('',*,*,#5886,.T.);
#8100=ORIENTED_EDGE('',*,*,#5913,.F.);
#8101=ORIENTED_EDGE('',*,*,#5539,.T.);
#8102=ORIENTED_EDGE('',*,*,#5914,.T.);
#8103=ORIENTED_EDGE('',*,*,#5898,.F.);
#8104=ORIENTED_EDGE('',*,*,#5915,.T.);
#8105=ORIENTED_EDGE('',*,*,#5887,.F.);
#8106=ORIENTED_EDGE('',*,*,#5912,.F.);
#8107=ORIENTED_EDGE('',*,*,#5543,.T.);
#8108=ORIENTED_EDGE('',*,*,#5916,.F.);
#8109=ORIENTED_EDGE('',*,*,#5917,.T.);
#8110=ORIENTED_EDGE('',*,*,#5918,.T.);
#8111=ORIENTED_EDGE('',*,*,#5919,.F.);
#8112=ORIENTED_EDGE('',*,*,#5845,.F.);
#8113=ORIENTED_EDGE('',*,*,#5920,.T.);
#8114=ORIENTED_EDGE('',*,*,#5667,.T.);
#8115=ORIENTED_EDGE('',*,*,#5921,.F.);
#8116=ORIENTED_EDGE('',*,*,#5800,.F.);
#8117=ORIENTED_EDGE('',*,*,#5858,.T.);
#8118=ORIENTED_EDGE('',*,*,#5922,.F.);
#8119=ORIENTED_EDGE('',*,*,#5923,.F.);
#8120=ORIENTED_EDGE('',*,*,#5540,.F.);
#8121=ORIENTED_EDGE('',*,*,#5913,.T.);
#8122=ORIENTED_EDGE('',*,*,#5897,.T.);
#8123=ORIENTED_EDGE('',*,*,#5924,.F.);
#8124=ORIENTED_EDGE('',*,*,#5925,.F.);
#8125=ORIENTED_EDGE('',*,*,#5926,.F.);
#8126=ORIENTED_EDGE('',*,*,#5536,.T.);
#8127=ORIENTED_EDGE('',*,*,#5927,.F.);
#8128=ORIENTED_EDGE('',*,*,#5928,.F.);
#8129=ORIENTED_EDGE('',*,*,#5929,.T.);
#8130=ORIENTED_EDGE('',*,*,#5806,.F.);
#8131=ORIENTED_EDGE('',*,*,#5930,.T.);
#8132=ORIENTED_EDGE('',*,*,#5677,.T.);
#8133=ORIENTED_EDGE('',*,*,#5931,.F.);
#8134=ORIENTED_EDGE('',*,*,#5847,.F.);
#8135=ORIENTED_EDGE('',*,*,#5932,.T.);
#8136=ORIENTED_EDGE('',*,*,#5933,.T.);
#8137=ORIENTED_EDGE('',*,*,#5934,.T.);
#8138=ORIENTED_EDGE('',*,*,#5896,.F.);
#8139=ORIENTED_EDGE('',*,*,#5935,.F.);
#8140=ORIENTED_EDGE('',*,*,#5867,.F.);
#8141=ORIENTED_EDGE('',*,*,#5936,.F.);
#8142=ORIENTED_EDGE('',*,*,#5916,.T.);
#8143=ORIENTED_EDGE('',*,*,#5936,.T.);
#8144=ORIENTED_EDGE('',*,*,#5873,.T.);
#8145=ORIENTED_EDGE('',*,*,#5937,.T.);
#8146=ORIENTED_EDGE('',*,*,#5938,.F.);
#8147=ORIENTED_EDGE('',*,*,#5917,.F.);
#8148=ORIENTED_EDGE('',*,*,#5939,.T.);
#8149=ORIENTED_EDGE('',*,*,#5940,.T.);
#8150=ORIENTED_EDGE('',*,*,#5941,.T.);
#8151=ORIENTED_EDGE('',*,*,#5763,.F.);
#8152=ORIENTED_EDGE('',*,*,#5942,.F.);
#8153=ORIENTED_EDGE('',*,*,#5943,.T.);
#8154=ORIENTED_EDGE('',*,*,#5944,.T.);
#8155=ORIENTED_EDGE('',*,*,#5918,.F.);
#8156=ORIENTED_EDGE('',*,*,#5938,.T.);
#8157=ORIENTED_EDGE('',*,*,#5945,.T.);
#8158=ORIENTED_EDGE('',*,*,#5946,.F.);
#8159=ORIENTED_EDGE('',*,*,#5933,.F.);
#8160=ORIENTED_EDGE('',*,*,#5947,.F.);
#8161=ORIENTED_EDGE('',*,*,#5948,.F.);
#8162=ORIENTED_EDGE('',*,*,#5949,.F.);
#8163=ORIENTED_EDGE('',*,*,#5950,.F.);
#8164=ORIENTED_EDGE('',*,*,#5951,.F.);
#8165=ORIENTED_EDGE('',*,*,#5952,.F.);
#8166=ORIENTED_EDGE('',*,*,#5953,.T.);
#8167=ORIENTED_EDGE('',*,*,#5683,.T.);
#8168=ORIENTED_EDGE('',*,*,#5954,.F.);
#8169=ORIENTED_EDGE('',*,*,#5849,.T.);
#8170=ORIENTED_EDGE('',*,*,#5955,.T.);
#8171=ORIENTED_EDGE('',*,*,#5939,.F.);
#8172=ORIENTED_EDGE('',*,*,#5932,.F.);
#8173=ORIENTED_EDGE('',*,*,#5846,.T.);
#8174=ORIENTED_EDGE('',*,*,#5956,.T.);
#8175=ORIENTED_EDGE('',*,*,#5675,.T.);
#8176=ORIENTED_EDGE('',*,*,#5688,.F.);
#8177=ORIENTED_EDGE('',*,*,#5957,.F.);
#8178=ORIENTED_EDGE('',*,*,#5958,.F.);
#8179=ORIENTED_EDGE('',*,*,#5951,.T.);
#8180=ORIENTED_EDGE('',*,*,#5959,.T.);
#8181=ORIENTED_EDGE('',*,*,#5960,.T.);
#8182=ORIENTED_EDGE('',*,*,#5961,.T.);
#8183=ORIENTED_EDGE('',*,*,#5952,.T.);
#8184=ORIENTED_EDGE('',*,*,#5958,.T.);
#8185=ORIENTED_EDGE('',*,*,#5962,.T.);
#8186=ORIENTED_EDGE('',*,*,#5963,.T.);
#8187=ORIENTED_EDGE('',*,*,#5964,.F.);
#8188=ORIENTED_EDGE('',*,*,#5959,.F.);
#8189=ORIENTED_EDGE('',*,*,#5965,.F.);
#8190=ORIENTED_EDGE('',*,*,#5686,.F.);
#8191=ORIENTED_EDGE('',*,*,#5966,.F.);
#8192=ORIENTED_EDGE('',*,*,#5960,.F.);
#8193=ORIENTED_EDGE('',*,*,#5964,.T.);
#8194=ORIENTED_EDGE('',*,*,#5685,.F.);
#8195=ORIENTED_EDGE('',*,*,#5684,.F.);
#8196=ORIENTED_EDGE('',*,*,#5953,.F.);
#8197=ORIENTED_EDGE('',*,*,#5961,.F.);
#8198=ORIENTED_EDGE('',*,*,#5966,.T.);
#8199=ORIENTED_EDGE('',*,*,#5965,.T.);
#8200=ORIENTED_EDGE('',*,*,#5962,.F.);
#8201=ORIENTED_EDGE('',*,*,#5957,.T.);
#8202=ORIENTED_EDGE('',*,*,#5687,.F.);
#8203=ORIENTED_EDGE('',*,*,#5963,.F.);
#8204=ORIENTED_EDGE('',*,*,#5967,.T.);
#8205=ORIENTED_EDGE('',*,*,#5550,.T.);
#8206=ORIENTED_EDGE('',*,*,#5967,.F.);
#8207=ORIENTED_EDGE('',*,*,#5956,.F.);
#8208=ORIENTED_EDGE('',*,*,#5848,.T.);
#8209=ORIENTED_EDGE('',*,*,#5931,.T.);
#8210=ORIENTED_EDGE('',*,*,#5676,.F.);
#8211=ORIENTED_EDGE('',*,*,#5968,.F.);
#8212=ORIENTED_EDGE('',*,*,#5969,.T.);
#8213=ORIENTED_EDGE('',*,*,#5970,.F.);
#8214=ORIENTED_EDGE('',*,*,#5915,.F.);
#8215=ORIENTED_EDGE('',*,*,#5542,.T.);
#8216=ORIENTED_EDGE('',*,*,#5971,.F.);
#8217=ORIENTED_EDGE('',*,*,#5972,.T.);
#8218=ORIENTED_EDGE('',*,*,#5859,.F.);
#8219=ORIENTED_EDGE('',*,*,#5804,.T.);
#8220=ORIENTED_EDGE('',*,*,#5973,.T.);
#8221=ORIENTED_EDGE('',*,*,#5663,.F.);
#8222=ORIENTED_EDGE('',*,*,#5974,.F.);
#8223=ORIENTED_EDGE('',*,*,#5841,.T.);
#8224=ORIENTED_EDGE('',*,*,#5975,.T.);
#8225=ORIENTED_EDGE('',*,*,#5943,.F.);
#8226=ORIENTED_EDGE('',*,*,#5976,.F.);
#8227=ORIENTED_EDGE('',*,*,#5977,.F.);
#8228=ORIENTED_EDGE('',*,*,#5978,.F.);
#8229=ORIENTED_EDGE('',*,*,#5940,.F.);
#8230=ORIENTED_EDGE('',*,*,#5955,.F.);
#8231=ORIENTED_EDGE('',*,*,#5851,.T.);
#8232=ORIENTED_EDGE('',*,*,#5979,.T.);
#8233=ORIENTED_EDGE('',*,*,#5681,.F.);
#8234=ORIENTED_EDGE('',*,*,#5980,.F.);
#8235=ORIENTED_EDGE('',*,*,#5808,.T.);
#8236=ORIENTED_EDGE('',*,*,#5981,.F.);
#8237=ORIENTED_EDGE('',*,*,#5982,.T.);
#8238=ORIENTED_EDGE('',*,*,#5983,.F.);
#8239=ORIENTED_EDGE('',*,*,#5546,.F.);
#8240=ORIENTED_EDGE('',*,*,#5984,.T.);
#8241=ORIENTED_EDGE('',*,*,#5985,.T.);
#8242=ORIENTED_EDGE('',*,*,#5986,.F.);
#8243=ORIENTED_EDGE('',*,*,#5862,.F.);
#8244=ORIENTED_EDGE('',*,*,#5987,.F.);
#8245=ORIENTED_EDGE('',*,*,#5893,.F.);
#8246=ORIENTED_EDGE('',*,*,#5988,.F.);
#8247=ORIENTED_EDGE('',*,*,#5989,.F.);
#8248=ORIENTED_EDGE('',*,*,#5968,.T.);
#8249=ORIENTED_EDGE('',*,*,#5990,.F.);
#8250=ORIENTED_EDGE('',*,*,#5990,.T.);
#8251=ORIENTED_EDGE('',*,*,#5976,.T.);
#8252=ORIENTED_EDGE('',*,*,#5942,.T.);
#8253=ORIENTED_EDGE('',*,*,#5762,.F.);
#8254=ORIENTED_EDGE('',*,*,#5863,.F.);
#8255=ORIENTED_EDGE('',*,*,#5991,.T.);
#8256=ORIENTED_EDGE('',*,*,#5992,.T.);
#8257=ORIENTED_EDGE('',*,*,#5993,.T.);
#8258=ORIENTED_EDGE('',*,*,#5994,.T.);
#8259=ORIENTED_EDGE('',*,*,#5995,.T.);
#8260=ORIENTED_EDGE('',*,*,#5996,.F.);
#8261=ORIENTED_EDGE('',*,*,#5997,.T.);
#8262=ORIENTED_EDGE('',*,*,#5998,.T.);
#8263=ORIENTED_EDGE('',*,*,#5999,.T.);
#8264=ORIENTED_EDGE('',*,*,#5969,.F.);
#8265=ORIENTED_EDGE('',*,*,#5989,.T.);
#8266=ORIENTED_EDGE('',*,*,#5892,.F.);
#8267=ORIENTED_EDGE('',*,*,#6000,.T.);
#8268=ORIENTED_EDGE('',*,*,#5991,.F.);
#8269=ORIENTED_EDGE('',*,*,#5988,.T.);
#8270=ORIENTED_EDGE('',*,*,#5992,.F.);
#8271=ORIENTED_EDGE('',*,*,#6000,.F.);
#8272=ORIENTED_EDGE('',*,*,#5891,.T.);
#8273=ORIENTED_EDGE('',*,*,#6001,.T.);
#8274=ORIENTED_EDGE('',*,*,#6001,.F.);
#8275=ORIENTED_EDGE('',*,*,#5890,.T.);
#8276=ORIENTED_EDGE('',*,*,#6002,.T.);
#8277=ORIENTED_EDGE('',*,*,#5997,.F.);
#8278=ORIENTED_EDGE('',*,*,#6003,.F.);
#8279=ORIENTED_EDGE('',*,*,#5993,.F.);
#8280=ORIENTED_EDGE('',*,*,#6004,.F.);
#8281=ORIENTED_EDGE('',*,*,#6003,.T.);
#8282=ORIENTED_EDGE('',*,*,#6005,.F.);
#8283=ORIENTED_EDGE('',*,*,#5995,.F.);
#8284=ORIENTED_EDGE('',*,*,#6006,.T.);
#8285=ORIENTED_EDGE('',*,*,#6007,.T.);
#8286=ORIENTED_EDGE('',*,*,#5994,.F.);
#8287=ORIENTED_EDGE('',*,*,#6004,.T.);
#8288=ORIENTED_EDGE('',*,*,#5986,.T.);
#8289=ORIENTED_EDGE('',*,*,#6008,.T.);
#8290=ORIENTED_EDGE('',*,*,#6009,.T.);
#8291=ORIENTED_EDGE('',*,*,#6010,.T.);
#8292=ORIENTED_EDGE('',*,*,#6011,.T.);
#8293=ORIENTED_EDGE('',*,*,#6012,.F.);
#8294=ORIENTED_EDGE('',*,*,#6006,.F.);
#8295=ORIENTED_EDGE('',*,*,#6013,.T.);
#8296=ORIENTED_EDGE('',*,*,#6014,.T.);
#8297=ORIENTED_EDGE('',*,*,#6015,.F.);
#8298=ORIENTED_EDGE('',*,*,#6016,.T.);
#8299=ORIENTED_EDGE('',*,*,#6017,.F.);
#8300=ORIENTED_EDGE('',*,*,#6018,.F.);
#8301=ORIENTED_EDGE('',*,*,#6019,.F.);
#8302=ORIENTED_EDGE('',*,*,#6020,.F.);
#8303=ORIENTED_EDGE('',*,*,#5977,.T.);
#8304=ORIENTED_EDGE('',*,*,#6016,.F.);
#8305=ORIENTED_EDGE('',*,*,#6021,.F.);
#8306=ORIENTED_EDGE('',*,*,#6022,.T.);
#8307=ORIENTED_EDGE('',*,*,#6023,.F.);
#8308=ORIENTED_EDGE('',*,*,#6024,.T.);
#8309=ORIENTED_EDGE('',*,*,#5925,.T.);
#8310=ORIENTED_EDGE('',*,*,#6025,.T.);
#8311=ORIENTED_EDGE('',*,*,#6026,.F.);
#8312=ORIENTED_EDGE('',*,*,#6027,.F.);
#8313=ORIENTED_EDGE('',*,*,#6017,.T.);
#8314=ORIENTED_EDGE('',*,*,#6028,.T.);
#8315=ORIENTED_EDGE('',*,*,#6029,.F.);
#8316=ORIENTED_EDGE('',*,*,#6030,.F.);
#8317=ORIENTED_EDGE('',*,*,#6031,.F.);
#8318=ORIENTED_EDGE('',*,*,#6032,.F.);
#8319=ORIENTED_EDGE('',*,*,#6033,.T.);
#8320=ORIENTED_EDGE('',*,*,#5910,.F.);
#8321=ORIENTED_EDGE('',*,*,#6034,.T.);
#8322=ORIENTED_EDGE('',*,*,#6035,.F.);
#8323=ORIENTED_EDGE('',*,*,#6036,.F.);
#8324=ORIENTED_EDGE('',*,*,#6037,.F.);
#8325=ORIENTED_EDGE('',*,*,#6038,.T.);
#8326=ORIENTED_EDGE('',*,*,#6027,.T.);
#8327=ORIENTED_EDGE('',*,*,#6038,.F.);
#8328=ORIENTED_EDGE('',*,*,#6039,.T.);
#8329=ORIENTED_EDGE('',*,*,#6040,.T.);
#8330=ORIENTED_EDGE('',*,*,#6037,.T.);
#8331=ORIENTED_EDGE('',*,*,#5877,.T.);
#8332=ORIENTED_EDGE('',*,*,#6039,.F.);
#8333=ORIENTED_EDGE('',*,*,#6041,.T.);
#8334=ORIENTED_EDGE('',*,*,#6036,.T.);
#8335=ORIENTED_EDGE('',*,*,#6041,.F.);
#8336=ORIENTED_EDGE('',*,*,#6042,.T.);
#8337=ORIENTED_EDGE('',*,*,#6043,.F.);
#8338=ORIENTED_EDGE('',*,*,#6044,.T.);
#8339=ORIENTED_EDGE('',*,*,#6045,.T.);
#8340=ORIENTED_EDGE('',*,*,#6046,.F.);
#8341=ORIENTED_EDGE('',*,*,#6047,.T.);
#8342=ORIENTED_EDGE('',*,*,#6048,.T.);
#8343=ORIENTED_EDGE('',*,*,#6049,.F.);
#8344=ORIENTED_EDGE('',*,*,#5879,.F.);
#8345=ORIENTED_EDGE('',*,*,#6019,.T.);
#8346=ORIENTED_EDGE('',*,*,#6050,.F.);
#8347=ORIENTED_EDGE('',*,*,#6051,.T.);
#8348=ORIENTED_EDGE('',*,*,#6052,.T.);
#8349=ORIENTED_EDGE('',*,*,#6053,.F.);
#8350=ORIENTED_EDGE('',*,*,#6054,.T.);
#8351=ORIENTED_EDGE('',*,*,#5765,.T.);
#8352=ORIENTED_EDGE('',*,*,#6055,.F.);
#8353=ORIENTED_EDGE('',*,*,#6056,.F.);
#8354=ORIENTED_EDGE('',*,*,#5866,.F.);
#8355=ORIENTED_EDGE('',*,*,#6057,.T.);
#8356=ORIENTED_EDGE('',*,*,#5882,.T.);
#8357=ORIENTED_EDGE('',*,*,#6057,.F.);
#8358=ORIENTED_EDGE('',*,*,#6040,.F.);
#8359=ORIENTED_EDGE('',*,*,#6058,.T.);
#8360=ORIENTED_EDGE('',*,*,#6056,.T.);
#8361=ORIENTED_EDGE('',*,*,#6058,.F.);
#8362=ORIENTED_EDGE('',*,*,#6022,.F.);
#8363=ORIENTED_EDGE('',*,*,#6059,.F.);
#8364=ORIENTED_EDGE('',*,*,#6042,.F.);
#8365=ORIENTED_EDGE('',*,*,#6060,.F.);
#8366=ORIENTED_EDGE('',*,*,#6061,.T.);
#8367=ORIENTED_EDGE('',*,*,#6062,.F.);
#8368=ORIENTED_EDGE('',*,*,#5899,.T.);
#8369=ORIENTED_EDGE('',*,*,#5914,.F.);
#8370=ORIENTED_EDGE('',*,*,#5538,.T.);
#8371=ORIENTED_EDGE('',*,*,#6063,.T.);
#8372=ORIENTED_EDGE('',*,*,#6023,.T.);
#8373=ORIENTED_EDGE('',*,*,#6061,.F.);
#8374=ORIENTED_EDGE('',*,*,#6064,.T.);
#8375=ORIENTED_EDGE('',*,*,#6065,.T.);
#8376=ORIENTED_EDGE('',*,*,#6066,.T.);
#8377=ORIENTED_EDGE('',*,*,#5869,.F.);
#8378=ORIENTED_EDGE('',*,*,#6067,.F.);
#8379=ORIENTED_EDGE('',*,*,#5900,.F.);
#8380=ORIENTED_EDGE('',*,*,#6062,.T.);
#8381=ORIENTED_EDGE('',*,*,#6068,.F.);
#8382=ORIENTED_EDGE('',*,*,#6068,.T.);
#8383=ORIENTED_EDGE('',*,*,#6066,.F.);
#8384=ORIENTED_EDGE('',*,*,#6069,.T.);
#8385=ORIENTED_EDGE('',*,*,#6070,.T.);
#8386=ORIENTED_EDGE('',*,*,#5870,.F.);
#8387=ORIENTED_EDGE('',*,*,#5814,.F.);
#8388=ORIENTED_EDGE('',*,*,#5856,.T.);
#8389=ORIENTED_EDGE('',*,*,#5871,.T.);
#8390=ORIENTED_EDGE('',*,*,#6070,.F.);
#8391=ORIENTED_EDGE('',*,*,#6071,.F.);
#8392=ORIENTED_EDGE('',*,*,#6072,.F.);
#8393=ORIENTED_EDGE('',*,*,#6048,.F.);
#8394=ORIENTED_EDGE('',*,*,#6073,.T.);
#8395=ORIENTED_EDGE('',*,*,#5838,.F.);
#8396=ORIENTED_EDGE('',*,*,#6074,.T.);
#8397=ORIENTED_EDGE('',*,*,#5629,.T.);
#8398=ORIENTED_EDGE('',*,*,#6075,.F.);
#8399=ORIENTED_EDGE('',*,*,#5830,.F.);
#8400=ORIENTED_EDGE('',*,*,#6076,.T.);
#8401=ORIENTED_EDGE('',*,*,#5643,.T.);
#8402=ORIENTED_EDGE('',*,*,#6077,.F.);
#8403=ORIENTED_EDGE('',*,*,#5822,.F.);
#8404=ORIENTED_EDGE('',*,*,#6078,.T.);
#8405=ORIENTED_EDGE('',*,*,#5651,.T.);
#8406=ORIENTED_EDGE('',*,*,#6079,.F.);
#8407=ORIENTED_EDGE('',*,*,#6079,.T.);
#8408=ORIENTED_EDGE('',*,*,#5650,.F.);
#8409=ORIENTED_EDGE('',*,*,#6080,.F.);
#8410=ORIENTED_EDGE('',*,*,#5815,.T.);
#8411=ORIENTED_EDGE('',*,*,#5816,.T.);
#8412=ORIENTED_EDGE('',*,*,#6080,.T.);
#8413=ORIENTED_EDGE('',*,*,#5649,.F.);
#8414=ORIENTED_EDGE('',*,*,#6081,.F.);
#8415=ORIENTED_EDGE('',*,*,#6082,.F.);
#8416=ORIENTED_EDGE('',*,*,#5817,.T.);
#8417=ORIENTED_EDGE('',*,*,#6081,.T.);
#8418=ORIENTED_EDGE('',*,*,#5648,.F.);
#8419=ORIENTED_EDGE('',*,*,#5812,.T.);
#8420=ORIENTED_EDGE('',*,*,#6082,.T.);
#8421=ORIENTED_EDGE('',*,*,#5647,.F.);
#8422=ORIENTED_EDGE('',*,*,#6083,.F.);
#8423=ORIENTED_EDGE('',*,*,#5818,.T.);
#8424=ORIENTED_EDGE('',*,*,#6084,.T.);
#8425=ORIENTED_EDGE('',*,*,#5639,.F.);
#8426=ORIENTED_EDGE('',*,*,#6085,.F.);
#8427=ORIENTED_EDGE('',*,*,#5826,.T.);
#8428=ORIENTED_EDGE('',*,*,#6086,.T.);
#8429=ORIENTED_EDGE('',*,*,#5625,.F.);
#8430=ORIENTED_EDGE('',*,*,#6087,.F.);
#8431=ORIENTED_EDGE('',*,*,#5834,.T.);
#8432=ORIENTED_EDGE('',*,*,#6088,.F.);
#8433=ORIENTED_EDGE('',*,*,#6046,.T.);
#8434=ORIENTED_EDGE('',*,*,#6089,.F.);
#8435=ORIENTED_EDGE('',*,*,#5945,.F.);
#8436=ORIENTED_EDGE('',*,*,#5937,.F.);
#8437=ORIENTED_EDGE('',*,*,#5872,.F.);
#8438=ORIENTED_EDGE('',*,*,#5854,.F.);
#8439=ORIENTED_EDGE('',*,*,#6090,.T.);
#8440=ORIENTED_EDGE('',*,*,#5934,.F.);
#8441=ORIENTED_EDGE('',*,*,#5946,.T.);
#8442=ORIENTED_EDGE('',*,*,#6089,.T.);
#8443=ORIENTED_EDGE('',*,*,#6045,.F.);
#8444=ORIENTED_EDGE('',*,*,#6044,.F.);
#8445=ORIENTED_EDGE('',*,*,#6091,.F.);
#8446=ORIENTED_EDGE('',*,*,#6025,.F.);
#8447=ORIENTED_EDGE('',*,*,#5924,.T.);
#8448=ORIENTED_EDGE('',*,*,#6090,.F.);
#8449=ORIENTED_EDGE('',*,*,#5903,.T.);
#8450=ORIENTED_EDGE('',*,*,#5894,.T.);
#8451=ORIENTED_EDGE('',*,*,#5987,.T.);
#8452=ORIENTED_EDGE('',*,*,#5861,.T.);
#8453=ORIENTED_EDGE('',*,*,#5935,.T.);
#8454=ORIENTED_EDGE('',*,*,#5901,.T.);
#8455=ORIENTED_EDGE('',*,*,#6067,.T.);
#8456=ORIENTED_EDGE('',*,*,#5868,.T.);
#8457=ORIENTED_EDGE('',*,*,#6059,.T.);
#8458=ORIENTED_EDGE('',*,*,#6026,.T.);
#8459=ORIENTED_EDGE('',*,*,#6091,.T.);
#8460=ORIENTED_EDGE('',*,*,#6043,.T.);
#8461=ORIENTED_EDGE('',*,*,#6018,.T.);
#8462=ORIENTED_EDGE('',*,*,#6035,.T.);
#8463=ORIENTED_EDGE('',*,*,#6092,.T.);
#8464=ORIENTED_EDGE('',*,*,#6050,.T.);
#8465=ORIENTED_EDGE('',*,*,#6051,.F.);
#8466=ORIENTED_EDGE('',*,*,#6092,.F.);
#8467=ORIENTED_EDGE('',*,*,#6034,.F.);
#8468=ORIENTED_EDGE('',*,*,#5909,.T.);
#8469=ORIENTED_EDGE('',*,*,#6093,.F.);
#8470=ORIENTED_EDGE('',*,*,#6093,.T.);
#8471=ORIENTED_EDGE('',*,*,#5908,.T.);
#8472=ORIENTED_EDGE('',*,*,#6094,.T.);
#8473=ORIENTED_EDGE('',*,*,#6095,.F.);
#8474=ORIENTED_EDGE('',*,*,#6052,.F.);
#8475=ORIENTED_EDGE('',*,*,#5779,.T.);
#8476=ORIENTED_EDGE('',*,*,#6096,.T.);
#8477=ORIENTED_EDGE('',*,*,#5615,.F.);
#8478=ORIENTED_EDGE('',*,*,#6097,.F.);
#8479=ORIENTED_EDGE('',*,*,#5784,.T.);
#8480=ORIENTED_EDGE('',*,*,#6098,.T.);
#8481=ORIENTED_EDGE('',*,*,#5601,.F.);
#8482=ORIENTED_EDGE('',*,*,#6099,.F.);
#8483=ORIENTED_EDGE('',*,*,#5791,.T.);
#8484=ORIENTED_EDGE('',*,*,#6100,.T.);
#8485=ORIENTED_EDGE('',*,*,#5587,.F.);
#8486=ORIENTED_EDGE('',*,*,#6101,.F.);
#8487=ORIENTED_EDGE('',*,*,#5796,.T.);
#8488=ORIENTED_EDGE('',*,*,#6102,.F.);
#8489=ORIENTED_EDGE('',*,*,#6053,.T.);
#8490=ORIENTED_EDGE('',*,*,#6095,.T.);
#8491=ORIENTED_EDGE('',*,*,#6103,.T.);
#8492=ORIENTED_EDGE('',*,*,#6104,.T.);
#8493=ORIENTED_EDGE('',*,*,#5864,.F.);
#8494=ORIENTED_EDGE('',*,*,#5852,.F.);
#8495=ORIENTED_EDGE('',*,*,#5904,.T.);
#8496=ORIENTED_EDGE('',*,*,#5865,.T.);
#8497=ORIENTED_EDGE('',*,*,#6104,.F.);
#8498=ORIENTED_EDGE('',*,*,#6105,.F.);
#8499=ORIENTED_EDGE('',*,*,#5906,.T.);
#8500=ORIENTED_EDGE('',*,*,#5907,.T.);
#8501=ORIENTED_EDGE('',*,*,#6105,.T.);
#8502=ORIENTED_EDGE('',*,*,#6103,.F.);
#8503=ORIENTED_EDGE('',*,*,#6094,.F.);
#8504=ORIENTED_EDGE('',*,*,#5766,.F.);
#8505=ORIENTED_EDGE('',*,*,#6054,.F.);
#8506=ORIENTED_EDGE('',*,*,#6102,.T.);
#8507=ORIENTED_EDGE('',*,*,#5795,.T.);
#8508=ORIENTED_EDGE('',*,*,#6088,.T.);
#8509=ORIENTED_EDGE('',*,*,#5839,.T.);
#8510=ORIENTED_EDGE('',*,*,#6073,.F.);
#8511=ORIENTED_EDGE('',*,*,#6047,.F.);
#8512=ORIENTED_EDGE('',*,*,#6106,.F.);
#8513=ORIENTED_EDGE('',*,*,#5981,.T.);
#8514=ORIENTED_EDGE('',*,*,#5807,.T.);
#8515=ORIENTED_EDGE('',*,*,#5929,.F.);
#8516=ORIENTED_EDGE('',*,*,#6106,.T.);
#8517=ORIENTED_EDGE('',*,*,#5928,.T.);
#8518=ORIENTED_EDGE('',*,*,#6107,.F.);
#8519=ORIENTED_EDGE('',*,*,#5982,.F.);
#8520=ORIENTED_EDGE('',*,*,#6107,.T.);
#8521=ORIENTED_EDGE('',*,*,#5927,.T.);
#8522=ORIENTED_EDGE('',*,*,#5535,.F.);
#8523=ORIENTED_EDGE('',*,*,#5983,.T.);
#8524=ORIENTED_EDGE('',*,*,#6101,.T.);
#8525=ORIENTED_EDGE('',*,*,#5586,.F.);
#8526=ORIENTED_EDGE('',*,*,#6108,.F.);
#8527=ORIENTED_EDGE('',*,*,#5797,.T.);
#8528=ORIENTED_EDGE('',*,*,#5798,.T.);
#8529=ORIENTED_EDGE('',*,*,#6108,.T.);
#8530=ORIENTED_EDGE('',*,*,#5585,.F.);
#8531=ORIENTED_EDGE('',*,*,#6109,.F.);
#8532=ORIENTED_EDGE('',*,*,#5768,.F.);
#8533=ORIENTED_EDGE('',*,*,#5799,.T.);
#8534=ORIENTED_EDGE('',*,*,#6109,.T.);
#8535=ORIENTED_EDGE('',*,*,#5584,.F.);
#8536=ORIENTED_EDGE('',*,*,#6100,.F.);
#8537=ORIENTED_EDGE('',*,*,#5790,.T.);
#8538=ORIENTED_EDGE('',*,*,#6110,.T.);
#8539=ORIENTED_EDGE('',*,*,#5588,.F.);
#8540=ORIENTED_EDGE('',*,*,#5789,.T.);
#8541=ORIENTED_EDGE('',*,*,#6111,.T.);
#8542=ORIENTED_EDGE('',*,*,#5589,.F.);
#8543=ORIENTED_EDGE('',*,*,#6110,.F.);
#8544=ORIENTED_EDGE('',*,*,#5769,.T.);
#8545=ORIENTED_EDGE('',*,*,#5590,.F.);
#8546=ORIENTED_EDGE('',*,*,#6111,.F.);
#8547=ORIENTED_EDGE('',*,*,#5788,.T.);
#8548=ORIENTED_EDGE('',*,*,#6099,.T.);
#8549=ORIENTED_EDGE('',*,*,#5600,.F.);
#8550=ORIENTED_EDGE('',*,*,#6112,.F.);
#8551=ORIENTED_EDGE('',*,*,#5792,.T.);
#8552=ORIENTED_EDGE('',*,*,#5793,.T.);
#8553=ORIENTED_EDGE('',*,*,#6112,.T.);
#8554=ORIENTED_EDGE('',*,*,#5599,.F.);
#8555=ORIENTED_EDGE('',*,*,#6113,.F.);
#8556=ORIENTED_EDGE('',*,*,#5771,.F.);
#8557=ORIENTED_EDGE('',*,*,#5794,.T.);
#8558=ORIENTED_EDGE('',*,*,#6113,.T.);
#8559=ORIENTED_EDGE('',*,*,#5598,.F.);
#8560=ORIENTED_EDGE('',*,*,#6098,.F.);
#8561=ORIENTED_EDGE('',*,*,#5783,.T.);
#8562=ORIENTED_EDGE('',*,*,#6114,.T.);
#8563=ORIENTED_EDGE('',*,*,#5602,.F.);
#8564=ORIENTED_EDGE('',*,*,#5782,.T.);
#8565=ORIENTED_EDGE('',*,*,#6115,.T.);
#8566=ORIENTED_EDGE('',*,*,#5603,.F.);
#8567=ORIENTED_EDGE('',*,*,#6114,.F.);
#8568=ORIENTED_EDGE('',*,*,#5772,.T.);
#8569=ORIENTED_EDGE('',*,*,#5604,.F.);
#8570=ORIENTED_EDGE('',*,*,#6115,.F.);
#8571=ORIENTED_EDGE('',*,*,#5781,.T.);
#8572=ORIENTED_EDGE('',*,*,#6097,.T.);
#8573=ORIENTED_EDGE('',*,*,#5614,.F.);
#8574=ORIENTED_EDGE('',*,*,#6116,.F.);
#8575=ORIENTED_EDGE('',*,*,#5785,.T.);
#8576=ORIENTED_EDGE('',*,*,#5786,.T.);
#8577=ORIENTED_EDGE('',*,*,#6116,.T.);
#8578=ORIENTED_EDGE('',*,*,#5613,.F.);
#8579=ORIENTED_EDGE('',*,*,#6117,.F.);
#8580=ORIENTED_EDGE('',*,*,#5774,.F.);
#8581=ORIENTED_EDGE('',*,*,#5787,.T.);
#8582=ORIENTED_EDGE('',*,*,#6117,.T.);
#8583=ORIENTED_EDGE('',*,*,#5612,.F.);
#8584=ORIENTED_EDGE('',*,*,#6096,.F.);
#8585=ORIENTED_EDGE('',*,*,#5778,.T.);
#8586=ORIENTED_EDGE('',*,*,#6118,.T.);
#8587=ORIENTED_EDGE('',*,*,#5616,.F.);
#8588=ORIENTED_EDGE('',*,*,#5777,.T.);
#8589=ORIENTED_EDGE('',*,*,#6119,.T.);
#8590=ORIENTED_EDGE('',*,*,#5617,.F.);
#8591=ORIENTED_EDGE('',*,*,#6118,.F.);
#8592=ORIENTED_EDGE('',*,*,#5775,.T.);
#8593=ORIENTED_EDGE('',*,*,#5618,.F.);
#8594=ORIENTED_EDGE('',*,*,#6119,.F.);
#8595=ORIENTED_EDGE('',*,*,#5776,.T.);
#8596=ORIENTED_EDGE('',*,*,#6087,.T.);
#8597=ORIENTED_EDGE('',*,*,#5632,.F.);
#8598=ORIENTED_EDGE('',*,*,#6120,.F.);
#8599=ORIENTED_EDGE('',*,*,#5835,.T.);
#8600=ORIENTED_EDGE('',*,*,#5836,.T.);
#8601=ORIENTED_EDGE('',*,*,#6120,.T.);
#8602=ORIENTED_EDGE('',*,*,#5631,.F.);
#8603=ORIENTED_EDGE('',*,*,#6121,.F.);
#8604=ORIENTED_EDGE('',*,*,#6074,.F.);
#8605=ORIENTED_EDGE('',*,*,#5837,.T.);
#8606=ORIENTED_EDGE('',*,*,#6121,.T.);
#8607=ORIENTED_EDGE('',*,*,#5630,.F.);
#8608=ORIENTED_EDGE('',*,*,#6086,.F.);
#8609=ORIENTED_EDGE('',*,*,#5833,.T.);
#8610=ORIENTED_EDGE('',*,*,#6122,.T.);
#8611=ORIENTED_EDGE('',*,*,#5626,.F.);
#8612=ORIENTED_EDGE('',*,*,#5832,.T.);
#8613=ORIENTED_EDGE('',*,*,#6123,.T.);
#8614=ORIENTED_EDGE('',*,*,#5627,.F.);
#8615=ORIENTED_EDGE('',*,*,#6122,.F.);
#8616=ORIENTED_EDGE('',*,*,#6075,.T.);
#8617=ORIENTED_EDGE('',*,*,#5628,.F.);
#8618=ORIENTED_EDGE('',*,*,#6123,.F.);
#8619=ORIENTED_EDGE('',*,*,#5831,.T.);
#8620=ORIENTED_EDGE('',*,*,#6085,.T.);
#8621=ORIENTED_EDGE('',*,*,#5646,.F.);
#8622=ORIENTED_EDGE('',*,*,#6124,.F.);
#8623=ORIENTED_EDGE('',*,*,#5827,.T.);
#8624=ORIENTED_EDGE('',*,*,#5828,.T.);
#8625=ORIENTED_EDGE('',*,*,#6124,.T.);
#8626=ORIENTED_EDGE('',*,*,#5645,.F.);
#8627=ORIENTED_EDGE('',*,*,#6125,.F.);
#8628=ORIENTED_EDGE('',*,*,#6076,.F.);
#8629=ORIENTED_EDGE('',*,*,#5829,.T.);
#8630=ORIENTED_EDGE('',*,*,#6125,.T.);
#8631=ORIENTED_EDGE('',*,*,#5644,.F.);
#8632=ORIENTED_EDGE('',*,*,#6084,.F.);
#8633=ORIENTED_EDGE('',*,*,#5825,.T.);
#8634=ORIENTED_EDGE('',*,*,#6126,.T.);
#8635=ORIENTED_EDGE('',*,*,#5640,.F.);
#8636=ORIENTED_EDGE('',*,*,#5824,.T.);
#8637=ORIENTED_EDGE('',*,*,#6127,.T.);
#8638=ORIENTED_EDGE('',*,*,#5641,.F.);
#8639=ORIENTED_EDGE('',*,*,#6126,.F.);
#8640=ORIENTED_EDGE('',*,*,#6077,.T.);
#8641=ORIENTED_EDGE('',*,*,#5642,.F.);
#8642=ORIENTED_EDGE('',*,*,#6127,.F.);
#8643=ORIENTED_EDGE('',*,*,#5823,.T.);
#8644=ORIENTED_EDGE('',*,*,#6083,.T.);
#8645=ORIENTED_EDGE('',*,*,#5654,.F.);
#8646=ORIENTED_EDGE('',*,*,#6128,.F.);
#8647=ORIENTED_EDGE('',*,*,#5819,.T.);
#8648=ORIENTED_EDGE('',*,*,#5820,.T.);
#8649=ORIENTED_EDGE('',*,*,#6128,.T.);
#8650=ORIENTED_EDGE('',*,*,#5653,.F.);
#8651=ORIENTED_EDGE('',*,*,#6129,.F.);
#8652=ORIENTED_EDGE('',*,*,#6078,.F.);
#8653=ORIENTED_EDGE('',*,*,#5821,.T.);
#8654=ORIENTED_EDGE('',*,*,#6129,.T.);
#8655=ORIENTED_EDGE('',*,*,#5652,.F.);
#8656=ORIENTED_EDGE('',*,*,#6060,.T.);
#8657=ORIENTED_EDGE('',*,*,#6049,.T.);
#8658=ORIENTED_EDGE('',*,*,#6072,.T.);
#8659=ORIENTED_EDGE('',*,*,#6130,.F.);
#8660=ORIENTED_EDGE('',*,*,#6064,.F.);
#8661=ORIENTED_EDGE('',*,*,#6065,.F.);
#8662=ORIENTED_EDGE('',*,*,#6130,.T.);
#8663=ORIENTED_EDGE('',*,*,#6071,.T.);
#8664=ORIENTED_EDGE('',*,*,#6069,.F.);
#8665=ORIENTED_EDGE('',*,*,#5926,.T.);
#8666=ORIENTED_EDGE('',*,*,#6024,.F.);
#8667=ORIENTED_EDGE('',*,*,#6063,.F.);
#8668=ORIENTED_EDGE('',*,*,#5537,.T.);
#8669=ORIENTED_EDGE('',*,*,#5984,.F.);
#8670=ORIENTED_EDGE('',*,*,#5545,.T.);
#8671=ORIENTED_EDGE('',*,*,#5911,.T.);
#8672=ORIENTED_EDGE('',*,*,#6033,.F.);
#8673=ORIENTED_EDGE('',*,*,#6020,.T.);
#8674=ORIENTED_EDGE('',*,*,#6055,.T.);
#8675=ORIENTED_EDGE('',*,*,#5764,.F.);
#8676=ORIENTED_EDGE('',*,*,#5941,.F.);
#8677=ORIENTED_EDGE('',*,*,#5978,.T.);
#8678=ORIENTED_EDGE('',*,*,#6131,.T.);
#8679=ORIENTED_EDGE('',*,*,#6008,.F.);
#8680=ORIENTED_EDGE('',*,*,#5985,.F.);
#8681=ORIENTED_EDGE('',*,*,#6032,.T.);
#8682=ORIENTED_EDGE('',*,*,#6009,.F.);
#8683=ORIENTED_EDGE('',*,*,#6131,.F.);
#8684=ORIENTED_EDGE('',*,*,#6031,.T.);
#8685=ORIENTED_EDGE('',*,*,#6132,.T.);
#8686=ORIENTED_EDGE('',*,*,#6133,.T.);
#8687=ORIENTED_EDGE('',*,*,#6013,.F.);
#8688=ORIENTED_EDGE('',*,*,#6134,.T.);
#8689=ORIENTED_EDGE('',*,*,#6010,.F.);
#8690=ORIENTED_EDGE('',*,*,#6132,.F.);
#8691=ORIENTED_EDGE('',*,*,#6030,.T.);
#8692=ORIENTED_EDGE('',*,*,#6014,.F.);
#8693=ORIENTED_EDGE('',*,*,#6133,.F.);
#8694=ORIENTED_EDGE('',*,*,#6029,.T.);
#8695=ORIENTED_EDGE('',*,*,#6135,.T.);
#8696=ORIENTED_EDGE('',*,*,#6015,.T.);
#8697=ORIENTED_EDGE('',*,*,#6135,.F.);
#8698=ORIENTED_EDGE('',*,*,#6028,.F.);
#8699=ORIENTED_EDGE('',*,*,#6021,.T.);
#8700=ORIENTED_EDGE('',*,*,#6136,.F.);
#8701=ORIENTED_EDGE('',*,*,#6134,.F.);
#8702=ORIENTED_EDGE('',*,*,#6007,.F.);
#8703=ORIENTED_EDGE('',*,*,#6012,.T.);
#8704=ORIENTED_EDGE('',*,*,#6011,.F.);
#8705=ORIENTED_EDGE('',*,*,#6136,.T.);
#8706=ORIENTED_EDGE('',*,*,#5996,.T.);
#8707=ORIENTED_EDGE('',*,*,#6005,.T.);
#8708=ORIENTED_EDGE('',*,*,#5998,.F.);
#8709=ORIENTED_EDGE('',*,*,#6002,.F.);
#8710=ORIENTED_EDGE('',*,*,#5889,.T.);
#8711=ORIENTED_EDGE('',*,*,#6137,.T.);
#8712=ORIENTED_EDGE('',*,*,#6137,.F.);
#8713=ORIENTED_EDGE('',*,*,#5888,.T.);
#8714=ORIENTED_EDGE('',*,*,#5970,.T.);
#8715=ORIENTED_EDGE('',*,*,#5999,.F.);
#8716=ORIENTED_EDGE('',*,*,#6138,.F.);
#8717=ORIENTED_EDGE('',*,*,#6139,.F.);
#8718=ORIENTED_EDGE('',*,*,#6140,.F.);
#8719=ORIENTED_EDGE('',*,*,#5669,.T.);
#8720=ORIENTED_EDGE('',*,*,#6141,.F.);
#8721=ORIENTED_EDGE('',*,*,#5843,.T.);
#8722=ORIENTED_EDGE('',*,*,#5919,.T.);
#8723=ORIENTED_EDGE('',*,*,#5944,.F.);
#8724=ORIENTED_EDGE('',*,*,#5975,.F.);
#8725=ORIENTED_EDGE('',*,*,#5840,.T.);
#8726=ORIENTED_EDGE('',*,*,#6142,.T.);
#8727=ORIENTED_EDGE('',*,*,#5661,.T.);
#8728=ORIENTED_EDGE('',*,*,#5674,.F.);
#8729=ORIENTED_EDGE('',*,*,#6143,.F.);
#8730=ORIENTED_EDGE('',*,*,#6144,.F.);
#8731=ORIENTED_EDGE('',*,*,#6138,.T.);
#8732=ORIENTED_EDGE('',*,*,#6139,.T.);
#8733=ORIENTED_EDGE('',*,*,#6144,.T.);
#8734=ORIENTED_EDGE('',*,*,#6145,.T.);
#8735=ORIENTED_EDGE('',*,*,#6146,.T.);
#8736=ORIENTED_EDGE('',*,*,#6147,.T.);
#8737=ORIENTED_EDGE('',*,*,#6148,.T.);
#8738=ORIENTED_EDGE('',*,*,#6149,.T.);
#8739=ORIENTED_EDGE('',*,*,#5670,.F.);
#8740=ORIENTED_EDGE('',*,*,#6140,.T.);
#8741=ORIENTED_EDGE('',*,*,#6148,.F.);
#8742=ORIENTED_EDGE('',*,*,#6150,.T.);
#8743=ORIENTED_EDGE('',*,*,#6150,.F.);
#8744=ORIENTED_EDGE('',*,*,#6147,.F.);
#8745=ORIENTED_EDGE('',*,*,#6151,.T.);
#8746=ORIENTED_EDGE('',*,*,#5671,.F.);
#8747=ORIENTED_EDGE('',*,*,#6151,.F.);
#8748=ORIENTED_EDGE('',*,*,#6146,.F.);
#8749=ORIENTED_EDGE('',*,*,#6152,.T.);
#8750=ORIENTED_EDGE('',*,*,#5672,.F.);
#8751=ORIENTED_EDGE('',*,*,#6152,.F.);
#8752=ORIENTED_EDGE('',*,*,#6145,.F.);
#8753=ORIENTED_EDGE('',*,*,#6143,.T.);
#8754=ORIENTED_EDGE('',*,*,#5673,.F.);
#8755=ORIENTED_EDGE('',*,*,#6149,.F.);
#8756=ORIENTED_EDGE('',*,*,#6153,.T.);
#8757=ORIENTED_EDGE('',*,*,#5554,.T.);
#8758=ORIENTED_EDGE('',*,*,#6153,.F.);
#8759=ORIENTED_EDGE('',*,*,#6142,.F.);
#8760=ORIENTED_EDGE('',*,*,#5842,.T.);
#8761=ORIENTED_EDGE('',*,*,#5974,.T.);
#8762=ORIENTED_EDGE('',*,*,#5662,.F.);
#8763=ORIENTED_EDGE('',*,*,#6141,.T.);
#8764=ORIENTED_EDGE('',*,*,#5668,.F.);
#8765=ORIENTED_EDGE('',*,*,#5920,.F.);
#8766=ORIENTED_EDGE('',*,*,#5844,.T.);
#8767=ORIENTED_EDGE('',*,*,#5973,.F.);
#8768=ORIENTED_EDGE('',*,*,#5803,.T.);
#8769=ORIENTED_EDGE('',*,*,#6154,.T.);
#8770=ORIENTED_EDGE('',*,*,#5664,.F.);
#8771=ORIENTED_EDGE('',*,*,#5802,.T.);
#8772=ORIENTED_EDGE('',*,*,#6155,.T.);
#8773=ORIENTED_EDGE('',*,*,#5665,.F.);
#8774=ORIENTED_EDGE('',*,*,#6154,.F.);
#8775=ORIENTED_EDGE('',*,*,#5921,.T.);
#8776=ORIENTED_EDGE('',*,*,#5666,.F.);
#8777=ORIENTED_EDGE('',*,*,#6155,.F.);
#8778=ORIENTED_EDGE('',*,*,#5801,.T.);
#8779=ORIENTED_EDGE('',*,*,#5857,.F.);
#8780=ORIENTED_EDGE('',*,*,#5972,.F.);
#8781=ORIENTED_EDGE('',*,*,#6156,.T.);
#8782=ORIENTED_EDGE('',*,*,#5922,.T.);
#8783=ORIENTED_EDGE('',*,*,#6156,.F.);
#8784=ORIENTED_EDGE('',*,*,#5971,.T.);
#8785=ORIENTED_EDGE('',*,*,#5541,.T.);
#8786=ORIENTED_EDGE('',*,*,#5923,.T.);
#8787=ORIENTED_EDGE('',*,*,#5980,.T.);
#8788=ORIENTED_EDGE('',*,*,#5680,.F.);
#8789=ORIENTED_EDGE('',*,*,#6157,.F.);
#8790=ORIENTED_EDGE('',*,*,#5809,.T.);
#8791=ORIENTED_EDGE('',*,*,#5810,.T.);
#8792=ORIENTED_EDGE('',*,*,#6157,.T.);
#8793=ORIENTED_EDGE('',*,*,#5679,.F.);
#8794=ORIENTED_EDGE('',*,*,#6158,.F.);
#8795=ORIENTED_EDGE('',*,*,#5930,.F.);
#8796=ORIENTED_EDGE('',*,*,#5811,.T.);
#8797=ORIENTED_EDGE('',*,*,#6158,.T.);
#8798=ORIENTED_EDGE('',*,*,#5678,.F.);
#8799=ORIENTED_EDGE('',*,*,#5954,.T.);
#8800=ORIENTED_EDGE('',*,*,#5682,.F.);
#8801=ORIENTED_EDGE('',*,*,#5979,.F.);
#8802=ORIENTED_EDGE('',*,*,#5850,.T.);
#8803=ORIENTED_EDGE('',*,*,#5555,.F.);
#8804=ORIENTED_EDGE('',*,*,#6159,.F.);
#8805=ORIENTED_EDGE('',*,*,#5947,.T.);
#8806=ORIENTED_EDGE('',*,*,#6160,.T.);
#8807=ORIENTED_EDGE('',*,*,#5556,.F.);
#8808=ORIENTED_EDGE('',*,*,#6160,.F.);
#8809=ORIENTED_EDGE('',*,*,#5950,.T.);
#8810=ORIENTED_EDGE('',*,*,#6161,.T.);
#8811=ORIENTED_EDGE('',*,*,#5558,.F.);
#8812=ORIENTED_EDGE('',*,*,#6162,.F.);
#8813=ORIENTED_EDGE('',*,*,#6163,.F.);
#8814=ORIENTED_EDGE('',*,*,#6164,.T.);
#8815=ORIENTED_EDGE('',*,*,#6162,.T.);
#8816=ORIENTED_EDGE('',*,*,#5557,.T.);
#8817=ORIENTED_EDGE('',*,*,#6164,.F.);
#8818=ORIENTED_EDGE('',*,*,#6165,.F.);
#8819=ORIENTED_EDGE('',*,*,#6163,.T.);
#8820=ORIENTED_EDGE('',*,*,#6165,.T.);
#8821=ORIENTED_EDGE('',*,*,#6166,.F.);
#8822=ORIENTED_EDGE('',*,*,#6167,.T.);
#8823=ORIENTED_EDGE('',*,*,#5560,.F.);
#8824=ORIENTED_EDGE('',*,*,#6168,.F.);
#8825=ORIENTED_EDGE('',*,*,#5948,.T.);
#8826=ORIENTED_EDGE('',*,*,#6159,.T.);
#8827=ORIENTED_EDGE('',*,*,#5562,.F.);
#8828=ORIENTED_EDGE('',*,*,#6169,.F.);
#8829=ORIENTED_EDGE('',*,*,#6166,.T.);
#8830=ORIENTED_EDGE('',*,*,#6170,.T.);
#8831=ORIENTED_EDGE('',*,*,#6169,.T.);
#8832=ORIENTED_EDGE('',*,*,#5561,.T.);
#8833=ORIENTED_EDGE('',*,*,#6170,.F.);
#8834=ORIENTED_EDGE('',*,*,#6167,.F.);
#8835=ORIENTED_EDGE('',*,*,#5559,.F.);
#8836=ORIENTED_EDGE('',*,*,#6161,.F.);
#8837=ORIENTED_EDGE('',*,*,#5949,.T.);
#8838=ORIENTED_EDGE('',*,*,#6168,.T.);
#8839=ORIENTED_EDGE('',*,*,#6171,.F.);
#8840=ORIENTED_EDGE('',*,*,#6172,.F.);
#8841=ORIENTED_EDGE('',*,*,#6173,.F.);
#8842=ORIENTED_EDGE('',*,*,#6174,.T.);
#8843=ORIENTED_EDGE('',*,*,#6175,.F.);
#8844=ORIENTED_EDGE('',*,*,#6176,.F.);
#8845=ORIENTED_EDGE('',*,*,#6177,.F.);
#8846=ORIENTED_EDGE('',*,*,#6178,.T.);
#8847=ORIENTED_EDGE('',*,*,#6179,.F.);
#8848=ORIENTED_EDGE('',*,*,#6180,.T.);
#8849=ORIENTED_EDGE('',*,*,#6181,.F.);
#8850=ORIENTED_EDGE('',*,*,#6182,.F.);
#8851=ORIENTED_EDGE('',*,*,#6183,.F.);
#8852=ORIENTED_EDGE('',*,*,#6184,.T.);
#8853=ORIENTED_EDGE('',*,*,#6185,.F.);
#8854=ORIENTED_EDGE('',*,*,#6186,.F.);
#8855=ORIENTED_EDGE('',*,*,#6187,.F.);
#8856=ORIENTED_EDGE('',*,*,#6188,.T.);
#8857=ORIENTED_EDGE('',*,*,#6189,.F.);
#8858=ORIENTED_EDGE('',*,*,#6190,.T.);
#8859=ORIENTED_EDGE('',*,*,#6191,.F.);
#8860=ORIENTED_EDGE('',*,*,#6186,.T.);
#8861=ORIENTED_EDGE('',*,*,#6192,.F.);
#8862=ORIENTED_EDGE('',*,*,#6180,.F.);
#8863=ORIENTED_EDGE('',*,*,#6193,.F.);
#8864=ORIENTED_EDGE('',*,*,#6194,.T.);
#8865=ORIENTED_EDGE('',*,*,#6195,.F.);
#8866=ORIENTED_EDGE('',*,*,#6196,.T.);
#8867=ORIENTED_EDGE('',*,*,#6197,.F.);
#8868=ORIENTED_EDGE('',*,*,#6178,.F.);
#8869=ORIENTED_EDGE('',*,*,#6198,.F.);
#8870=ORIENTED_EDGE('',*,*,#6172,.T.);
#8871=ORIENTED_EDGE('',*,*,#6199,.T.);
#8872=ORIENTED_EDGE('',*,*,#6200,.T.);
#8873=ORIENTED_EDGE('',*,*,#6201,.T.);
#8874=ORIENTED_EDGE('',*,*,#6202,.T.);
#8875=ORIENTED_EDGE('',*,*,#6203,.T.);
#8876=ORIENTED_EDGE('',*,*,#6204,.T.);
#8877=ORIENTED_EDGE('',*,*,#6205,.T.);
#8878=ORIENTED_EDGE('',*,*,#6206,.T.);
#8879=ORIENTED_EDGE('',*,*,#6179,.T.);
#8880=ORIENTED_EDGE('',*,*,#6207,.F.);
#8881=ORIENTED_EDGE('',*,*,#6208,.T.);
#8882=ORIENTED_EDGE('',*,*,#6193,.T.);
#8883=ORIENTED_EDGE('',*,*,#6209,.T.);
#8884=ORIENTED_EDGE('',*,*,#6210,.T.);
#8885=ORIENTED_EDGE('',*,*,#6211,.F.);
#8886=ORIENTED_EDGE('',*,*,#6212,.T.);
#8887=ORIENTED_EDGE('',*,*,#6213,.T.);
#8888=ORIENTED_EDGE('',*,*,#6174,.F.);
#8889=ORIENTED_EDGE('',*,*,#6214,.F.);
#8890=ORIENTED_EDGE('',*,*,#6176,.T.);
#8891=ORIENTED_EDGE('',*,*,#6215,.T.);
#8892=ORIENTED_EDGE('',*,*,#6216,.T.);
#8893=ORIENTED_EDGE('',*,*,#6217,.F.);
#8894=ORIENTED_EDGE('',*,*,#6218,.T.);
#8895=ORIENTED_EDGE('',*,*,#6207,.T.);
#8896=ORIENTED_EDGE('',*,*,#6182,.T.);
#8897=ORIENTED_EDGE('',*,*,#6219,.F.);
#8898=ORIENTED_EDGE('',*,*,#6184,.F.);
#8899=ORIENTED_EDGE('',*,*,#6220,.T.);
#8900=ORIENTED_EDGE('',*,*,#6221,.T.);
#8901=ORIENTED_EDGE('',*,*,#6222,.T.);
#8902=ORIENTED_EDGE('',*,*,#6223,.T.);
#8903=ORIENTED_EDGE('',*,*,#6224,.T.);
#8904=ORIENTED_EDGE('',*,*,#6225,.T.);
#8905=ORIENTED_EDGE('',*,*,#6226,.T.);
#8906=ORIENTED_EDGE('',*,*,#6227,.T.);
#8907=ORIENTED_EDGE('',*,*,#6175,.T.);
#8908=ORIENTED_EDGE('',*,*,#6197,.T.);
#8909=ORIENTED_EDGE('',*,*,#6228,.T.);
#8910=ORIENTED_EDGE('',*,*,#6215,.F.);
#8911=ORIENTED_EDGE('',*,*,#6229,.F.);
#8912=ORIENTED_EDGE('',*,*,#6230,.T.);
#8913=ORIENTED_EDGE('',*,*,#6202,.F.);
#8914=ORIENTED_EDGE('',*,*,#6230,.F.);
#8915=ORIENTED_EDGE('',*,*,#6223,.F.);
#8916=ORIENTED_EDGE('',*,*,#6231,.T.);
#8917=ORIENTED_EDGE('',*,*,#6232,.F.);
#8918=ORIENTED_EDGE('',*,*,#6231,.F.);
#8919=ORIENTED_EDGE('',*,*,#6233,.F.);
#8920=ORIENTED_EDGE('',*,*,#6234,.T.);
#8921=ORIENTED_EDGE('',*,*,#6203,.F.);
#8922=ORIENTED_EDGE('',*,*,#6234,.F.);
#8923=ORIENTED_EDGE('',*,*,#6224,.F.);
#8924=ORIENTED_EDGE('',*,*,#6235,.T.);
#8925=ORIENTED_EDGE('',*,*,#6236,.F.);
#8926=ORIENTED_EDGE('',*,*,#6235,.F.);
#8927=ORIENTED_EDGE('',*,*,#6237,.F.);
#8928=ORIENTED_EDGE('',*,*,#6238,.T.);
#8929=ORIENTED_EDGE('',*,*,#6204,.F.);
#8930=ORIENTED_EDGE('',*,*,#6238,.F.);
#8931=ORIENTED_EDGE('',*,*,#6225,.F.);
#8932=ORIENTED_EDGE('',*,*,#6239,.T.);
#8933=ORIENTED_EDGE('',*,*,#6240,.F.);
#8934=ORIENTED_EDGE('',*,*,#6239,.F.);
#8935=ORIENTED_EDGE('',*,*,#6241,.F.);
#8936=ORIENTED_EDGE('',*,*,#6242,.T.);
#8937=ORIENTED_EDGE('',*,*,#6201,.F.);
#8938=ORIENTED_EDGE('',*,*,#6242,.F.);
#8939=ORIENTED_EDGE('',*,*,#6222,.F.);
#8940=ORIENTED_EDGE('',*,*,#6243,.T.);
#8941=ORIENTED_EDGE('',*,*,#6244,.F.);
#8942=ORIENTED_EDGE('',*,*,#6243,.F.);
#8943=ORIENTED_EDGE('',*,*,#6245,.F.);
#8944=ORIENTED_EDGE('',*,*,#6246,.T.);
#8945=ORIENTED_EDGE('',*,*,#6205,.F.);
#8946=ORIENTED_EDGE('',*,*,#6246,.F.);
#8947=ORIENTED_EDGE('',*,*,#6226,.F.);
#8948=ORIENTED_EDGE('',*,*,#6247,.T.);
#8949=ORIENTED_EDGE('',*,*,#6248,.F.);
#8950=ORIENTED_EDGE('',*,*,#6247,.F.);
#8951=ORIENTED_EDGE('',*,*,#6249,.F.);
#8952=ORIENTED_EDGE('',*,*,#6250,.T.);
#8953=ORIENTED_EDGE('',*,*,#6200,.F.);
#8954=ORIENTED_EDGE('',*,*,#6250,.F.);
#8955=ORIENTED_EDGE('',*,*,#6221,.F.);
#8956=ORIENTED_EDGE('',*,*,#6251,.T.);
#8957=ORIENTED_EDGE('',*,*,#6252,.F.);
#8958=ORIENTED_EDGE('',*,*,#6251,.F.);
#8959=ORIENTED_EDGE('',*,*,#6253,.F.);
#8960=ORIENTED_EDGE('',*,*,#6254,.T.);
#8961=ORIENTED_EDGE('',*,*,#6206,.F.);
#8962=ORIENTED_EDGE('',*,*,#6254,.F.);
#8963=ORIENTED_EDGE('',*,*,#6227,.F.);
#8964=ORIENTED_EDGE('',*,*,#6255,.T.);
#8965=ORIENTED_EDGE('',*,*,#6256,.F.);
#8966=ORIENTED_EDGE('',*,*,#6255,.F.);
#8967=ORIENTED_EDGE('',*,*,#6257,.F.);
#8968=ORIENTED_EDGE('',*,*,#6258,.T.);
#8969=ORIENTED_EDGE('',*,*,#6199,.F.);
#8970=ORIENTED_EDGE('',*,*,#6258,.F.);
#8971=ORIENTED_EDGE('',*,*,#6220,.F.);
#8972=ORIENTED_EDGE('',*,*,#6259,.T.);
#8973=ORIENTED_EDGE('',*,*,#6260,.F.);
#8974=ORIENTED_EDGE('',*,*,#6259,.F.);
#8975=ORIENTED_EDGE('',*,*,#6171,.T.);
#8976=ORIENTED_EDGE('',*,*,#6213,.F.);
#8977=ORIENTED_EDGE('',*,*,#6261,.T.);
#8978=ORIENTED_EDGE('',*,*,#6187,.T.);
#8979=ORIENTED_EDGE('',*,*,#6261,.F.);
#8980=ORIENTED_EDGE('',*,*,#6212,.F.);
#8981=ORIENTED_EDGE('',*,*,#6262,.F.);
#8982=ORIENTED_EDGE('',*,*,#6188,.F.);
#8983=ORIENTED_EDGE('',*,*,#6208,.F.);
#8984=ORIENTED_EDGE('',*,*,#6218,.F.);
#8985=ORIENTED_EDGE('',*,*,#6263,.F.);
#8986=ORIENTED_EDGE('',*,*,#6194,.F.);
#8987=ORIENTED_EDGE('',*,*,#6228,.F.);
#8988=ORIENTED_EDGE('',*,*,#6196,.F.);
#8989=ORIENTED_EDGE('',*,*,#6264,.F.);
#8990=ORIENTED_EDGE('',*,*,#6216,.F.);
#8991=ORIENTED_EDGE('',*,*,#6265,.F.);
#8992=ORIENTED_EDGE('',*,*,#6190,.F.);
#8993=ORIENTED_EDGE('',*,*,#6266,.F.);
#8994=ORIENTED_EDGE('',*,*,#6210,.F.);
#8995=ORIENTED_EDGE('',*,*,#6183,.T.);
#8996=ORIENTED_EDGE('',*,*,#6191,.T.);
#8997=ORIENTED_EDGE('',*,*,#6265,.T.);
#8998=ORIENTED_EDGE('',*,*,#6209,.F.);
#8999=ORIENTED_EDGE('',*,*,#6267,.T.);
#9000=ORIENTED_EDGE('',*,*,#6268,.T.);
#9001=ORIENTED_EDGE('',*,*,#6269,.T.);
#9002=ORIENTED_EDGE('',*,*,#6270,.T.);
#9003=ORIENTED_EDGE('',*,*,#6268,.F.);
#9004=ORIENTED_EDGE('',*,*,#6271,.T.);
#9005=ORIENTED_EDGE('',*,*,#6272,.F.);
#9006=ORIENTED_EDGE('',*,*,#6273,.F.);
#9007=ORIENTED_EDGE('',*,*,#6181,.T.);
#9008=ORIENTED_EDGE('',*,*,#6192,.T.);
#9009=ORIENTED_EDGE('',*,*,#6185,.T.);
#9010=ORIENTED_EDGE('',*,*,#6219,.T.);
#9011=ORIENTED_EDGE('',*,*,#6267,.F.);
#9012=ORIENTED_EDGE('',*,*,#6274,.T.);
#9013=ORIENTED_EDGE('',*,*,#6275,.F.);
#9014=ORIENTED_EDGE('',*,*,#6271,.F.);
#9015=ORIENTED_EDGE('',*,*,#6276,.T.);
#9016=ORIENTED_EDGE('',*,*,#6272,.T.);
#9017=ORIENTED_EDGE('',*,*,#6275,.T.);
#9018=ORIENTED_EDGE('',*,*,#6277,.T.);
#9019=ORIENTED_EDGE('',*,*,#6277,.F.);
#9020=ORIENTED_EDGE('',*,*,#6278,.F.);
#9021=ORIENTED_EDGE('',*,*,#6279,.F.);
#9022=ORIENTED_EDGE('',*,*,#6280,.F.);
#9023=ORIENTED_EDGE('',*,*,#6217,.T.);
#9024=ORIENTED_EDGE('',*,*,#6264,.T.);
#9025=ORIENTED_EDGE('',*,*,#6195,.T.);
#9026=ORIENTED_EDGE('',*,*,#6263,.T.);
#9027=ORIENTED_EDGE('',*,*,#6281,.T.);
#9028=ORIENTED_EDGE('',*,*,#6282,.T.);
#9029=ORIENTED_EDGE('',*,*,#6283,.T.);
#9030=ORIENTED_EDGE('',*,*,#6279,.T.);
#9031=ORIENTED_EDGE('',*,*,#6283,.F.);
#9032=ORIENTED_EDGE('',*,*,#6284,.F.);
#9033=ORIENTED_EDGE('',*,*,#6285,.F.);
#9034=ORIENTED_EDGE('',*,*,#6286,.T.);
#9035=ORIENTED_EDGE('',*,*,#6282,.F.);
#9036=ORIENTED_EDGE('',*,*,#6287,.F.);
#9037=ORIENTED_EDGE('',*,*,#6288,.F.);
#9038=ORIENTED_EDGE('',*,*,#6284,.T.);
#9039=ORIENTED_EDGE('',*,*,#6177,.T.);
#9040=ORIENTED_EDGE('',*,*,#6214,.T.);
#9041=ORIENTED_EDGE('',*,*,#6173,.T.);
#9042=ORIENTED_EDGE('',*,*,#6198,.T.);
#9043=ORIENTED_EDGE('',*,*,#6289,.T.);
#9044=ORIENTED_EDGE('',*,*,#6290,.T.);
#9045=ORIENTED_EDGE('',*,*,#6285,.T.);
#9046=ORIENTED_EDGE('',*,*,#6288,.T.);
#9047=ORIENTED_EDGE('',*,*,#6281,.F.);
#9048=ORIENTED_EDGE('',*,*,#6291,.F.);
#9049=ORIENTED_EDGE('',*,*,#6289,.F.);
#9050=ORIENTED_EDGE('',*,*,#6287,.T.);
#9051=ORIENTED_EDGE('',*,*,#6278,.T.);
#9052=ORIENTED_EDGE('',*,*,#6274,.F.);
#9053=ORIENTED_EDGE('',*,*,#6292,.T.);
#9054=ORIENTED_EDGE('',*,*,#6291,.T.);
#9055=ORIENTED_EDGE('',*,*,#6257,.T.);
#9056=ORIENTED_EDGE('',*,*,#6253,.T.);
#9057=ORIENTED_EDGE('',*,*,#6249,.T.);
#9058=ORIENTED_EDGE('',*,*,#6245,.T.);
#9059=ORIENTED_EDGE('',*,*,#6241,.T.);
#9060=ORIENTED_EDGE('',*,*,#6237,.T.);
#9061=ORIENTED_EDGE('',*,*,#6233,.T.);
#9062=ORIENTED_EDGE('',*,*,#6229,.T.);
#9063=ORIENTED_EDGE('',*,*,#6269,.F.);
#9064=ORIENTED_EDGE('',*,*,#6273,.T.);
#9065=ORIENTED_EDGE('',*,*,#6276,.F.);
#9066=ORIENTED_EDGE('',*,*,#6293,.F.);
#9067=ORIENTED_EDGE('',*,*,#6280,.T.);
#9068=ORIENTED_EDGE('',*,*,#6286,.F.);
#9069=ORIENTED_EDGE('',*,*,#6294,.F.);
#9070=ORIENTED_EDGE('',*,*,#6293,.T.);
#9071=ORIENTED_EDGE('',*,*,#6260,.T.);
#9072=ORIENTED_EDGE('',*,*,#6256,.T.);
#9073=ORIENTED_EDGE('',*,*,#6252,.T.);
#9074=ORIENTED_EDGE('',*,*,#6248,.T.);
#9075=ORIENTED_EDGE('',*,*,#6244,.T.);
#9076=ORIENTED_EDGE('',*,*,#6240,.T.);
#9077=ORIENTED_EDGE('',*,*,#6236,.T.);
#9078=ORIENTED_EDGE('',*,*,#6232,.T.);
#9079=ORIENTED_EDGE('',*,*,#6270,.F.);
#9080=ORIENTED_EDGE('',*,*,#6294,.T.);
#9081=ORIENTED_EDGE('',*,*,#6290,.F.);
#9082=ORIENTED_EDGE('',*,*,#6292,.F.);
#9083=ORIENTED_EDGE('',*,*,#6262,.T.);
#9084=ORIENTED_EDGE('',*,*,#6211,.T.);
#9085=ORIENTED_EDGE('',*,*,#6266,.T.);
#9086=ORIENTED_EDGE('',*,*,#6189,.T.);
#9087=PLANE('',#10051);
#9088=PLANE('',#10064);
#9089=PLANE('',#10065);
#9090=PLANE('',#10066);
#9091=PLANE('',#10067);
#9092=PLANE('',#10068);
#9093=PLANE('',#10069);
#9094=PLANE('',#10070);
#9095=PLANE('',#10071);
#9096=PLANE('',#10072);
#9097=PLANE('',#10073);
#9098=PLANE('',#10074);
#9099=PLANE('',#10075);
#9100=PLANE('',#10076);
#9101=PLANE('',#10077);
#9102=PLANE('',#10078);
#9103=PLANE('',#10079);
#9104=PLANE('',#10080);
#9105=PLANE('',#10081);
#9106=PLANE('',#10082);
#9107=PLANE('',#10083);
#9108=PLANE('',#10084);
#9109=PLANE('',#10085);
#9110=PLANE('',#10088);
#9111=PLANE('',#10089);
#9112=PLANE('',#10090);
#9113=PLANE('',#10091);
#9114=PLANE('',#10092);
#9115=PLANE('',#10093);
#9116=PLANE('',#10094);
#9117=PLANE('',#10097);
#9118=PLANE('',#10098);
#9119=PLANE('',#10099);
#9120=PLANE('',#10100);
#9121=PLANE('',#10101);
#9122=PLANE('',#10102);
#9123=PLANE('',#10103);
#9124=PLANE('',#10106);
#9125=PLANE('',#10107);
#9126=PLANE('',#10108);
#9127=PLANE('',#10109);
#9128=PLANE('',#10110);
#9129=PLANE('',#10111);
#9130=PLANE('',#10112);
#9131=PLANE('',#10115);
#9132=PLANE('',#10116);
#9133=PLANE('',#10117);
#9134=PLANE('',#10118);
#9135=PLANE('',#10119);
#9136=PLANE('',#10120);
#9137=PLANE('',#10121);
#9138=PLANE('',#10124);
#9139=PLANE('',#10125);
#9140=PLANE('',#10126);
#9141=PLANE('',#10127);
#9142=PLANE('',#10128);
#9143=PLANE('',#10129);
#9144=PLANE('',#10130);
#9145=PLANE('',#10131);
#9146=PLANE('',#10132);
#9147=PLANE('',#10133);
#9148=PLANE('',#10134);
#9149=PLANE('',#10135);
#9150=PLANE('',#10136);
#9151=PLANE('',#10137);
#9152=PLANE('',#10138);
#9153=PLANE('',#10139);
#9154=PLANE('',#10140);
#9155=PLANE('',#10141);
#9156=PLANE('',#10142);
#9157=PLANE('',#10144);
#9158=PLANE('',#10151);
#9159=PLANE('',#10153);
#9160=PLANE('',#10158);
#9161=PLANE('',#10160);
#9162=PLANE('',#10162);
#9163=PLANE('',#10163);
#9164=PLANE('',#10164);
#9165=PLANE('',#10165);
#9166=PLANE('',#10166);
#9167=PLANE('',#10167);
#9168=PLANE('',#10168);
#9169=PLANE('',#10169);
#9170=PLANE('',#10170);
#9171=PLANE('',#10171);
#9172=PLANE('',#10172);
#9173=PLANE('',#10173);
#9174=PLANE('',#10175);
#9175=PLANE('',#10176);
#9176=PLANE('',#10177);
#9177=PLANE('',#10178);
#9178=PLANE('',#10180);
#9179=PLANE('',#10181);
#9180=PLANE('',#10182);
#9181=PLANE('',#10183);
#9182=PLANE('',#10184);
#9183=PLANE('',#10185);
#9184=PLANE('',#10186);
#9185=PLANE('',#10187);
#9186=PLANE('',#10188);
#9187=PLANE('',#10192);
#9188=PLANE('',#10194);
#9189=PLANE('',#10195);
#9190=PLANE('',#10196);
#9191=PLANE('',#10197);
#9192=PLANE('',#10199);
#9193=PLANE('',#10203);
#9194=PLANE('',#10206);
#9195=PLANE('',#10208);
#9196=PLANE('',#10209);
#9197=PLANE('',#10213);
#9198=PLANE('',#10214);
#9199=PLANE('',#10215);
#9200=PLANE('',#10216);
#9201=PLANE('',#10217);
#9202=PLANE('',#10218);
#9203=PLANE('',#10219);
#9204=PLANE('',#10220);
#9205=PLANE('',#10221);
#9206=PLANE('',#10222);
#9207=PLANE('',#10223);
#9208=PLANE('',#10224);
#9209=PLANE('',#10225);
#9210=PLANE('',#10226);
#9211=PLANE('',#10227);
#9212=PLANE('',#10228);
#9213=PLANE('',#10229);
#9214=PLANE('',#10230);
#9215=PLANE('',#10231);
#9216=PLANE('',#10232);
#9217=PLANE('',#10233);
#9218=PLANE('',#10234);
#9219=PLANE('',#10235);
#9220=PLANE('',#10236);
#9221=PLANE('',#10237);
#9222=PLANE('',#10238);
#9223=PLANE('',#10239);
#9224=PLANE('',#10240);
#9225=PLANE('',#10241);
#9226=PLANE('',#10242);
#9227=PLANE('',#10243);
#9228=PLANE('',#10244);
#9229=PLANE('',#10245);
#9230=PLANE('',#10246);
#9231=PLANE('',#10247);
#9232=PLANE('',#10248);
#9233=PLANE('',#10249);
#9234=PLANE('',#10250);
#9235=PLANE('',#10251);
#9236=PLANE('',#10252);
#9237=PLANE('',#10253);
#9238=PLANE('',#10254);
#9239=PLANE('',#10255);
#9240=PLANE('',#10256);
#9241=PLANE('',#10257);
#9242=PLANE('',#10258);
#9243=PLANE('',#10259);
#9244=PLANE('',#10260);
#9245=PLANE('',#10261);
#9246=PLANE('',#10262);
#9247=PLANE('',#10263);
#9248=PLANE('',#10264);
#9249=PLANE('',#10265);
#9250=PLANE('',#10266);
#9251=PLANE('',#10267);
#9252=PLANE('',#10268);
#9253=PLANE('',#10269);
#9254=PLANE('',#10270);
#9255=PLANE('',#10271);
#9256=PLANE('',#10272);
#9257=PLANE('',#10273);
#9258=PLANE('',#10274);
#9259=PLANE('',#10275);
#9260=PLANE('',#10276);
#9261=PLANE('',#10277);
#9262=PLANE('',#10278);
#9263=PLANE('',#10279);
#9264=PLANE('',#10280);
#9265=PLANE('',#10283);
#9266=PLANE('',#10284);
#9267=PLANE('',#10285);
#9268=PLANE('',#10286);
#9269=PLANE('',#10287);
#9270=PLANE('',#10288);
#9271=PLANE('',#10289);
#9272=PLANE('',#10291);
#9273=PLANE('',#10292);
#9274=PLANE('',#10293);
#9275=PLANE('',#10294);
#9276=PLANE('',#10296);
#9277=PLANE('',#10297);
#9278=PLANE('',#10298);
#9279=PLANE('',#10299);
#9280=PLANE('',#10300);
#9281=PLANE('',#10301);
#9282=PLANE('',#10302);
#9283=PLANE('',#10303);
#9284=PLANE('',#10304);
#9285=PLANE('',#10305);
#9286=PLANE('',#10306);
#9287=PLANE('',#10307);
#9288=PLANE('',#10308);
#9289=PLANE('',#10311);
#9290=PLANE('',#10312);
#9291=PLANE('',#10314);
#9292=PLANE('',#10316);
#9293=PLANE('',#10318);
#9294=PLANE('',#10331);
#9295=PLANE('',#10332);
#9296=PLANE('',#10333);
#9297=PLANE('',#10334);
#9298=PLANE('',#10335);
#9299=PLANE('',#10336);
#9300=PLANE('',#10337);
#9301=PLANE('',#10338);
#9302=PLANE('',#10339);
#9303=PLANE('',#10340);
#9304=PLANE('',#10341);
#9305=PLANE('',#10342);
#9306=PLANE('',#10343);
#9307=PLANE('',#10344);
#9308=PLANE('',#10345);
#9309=PLANE('',#10346);
#9310=PLANE('',#10347);
#9311=PLANE('',#10348);
#9312=PLANE('',#10349);
#9313=PLANE('',#10350);
#9314=PLANE('',#10351);
#9315=PLANE('',#10352);
#9316=PLANE('',#10355);
#9317=PLANE('',#10356);
#9318=PLANE('',#10357);
#9319=PLANE('',#10358);
#9320=PLANE('',#10359);
#9321=PLANE('',#10360);
#9322=PLANE('',#10361);
#9323=PLANE('',#10364);
#9324=PLANE('',#10365);
#9325=PLANE('',#10366);
#9326=PLANE('',#10367);
#9327=PLANE('',#10368);
#9328=PLANE('',#10369);
#9329=PLANE('',#10370);
#9330=PLANE('',#10373);
#9331=PLANE('',#10374);
#9332=PLANE('',#10375);
#9333=PLANE('',#10376);
#9334=PLANE('',#10377);
#9335=PLANE('',#10378);
#9336=PLANE('',#10379);
#9337=PLANE('',#10382);
#9338=PLANE('',#10383);
#9339=PLANE('',#10384);
#9340=PLANE('',#10385);
#9341=PLANE('',#10386);
#9342=PLANE('',#10387);
#9343=PLANE('',#10388);
#9344=PLANE('',#10391);
#9345=PLANE('',#10392);
#9346=PLANE('',#10393);
#9347=PLANE('',#10394);
#9348=PLANE('',#10395);
#9349=PLANE('',#10396);
#9350=PLANE('',#10397);
#9351=PLANE('',#10398);
#9352=PLANE('',#10399);
#9353=PLANE('',#10400);
#9354=PLANE('',#10401);
#9355=PLANE('',#10402);
#9356=PLANE('',#10403);
#9357=PLANE('',#10404);
#9358=PLANE('',#10405);
#9359=PLANE('',#10406);
#9360=PLANE('',#10407);
#9361=PLANE('',#10408);
#9362=PLANE('',#10409);
#9363=PLANE('',#10411);
#9364=PLANE('',#10418);
#9365=PLANE('',#10420);
#9366=PLANE('',#10425);
#9367=PLANE('',#10427);
#9368=PLANE('',#10429);
#9369=PLANE('',#10430);
#9370=PLANE('',#10431);
#9371=PLANE('',#10432);
#9372=PLANE('',#10433);
#9373=PLANE('',#10434);
#9374=PLANE('',#10435);
#9375=PLANE('',#10436);
#9376=PLANE('',#10437);
#9377=PLANE('',#10438);
#9378=PLANE('',#10439);
#9379=PLANE('',#10440);
#9380=PLANE('',#10442);
#9381=PLANE('',#10443);
#9382=PLANE('',#10444);
#9383=PLANE('',#10445);
#9384=PLANE('',#10447);
#9385=PLANE('',#10448);
#9386=PLANE('',#10449);
#9387=PLANE('',#10450);
#9388=PLANE('',#10451);
#9389=PLANE('',#10452);
#9390=PLANE('',#10453);
#9391=PLANE('',#10454);
#9392=PLANE('',#10455);
#9393=PLANE('',#10459);
#9394=PLANE('',#10461);
#9395=PLANE('',#10462);
#9396=PLANE('',#10463);
#9397=PLANE('',#10464);
#9398=PLANE('',#10466);
#9399=PLANE('',#10470);
#9400=PLANE('',#10473);
#9401=PLANE('',#10475);
#9402=PLANE('',#10476);
#9403=PLANE('',#10480);
#9404=PLANE('',#10481);
#9405=PLANE('',#10482);
#9406=PLANE('',#10483);
#9407=PLANE('',#10484);
#9408=PLANE('',#10485);
#9409=PLANE('',#10486);
#9410=PLANE('',#10487);
#9411=PLANE('',#10488);
#9412=PLANE('',#10489);
#9413=PLANE('',#10490);
#9414=PLANE('',#10491);
#9415=PLANE('',#10492);
#9416=PLANE('',#10493);
#9417=PLANE('',#10494);
#9418=PLANE('',#10495);
#9419=PLANE('',#10496);
#9420=PLANE('',#10497);
#9421=PLANE('',#10498);
#9422=PLANE('',#10499);
#9423=PLANE('',#10500);
#9424=PLANE('',#10501);
#9425=PLANE('',#10502);
#9426=PLANE('',#10503);
#9427=PLANE('',#10504);
#9428=PLANE('',#10505);
#9429=PLANE('',#10506);
#9430=PLANE('',#10507);
#9431=PLANE('',#10508);
#9432=PLANE('',#10509);
#9433=PLANE('',#10510);
#9434=PLANE('',#10511);
#9435=PLANE('',#10512);
#9436=PLANE('',#10513);
#9437=PLANE('',#10514);
#9438=PLANE('',#10515);
#9439=PLANE('',#10516);
#9440=PLANE('',#10517);
#9441=PLANE('',#10518);
#9442=PLANE('',#10519);
#9443=PLANE('',#10520);
#9444=PLANE('',#10521);
#9445=PLANE('',#10522);
#9446=PLANE('',#10523);
#9447=PLANE('',#10524);
#9448=PLANE('',#10525);
#9449=PLANE('',#10526);
#9450=PLANE('',#10527);
#9451=PLANE('',#10528);
#9452=PLANE('',#10529);
#9453=PLANE('',#10530);
#9454=PLANE('',#10531);
#9455=PLANE('',#10532);
#9456=PLANE('',#10533);
#9457=PLANE('',#10534);
#9458=PLANE('',#10535);
#9459=PLANE('',#10536);
#9460=PLANE('',#10537);
#9461=PLANE('',#10538);
#9462=PLANE('',#10539);
#9463=PLANE('',#10540);
#9464=PLANE('',#10541);
#9465=PLANE('',#10542);
#9466=PLANE('',#10543);
#9467=PLANE('',#10544);
#9468=PLANE('',#10545);
#9469=PLANE('',#10546);
#9470=PLANE('',#10547);
#9471=PLANE('',#10550);
#9472=PLANE('',#10551);
#9473=PLANE('',#10552);
#9474=PLANE('',#10553);
#9475=PLANE('',#10554);
#9476=PLANE('',#10555);
#9477=PLANE('',#10556);
#9478=PLANE('',#10558);
#9479=PLANE('',#10559);
#9480=PLANE('',#10560);
#9481=PLANE('',#10561);
#9482=PLANE('',#10563);
#9483=PLANE('',#10564);
#9484=PLANE('',#10565);
#9485=PLANE('',#10566);
#9486=PLANE('',#10567);
#9487=PLANE('',#10568);
#9488=PLANE('',#10569);
#9489=PLANE('',#10570);
#9490=PLANE('',#10571);
#9491=PLANE('',#10572);
#9492=PLANE('',#10573);
#9493=PLANE('',#10574);
#9494=PLANE('',#10575);
#9495=PLANE('',#10578);
#9496=PLANE('',#10579);
#9497=PLANE('',#10581);
#9498=PLANE('',#10583);
#9499=PLANE('',#10584);
#9500=PLANE('',#10585);
#9501=PLANE('',#10586);
#9502=PLANE('',#10587);
#9503=PLANE('',#10588);
#9504=PLANE('',#10597);
#9505=PLANE('',#10598);
#9506=PLANE('',#10607);
#9507=PLANE('',#10640);
#9508=PLANE('',#10641);
#9509=PLANE('',#10642);
#9510=PLANE('',#10643);
#9511=PLANE('',#10644);
#9512=PLANE('',#10645);
#9513=PLANE('',#10646);
#9514=PLANE('',#10647);
#9515=PLANE('',#10648);
#9516=PLANE('',#10649);
#9517=PLANE('',#10650);
#9518=PLANE('',#10651);
#9519=PLANE('',#10652);
#9520=PLANE('',#10653);
#9521=PLANE('',#10654);
#9522=PLANE('',#10655);
#9523=PLANE('',#10656);
#9524=PLANE('',#10657);
#9525=PLANE('',#10658);
#9526=PLANE('',#10659);
#9527=ADVANCED_FACE('',(#307,#87,#88,#89,#90,#91,#92,#93,#94,#95),#9087,
 .F.);
#9528=ADVANCED_FACE('',(#308),#31,.F.);
#9529=ADVANCED_FACE('',(#309,#96),#9088,.T.);
#9530=ADVANCED_FACE('',(#310),#9089,.F.);
#9531=ADVANCED_FACE('',(#311),#9090,.F.);
#9532=ADVANCED_FACE('',(#312),#9091,.F.);
#9533=ADVANCED_FACE('',(#313),#9092,.F.);
#9534=ADVANCED_FACE('',(#314),#9093,.F.);
#9535=ADVANCED_FACE('',(#315),#9094,.F.);
#9536=ADVANCED_FACE('',(#316,#97),#9095,.T.);
#9537=ADVANCED_FACE('',(#317,#98),#9096,.T.);
#9538=ADVANCED_FACE('',(#318,#99),#9097,.T.);
#9539=ADVANCED_FACE('',(#319,#100),#9098,.T.);
#9540=ADVANCED_FACE('',(#320,#101),#9099,.T.);
#9541=ADVANCED_FACE('',(#321,#102),#9100,.T.);
#9542=ADVANCED_FACE('',(#322),#9101,.T.);
#9543=ADVANCED_FACE('',(#323),#9102,.T.);
#9544=ADVANCED_FACE('',(#324),#9103,.F.);
#9545=ADVANCED_FACE('',(#325),#9104,.F.);
#9546=ADVANCED_FACE('',(#326),#9105,.F.);
#9547=ADVANCED_FACE('',(#327),#9106,.F.);
#9548=ADVANCED_FACE('',(#328),#9107,.F.);
#9549=ADVANCED_FACE('',(#329),#9108,.F.);
#9550=ADVANCED_FACE('',(#330,#103),#9109,.T.);
#9551=ADVANCED_FACE('',(#331),#32,.F.);
#9552=ADVANCED_FACE('',(#332),#9110,.F.);
#9553=ADVANCED_FACE('',(#333),#9111,.F.);
#9554=ADVANCED_FACE('',(#334),#9112,.F.);
#9555=ADVANCED_FACE('',(#335),#9113,.F.);
#9556=ADVANCED_FACE('',(#336),#9114,.F.);
#9557=ADVANCED_FACE('',(#337),#9115,.F.);
#9558=ADVANCED_FACE('',(#338,#104),#9116,.T.);
#9559=ADVANCED_FACE('',(#339),#33,.F.);
#9560=ADVANCED_FACE('',(#340),#9117,.F.);
#9561=ADVANCED_FACE('',(#341),#9118,.F.);
#9562=ADVANCED_FACE('',(#342),#9119,.F.);
#9563=ADVANCED_FACE('',(#343),#9120,.F.);
#9564=ADVANCED_FACE('',(#344),#9121,.F.);
#9565=ADVANCED_FACE('',(#345),#9122,.F.);
#9566=ADVANCED_FACE('',(#346,#105),#9123,.T.);
#9567=ADVANCED_FACE('',(#347),#34,.F.);
#9568=ADVANCED_FACE('',(#348),#9124,.F.);
#9569=ADVANCED_FACE('',(#349),#9125,.F.);
#9570=ADVANCED_FACE('',(#350),#9126,.F.);
#9571=ADVANCED_FACE('',(#351),#9127,.F.);
#9572=ADVANCED_FACE('',(#352),#9128,.F.);
#9573=ADVANCED_FACE('',(#353),#9129,.F.);
#9574=ADVANCED_FACE('',(#354,#106),#9130,.T.);
#9575=ADVANCED_FACE('',(#355),#35,.F.);
#9576=ADVANCED_FACE('',(#356),#9131,.F.);
#9577=ADVANCED_FACE('',(#357),#9132,.F.);
#9578=ADVANCED_FACE('',(#358),#9133,.F.);
#9579=ADVANCED_FACE('',(#359),#9134,.F.);
#9580=ADVANCED_FACE('',(#360),#9135,.F.);
#9581=ADVANCED_FACE('',(#361),#9136,.F.);
#9582=ADVANCED_FACE('',(#362,#107),#9137,.T.);
#9583=ADVANCED_FACE('',(#363),#36,.F.);
#9584=ADVANCED_FACE('',(#364),#9138,.T.);
#9585=ADVANCED_FACE('',(#365),#9139,.T.);
#9586=ADVANCED_FACE('',(#366),#9140,.T.);
#9587=ADVANCED_FACE('',(#367),#9141,.T.);
#9588=ADVANCED_FACE('',(#368),#9142,.T.);
#9589=ADVANCED_FACE('',(#369),#9143,.T.);
#9590=ADVANCED_FACE('',(#370),#9144,.T.);
#9591=ADVANCED_FACE('',(#371),#9145,.T.);
#9592=ADVANCED_FACE('',(#372),#9146,.T.);
#9593=ADVANCED_FACE('',(#373),#9147,.T.);
#9594=ADVANCED_FACE('',(#374),#9148,.T.);
#9595=ADVANCED_FACE('',(#375),#9149,.T.);
#9596=ADVANCED_FACE('',(#376),#9150,.T.);
#9597=ADVANCED_FACE('',(#377),#9151,.T.);
#9598=ADVANCED_FACE('',(#378),#9152,.T.);
#9599=ADVANCED_FACE('',(#379),#9153,.T.);
#9600=ADVANCED_FACE('',(#380),#9154,.T.);
#9601=ADVANCED_FACE('',(#381),#9155,.T.);
#9602=ADVANCED_FACE('',(#382,#108),#9156,.T.);
#9603=ADVANCED_FACE('',(#383,#109),#9157,.T.);
#9604=ADVANCED_FACE('',(#384),#37,.F.);
#9605=ADVANCED_FACE('',(#385),#38,.F.);
#9606=ADVANCED_FACE('',(#386,#110),#9158,.T.);
#9607=ADVANCED_FACE('',(#387,#111),#9159,.T.);
#9608=ADVANCED_FACE('',(#388),#39,.F.);
#9609=ADVANCED_FACE('',(#389,#112),#9160,.T.);
#9610=ADVANCED_FACE('',(#390,#113),#9161,.T.);
#9611=ADVANCED_FACE('',(#391),#40,.F.);
#9612=ADVANCED_FACE('',(#392),#9162,.T.);
#9613=ADVANCED_FACE('',(#393),#9163,.T.);
#9614=ADVANCED_FACE('',(#394),#9164,.T.);
#9615=ADVANCED_FACE('',(#395),#9165,.T.);
#9616=ADVANCED_FACE('',(#396),#9166,.F.);
#9617=ADVANCED_FACE('',(#397),#9167,.F.);
#9618=ADVANCED_FACE('',(#398),#9168,.T.);
#9619=ADVANCED_FACE('',(#399),#9169,.F.);
#9620=ADVANCED_FACE('',(#400,#114),#9170,.T.);
#9621=ADVANCED_FACE('',(#401),#9171,.F.);
#9622=ADVANCED_FACE('',(#402),#9172,.F.);
#9623=ADVANCED_FACE('',(#403,#115),#9173,.T.);
#9624=ADVANCED_FACE('',(#404),#9174,.F.);
#9625=ADVANCED_FACE('',(#405),#9175,.F.);
#9626=ADVANCED_FACE('',(#406),#9176,.F.);
#9627=ADVANCED_FACE('',(#407),#9177,.F.);
#9628=ADVANCED_FACE('',(#408),#41,.F.);
#9629=ADVANCED_FACE('',(#409),#9178,.T.);
#9630=ADVANCED_FACE('',(#410),#9179,.F.);
#9631=ADVANCED_FACE('',(#411),#9180,.F.);
#9632=ADVANCED_FACE('',(#412),#9181,.T.);
#9633=ADVANCED_FACE('',(#413),#9182,.T.);
#9634=ADVANCED_FACE('',(#414),#9183,.T.);
#9635=ADVANCED_FACE('',(#415),#9184,.T.);
#9636=ADVANCED_FACE('',(#416),#9185,.F.);
#9637=ADVANCED_FACE('',(#417),#9186,.T.);
#9638=ADVANCED_FACE('',(#418),#42,.T.);
#9639=ADVANCED_FACE('',(#419),#9187,.F.);
#9640=ADVANCED_FACE('',(#420),#9188,.F.);
#9641=ADVANCED_FACE('',(#421),#9189,.T.);
#9642=ADVANCED_FACE('',(#422),#9190,.T.);
#9643=ADVANCED_FACE('',(#423,#116),#9191,.T.);
#9644=ADVANCED_FACE('',(#424,#117),#9192,.T.);
#9645=ADVANCED_FACE('',(#425),#43,.F.);
#9646=ADVANCED_FACE('',(#426,#118),#9193,.T.);
#9647=ADVANCED_FACE('',(#427,#119),#9194,.T.);
#9648=ADVANCED_FACE('',(#428),#44,.F.);
#9649=ADVANCED_FACE('',(#429,#120),#9195,.T.);
#9650=ADVANCED_FACE('',(#430,#121),#9196,.T.);
#9651=ADVANCED_FACE('',(#431),#45,.F.);
#9652=ADVANCED_FACE('',(#432),#46,.F.);
#9653=ADVANCED_FACE('',(#433),#9197,.T.);
#9654=ADVANCED_FACE('',(#434),#9198,.T.);
#9655=ADVANCED_FACE('',(#435),#9199,.T.);
#9656=ADVANCED_FACE('',(#436),#9200,.F.);
#9657=ADVANCED_FACE('',(#437),#9201,.F.);
#9658=ADVANCED_FACE('',(#438),#9202,.T.);
#9659=ADVANCED_FACE('',(#439),#9203,.T.);
#9660=ADVANCED_FACE('',(#440),#9204,.T.);
#9661=ADVANCED_FACE('',(#441),#9205,.F.);
#9662=ADVANCED_FACE('',(#442),#9206,.F.);
#9663=ADVANCED_FACE('',(#443),#9207,.T.);
#9664=ADVANCED_FACE('',(#444),#9208,.T.);
#9665=ADVANCED_FACE('',(#445),#9209,.T.);
#9666=ADVANCED_FACE('',(#446),#9210,.T.);
#9667=ADVANCED_FACE('',(#447),#9211,.T.);
#9668=ADVANCED_FACE('',(#448),#9212,.T.);
#9669=ADVANCED_FACE('',(#449),#9213,.T.);
#9670=ADVANCED_FACE('',(#450),#9214,.T.);
#9671=ADVANCED_FACE('',(#451),#9215,.T.);
#9672=ADVANCED_FACE('',(#452),#9216,.T.);
#9673=ADVANCED_FACE('',(#453),#9217,.T.);
#9674=ADVANCED_FACE('',(#454),#9218,.T.);
#9675=ADVANCED_FACE('',(#455),#9219,.T.);
#9676=ADVANCED_FACE('',(#456),#9220,.F.);
#9677=ADVANCED_FACE('',(#457),#9221,.T.);
#9678=ADVANCED_FACE('',(#458),#9222,.T.);
#9679=ADVANCED_FACE('',(#459),#9223,.T.);
#9680=ADVANCED_FACE('',(#460),#9224,.T.);
#9681=ADVANCED_FACE('',(#461),#9225,.T.);
#9682=ADVANCED_FACE('',(#462),#9226,.T.);
#9683=ADVANCED_FACE('',(#463),#9227,.T.);
#9684=ADVANCED_FACE('',(#464),#9228,.T.);
#9685=ADVANCED_FACE('',(#465),#9229,.T.);
#9686=ADVANCED_FACE('',(#466),#9230,.T.);
#9687=ADVANCED_FACE('',(#467),#9231,.T.);
#9688=ADVANCED_FACE('',(#468),#9232,.T.);
#9689=ADVANCED_FACE('',(#469),#9233,.T.);
#9690=ADVANCED_FACE('',(#470),#9234,.T.);
#9691=ADVANCED_FACE('',(#471),#9235,.T.);
#9692=ADVANCED_FACE('',(#472),#9236,.T.);
#9693=ADVANCED_FACE('',(#473),#9237,.T.);
#9694=ADVANCED_FACE('',(#474),#9238,.T.);
#9695=ADVANCED_FACE('',(#475),#9239,.T.);
#9696=ADVANCED_FACE('',(#476),#9240,.T.);
#9697=ADVANCED_FACE('',(#477),#9241,.T.);
#9698=ADVANCED_FACE('',(#478),#9242,.T.);
#9699=ADVANCED_FACE('',(#479),#9243,.T.);
#9700=ADVANCED_FACE('',(#480),#9244,.T.);
#9701=ADVANCED_FACE('',(#481),#9245,.T.);
#9702=ADVANCED_FACE('',(#482),#9246,.T.);
#9703=ADVANCED_FACE('',(#483),#9247,.T.);
#9704=ADVANCED_FACE('',(#484),#9248,.T.);
#9705=ADVANCED_FACE('',(#485),#9249,.T.);
#9706=ADVANCED_FACE('',(#486),#9250,.T.);
#9707=ADVANCED_FACE('',(#487),#9251,.T.);
#9708=ADVANCED_FACE('',(#488),#9252,.T.);
#9709=ADVANCED_FACE('',(#489),#9253,.T.);
#9710=ADVANCED_FACE('',(#490),#9254,.T.);
#9711=ADVANCED_FACE('',(#491),#9255,.F.);
#9712=ADVANCED_FACE('',(#492),#9256,.F.);
#9713=ADVANCED_FACE('',(#493),#9257,.T.);
#9714=ADVANCED_FACE('',(#494),#9258,.T.);
#9715=ADVANCED_FACE('',(#495),#9259,.T.);
#9716=ADVANCED_FACE('',(#496),#9260,.T.);
#9717=ADVANCED_FACE('',(#497),#9261,.F.);
#9718=ADVANCED_FACE('',(#498),#9262,.T.);
#9719=ADVANCED_FACE('',(#499),#9263,.F.);
#9720=ADVANCED_FACE('',(#500),#9264,.T.);
#9721=ADVANCED_FACE('',(#501),#47,.T.);
#9722=ADVANCED_FACE('',(#502),#9265,.T.);
#9723=ADVANCED_FACE('',(#503),#9266,.T.);
#9724=ADVANCED_FACE('',(#504),#9267,.F.);
#9725=ADVANCED_FACE('',(#505),#9268,.T.);
#9726=ADVANCED_FACE('',(#506),#9269,.F.);
#9727=ADVANCED_FACE('',(#507),#9270,.F.);
#9728=ADVANCED_FACE('',(#508,#122),#9271,.T.);
#9729=ADVANCED_FACE('',(#509),#9272,.F.);
#9730=ADVANCED_FACE('',(#510),#9273,.F.);
#9731=ADVANCED_FACE('',(#511),#9274,.F.);
#9732=ADVANCED_FACE('',(#512),#9275,.F.);
#9733=ADVANCED_FACE('',(#513),#48,.F.);
#9734=ADVANCED_FACE('',(#514),#9276,.T.);
#9735=ADVANCED_FACE('',(#515),#9277,.T.);
#9736=ADVANCED_FACE('',(#516),#9278,.T.);
#9737=ADVANCED_FACE('',(#517),#9279,.T.);
#9738=ADVANCED_FACE('',(#518),#9280,.T.);
#9739=ADVANCED_FACE('',(#519),#9281,.F.);
#9740=ADVANCED_FACE('',(#520),#9282,.T.);
#9741=ADVANCED_FACE('',(#521),#9283,.T.);
#9742=ADVANCED_FACE('',(#522),#9284,.T.);
#9743=ADVANCED_FACE('',(#523),#9285,.T.);
#9744=ADVANCED_FACE('',(#524),#9286,.T.);
#9745=ADVANCED_FACE('',(#525),#9287,.F.);
#9746=ADVANCED_FACE('',(#526),#9288,.F.);
#9747=ADVANCED_FACE('',(#527),#49,.F.);
#9748=ADVANCED_FACE('',(#528),#9289,.F.);
#9749=ADVANCED_FACE('',(#529),#9290,.F.);
#9750=ADVANCED_FACE('',(#530),#9291,.F.);
#9751=ADVANCED_FACE('',(#531),#50,.F.);
#9752=ADVANCED_FACE('',(#532),#9292,.F.);
#9753=ADVANCED_FACE('',(#533,#123,#124,#125,#126,#127,#128,#129,#130,#131),
#9293,.F.);
#9754=ADVANCED_FACE('',(#534),#51,.F.);
#9755=ADVANCED_FACE('',(#535,#132),#9294,.T.);
#9756=ADVANCED_FACE('',(#536),#9295,.F.);
#9757=ADVANCED_FACE('',(#537),#9296,.F.);
#9758=ADVANCED_FACE('',(#538),#9297,.F.);
#9759=ADVANCED_FACE('',(#539),#9298,.F.);
#9760=ADVANCED_FACE('',(#540),#9299,.F.);
#9761=ADVANCED_FACE('',(#541),#9300,.F.);
#9762=ADVANCED_FACE('',(#542,#133),#9301,.T.);
#9763=ADVANCED_FACE('',(#543,#134),#9302,.T.);
#9764=ADVANCED_FACE('',(#544,#135),#9303,.T.);
#9765=ADVANCED_FACE('',(#545,#136),#9304,.T.);
#9766=ADVANCED_FACE('',(#546,#137),#9305,.T.);
#9767=ADVANCED_FACE('',(#547,#138),#9306,.T.);
#9768=ADVANCED_FACE('',(#548),#9307,.T.);
#9769=ADVANCED_FACE('',(#549),#9308,.T.);
#9770=ADVANCED_FACE('',(#550),#9309,.F.);
#9771=ADVANCED_FACE('',(#551),#9310,.F.);
#9772=ADVANCED_FACE('',(#552),#9311,.F.);
#9773=ADVANCED_FACE('',(#553),#9312,.F.);
#9774=ADVANCED_FACE('',(#554),#9313,.F.);
#9775=ADVANCED_FACE('',(#555),#9314,.F.);
#9776=ADVANCED_FACE('',(#556,#139),#9315,.T.);
#9777=ADVANCED_FACE('',(#557),#52,.F.);
#9778=ADVANCED_FACE('',(#558),#9316,.F.);
#9779=ADVANCED_FACE('',(#559),#9317,.F.);
#9780=ADVANCED_FACE('',(#560),#9318,.F.);
#9781=ADVANCED_FACE('',(#561),#9319,.F.);
#9782=ADVANCED_FACE('',(#562),#9320,.F.);
#9783=ADVANCED_FACE('',(#563),#9321,.F.);
#9784=ADVANCED_FACE('',(#564,#140),#9322,.T.);
#9785=ADVANCED_FACE('',(#565),#53,.F.);
#9786=ADVANCED_FACE('',(#566),#9323,.F.);
#9787=ADVANCED_FACE('',(#567),#9324,.F.);
#9788=ADVANCED_FACE('',(#568),#9325,.F.);
#9789=ADVANCED_FACE('',(#569),#9326,.F.);
#9790=ADVANCED_FACE('',(#570),#9327,.F.);
#9791=ADVANCED_FACE('',(#571),#9328,.F.);
#9792=ADVANCED_FACE('',(#572,#141),#9329,.T.);
#9793=ADVANCED_FACE('',(#573),#54,.F.);
#9794=ADVANCED_FACE('',(#574),#9330,.F.);
#9795=ADVANCED_FACE('',(#575),#9331,.F.);
#9796=ADVANCED_FACE('',(#576),#9332,.F.);
#9797=ADVANCED_FACE('',(#577),#9333,.F.);
#9798=ADVANCED_FACE('',(#578),#9334,.F.);
#9799=ADVANCED_FACE('',(#579),#9335,.F.);
#9800=ADVANCED_FACE('',(#580,#142),#9336,.T.);
#9801=ADVANCED_FACE('',(#581),#55,.F.);
#9802=ADVANCED_FACE('',(#582),#9337,.F.);
#9803=ADVANCED_FACE('',(#583),#9338,.F.);
#9804=ADVANCED_FACE('',(#584),#9339,.F.);
#9805=ADVANCED_FACE('',(#585),#9340,.F.);
#9806=ADVANCED_FACE('',(#586),#9341,.F.);
#9807=ADVANCED_FACE('',(#587),#9342,.F.);
#9808=ADVANCED_FACE('',(#588,#143),#9343,.T.);
#9809=ADVANCED_FACE('',(#589),#56,.F.);
#9810=ADVANCED_FACE('',(#590),#9344,.T.);
#9811=ADVANCED_FACE('',(#591),#9345,.T.);
#9812=ADVANCED_FACE('',(#592),#9346,.T.);
#9813=ADVANCED_FACE('',(#593),#9347,.T.);
#9814=ADVANCED_FACE('',(#594),#9348,.T.);
#9815=ADVANCED_FACE('',(#595),#9349,.T.);
#9816=ADVANCED_FACE('',(#596),#9350,.T.);
#9817=ADVANCED_FACE('',(#597),#9351,.T.);
#9818=ADVANCED_FACE('',(#598),#9352,.T.);
#9819=ADVANCED_FACE('',(#599),#9353,.T.);
#9820=ADVANCED_FACE('',(#600),#9354,.T.);
#9821=ADVANCED_FACE('',(#601),#9355,.T.);
#9822=ADVANCED_FACE('',(#602),#9356,.T.);
#9823=ADVANCED_FACE('',(#603),#9357,.T.);
#9824=ADVANCED_FACE('',(#604),#9358,.T.);
#9825=ADVANCED_FACE('',(#605),#9359,.T.);
#9826=ADVANCED_FACE('',(#606),#9360,.T.);
#9827=ADVANCED_FACE('',(#607),#9361,.T.);
#9828=ADVANCED_FACE('',(#608,#144),#9362,.T.);
#9829=ADVANCED_FACE('',(#609,#145),#9363,.T.);
#9830=ADVANCED_FACE('',(#610),#57,.F.);
#9831=ADVANCED_FACE('',(#611),#58,.F.);
#9832=ADVANCED_FACE('',(#612,#146),#9364,.T.);
#9833=ADVANCED_FACE('',(#613,#147),#9365,.T.);
#9834=ADVANCED_FACE('',(#614),#59,.F.);
#9835=ADVANCED_FACE('',(#615,#148),#9366,.T.);
#9836=ADVANCED_FACE('',(#616,#149),#9367,.T.);
#9837=ADVANCED_FACE('',(#617),#60,.F.);
#9838=ADVANCED_FACE('',(#618),#9368,.T.);
#9839=ADVANCED_FACE('',(#619),#9369,.T.);
#9840=ADVANCED_FACE('',(#620),#9370,.T.);
#9841=ADVANCED_FACE('',(#621),#9371,.T.);
#9842=ADVANCED_FACE('',(#622),#9372,.F.);
#9843=ADVANCED_FACE('',(#623),#9373,.F.);
#9844=ADVANCED_FACE('',(#624),#9374,.T.);
#9845=ADVANCED_FACE('',(#625),#9375,.F.);
#9846=ADVANCED_FACE('',(#626,#150),#9376,.T.);
#9847=ADVANCED_FACE('',(#627),#9377,.F.);
#9848=ADVANCED_FACE('',(#628),#9378,.F.);
#9849=ADVANCED_FACE('',(#629,#151),#9379,.T.);
#9850=ADVANCED_FACE('',(#630),#9380,.F.);
#9851=ADVANCED_FACE('',(#631),#9381,.F.);
#9852=ADVANCED_FACE('',(#632),#9382,.F.);
#9853=ADVANCED_FACE('',(#633),#9383,.F.);
#9854=ADVANCED_FACE('',(#634),#61,.F.);
#9855=ADVANCED_FACE('',(#635),#9384,.T.);
#9856=ADVANCED_FACE('',(#636),#9385,.F.);
#9857=ADVANCED_FACE('',(#637),#9386,.F.);
#9858=ADVANCED_FACE('',(#638),#9387,.T.);
#9859=ADVANCED_FACE('',(#639),#9388,.T.);
#9860=ADVANCED_FACE('',(#640),#9389,.T.);
#9861=ADVANCED_FACE('',(#641),#9390,.T.);
#9862=ADVANCED_FACE('',(#642),#9391,.F.);
#9863=ADVANCED_FACE('',(#643),#9392,.T.);
#9864=ADVANCED_FACE('',(#644),#62,.T.);
#9865=ADVANCED_FACE('',(#645),#9393,.F.);
#9866=ADVANCED_FACE('',(#646),#9394,.F.);
#9867=ADVANCED_FACE('',(#647),#9395,.T.);
#9868=ADVANCED_FACE('',(#648),#9396,.T.);
#9869=ADVANCED_FACE('',(#649,#152),#9397,.T.);
#9870=ADVANCED_FACE('',(#650,#153),#9398,.T.);
#9871=ADVANCED_FACE('',(#651),#63,.F.);
#9872=ADVANCED_FACE('',(#652,#154),#9399,.T.);
#9873=ADVANCED_FACE('',(#653,#155),#9400,.T.);
#9874=ADVANCED_FACE('',(#654),#64,.F.);
#9875=ADVANCED_FACE('',(#655,#156),#9401,.T.);
#9876=ADVANCED_FACE('',(#656,#157),#9402,.T.);
#9877=ADVANCED_FACE('',(#657),#65,.F.);
#9878=ADVANCED_FACE('',(#658),#66,.F.);
#9879=ADVANCED_FACE('',(#659),#9403,.T.);
#9880=ADVANCED_FACE('',(#660),#9404,.T.);
#9881=ADVANCED_FACE('',(#661),#9405,.T.);
#9882=ADVANCED_FACE('',(#662),#9406,.F.);
#9883=ADVANCED_FACE('',(#663),#9407,.F.);
#9884=ADVANCED_FACE('',(#664),#9408,.T.);
#9885=ADVANCED_FACE('',(#665),#9409,.T.);
#9886=ADVANCED_FACE('',(#666),#9410,.T.);
#9887=ADVANCED_FACE('',(#667),#9411,.F.);
#9888=ADVANCED_FACE('',(#668),#9412,.F.);
#9889=ADVANCED_FACE('',(#669),#9413,.T.);
#9890=ADVANCED_FACE('',(#670),#9414,.T.);
#9891=ADVANCED_FACE('',(#671),#9415,.T.);
#9892=ADVANCED_FACE('',(#672),#9416,.T.);
#9893=ADVANCED_FACE('',(#673),#9417,.T.);
#9894=ADVANCED_FACE('',(#674),#9418,.T.);
#9895=ADVANCED_FACE('',(#675),#9419,.T.);
#9896=ADVANCED_FACE('',(#676),#9420,.T.);
#9897=ADVANCED_FACE('',(#677),#9421,.T.);
#9898=ADVANCED_FACE('',(#678),#9422,.T.);
#9899=ADVANCED_FACE('',(#679),#9423,.T.);
#9900=ADVANCED_FACE('',(#680),#9424,.T.);
#9901=ADVANCED_FACE('',(#681),#9425,.T.);
#9902=ADVANCED_FACE('',(#682),#9426,.F.);
#9903=ADVANCED_FACE('',(#683),#9427,.T.);
#9904=ADVANCED_FACE('',(#684),#9428,.T.);
#9905=ADVANCED_FACE('',(#685),#9429,.T.);
#9906=ADVANCED_FACE('',(#686),#9430,.T.);
#9907=ADVANCED_FACE('',(#687),#9431,.T.);
#9908=ADVANCED_FACE('',(#688),#9432,.T.);
#9909=ADVANCED_FACE('',(#689),#9433,.T.);
#9910=ADVANCED_FACE('',(#690),#9434,.T.);
#9911=ADVANCED_FACE('',(#691),#9435,.T.);
#9912=ADVANCED_FACE('',(#692),#9436,.T.);
#9913=ADVANCED_FACE('',(#693),#9437,.T.);
#9914=ADVANCED_FACE('',(#694),#9438,.T.);
#9915=ADVANCED_FACE('',(#695),#9439,.T.);
#9916=ADVANCED_FACE('',(#696),#9440,.T.);
#9917=ADVANCED_FACE('',(#697),#9441,.T.);
#9918=ADVANCED_FACE('',(#698),#9442,.T.);
#9919=ADVANCED_FACE('',(#699),#9443,.T.);
#9920=ADVANCED_FACE('',(#700),#9444,.T.);
#9921=ADVANCED_FACE('',(#701),#9445,.T.);
#9922=ADVANCED_FACE('',(#702),#9446,.T.);
#9923=ADVANCED_FACE('',(#703),#9447,.T.);
#9924=ADVANCED_FACE('',(#704),#9448,.T.);
#9925=ADVANCED_FACE('',(#705),#9449,.T.);
#9926=ADVANCED_FACE('',(#706),#9450,.T.);
#9927=ADVANCED_FACE('',(#707),#9451,.T.);
#9928=ADVANCED_FACE('',(#708),#9452,.T.);
#9929=ADVANCED_FACE('',(#709),#9453,.T.);
#9930=ADVANCED_FACE('',(#710),#9454,.T.);
#9931=ADVANCED_FACE('',(#711),#9455,.T.);
#9932=ADVANCED_FACE('',(#712),#9456,.T.);
#9933=ADVANCED_FACE('',(#713),#9457,.T.);
#9934=ADVANCED_FACE('',(#714),#9458,.T.);
#9935=ADVANCED_FACE('',(#715),#9459,.T.);
#9936=ADVANCED_FACE('',(#716),#9460,.T.);
#9937=ADVANCED_FACE('',(#717),#9461,.F.);
#9938=ADVANCED_FACE('',(#718),#9462,.F.);
#9939=ADVANCED_FACE('',(#719),#9463,.T.);
#9940=ADVANCED_FACE('',(#720),#9464,.T.);
#9941=ADVANCED_FACE('',(#721),#9465,.T.);
#9942=ADVANCED_FACE('',(#722),#9466,.T.);
#9943=ADVANCED_FACE('',(#723),#9467,.F.);
#9944=ADVANCED_FACE('',(#724),#9468,.T.);
#9945=ADVANCED_FACE('',(#725),#9469,.F.);
#9946=ADVANCED_FACE('',(#726),#9470,.T.);
#9947=ADVANCED_FACE('',(#727),#67,.T.);
#9948=ADVANCED_FACE('',(#728),#9471,.T.);
#9949=ADVANCED_FACE('',(#729),#9472,.T.);
#9950=ADVANCED_FACE('',(#730),#9473,.F.);
#9951=ADVANCED_FACE('',(#731),#9474,.T.);
#9952=ADVANCED_FACE('',(#732),#9475,.F.);
#9953=ADVANCED_FACE('',(#733),#9476,.F.);
#9954=ADVANCED_FACE('',(#734,#158),#9477,.T.);
#9955=ADVANCED_FACE('',(#735),#9478,.F.);
#9956=ADVANCED_FACE('',(#736),#9479,.F.);
#9957=ADVANCED_FACE('',(#737),#9480,.F.);
#9958=ADVANCED_FACE('',(#738),#9481,.F.);
#9959=ADVANCED_FACE('',(#739),#68,.F.);
#9960=ADVANCED_FACE('',(#740),#9482,.T.);
#9961=ADVANCED_FACE('',(#741),#9483,.T.);
#9962=ADVANCED_FACE('',(#742),#9484,.T.);
#9963=ADVANCED_FACE('',(#743),#9485,.T.);
#9964=ADVANCED_FACE('',(#744),#9486,.T.);
#9965=ADVANCED_FACE('',(#745),#9487,.F.);
#9966=ADVANCED_FACE('',(#746),#9488,.T.);
#9967=ADVANCED_FACE('',(#747),#9489,.T.);
#9968=ADVANCED_FACE('',(#748),#9490,.T.);
#9969=ADVANCED_FACE('',(#749),#9491,.T.);
#9970=ADVANCED_FACE('',(#750),#9492,.T.);
#9971=ADVANCED_FACE('',(#751),#9493,.F.);
#9972=ADVANCED_FACE('',(#752),#9494,.F.);
#9973=ADVANCED_FACE('',(#753),#69,.F.);
#9974=ADVANCED_FACE('',(#754),#9495,.F.);
#9975=ADVANCED_FACE('',(#755),#9496,.F.);
#9976=ADVANCED_FACE('',(#756),#9497,.F.);
#9977=ADVANCED_FACE('',(#757),#70,.F.);
#9978=ADVANCED_FACE('',(#758),#9498,.F.);
#9979=ADVANCED_FACE('',(#759),#9499,.F.);
#9980=ADVANCED_FACE('',(#760),#9500,.F.);
#9981=ADVANCED_FACE('',(#761),#9501,.F.);
#9982=ADVANCED_FACE('',(#762),#9502,.F.);
#9983=ADVANCED_FACE('',(#763,#159,#160,#161,#162,#163,#164,#165,#166),#9503,
 .F.);
#9984=ADVANCED_FACE('',(#764),#9504,.F.);
#9985=ADVANCED_FACE('',(#765,#167,#168,#169,#170,#171,#172,#173,#174),#9505,
 .F.);
#9986=ADVANCED_FACE('',(#766),#9506,.F.);
#9987=ADVANCED_FACE('',(#767),#71,.F.);
#9988=ADVANCED_FACE('',(#768),#72,.F.);
#9989=ADVANCED_FACE('',(#769),#73,.F.);
#9990=ADVANCED_FACE('',(#770),#74,.F.);
#9991=ADVANCED_FACE('',(#771),#75,.F.);
#9992=ADVANCED_FACE('',(#772),#76,.F.);
#9993=ADVANCED_FACE('',(#773),#77,.F.);
#9994=ADVANCED_FACE('',(#774),#78,.F.);
#9995=ADVANCED_FACE('',(#775),#79,.F.);
#9996=ADVANCED_FACE('',(#776),#80,.F.);
#9997=ADVANCED_FACE('',(#777),#81,.F.);
#9998=ADVANCED_FACE('',(#778),#82,.F.);
#9999=ADVANCED_FACE('',(#779),#83,.F.);
#10000=ADVANCED_FACE('',(#780),#84,.F.);
#10001=ADVANCED_FACE('',(#781),#85,.F.);
#10002=ADVANCED_FACE('',(#782),#86,.F.);
#10003=ADVANCED_FACE('',(#783),#9507,.F.);
#10004=ADVANCED_FACE('',(#784),#9508,.F.);
#10005=ADVANCED_FACE('',(#785),#9509,.F.);
#10006=ADVANCED_FACE('',(#786),#9510,.F.);
#10007=ADVANCED_FACE('',(#787),#9511,.F.);
#10008=ADVANCED_FACE('',(#788),#9512,.F.);
#10009=ADVANCED_FACE('',(#789),#9513,.T.);
#10010=ADVANCED_FACE('',(#790,#175),#9514,.T.);
#10011=ADVANCED_FACE('',(#791),#9515,.T.);
#10012=ADVANCED_FACE('',(#792),#9516,.T.);
#10013=ADVANCED_FACE('',(#793,#176),#9517,.T.);
#10014=ADVANCED_FACE('',(#794),#9518,.T.);
#10015=ADVANCED_FACE('',(#795),#9519,.T.);
#10016=ADVANCED_FACE('',(#796,#177),#9520,.T.);
#10017=ADVANCED_FACE('',(#797),#9521,.T.);
#10018=ADVANCED_FACE('',(#798),#9522,.T.);
#10019=ADVANCED_FACE('',(#799,#178,#179,#180,#181,#182,#183,#184,#185),
#9523,.T.);
#10020=ADVANCED_FACE('',(#800),#9524,.T.);
#10021=ADVANCED_FACE('',(#801,#186,#187,#188,#189,#190,#191,#192,#193),
#9525,.T.);
#10022=ADVANCED_FACE('',(#802,#194),#9526,.T.);
#10023=CLOSED_SHELL('',(#9527,#9528,#9529,#9530,#9531,#9532,#9533,#9534,
#9535,#9536,#9537,#9538,#9539,#9540,#9541,#9542,#9543,#9544,#9545,#9546,
#9547,#9548,#9549,#9550,#9551,#9552,#9553,#9554,#9555,#9556,#9557,#9558,
#9559,#9560,#9561,#9562,#9563,#9564,#9565,#9566,#9567,#9568,#9569,#9570,
#9571,#9572,#9573,#9574,#9575,#9576,#9577,#9578,#9579,#9580,#9581,#9582,
#9583,#9584,#9585,#9586,#9587,#9588,#9589,#9590,#9591,#9592,#9593,#9594,
#9595,#9596,#9597,#9598,#9599,#9600,#9601,#9602,#9603,#9604,#9605,#9606,
#9607,#9608,#9609,#9610,#9611,#9612,#9613,#9614,#9615,#9616,#9617,#9618,
#9619,#9620,#9621,#9622,#9623,#9624,#9625,#9626,#9627,#9628,#9629,#9630,
#9631,#9632,#9633,#9634,#9635,#9636,#9637,#9638,#9639,#9640,#9641,#9642,
#9643,#9644,#9645,#9646,#9647,#9648,#9649,#9650,#9651,#9652,#9653,#9654,
#9655,#9656,#9657,#9658,#9659,#9660,#9661,#9662,#9663,#9664,#9665,#9666,
#9667,#9668,#9669,#9670,#9671,#9672,#9673,#9674,#9675,#9676,#9677,#9678,
#9679,#9680,#9681,#9682,#9683,#9684,#9685,#9686,#9687,#9688,#9689,#9690,
#9691,#9692,#9693,#9694,#9695,#9696,#9697,#9698,#9699,#9700,#9701,#9702,
#9703,#9704,#9705,#9706,#9707,#9708,#9709,#9710,#9711,#9712,#9713,#9714,
#9715,#9716,#9717,#9718,#9719,#9720,#9721,#9722,#9723,#9724,#9725,#9726,
#9727,#9728,#9729,#9730,#9731,#9732,#9733,#9734,#9735,#9736,#9737,#9738,
#9739,#9740,#9741,#9742,#9743,#9744,#9745,#9746,#9747,#9748,#9749,#9750,
#9751,#9752));
#10024=CLOSED_SHELL('',(#9753,#9754,#9755,#9756,#9757,#9758,#9759,#9760,
#9761,#9762,#9763,#9764,#9765,#9766,#9767,#9768,#9769,#9770,#9771,#9772,
#9773,#9774,#9775,#9776,#9777,#9778,#9779,#9780,#9781,#9782,#9783,#9784,
#9785,#9786,#9787,#9788,#9789,#9790,#9791,#9792,#9793,#9794,#9795,#9796,
#9797,#9798,#9799,#9800,#9801,#9802,#9803,#9804,#9805,#9806,#9807,#9808,
#9809,#9810,#9811,#9812,#9813,#9814,#9815,#9816,#9817,#9818,#9819,#9820,
#9821,#9822,#9823,#9824,#9825,#9826,#9827,#9828,#9829,#9830,#9831,#9832,
#9833,#9834,#9835,#9836,#9837,#9838,#9839,#9840,#9841,#9842,#9843,#9844,
#9845,#9846,#9847,#9848,#9849,#9850,#9851,#9852,#9853,#9854,#9855,#9856,
#9857,#9858,#9859,#9860,#9861,#9862,#9863,#9864,#9865,#9866,#9867,#9868,
#9869,#9870,#9871,#9872,#9873,#9874,#9875,#9876,#9877,#9878,#9879,#9880,
#9881,#9882,#9883,#9884,#9885,#9886,#9887,#9888,#9889,#9890,#9891,#9892,
#9893,#9894,#9895,#9896,#9897,#9898,#9899,#9900,#9901,#9902,#9903,#9904,
#9905,#9906,#9907,#9908,#9909,#9910,#9911,#9912,#9913,#9914,#9915,#9916,
#9917,#9918,#9919,#9920,#9921,#9922,#9923,#9924,#9925,#9926,#9927,#9928,
#9929,#9930,#9931,#9932,#9933,#9934,#9935,#9936,#9937,#9938,#9939,#9940,
#9941,#9942,#9943,#9944,#9945,#9946,#9947,#9948,#9949,#9950,#9951,#9952,
#9953,#9954,#9955,#9956,#9957,#9958,#9959,#9960,#9961,#9962,#9963,#9964,
#9965,#9966,#9967,#9968,#9969,#9970,#9971,#9972,#9973,#9974,#9975,#9976,
#9977,#9978));
#10025=CLOSED_SHELL('',(#9979,#9980,#9981,#9982,#9983,#9984,#9985,#9986,
#9987,#9988,#9989,#9990,#9991,#9992,#9993,#9994,#9995,#9996,#9997,#9998,
#9999,#10000,#10001,#10002,#10003,#10004,#10005,#10006,#10007,#10008,#10009,
#10010,#10011,#10012,#10013,#10014,#10015,#10016,#10017,#10018,#10019,#10020,
#10021,#10022));
#10026=DERIVED_UNIT_ELEMENT(#10030,1.);
#10027=DERIVED_UNIT_ELEMENT(#16002,-3.);
#10028=DERIVED_UNIT_ELEMENT(#10030,1.);
#10029=DERIVED_UNIT_ELEMENT(#16002,-3.);
#10030=(
MASS_UNIT()
NAMED_UNIT(*)
SI_UNIT(.KILO.,.GRAM.)
);
#10031=DERIVED_UNIT((#10026,#10027));
#10032=DERIVED_UNIT((#10028,#10029));
#10033=MEASURE_REPRESENTATION_ITEM('density measure',
POSITIVE_RATIO_MEASURE(7850.),#10031);
#10034=MEASURE_REPRESENTATION_ITEM('density measure',
POSITIVE_RATIO_MEASURE(7850.),#10032);
#10035=PROPERTY_DEFINITION_REPRESENTATION(#10045,#10039);
#10036=PROPERTY_DEFINITION_REPRESENTATION(#10046,#10040);
#10037=PROPERTY_DEFINITION_REPRESENTATION(#10047,#10041);
#10038=PROPERTY_DEFINITION_REPRESENTATION(#10048,#10042);
#10039=REPRESENTATION('material name',(#10043),#15998);
#10040=REPRESENTATION('density',(#10033),#15998);
#10041=REPRESENTATION('material name',(#10044),#15999);
#10042=REPRESENTATION('density',(#10034),#15999);
#10043=DESCRIPTIVE_REPRESENTATION_ITEM('Steel','Steel');
#10044=DESCRIPTIVE_REPRESENTATION_ITEM('Steel','Steel');
#10045=PROPERTY_DEFINITION('material property','material name',#16018);
#10046=PROPERTY_DEFINITION('material property','density of part',#16018);
#10047=PROPERTY_DEFINITION('material property','material name',#16019);
#10048=PROPERTY_DEFINITION('material property','density of part',#16019);
#10049=AXIS2_PLACEMENT_3D('',#13172,#10662,#10663);
#10050=AXIS2_PLACEMENT_3D('',#13173,#10664,#10665);
#10051=AXIS2_PLACEMENT_3D('',#13174,#10666,#10667);
#10052=AXIS2_PLACEMENT_3D('',#13200,#10680,#10681);
#10053=AXIS2_PLACEMENT_3D('',#13202,#10682,#10683);
#10054=AXIS2_PLACEMENT_3D('',#13204,#10684,#10685);
#10055=AXIS2_PLACEMENT_3D('',#13206,#10686,#10687);
#10056=AXIS2_PLACEMENT_3D('',#13208,#10688,#10689);
#10057=AXIS2_PLACEMENT_3D('',#13210,#10690,#10691);
#10058=AXIS2_PLACEMENT_3D('',#13212,#10692,#10693);
#10059=AXIS2_PLACEMENT_3D('',#13214,#10694,#10695);
#10060=AXIS2_PLACEMENT_3D('',#13221,#10698,#10699);
#10061=AXIS2_PLACEMENT_3D('',#13229,#10703,#10704);
#10062=AXIS2_PLACEMENT_3D('',#13231,#10706,#10707);
#10063=AXIS2_PLACEMENT_3D('',#13233,#10708,#10709);
#10064=AXIS2_PLACEMENT_3D('',#13235,#10711,#10712);
#10065=AXIS2_PLACEMENT_3D('',#13248,#10719,#10720);
#10066=AXIS2_PLACEMENT_3D('',#13254,#10724,#10725);
#10067=AXIS2_PLACEMENT_3D('',#13258,#10728,#10729);
#10068=AXIS2_PLACEMENT_3D('',#13262,#10732,#10733);
#10069=AXIS2_PLACEMENT_3D('',#13266,#10736,#10737);
#10070=AXIS2_PLACEMENT_3D('',#13270,#10740,#10741);
#10071=AXIS2_PLACEMENT_3D('',#13272,#10743,#10744);
#10072=AXIS2_PLACEMENT_3D('',#13301,#10759,#10760);
#10073=AXIS2_PLACEMENT_3D('',#13330,#10775,#10776);
#10074=AXIS2_PLACEMENT_3D('',#13359,#10791,#10792);
#10075=AXIS2_PLACEMENT_3D('',#13388,#10807,#10808);
#10076=AXIS2_PLACEMENT_3D('',#13405,#10817,#10818);
#10077=AXIS2_PLACEMENT_3D('',#13434,#10833,#10834);
#10078=AXIS2_PLACEMENT_3D('',#13463,#10849,#10850);
#10079=AXIS2_PLACEMENT_3D('',#13492,#10865,#10866);
#10080=AXIS2_PLACEMENT_3D('',#13498,#10870,#10871);
#10081=AXIS2_PLACEMENT_3D('',#13502,#10874,#10875);
#10082=AXIS2_PLACEMENT_3D('',#13506,#10878,#10879);
#10083=AXIS2_PLACEMENT_3D('',#13510,#10882,#10883);
#10084=AXIS2_PLACEMENT_3D('',#13514,#10886,#10887);
#10085=AXIS2_PLACEMENT_3D('',#13516,#10889,#10890);
#10086=AXIS2_PLACEMENT_3D('',#13518,#10891,#10892);
#10087=AXIS2_PLACEMENT_3D('',#13519,#10893,#10894);
#10088=AXIS2_PLACEMENT_3D('',#13521,#10896,#10897);
#10089=AXIS2_PLACEMENT_3D('',#13527,#10901,#10902);
#10090=AXIS2_PLACEMENT_3D('',#13531,#10905,#10906);
#10091=AXIS2_PLACEMENT_3D('',#13535,#10909,#10910);
#10092=AXIS2_PLACEMENT_3D('',#13539,#10913,#10914);
#10093=AXIS2_PLACEMENT_3D('',#13543,#10917,#10918);
#10094=AXIS2_PLACEMENT_3D('',#13545,#10920,#10921);
#10095=AXIS2_PLACEMENT_3D('',#13547,#10922,#10923);
#10096=AXIS2_PLACEMENT_3D('',#13548,#10924,#10925);
#10097=AXIS2_PLACEMENT_3D('',#13550,#10927,#10928);
#10098=AXIS2_PLACEMENT_3D('',#13556,#10932,#10933);
#10099=AXIS2_PLACEMENT_3D('',#13560,#10936,#10937);
#10100=AXIS2_PLACEMENT_3D('',#13564,#10940,#10941);
#10101=AXIS2_PLACEMENT_3D('',#13568,#10944,#10945);
#10102=AXIS2_PLACEMENT_3D('',#13572,#10948,#10949);
#10103=AXIS2_PLACEMENT_3D('',#13574,#10951,#10952);
#10104=AXIS2_PLACEMENT_3D('',#13576,#10953,#10954);
#10105=AXIS2_PLACEMENT_3D('',#13577,#10955,#10956);
#10106=AXIS2_PLACEMENT_3D('',#13579,#10958,#10959);
#10107=AXIS2_PLACEMENT_3D('',#13585,#10963,#10964);
#10108=AXIS2_PLACEMENT_3D('',#13589,#10967,#10968);
#10109=AXIS2_PLACEMENT_3D('',#13593,#10971,#10972);
#10110=AXIS2_PLACEMENT_3D('',#13597,#10975,#10976);
#10111=AXIS2_PLACEMENT_3D('',#13601,#10979,#10980);
#10112=AXIS2_PLACEMENT_3D('',#13603,#10982,#10983);
#10113=AXIS2_PLACEMENT_3D('',#13605,#10984,#10985);
#10114=AXIS2_PLACEMENT_3D('',#13606,#10986,#10987);
#10115=AXIS2_PLACEMENT_3D('',#13608,#10989,#10990);
#10116=AXIS2_PLACEMENT_3D('',#13614,#10994,#10995);
#10117=AXIS2_PLACEMENT_3D('',#13618,#10998,#10999);
#10118=AXIS2_PLACEMENT_3D('',#13622,#11002,#11003);
#10119=AXIS2_PLACEMENT_3D('',#13626,#11006,#11007);
#10120=AXIS2_PLACEMENT_3D('',#13630,#11010,#11011);
#10121=AXIS2_PLACEMENT_3D('',#13632,#11013,#11014);
#10122=AXIS2_PLACEMENT_3D('',#13634,#11015,#11016);
#10123=AXIS2_PLACEMENT_3D('',#13635,#11017,#11018);
#10124=AXIS2_PLACEMENT_3D('',#13637,#11020,#11021);
#10125=AXIS2_PLACEMENT_3D('',#13669,#11039,#11040);
#10126=AXIS2_PLACEMENT_3D('',#13679,#11046,#11047);
#10127=AXIS2_PLACEMENT_3D('',#13693,#11055,#11056);
#10128=AXIS2_PLACEMENT_3D('',#13707,#11064,#11065);
#10129=AXIS2_PLACEMENT_3D('',#13717,#11071,#11072);
#10130=AXIS2_PLACEMENT_3D('',#13730,#11079,#11080);
#10131=AXIS2_PLACEMENT_3D('',#13743,#11087,#11088);
#10132=AXIS2_PLACEMENT_3D('',#13756,#11095,#11096);
#10133=AXIS2_PLACEMENT_3D('',#13773,#11105,#11106);
#10134=AXIS2_PLACEMENT_3D('',#13790,#11115,#11116);
#10135=AXIS2_PLACEMENT_3D('',#13803,#11123,#11124);
#10136=AXIS2_PLACEMENT_3D('',#13810,#11128,#11129);
#10137=AXIS2_PLACEMENT_3D('',#13817,#11133,#11134);
#10138=AXIS2_PLACEMENT_3D('',#13824,#11138,#11139);
#10139=AXIS2_PLACEMENT_3D('',#13831,#11143,#11144);
#10140=AXIS2_PLACEMENT_3D('',#13835,#11147,#11148);
#10141=AXIS2_PLACEMENT_3D('',#13841,#11152,#11153);
#10142=AXIS2_PLACEMENT_3D('',#13847,#11157,#11158);
#10143=AXIS2_PLACEMENT_3D('',#13860,#11165,#11166);
#10144=AXIS2_PLACEMENT_3D('',#13861,#11167,#11168);
#10145=AXIS2_PLACEMENT_3D('',#13876,#11176,#11177);
#10146=AXIS2_PLACEMENT_3D('',#13877,#11178,#11179);
#10147=AXIS2_PLACEMENT_3D('',#13880,#11181,#11182);
#10148=AXIS2_PLACEMENT_3D('',#13881,#11183,#11184);
#10149=AXIS2_PLACEMENT_3D('',#13883,#11185,#11186);
#10150=AXIS2_PLACEMENT_3D('',#13886,#11188,#11189);
#10151=AXIS2_PLACEMENT_3D('',#13887,#11190,#11191);
#10152=AXIS2_PLACEMENT_3D('',#13889,#11192,#11193);
#10153=AXIS2_PLACEMENT_3D('',#13890,#11194,#11195);
#10154=AXIS2_PLACEMENT_3D('',#13892,#11196,#11197);
#10155=AXIS2_PLACEMENT_3D('',#13894,#11198,#11199);
#10156=AXIS2_PLACEMENT_3D('',#13895,#11200,#11201);
#10157=AXIS2_PLACEMENT_3D('',#13898,#11203,#11204);
#10158=AXIS2_PLACEMENT_3D('',#13899,#11205,#11206);
#10159=AXIS2_PLACEMENT_3D('',#13921,#11217,#11218);
#10160=AXIS2_PLACEMENT_3D('',#13922,#11219,#11220);
#10161=AXIS2_PLACEMENT_3D('',#13935,#11227,#11228);
#10162=AXIS2_PLACEMENT_3D('',#13937,#11230,#11231);
#10163=AXIS2_PLACEMENT_3D('',#13942,#11235,#11236);
#10164=AXIS2_PLACEMENT_3D('',#13955,#11244,#11245);
#10165=AXIS2_PLACEMENT_3D('',#13958,#11248,#11249);
#10166=AXIS2_PLACEMENT_3D('',#13960,#11251,#11252);
#10167=AXIS2_PLACEMENT_3D('',#13973,#11261,#11262);
#10168=AXIS2_PLACEMENT_3D('',#13992,#11274,#11275);
#10169=AXIS2_PLACEMENT_3D('',#13995,#11278,#11279);
#10170=AXIS2_PLACEMENT_3D('',#13999,#11282,#11283);
#10171=AXIS2_PLACEMENT_3D('',#14021,#11296,#11297);
#10172=AXIS2_PLACEMENT_3D('',#14030,#11304,#11305);
#10173=AXIS2_PLACEMENT_3D('',#14034,#11308,#11309);
#10174=AXIS2_PLACEMENT_3D('',#14043,#11314,#11315);
#10175=AXIS2_PLACEMENT_3D('',#14044,#11316,#11317);
#10176=AXIS2_PLACEMENT_3D('',#14047,#11320,#11321);
#10177=AXIS2_PLACEMENT_3D('',#14049,#11323,#11324);
#10178=AXIS2_PLACEMENT_3D('',#14050,#11325,#11326);
#10179=AXIS2_PLACEMENT_3D('',#14051,#11327,#11328);
#10180=AXIS2_PLACEMENT_3D('',#14053,#11330,#11331);
#10181=AXIS2_PLACEMENT_3D('',#14054,#11332,#11333);
#10182=AXIS2_PLACEMENT_3D('',#14068,#11343,#11344);
#10183=AXIS2_PLACEMENT_3D('',#14085,#11355,#11356);
#10184=AXIS2_PLACEMENT_3D('',#14091,#11361,#11362);
#10185=AXIS2_PLACEMENT_3D('',#14092,#11363,#11364);
#10186=AXIS2_PLACEMENT_3D('',#14110,#11374,#11375);
#10187=AXIS2_PLACEMENT_3D('',#14112,#11377,#11378);
#10188=AXIS2_PLACEMENT_3D('',#14114,#11380,#11381);
#10189=AXIS2_PLACEMENT_3D('',#14117,#11384,#11385);
#10190=AXIS2_PLACEMENT_3D('',#14118,#11386,#11387);
#10191=AXIS2_PLACEMENT_3D('',#14119,#11388,#11389);
#10192=AXIS2_PLACEMENT_3D('',#14120,#11390,#11391);
#10193=AXIS2_PLACEMENT_3D('',#14124,#11393,#11394);
#10194=AXIS2_PLACEMENT_3D('',#14125,#11395,#11396);
#10195=AXIS2_PLACEMENT_3D('',#14126,#11397,#11398);
#10196=AXIS2_PLACEMENT_3D('',#14143,#11408,#11409);
#10197=AXIS2_PLACEMENT_3D('',#14153,#11415,#11416);
#10198=AXIS2_PLACEMENT_3D('',#14164,#11422,#11423);
#10199=AXIS2_PLACEMENT_3D('',#14165,#11424,#11425);
#10200=AXIS2_PLACEMENT_3D('',#14180,#11434,#11435);
#10201=AXIS2_PLACEMENT_3D('',#14181,#11436,#11437);
#10202=AXIS2_PLACEMENT_3D('',#14183,#11438,#11439);
#10203=AXIS2_PLACEMENT_3D('',#14185,#11441,#11442);
#10204=AXIS2_PLACEMENT_3D('',#14187,#11443,#11444);
#10205=AXIS2_PLACEMENT_3D('',#14189,#11445,#11446);
#10206=AXIS2_PLACEMENT_3D('',#14190,#11447,#11448);
#10207=AXIS2_PLACEMENT_3D('',#14191,#11449,#11450);
#10208=AXIS2_PLACEMENT_3D('',#14193,#11452,#11453);
#10209=AXIS2_PLACEMENT_3D('',#14210,#11462,#11463);
#10210=AXIS2_PLACEMENT_3D('',#14222,#11470,#11471);
#10211=AXIS2_PLACEMENT_3D('',#14223,#11472,#11473);
#10212=AXIS2_PLACEMENT_3D('',#14225,#11475,#11476);
#10213=AXIS2_PLACEMENT_3D('',#14227,#11478,#11479);
#10214=AXIS2_PLACEMENT_3D('',#14232,#11483,#11484);
#10215=AXIS2_PLACEMENT_3D('',#14241,#11490,#11491);
#10216=AXIS2_PLACEMENT_3D('',#14244,#11494,#11495);
#10217=AXIS2_PLACEMENT_3D('',#14248,#11498,#11499);
#10218=AXIS2_PLACEMENT_3D('',#14259,#11509,#11510);
#10219=AXIS2_PLACEMENT_3D('',#14261,#11512,#11513);
#10220=AXIS2_PLACEMENT_3D('',#14263,#11515,#11516);
#10221=AXIS2_PLACEMENT_3D('',#14265,#11518,#11519);
#10222=AXIS2_PLACEMENT_3D('',#14273,#11527,#11528);
#10223=AXIS2_PLACEMENT_3D('',#14275,#11530,#11531);
#10224=AXIS2_PLACEMENT_3D('',#14277,#11533,#11534);
#10225=AXIS2_PLACEMENT_3D('',#14278,#11535,#11536);
#10226=AXIS2_PLACEMENT_3D('',#14279,#11537,#11538);
#10227=AXIS2_PLACEMENT_3D('',#14280,#11539,#11540);
#10228=AXIS2_PLACEMENT_3D('',#14282,#11542,#11543);
#10229=AXIS2_PLACEMENT_3D('',#14284,#11545,#11546);
#10230=AXIS2_PLACEMENT_3D('',#14288,#11549,#11550);
#10231=AXIS2_PLACEMENT_3D('',#14299,#11560,#11561);
#10232=AXIS2_PLACEMENT_3D('',#14301,#11563,#11564);
#10233=AXIS2_PLACEMENT_3D('',#14302,#11565,#11566);
#10234=AXIS2_PLACEMENT_3D('',#14303,#11567,#11568);
#10235=AXIS2_PLACEMENT_3D('',#14304,#11569,#11570);
#10236=AXIS2_PLACEMENT_3D('',#14306,#11572,#11573);
#10237=AXIS2_PLACEMENT_3D('',#14308,#11575,#11576);
#10238=AXIS2_PLACEMENT_3D('',#14309,#11577,#11578);
#10239=AXIS2_PLACEMENT_3D('',#14311,#11580,#11581);
#10240=AXIS2_PLACEMENT_3D('',#14313,#11583,#11584);
#10241=AXIS2_PLACEMENT_3D('',#14314,#11585,#11586);
#10242=AXIS2_PLACEMENT_3D('',#14316,#11588,#11589);
#10243=AXIS2_PLACEMENT_3D('',#14318,#11591,#11592);
#10244=AXIS2_PLACEMENT_3D('',#14319,#11593,#11594);
#10245=AXIS2_PLACEMENT_3D('',#14321,#11596,#11597);
#10246=AXIS2_PLACEMENT_3D('',#14323,#11599,#11600);
#10247=AXIS2_PLACEMENT_3D('',#14324,#11601,#11602);
#10248=AXIS2_PLACEMENT_3D('',#14326,#11604,#11605);
#10249=AXIS2_PLACEMENT_3D('',#14328,#11607,#11608);
#10250=AXIS2_PLACEMENT_3D('',#14329,#11609,#11610);
#10251=AXIS2_PLACEMENT_3D('',#14331,#11612,#11613);
#10252=AXIS2_PLACEMENT_3D('',#14333,#11615,#11616);
#10253=AXIS2_PLACEMENT_3D('',#14334,#11617,#11618);
#10254=AXIS2_PLACEMENT_3D('',#14336,#11620,#11621);
#10255=AXIS2_PLACEMENT_3D('',#14338,#11623,#11624);
#10256=AXIS2_PLACEMENT_3D('',#14339,#11625,#11626);
#10257=AXIS2_PLACEMENT_3D('',#14341,#11628,#11629);
#10258=AXIS2_PLACEMENT_3D('',#14343,#11631,#11632);
#10259=AXIS2_PLACEMENT_3D('',#14344,#11633,#11634);
#10260=AXIS2_PLACEMENT_3D('',#14346,#11636,#11637);
#10261=AXIS2_PLACEMENT_3D('',#14348,#11639,#11640);
#10262=AXIS2_PLACEMENT_3D('',#14349,#11641,#11642);
#10263=AXIS2_PLACEMENT_3D('',#14351,#11644,#11645);
#10264=AXIS2_PLACEMENT_3D('',#14353,#11647,#11648);
#10265=AXIS2_PLACEMENT_3D('',#14354,#11649,#11650);
#10266=AXIS2_PLACEMENT_3D('',#14356,#11652,#11653);
#10267=AXIS2_PLACEMENT_3D('',#14358,#11655,#11656);
#10268=AXIS2_PLACEMENT_3D('',#14359,#11657,#11658);
#10269=AXIS2_PLACEMENT_3D('',#14361,#11660,#11661);
#10270=AXIS2_PLACEMENT_3D('',#14363,#11663,#11664);
#10271=AXIS2_PLACEMENT_3D('',#14364,#11665,#11666);
#10272=AXIS2_PLACEMENT_3D('',#14366,#11668,#11669);
#10273=AXIS2_PLACEMENT_3D('',#14367,#11670,#11671);
#10274=AXIS2_PLACEMENT_3D('',#14368,#11672,#11673);
#10275=AXIS2_PLACEMENT_3D('',#14369,#11674,#11675);
#10276=AXIS2_PLACEMENT_3D('',#14370,#11676,#11677);
#10277=AXIS2_PLACEMENT_3D('',#14372,#11679,#11680);
#10278=AXIS2_PLACEMENT_3D('',#14374,#11682,#11683);
#10279=AXIS2_PLACEMENT_3D('',#14377,#11686,#11687);
#10280=AXIS2_PLACEMENT_3D('',#14379,#11689,#11690);
#10281=AXIS2_PLACEMENT_3D('',#14380,#11691,#11692);
#10282=AXIS2_PLACEMENT_3D('',#14381,#11693,#11694);
#10283=AXIS2_PLACEMENT_3D('',#14382,#11695,#11696);
#10284=AXIS2_PLACEMENT_3D('',#14383,#11697,#11698);
#10285=AXIS2_PLACEMENT_3D('',#14384,#11699,#11700);
#10286=AXIS2_PLACEMENT_3D('',#14386,#11702,#11703);
#10287=AXIS2_PLACEMENT_3D('',#14387,#11704,#11705);
#10288=AXIS2_PLACEMENT_3D('',#14395,#11711,#11712);
#10289=AXIS2_PLACEMENT_3D('',#14399,#11715,#11716);
#10290=AXIS2_PLACEMENT_3D('',#14408,#11721,#11722);
#10291=AXIS2_PLACEMENT_3D('',#14409,#11723,#11724);
#10292=AXIS2_PLACEMENT_3D('',#14411,#11726,#11727);
#10293=AXIS2_PLACEMENT_3D('',#14413,#11729,#11730);
#10294=AXIS2_PLACEMENT_3D('',#14415,#11732,#11733);
#10295=AXIS2_PLACEMENT_3D('',#14416,#11734,#11735);
#10296=AXIS2_PLACEMENT_3D('',#14418,#11737,#11738);
#10297=AXIS2_PLACEMENT_3D('',#14419,#11739,#11740);
#10298=AXIS2_PLACEMENT_3D('',#14420,#11741,#11742);
#10299=AXIS2_PLACEMENT_3D('',#14422,#11744,#11745);
#10300=AXIS2_PLACEMENT_3D('',#14424,#11747,#11748);
#10301=AXIS2_PLACEMENT_3D('',#14425,#11749,#11750);
#10302=AXIS2_PLACEMENT_3D('',#14427,#11752,#11753);
#10303=AXIS2_PLACEMENT_3D('',#14428,#11754,#11755);
#10304=AXIS2_PLACEMENT_3D('',#14430,#11757,#11758);
#10305=AXIS2_PLACEMENT_3D('',#14432,#11760,#11761);
#10306=AXIS2_PLACEMENT_3D('',#14433,#11762,#11763);
#10307=AXIS2_PLACEMENT_3D('',#14434,#11764,#11765);
#10308=AXIS2_PLACEMENT_3D('',#14437,#11768,#11769);
#10309=AXIS2_PLACEMENT_3D('',#14444,#11774,#11775);
#10310=AXIS2_PLACEMENT_3D('',#14445,#11776,#11777);
#10311=AXIS2_PLACEMENT_3D('',#14446,#11778,#11779);
#10312=AXIS2_PLACEMENT_3D('',#14447,#11780,#11781);
#10313=AXIS2_PLACEMENT_3D('',#14451,#11783,#11784);
#10314=AXIS2_PLACEMENT_3D('',#14452,#11785,#11786);
#10315=AXIS2_PLACEMENT_3D('',#14456,#11790,#11791);
#10316=AXIS2_PLACEMENT_3D('',#14457,#11792,#11793);
#10317=AXIS2_PLACEMENT_3D('',#14458,#11794,#11795);
#10318=AXIS2_PLACEMENT_3D('',#14459,#11796,#11797);
#10319=AXIS2_PLACEMENT_3D('',#14485,#11810,#11811);
#10320=AXIS2_PLACEMENT_3D('',#14487,#11812,#11813);
#10321=AXIS2_PLACEMENT_3D('',#14489,#11814,#11815);
#10322=AXIS2_PLACEMENT_3D('',#14491,#11816,#11817);
#10323=AXIS2_PLACEMENT_3D('',#14493,#11818,#11819);
#10324=AXIS2_PLACEMENT_3D('',#14495,#11820,#11821);
#10325=AXIS2_PLACEMENT_3D('',#14497,#11822,#11823);
#10326=AXIS2_PLACEMENT_3D('',#14499,#11824,#11825);
#10327=AXIS2_PLACEMENT_3D('',#14506,#11828,#11829);
#10328=AXIS2_PLACEMENT_3D('',#14514,#11833,#11834);
#10329=AXIS2_PLACEMENT_3D('',#14516,#11836,#11837);
#10330=AXIS2_PLACEMENT_3D('',#14518,#11838,#11839);
#10331=AXIS2_PLACEMENT_3D('',#14520,#11841,#11842);
#10332=AXIS2_PLACEMENT_3D('',#14533,#11849,#11850);
#10333=AXIS2_PLACEMENT_3D('',#14539,#11854,#11855);
#10334=AXIS2_PLACEMENT_3D('',#14543,#11858,#11859);
#10335=AXIS2_PLACEMENT_3D('',#14547,#11862,#11863);
#10336=AXIS2_PLACEMENT_3D('',#14551,#11866,#11867);
#10337=AXIS2_PLACEMENT_3D('',#14555,#11870,#11871);
#10338=AXIS2_PLACEMENT_3D('',#14557,#11873,#11874);
#10339=AXIS2_PLACEMENT_3D('',#14586,#11889,#11890);
#10340=AXIS2_PLACEMENT_3D('',#14615,#11905,#11906);
#10341=AXIS2_PLACEMENT_3D('',#14644,#11921,#11922);
#10342=AXIS2_PLACEMENT_3D('',#14673,#11937,#11938);
#10343=AXIS2_PLACEMENT_3D('',#14690,#11947,#11948);
#10344=AXIS2_PLACEMENT_3D('',#14719,#11963,#11964);
#10345=AXIS2_PLACEMENT_3D('',#14748,#11979,#11980);
#10346=AXIS2_PLACEMENT_3D('',#14777,#11995,#11996);
#10347=AXIS2_PLACEMENT_3D('',#14783,#12000,#12001);
#10348=AXIS2_PLACEMENT_3D('',#14787,#12004,#12005);
#10349=AXIS2_PLACEMENT_3D('',#14791,#12008,#12009);
#10350=AXIS2_PLACEMENT_3D('',#14795,#12012,#12013);
#10351=AXIS2_PLACEMENT_3D('',#14799,#12016,#12017);
#10352=AXIS2_PLACEMENT_3D('',#14801,#12019,#12020);
#10353=AXIS2_PLACEMENT_3D('',#14803,#12021,#12022);
#10354=AXIS2_PLACEMENT_3D('',#14804,#12023,#12024);
#10355=AXIS2_PLACEMENT_3D('',#14806,#12026,#12027);
#10356=AXIS2_PLACEMENT_3D('',#14812,#12031,#12032);
#10357=AXIS2_PLACEMENT_3D('',#14816,#12035,#12036);
#10358=AXIS2_PLACEMENT_3D('',#14820,#12039,#12040);
#10359=AXIS2_PLACEMENT_3D('',#14824,#12043,#12044);
#10360=AXIS2_PLACEMENT_3D('',#14828,#12047,#12048);
#10361=AXIS2_PLACEMENT_3D('',#14830,#12050,#12051);
#10362=AXIS2_PLACEMENT_3D('',#14832,#12052,#12053);
#10363=AXIS2_PLACEMENT_3D('',#14833,#12054,#12055);
#10364=AXIS2_PLACEMENT_3D('',#14835,#12057,#12058);
#10365=AXIS2_PLACEMENT_3D('',#14841,#12062,#12063);
#10366=AXIS2_PLACEMENT_3D('',#14845,#12066,#12067);
#10367=AXIS2_PLACEMENT_3D('',#14849,#12070,#12071);
#10368=AXIS2_PLACEMENT_3D('',#14853,#12074,#12075);
#10369=AXIS2_PLACEMENT_3D('',#14857,#12078,#12079);
#10370=AXIS2_PLACEMENT_3D('',#14859,#12081,#12082);
#10371=AXIS2_PLACEMENT_3D('',#14861,#12083,#12084);
#10372=AXIS2_PLACEMENT_3D('',#14862,#12085,#12086);
#10373=AXIS2_PLACEMENT_3D('',#14864,#12088,#12089);
#10374=AXIS2_PLACEMENT_3D('',#14870,#12093,#12094);
#10375=AXIS2_PLACEMENT_3D('',#14874,#12097,#12098);
#10376=AXIS2_PLACEMENT_3D('',#14878,#12101,#12102);
#10377=AXIS2_PLACEMENT_3D('',#14882,#12105,#12106);
#10378=AXIS2_PLACEMENT_3D('',#14886,#12109,#12110);
#10379=AXIS2_PLACEMENT_3D('',#14888,#12112,#12113);
#10380=AXIS2_PLACEMENT_3D('',#14890,#12114,#12115);
#10381=AXIS2_PLACEMENT_3D('',#14891,#12116,#12117);
#10382=AXIS2_PLACEMENT_3D('',#14893,#12119,#12120);
#10383=AXIS2_PLACEMENT_3D('',#14899,#12124,#12125);
#10384=AXIS2_PLACEMENT_3D('',#14903,#12128,#12129);
#10385=AXIS2_PLACEMENT_3D('',#14907,#12132,#12133);
#10386=AXIS2_PLACEMENT_3D('',#14911,#12136,#12137);
#10387=AXIS2_PLACEMENT_3D('',#14915,#12140,#12141);
#10388=AXIS2_PLACEMENT_3D('',#14917,#12143,#12144);
#10389=AXIS2_PLACEMENT_3D('',#14919,#12145,#12146);
#10390=AXIS2_PLACEMENT_3D('',#14920,#12147,#12148);
#10391=AXIS2_PLACEMENT_3D('',#14922,#12150,#12151);
#10392=AXIS2_PLACEMENT_3D('',#14954,#12169,#12170);
#10393=AXIS2_PLACEMENT_3D('',#14964,#12176,#12177);
#10394=AXIS2_PLACEMENT_3D('',#14978,#12185,#12186);
#10395=AXIS2_PLACEMENT_3D('',#14992,#12194,#12195);
#10396=AXIS2_PLACEMENT_3D('',#15002,#12201,#12202);
#10397=AXIS2_PLACEMENT_3D('',#15015,#12209,#12210);
#10398=AXIS2_PLACEMENT_3D('',#15028,#12217,#12218);
#10399=AXIS2_PLACEMENT_3D('',#15041,#12225,#12226);
#10400=AXIS2_PLACEMENT_3D('',#15058,#12235,#12236);
#10401=AXIS2_PLACEMENT_3D('',#15075,#12245,#12246);
#10402=AXIS2_PLACEMENT_3D('',#15088,#12253,#12254);
#10403=AXIS2_PLACEMENT_3D('',#15095,#12258,#12259);
#10404=AXIS2_PLACEMENT_3D('',#15102,#12263,#12264);
#10405=AXIS2_PLACEMENT_3D('',#15109,#12268,#12269);
#10406=AXIS2_PLACEMENT_3D('',#15116,#12273,#12274);
#10407=AXIS2_PLACEMENT_3D('',#15120,#12277,#12278);
#10408=AXIS2_PLACEMENT_3D('',#15126,#12282,#12283);
#10409=AXIS2_PLACEMENT_3D('',#15132,#12287,#12288);
#10410=AXIS2_PLACEMENT_3D('',#15145,#12295,#12296);
#10411=AXIS2_PLACEMENT_3D('',#15146,#12297,#12298);
#10412=AXIS2_PLACEMENT_3D('',#15161,#12306,#12307);
#10413=AXIS2_PLACEMENT_3D('',#15162,#12308,#12309);
#10414=AXIS2_PLACEMENT_3D('',#15165,#12311,#12312);
#10415=AXIS2_PLACEMENT_3D('',#15166,#12313,#12314);
#10416=AXIS2_PLACEMENT_3D('',#15168,#12315,#12316);
#10417=AXIS2_PLACEMENT_3D('',#15171,#12318,#12319);
#10418=AXIS2_PLACEMENT_3D('',#15172,#12320,#12321);
#10419=AXIS2_PLACEMENT_3D('',#15174,#12322,#12323);
#10420=AXIS2_PLACEMENT_3D('',#15175,#12324,#12325);
#10421=AXIS2_PLACEMENT_3D('',#15177,#12326,#12327);
#10422=AXIS2_PLACEMENT_3D('',#15179,#12328,#12329);
#10423=AXIS2_PLACEMENT_3D('',#15180,#12330,#12331);
#10424=AXIS2_PLACEMENT_3D('',#15183,#12333,#12334);
#10425=AXIS2_PLACEMENT_3D('',#15184,#12335,#12336);
#10426=AXIS2_PLACEMENT_3D('',#15206,#12347,#12348);
#10427=AXIS2_PLACEMENT_3D('',#15207,#12349,#12350);
#10428=AXIS2_PLACEMENT_3D('',#15220,#12357,#12358);
#10429=AXIS2_PLACEMENT_3D('',#15222,#12360,#12361);
#10430=AXIS2_PLACEMENT_3D('',#15227,#12365,#12366);
#10431=AXIS2_PLACEMENT_3D('',#15240,#12374,#12375);
#10432=AXIS2_PLACEMENT_3D('',#15243,#12378,#12379);
#10433=AXIS2_PLACEMENT_3D('',#15245,#12381,#12382);
#10434=AXIS2_PLACEMENT_3D('',#15258,#12391,#12392);
#10435=AXIS2_PLACEMENT_3D('',#15277,#12404,#12405);
#10436=AXIS2_PLACEMENT_3D('',#15280,#12408,#12409);
#10437=AXIS2_PLACEMENT_3D('',#15284,#12412,#12413);
#10438=AXIS2_PLACEMENT_3D('',#15306,#12426,#12427);
#10439=AXIS2_PLACEMENT_3D('',#15315,#12434,#12435);
#10440=AXIS2_PLACEMENT_3D('',#15319,#12438,#12439);
#10441=AXIS2_PLACEMENT_3D('',#15328,#12444,#12445);
#10442=AXIS2_PLACEMENT_3D('',#15329,#12446,#12447);
#10443=AXIS2_PLACEMENT_3D('',#15332,#12450,#12451);
#10444=AXIS2_PLACEMENT_3D('',#15334,#12453,#12454);
#10445=AXIS2_PLACEMENT_3D('',#15335,#12455,#12456);
#10446=AXIS2_PLACEMENT_3D('',#15336,#12457,#12458);
#10447=AXIS2_PLACEMENT_3D('',#15338,#12460,#12461);
#10448=AXIS2_PLACEMENT_3D('',#15339,#12462,#12463);
#10449=AXIS2_PLACEMENT_3D('',#15353,#12473,#12474);
#10450=AXIS2_PLACEMENT_3D('',#15370,#12485,#12486);
#10451=AXIS2_PLACEMENT_3D('',#15376,#12491,#12492);
#10452=AXIS2_PLACEMENT_3D('',#15377,#12493,#12494);
#10453=AXIS2_PLACEMENT_3D('',#15395,#12504,#12505);
#10454=AXIS2_PLACEMENT_3D('',#15397,#12507,#12508);
#10455=AXIS2_PLACEMENT_3D('',#15399,#12510,#12511);
#10456=AXIS2_PLACEMENT_3D('',#15402,#12514,#12515);
#10457=AXIS2_PLACEMENT_3D('',#15403,#12516,#12517);
#10458=AXIS2_PLACEMENT_3D('',#15404,#12518,#12519);
#10459=AXIS2_PLACEMENT_3D('',#15405,#12520,#12521);
#10460=AXIS2_PLACEMENT_3D('',#15409,#12523,#12524);
#10461=AXIS2_PLACEMENT_3D('',#15410,#12525,#12526);
#10462=AXIS2_PLACEMENT_3D('',#15411,#12527,#12528);
#10463=AXIS2_PLACEMENT_3D('',#15428,#12538,#12539);
#10464=AXIS2_PLACEMENT_3D('',#15438,#12545,#12546);
#10465=AXIS2_PLACEMENT_3D('',#15449,#12552,#12553);
#10466=AXIS2_PLACEMENT_3D('',#15450,#12554,#12555);
#10467=AXIS2_PLACEMENT_3D('',#15465,#12564,#12565);
#10468=AXIS2_PLACEMENT_3D('',#15466,#12566,#12567);
#10469=AXIS2_PLACEMENT_3D('',#15468,#12568,#12569);
#10470=AXIS2_PLACEMENT_3D('',#15470,#12571,#12572);
#10471=AXIS2_PLACEMENT_3D('',#15472,#12573,#12574);
#10472=AXIS2_PLACEMENT_3D('',#15474,#12575,#12576);
#10473=AXIS2_PLACEMENT_3D('',#15475,#12577,#12578);
#10474=AXIS2_PLACEMENT_3D('',#15476,#12579,#12580);
#10475=AXIS2_PLACEMENT_3D('',#15478,#12582,#12583);
#10476=AXIS2_PLACEMENT_3D('',#15495,#12592,#12593);
#10477=AXIS2_PLACEMENT_3D('',#15507,#12600,#12601);
#10478=AXIS2_PLACEMENT_3D('',#15508,#12602,#12603);
#10479=AXIS2_PLACEMENT_3D('',#15510,#12605,#12606);
#10480=AXIS2_PLACEMENT_3D('',#15512,#12608,#12609);
#10481=AXIS2_PLACEMENT_3D('',#15517,#12613,#12614);
#10482=AXIS2_PLACEMENT_3D('',#15526,#12620,#12621);
#10483=AXIS2_PLACEMENT_3D('',#15529,#12624,#12625);
#10484=AXIS2_PLACEMENT_3D('',#15533,#12628,#12629);
#10485=AXIS2_PLACEMENT_3D('',#15544,#12639,#12640);
#10486=AXIS2_PLACEMENT_3D('',#15546,#12642,#12643);
#10487=AXIS2_PLACEMENT_3D('',#15548,#12645,#12646);
#10488=AXIS2_PLACEMENT_3D('',#15550,#12648,#12649);
#10489=AXIS2_PLACEMENT_3D('',#15558,#12657,#12658);
#10490=AXIS2_PLACEMENT_3D('',#15560,#12660,#12661);
#10491=AXIS2_PLACEMENT_3D('',#15562,#12663,#12664);
#10492=AXIS2_PLACEMENT_3D('',#15563,#12665,#12666);
#10493=AXIS2_PLACEMENT_3D('',#15564,#12667,#12668);
#10494=AXIS2_PLACEMENT_3D('',#15565,#12669,#12670);
#10495=AXIS2_PLACEMENT_3D('',#15567,#12672,#12673);
#10496=AXIS2_PLACEMENT_3D('',#15569,#12675,#12676);
#10497=AXIS2_PLACEMENT_3D('',#15573,#12679,#12680);
#10498=AXIS2_PLACEMENT_3D('',#15584,#12690,#12691);
#10499=AXIS2_PLACEMENT_3D('',#15586,#12693,#12694);
#10500=AXIS2_PLACEMENT_3D('',#15587,#12695,#12696);
#10501=AXIS2_PLACEMENT_3D('',#15588,#12697,#12698);
#10502=AXIS2_PLACEMENT_3D('',#15589,#12699,#12700);
#10503=AXIS2_PLACEMENT_3D('',#15591,#12702,#12703);
#10504=AXIS2_PLACEMENT_3D('',#15593,#12705,#12706);
#10505=AXIS2_PLACEMENT_3D('',#15594,#12707,#12708);
#10506=AXIS2_PLACEMENT_3D('',#15596,#12710,#12711);
#10507=AXIS2_PLACEMENT_3D('',#15598,#12713,#12714);
#10508=AXIS2_PLACEMENT_3D('',#15599,#12715,#12716);
#10509=AXIS2_PLACEMENT_3D('',#15601,#12718,#12719);
#10510=AXIS2_PLACEMENT_3D('',#15603,#12721,#12722);
#10511=AXIS2_PLACEMENT_3D('',#15604,#12723,#12724);
#10512=AXIS2_PLACEMENT_3D('',#15606,#12726,#12727);
#10513=AXIS2_PLACEMENT_3D('',#15608,#12729,#12730);
#10514=AXIS2_PLACEMENT_3D('',#15609,#12731,#12732);
#10515=AXIS2_PLACEMENT_3D('',#15611,#12734,#12735);
#10516=AXIS2_PLACEMENT_3D('',#15613,#12737,#12738);
#10517=AXIS2_PLACEMENT_3D('',#15614,#12739,#12740);
#10518=AXIS2_PLACEMENT_3D('',#15616,#12742,#12743);
#10519=AXIS2_PLACEMENT_3D('',#15618,#12745,#12746);
#10520=AXIS2_PLACEMENT_3D('',#15619,#12747,#12748);
#10521=AXIS2_PLACEMENT_3D('',#15621,#12750,#12751);
#10522=AXIS2_PLACEMENT_3D('',#15623,#12753,#12754);
#10523=AXIS2_PLACEMENT_3D('',#15624,#12755,#12756);
#10524=AXIS2_PLACEMENT_3D('',#15626,#12758,#12759);
#10525=AXIS2_PLACEMENT_3D('',#15628,#12761,#12762);
#10526=AXIS2_PLACEMENT_3D('',#15629,#12763,#12764);
#10527=AXIS2_PLACEMENT_3D('',#15631,#12766,#12767);
#10528=AXIS2_PLACEMENT_3D('',#15633,#12769,#12770);
#10529=AXIS2_PLACEMENT_3D('',#15634,#12771,#12772);
#10530=AXIS2_PLACEMENT_3D('',#15636,#12774,#12775);
#10531=AXIS2_PLACEMENT_3D('',#15638,#12777,#12778);
#10532=AXIS2_PLACEMENT_3D('',#15639,#12779,#12780);
#10533=AXIS2_PLACEMENT_3D('',#15641,#12782,#12783);
#10534=AXIS2_PLACEMENT_3D('',#15643,#12785,#12786);
#10535=AXIS2_PLACEMENT_3D('',#15644,#12787,#12788);
#10536=AXIS2_PLACEMENT_3D('',#15646,#12790,#12791);
#10537=AXIS2_PLACEMENT_3D('',#15648,#12793,#12794);
#10538=AXIS2_PLACEMENT_3D('',#15649,#12795,#12796);
#10539=AXIS2_PLACEMENT_3D('',#15651,#12798,#12799);
#10540=AXIS2_PLACEMENT_3D('',#15652,#12800,#12801);
#10541=AXIS2_PLACEMENT_3D('',#15653,#12802,#12803);
#10542=AXIS2_PLACEMENT_3D('',#15654,#12804,#12805);
#10543=AXIS2_PLACEMENT_3D('',#15655,#12806,#12807);
#10544=AXIS2_PLACEMENT_3D('',#15657,#12809,#12810);
#10545=AXIS2_PLACEMENT_3D('',#15659,#12812,#12813);
#10546=AXIS2_PLACEMENT_3D('',#15662,#12816,#12817);
#10547=AXIS2_PLACEMENT_3D('',#15664,#12819,#12820);
#10548=AXIS2_PLACEMENT_3D('',#15665,#12821,#12822);
#10549=AXIS2_PLACEMENT_3D('',#15666,#12823,#12824);
#10550=AXIS2_PLACEMENT_3D('',#15667,#12825,#12826);
#10551=AXIS2_PLACEMENT_3D('',#15668,#12827,#12828);
#10552=AXIS2_PLACEMENT_3D('',#15669,#12829,#12830);
#10553=AXIS2_PLACEMENT_3D('',#15671,#12832,#12833);
#10554=AXIS2_PLACEMENT_3D('',#15672,#12834,#12835);
#10555=AXIS2_PLACEMENT_3D('',#15680,#12841,#12842);
#10556=AXIS2_PLACEMENT_3D('',#15684,#12845,#12846);
#10557=AXIS2_PLACEMENT_3D('',#15693,#12851,#12852);
#10558=AXIS2_PLACEMENT_3D('',#15694,#12853,#12854);
#10559=AXIS2_PLACEMENT_3D('',#15696,#12856,#12857);
#10560=AXIS2_PLACEMENT_3D('',#15698,#12859,#12860);
#10561=AXIS2_PLACEMENT_3D('',#15700,#12862,#12863);
#10562=AXIS2_PLACEMENT_3D('',#15701,#12864,#12865);
#10563=AXIS2_PLACEMENT_3D('',#15703,#12867,#12868);
#10564=AXIS2_PLACEMENT_3D('',#15704,#12869,#12870);
#10565=AXIS2_PLACEMENT_3D('',#15705,#12871,#12872);
#10566=AXIS2_PLACEMENT_3D('',#15707,#12874,#12875);
#10567=AXIS2_PLACEMENT_3D('',#15709,#12877,#12878);
#10568=AXIS2_PLACEMENT_3D('',#15710,#12879,#12880);
#10569=AXIS2_PLACEMENT_3D('',#15712,#12882,#12883);
#10570=AXIS2_PLACEMENT_3D('',#15713,#12884,#12885);
#10571=AXIS2_PLACEMENT_3D('',#15715,#12887,#12888);
#10572=AXIS2_PLACEMENT_3D('',#15717,#12890,#12891);
#10573=AXIS2_PLACEMENT_3D('',#15718,#12892,#12893);
#10574=AXIS2_PLACEMENT_3D('',#15719,#12894,#12895);
#10575=AXIS2_PLACEMENT_3D('',#15722,#12898,#12899);
#10576=AXIS2_PLACEMENT_3D('',#15729,#12904,#12905);
#10577=AXIS2_PLACEMENT_3D('',#15730,#12906,#12907);
#10578=AXIS2_PLACEMENT_3D('',#15731,#12908,#12909);
#10579=AXIS2_PLACEMENT_3D('',#15732,#12910,#12911);
#10580=AXIS2_PLACEMENT_3D('',#15736,#12913,#12914);
#10581=AXIS2_PLACEMENT_3D('',#15737,#12915,#12916);
#10582=AXIS2_PLACEMENT_3D('',#15741,#12920,#12921);
#10583=AXIS2_PLACEMENT_3D('',#15742,#12922,#12923);
#10584=AXIS2_PLACEMENT_3D('',#15743,#12924,#12925);
#10585=AXIS2_PLACEMENT_3D('',#15752,#12930,#12931);
#10586=AXIS2_PLACEMENT_3D('',#15761,#12936,#12937);
#10587=AXIS2_PLACEMENT_3D('',#15770,#12942,#12943);
#10588=AXIS2_PLACEMENT_3D('',#15779,#12948,#12949);
#10589=AXIS2_PLACEMENT_3D('',#15801,#12962,#12963);
#10590=AXIS2_PLACEMENT_3D('',#15803,#12964,#12965);
#10591=AXIS2_PLACEMENT_3D('',#15805,#12966,#12967);
#10592=AXIS2_PLACEMENT_3D('',#15807,#12968,#12969);
#10593=AXIS2_PLACEMENT_3D('',#15809,#12970,#12971);
#10594=AXIS2_PLACEMENT_3D('',#15811,#12972,#12973);
#10595=AXIS2_PLACEMENT_3D('',#15813,#12974,#12975);
#10596=AXIS2_PLACEMENT_3D('',#15815,#12976,#12977);
#10597=AXIS2_PLACEMENT_3D('',#15816,#12978,#12979);
#10598=AXIS2_PLACEMENT_3D('',#15820,#12982,#12983);
#10599=AXIS2_PLACEMENT_3D('',#15840,#12995,#12996);
#10600=AXIS2_PLACEMENT_3D('',#15842,#12997,#12998);
#10601=AXIS2_PLACEMENT_3D('',#15844,#12999,#13000);
#10602=AXIS2_PLACEMENT_3D('',#15846,#13001,#13002);
#10603=AXIS2_PLACEMENT_3D('',#15848,#13003,#13004);
#10604=AXIS2_PLACEMENT_3D('',#15850,#13005,#13006);
#10605=AXIS2_PLACEMENT_3D('',#15852,#13007,#13008);
#10606=AXIS2_PLACEMENT_3D('',#15854,#13009,#13010);
#10607=AXIS2_PLACEMENT_3D('',#15855,#13011,#13012);
#10608=AXIS2_PLACEMENT_3D('',#15857,#13014,#13015);
#10609=AXIS2_PLACEMENT_3D('',#15859,#13016,#13017);
#10610=AXIS2_PLACEMENT_3D('',#15861,#13019,#13020);
#10611=AXIS2_PLACEMENT_3D('',#15864,#13022,#13023);
#10612=AXIS2_PLACEMENT_3D('',#15865,#13024,#13025);
#10613=AXIS2_PLACEMENT_3D('',#15867,#13026,#13027);
#10614=AXIS2_PLACEMENT_3D('',#15869,#13029,#13030);
#10615=AXIS2_PLACEMENT_3D('',#15872,#13032,#13033);
#10616=AXIS2_PLACEMENT_3D('',#15873,#13034,#13035);
#10617=AXIS2_PLACEMENT_3D('',#15875,#13036,#13037);
#10618=AXIS2_PLACEMENT_3D('',#15877,#13039,#13040);
#10619=AXIS2_PLACEMENT_3D('',#15880,#13042,#13043);
#10620=AXIS2_PLACEMENT_3D('',#15881,#13044,#13045);
#10621=AXIS2_PLACEMENT_3D('',#15883,#13046,#13047);
#10622=AXIS2_PLACEMENT_3D('',#15885,#13049,#13050);
#10623=AXIS2_PLACEMENT_3D('',#15888,#13052,#13053);
#10624=AXIS2_PLACEMENT_3D('',#15889,#13054,#13055);
#10625=AXIS2_PLACEMENT_3D('',#15891,#13056,#13057);
#10626=AXIS2_PLACEMENT_3D('',#15893,#13059,#13060);
#10627=AXIS2_PLACEMENT_3D('',#15896,#13062,#13063);
#10628=AXIS2_PLACEMENT_3D('',#15897,#13064,#13065);
#10629=AXIS2_PLACEMENT_3D('',#15899,#13066,#13067);
#10630=AXIS2_PLACEMENT_3D('',#15901,#13069,#13070);
#10631=AXIS2_PLACEMENT_3D('',#15904,#13072,#13073);
#10632=AXIS2_PLACEMENT_3D('',#15905,#13074,#13075);
#10633=AXIS2_PLACEMENT_3D('',#15907,#13076,#13077);
#10634=AXIS2_PLACEMENT_3D('',#15909,#13079,#13080);
#10635=AXIS2_PLACEMENT_3D('',#15912,#13082,#13083);
#10636=AXIS2_PLACEMENT_3D('',#15913,#13084,#13085);
#10637=AXIS2_PLACEMENT_3D('',#15915,#13086,#13087);
#10638=AXIS2_PLACEMENT_3D('',#15917,#13089,#13090);
#10639=AXIS2_PLACEMENT_3D('',#15920,#13092,#13093);
#10640=AXIS2_PLACEMENT_3D('',#15921,#13094,#13095);
#10641=AXIS2_PLACEMENT_3D('',#15923,#13097,#13098);
#10642=AXIS2_PLACEMENT_3D('',#15925,#13100,#13101);
#10643=AXIS2_PLACEMENT_3D('',#15927,#13103,#13104);
#10644=AXIS2_PLACEMENT_3D('',#15929,#13106,#13107);
#10645=AXIS2_PLACEMENT_3D('',#15932,#13110,#13111);
#10646=AXIS2_PLACEMENT_3D('',#15933,#13112,#13113);
#10647=AXIS2_PLACEMENT_3D('',#15942,#13118,#13119);
#10648=AXIS2_PLACEMENT_3D('',#15948,#13123,#13124);
#10649=AXIS2_PLACEMENT_3D('',#15952,#13127,#13128);
#10650=AXIS2_PLACEMENT_3D('',#15956,#13131,#13132);
#10651=AXIS2_PLACEMENT_3D('',#15962,#13136,#13137);
#10652=AXIS2_PLACEMENT_3D('',#15968,#13141,#13142);
#10653=AXIS2_PLACEMENT_3D('',#15974,#13146,#13147);
#10654=AXIS2_PLACEMENT_3D('',#15978,#13150,#13151);
#10655=AXIS2_PLACEMENT_3D('',#15982,#13154,#13155);
#10656=AXIS2_PLACEMENT_3D('',#15984,#13157,#13158);
#10657=AXIS2_PLACEMENT_3D('',#15986,#13160,#13161);
#10658=AXIS2_PLACEMENT_3D('',#15988,#13163,#13164);
#10659=AXIS2_PLACEMENT_3D('',#15990,#13166,#13167);
#10660=AXIS2_PLACEMENT_3D('',#15991,#13168,#13169);
#10661=AXIS2_PLACEMENT_3D('',#15992,#13170,#13171);
#10662=DIRECTION('axis',(0.,0.,1.));
#10663=DIRECTION('refdir',(1.,0.,0.));
#10664=DIRECTION('axis',(0.,0.,1.));
#10665=DIRECTION('refdir',(1.,0.,0.));
#10666=DIRECTION('center_axis',(0.,1.,0.));
#10667=DIRECTION('ref_axis',(1.,0.,0.));
#10668=DIRECTION('',(1.,0.,0.));
#10669=DIRECTION('',(0.,0.,1.));
#10670=DIRECTION('',(-1.,0.,0.));
#10671=DIRECTION('',(0.,0.,-1.));
#10672=DIRECTION('',(1.,0.,0.));
#10673=DIRECTION('',(0.,0.,-1.));
#10674=DIRECTION('',(1.,0.,0.));
#10675=DIRECTION('',(0.,0.,-1.));
#10676=DIRECTION('',(1.,0.,0.));
#10677=DIRECTION('',(0.,0.,1.));
#10678=DIRECTION('',(-1.,0.,0.));
#10679=DIRECTION('',(0.,0.,1.));
#10680=DIRECTION('center_axis',(0.,-1.,0.));
#10681=DIRECTION('ref_axis',(0.,0.,-1.));
#10682=DIRECTION('center_axis',(0.,-1.,0.));
#10683=DIRECTION('ref_axis',(0.,0.,-1.));
#10684=DIRECTION('center_axis',(0.,-1.,0.));
#10685=DIRECTION('ref_axis',(0.,0.,-1.));
#10686=DIRECTION('center_axis',(0.,-1.,0.));
#10687=DIRECTION('ref_axis',(0.,0.,-1.));
#10688=DIRECTION('center_axis',(0.,-1.,0.));
#10689=DIRECTION('ref_axis',(0.,0.,-1.));
#10690=DIRECTION('center_axis',(0.,-1.,0.));
#10691=DIRECTION('ref_axis',(0.,0.,-1.));
#10692=DIRECTION('center_axis',(0.,-1.,0.));
#10693=DIRECTION('ref_axis',(0.,0.,-1.));
#10694=DIRECTION('center_axis',(0.,-1.,0.));
#10695=DIRECTION('ref_axis',(0.,0.,-1.));
#10696=DIRECTION('',(1.,0.,0.));
#10697=DIRECTION('',(0.,0.,-1.));
#10698=DIRECTION('center_axis',(0.,-1.,0.));
#10699=DIRECTION('ref_axis',(0.750000000000024,0.,-0.661437827766121));
#10700=DIRECTION('',(0.,0.,-1.));
#10701=DIRECTION('',(-1.,0.,0.));
#10702=DIRECTION('',(0.,0.,1.));
#10703=DIRECTION('center_axis',(0.,-1.,0.));
#10704=DIRECTION('ref_axis',(-0.750000000000024,0.,0.661437827766121));
#10705=DIRECTION('',(0.,0.,1.));
#10706=DIRECTION('center_axis',(0.,-1.,0.));
#10707=DIRECTION('ref_axis',(0.,0.,-1.));
#10708=DIRECTION('center_axis',(0.,-1.,0.));
#10709=DIRECTION('ref_axis',(0.,0.,-1.));
#10710=DIRECTION('',(0.,-1.,0.));
#10711=DIRECTION('center_axis',(0.,1.,0.));
#10712=DIRECTION('ref_axis',(0.,0.,1.));
#10713=DIRECTION('',(-1.,0.,0.));
#10714=DIRECTION('',(-0.500000000000017,0.,0.866025403784429));
#10715=DIRECTION('',(0.500000000000017,0.,0.866025403784429));
#10716=DIRECTION('',(1.,0.,0.));
#10717=DIRECTION('',(0.500000000000017,0.,-0.866025403784429));
#10718=DIRECTION('',(-0.500000000000017,0.,-0.866025403784429));
#10719=DIRECTION('center_axis',(0.,0.,-1.));
#10720=DIRECTION('ref_axis',(-1.,0.,0.));
#10721=DIRECTION('',(0.,1.,0.));
#10722=DIRECTION('',(0.,-1.,0.));
#10723=DIRECTION('',(1.,0.,0.));
#10724=DIRECTION('center_axis',(-0.866025403784429,0.,-0.500000000000017));
#10725=DIRECTION('ref_axis',(-0.500000000000017,0.,0.866025403784429));
#10726=DIRECTION('',(0.,1.,0.));
#10727=DIRECTION('',(0.500000000000017,0.,-0.866025403784429));
#10728=DIRECTION('center_axis',(-0.866025403784429,0.,0.500000000000017));
#10729=DIRECTION('ref_axis',(0.500000000000017,0.,0.866025403784429));
#10730=DIRECTION('',(0.,1.,0.));
#10731=DIRECTION('',(-0.500000000000017,0.,-0.866025403784429));
#10732=DIRECTION('center_axis',(0.,0.,1.));
#10733=DIRECTION('ref_axis',(1.,0.,0.));
#10734=DIRECTION('',(0.,1.,0.));
#10735=DIRECTION('',(-1.,0.,0.));
#10736=DIRECTION('center_axis',(0.866025403784429,0.,0.500000000000017));
#10737=DIRECTION('ref_axis',(0.500000000000017,0.,-0.866025403784429));
#10738=DIRECTION('',(0.,1.,0.));
#10739=DIRECTION('',(-0.500000000000017,0.,0.866025403784429));
#10740=DIRECTION('center_axis',(0.866025403784429,0.,-0.500000000000017));
#10741=DIRECTION('ref_axis',(-0.500000000000017,0.,-0.866025403784429));
#10742=DIRECTION('',(0.500000000000017,0.,0.866025403784429));
#10743=DIRECTION('center_axis',(0.,1.,0.));
#10744=DIRECTION('ref_axis',(0.,0.,1.));
#10745=DIRECTION('',(0.,0.,1.));
#10746=DIRECTION('',(-0.500000000000017,0.,-0.866025403784429));
#10747=DIRECTION('',(-1.,0.,0.));
#10748=DIRECTION('',(-0.500000000000017,0.,0.866025403784429));
#10749=DIRECTION('',(0.,0.,1.));
#10750=DIRECTION('',(0.500000000000017,0.,0.866025403784429));
#10751=DIRECTION('',(1.,0.,0.));
#10752=DIRECTION('',(0.500000000000017,0.,-0.866025403784429));
#10753=DIRECTION('',(0.500000000000017,0.,0.866025403784429));
#10754=DIRECTION('',(-0.500000000000017,0.,0.866025403784429));
#10755=DIRECTION('',(-1.,0.,0.));
#10756=DIRECTION('',(-0.500000000000017,0.,-0.866025403784429));
#10757=DIRECTION('',(0.500000000000017,0.,-0.866025403784429));
#10758=DIRECTION('',(1.,0.,0.));
#10759=DIRECTION('center_axis',(0.,1.,0.));
#10760=DIRECTION('ref_axis',(0.,0.,1.));
#10761=DIRECTION('',(0.,0.,1.));
#10762=DIRECTION('',(-0.500000000000017,0.,-0.866025403784429));
#10763=DIRECTION('',(-1.,0.,0.));
#10764=DIRECTION('',(-0.500000000000017,0.,0.866025403784429));
#10765=DIRECTION('',(0.,0.,1.));
#10766=DIRECTION('',(0.500000000000017,0.,0.866025403784429));
#10767=DIRECTION('',(1.,0.,0.));
#10768=DIRECTION('',(0.500000000000017,0.,-0.866025403784429));
#10769=DIRECTION('',(0.500000000000017,0.,0.866025403784429));
#10770=DIRECTION('',(-0.500000000000017,0.,0.866025403784429));
#10771=DIRECTION('',(-1.,0.,0.));
#10772=DIRECTION('',(-0.500000000000017,0.,-0.866025403784429));
#10773=DIRECTION('',(0.500000000000017,0.,-0.866025403784429));
#10774=DIRECTION('',(1.,0.,0.));
#10775=DIRECTION('center_axis',(0.,1.,0.));
#10776=DIRECTION('ref_axis',(0.,0.,1.));
#10777=DIRECTION('',(0.,0.,1.));
#10778=DIRECTION('',(-0.500000000000017,0.,-0.866025403784429));
#10779=DIRECTION('',(-1.,0.,0.));
#10780=DIRECTION('',(-0.500000000000017,0.,0.866025403784429));
#10781=DIRECTION('',(0.,0.,1.));
#10782=DIRECTION('',(0.500000000000017,0.,0.866025403784429));
#10783=DIRECTION('',(1.,0.,0.));
#10784=DIRECTION('',(0.500000000000017,0.,-0.866025403784429));
#10785=DIRECTION('',(0.500000000000017,0.,0.866025403784429));
#10786=DIRECTION('',(-0.500000000000017,0.,0.866025403784429));
#10787=DIRECTION('',(-1.,0.,0.));
#10788=DIRECTION('',(-0.500000000000017,0.,-0.866025403784429));
#10789=DIRECTION('',(0.500000000000017,0.,-0.866025403784429));
#10790=DIRECTION('',(1.,0.,0.));
#10791=DIRECTION('center_axis',(0.,1.,0.));
#10792=DIRECTION('ref_axis',(0.,0.,1.));
#10793=DIRECTION('',(0.,0.,1.));
#10794=DIRECTION('',(0.500000000000017,0.,0.866025403784429));
#10795=DIRECTION('',(1.,0.,0.));
#10796=DIRECTION('',(0.500000000000017,0.,-0.866025403784429));
#10797=DIRECTION('',(0.,0.,1.));
#10798=DIRECTION('',(-0.500000000000017,0.,-0.866025403784429));
#10799=DIRECTION('',(-1.,0.,0.));
#10800=DIRECTION('',(-0.500000000000017,0.,0.866025403784429));
#10801=DIRECTION('',(0.500000000000017,0.,0.866025403784429));
#10802=DIRECTION('',(-0.500000000000017,0.,0.866025403784429));
#10803=DIRECTION('',(-1.,0.,0.));
#10804=DIRECTION('',(-0.500000000000017,0.,-0.866025403784429));
#10805=DIRECTION('',(0.500000000000017,0.,-0.866025403784429));
#10806=DIRECTION('',(1.,0.,0.));
#10807=DIRECTION('center_axis',(0.,1.,0.));
#10808=DIRECTION('ref_axis',(0.,0.,1.));
#10809=DIRECTION('',(0.,0.,1.));
#10810=DIRECTION('',(0.500000000000017,0.,0.866025403784429));
#10811=DIRECTION('',(1.,0.,0.));
#10812=DIRECTION('',(0.500000000000017,0.,-0.866025403784429));
#10813=DIRECTION('',(0.,0.,1.));
#10814=DIRECTION('',(-0.500000000000017,0.,-0.866025403784429));
#10815=DIRECTION('',(-1.,0.,0.));
#10816=DIRECTION('',(-0.500000000000017,0.,0.866025403784429));
#10817=DIRECTION('center_axis',(0.,1.,0.));
#10818=DIRECTION('ref_axis',(0.,0.,1.));
#10819=DIRECTION('',(0.,0.,1.));
#10820=DIRECTION('',(0.500000000000017,0.,0.866025403784429));
#10821=DIRECTION('',(1.,0.,0.));
#10822=DIRECTION('',(0.500000000000017,0.,-0.866025403784429));
#10823=DIRECTION('',(0.,0.,1.));
#10824=DIRECTION('',(-0.500000000000017,0.,-0.866025403784429));
#10825=DIRECTION('',(-1.,0.,0.));
#10826=DIRECTION('',(-0.500000000000017,0.,0.866025403784429));
#10827=DIRECTION('',(0.500000000000017,0.,0.866025403784429));
#10828=DIRECTION('',(-0.500000000000017,0.,0.866025403784429));
#10829=DIRECTION('',(-1.,0.,0.));
#10830=DIRECTION('',(-0.500000000000017,0.,-0.866025403784429));
#10831=DIRECTION('',(0.500000000000017,0.,-0.866025403784429));
#10832=DIRECTION('',(1.,0.,0.));
#10833=DIRECTION('center_axis',(0.,1.,0.));
#10834=DIRECTION('ref_axis',(0.,0.,1.));
#10835=DIRECTION('',(1.,0.,0.));
#10836=DIRECTION('',(-0.500000000000017,0.,0.866025403784429));
#10837=DIRECTION('',(0.,0.,1.));
#10838=DIRECTION('',(0.500000000000017,0.,0.866025403784429));
#10839=DIRECTION('',(1.,0.,0.));
#10840=DIRECTION('',(0.500000000000017,0.,-0.866025403784429));
#10841=DIRECTION('',(0.,0.,1.));
#10842=DIRECTION('',(-0.500000000000017,0.,-0.866025403784429));
#10843=DIRECTION('',(1.,0.,0.));
#10844=DIRECTION('',(0.500000000000017,0.,0.866025403784429));
#10845=DIRECTION('',(-0.500000000000017,0.,0.866025403784429));
#10846=DIRECTION('',(-1.,0.,0.));
#10847=DIRECTION('',(-0.500000000000017,0.,-0.866025403784429));
#10848=DIRECTION('',(0.500000000000017,0.,-0.866025403784429));
#10849=DIRECTION('center_axis',(0.,1.,0.));
#10850=DIRECTION('ref_axis',(0.,0.,1.));
#10851=DIRECTION('',(-1.,0.,0.));
#10852=DIRECTION('',(0.500000000000017,0.,-0.866025403784429));
#10853=DIRECTION('',(0.,0.,1.));
#10854=DIRECTION('',(-0.500000000000017,0.,-0.866025403784429));
#10855=DIRECTION('',(-1.,0.,0.));
#10856=DIRECTION('',(-0.500000000000017,0.,0.866025403784429));
#10857=DIRECTION('',(0.,0.,1.));
#10858=DIRECTION('',(0.500000000000017,0.,0.866025403784429));
#10859=DIRECTION('',(-1.,0.,0.));
#10860=DIRECTION('',(-0.500000000000017,0.,-0.866025403784429));
#10861=DIRECTION('',(0.500000000000017,0.,-0.866025403784429));
#10862=DIRECTION('',(1.,0.,0.));
#10863=DIRECTION('',(0.500000000000017,0.,0.866025403784429));
#10864=DIRECTION('',(-0.500000000000017,0.,0.866025403784429));
#10865=DIRECTION('center_axis',(0.866025403784429,0.,-0.500000000000017));
#10866=DIRECTION('ref_axis',(-0.500000000000017,0.,-0.866025403784429));
#10867=DIRECTION('',(0.,-1.,0.));
#10868=DIRECTION('',(-0.500000000000017,0.,-0.866025403784429));
#10869=DIRECTION('',(0.,1.,0.));
#10870=DIRECTION('center_axis',(0.,0.,-1.));
#10871=DIRECTION('ref_axis',(-1.,0.,0.));
#10872=DIRECTION('',(0.,1.,0.));
#10873=DIRECTION('',(-1.,0.,0.));
#10874=DIRECTION('center_axis',(-0.866025403784429,0.,-0.500000000000017));
#10875=DIRECTION('ref_axis',(-0.500000000000017,0.,0.866025403784429));
#10876=DIRECTION('',(0.,1.,0.));
#10877=DIRECTION('',(-0.500000000000017,0.,0.866025403784429));
#10878=DIRECTION('center_axis',(-0.866025403784429,0.,0.500000000000017));
#10879=DIRECTION('ref_axis',(0.500000000000017,0.,0.866025403784429));
#10880=DIRECTION('',(0.,1.,0.));
#10881=DIRECTION('',(0.500000000000017,0.,0.866025403784429));
#10882=DIRECTION('center_axis',(0.,0.,1.));
#10883=DIRECTION('ref_axis',(1.,0.,0.));
#10884=DIRECTION('',(0.,1.,0.));
#10885=DIRECTION('',(1.,0.,0.));
#10886=DIRECTION('center_axis',(0.866025403784429,0.,0.500000000000017));
#10887=DIRECTION('ref_axis',(0.500000000000017,0.,-0.866025403784429));
#10888=DIRECTION('',(0.500000000000017,0.,-0.866025403784429));
#10889=DIRECTION('center_axis',(0.,1.,0.));
#10890=DIRECTION('ref_axis',(0.,0.,1.));
#10891=DIRECTION('center_axis',(0.,-1.,0.));
#10892=DIRECTION('ref_axis',(0.,0.,-1.));
#10893=DIRECTION('center_axis',(0.,-1.,0.));
#10894=DIRECTION('ref_axis',(0.,0.,-1.));
#10895=DIRECTION('',(0.,-1.,0.));
#10896=DIRECTION('center_axis',(0.866025403784429,0.,-0.500000000000017));
#10897=DIRECTION('ref_axis',(-0.500000000000017,0.,-0.866025403784429));
#10898=DIRECTION('',(0.,-1.,0.));
#10899=DIRECTION('',(-0.500000000000017,0.,-0.866025403784429));
#10900=DIRECTION('',(0.,1.,0.));
#10901=DIRECTION('center_axis',(0.,0.,-1.));
#10902=DIRECTION('ref_axis',(-1.,0.,0.));
#10903=DIRECTION('',(0.,1.,0.));
#10904=DIRECTION('',(-1.,0.,0.));
#10905=DIRECTION('center_axis',(-0.866025403784429,0.,-0.500000000000017));
#10906=DIRECTION('ref_axis',(-0.500000000000017,0.,0.866025403784429));
#10907=DIRECTION('',(0.,1.,0.));
#10908=DIRECTION('',(-0.500000000000017,0.,0.866025403784429));
#10909=DIRECTION('center_axis',(-0.866025403784429,0.,0.500000000000017));
#10910=DIRECTION('ref_axis',(0.500000000000017,0.,0.866025403784429));
#10911=DIRECTION('',(0.,1.,0.));
#10912=DIRECTION('',(0.500000000000017,0.,0.866025403784429));
#10913=DIRECTION('center_axis',(0.,0.,1.));
#10914=DIRECTION('ref_axis',(1.,0.,0.));
#10915=DIRECTION('',(0.,1.,0.));
#10916=DIRECTION('',(1.,0.,0.));
#10917=DIRECTION('center_axis',(0.866025403784429,0.,0.500000000000017));
#10918=DIRECTION('ref_axis',(0.500000000000017,0.,-0.866025403784429));
#10919=DIRECTION('',(0.500000000000017,0.,-0.866025403784429));
#10920=DIRECTION('center_axis',(0.,1.,0.));
#10921=DIRECTION('ref_axis',(0.,0.,1.));
#10922=DIRECTION('center_axis',(0.,-1.,0.));
#10923=DIRECTION('ref_axis',(0.,0.,-1.));
#10924=DIRECTION('center_axis',(0.,-1.,0.));
#10925=DIRECTION('ref_axis',(0.,0.,-1.));
#10926=DIRECTION('',(0.,-1.,0.));
#10927=DIRECTION('center_axis',(0.866025403784429,0.,-0.500000000000017));
#10928=DIRECTION('ref_axis',(-0.500000000000017,0.,-0.866025403784429));
#10929=DIRECTION('',(0.,-1.,0.));
#10930=DIRECTION('',(-0.500000000000017,0.,-0.866025403784429));
#10931=DIRECTION('',(0.,1.,0.));
#10932=DIRECTION('center_axis',(0.,0.,-1.));
#10933=DIRECTION('ref_axis',(-1.,0.,0.));
#10934=DIRECTION('',(0.,1.,0.));
#10935=DIRECTION('',(-1.,0.,0.));
#10936=DIRECTION('center_axis',(-0.866025403784429,0.,-0.500000000000017));
#10937=DIRECTION('ref_axis',(-0.500000000000017,0.,0.866025403784429));
#10938=DIRECTION('',(0.,1.,0.));
#10939=DIRECTION('',(-0.500000000000017,0.,0.866025403784429));
#10940=DIRECTION('center_axis',(-0.866025403784429,0.,0.500000000000017));
#10941=DIRECTION('ref_axis',(0.500000000000017,0.,0.866025403784429));
#10942=DIRECTION('',(0.,1.,0.));
#10943=DIRECTION('',(0.500000000000017,0.,0.866025403784429));
#10944=DIRECTION('center_axis',(0.,0.,1.));
#10945=DIRECTION('ref_axis',(1.,0.,0.));
#10946=DIRECTION('',(0.,1.,0.));
#10947=DIRECTION('',(1.,0.,0.));
#10948=DIRECTION('center_axis',(0.866025403784429,0.,0.500000000000017));
#10949=DIRECTION('ref_axis',(0.500000000000017,0.,-0.866025403784429));
#10950=DIRECTION('',(0.500000000000017,0.,-0.866025403784429));
#10951=DIRECTION('center_axis',(0.,1.,0.));
#10952=DIRECTION('ref_axis',(0.,0.,1.));
#10953=DIRECTION('center_axis',(0.,-1.,0.));
#10954=DIRECTION('ref_axis',(0.,0.,-1.));
#10955=DIRECTION('center_axis',(0.,-1.,0.));
#10956=DIRECTION('ref_axis',(0.,0.,-1.));
#10957=DIRECTION('',(0.,-1.,0.));
#10958=DIRECTION('center_axis',(0.866025403784429,0.,-0.500000000000017));
#10959=DIRECTION('ref_axis',(-0.500000000000017,0.,-0.866025403784429));
#10960=DIRECTION('',(0.,-1.,0.));
#10961=DIRECTION('',(-0.500000000000017,0.,-0.866025403784429));
#10962=DIRECTION('',(0.,1.,0.));
#10963=DIRECTION('center_axis',(0.,0.,-1.));
#10964=DIRECTION('ref_axis',(-1.,0.,0.));
#10965=DIRECTION('',(0.,1.,0.));
#10966=DIRECTION('',(-1.,0.,0.));
#10967=DIRECTION('center_axis',(-0.866025403784429,0.,-0.500000000000017));
#10968=DIRECTION('ref_axis',(-0.500000000000017,0.,0.866025403784429));
#10969=DIRECTION('',(0.,1.,0.));
#10970=DIRECTION('',(-0.500000000000017,0.,0.866025403784429));
#10971=DIRECTION('center_axis',(-0.866025403784429,0.,0.500000000000017));
#10972=DIRECTION('ref_axis',(0.500000000000017,0.,0.866025403784429));
#10973=DIRECTION('',(0.,1.,0.));
#10974=DIRECTION('',(0.500000000000017,0.,0.866025403784429));
#10975=DIRECTION('center_axis',(0.,0.,1.));
#10976=DIRECTION('ref_axis',(1.,0.,0.));
#10977=DIRECTION('',(0.,1.,0.));
#10978=DIRECTION('',(1.,0.,0.));
#10979=DIRECTION('center_axis',(0.866025403784429,0.,0.500000000000017));
#10980=DIRECTION('ref_axis',(0.500000000000017,0.,-0.866025403784429));
#10981=DIRECTION('',(0.500000000000017,0.,-0.866025403784429));
#10982=DIRECTION('center_axis',(0.,1.,0.));
#10983=DIRECTION('ref_axis',(0.,0.,1.));
#10984=DIRECTION('center_axis',(0.,-1.,0.));
#10985=DIRECTION('ref_axis',(0.,0.,-1.));
#10986=DIRECTION('center_axis',(0.,-1.,0.));
#10987=DIRECTION('ref_axis',(0.,0.,-1.));
#10988=DIRECTION('',(0.,-1.,0.));
#10989=DIRECTION('center_axis',(0.866025403784429,0.,-0.500000000000017));
#10990=DIRECTION('ref_axis',(-0.500000000000017,0.,-0.866025403784429));
#10991=DIRECTION('',(0.,-1.,0.));
#10992=DIRECTION('',(-0.500000000000017,0.,-0.866025403784429));
#10993=DIRECTION('',(0.,1.,0.));
#10994=DIRECTION('center_axis',(0.,0.,-1.));
#10995=DIRECTION('ref_axis',(-1.,0.,0.));
#10996=DIRECTION('',(0.,1.,0.));
#10997=DIRECTION('',(-1.,0.,0.));
#10998=DIRECTION('center_axis',(-0.866025403784429,0.,-0.500000000000017));
#10999=DIRECTION('ref_axis',(-0.500000000000017,0.,0.866025403784429));
#11000=DIRECTION('',(0.,1.,0.));
#11001=DIRECTION('',(-0.500000000000017,0.,0.866025403784429));
#11002=DIRECTION('center_axis',(-0.866025403784429,0.,0.500000000000017));
#11003=DIRECTION('ref_axis',(0.500000000000017,0.,0.866025403784429));
#11004=DIRECTION('',(0.,1.,0.));
#11005=DIRECTION('',(0.500000000000017,0.,0.866025403784429));
#11006=DIRECTION('center_axis',(0.,0.,1.));
#11007=DIRECTION('ref_axis',(1.,0.,0.));
#11008=DIRECTION('',(0.,1.,0.));
#11009=DIRECTION('',(1.,0.,0.));
#11010=DIRECTION('center_axis',(0.866025403784429,0.,0.500000000000017));
#11011=DIRECTION('ref_axis',(0.500000000000017,0.,-0.866025403784429));
#11012=DIRECTION('',(0.500000000000017,0.,-0.866025403784429));
#11013=DIRECTION('center_axis',(0.,1.,0.));
#11014=DIRECTION('ref_axis',(0.,0.,1.));
#11015=DIRECTION('center_axis',(0.,-1.,0.));
#11016=DIRECTION('ref_axis',(0.,0.,-1.));
#11017=DIRECTION('center_axis',(0.,-1.,0.));
#11018=DIRECTION('ref_axis',(0.,0.,-1.));
#11019=DIRECTION('',(0.,-1.,0.));
#11020=DIRECTION('center_axis',(-1.,0.,0.));
#11021=DIRECTION('ref_axis',(0.,1.,0.));
#11022=DIRECTION('',(0.,0.,-1.));
#11023=DIRECTION('',(0.,0.707106781186548,0.707106781186548));
#11024=DIRECTION('',(0.,1.,0.));
#11025=DIRECTION('',(0.,-0.707106781186547,-0.707106781186547));
#11026=DIRECTION('',(0.,0.,-1.));
#11027=DIRECTION('',(0.,0.707106781186547,-0.707106781186547));
#11028=DIRECTION('',(0.,1.,0.));
#11029=DIRECTION('',(0.,-0.707106781186548,0.707106781186548));
#11030=DIRECTION('',(0.,0.,-1.));
#11031=DIRECTION('',(0.,1.,0.));
#11032=DIRECTION('',(0.,1.,0.));
#11033=DIRECTION('',(0.,0.,-1.));
#11034=DIRECTION('',(0.,1.,0.));
#11035=DIRECTION('',(0.,1.,0.));
#11036=DIRECTION('',(0.,0.,-1.));
#11037=DIRECTION('',(0.,1.,0.));
#11038=DIRECTION('',(0.,1.,0.));
#11039=DIRECTION('center_axis',(0.,1.,0.));
#11040=DIRECTION('ref_axis',(1.,0.,0.));
#11041=DIRECTION('',(0.500000000000017,0.,-0.866025403784429));
#11042=DIRECTION('',(1.,0.,0.));
#11043=DIRECTION('',(0.500000000000017,0.,0.866025403784429));
#11044=DIRECTION('',(0.,0.,-1.));
#11045=DIRECTION('',(1.,0.,0.));
#11046=DIRECTION('center_axis',(0.,1.,0.));
#11047=DIRECTION('ref_axis',(1.,0.,0.));
#11048=DIRECTION('',(0.500000000000017,0.,-0.866025403784429));
#11049=DIRECTION('',(1.,0.,0.));
#11050=DIRECTION('',(0.500000000000017,0.,0.866025403784429));
#11051=DIRECTION('',(0.,0.,-1.));
#11052=DIRECTION('',(-0.500000000000017,0.,0.866025403784429));
#11053=DIRECTION('',(-1.,0.,0.));
#11054=DIRECTION('',(-0.500000000000017,0.,-0.866025403784429));
#11055=DIRECTION('center_axis',(0.,1.,0.));
#11056=DIRECTION('ref_axis',(1.,0.,0.));
#11057=DIRECTION('',(0.500000000000017,0.,-0.866025403784429));
#11058=DIRECTION('',(1.,0.,0.));
#11059=DIRECTION('',(0.500000000000017,0.,0.866025403784429));
#11060=DIRECTION('',(0.,0.,-1.));
#11061=DIRECTION('',(-0.500000000000017,0.,0.866025403784429));
#11062=DIRECTION('',(-1.,0.,0.));
#11063=DIRECTION('',(-0.500000000000017,0.,-0.866025403784429));
#11064=DIRECTION('center_axis',(0.,1.,0.));
#11065=DIRECTION('ref_axis',(1.,0.,0.));
#11066=DIRECTION('',(1.,0.,0.));
#11067=DIRECTION('',(0.,0.,-1.));
#11068=DIRECTION('',(-0.500000000000017,0.,0.866025403784429));
#11069=DIRECTION('',(-1.,0.,0.));
#11070=DIRECTION('',(-0.500000000000017,0.,-0.866025403784429));
#11071=DIRECTION('center_axis',(0.,1.,0.));
#11072=DIRECTION('ref_axis',(1.,0.,0.));
#11073=DIRECTION('',(0.,0.,-1.));
#11074=DIRECTION('',(0.500000000000017,0.,-0.866025403784429));
#11075=DIRECTION('',(1.,0.,0.));
#11076=DIRECTION('',(0.500000000000017,0.,0.866025403784429));
#11077=DIRECTION('',(0.,0.,-1.));
#11078=DIRECTION('',(1.,0.,0.));
#11079=DIRECTION('center_axis',(0.,1.,0.));
#11080=DIRECTION('ref_axis',(1.,0.,0.));
#11081=DIRECTION('',(0.,0.,-1.));
#11082=DIRECTION('',(1.,0.,0.));
#11083=DIRECTION('',(0.,0.,-1.));
#11084=DIRECTION('',(-0.500000000000017,0.,0.866025403784429));
#11085=DIRECTION('',(-1.,0.,0.));
#11086=DIRECTION('',(-0.500000000000017,0.,-0.866025403784429));
#11087=DIRECTION('center_axis',(0.,1.,0.));
#11088=DIRECTION('ref_axis',(1.,0.,0.));
#11089=DIRECTION('',(0.,0.,-1.));
#11090=DIRECTION('',(1.,0.,0.));
#11091=DIRECTION('',(0.,0.,-1.));
#11092=DIRECTION('',(0.500000000000017,0.,-0.866025403784429));
#11093=DIRECTION('',(1.,0.,0.));
#11094=DIRECTION('',(0.500000000000017,0.,0.866025403784429));
#11095=DIRECTION('center_axis',(0.,1.,0.));
#11096=DIRECTION('ref_axis',(1.,0.,0.));
#11097=DIRECTION('',(0.,0.,-1.));
#11098=DIRECTION('',(-0.500000000000017,0.,0.866025403784429));
#11099=DIRECTION('',(-1.,0.,0.));
#11100=DIRECTION('',(-0.500000000000017,0.,-0.866025403784429));
#11101=DIRECTION('',(0.,0.,-1.));
#11102=DIRECTION('',(0.500000000000017,0.,-0.866025403784429));
#11103=DIRECTION('',(1.,0.,0.));
#11104=DIRECTION('',(0.500000000000017,0.,0.866025403784429));
#11105=DIRECTION('center_axis',(0.,1.,0.));
#11106=DIRECTION('ref_axis',(1.,0.,0.));
#11107=DIRECTION('',(0.,0.,-1.));
#11108=DIRECTION('',(-0.500000000000017,0.,0.866025403784429));
#11109=DIRECTION('',(-1.,0.,0.));
#11110=DIRECTION('',(-0.500000000000017,0.,-0.866025403784429));
#11111=DIRECTION('',(0.,0.,-1.));
#11112=DIRECTION('',(0.500000000000017,0.,-0.866025403784429));
#11113=DIRECTION('',(1.,0.,0.));
#11114=DIRECTION('',(0.500000000000017,0.,0.866025403784429));
#11115=DIRECTION('center_axis',(0.,1.,0.));
#11116=DIRECTION('ref_axis',(1.,0.,0.));
#11117=DIRECTION('',(0.,0.,-1.));
#11118=DIRECTION('',(-0.500000000000017,0.,0.866025403784429));
#11119=DIRECTION('',(-1.,0.,0.));
#11120=DIRECTION('',(-0.500000000000017,0.,-0.866025403784429));
#11121=DIRECTION('',(0.,0.,-1.));
#11122=DIRECTION('',(1.,0.,0.));
#11123=DIRECTION('center_axis',(0.,1.,0.));
#11124=DIRECTION('ref_axis',(1.,0.,0.));
#11125=DIRECTION('',(1.,0.,0.));
#11126=DIRECTION('',(0.,0.,-1.));
#11127=DIRECTION('',(-0.500000000000017,0.,0.866025403784429));
#11128=DIRECTION('center_axis',(0.,1.,0.));
#11129=DIRECTION('ref_axis',(1.,0.,0.));
#11130=DIRECTION('',(1.,0.,0.));
#11131=DIRECTION('',(-0.500000000000017,0.,-0.866025403784429));
#11132=DIRECTION('',(0.,0.,-1.));
#11133=DIRECTION('center_axis',(0.,1.,0.));
#11134=DIRECTION('ref_axis',(1.,0.,0.));
#11135=DIRECTION('',(-1.,0.,0.));
#11136=DIRECTION('',(0.,0.,-1.));
#11137=DIRECTION('',(0.500000000000017,0.,-0.866025403784429));
#11138=DIRECTION('center_axis',(0.,1.,0.));
#11139=DIRECTION('ref_axis',(1.,0.,0.));
#11140=DIRECTION('',(-1.,0.,0.));
#11141=DIRECTION('',(0.500000000000017,0.,0.866025403784429));
#11142=DIRECTION('',(0.,0.,-1.));
#11143=DIRECTION('center_axis',(0.,0.707106781186548,-0.707106781186548));
#11144=DIRECTION('ref_axis',(0.,0.707106781186548,0.707106781186548));
#11145=DIRECTION('',(0.,0.707106781186548,0.707106781186548));
#11146=DIRECTION('',(-1.,0.,0.));
#11147=DIRECTION('center_axis',(0.,0.707106781186548,-0.707106781186548));
#11148=DIRECTION('ref_axis',(0.,0.707106781186548,0.707106781186548));
#11149=DIRECTION('',(0.,0.707106781186548,0.707106781186548));
#11150=DIRECTION('',(-1.,0.,0.));
#11151=DIRECTION('',(0.,0.707106781186548,0.707106781186548));
#11152=DIRECTION('center_axis',(0.,0.707106781186548,-0.707106781186548));
#11153=DIRECTION('ref_axis',(0.,0.707106781186548,0.707106781186548));
#11154=DIRECTION('',(1.,0.,0.));
#11155=DIRECTION('',(0.,0.707106781186548,0.707106781186548));
#11156=DIRECTION('',(0.,0.707106781186548,0.707106781186548));
#11157=DIRECTION('center_axis',(0.,0.,-1.));
#11158=DIRECTION('ref_axis',(-1.,0.,0.));
#11159=DIRECTION('',(0.707106781186547,0.707106781186547,0.));
#11160=DIRECTION('',(-1.,0.,0.));
#11161=DIRECTION('',(0.707106781186547,-0.707106781186547,0.));
#11162=DIRECTION('',(-1.,0.,0.));
#11163=DIRECTION('',(0.,1.,0.));
#11164=DIRECTION('',(1.,0.,0.));
#11165=DIRECTION('center_axis',(0.,0.,1.));
#11166=DIRECTION('ref_axis',(0.,-1.,0.));
#11167=DIRECTION('center_axis',(0.,0.,-1.));
#11168=DIRECTION('ref_axis',(-1.,0.,0.));
#11169=DIRECTION('',(0.707106781186547,0.707106781186547,0.));
#11170=DIRECTION('',(-1.,0.,0.));
#11171=DIRECTION('',(0.707106781186547,-0.707106781186547,0.));
#11172=DIRECTION('',(-1.,0.,0.));
#11173=DIRECTION('',(0.,1.,0.));
#11174=DIRECTION('',(0.,1.,0.));
#11175=DIRECTION('',(1.,0.,0.));
#11176=DIRECTION('center_axis',(0.,0.,1.));
#11177=DIRECTION('ref_axis',(0.,-1.,0.));
#11178=DIRECTION('center_axis',(0.,0.,1.));
#11179=DIRECTION('ref_axis',(0.,-1.,0.));
#11180=DIRECTION('',(0.,0.,1.));
#11181=DIRECTION('center_axis',(0.,0.,1.));
#11182=DIRECTION('ref_axis',(0.,-1.,0.));
#11183=DIRECTION('center_axis',(0.,0.,1.));
#11184=DIRECTION('ref_axis',(0.,-1.,0.));
#11185=DIRECTION('center_axis',(0.,0.,1.));
#11186=DIRECTION('ref_axis',(0.,-1.,0.));
#11187=DIRECTION('',(0.,0.,1.));
#11188=DIRECTION('center_axis',(0.,0.,1.));
#11189=DIRECTION('ref_axis',(0.,-1.,0.));
#11190=DIRECTION('center_axis',(0.,0.,1.));
#11191=DIRECTION('ref_axis',(1.,0.,0.));
#11192=DIRECTION('center_axis',(0.,0.,1.));
#11193=DIRECTION('ref_axis',(1.,0.,0.));
#11194=DIRECTION('center_axis',(0.,0.,1.));
#11195=DIRECTION('ref_axis',(1.,0.,0.));
#11196=DIRECTION('center_axis',(0.,0.,1.));
#11197=DIRECTION('ref_axis',(1.,0.,0.));
#11198=DIRECTION('center_axis',(0.,0.,1.));
#11199=DIRECTION('ref_axis',(0.,-1.,0.));
#11200=DIRECTION('center_axis',(0.,0.,1.));
#11201=DIRECTION('ref_axis',(1.,0.,0.));
#11202=DIRECTION('',(0.,0.,1.));
#11203=DIRECTION('center_axis',(0.,0.,1.));
#11204=DIRECTION('ref_axis',(1.,0.,0.));
#11205=DIRECTION('center_axis',(0.,0.,1.));
#11206=DIRECTION('ref_axis',(1.,0.,0.));
#11207=DIRECTION('',(-0.707106781186548,-0.707106781186548,0.));
#11208=DIRECTION('',(0.,1.,0.));
#11209=DIRECTION('',(1.,0.,0.));
#11210=DIRECTION('',(-1.,0.,0.));
#11211=DIRECTION('',(-0.948683298050524,-0.316227766016808,0.));
#11212=DIRECTION('',(0.,-1.,0.));
#11213=DIRECTION('',(0.948683298050524,-0.316227766016808,0.));
#11214=DIRECTION('',(-1.,0.,0.));
#11215=DIRECTION('',(-0.707106781186548,0.707106781186548,0.));
#11216=DIRECTION('',(1.,0.,0.));
#11217=DIRECTION('center_axis',(0.,0.,1.));
#11218=DIRECTION('ref_axis',(1.,0.,0.));
#11219=DIRECTION('center_axis',(0.,0.,1.));
#11220=DIRECTION('ref_axis',(1.,0.,0.));
#11221=DIRECTION('',(-0.707106781186548,-0.707106781186548,0.));
#11222=DIRECTION('',(0.,1.,0.));
#11223=DIRECTION('',(1.,0.,0.));
#11224=DIRECTION('',(0.,-1.,0.));
#11225=DIRECTION('',(-0.707106781186548,0.707106781186548,0.));
#11226=DIRECTION('',(1.,0.,0.));
#11227=DIRECTION('center_axis',(0.,0.,1.));
#11228=DIRECTION('ref_axis',(1.,0.,0.));
#11229=DIRECTION('',(0.,0.,1.));
#11230=DIRECTION('center_axis',(-0.707106781186548,0.707106781186548,0.));
#11231=DIRECTION('ref_axis',(-0.707106781186548,-0.707106781186548,0.));
#11232=DIRECTION('',(0.,0.,1.));
#11233=DIRECTION('',(0.577350269189626,0.577350269189626,0.577350269189626));
#11234=DIRECTION('',(0.,0.,1.));
#11235=DIRECTION('center_axis',(-1.,0.,0.));
#11236=DIRECTION('ref_axis',(0.,0.,1.));
#11237=DIRECTION('',(0.,0.707106781186547,0.707106781186547));
#11238=DIRECTION('',(0.,0.,1.));
#11239=DIRECTION('',(0.,-0.707106781186547,0.707106781186547));
#11240=DIRECTION('',(0.,0.,1.));
#11241=DIRECTION('',(0.,-1.,0.));
#11242=DIRECTION('',(0.,0.707106781186548,-0.707106781186548));
#11243=DIRECTION('',(0.,0.707106781186548,0.707106781186548));
#11244=DIRECTION('center_axis',(0.,-0.707106781186548,0.707106781186548));
#11245=DIRECTION('ref_axis',(1.,0.,0.));
#11246=DIRECTION('',(0.,0.707106781186548,0.707106781186548));
#11247=DIRECTION('',(0.,0.707106781186548,0.707106781186548));
#11248=DIRECTION('center_axis',(0.,-0.707106781186548,0.707106781186548));
#11249=DIRECTION('ref_axis',(1.,0.,0.));
#11250=DIRECTION('',(0.,0.707106781186548,0.707106781186548));
#11251=DIRECTION('center_axis',(1.,0.,0.));
#11252=DIRECTION('ref_axis',(0.,1.,0.));
#11253=DIRECTION('',(0.,0.,1.));
#11254=DIRECTION('',(0.,-0.707106781186547,-0.707106781186547));
#11255=DIRECTION('',(0.,0.,-1.));
#11256=DIRECTION('',(0.,1.,0.));
#11257=DIRECTION('',(0.,1.,0.));
#11258=DIRECTION('',(0.,1.,0.));
#11259=DIRECTION('',(0.,0.,-1.));
#11260=DIRECTION('',(0.,1.,0.));
#11261=DIRECTION('center_axis',(1.,0.,0.));
#11262=DIRECTION('ref_axis',(0.,1.,0.));
#11263=DIRECTION('',(0.,0.,1.));
#11264=DIRECTION('',(0.,1.,0.));
#11265=DIRECTION('',(0.,0.707106781186548,-0.707106781186548));
#11266=DIRECTION('',(0.,-1.,0.));
#11267=DIRECTION('',(0.,0.,-1.));
#11268=DIRECTION('',(0.,-0.707106781186548,0.707106781186548));
#11269=DIRECTION('',(0.,1.,0.));
#11270=DIRECTION('',(0.,1.,0.));
#11271=DIRECTION('',(0.,1.,0.));
#11272=DIRECTION('',(0.,0.,-1.));
#11273=DIRECTION('',(0.,0.707106781186547,-0.707106781186547));
#11274=DIRECTION('center_axis',(-0.707106781186548,0.707106781186548,0.));
#11275=DIRECTION('ref_axis',(-0.707106781186548,-0.707106781186548,0.));
#11276=DIRECTION('',(0.,0.,1.));
#11277=DIRECTION('',(0.577350269189626,0.577350269189626,0.577350269189626));
#11278=DIRECTION('center_axis',(0.,-0.707106781186548,0.707106781186548));
#11279=DIRECTION('ref_axis',(0.,-0.707106781186548,-0.707106781186548));
#11280=DIRECTION('',(0.,-0.707106781186547,-0.707106781186547));
#11281=DIRECTION('',(1.,0.,0.));
#11282=DIRECTION('center_axis',(0.,1.,0.));
#11283=DIRECTION('ref_axis',(0.,0.,-1.));
#11284=DIRECTION('',(-1.,0.,0.));
#11285=DIRECTION('',(0.,0.,-1.));
#11286=DIRECTION('',(-1.,0.,0.));
#11287=DIRECTION('',(-1.,0.,0.));
#11288=DIRECTION('',(0.,0.,-1.));
#11289=DIRECTION('',(1.,0.,0.));
#11290=DIRECTION('',(0.,0.,-1.));
#11291=DIRECTION('',(1.,0.,0.));
#11292=DIRECTION('',(1.,0.,0.));
#11293=DIRECTION('',(0.,0.,1.));
#11294=DIRECTION('',(-1.,0.,0.));
#11295=DIRECTION('',(0.,0.,-1.));
#11296=DIRECTION('center_axis',(0.,0.,1.));
#11297=DIRECTION('ref_axis',(1.,0.,0.));
#11298=DIRECTION('',(0.,1.,0.));
#11299=DIRECTION('',(1.,0.,0.));
#11300=DIRECTION('',(0.,1.,0.));
#11301=DIRECTION('',(0.,1.,0.));
#11302=DIRECTION('',(0.,1.,0.));
#11303=DIRECTION('',(0.,1.,0.));
#11304=DIRECTION('center_axis',(0.866025403784429,0.,0.500000000000017));
#11305=DIRECTION('ref_axis',(0.500000000000017,0.,-0.866025403784429));
#11306=DIRECTION('',(0.,1.,0.));
#11307=DIRECTION('',(0.500000000000017,0.,-0.866025403784429));
#11308=DIRECTION('center_axis',(0.,1.,0.));
#11309=DIRECTION('ref_axis',(0.,0.,1.));
#11310=DIRECTION('',(-1.,0.,0.));
#11311=DIRECTION('',(-0.500000000000017,0.,0.866025403784429));
#11312=DIRECTION('',(0.500000000000017,0.,0.866025403784429));
#11313=DIRECTION('',(-0.500000000000017,0.,-0.866025403784429));
#11314=DIRECTION('center_axis',(0.,-1.,0.));
#11315=DIRECTION('ref_axis',(0.,0.,-1.));
#11316=DIRECTION('center_axis',(0.,0.,-1.));
#11317=DIRECTION('ref_axis',(-1.,0.,0.));
#11318=DIRECTION('',(0.,1.,0.));
#11319=DIRECTION('',(0.,-1.,0.));
#11320=DIRECTION('center_axis',(-0.866025403784429,0.,-0.500000000000017));
#11321=DIRECTION('ref_axis',(-0.500000000000017,0.,0.866025403784429));
#11322=DIRECTION('',(0.,1.,0.));
#11323=DIRECTION('center_axis',(-0.866025403784429,0.,0.500000000000017));
#11324=DIRECTION('ref_axis',(0.500000000000017,0.,0.866025403784429));
#11325=DIRECTION('center_axis',(0.866025403784429,0.,-0.500000000000017));
#11326=DIRECTION('ref_axis',(-0.500000000000017,0.,-0.866025403784429));
#11327=DIRECTION('center_axis',(0.,-1.,0.));
#11328=DIRECTION('ref_axis',(0.,0.,-1.));
#11329=DIRECTION('',(0.,-1.,0.));
#11330=DIRECTION('center_axis',(0.866025403784429,0.,0.500000000000017));
#11331=DIRECTION('ref_axis',(0.500000000000017,0.,-0.866025403784429));
#11332=DIRECTION('center_axis',(-1.,0.,0.));
#11333=DIRECTION('ref_axis',(0.,-1.,0.));
#11334=DIRECTION('',(0.,0.,-1.));
#11335=DIRECTION('',(0.,-1.,0.));
#11336=DIRECTION('',(0.,0.,-1.));
#11337=DIRECTION('',(0.,-1.,0.));
#11338=DIRECTION('',(0.,0.,-1.));
#11339=DIRECTION('',(0.,1.,0.));
#11340=DIRECTION('',(0.,1.,0.));
#11341=DIRECTION('',(0.,1.,0.));
#11342=DIRECTION('',(0.,-0.707106781186547,-0.707106781186547));
#11343=DIRECTION('center_axis',(-1.,0.,0.));
#11344=DIRECTION('ref_axis',(0.,-1.,0.));
#11345=DIRECTION('',(0.,0.,-1.));
#11346=DIRECTION('',(0.,0.707106781186547,-0.707106781186547));
#11347=DIRECTION('',(0.,1.,0.));
#11348=DIRECTION('',(0.,1.,0.));
#11349=DIRECTION('',(0.,-0.707106781186548,0.707106781186548));
#11350=DIRECTION('',(0.,0.,-1.));
#11351=DIRECTION('',(0.,1.,0.));
#11352=DIRECTION('',(0.,0.707106781186548,-0.707106781186548));
#11353=DIRECTION('',(0.,0.,1.));
#11354=DIRECTION('',(0.,-1.,0.));
#11355=DIRECTION('center_axis',(0.707106781186548,0.707106781186548,0.));
#11356=DIRECTION('ref_axis',(0.707106781186548,-0.707106781186548,0.));
#11357=DIRECTION('',(0.,0.,-1.));
#11358=DIRECTION('',(0.,0.,1.));
#11359=DIRECTION('',(-0.707106781186548,0.707106781186548,0.));
#11360=DIRECTION('',(0.577350269189626,-0.577350269189626,-0.577350269189626));
#11361=DIRECTION('center_axis',(0.,0.707106781186548,-0.707106781186548));
#11362=DIRECTION('ref_axis',(0.,-0.707106781186548,-0.707106781186548));
#11363=DIRECTION('center_axis',(0.,0.,-1.));
#11364=DIRECTION('ref_axis',(0.,-1.,0.));
#11365=DIRECTION('',(1.,0.,0.));
#11366=DIRECTION('',(0.948683298050524,-0.316227766016808,0.));
#11367=DIRECTION('',(0.,-1.,0.));
#11368=DIRECTION('',(-1.,0.,0.));
#11369=DIRECTION('',(0.,-1.,0.));
#11370=DIRECTION('',(-1.,0.,0.));
#11371=DIRECTION('',(0.,-1.,0.));
#11372=DIRECTION('',(-0.948683298050524,-0.316227766016808,0.));
#11373=DIRECTION('',(-1.,0.,0.));
#11374=DIRECTION('center_axis',(0.,1.,0.));
#11375=DIRECTION('ref_axis',(1.,0.,0.));
#11376=DIRECTION('',(0.,0.,-1.));
#11377=DIRECTION('center_axis',(-0.316227766016808,-0.948683298050524,0.));
#11378=DIRECTION('ref_axis',(0.948683298050524,-0.316227766016808,0.));
#11379=DIRECTION('',(0.,0.,-1.));
#11380=DIRECTION('center_axis',(1.,0.,0.));
#11381=DIRECTION('ref_axis',(0.,-1.,0.));
#11382=DIRECTION('',(0.,0.,-1.));
#11383=DIRECTION('',(0.,-1.,0.));
#11384=DIRECTION('center_axis',(0.,-1.,0.));
#11385=DIRECTION('ref_axis',(0.,0.,-1.));
#11386=DIRECTION('center_axis',(0.,1.,0.));
#11387=DIRECTION('ref_axis',(1.,0.,0.));
#11388=DIRECTION('center_axis',(0.,-1.,0.));
#11389=DIRECTION('ref_axis',(-1.,0.,0.));
#11390=DIRECTION('center_axis',(0.,-1.,0.));
#11391=DIRECTION('ref_axis',(0.,0.,-1.));
#11392=DIRECTION('',(-1.,0.,0.));
#11393=DIRECTION('center_axis',(0.,1.,0.));
#11394=DIRECTION('ref_axis',(-1.,0.,0.));
#11395=DIRECTION('center_axis',(0.,-1.,0.));
#11396=DIRECTION('ref_axis',(0.,0.,-1.));
#11397=DIRECTION('center_axis',(0.,0.,1.));
#11398=DIRECTION('ref_axis',(0.,1.,0.));
#11399=DIRECTION('',(1.,0.,0.));
#11400=DIRECTION('',(0.948683298050524,0.316227766016808,0.));
#11401=DIRECTION('',(0.,1.,0.));
#11402=DIRECTION('',(-1.,0.,0.));
#11403=DIRECTION('',(0.,-1.,0.));
#11404=DIRECTION('',(0.,1.,0.));
#11405=DIRECTION('',(-0.948683298050524,0.316227766016808,0.));
#11406=DIRECTION('',(1.,0.,0.));
#11407=DIRECTION('',(0.707106781186548,-0.707106781186548,0.));
#11408=DIRECTION('center_axis',(0.707106781186548,0.707106781186548,0.));
#11409=DIRECTION('ref_axis',(0.707106781186548,-0.707106781186548,0.));
#11410=DIRECTION('',(0.707106781186548,-0.707106781186548,0.));
#11411=DIRECTION('',(0.,0.,-1.));
#11412=DIRECTION('',(-0.707106781186547,0.707106781186547,0.));
#11413=DIRECTION('',(-0.577350269189626,0.577350269189626,-0.577350269189626));
#11414=DIRECTION('',(0.,0.,1.));
#11415=DIRECTION('center_axis',(0.,0.,-1.));
#11416=DIRECTION('ref_axis',(-1.,0.,0.));
#11417=DIRECTION('',(0.707106781186548,-0.707106781186548,0.));
#11418=DIRECTION('',(0.,1.,0.));
#11419=DIRECTION('',(-1.,0.,0.));
#11420=DIRECTION('',(0.707106781186548,0.707106781186548,0.));
#11421=DIRECTION('',(-1.,0.,0.));
#11422=DIRECTION('center_axis',(0.,0.,-1.));
#11423=DIRECTION('ref_axis',(-1.,0.,0.));
#11424=DIRECTION('center_axis',(0.,0.,-1.));
#11425=DIRECTION('ref_axis',(-1.,0.,0.));
#11426=DIRECTION('',(1.,0.,0.));
#11427=DIRECTION('',(-0.948683298050524,0.316227766016808,0.));
#11428=DIRECTION('',(0.,1.,0.));
#11429=DIRECTION('',(0.948683298050524,0.316227766016808,0.));
#11430=DIRECTION('',(1.,0.,0.));
#11431=DIRECTION('',(-1.,0.,0.));
#11432=DIRECTION('',(0.707106781186548,0.707106781186548,0.));
#11433=DIRECTION('',(-1.,0.,0.));
#11434=DIRECTION('center_axis',(0.,0.,-1.));
#11435=DIRECTION('ref_axis',(-1.,0.,0.));
#11436=DIRECTION('center_axis',(0.,0.,-1.));
#11437=DIRECTION('ref_axis',(-1.,0.,0.));
#11438=DIRECTION('center_axis',(0.,0.,-1.));
#11439=DIRECTION('ref_axis',(-1.,0.,0.));
#11440=DIRECTION('',(0.,0.,-1.));
#11441=DIRECTION('center_axis',(0.,0.,-1.));
#11442=DIRECTION('ref_axis',(-1.,0.,0.));
#11443=DIRECTION('center_axis',(0.,0.,-1.));
#11444=DIRECTION('ref_axis',(-1.,0.,0.));
#11445=DIRECTION('center_axis',(0.,0.,1.));
#11446=DIRECTION('ref_axis',(0.,-1.,0.));
#11447=DIRECTION('center_axis',(0.,0.,-1.));
#11448=DIRECTION('ref_axis',(-1.,0.,0.));
#11449=DIRECTION('center_axis',(0.,0.,-1.));
#11450=DIRECTION('ref_axis',(-1.,0.,0.));
#11451=DIRECTION('',(0.,0.,-1.));
#11452=DIRECTION('center_axis',(0.,0.,1.));
#11453=DIRECTION('ref_axis',(1.,0.,0.));
#11454=DIRECTION('',(-0.707106781186547,0.707106781186547,0.));
#11455=DIRECTION('',(1.,0.,0.));
#11456=DIRECTION('',(-0.707106781186547,-0.707106781186547,0.));
#11457=DIRECTION('',(1.,0.,0.));
#11458=DIRECTION('',(0.,1.,0.));
#11459=DIRECTION('',(1.,0.,0.));
#11460=DIRECTION('',(0.,1.,0.));
#11461=DIRECTION('',(-1.,0.,0.));
#11462=DIRECTION('center_axis',(0.,0.,1.));
#11463=DIRECTION('ref_axis',(1.,0.,0.));
#11464=DIRECTION('',(1.,0.,0.));
#11465=DIRECTION('',(-0.707106781186547,-0.707106781186547,0.));
#11466=DIRECTION('',(1.,0.,0.));
#11467=DIRECTION('',(0.,1.,0.));
#11468=DIRECTION('',(1.,0.,0.));
#11469=DIRECTION('',(-1.,0.,0.));
#11470=DIRECTION('center_axis',(0.,0.,1.));
#11471=DIRECTION('ref_axis',(0.,-1.,0.));
#11472=DIRECTION('center_axis',(0.,0.,1.));
#11473=DIRECTION('ref_axis',(0.,-1.,0.));
#11474=DIRECTION('',(0.,0.,1.));
#11475=DIRECTION('center_axis',(0.,0.,1.));
#11476=DIRECTION('ref_axis',(0.,-1.,0.));
#11477=DIRECTION('',(0.,0.,1.));
#11478=DIRECTION('center_axis',(0.707106781186548,0.707106781186548,0.));
#11479=DIRECTION('ref_axis',(0.707106781186548,-0.707106781186548,0.));
#11480=DIRECTION('',(0.,0.,-1.));
#11481=DIRECTION('',(-0.577350269189626,0.577350269189626,-0.577350269189626));
#11482=DIRECTION('',(0.,0.,-1.));
#11483=DIRECTION('center_axis',(1.,0.,0.));
#11484=DIRECTION('ref_axis',(0.,0.,-1.));
#11485=DIRECTION('',(0.,0.,-1.));
#11486=DIRECTION('',(0.,0.707106781186548,-0.707106781186548));
#11487=DIRECTION('',(0.,-0.707106781186547,0.707106781186547));
#11488=DIRECTION('',(0.,0.,1.));
#11489=DIRECTION('',(0.,0.707106781186547,0.707106781186547));
#11490=DIRECTION('center_axis',(0.707106781186548,0.707106781186548,0.));
#11491=DIRECTION('ref_axis',(0.707106781186548,-0.707106781186548,0.));
#11492=DIRECTION('',(0.,0.,-1.));
#11493=DIRECTION('',(0.577350269189626,-0.577350269189626,-0.577350269189626));
#11494=DIRECTION('center_axis',(0.,-0.707106781186548,0.707106781186548));
#11495=DIRECTION('ref_axis',(0.,0.707106781186548,0.707106781186548));
#11496=DIRECTION('',(-1.,0.,0.));
#11497=DIRECTION('',(0.,0.707106781186547,0.707106781186547));
#11498=DIRECTION('center_axis',(1.,0.,0.));
#11499=DIRECTION('ref_axis',(0.,-1.,0.));
#11500=DIRECTION('',(0.,0.,1.));
#11501=DIRECTION('',(0.,-0.707106781186547,0.707106781186547));
#11502=DIRECTION('',(0.,-0.707106781186548,0.707106781186548));
#11503=DIRECTION('',(0.,1.,0.));
#11504=DIRECTION('',(0.,1.,0.));
#11505=DIRECTION('',(0.,1.,0.));
#11506=DIRECTION('',(0.,1.,0.));
#11507=DIRECTION('',(0.,1.,0.));
#11508=DIRECTION('',(0.,1.,0.));
#11509=DIRECTION('center_axis',(0.866025403784429,0.,0.500000000000017));
#11510=DIRECTION('ref_axis',(0.500000000000017,0.,-0.866025403784429));
#11511=DIRECTION('',(0.,1.,0.));
#11512=DIRECTION('center_axis',(0.,0.,1.));
#11513=DIRECTION('ref_axis',(1.,0.,0.));
#11514=DIRECTION('',(0.,1.,0.));
#11515=DIRECTION('center_axis',(-0.866025403784429,0.,0.500000000000017));
#11516=DIRECTION('ref_axis',(0.500000000000017,0.,0.866025403784429));
#11517=DIRECTION('',(0.,1.,0.));
#11518=DIRECTION('center_axis',(-1.,0.,0.));
#11519=DIRECTION('ref_axis',(0.,1.,0.));
#11520=DIRECTION('',(0.,1.,0.));
#11521=DIRECTION('',(0.,1.,0.));
#11522=DIRECTION('',(0.,1.,0.));
#11523=DIRECTION('',(0.,1.,0.));
#11524=DIRECTION('',(0.,1.,0.));
#11525=DIRECTION('',(0.,-0.707106781186548,0.707106781186548));
#11526=DIRECTION('',(0.,0.707106781186547,-0.707106781186547));
#11527=DIRECTION('center_axis',(0.,-0.707106781186548,-0.707106781186548));
#11528=DIRECTION('ref_axis',(0.,0.707106781186548,-0.707106781186548));
#11529=DIRECTION('',(-0.577350269189626,-0.577350269189626,0.577350269189626));
#11530=DIRECTION('center_axis',(-0.707106781186548,0.707106781186548,0.));
#11531=DIRECTION('ref_axis',(-0.707106781186548,-0.707106781186548,0.));
#11532=DIRECTION('',(0.,0.,1.));
#11533=DIRECTION('center_axis',(0.,1.,0.));
#11534=DIRECTION('ref_axis',(1.,0.,0.));
#11535=DIRECTION('center_axis',(0.,1.,0.));
#11536=DIRECTION('ref_axis',(1.,0.,0.));
#11537=DIRECTION('center_axis',(0.,1.,0.));
#11538=DIRECTION('ref_axis',(1.,0.,0.));
#11539=DIRECTION('center_axis',(0.,1.,0.));
#11540=DIRECTION('ref_axis',(1.,0.,0.));
#11541=DIRECTION('',(0.,0.,1.));
#11542=DIRECTION('center_axis',(-0.707106781186548,0.707106781186548,0.));
#11543=DIRECTION('ref_axis',(-0.707106781186548,-0.707106781186548,0.));
#11544=DIRECTION('',(-0.577350269189626,-0.577350269189626,0.577350269189626));
#11545=DIRECTION('center_axis',(0.,0.707106781186548,0.707106781186548));
#11546=DIRECTION('ref_axis',(0.,-0.707106781186548,0.707106781186548));
#11547=DIRECTION('',(1.,0.,0.));
#11548=DIRECTION('',(0.,-0.707106781186547,0.707106781186547));
#11549=DIRECTION('center_axis',(1.,0.,0.));
#11550=DIRECTION('ref_axis',(0.,-1.,0.));
#11551=DIRECTION('',(0.,1.,0.));
#11552=DIRECTION('',(0.,1.,0.));
#11553=DIRECTION('',(0.,1.,0.));
#11554=DIRECTION('',(0.,1.,0.));
#11555=DIRECTION('',(0.,1.,0.));
#11556=DIRECTION('',(0.,1.,0.));
#11557=DIRECTION('',(0.,-0.707106781186548,0.707106781186548));
#11558=DIRECTION('',(0.,0.,1.));
#11559=DIRECTION('',(0.,0.707106781186547,0.707106781186547));
#11560=DIRECTION('center_axis',(0.,0.707106781186548,-0.707106781186548));
#11561=DIRECTION('ref_axis',(0.,0.707106781186548,0.707106781186548));
#11562=DIRECTION('',(1.,0.,0.));
#11563=DIRECTION('center_axis',(0.,1.,0.));
#11564=DIRECTION('ref_axis',(0.,0.,1.));
#11565=DIRECTION('center_axis',(0.,0.707106781186548,0.707106781186548));
#11566=DIRECTION('ref_axis',(0.,-0.707106781186548,0.707106781186548));
#11567=DIRECTION('center_axis',(0.,0.707106781186548,0.707106781186548));
#11568=DIRECTION('ref_axis',(0.,-0.707106781186548,0.707106781186548));
#11569=DIRECTION('center_axis',(0.,0.707106781186548,0.707106781186548));
#11570=DIRECTION('ref_axis',(0.,-0.707106781186548,0.707106781186548));
#11571=DIRECTION('',(1.,0.,0.));
#11572=DIRECTION('center_axis',(0.,-1.,0.));
#11573=DIRECTION('ref_axis',(0.,0.,-1.));
#11574=DIRECTION('',(1.,0.,0.));
#11575=DIRECTION('center_axis',(0.,0.,-1.));
#11576=DIRECTION('ref_axis',(0.,1.,0.));
#11577=DIRECTION('center_axis',(-0.866025403784429,0.,-0.500000000000017));
#11578=DIRECTION('ref_axis',(-0.500000000000017,0.,0.866025403784429));
#11579=DIRECTION('',(0.,1.,0.));
#11580=DIRECTION('center_axis',(0.,0.,-1.));
#11581=DIRECTION('ref_axis',(-1.,0.,0.));
#11582=DIRECTION('',(0.,1.,0.));
#11583=DIRECTION('center_axis',(0.866025403784429,0.,-0.500000000000017));
#11584=DIRECTION('ref_axis',(-0.500000000000017,0.,-0.866025403784429));
#11585=DIRECTION('center_axis',(-0.866025403784429,0.,0.500000000000017));
#11586=DIRECTION('ref_axis',(0.500000000000017,0.,0.866025403784429));
#11587=DIRECTION('',(0.,1.,0.));
#11588=DIRECTION('center_axis',(0.,0.,1.));
#11589=DIRECTION('ref_axis',(1.,0.,0.));
#11590=DIRECTION('',(0.,1.,0.));
#11591=DIRECTION('center_axis',(0.866025403784429,0.,0.500000000000017));
#11592=DIRECTION('ref_axis',(0.500000000000017,0.,-0.866025403784429));
#11593=DIRECTION('center_axis',(-0.866025403784429,0.,-0.500000000000017));
#11594=DIRECTION('ref_axis',(-0.500000000000017,0.,0.866025403784429));
#11595=DIRECTION('',(0.,1.,0.));
#11596=DIRECTION('center_axis',(0.,0.,-1.));
#11597=DIRECTION('ref_axis',(-1.,0.,0.));
#11598=DIRECTION('',(0.,1.,0.));
#11599=DIRECTION('center_axis',(0.866025403784429,0.,-0.500000000000017));
#11600=DIRECTION('ref_axis',(-0.500000000000017,0.,-0.866025403784429));
#11601=DIRECTION('center_axis',(-0.866025403784429,0.,0.500000000000017));
#11602=DIRECTION('ref_axis',(0.500000000000017,0.,0.866025403784429));
#11603=DIRECTION('',(0.,1.,0.));
#11604=DIRECTION('center_axis',(0.,0.,1.));
#11605=DIRECTION('ref_axis',(1.,0.,0.));
#11606=DIRECTION('',(0.,1.,0.));
#11607=DIRECTION('center_axis',(0.866025403784429,0.,0.500000000000017));
#11608=DIRECTION('ref_axis',(0.500000000000017,0.,-0.866025403784429));
#11609=DIRECTION('center_axis',(-0.866025403784429,0.,-0.500000000000017));
#11610=DIRECTION('ref_axis',(-0.500000000000017,0.,0.866025403784429));
#11611=DIRECTION('',(0.,1.,0.));
#11612=DIRECTION('center_axis',(0.,0.,-1.));
#11613=DIRECTION('ref_axis',(-1.,0.,0.));
#11614=DIRECTION('',(0.,1.,0.));
#11615=DIRECTION('center_axis',(0.866025403784429,0.,-0.500000000000017));
#11616=DIRECTION('ref_axis',(-0.500000000000017,0.,-0.866025403784429));
#11617=DIRECTION('center_axis',(-0.866025403784429,0.,0.500000000000017));
#11618=DIRECTION('ref_axis',(0.500000000000017,0.,0.866025403784429));
#11619=DIRECTION('',(0.,1.,0.));
#11620=DIRECTION('center_axis',(0.,0.,1.));
#11621=DIRECTION('ref_axis',(1.,0.,0.));
#11622=DIRECTION('',(0.,1.,0.));
#11623=DIRECTION('center_axis',(0.866025403784429,0.,0.500000000000017));
#11624=DIRECTION('ref_axis',(0.500000000000017,0.,-0.866025403784429));
#11625=DIRECTION('center_axis',(-0.866025403784429,0.,-0.500000000000017));
#11626=DIRECTION('ref_axis',(-0.500000000000017,0.,0.866025403784429));
#11627=DIRECTION('',(0.,1.,0.));
#11628=DIRECTION('center_axis',(0.,0.,-1.));
#11629=DIRECTION('ref_axis',(-1.,0.,0.));
#11630=DIRECTION('',(0.,1.,0.));
#11631=DIRECTION('center_axis',(0.866025403784429,0.,-0.500000000000017));
#11632=DIRECTION('ref_axis',(-0.500000000000017,0.,-0.866025403784429));
#11633=DIRECTION('center_axis',(-0.866025403784429,0.,0.500000000000017));
#11634=DIRECTION('ref_axis',(0.500000000000017,0.,0.866025403784429));
#11635=DIRECTION('',(0.,1.,0.));
#11636=DIRECTION('center_axis',(0.,0.,1.));
#11637=DIRECTION('ref_axis',(1.,0.,0.));
#11638=DIRECTION('',(0.,1.,0.));
#11639=DIRECTION('center_axis',(0.866025403784429,0.,0.500000000000017));
#11640=DIRECTION('ref_axis',(0.500000000000017,0.,-0.866025403784429));
#11641=DIRECTION('center_axis',(-0.866025403784429,0.,-0.500000000000017));
#11642=DIRECTION('ref_axis',(-0.500000000000017,0.,0.866025403784429));
#11643=DIRECTION('',(0.,1.,0.));
#11644=DIRECTION('center_axis',(0.,0.,-1.));
#11645=DIRECTION('ref_axis',(-1.,0.,0.));
#11646=DIRECTION('',(0.,1.,0.));
#11647=DIRECTION('center_axis',(0.866025403784429,0.,-0.500000000000017));
#11648=DIRECTION('ref_axis',(-0.500000000000017,0.,-0.866025403784429));
#11649=DIRECTION('center_axis',(-0.866025403784429,0.,0.500000000000017));
#11650=DIRECTION('ref_axis',(0.500000000000017,0.,0.866025403784429));
#11651=DIRECTION('',(0.,1.,0.));
#11652=DIRECTION('center_axis',(0.,0.,1.));
#11653=DIRECTION('ref_axis',(1.,0.,0.));
#11654=DIRECTION('',(0.,1.,0.));
#11655=DIRECTION('center_axis',(0.866025403784429,0.,0.500000000000017));
#11656=DIRECTION('ref_axis',(0.500000000000017,0.,-0.866025403784429));
#11657=DIRECTION('center_axis',(-0.866025403784429,0.,-0.500000000000017));
#11658=DIRECTION('ref_axis',(-0.500000000000017,0.,0.866025403784429));
#11659=DIRECTION('',(0.,1.,0.));
#11660=DIRECTION('center_axis',(0.,0.,-1.));
#11661=DIRECTION('ref_axis',(-1.,0.,0.));
#11662=DIRECTION('',(0.,1.,0.));
#11663=DIRECTION('center_axis',(0.866025403784429,0.,-0.500000000000017));
#11664=DIRECTION('ref_axis',(-0.500000000000017,0.,-0.866025403784429));
#11665=DIRECTION('center_axis',(0.,-0.707106781186548,-0.707106781186548));
#11666=DIRECTION('ref_axis',(0.,-0.707106781186548,0.707106781186548));
#11667=DIRECTION('',(-1.,0.,0.));
#11668=DIRECTION('center_axis',(0.,-1.,0.));
#11669=DIRECTION('ref_axis',(0.,0.,1.));
#11670=DIRECTION('center_axis',(0.,-0.707106781186548,-0.707106781186548));
#11671=DIRECTION('ref_axis',(-1.,0.,0.));
#11672=DIRECTION('center_axis',(0.,-0.707106781186548,-0.707106781186548));
#11673=DIRECTION('ref_axis',(-1.,0.,0.));
#11674=DIRECTION('center_axis',(0.,0.707106781186548,0.707106781186548));
#11675=DIRECTION('ref_axis',(0.,0.707106781186548,-0.707106781186548));
#11676=DIRECTION('center_axis',(0.,-1.,0.));
#11677=DIRECTION('ref_axis',(1.,0.,0.));
#11678=DIRECTION('',(0.,0.,1.));
#11679=DIRECTION('center_axis',(-0.316227766016808,0.948683298050524,0.));
#11680=DIRECTION('ref_axis',(0.948683298050524,0.316227766016808,0.));
#11681=DIRECTION('',(0.,0.,1.));
#11682=DIRECTION('center_axis',(1.,0.,0.));
#11683=DIRECTION('ref_axis',(0.,1.,0.));
#11684=DIRECTION('',(0.,0.,1.));
#11685=DIRECTION('',(0.,-1.,0.));
#11686=DIRECTION('center_axis',(-0.316227766016808,-0.948683298050524,0.));
#11687=DIRECTION('ref_axis',(-0.948683298050524,0.316227766016808,0.));
#11688=DIRECTION('',(0.,0.,1.));
#11689=DIRECTION('center_axis',(0.,1.,0.));
#11690=DIRECTION('ref_axis',(-1.,0.,0.));
#11691=DIRECTION('center_axis',(0.,-1.,0.));
#11692=DIRECTION('ref_axis',(1.22464679914735E-16,0.,1.));
#11693=DIRECTION('center_axis',(0.,-1.,0.));
#11694=DIRECTION('ref_axis',(1.,0.,0.));
#11695=DIRECTION('center_axis',(0.,-1.,0.));
#11696=DIRECTION('ref_axis',(1.,0.,0.));
#11697=DIRECTION('center_axis',(0.,-1.,0.));
#11698=DIRECTION('ref_axis',(1.,0.,0.));
#11699=DIRECTION('center_axis',(-0.316227766016808,0.948683298050524,0.));
#11700=DIRECTION('ref_axis',(-0.948683298050524,-0.316227766016808,0.));
#11701=DIRECTION('',(0.,0.,-1.));
#11702=DIRECTION('center_axis',(0.,-1.,0.));
#11703=DIRECTION('ref_axis',(-1.,0.,0.));
#11704=DIRECTION('center_axis',(0.,0.,-1.));
#11705=DIRECTION('ref_axis',(-1.,0.,0.));
#11706=DIRECTION('',(0.,1.,0.));
#11707=DIRECTION('',(-1.,0.,0.));
#11708=DIRECTION('',(0.,-1.,0.));
#11709=DIRECTION('',(0.,1.,0.));
#11710=DIRECTION('',(0.,1.,0.));
#11711=DIRECTION('center_axis',(-0.866025403784429,0.,-0.500000000000017));
#11712=DIRECTION('ref_axis',(-0.500000000000017,0.,0.866025403784429));
#11713=DIRECTION('',(0.,1.,0.));
#11714=DIRECTION('',(-0.500000000000017,0.,0.866025403784429));
#11715=DIRECTION('center_axis',(0.,1.,0.));
#11716=DIRECTION('ref_axis',(0.,0.,1.));
#11717=DIRECTION('',(0.500000000000017,0.,0.866025403784429));
#11718=DIRECTION('',(1.,0.,0.));
#11719=DIRECTION('',(0.500000000000017,0.,-0.866025403784429));
#11720=DIRECTION('',(-0.500000000000017,0.,-0.866025403784429));
#11721=DIRECTION('center_axis',(0.,-1.,0.));
#11722=DIRECTION('ref_axis',(0.,0.,-1.));
#11723=DIRECTION('center_axis',(0.866025403784429,0.,-0.500000000000017));
#11724=DIRECTION('ref_axis',(-0.500000000000017,0.,-0.866025403784429));
#11725=DIRECTION('',(0.,1.,0.));
#11726=DIRECTION('center_axis',(0.866025403784429,0.,0.500000000000017));
#11727=DIRECTION('ref_axis',(0.500000000000017,0.,-0.866025403784429));
#11728=DIRECTION('',(0.,1.,0.));
#11729=DIRECTION('center_axis',(0.,0.,1.));
#11730=DIRECTION('ref_axis',(1.,0.,0.));
#11731=DIRECTION('',(0.,1.,0.));
#11732=DIRECTION('center_axis',(-0.866025403784429,0.,0.500000000000017));
#11733=DIRECTION('ref_axis',(0.500000000000017,0.,0.866025403784429));
#11734=DIRECTION('center_axis',(0.,-1.,0.));
#11735=DIRECTION('ref_axis',(0.,0.,-1.));
#11736=DIRECTION('',(0.,-1.,0.));
#11737=DIRECTION('center_axis',(-0.866025403784429,0.,-0.500000000000017));
#11738=DIRECTION('ref_axis',(-0.500000000000017,0.,0.866025403784429));
#11739=DIRECTION('center_axis',(0.866025403784429,0.,-0.500000000000017));
#11740=DIRECTION('ref_axis',(-0.500000000000017,0.,-0.866025403784429));
#11741=DIRECTION('center_axis',(-0.866025403784429,0.,0.500000000000017));
#11742=DIRECTION('ref_axis',(0.500000000000017,0.,0.866025403784429));
#11743=DIRECTION('',(0.,1.,0.));
#11744=DIRECTION('center_axis',(0.,0.,1.));
#11745=DIRECTION('ref_axis',(1.,0.,0.));
#11746=DIRECTION('',(0.,1.,0.));
#11747=DIRECTION('center_axis',(0.866025403784429,0.,0.500000000000017));
#11748=DIRECTION('ref_axis',(0.500000000000017,0.,-0.866025403784429));
#11749=DIRECTION('center_axis',(0.,-1.,0.));
#11750=DIRECTION('ref_axis',(0.,0.,-1.));
#11751=DIRECTION('',(1.,0.,0.));
#11752=DIRECTION('center_axis',(0.,0.,1.));
#11753=DIRECTION('ref_axis',(0.,-1.,0.));
#11754=DIRECTION('center_axis',(-0.866025403784429,0.,-0.500000000000017));
#11755=DIRECTION('ref_axis',(-0.500000000000017,0.,0.866025403784429));
#11756=DIRECTION('',(0.,1.,0.));
#11757=DIRECTION('center_axis',(0.,0.,-1.));
#11758=DIRECTION('ref_axis',(-1.,0.,0.));
#11759=DIRECTION('',(0.,1.,0.));
#11760=DIRECTION('center_axis',(0.866025403784429,0.,-0.500000000000017));
#11761=DIRECTION('ref_axis',(-0.500000000000017,0.,-0.866025403784429));
#11762=DIRECTION('center_axis',(-0.866025403784429,0.,0.500000000000017));
#11763=DIRECTION('ref_axis',(0.500000000000017,0.,0.866025403784429));
#11764=DIRECTION('center_axis',(0.,0.,1.));
#11765=DIRECTION('ref_axis',(1.,0.,0.));
#11766=DIRECTION('',(0.,-1.,0.));
#11767=DIRECTION('',(0.,-1.,0.));
#11768=DIRECTION('center_axis',(1.,0.,0.));
#11769=DIRECTION('ref_axis',(0.,0.,-1.));
#11770=DIRECTION('',(0.,-1.,0.));
#11771=DIRECTION('',(0.,-1.,0.));
#11772=DIRECTION('',(0.,0.,-1.));
#11773=DIRECTION('',(0.,-1.,0.));
#11774=DIRECTION('center_axis',(0.,-1.,0.));
#11775=DIRECTION('ref_axis',(0.,0.,-1.));
#11776=DIRECTION('center_axis',(0.,-1.,0.));
#11777=DIRECTION('ref_axis',(0.750000000000024,0.,-0.661437827766121));
#11778=DIRECTION('center_axis',(0.,1.,0.));
#11779=DIRECTION('ref_axis',(0.,0.,-1.));
#11780=DIRECTION('center_axis',(0.,1.,0.));
#11781=DIRECTION('ref_axis',(0.,0.,-1.));
#11782=DIRECTION('',(0.,0.,-1.));
#11783=DIRECTION('center_axis',(0.,-1.,0.));
#11784=DIRECTION('ref_axis',(-0.750000000000024,0.,0.661437827766121));
#11785=DIRECTION('center_axis',(-1.,0.,0.));
#11786=DIRECTION('ref_axis',(0.,0.,1.));
#11787=DIRECTION('',(0.,-1.,0.));
#11788=DIRECTION('',(0.,-1.,0.));
#11789=DIRECTION('',(0.,-1.,0.));
#11790=DIRECTION('center_axis',(0.,-1.,0.));
#11791=DIRECTION('ref_axis',(0.,0.,-1.));
#11792=DIRECTION('center_axis',(0.,0.,-1.));
#11793=DIRECTION('ref_axis',(-1.,0.,0.));
#11794=DIRECTION('axis',(0.,0.,1.));
#11795=DIRECTION('refdir',(1.,0.,0.));
#11796=DIRECTION('center_axis',(0.,1.,0.));
#11797=DIRECTION('ref_axis',(1.,0.,0.));
#11798=DIRECTION('',(1.,0.,0.));
#11799=DIRECTION('',(0.,0.,1.));
#11800=DIRECTION('',(-1.,0.,0.));
#11801=DIRECTION('',(0.,0.,-1.));
#11802=DIRECTION('',(1.,0.,0.));
#11803=DIRECTION('',(0.,0.,-1.));
#11804=DIRECTION('',(1.,0.,0.));
#11805=DIRECTION('',(0.,0.,-1.));
#11806=DIRECTION('',(1.,0.,0.));
#11807=DIRECTION('',(0.,0.,1.));
#11808=DIRECTION('',(-1.,0.,0.));
#11809=DIRECTION('',(0.,0.,1.));
#11810=DIRECTION('center_axis',(0.,-1.,0.));
#11811=DIRECTION('ref_axis',(0.,0.,-1.));
#11812=DIRECTION('center_axis',(0.,-1.,0.));
#11813=DIRECTION('ref_axis',(0.,0.,-1.));
#11814=DIRECTION('center_axis',(0.,-1.,0.));
#11815=DIRECTION('ref_axis',(0.,0.,-1.));
#11816=DIRECTION('center_axis',(0.,-1.,0.));
#11817=DIRECTION('ref_axis',(0.,0.,-1.));
#11818=DIRECTION('center_axis',(0.,-1.,0.));
#11819=DIRECTION('ref_axis',(0.,0.,-1.));
#11820=DIRECTION('center_axis',(0.,-1.,0.));
#11821=DIRECTION('ref_axis',(0.,0.,-1.));
#11822=DIRECTION('center_axis',(0.,-1.,0.));
#11823=DIRECTION('ref_axis',(0.,0.,-1.));
#11824=DIRECTION('center_axis',(0.,-1.,0.));
#11825=DIRECTION('ref_axis',(0.,0.,-1.));
#11826=DIRECTION('',(1.,0.,0.));
#11827=DIRECTION('',(0.,0.,-1.));
#11828=DIRECTION('center_axis',(0.,-1.,0.));
#11829=DIRECTION('ref_axis',(0.750000000000024,0.,-0.661437827766121));
#11830=DIRECTION('',(0.,0.,-1.));
#11831=DIRECTION('',(-1.,0.,0.));
#11832=DIRECTION('',(0.,0.,1.));
#11833=DIRECTION('center_axis',(0.,-1.,0.));
#11834=DIRECTION('ref_axis',(-0.750000000000024,0.,0.661437827766121));
#11835=DIRECTION('',(0.,0.,1.));
#11836=DIRECTION('center_axis',(0.,-1.,0.));
#11837=DIRECTION('ref_axis',(0.,0.,-1.));
#11838=DIRECTION('center_axis',(0.,-1.,0.));
#11839=DIRECTION('ref_axis',(0.,0.,-1.));
#11840=DIRECTION('',(0.,-1.,0.));
#11841=DIRECTION('center_axis',(0.,1.,0.));
#11842=DIRECTION('ref_axis',(0.,0.,1.));
#11843=DIRECTION('',(-1.,0.,0.));
#11844=DIRECTION('',(-0.500000000000017,0.,0.866025403784429));
#11845=DIRECTION('',(0.500000000000017,0.,0.866025403784429));
#11846=DIRECTION('',(1.,0.,0.));
#11847=DIRECTION('',(0.500000000000017,0.,-0.866025403784429));
#11848=DIRECTION('',(-0.500000000000017,0.,-0.866025403784429));
#11849=DIRECTION('center_axis',(0.,0.,-1.));
#11850=DIRECTION('ref_axis',(-1.,0.,0.));
#11851=DIRECTION('',(0.,1.,0.));
#11852=DIRECTION('',(0.,-1.,0.));
#11853=DIRECTION('',(1.,0.,0.));
#11854=DIRECTION('center_axis',(-0.866025403784429,0.,-0.500000000000017));
#11855=DIRECTION('ref_axis',(-0.500000000000017,0.,0.866025403784429));
#11856=DIRECTION('',(0.,1.,0.));
#11857=DIRECTION('',(0.500000000000017,0.,-0.866025403784429));
#11858=DIRECTION('center_axis',(-0.866025403784429,0.,0.500000000000017));
#11859=DIRECTION('ref_axis',(0.500000000000017,0.,0.866025403784429));
#11860=DIRECTION('',(0.,1.,0.));
#11861=DIRECTION('',(-0.500000000000017,0.,-0.866025403784429));
#11862=DIRECTION('center_axis',(0.,0.,1.));
#11863=DIRECTION('ref_axis',(1.,0.,0.));
#11864=DIRECTION('',(0.,1.,0.));
#11865=DIRECTION('',(-1.,0.,0.));
#11866=DIRECTION('center_axis',(0.866025403784429,0.,0.500000000000017));
#11867=DIRECTION('ref_axis',(0.500000000000017,0.,-0.866025403784429));
#11868=DIRECTION('',(0.,1.,0.));
#11869=DIRECTION('',(-0.500000000000017,0.,0.866025403784429));
#11870=DIRECTION('center_axis',(0.866025403784429,0.,-0.500000000000017));
#11871=DIRECTION('ref_axis',(-0.500000000000017,0.,-0.866025403784429));
#11872=DIRECTION('',(0.500000000000017,0.,0.866025403784429));
#11873=DIRECTION('center_axis',(0.,1.,0.));
#11874=DIRECTION('ref_axis',(0.,0.,1.));
#11875=DIRECTION('',(0.,0.,1.));
#11876=DIRECTION('',(-0.500000000000017,0.,-0.866025403784429));
#11877=DIRECTION('',(-1.,0.,0.));
#11878=DIRECTION('',(-0.500000000000017,0.,0.866025403784429));
#11879=DIRECTION('',(0.,0.,1.));
#11880=DIRECTION('',(0.500000000000017,0.,0.866025403784429));
#11881=DIRECTION('',(1.,0.,0.));
#11882=DIRECTION('',(0.500000000000017,0.,-0.866025403784429));
#11883=DIRECTION('',(0.500000000000017,0.,0.866025403784429));
#11884=DIRECTION('',(-0.500000000000017,0.,0.866025403784429));
#11885=DIRECTION('',(-1.,0.,0.));
#11886=DIRECTION('',(-0.500000000000017,0.,-0.866025403784429));
#11887=DIRECTION('',(0.500000000000017,0.,-0.866025403784429));
#11888=DIRECTION('',(1.,0.,0.));
#11889=DIRECTION('center_axis',(0.,1.,0.));
#11890=DIRECTION('ref_axis',(0.,0.,1.));
#11891=DIRECTION('',(0.,0.,1.));
#11892=DIRECTION('',(-0.500000000000017,0.,-0.866025403784429));
#11893=DIRECTION('',(-1.,0.,0.));
#11894=DIRECTION('',(-0.500000000000017,0.,0.866025403784429));
#11895=DIRECTION('',(0.,0.,1.));
#11896=DIRECTION('',(0.500000000000017,0.,0.866025403784429));
#11897=DIRECTION('',(1.,0.,0.));
#11898=DIRECTION('',(0.500000000000017,0.,-0.866025403784429));
#11899=DIRECTION('',(0.500000000000017,0.,0.866025403784429));
#11900=DIRECTION('',(-0.500000000000017,0.,0.866025403784429));
#11901=DIRECTION('',(-1.,0.,0.));
#11902=DIRECTION('',(-0.500000000000017,0.,-0.866025403784429));
#11903=DIRECTION('',(0.500000000000017,0.,-0.866025403784429));
#11904=DIRECTION('',(1.,0.,0.));
#11905=DIRECTION('center_axis',(0.,1.,0.));
#11906=DIRECTION('ref_axis',(0.,0.,1.));
#11907=DIRECTION('',(0.,0.,1.));
#11908=DIRECTION('',(-0.500000000000017,0.,-0.866025403784429));
#11909=DIRECTION('',(-1.,0.,0.));
#11910=DIRECTION('',(-0.500000000000017,0.,0.866025403784429));
#11911=DIRECTION('',(0.,0.,1.));
#11912=DIRECTION('',(0.500000000000017,0.,0.866025403784429));
#11913=DIRECTION('',(1.,0.,0.));
#11914=DIRECTION('',(0.500000000000017,0.,-0.866025403784429));
#11915=DIRECTION('',(0.500000000000017,0.,0.866025403784429));
#11916=DIRECTION('',(-0.500000000000017,0.,0.866025403784429));
#11917=DIRECTION('',(-1.,0.,0.));
#11918=DIRECTION('',(-0.500000000000017,0.,-0.866025403784429));
#11919=DIRECTION('',(0.500000000000017,0.,-0.866025403784429));
#11920=DIRECTION('',(1.,0.,0.));
#11921=DIRECTION('center_axis',(0.,1.,0.));
#11922=DIRECTION('ref_axis',(0.,0.,1.));
#11923=DIRECTION('',(0.,0.,1.));
#11924=DIRECTION('',(0.500000000000017,0.,0.866025403784429));
#11925=DIRECTION('',(1.,0.,0.));
#11926=DIRECTION('',(0.500000000000017,0.,-0.866025403784429));
#11927=DIRECTION('',(0.,0.,1.));
#11928=DIRECTION('',(-0.500000000000017,0.,-0.866025403784429));
#11929=DIRECTION('',(-1.,0.,0.));
#11930=DIRECTION('',(-0.500000000000017,0.,0.866025403784429));
#11931=DIRECTION('',(0.500000000000017,0.,0.866025403784429));
#11932=DIRECTION('',(-0.500000000000017,0.,0.866025403784429));
#11933=DIRECTION('',(-1.,0.,0.));
#11934=DIRECTION('',(-0.500000000000017,0.,-0.866025403784429));
#11935=DIRECTION('',(0.500000000000017,0.,-0.866025403784429));
#11936=DIRECTION('',(1.,0.,0.));
#11937=DIRECTION('center_axis',(0.,1.,0.));
#11938=DIRECTION('ref_axis',(0.,0.,1.));
#11939=DIRECTION('',(0.,0.,1.));
#11940=DIRECTION('',(0.500000000000017,0.,0.866025403784429));
#11941=DIRECTION('',(1.,0.,0.));
#11942=DIRECTION('',(0.500000000000017,0.,-0.866025403784429));
#11943=DIRECTION('',(0.,0.,1.));
#11944=DIRECTION('',(-0.500000000000017,0.,-0.866025403784429));
#11945=DIRECTION('',(-1.,0.,0.));
#11946=DIRECTION('',(-0.500000000000017,0.,0.866025403784429));
#11947=DIRECTION('center_axis',(0.,1.,0.));
#11948=DIRECTION('ref_axis',(0.,0.,1.));
#11949=DIRECTION('',(0.,0.,1.));
#11950=DIRECTION('',(0.500000000000017,0.,0.866025403784429));
#11951=DIRECTION('',(1.,0.,0.));
#11952=DIRECTION('',(0.500000000000017,0.,-0.866025403784429));
#11953=DIRECTION('',(0.,0.,1.));
#11954=DIRECTION('',(-0.500000000000017,0.,-0.866025403784429));
#11955=DIRECTION('',(-1.,0.,0.));
#11956=DIRECTION('',(-0.500000000000017,0.,0.866025403784429));
#11957=DIRECTION('',(0.500000000000017,0.,0.866025403784429));
#11958=DIRECTION('',(-0.500000000000017,0.,0.866025403784429));
#11959=DIRECTION('',(-1.,0.,0.));
#11960=DIRECTION('',(-0.500000000000017,0.,-0.866025403784429));
#11961=DIRECTION('',(0.500000000000017,0.,-0.866025403784429));
#11962=DIRECTION('',(1.,0.,0.));
#11963=DIRECTION('center_axis',(0.,1.,0.));
#11964=DIRECTION('ref_axis',(0.,0.,1.));
#11965=DIRECTION('',(1.,0.,0.));
#11966=DIRECTION('',(-0.500000000000017,0.,0.866025403784429));
#11967=DIRECTION('',(0.,0.,1.));
#11968=DIRECTION('',(0.500000000000017,0.,0.866025403784429));
#11969=DIRECTION('',(1.,0.,0.));
#11970=DIRECTION('',(0.500000000000017,0.,-0.866025403784429));
#11971=DIRECTION('',(0.,0.,1.));
#11972=DIRECTION('',(-0.500000000000017,0.,-0.866025403784429));
#11973=DIRECTION('',(1.,0.,0.));
#11974=DIRECTION('',(0.500000000000017,0.,0.866025403784429));
#11975=DIRECTION('',(-0.500000000000017,0.,0.866025403784429));
#11976=DIRECTION('',(-1.,0.,0.));
#11977=DIRECTION('',(-0.500000000000017,0.,-0.866025403784429));
#11978=DIRECTION('',(0.500000000000017,0.,-0.866025403784429));
#11979=DIRECTION('center_axis',(0.,1.,0.));
#11980=DIRECTION('ref_axis',(0.,0.,1.));
#11981=DIRECTION('',(-1.,0.,0.));
#11982=DIRECTION('',(0.500000000000017,0.,-0.866025403784429));
#11983=DIRECTION('',(0.,0.,1.));
#11984=DIRECTION('',(-0.500000000000017,0.,-0.866025403784429));
#11985=DIRECTION('',(-1.,0.,0.));
#11986=DIRECTION('',(-0.500000000000017,0.,0.866025403784429));
#11987=DIRECTION('',(0.,0.,1.));
#11988=DIRECTION('',(0.500000000000017,0.,0.866025403784429));
#11989=DIRECTION('',(-1.,0.,0.));
#11990=DIRECTION('',(-0.500000000000017,0.,-0.866025403784429));
#11991=DIRECTION('',(0.500000000000017,0.,-0.866025403784429));
#11992=DIRECTION('',(1.,0.,0.));
#11993=DIRECTION('',(0.500000000000017,0.,0.866025403784429));
#11994=DIRECTION('',(-0.500000000000017,0.,0.866025403784429));
#11995=DIRECTION('center_axis',(0.866025403784429,0.,-0.500000000000017));
#11996=DIRECTION('ref_axis',(-0.500000000000017,0.,-0.866025403784429));
#11997=DIRECTION('',(0.,-1.,0.));
#11998=DIRECTION('',(-0.500000000000017,0.,-0.866025403784429));
#11999=DIRECTION('',(0.,1.,0.));
#12000=DIRECTION('center_axis',(0.,0.,-1.));
#12001=DIRECTION('ref_axis',(-1.,0.,0.));
#12002=DIRECTION('',(0.,1.,0.));
#12003=DIRECTION('',(-1.,0.,0.));
#12004=DIRECTION('center_axis',(-0.866025403784429,0.,-0.500000000000017));
#12005=DIRECTION('ref_axis',(-0.500000000000017,0.,0.866025403784429));
#12006=DIRECTION('',(0.,1.,0.));
#12007=DIRECTION('',(-0.500000000000017,0.,0.866025403784429));
#12008=DIRECTION('center_axis',(-0.866025403784429,0.,0.500000000000017));
#12009=DIRECTION('ref_axis',(0.500000000000017,0.,0.866025403784429));
#12010=DIRECTION('',(0.,1.,0.));
#12011=DIRECTION('',(0.500000000000017,0.,0.866025403784429));
#12012=DIRECTION('center_axis',(0.,0.,1.));
#12013=DIRECTION('ref_axis',(1.,0.,0.));
#12014=DIRECTION('',(0.,1.,0.));
#12015=DIRECTION('',(1.,0.,0.));
#12016=DIRECTION('center_axis',(0.866025403784429,0.,0.500000000000017));
#12017=DIRECTION('ref_axis',(0.500000000000017,0.,-0.866025403784429));
#12018=DIRECTION('',(0.500000000000017,0.,-0.866025403784429));
#12019=DIRECTION('center_axis',(0.,1.,0.));
#12020=DIRECTION('ref_axis',(0.,0.,1.));
#12021=DIRECTION('center_axis',(0.,-1.,0.));
#12022=DIRECTION('ref_axis',(0.,0.,-1.));
#12023=DIRECTION('center_axis',(0.,-1.,0.));
#12024=DIRECTION('ref_axis',(0.,0.,-1.));
#12025=DIRECTION('',(0.,-1.,0.));
#12026=DIRECTION('center_axis',(0.866025403784429,0.,-0.500000000000017));
#12027=DIRECTION('ref_axis',(-0.500000000000017,0.,-0.866025403784429));
#12028=DIRECTION('',(0.,-1.,0.));
#12029=DIRECTION('',(-0.500000000000017,0.,-0.866025403784429));
#12030=DIRECTION('',(0.,1.,0.));
#12031=DIRECTION('center_axis',(0.,0.,-1.));
#12032=DIRECTION('ref_axis',(-1.,0.,0.));
#12033=DIRECTION('',(0.,1.,0.));
#12034=DIRECTION('',(-1.,0.,0.));
#12035=DIRECTION('center_axis',(-0.866025403784429,0.,-0.500000000000017));
#12036=DIRECTION('ref_axis',(-0.500000000000017,0.,0.866025403784429));
#12037=DIRECTION('',(0.,1.,0.));
#12038=DIRECTION('',(-0.500000000000017,0.,0.866025403784429));
#12039=DIRECTION('center_axis',(-0.866025403784429,0.,0.500000000000017));
#12040=DIRECTION('ref_axis',(0.500000000000017,0.,0.866025403784429));
#12041=DIRECTION('',(0.,1.,0.));
#12042=DIRECTION('',(0.500000000000017,0.,0.866025403784429));
#12043=DIRECTION('center_axis',(0.,0.,1.));
#12044=DIRECTION('ref_axis',(1.,0.,0.));
#12045=DIRECTION('',(0.,1.,0.));
#12046=DIRECTION('',(1.,0.,0.));
#12047=DIRECTION('center_axis',(0.866025403784429,0.,0.500000000000017));
#12048=DIRECTION('ref_axis',(0.500000000000017,0.,-0.866025403784429));
#12049=DIRECTION('',(0.500000000000017,0.,-0.866025403784429));
#12050=DIRECTION('center_axis',(0.,1.,0.));
#12051=DIRECTION('ref_axis',(0.,0.,1.));
#12052=DIRECTION('center_axis',(0.,-1.,0.));
#12053=DIRECTION('ref_axis',(0.,0.,-1.));
#12054=DIRECTION('center_axis',(0.,-1.,0.));
#12055=DIRECTION('ref_axis',(0.,0.,-1.));
#12056=DIRECTION('',(0.,-1.,0.));
#12057=DIRECTION('center_axis',(0.866025403784429,0.,-0.500000000000017));
#12058=DIRECTION('ref_axis',(-0.500000000000017,0.,-0.866025403784429));
#12059=DIRECTION('',(0.,-1.,0.));
#12060=DIRECTION('',(-0.500000000000017,0.,-0.866025403784429));
#12061=DIRECTION('',(0.,1.,0.));
#12062=DIRECTION('center_axis',(0.,0.,-1.));
#12063=DIRECTION('ref_axis',(-1.,0.,0.));
#12064=DIRECTION('',(0.,1.,0.));
#12065=DIRECTION('',(-1.,0.,0.));
#12066=DIRECTION('center_axis',(-0.866025403784429,0.,-0.500000000000017));
#12067=DIRECTION('ref_axis',(-0.500000000000017,0.,0.866025403784429));
#12068=DIRECTION('',(0.,1.,0.));
#12069=DIRECTION('',(-0.500000000000017,0.,0.866025403784429));
#12070=DIRECTION('center_axis',(-0.866025403784429,0.,0.500000000000017));
#12071=DIRECTION('ref_axis',(0.500000000000017,0.,0.866025403784429));
#12072=DIRECTION('',(0.,1.,0.));
#12073=DIRECTION('',(0.500000000000017,0.,0.866025403784429));
#12074=DIRECTION('center_axis',(0.,0.,1.));
#12075=DIRECTION('ref_axis',(1.,0.,0.));
#12076=DIRECTION('',(0.,1.,0.));
#12077=DIRECTION('',(1.,0.,0.));
#12078=DIRECTION('center_axis',(0.866025403784429,0.,0.500000000000017));
#12079=DIRECTION('ref_axis',(0.500000000000017,0.,-0.866025403784429));
#12080=DIRECTION('',(0.500000000000017,0.,-0.866025403784429));
#12081=DIRECTION('center_axis',(0.,1.,0.));
#12082=DIRECTION('ref_axis',(0.,0.,1.));
#12083=DIRECTION('center_axis',(0.,-1.,0.));
#12084=DIRECTION('ref_axis',(0.,0.,-1.));
#12085=DIRECTION('center_axis',(0.,-1.,0.));
#12086=DIRECTION('ref_axis',(0.,0.,-1.));
#12087=DIRECTION('',(0.,-1.,0.));
#12088=DIRECTION('center_axis',(0.866025403784429,0.,-0.500000000000017));
#12089=DIRECTION('ref_axis',(-0.500000000000017,0.,-0.866025403784429));
#12090=DIRECTION('',(0.,-1.,0.));
#12091=DIRECTION('',(-0.500000000000017,0.,-0.866025403784429));
#12092=DIRECTION('',(0.,1.,0.));
#12093=DIRECTION('center_axis',(0.,0.,-1.));
#12094=DIRECTION('ref_axis',(-1.,0.,0.));
#12095=DIRECTION('',(0.,1.,0.));
#12096=DIRECTION('',(-1.,0.,0.));
#12097=DIRECTION('center_axis',(-0.866025403784429,0.,-0.500000000000017));
#12098=DIRECTION('ref_axis',(-0.500000000000017,0.,0.866025403784429));
#12099=DIRECTION('',(0.,1.,0.));
#12100=DIRECTION('',(-0.500000000000017,0.,0.866025403784429));
#12101=DIRECTION('center_axis',(-0.866025403784429,0.,0.500000000000017));
#12102=DIRECTION('ref_axis',(0.500000000000017,0.,0.866025403784429));
#12103=DIRECTION('',(0.,1.,0.));
#12104=DIRECTION('',(0.500000000000017,0.,0.866025403784429));
#12105=DIRECTION('center_axis',(0.,0.,1.));
#12106=DIRECTION('ref_axis',(1.,0.,0.));
#12107=DIRECTION('',(0.,1.,0.));
#12108=DIRECTION('',(1.,0.,0.));
#12109=DIRECTION('center_axis',(0.866025403784429,0.,0.500000000000017));
#12110=DIRECTION('ref_axis',(0.500000000000017,0.,-0.866025403784429));
#12111=DIRECTION('',(0.500000000000017,0.,-0.866025403784429));
#12112=DIRECTION('center_axis',(0.,1.,0.));
#12113=DIRECTION('ref_axis',(0.,0.,1.));
#12114=DIRECTION('center_axis',(0.,-1.,0.));
#12115=DIRECTION('ref_axis',(0.,0.,-1.));
#12116=DIRECTION('center_axis',(0.,-1.,0.));
#12117=DIRECTION('ref_axis',(0.,0.,-1.));
#12118=DIRECTION('',(0.,-1.,0.));
#12119=DIRECTION('center_axis',(0.866025403784429,0.,-0.500000000000017));
#12120=DIRECTION('ref_axis',(-0.500000000000017,0.,-0.866025403784429));
#12121=DIRECTION('',(0.,-1.,0.));
#12122=DIRECTION('',(-0.500000000000017,0.,-0.866025403784429));
#12123=DIRECTION('',(0.,1.,0.));
#12124=DIRECTION('center_axis',(0.,0.,-1.));
#12125=DIRECTION('ref_axis',(-1.,0.,0.));
#12126=DIRECTION('',(0.,1.,0.));
#12127=DIRECTION('',(-1.,0.,0.));
#12128=DIRECTION('center_axis',(-0.866025403784429,0.,-0.500000000000017));
#12129=DIRECTION('ref_axis',(-0.500000000000017,0.,0.866025403784429));
#12130=DIRECTION('',(0.,1.,0.));
#12131=DIRECTION('',(-0.500000000000017,0.,0.866025403784429));
#12132=DIRECTION('center_axis',(-0.866025403784429,0.,0.500000000000017));
#12133=DIRECTION('ref_axis',(0.500000000000017,0.,0.866025403784429));
#12134=DIRECTION('',(0.,1.,0.));
#12135=DIRECTION('',(0.500000000000017,0.,0.866025403784429));
#12136=DIRECTION('center_axis',(0.,0.,1.));
#12137=DIRECTION('ref_axis',(1.,0.,0.));
#12138=DIRECTION('',(0.,1.,0.));
#12139=DIRECTION('',(1.,0.,0.));
#12140=DIRECTION('center_axis',(0.866025403784429,0.,0.500000000000017));
#12141=DIRECTION('ref_axis',(0.500000000000017,0.,-0.866025403784429));
#12142=DIRECTION('',(0.500000000000017,0.,-0.866025403784429));
#12143=DIRECTION('center_axis',(0.,1.,0.));
#12144=DIRECTION('ref_axis',(0.,0.,1.));
#12145=DIRECTION('center_axis',(0.,-1.,0.));
#12146=DIRECTION('ref_axis',(0.,0.,-1.));
#12147=DIRECTION('center_axis',(0.,-1.,0.));
#12148=DIRECTION('ref_axis',(0.,0.,-1.));
#12149=DIRECTION('',(0.,-1.,0.));
#12150=DIRECTION('center_axis',(-1.,0.,0.));
#12151=DIRECTION('ref_axis',(0.,1.,0.));
#12152=DIRECTION('',(0.,0.,-1.));
#12153=DIRECTION('',(0.,0.707106781186548,0.707106781186548));
#12154=DIRECTION('',(0.,1.,0.));
#12155=DIRECTION('',(0.,-0.707106781186547,-0.707106781186547));
#12156=DIRECTION('',(0.,0.,-1.));
#12157=DIRECTION('',(0.,0.707106781186547,-0.707106781186547));
#12158=DIRECTION('',(0.,1.,0.));
#12159=DIRECTION('',(0.,-0.707106781186548,0.707106781186548));
#12160=DIRECTION('',(0.,0.,-1.));
#12161=DIRECTION('',(0.,1.,0.));
#12162=DIRECTION('',(0.,1.,0.));
#12163=DIRECTION('',(0.,0.,-1.));
#12164=DIRECTION('',(0.,1.,0.));
#12165=DIRECTION('',(0.,1.,0.));
#12166=DIRECTION('',(0.,0.,-1.));
#12167=DIRECTION('',(0.,1.,0.));
#12168=DIRECTION('',(0.,1.,0.));
#12169=DIRECTION('center_axis',(0.,1.,0.));
#12170=DIRECTION('ref_axis',(1.,0.,0.));
#12171=DIRECTION('',(0.500000000000017,0.,-0.866025403784429));
#12172=DIRECTION('',(1.,0.,0.));
#12173=DIRECTION('',(0.500000000000017,0.,0.866025403784429));
#12174=DIRECTION('',(0.,0.,-1.));
#12175=DIRECTION('',(1.,0.,0.));
#12176=DIRECTION('center_axis',(0.,1.,0.));
#12177=DIRECTION('ref_axis',(1.,0.,0.));
#12178=DIRECTION('',(0.500000000000017,0.,-0.866025403784429));
#12179=DIRECTION('',(1.,0.,0.));
#12180=DIRECTION('',(0.500000000000017,0.,0.866025403784429));
#12181=DIRECTION('',(0.,0.,-1.));
#12182=DIRECTION('',(-0.500000000000017,0.,0.866025403784429));
#12183=DIRECTION('',(-1.,0.,0.));
#12184=DIRECTION('',(-0.500000000000017,0.,-0.866025403784429));
#12185=DIRECTION('center_axis',(0.,1.,0.));
#12186=DIRECTION('ref_axis',(1.,0.,0.));
#12187=DIRECTION('',(0.500000000000017,0.,-0.866025403784429));
#12188=DIRECTION('',(1.,0.,0.));
#12189=DIRECTION('',(0.500000000000017,0.,0.866025403784429));
#12190=DIRECTION('',(0.,0.,-1.));
#12191=DIRECTION('',(-0.500000000000017,0.,0.866025403784429));
#12192=DIRECTION('',(-1.,0.,0.));
#12193=DIRECTION('',(-0.500000000000017,0.,-0.866025403784429));
#12194=DIRECTION('center_axis',(0.,1.,0.));
#12195=DIRECTION('ref_axis',(1.,0.,0.));
#12196=DIRECTION('',(1.,0.,0.));
#12197=DIRECTION('',(0.,0.,-1.));
#12198=DIRECTION('',(-0.500000000000017,0.,0.866025403784429));
#12199=DIRECTION('',(-1.,0.,0.));
#12200=DIRECTION('',(-0.500000000000017,0.,-0.866025403784429));
#12201=DIRECTION('center_axis',(0.,1.,0.));
#12202=DIRECTION('ref_axis',(1.,0.,0.));
#12203=DIRECTION('',(0.,0.,-1.));
#12204=DIRECTION('',(0.500000000000017,0.,-0.866025403784429));
#12205=DIRECTION('',(1.,0.,0.));
#12206=DIRECTION('',(0.500000000000017,0.,0.866025403784429));
#12207=DIRECTION('',(0.,0.,-1.));
#12208=DIRECTION('',(1.,0.,0.));
#12209=DIRECTION('center_axis',(0.,1.,0.));
#12210=DIRECTION('ref_axis',(1.,0.,0.));
#12211=DIRECTION('',(0.,0.,-1.));
#12212=DIRECTION('',(1.,0.,0.));
#12213=DIRECTION('',(0.,0.,-1.));
#12214=DIRECTION('',(-0.500000000000017,0.,0.866025403784429));
#12215=DIRECTION('',(-1.,0.,0.));
#12216=DIRECTION('',(-0.500000000000017,0.,-0.866025403784429));
#12217=DIRECTION('center_axis',(0.,1.,0.));
#12218=DIRECTION('ref_axis',(1.,0.,0.));
#12219=DIRECTION('',(0.,0.,-1.));
#12220=DIRECTION('',(1.,0.,0.));
#12221=DIRECTION('',(0.,0.,-1.));
#12222=DIRECTION('',(0.500000000000017,0.,-0.866025403784429));
#12223=DIRECTION('',(1.,0.,0.));
#12224=DIRECTION('',(0.500000000000017,0.,0.866025403784429));
#12225=DIRECTION('center_axis',(0.,1.,0.));
#12226=DIRECTION('ref_axis',(1.,0.,0.));
#12227=DIRECTION('',(0.,0.,-1.));
#12228=DIRECTION('',(-0.500000000000017,0.,0.866025403784429));
#12229=DIRECTION('',(-1.,0.,0.));
#12230=DIRECTION('',(-0.500000000000017,0.,-0.866025403784429));
#12231=DIRECTION('',(0.,0.,-1.));
#12232=DIRECTION('',(0.500000000000017,0.,-0.866025403784429));
#12233=DIRECTION('',(1.,0.,0.));
#12234=DIRECTION('',(0.500000000000017,0.,0.866025403784429));
#12235=DIRECTION('center_axis',(0.,1.,0.));
#12236=DIRECTION('ref_axis',(1.,0.,0.));
#12237=DIRECTION('',(0.,0.,-1.));
#12238=DIRECTION('',(-0.500000000000017,0.,0.866025403784429));
#12239=DIRECTION('',(-1.,0.,0.));
#12240=DIRECTION('',(-0.500000000000017,0.,-0.866025403784429));
#12241=DIRECTION('',(0.,0.,-1.));
#12242=DIRECTION('',(0.500000000000017,0.,-0.866025403784429));
#12243=DIRECTION('',(1.,0.,0.));
#12244=DIRECTION('',(0.500000000000017,0.,0.866025403784429));
#12245=DIRECTION('center_axis',(0.,1.,0.));
#12246=DIRECTION('ref_axis',(1.,0.,0.));
#12247=DIRECTION('',(0.,0.,-1.));
#12248=DIRECTION('',(-0.500000000000017,0.,0.866025403784429));
#12249=DIRECTION('',(-1.,0.,0.));
#12250=DIRECTION('',(-0.500000000000017,0.,-0.866025403784429));
#12251=DIRECTION('',(0.,0.,-1.));
#12252=DIRECTION('',(1.,0.,0.));
#12253=DIRECTION('center_axis',(0.,1.,0.));
#12254=DIRECTION('ref_axis',(1.,0.,0.));
#12255=DIRECTION('',(1.,0.,0.));
#12256=DIRECTION('',(0.,0.,-1.));
#12257=DIRECTION('',(-0.500000000000017,0.,0.866025403784429));
#12258=DIRECTION('center_axis',(0.,1.,0.));
#12259=DIRECTION('ref_axis',(1.,0.,0.));
#12260=DIRECTION('',(1.,0.,0.));
#12261=DIRECTION('',(-0.500000000000017,0.,-0.866025403784429));
#12262=DIRECTION('',(0.,0.,-1.));
#12263=DIRECTION('center_axis',(0.,1.,0.));
#12264=DIRECTION('ref_axis',(1.,0.,0.));
#12265=DIRECTION('',(-1.,0.,0.));
#12266=DIRECTION('',(0.,0.,-1.));
#12267=DIRECTION('',(0.500000000000017,0.,-0.866025403784429));
#12268=DIRECTION('center_axis',(0.,1.,0.));
#12269=DIRECTION('ref_axis',(1.,0.,0.));
#12270=DIRECTION('',(-1.,0.,0.));
#12271=DIRECTION('',(0.500000000000017,0.,0.866025403784429));
#12272=DIRECTION('',(0.,0.,-1.));
#12273=DIRECTION('center_axis',(0.,0.707106781186548,-0.707106781186548));
#12274=DIRECTION('ref_axis',(0.,0.707106781186548,0.707106781186548));
#12275=DIRECTION('',(0.,0.707106781186548,0.707106781186548));
#12276=DIRECTION('',(-1.,0.,0.));
#12277=DIRECTION('center_axis',(0.,0.707106781186548,-0.707106781186548));
#12278=DIRECTION('ref_axis',(0.,0.707106781186548,0.707106781186548));
#12279=DIRECTION('',(0.,0.707106781186548,0.707106781186548));
#12280=DIRECTION('',(-1.,0.,0.));
#12281=DIRECTION('',(0.,0.707106781186548,0.707106781186548));
#12282=DIRECTION('center_axis',(0.,0.707106781186548,-0.707106781186548));
#12283=DIRECTION('ref_axis',(0.,0.707106781186548,0.707106781186548));
#12284=DIRECTION('',(1.,0.,0.));
#12285=DIRECTION('',(0.,0.707106781186548,0.707106781186548));
#12286=DIRECTION('',(0.,0.707106781186548,0.707106781186548));
#12287=DIRECTION('center_axis',(0.,0.,-1.));
#12288=DIRECTION('ref_axis',(-1.,0.,0.));
#12289=DIRECTION('',(0.707106781186547,0.707106781186547,0.));
#12290=DIRECTION('',(-1.,0.,0.));
#12291=DIRECTION('',(0.707106781186547,-0.707106781186547,0.));
#12292=DIRECTION('',(-1.,0.,0.));
#12293=DIRECTION('',(0.,1.,0.));
#12294=DIRECTION('',(1.,0.,0.));
#12295=DIRECTION('center_axis',(0.,0.,1.));
#12296=DIRECTION('ref_axis',(0.,-1.,0.));
#12297=DIRECTION('center_axis',(0.,0.,-1.));
#12298=DIRECTION('ref_axis',(-1.,0.,0.));
#12299=DIRECTION('',(0.707106781186547,0.707106781186547,0.));
#12300=DIRECTION('',(-1.,0.,0.));
#12301=DIRECTION('',(0.707106781186547,-0.707106781186547,0.));
#12302=DIRECTION('',(-1.,0.,0.));
#12303=DIRECTION('',(0.,1.,0.));
#12304=DIRECTION('',(0.,1.,0.));
#12305=DIRECTION('',(1.,0.,0.));
#12306=DIRECTION('center_axis',(0.,0.,1.));
#12307=DIRECTION('ref_axis',(0.,-1.,0.));
#12308=DIRECTION('center_axis',(0.,0.,1.));
#12309=DIRECTION('ref_axis',(0.,-1.,0.));
#12310=DIRECTION('',(0.,0.,1.));
#12311=DIRECTION('center_axis',(0.,0.,1.));
#12312=DIRECTION('ref_axis',(0.,-1.,0.));
#12313=DIRECTION('center_axis',(0.,0.,1.));
#12314=DIRECTION('ref_axis',(0.,-1.,0.));
#12315=DIRECTION('center_axis',(0.,0.,1.));
#12316=DIRECTION('ref_axis',(0.,-1.,0.));
#12317=DIRECTION('',(0.,0.,1.));
#12318=DIRECTION('center_axis',(0.,0.,1.));
#12319=DIRECTION('ref_axis',(0.,-1.,0.));
#12320=DIRECTION('center_axis',(0.,0.,1.));
#12321=DIRECTION('ref_axis',(1.,0.,0.));
#12322=DIRECTION('center_axis',(0.,0.,1.));
#12323=DIRECTION('ref_axis',(1.,0.,0.));
#12324=DIRECTION('center_axis',(0.,0.,1.));
#12325=DIRECTION('ref_axis',(1.,0.,0.));
#12326=DIRECTION('center_axis',(0.,0.,1.));
#12327=DIRECTION('ref_axis',(1.,0.,0.));
#12328=DIRECTION('center_axis',(0.,0.,1.));
#12329=DIRECTION('ref_axis',(0.,-1.,0.));
#12330=DIRECTION('center_axis',(0.,0.,1.));
#12331=DIRECTION('ref_axis',(1.,0.,0.));
#12332=DIRECTION('',(0.,0.,1.));
#12333=DIRECTION('center_axis',(0.,0.,1.));
#12334=DIRECTION('ref_axis',(1.,0.,0.));
#12335=DIRECTION('center_axis',(0.,0.,1.));
#12336=DIRECTION('ref_axis',(1.,0.,0.));
#12337=DIRECTION('',(-0.707106781186548,-0.707106781186548,0.));
#12338=DIRECTION('',(0.,1.,0.));
#12339=DIRECTION('',(1.,0.,0.));
#12340=DIRECTION('',(-1.,0.,0.));
#12341=DIRECTION('',(-0.948683298050524,-0.316227766016808,0.));
#12342=DIRECTION('',(0.,-1.,0.));
#12343=DIRECTION('',(0.948683298050524,-0.316227766016808,0.));
#12344=DIRECTION('',(-1.,0.,0.));
#12345=DIRECTION('',(-0.707106781186548,0.707106781186548,0.));
#12346=DIRECTION('',(1.,0.,0.));
#12347=DIRECTION('center_axis',(0.,0.,1.));
#12348=DIRECTION('ref_axis',(1.,0.,0.));
#12349=DIRECTION('center_axis',(0.,0.,1.));
#12350=DIRECTION('ref_axis',(1.,0.,0.));
#12351=DIRECTION('',(-0.707106781186548,-0.707106781186548,0.));
#12352=DIRECTION('',(0.,1.,0.));
#12353=DIRECTION('',(1.,0.,0.));
#12354=DIRECTION('',(0.,-1.,0.));
#12355=DIRECTION('',(-0.707106781186548,0.707106781186548,0.));
#12356=DIRECTION('',(1.,0.,0.));
#12357=DIRECTION('center_axis',(0.,0.,1.));
#12358=DIRECTION('ref_axis',(1.,0.,0.));
#12359=DIRECTION('',(0.,0.,1.));
#12360=DIRECTION('center_axis',(-0.707106781186548,0.707106781186548,0.));
#12361=DIRECTION('ref_axis',(-0.707106781186548,-0.707106781186548,0.));
#12362=DIRECTION('',(0.,0.,1.));
#12363=DIRECTION('',(0.577350269189626,0.577350269189626,0.577350269189626));
#12364=DIRECTION('',(0.,0.,1.));
#12365=DIRECTION('center_axis',(-1.,0.,0.));
#12366=DIRECTION('ref_axis',(0.,0.,1.));
#12367=DIRECTION('',(0.,0.707106781186547,0.707106781186547));
#12368=DIRECTION('',(0.,0.,1.));
#12369=DIRECTION('',(0.,-0.707106781186547,0.707106781186547));
#12370=DIRECTION('',(0.,0.,1.));
#12371=DIRECTION('',(0.,-1.,0.));
#12372=DIRECTION('',(0.,0.707106781186548,-0.707106781186548));
#12373=DIRECTION('',(0.,0.707106781186548,0.707106781186548));
#12374=DIRECTION('center_axis',(0.,-0.707106781186548,0.707106781186548));
#12375=DIRECTION('ref_axis',(1.,0.,0.));
#12376=DIRECTION('',(0.,0.707106781186548,0.707106781186548));
#12377=DIRECTION('',(0.,0.707106781186548,0.707106781186548));
#12378=DIRECTION('center_axis',(0.,-0.707106781186548,0.707106781186548));
#12379=DIRECTION('ref_axis',(1.,0.,0.));
#12380=DIRECTION('',(0.,0.707106781186548,0.707106781186548));
#12381=DIRECTION('center_axis',(1.,0.,0.));
#12382=DIRECTION('ref_axis',(0.,1.,0.));
#12383=DIRECTION('',(0.,0.,1.));
#12384=DIRECTION('',(0.,-0.707106781186547,-0.707106781186547));
#12385=DIRECTION('',(0.,0.,-1.));
#12386=DIRECTION('',(0.,1.,0.));
#12387=DIRECTION('',(0.,1.,0.));
#12388=DIRECTION('',(0.,1.,0.));
#12389=DIRECTION('',(0.,0.,-1.));
#12390=DIRECTION('',(0.,1.,0.));
#12391=DIRECTION('center_axis',(1.,0.,0.));
#12392=DIRECTION('ref_axis',(0.,1.,0.));
#12393=DIRECTION('',(0.,0.,1.));
#12394=DIRECTION('',(0.,1.,0.));
#12395=DIRECTION('',(0.,0.707106781186548,-0.707106781186548));
#12396=DIRECTION('',(0.,-1.,0.));
#12397=DIRECTION('',(0.,0.,-1.));
#12398=DIRECTION('',(0.,-0.707106781186548,0.707106781186548));
#12399=DIRECTION('',(0.,1.,0.));
#12400=DIRECTION('',(0.,1.,0.));
#12401=DIRECTION('',(0.,1.,0.));
#12402=DIRECTION('',(0.,0.,-1.));
#12403=DIRECTION('',(0.,0.707106781186547,-0.707106781186547));
#12404=DIRECTION('center_axis',(-0.707106781186548,0.707106781186548,0.));
#12405=DIRECTION('ref_axis',(-0.707106781186548,-0.707106781186548,0.));
#12406=DIRECTION('',(0.,0.,1.));
#12407=DIRECTION('',(0.577350269189626,0.577350269189626,0.577350269189626));
#12408=DIRECTION('center_axis',(0.,-0.707106781186548,0.707106781186548));
#12409=DIRECTION('ref_axis',(0.,-0.707106781186548,-0.707106781186548));
#12410=DIRECTION('',(0.,-0.707106781186547,-0.707106781186547));
#12411=DIRECTION('',(1.,0.,0.));
#12412=DIRECTION('center_axis',(0.,1.,0.));
#12413=DIRECTION('ref_axis',(0.,0.,-1.));
#12414=DIRECTION('',(-1.,0.,0.));
#12415=DIRECTION('',(0.,0.,-1.));
#12416=DIRECTION('',(-1.,0.,0.));
#12417=DIRECTION('',(-1.,0.,0.));
#12418=DIRECTION('',(0.,0.,-1.));
#12419=DIRECTION('',(1.,0.,0.));
#12420=DIRECTION('',(0.,0.,-1.));
#12421=DIRECTION('',(1.,0.,0.));
#12422=DIRECTION('',(1.,0.,0.));
#12423=DIRECTION('',(0.,0.,1.));
#12424=DIRECTION('',(-1.,0.,0.));
#12425=DIRECTION('',(0.,0.,-1.));
#12426=DIRECTION('center_axis',(0.,0.,1.));
#12427=DIRECTION('ref_axis',(1.,0.,0.));
#12428=DIRECTION('',(0.,1.,0.));
#12429=DIRECTION('',(1.,0.,0.));
#12430=DIRECTION('',(0.,1.,0.));
#12431=DIRECTION('',(0.,1.,0.));
#12432=DIRECTION('',(0.,1.,0.));
#12433=DIRECTION('',(0.,1.,0.));
#12434=DIRECTION('center_axis',(0.866025403784429,0.,0.500000000000017));
#12435=DIRECTION('ref_axis',(0.500000000000017,0.,-0.866025403784429));
#12436=DIRECTION('',(0.,1.,0.));
#12437=DIRECTION('',(0.500000000000017,0.,-0.866025403784429));
#12438=DIRECTION('center_axis',(0.,1.,0.));
#12439=DIRECTION('ref_axis',(0.,0.,1.));
#12440=DIRECTION('',(-1.,0.,0.));
#12441=DIRECTION('',(-0.500000000000017,0.,0.866025403784429));
#12442=DIRECTION('',(0.500000000000017,0.,0.866025403784429));
#12443=DIRECTION('',(-0.500000000000017,0.,-0.866025403784429));
#12444=DIRECTION('center_axis',(0.,-1.,0.));
#12445=DIRECTION('ref_axis',(0.,0.,-1.));
#12446=DIRECTION('center_axis',(0.,0.,-1.));
#12447=DIRECTION('ref_axis',(-1.,0.,0.));
#12448=DIRECTION('',(0.,1.,0.));
#12449=DIRECTION('',(0.,-1.,0.));
#12450=DIRECTION('center_axis',(-0.866025403784429,0.,-0.500000000000017));
#12451=DIRECTION('ref_axis',(-0.500000000000017,0.,0.866025403784429));
#12452=DIRECTION('',(0.,1.,0.));
#12453=DIRECTION('center_axis',(-0.866025403784429,0.,0.500000000000017));
#12454=DIRECTION('ref_axis',(0.500000000000017,0.,0.866025403784429));
#12455=DIRECTION('center_axis',(0.866025403784429,0.,-0.500000000000017));
#12456=DIRECTION('ref_axis',(-0.500000000000017,0.,-0.866025403784429));
#12457=DIRECTION('center_axis',(0.,-1.,0.));
#12458=DIRECTION('ref_axis',(0.,0.,-1.));
#12459=DIRECTION('',(0.,-1.,0.));
#12460=DIRECTION('center_axis',(0.866025403784429,0.,0.500000000000017));
#12461=DIRECTION('ref_axis',(0.500000000000017,0.,-0.866025403784429));
#12462=DIRECTION('center_axis',(-1.,0.,0.));
#12463=DIRECTION('ref_axis',(0.,-1.,0.));
#12464=DIRECTION('',(0.,0.,-1.));
#12465=DIRECTION('',(0.,-1.,0.));
#12466=DIRECTION('',(0.,0.,-1.));
#12467=DIRECTION('',(0.,-1.,0.));
#12468=DIRECTION('',(0.,0.,-1.));
#12469=DIRECTION('',(0.,1.,0.));
#12470=DIRECTION('',(0.,1.,0.));
#12471=DIRECTION('',(0.,1.,0.));
#12472=DIRECTION('',(0.,-0.707106781186547,-0.707106781186547));
#12473=DIRECTION('center_axis',(-1.,0.,0.));
#12474=DIRECTION('ref_axis',(0.,-1.,0.));
#12475=DIRECTION('',(0.,0.,-1.));
#12476=DIRECTION('',(0.,0.707106781186547,-0.707106781186547));
#12477=DIRECTION('',(0.,1.,0.));
#12478=DIRECTION('',(0.,1.,0.));
#12479=DIRECTION('',(0.,-0.707106781186548,0.707106781186548));
#12480=DIRECTION('',(0.,0.,-1.));
#12481=DIRECTION('',(0.,1.,0.));
#12482=DIRECTION('',(0.,0.707106781186548,-0.707106781186548));
#12483=DIRECTION('',(0.,0.,1.));
#12484=DIRECTION('',(0.,-1.,0.));
#12485=DIRECTION('center_axis',(0.707106781186548,0.707106781186548,0.));
#12486=DIRECTION('ref_axis',(0.707106781186548,-0.707106781186548,0.));
#12487=DIRECTION('',(0.,0.,-1.));
#12488=DIRECTION('',(0.,0.,1.));
#12489=DIRECTION('',(-0.707106781186548,0.707106781186548,0.));
#12490=DIRECTION('',(0.577350269189626,-0.577350269189626,-0.577350269189626));
#12491=DIRECTION('center_axis',(0.,0.707106781186548,-0.707106781186548));
#12492=DIRECTION('ref_axis',(0.,-0.707106781186548,-0.707106781186548));
#12493=DIRECTION('center_axis',(0.,0.,-1.));
#12494=DIRECTION('ref_axis',(0.,-1.,0.));
#12495=DIRECTION('',(1.,0.,0.));
#12496=DIRECTION('',(0.948683298050524,-0.316227766016808,0.));
#12497=DIRECTION('',(0.,-1.,0.));
#12498=DIRECTION('',(-1.,0.,0.));
#12499=DIRECTION('',(0.,-1.,0.));
#12500=DIRECTION('',(-1.,0.,0.));
#12501=DIRECTION('',(0.,-1.,0.));
#12502=DIRECTION('',(-0.948683298050524,-0.316227766016808,0.));
#12503=DIRECTION('',(-1.,0.,0.));
#12504=DIRECTION('center_axis',(0.,1.,0.));
#12505=DIRECTION('ref_axis',(1.,0.,0.));
#12506=DIRECTION('',(0.,0.,-1.));
#12507=DIRECTION('center_axis',(-0.316227766016808,-0.948683298050524,0.));
#12508=DIRECTION('ref_axis',(0.948683298050524,-0.316227766016808,0.));
#12509=DIRECTION('',(0.,0.,-1.));
#12510=DIRECTION('center_axis',(1.,0.,0.));
#12511=DIRECTION('ref_axis',(0.,-1.,0.));
#12512=DIRECTION('',(0.,0.,-1.));
#12513=DIRECTION('',(0.,-1.,0.));
#12514=DIRECTION('center_axis',(0.,-1.,0.));
#12515=DIRECTION('ref_axis',(0.,0.,-1.));
#12516=DIRECTION('center_axis',(0.,1.,0.));
#12517=DIRECTION('ref_axis',(1.,0.,0.));
#12518=DIRECTION('center_axis',(0.,-1.,0.));
#12519=DIRECTION('ref_axis',(-1.,0.,0.));
#12520=DIRECTION('center_axis',(0.,-1.,0.));
#12521=DIRECTION('ref_axis',(0.,0.,-1.));
#12522=DIRECTION('',(-1.,0.,0.));
#12523=DIRECTION('center_axis',(0.,1.,0.));
#12524=DIRECTION('ref_axis',(-1.,0.,0.));
#12525=DIRECTION('center_axis',(0.,-1.,0.));
#12526=DIRECTION('ref_axis',(0.,0.,-1.));
#12527=DIRECTION('center_axis',(0.,0.,1.));
#12528=DIRECTION('ref_axis',(0.,1.,0.));
#12529=DIRECTION('',(1.,0.,0.));
#12530=DIRECTION('',(0.948683298050524,0.316227766016808,0.));
#12531=DIRECTION('',(0.,1.,0.));
#12532=DIRECTION('',(-1.,0.,0.));
#12533=DIRECTION('',(0.,-1.,0.));
#12534=DIRECTION('',(0.,1.,0.));
#12535=DIRECTION('',(-0.948683298050524,0.316227766016808,0.));
#12536=DIRECTION('',(1.,0.,0.));
#12537=DIRECTION('',(0.707106781186548,-0.707106781186548,0.));
#12538=DIRECTION('center_axis',(0.707106781186548,0.707106781186548,0.));
#12539=DIRECTION('ref_axis',(0.707106781186548,-0.707106781186548,0.));
#12540=DIRECTION('',(0.707106781186548,-0.707106781186548,0.));
#12541=DIRECTION('',(0.,0.,-1.));
#12542=DIRECTION('',(-0.707106781186547,0.707106781186547,0.));
#12543=DIRECTION('',(-0.577350269189626,0.577350269189626,-0.577350269189626));
#12544=DIRECTION('',(0.,0.,1.));
#12545=DIRECTION('center_axis',(0.,0.,-1.));
#12546=DIRECTION('ref_axis',(-1.,0.,0.));
#12547=DIRECTION('',(0.707106781186548,-0.707106781186548,0.));
#12548=DIRECTION('',(0.,1.,0.));
#12549=DIRECTION('',(-1.,0.,0.));
#12550=DIRECTION('',(0.707106781186548,0.707106781186548,0.));
#12551=DIRECTION('',(-1.,0.,0.));
#12552=DIRECTION('center_axis',(0.,0.,-1.));
#12553=DIRECTION('ref_axis',(-1.,0.,0.));
#12554=DIRECTION('center_axis',(0.,0.,-1.));
#12555=DIRECTION('ref_axis',(-1.,0.,0.));
#12556=DIRECTION('',(1.,0.,0.));
#12557=DIRECTION('',(-0.948683298050524,0.316227766016808,0.));
#12558=DIRECTION('',(0.,1.,0.));
#12559=DIRECTION('',(0.948683298050524,0.316227766016808,0.));
#12560=DIRECTION('',(1.,0.,0.));
#12561=DIRECTION('',(-1.,0.,0.));
#12562=DIRECTION('',(0.707106781186548,0.707106781186548,0.));
#12563=DIRECTION('',(-1.,0.,0.));
#12564=DIRECTION('center_axis',(0.,0.,-1.));
#12565=DIRECTION('ref_axis',(-1.,0.,0.));
#12566=DIRECTION('center_axis',(0.,0.,-1.));
#12567=DIRECTION('ref_axis',(-1.,0.,0.));
#12568=DIRECTION('center_axis',(0.,0.,-1.));
#12569=DIRECTION('ref_axis',(-1.,0.,0.));
#12570=DIRECTION('',(0.,0.,-1.));
#12571=DIRECTION('center_axis',(0.,0.,-1.));
#12572=DIRECTION('ref_axis',(-1.,0.,0.));
#12573=DIRECTION('center_axis',(0.,0.,-1.));
#12574=DIRECTION('ref_axis',(-1.,0.,0.));
#12575=DIRECTION('center_axis',(0.,0.,1.));
#12576=DIRECTION('ref_axis',(0.,-1.,0.));
#12577=DIRECTION('center_axis',(0.,0.,-1.));
#12578=DIRECTION('ref_axis',(-1.,0.,0.));
#12579=DIRECTION('center_axis',(0.,0.,-1.));
#12580=DIRECTION('ref_axis',(-1.,0.,0.));
#12581=DIRECTION('',(0.,0.,-1.));
#12582=DIRECTION('center_axis',(0.,0.,1.));
#12583=DIRECTION('ref_axis',(1.,0.,0.));
#12584=DIRECTION('',(-0.707106781186547,0.707106781186547,0.));
#12585=DIRECTION('',(1.,0.,0.));
#12586=DIRECTION('',(-0.707106781186547,-0.707106781186547,0.));
#12587=DIRECTION('',(1.,0.,0.));
#12588=DIRECTION('',(0.,1.,0.));
#12589=DIRECTION('',(1.,0.,0.));
#12590=DIRECTION('',(0.,1.,0.));
#12591=DIRECTION('',(-1.,0.,0.));
#12592=DIRECTION('center_axis',(0.,0.,1.));
#12593=DIRECTION('ref_axis',(1.,0.,0.));
#12594=DIRECTION('',(1.,0.,0.));
#12595=DIRECTION('',(-0.707106781186547,-0.707106781186547,0.));
#12596=DIRECTION('',(1.,0.,0.));
#12597=DIRECTION('',(0.,1.,0.));
#12598=DIRECTION('',(1.,0.,0.));
#12599=DIRECTION('',(-1.,0.,0.));
#12600=DIRECTION('center_axis',(0.,0.,1.));
#12601=DIRECTION('ref_axis',(0.,-1.,0.));
#12602=DIRECTION('center_axis',(0.,0.,1.));
#12603=DIRECTION('ref_axis',(0.,-1.,0.));
#12604=DIRECTION('',(0.,0.,1.));
#12605=DIRECTION('center_axis',(0.,0.,1.));
#12606=DIRECTION('ref_axis',(0.,-1.,0.));
#12607=DIRECTION('',(0.,0.,1.));
#12608=DIRECTION('center_axis',(0.707106781186548,0.707106781186548,0.));
#12609=DIRECTION('ref_axis',(0.707106781186548,-0.707106781186548,0.));
#12610=DIRECTION('',(0.,0.,-1.));
#12611=DIRECTION('',(-0.577350269189626,0.577350269189626,-0.577350269189626));
#12612=DIRECTION('',(0.,0.,-1.));
#12613=DIRECTION('center_axis',(1.,0.,0.));
#12614=DIRECTION('ref_axis',(0.,0.,-1.));
#12615=DIRECTION('',(0.,0.,-1.));
#12616=DIRECTION('',(0.,0.707106781186548,-0.707106781186548));
#12617=DIRECTION('',(0.,-0.707106781186547,0.707106781186547));
#12618=DIRECTION('',(0.,0.,1.));
#12619=DIRECTION('',(0.,0.707106781186547,0.707106781186547));
#12620=DIRECTION('center_axis',(0.707106781186548,0.707106781186548,0.));
#12621=DIRECTION('ref_axis',(0.707106781186548,-0.707106781186548,0.));
#12622=DIRECTION('',(0.,0.,-1.));
#12623=DIRECTION('',(0.577350269189626,-0.577350269189626,-0.577350269189626));
#12624=DIRECTION('center_axis',(0.,-0.707106781186548,0.707106781186548));
#12625=DIRECTION('ref_axis',(0.,0.707106781186548,0.707106781186548));
#12626=DIRECTION('',(-1.,0.,0.));
#12627=DIRECTION('',(0.,0.707106781186547,0.707106781186547));
#12628=DIRECTION('center_axis',(1.,0.,0.));
#12629=DIRECTION('ref_axis',(0.,-1.,0.));
#12630=DIRECTION('',(0.,0.,1.));
#12631=DIRECTION('',(0.,-0.707106781186547,0.707106781186547));
#12632=DIRECTION('',(0.,-0.707106781186548,0.707106781186548));
#12633=DIRECTION('',(0.,1.,0.));
#12634=DIRECTION('',(0.,1.,0.));
#12635=DIRECTION('',(0.,1.,0.));
#12636=DIRECTION('',(0.,1.,0.));
#12637=DIRECTION('',(0.,1.,0.));
#12638=DIRECTION('',(0.,1.,0.));
#12639=DIRECTION('center_axis',(0.866025403784429,0.,0.500000000000017));
#12640=DIRECTION('ref_axis',(0.500000000000017,0.,-0.866025403784429));
#12641=DIRECTION('',(0.,1.,0.));
#12642=DIRECTION('center_axis',(0.,0.,1.));
#12643=DIRECTION('ref_axis',(1.,0.,0.));
#12644=DIRECTION('',(0.,1.,0.));
#12645=DIRECTION('center_axis',(-0.866025403784429,0.,0.500000000000017));
#12646=DIRECTION('ref_axis',(0.500000000000017,0.,0.866025403784429));
#12647=DIRECTION('',(0.,1.,0.));
#12648=DIRECTION('center_axis',(-1.,0.,0.));
#12649=DIRECTION('ref_axis',(0.,1.,0.));
#12650=DIRECTION('',(0.,1.,0.));
#12651=DIRECTION('',(0.,1.,0.));
#12652=DIRECTION('',(0.,1.,0.));
#12653=DIRECTION('',(0.,1.,0.));
#12654=DIRECTION('',(0.,1.,0.));
#12655=DIRECTION('',(0.,-0.707106781186548,0.707106781186548));
#12656=DIRECTION('',(0.,0.707106781186547,-0.707106781186547));
#12657=DIRECTION('center_axis',(0.,-0.707106781186548,-0.707106781186548));
#12658=DIRECTION('ref_axis',(0.,0.707106781186548,-0.707106781186548));
#12659=DIRECTION('',(-0.577350269189626,-0.577350269189626,0.577350269189626));
#12660=DIRECTION('center_axis',(-0.707106781186548,0.707106781186548,0.));
#12661=DIRECTION('ref_axis',(-0.707106781186548,-0.707106781186548,0.));
#12662=DIRECTION('',(0.,0.,1.));
#12663=DIRECTION('center_axis',(0.,1.,0.));
#12664=DIRECTION('ref_axis',(1.,0.,0.));
#12665=DIRECTION('center_axis',(0.,1.,0.));
#12666=DIRECTION('ref_axis',(1.,0.,0.));
#12667=DIRECTION('center_axis',(0.,1.,0.));
#12668=DIRECTION('ref_axis',(1.,0.,0.));
#12669=DIRECTION('center_axis',(0.,1.,0.));
#12670=DIRECTION('ref_axis',(1.,0.,0.));
#12671=DIRECTION('',(0.,0.,1.));
#12672=DIRECTION('center_axis',(-0.707106781186548,0.707106781186548,0.));
#12673=DIRECTION('ref_axis',(-0.707106781186548,-0.707106781186548,0.));
#12674=DIRECTION('',(-0.577350269189626,-0.577350269189626,0.577350269189626));
#12675=DIRECTION('center_axis',(0.,0.707106781186548,0.707106781186548));
#12676=DIRECTION('ref_axis',(0.,-0.707106781186548,0.707106781186548));
#12677=DIRECTION('',(1.,0.,0.));
#12678=DIRECTION('',(0.,-0.707106781186547,0.707106781186547));
#12679=DIRECTION('center_axis',(1.,0.,0.));
#12680=DIRECTION('ref_axis',(0.,-1.,0.));
#12681=DIRECTION('',(0.,1.,0.));
#12682=DIRECTION('',(0.,1.,0.));
#12683=DIRECTION('',(0.,1.,0.));
#12684=DIRECTION('',(0.,1.,0.));
#12685=DIRECTION('',(0.,1.,0.));
#12686=DIRECTION('',(0.,1.,0.));
#12687=DIRECTION('',(0.,-0.707106781186548,0.707106781186548));
#12688=DIRECTION('',(0.,0.,1.));
#12689=DIRECTION('',(0.,0.707106781186547,0.707106781186547));
#12690=DIRECTION('center_axis',(0.,0.707106781186548,-0.707106781186548));
#12691=DIRECTION('ref_axis',(0.,0.707106781186548,0.707106781186548));
#12692=DIRECTION('',(1.,0.,0.));
#12693=DIRECTION('center_axis',(0.,1.,0.));
#12694=DIRECTION('ref_axis',(0.,0.,1.));
#12695=DIRECTION('center_axis',(0.,0.707106781186548,0.707106781186548));
#12696=DIRECTION('ref_axis',(0.,-0.707106781186548,0.707106781186548));
#12697=DIRECTION('center_axis',(0.,0.707106781186548,0.707106781186548));
#12698=DIRECTION('ref_axis',(0.,-0.707106781186548,0.707106781186548));
#12699=DIRECTION('center_axis',(0.,0.707106781186548,0.707106781186548));
#12700=DIRECTION('ref_axis',(0.,-0.707106781186548,0.707106781186548));
#12701=DIRECTION('',(1.,0.,0.));
#12702=DIRECTION('center_axis',(0.,-1.,0.));
#12703=DIRECTION('ref_axis',(0.,0.,-1.));
#12704=DIRECTION('',(1.,0.,0.));
#12705=DIRECTION('center_axis',(0.,0.,-1.));
#12706=DIRECTION('ref_axis',(0.,1.,0.));
#12707=DIRECTION('center_axis',(-0.866025403784429,0.,-0.500000000000017));
#12708=DIRECTION('ref_axis',(-0.500000000000017,0.,0.866025403784429));
#12709=DIRECTION('',(0.,1.,0.));
#12710=DIRECTION('center_axis',(0.,0.,-1.));
#12711=DIRECTION('ref_axis',(-1.,0.,0.));
#12712=DIRECTION('',(0.,1.,0.));
#12713=DIRECTION('center_axis',(0.866025403784429,0.,-0.500000000000017));
#12714=DIRECTION('ref_axis',(-0.500000000000017,0.,-0.866025403784429));
#12715=DIRECTION('center_axis',(-0.866025403784429,0.,0.500000000000017));
#12716=DIRECTION('ref_axis',(0.500000000000017,0.,0.866025403784429));
#12717=DIRECTION('',(0.,1.,0.));
#12718=DIRECTION('center_axis',(0.,0.,1.));
#12719=DIRECTION('ref_axis',(1.,0.,0.));
#12720=DIRECTION('',(0.,1.,0.));
#12721=DIRECTION('center_axis',(0.866025403784429,0.,0.500000000000017));
#12722=DIRECTION('ref_axis',(0.500000000000017,0.,-0.866025403784429));
#12723=DIRECTION('center_axis',(-0.866025403784429,0.,-0.500000000000017));
#12724=DIRECTION('ref_axis',(-0.500000000000017,0.,0.866025403784429));
#12725=DIRECTION('',(0.,1.,0.));
#12726=DIRECTION('center_axis',(0.,0.,-1.));
#12727=DIRECTION('ref_axis',(-1.,0.,0.));
#12728=DIRECTION('',(0.,1.,0.));
#12729=DIRECTION('center_axis',(0.866025403784429,0.,-0.500000000000017));
#12730=DIRECTION('ref_axis',(-0.500000000000017,0.,-0.866025403784429));
#12731=DIRECTION('center_axis',(-0.866025403784429,0.,0.500000000000017));
#12732=DIRECTION('ref_axis',(0.500000000000017,0.,0.866025403784429));
#12733=DIRECTION('',(0.,1.,0.));
#12734=DIRECTION('center_axis',(0.,0.,1.));
#12735=DIRECTION('ref_axis',(1.,0.,0.));
#12736=DIRECTION('',(0.,1.,0.));
#12737=DIRECTION('center_axis',(0.866025403784429,0.,0.500000000000017));
#12738=DIRECTION('ref_axis',(0.500000000000017,0.,-0.866025403784429));
#12739=DIRECTION('center_axis',(-0.866025403784429,0.,-0.500000000000017));
#12740=DIRECTION('ref_axis',(-0.500000000000017,0.,0.866025403784429));
#12741=DIRECTION('',(0.,1.,0.));
#12742=DIRECTION('center_axis',(0.,0.,-1.));
#12743=DIRECTION('ref_axis',(-1.,0.,0.));
#12744=DIRECTION('',(0.,1.,0.));
#12745=DIRECTION('center_axis',(0.866025403784429,0.,-0.500000000000017));
#12746=DIRECTION('ref_axis',(-0.500000000000017,0.,-0.866025403784429));
#12747=DIRECTION('center_axis',(-0.866025403784429,0.,0.500000000000017));
#12748=DIRECTION('ref_axis',(0.500000000000017,0.,0.866025403784429));
#12749=DIRECTION('',(0.,1.,0.));
#12750=DIRECTION('center_axis',(0.,0.,1.));
#12751=DIRECTION('ref_axis',(1.,0.,0.));
#12752=DIRECTION('',(0.,1.,0.));
#12753=DIRECTION('center_axis',(0.866025403784429,0.,0.500000000000017));
#12754=DIRECTION('ref_axis',(0.500000000000017,0.,-0.866025403784429));
#12755=DIRECTION('center_axis',(-0.866025403784429,0.,-0.500000000000017));
#12756=DIRECTION('ref_axis',(-0.500000000000017,0.,0.866025403784429));
#12757=DIRECTION('',(0.,1.,0.));
#12758=DIRECTION('center_axis',(0.,0.,-1.));
#12759=DIRECTION('ref_axis',(-1.,0.,0.));
#12760=DIRECTION('',(0.,1.,0.));
#12761=DIRECTION('center_axis',(0.866025403784429,0.,-0.500000000000017));
#12762=DIRECTION('ref_axis',(-0.500000000000017,0.,-0.866025403784429));
#12763=DIRECTION('center_axis',(-0.866025403784429,0.,0.500000000000017));
#12764=DIRECTION('ref_axis',(0.500000000000017,0.,0.866025403784429));
#12765=DIRECTION('',(0.,1.,0.));
#12766=DIRECTION('center_axis',(0.,0.,1.));
#12767=DIRECTION('ref_axis',(1.,0.,0.));
#12768=DIRECTION('',(0.,1.,0.));
#12769=DIRECTION('center_axis',(0.866025403784429,0.,0.500000000000017));
#12770=DIRECTION('ref_axis',(0.500000000000017,0.,-0.866025403784429));
#12771=DIRECTION('center_axis',(-0.866025403784429,0.,-0.500000000000017));
#12772=DIRECTION('ref_axis',(-0.500000000000017,0.,0.866025403784429));
#12773=DIRECTION('',(0.,1.,0.));
#12774=DIRECTION('center_axis',(0.,0.,-1.));
#12775=DIRECTION('ref_axis',(-1.,0.,0.));
#12776=DIRECTION('',(0.,1.,0.));
#12777=DIRECTION('center_axis',(0.866025403784429,0.,-0.500000000000017));
#12778=DIRECTION('ref_axis',(-0.500000000000017,0.,-0.866025403784429));
#12779=DIRECTION('center_axis',(-0.866025403784429,0.,0.500000000000017));
#12780=DIRECTION('ref_axis',(0.500000000000017,0.,0.866025403784429));
#12781=DIRECTION('',(0.,1.,0.));
#12782=DIRECTION('center_axis',(0.,0.,1.));
#12783=DIRECTION('ref_axis',(1.,0.,0.));
#12784=DIRECTION('',(0.,1.,0.));
#12785=DIRECTION('center_axis',(0.866025403784429,0.,0.500000000000017));
#12786=DIRECTION('ref_axis',(0.500000000000017,0.,-0.866025403784429));
#12787=DIRECTION('center_axis',(-0.866025403784429,0.,-0.500000000000017));
#12788=DIRECTION('ref_axis',(-0.500000000000017,0.,0.866025403784429));
#12789=DIRECTION('',(0.,1.,0.));
#12790=DIRECTION('center_axis',(0.,0.,-1.));
#12791=DIRECTION('ref_axis',(-1.,0.,0.));
#12792=DIRECTION('',(0.,1.,0.));
#12793=DIRECTION('center_axis',(0.866025403784429,0.,-0.500000000000017));
#12794=DIRECTION('ref_axis',(-0.500000000000017,0.,-0.866025403784429));
#12795=DIRECTION('center_axis',(0.,-0.707106781186548,-0.707106781186548));
#12796=DIRECTION('ref_axis',(0.,-0.707106781186548,0.707106781186548));
#12797=DIRECTION('',(-1.,0.,0.));
#12798=DIRECTION('center_axis',(0.,-1.,0.));
#12799=DIRECTION('ref_axis',(0.,0.,1.));
#12800=DIRECTION('center_axis',(0.,-0.707106781186548,-0.707106781186548));
#12801=DIRECTION('ref_axis',(-1.,0.,0.));
#12802=DIRECTION('center_axis',(0.,-0.707106781186548,-0.707106781186548));
#12803=DIRECTION('ref_axis',(-1.,0.,0.));
#12804=DIRECTION('center_axis',(0.,0.707106781186548,0.707106781186548));
#12805=DIRECTION('ref_axis',(0.,0.707106781186548,-0.707106781186548));
#12806=DIRECTION('center_axis',(0.,-1.,0.));
#12807=DIRECTION('ref_axis',(1.,0.,0.));
#12808=DIRECTION('',(0.,0.,1.));
#12809=DIRECTION('center_axis',(-0.316227766016808,0.948683298050524,0.));
#12810=DIRECTION('ref_axis',(0.948683298050524,0.316227766016808,0.));
#12811=DIRECTION('',(0.,0.,1.));
#12812=DIRECTION('center_axis',(1.,0.,0.));
#12813=DIRECTION('ref_axis',(0.,1.,0.));
#12814=DIRECTION('',(0.,0.,1.));
#12815=DIRECTION('',(0.,-1.,0.));
#12816=DIRECTION('center_axis',(-0.316227766016808,-0.948683298050524,0.));
#12817=DIRECTION('ref_axis',(-0.948683298050524,0.316227766016808,0.));
#12818=DIRECTION('',(0.,0.,1.));
#12819=DIRECTION('center_axis',(0.,1.,0.));
#12820=DIRECTION('ref_axis',(-1.,0.,0.));
#12821=DIRECTION('center_axis',(0.,-1.,0.));
#12822=DIRECTION('ref_axis',(1.22464679914735E-16,0.,1.));
#12823=DIRECTION('center_axis',(0.,-1.,0.));
#12824=DIRECTION('ref_axis',(1.,0.,0.));
#12825=DIRECTION('center_axis',(0.,-1.,0.));
#12826=DIRECTION('ref_axis',(1.,0.,0.));
#12827=DIRECTION('center_axis',(0.,-1.,0.));
#12828=DIRECTION('ref_axis',(1.,0.,0.));
#12829=DIRECTION('center_axis',(-0.316227766016808,0.948683298050524,0.));
#12830=DIRECTION('ref_axis',(-0.948683298050524,-0.316227766016808,0.));
#12831=DIRECTION('',(0.,0.,-1.));
#12832=DIRECTION('center_axis',(0.,-1.,0.));
#12833=DIRECTION('ref_axis',(-1.,0.,0.));
#12834=DIRECTION('center_axis',(0.,0.,-1.));
#12835=DIRECTION('ref_axis',(-1.,0.,0.));
#12836=DIRECTION('',(0.,1.,0.));
#12837=DIRECTION('',(-1.,0.,0.));
#12838=DIRECTION('',(0.,-1.,0.));
#12839=DIRECTION('',(0.,1.,0.));
#12840=DIRECTION('',(0.,1.,0.));
#12841=DIRECTION('center_axis',(-0.866025403784429,0.,-0.500000000000017));
#12842=DIRECTION('ref_axis',(-0.500000000000017,0.,0.866025403784429));
#12843=DIRECTION('',(0.,1.,0.));
#12844=DIRECTION('',(-0.500000000000017,0.,0.866025403784429));
#12845=DIRECTION('center_axis',(0.,1.,0.));
#12846=DIRECTION('ref_axis',(0.,0.,1.));
#12847=DIRECTION('',(0.500000000000017,0.,0.866025403784429));
#12848=DIRECTION('',(1.,0.,0.));
#12849=DIRECTION('',(0.500000000000017,0.,-0.866025403784429));
#12850=DIRECTION('',(-0.500000000000017,0.,-0.866025403784429));
#12851=DIRECTION('center_axis',(0.,-1.,0.));
#12852=DIRECTION('ref_axis',(0.,0.,-1.));
#12853=DIRECTION('center_axis',(0.866025403784429,0.,-0.500000000000017));
#12854=DIRECTION('ref_axis',(-0.500000000000017,0.,-0.866025403784429));
#12855=DIRECTION('',(0.,1.,0.));
#12856=DIRECTION('center_axis',(0.866025403784429,0.,0.500000000000017));
#12857=DIRECTION('ref_axis',(0.500000000000017,0.,-0.866025403784429));
#12858=DIRECTION('',(0.,1.,0.));
#12859=DIRECTION('center_axis',(0.,0.,1.));
#12860=DIRECTION('ref_axis',(1.,0.,0.));
#12861=DIRECTION('',(0.,1.,0.));
#12862=DIRECTION('center_axis',(-0.866025403784429,0.,0.500000000000017));
#12863=DIRECTION('ref_axis',(0.500000000000017,0.,0.866025403784429));
#12864=DIRECTION('center_axis',(0.,-1.,0.));
#12865=DIRECTION('ref_axis',(0.,0.,-1.));
#12866=DIRECTION('',(0.,-1.,0.));
#12867=DIRECTION('center_axis',(-0.866025403784429,0.,-0.500000000000017));
#12868=DIRECTION('ref_axis',(-0.500000000000017,0.,0.866025403784429));
#12869=DIRECTION('center_axis',(0.866025403784429,0.,-0.500000000000017));
#12870=DIRECTION('ref_axis',(-0.500000000000017,0.,-0.866025403784429));
#12871=DIRECTION('center_axis',(-0.866025403784429,0.,0.500000000000017));
#12872=DIRECTION('ref_axis',(0.500000000000017,0.,0.866025403784429));
#12873=DIRECTION('',(0.,1.,0.));
#12874=DIRECTION('center_axis',(0.,0.,1.));
#12875=DIRECTION('ref_axis',(1.,0.,0.));
#12876=DIRECTION('',(0.,1.,0.));
#12877=DIRECTION('center_axis',(0.866025403784429,0.,0.500000000000017));
#12878=DIRECTION('ref_axis',(0.500000000000017,0.,-0.866025403784429));
#12879=DIRECTION('center_axis',(0.,-1.,0.));
#12880=DIRECTION('ref_axis',(0.,0.,-1.));
#12881=DIRECTION('',(1.,0.,0.));
#12882=DIRECTION('center_axis',(0.,0.,1.));
#12883=DIRECTION('ref_axis',(0.,-1.,0.));
#12884=DIRECTION('center_axis',(-0.866025403784429,0.,-0.500000000000017));
#12885=DIRECTION('ref_axis',(-0.500000000000017,0.,0.866025403784429));
#12886=DIRECTION('',(0.,1.,0.));
#12887=DIRECTION('center_axis',(0.,0.,-1.));
#12888=DIRECTION('ref_axis',(-1.,0.,0.));
#12889=DIRECTION('',(0.,1.,0.));
#12890=DIRECTION('center_axis',(0.866025403784429,0.,-0.500000000000017));
#12891=DIRECTION('ref_axis',(-0.500000000000017,0.,-0.866025403784429));
#12892=DIRECTION('center_axis',(-0.866025403784429,0.,0.500000000000017));
#12893=DIRECTION('ref_axis',(0.500000000000017,0.,0.866025403784429));
#12894=DIRECTION('center_axis',(0.,0.,1.));
#12895=DIRECTION('ref_axis',(1.,0.,0.));
#12896=DIRECTION('',(0.,-1.,0.));
#12897=DIRECTION('',(0.,-1.,0.));
#12898=DIRECTION('center_axis',(1.,0.,0.));
#12899=DIRECTION('ref_axis',(0.,0.,-1.));
#12900=DIRECTION('',(0.,-1.,0.));
#12901=DIRECTION('',(0.,-1.,0.));
#12902=DIRECTION('',(0.,0.,-1.));
#12903=DIRECTION('',(0.,-1.,0.));
#12904=DIRECTION('center_axis',(0.,-1.,0.));
#12905=DIRECTION('ref_axis',(0.,0.,-1.));
#12906=DIRECTION('center_axis',(0.,-1.,0.));
#12907=DIRECTION('ref_axis',(0.750000000000024,0.,-0.661437827766121));
#12908=DIRECTION('center_axis',(0.,1.,0.));
#12909=DIRECTION('ref_axis',(0.,0.,-1.));
#12910=DIRECTION('center_axis',(0.,1.,0.));
#12911=DIRECTION('ref_axis',(0.,0.,-1.));
#12912=DIRECTION('',(0.,0.,-1.));
#12913=DIRECTION('center_axis',(0.,-1.,0.));
#12914=DIRECTION('ref_axis',(-0.750000000000024,0.,0.661437827766121));
#12915=DIRECTION('center_axis',(-1.,0.,0.));
#12916=DIRECTION('ref_axis',(0.,0.,1.));
#12917=DIRECTION('',(0.,-1.,0.));
#12918=DIRECTION('',(0.,-1.,0.));
#12919=DIRECTION('',(0.,-1.,0.));
#12920=DIRECTION('center_axis',(0.,-1.,0.));
#12921=DIRECTION('ref_axis',(0.,0.,-1.));
#12922=DIRECTION('center_axis',(0.,0.,-1.));
#12923=DIRECTION('ref_axis',(-1.,0.,0.));
#12924=DIRECTION('center_axis',(-1.,0.,0.));
#12925=DIRECTION('ref_axis',(0.,1.,0.));
#12926=DIRECTION('',(0.,-1.,0.));
#12927=DIRECTION('',(0.,0.,-1.));
#12928=DIRECTION('',(0.,1.,0.));
#12929=DIRECTION('',(0.,0.,-1.));
#12930=DIRECTION('center_axis',(1.,0.,0.));
#12931=DIRECTION('ref_axis',(0.,-1.,0.));
#12932=DIRECTION('',(0.,1.,0.));
#12933=DIRECTION('',(0.,0.,-1.));
#12934=DIRECTION('',(0.,-1.,0.));
#12935=DIRECTION('',(0.,0.,-1.));
#12936=DIRECTION('center_axis',(1.,0.,0.));
#12937=DIRECTION('ref_axis',(0.,-1.,0.));
#12938=DIRECTION('',(0.,-1.,0.));
#12939=DIRECTION('',(0.,0.,-1.));
#12940=DIRECTION('',(0.,1.,0.));
#12941=DIRECTION('',(0.,0.,-1.));
#12942=DIRECTION('center_axis',(-1.,0.,0.));
#12943=DIRECTION('ref_axis',(0.,1.,0.));
#12944=DIRECTION('',(0.,1.,0.));
#12945=DIRECTION('',(0.,0.,-1.));
#12946=DIRECTION('',(0.,-1.,0.));
#12947=DIRECTION('',(0.,0.,-1.));
#12948=DIRECTION('center_axis',(0.,1.,0.));
#12949=DIRECTION('ref_axis',(0.,0.,1.));
#12950=DIRECTION('',(1.,0.,0.));
#12951=DIRECTION('',(-0.707106781186548,0.,-0.707106781186547));
#12952=DIRECTION('',(0.,0.,1.));
#12953=DIRECTION('',(0.707106781186548,0.,-0.707106781186547));
#12954=DIRECTION('',(-1.,0.,0.));
#12955=DIRECTION('',(-1.,-1.00929365875014E-16,0.));
#12956=DIRECTION('',(-1.,0.,0.));
#12957=DIRECTION('',(0.707106781186548,0.,0.707106781186547));
#12958=DIRECTION('',(0.,0.,-1.));
#12959=DIRECTION('',(-0.707106781186548,0.,0.707106781186547));
#12960=DIRECTION('',(1.,0.,0.));
#12961=DIRECTION('',(1.,1.00929365875014E-16,0.));
#12962=DIRECTION('center_axis',(0.,1.,0.));
#12963=DIRECTION('ref_axis',(1.,0.,0.));
#12964=DIRECTION('center_axis',(0.,1.,0.));
#12965=DIRECTION('ref_axis',(1.,0.,0.));
#12966=DIRECTION('center_axis',(0.,1.,0.));
#12967=DIRECTION('ref_axis',(1.,0.,0.));
#12968=DIRECTION('center_axis',(0.,1.,0.));
#12969=DIRECTION('ref_axis',(1.,0.,0.));
#12970=DIRECTION('center_axis',(0.,1.,0.));
#12971=DIRECTION('ref_axis',(1.,0.,0.));
#12972=DIRECTION('center_axis',(0.,1.,0.));
#12973=DIRECTION('ref_axis',(1.,0.,0.));
#12974=DIRECTION('center_axis',(0.,1.,0.));
#12975=DIRECTION('ref_axis',(1.,0.,0.));
#12976=DIRECTION('center_axis',(0.,1.,0.));
#12977=DIRECTION('ref_axis',(1.,0.,0.));
#12978=DIRECTION('center_axis',(0.,0.,-1.));
#12979=DIRECTION('ref_axis',(0.,1.,0.));
#12980=DIRECTION('',(-1.,0.,0.));
#12981=DIRECTION('',(0.,-1.,0.));
#12982=DIRECTION('center_axis',(0.,-1.,0.));
#12983=DIRECTION('ref_axis',(0.,0.,-1.));
#12984=DIRECTION('',(-1.,0.,0.));
#12985=DIRECTION('',(-0.707106781186548,0.,0.707106781186547));
#12986=DIRECTION('',(0.,0.,-1.));
#12987=DIRECTION('',(0.707106781186548,0.,0.707106781186547));
#12988=DIRECTION('',(1.,0.,0.));
#12989=DIRECTION('',(-1.,0.,0.));
#12990=DIRECTION('',(1.,0.,0.));
#12991=DIRECTION('',(0.707106781186548,0.,-0.707106781186547));
#12992=DIRECTION('',(0.,0.,1.));
#12993=DIRECTION('',(-0.707106781186548,0.,-0.707106781186547));
#12994=DIRECTION('',(1.,0.,0.));
#12995=DIRECTION('center_axis',(0.,-1.,0.));
#12996=DIRECTION('ref_axis',(1.,0.,0.));
#12997=DIRECTION('center_axis',(0.,-1.,0.));
#12998=DIRECTION('ref_axis',(1.,0.,0.));
#12999=DIRECTION('center_axis',(0.,-1.,0.));
#13000=DIRECTION('ref_axis',(1.,0.,0.));
#13001=DIRECTION('center_axis',(0.,-1.,0.));
#13002=DIRECTION('ref_axis',(1.,0.,0.));
#13003=DIRECTION('center_axis',(0.,-1.,0.));
#13004=DIRECTION('ref_axis',(1.,0.,0.));
#13005=DIRECTION('center_axis',(0.,-1.,0.));
#13006=DIRECTION('ref_axis',(1.,0.,0.));
#13007=DIRECTION('center_axis',(0.,-1.,0.));
#13008=DIRECTION('ref_axis',(1.,0.,0.));
#13009=DIRECTION('center_axis',(0.,-1.,0.));
#13010=DIRECTION('ref_axis',(1.,0.,0.));
#13011=DIRECTION('center_axis',(0.,0.,1.));
#13012=DIRECTION('ref_axis',(0.,-1.,0.));
#13013=DIRECTION('',(0.,-1.,0.));
#13014=DIRECTION('center_axis',(0.,-1.,0.));
#13015=DIRECTION('ref_axis',(1.,0.,0.));
#13016=DIRECTION('center_axis',(0.,-1.,0.));
#13017=DIRECTION('ref_axis',(1.,0.,0.));
#13018=DIRECTION('',(0.,-1.,0.));
#13019=DIRECTION('center_axis',(0.,-1.,0.));
#13020=DIRECTION('ref_axis',(1.,0.,0.));
#13021=DIRECTION('',(0.,-1.,0.));
#13022=DIRECTION('center_axis',(0.,1.,0.));
#13023=DIRECTION('ref_axis',(1.,0.,0.));
#13024=DIRECTION('center_axis',(0.,-1.,0.));
#13025=DIRECTION('ref_axis',(1.,0.,0.));
#13026=DIRECTION('center_axis',(0.,-1.,0.));
#13027=DIRECTION('ref_axis',(1.,0.,0.));
#13028=DIRECTION('',(0.,-1.,0.));
#13029=DIRECTION('center_axis',(0.,-1.,0.));
#13030=DIRECTION('ref_axis',(1.,0.,0.));
#13031=DIRECTION('',(0.,-1.,0.));
#13032=DIRECTION('center_axis',(0.,1.,0.));
#13033=DIRECTION('ref_axis',(1.,0.,0.));
#13034=DIRECTION('center_axis',(0.,-1.,0.));
#13035=DIRECTION('ref_axis',(1.,0.,0.));
#13036=DIRECTION('center_axis',(0.,-1.,0.));
#13037=DIRECTION('ref_axis',(1.,0.,0.));
#13038=DIRECTION('',(0.,-1.,0.));
#13039=DIRECTION('center_axis',(0.,-1.,0.));
#13040=DIRECTION('ref_axis',(1.,0.,0.));
#13041=DIRECTION('',(0.,-1.,0.));
#13042=DIRECTION('center_axis',(0.,1.,0.));
#13043=DIRECTION('ref_axis',(1.,0.,0.));
#13044=DIRECTION('center_axis',(0.,-1.,0.));
#13045=DIRECTION('ref_axis',(1.,0.,0.));
#13046=DIRECTION('center_axis',(0.,-1.,0.));
#13047=DIRECTION('ref_axis',(1.,0.,0.));
#13048=DIRECTION('',(0.,-1.,0.));
#13049=DIRECTION('center_axis',(0.,-1.,0.));
#13050=DIRECTION('ref_axis',(1.,0.,0.));
#13051=DIRECTION('',(0.,-1.,0.));
#13052=DIRECTION('center_axis',(0.,1.,0.));
#13053=DIRECTION('ref_axis',(1.,0.,0.));
#13054=DIRECTION('center_axis',(0.,-1.,0.));
#13055=DIRECTION('ref_axis',(1.,0.,0.));
#13056=DIRECTION('center_axis',(0.,-1.,0.));
#13057=DIRECTION('ref_axis',(1.,0.,0.));
#13058=DIRECTION('',(0.,-1.,0.));
#13059=DIRECTION('center_axis',(0.,-1.,0.));
#13060=DIRECTION('ref_axis',(1.,0.,0.));
#13061=DIRECTION('',(0.,-1.,0.));
#13062=DIRECTION('center_axis',(0.,1.,0.));
#13063=DIRECTION('ref_axis',(1.,0.,0.));
#13064=DIRECTION('center_axis',(0.,-1.,0.));
#13065=DIRECTION('ref_axis',(1.,0.,0.));
#13066=DIRECTION('center_axis',(0.,-1.,0.));
#13067=DIRECTION('ref_axis',(1.,0.,0.));
#13068=DIRECTION('',(0.,-1.,0.));
#13069=DIRECTION('center_axis',(0.,-1.,0.));
#13070=DIRECTION('ref_axis',(1.,0.,0.));
#13071=DIRECTION('',(0.,-1.,0.));
#13072=DIRECTION('center_axis',(0.,1.,0.));
#13073=DIRECTION('ref_axis',(1.,0.,0.));
#13074=DIRECTION('center_axis',(0.,-1.,0.));
#13075=DIRECTION('ref_axis',(1.,0.,0.));
#13076=DIRECTION('center_axis',(0.,-1.,0.));
#13077=DIRECTION('ref_axis',(1.,0.,0.));
#13078=DIRECTION('',(0.,-1.,0.));
#13079=DIRECTION('center_axis',(0.,-1.,0.));
#13080=DIRECTION('ref_axis',(1.,0.,0.));
#13081=DIRECTION('',(0.,-1.,0.));
#13082=DIRECTION('center_axis',(0.,1.,0.));
#13083=DIRECTION('ref_axis',(1.,0.,0.));
#13084=DIRECTION('center_axis',(0.,-1.,0.));
#13085=DIRECTION('ref_axis',(1.,0.,0.));
#13086=DIRECTION('center_axis',(0.,-1.,0.));
#13087=DIRECTION('ref_axis',(1.,0.,0.));
#13088=DIRECTION('',(0.,-1.,0.));
#13089=DIRECTION('center_axis',(0.,-1.,0.));
#13090=DIRECTION('ref_axis',(1.,0.,0.));
#13091=DIRECTION('',(0.,-1.,0.));
#13092=DIRECTION('center_axis',(0.,1.,0.));
#13093=DIRECTION('ref_axis',(1.,0.,0.));
#13094=DIRECTION('center_axis',(0.,0.,1.));
#13095=DIRECTION('ref_axis',(0.,-1.,0.));
#13096=DIRECTION('',(0.,-1.,0.));
#13097=DIRECTION('center_axis',(-0.707106781186547,0.,0.707106781186548));
#13098=DIRECTION('ref_axis',(0.707106781186548,0.,0.707106781186547));
#13099=DIRECTION('',(0.,-1.,0.));
#13100=DIRECTION('center_axis',(0.707106781186547,0.,-0.707106781186548));
#13101=DIRECTION('ref_axis',(-0.707106781186548,0.,-0.707106781186547));
#13102=DIRECTION('',(0.,-1.,0.));
#13103=DIRECTION('center_axis',(0.707106781186547,0.,0.707106781186548));
#13104=DIRECTION('ref_axis',(0.707106781186548,0.,-0.707106781186547));
#13105=DIRECTION('',(0.,1.,0.));
#13106=DIRECTION('center_axis',(-0.707106781186547,0.,-0.707106781186548));
#13107=DIRECTION('ref_axis',(-0.707106781186548,0.,0.707106781186547));
#13108=DIRECTION('',(0.,-1.,0.));
#13109=DIRECTION('',(0.,1.,0.));
#13110=DIRECTION('center_axis',(0.,0.,-1.));
#13111=DIRECTION('ref_axis',(0.,1.,0.));
#13112=DIRECTION('center_axis',(-0.707106781186547,0.,-0.707106781186548));
#13113=DIRECTION('ref_axis',(-0.707106781186548,0.,0.707106781186547));
#13114=DIRECTION('',(0.577350269189626,0.577350269189626,-0.577350269189626));
#13115=DIRECTION('',(0.,-1.,0.));
#13116=DIRECTION('',(-0.577350269189627,0.577350269189624,0.577350269189626));
#13117=DIRECTION('',(0.,1.,0.));
#13118=DIRECTION('center_axis',(0.,0.,-1.));
#13119=DIRECTION('ref_axis',(0.,1.,0.));
#13120=DIRECTION('',(1.,0.,0.));
#13121=DIRECTION('',(0.,1.,0.));
#13122=DIRECTION('',(1.,0.,0.));
#13123=DIRECTION('center_axis',(0.,0.707106781186548,0.707106781186548));
#13124=DIRECTION('ref_axis',(0.,-0.707106781186548,0.707106781186548));
#13125=DIRECTION('',(1.,0.,0.));
#13126=DIRECTION('',(0.577350269189626,-0.577350269189626,0.577350269189626));
#13127=DIRECTION('center_axis',(0.707106781186547,0.,-0.707106781186548));
#13128=DIRECTION('ref_axis',(-0.707106781186548,0.,-0.707106781186547));
#13129=DIRECTION('',(-0.577350269189627,-0.577350269189624,-0.577350269189626));
#13130=DIRECTION('',(0.,-1.,0.));
#13131=DIRECTION('center_axis',(1.,0.,0.));
#13132=DIRECTION('ref_axis',(0.,0.,-1.));
#13133=DIRECTION('',(0.,0.,-1.));
#13134=DIRECTION('',(0.,1.,0.));
#13135=DIRECTION('',(0.,0.,1.));
#13136=DIRECTION('center_axis',(0.707106781186547,0.,0.707106781186548));
#13137=DIRECTION('ref_axis',(0.707106781186548,0.,-0.707106781186547));
#13138=DIRECTION('',(-0.577350269189626,0.577350269189626,0.577350269189625));
#13139=DIRECTION('',(0.,-1.,0.));
#13140=DIRECTION('',(0.577350269189627,0.577350269189624,-0.577350269189626));
#13141=DIRECTION('center_axis',(0.,-0.707106781186549,-0.707106781186546));
#13142=DIRECTION('ref_axis',(0.,0.707106781186546,-0.707106781186549));
#13143=DIRECTION('',(1.,0.,0.));
#13144=DIRECTION('',(0.577350269189627,-0.577350269189624,0.577350269189626));
#13145=DIRECTION('',(1.,0.,0.));
#13146=DIRECTION('center_axis',(0.,0.,1.));
#13147=DIRECTION('ref_axis',(0.,-1.,0.));
#13148=DIRECTION('',(1.,0.,0.));
#13149=DIRECTION('',(0.,1.,0.));
#13150=DIRECTION('center_axis',(-0.707106781186547,0.,0.707106781186548));
#13151=DIRECTION('ref_axis',(0.707106781186548,0.,0.707106781186547));
#13152=DIRECTION('',(-0.577350269189626,-0.577350269189626,-0.577350269189625));
#13153=DIRECTION('',(0.,-1.,0.));
#13154=DIRECTION('center_axis',(0.,0.707106781186547,-0.707106781186548));
#13155=DIRECTION('ref_axis',(0.,0.707106781186548,0.707106781186547));
#13156=DIRECTION('',(1.,0.,0.));
#13157=DIRECTION('center_axis',(0.,1.,0.));
#13158=DIRECTION('ref_axis',(0.,0.,1.));
#13159=DIRECTION('',(0.,0.,1.));
#13160=DIRECTION('center_axis',(0.,-0.707106781186549,0.707106781186546));
#13161=DIRECTION('ref_axis',(0.,-0.707106781186546,-0.707106781186549));
#13162=DIRECTION('',(1.,0.,0.));
#13163=DIRECTION('center_axis',(0.,-1.,0.));
#13164=DIRECTION('ref_axis',(0.,0.,-1.));
#13165=DIRECTION('',(0.,0.,1.));
#13166=DIRECTION('center_axis',(-1.,0.,0.));
#13167=DIRECTION('ref_axis',(0.,-1.,0.));
#13168=DIRECTION('',(-4.82204770565507E-16,-1.19656037508805E-16,1.));
#13169=DIRECTION('',(0.999999999999999,-5.55111512312579E-17,-3.43949920835616E-16));
#13170=DIRECTION('',(2.31330688982909E-15,-4.92767645206134E-14,-0.999999999999999));
#13171=DIRECTION('',(0.999999999999999,-7.7715611723761E-16,3.12549703111802E-15));
#13172=CARTESIAN_POINT('',(0.,0.,0.));
#13173=CARTESIAN_POINT('',(0.,0.,0.));
#13174=CARTESIAN_POINT('Origin',(0.,0.,0.));
#13175=CARTESIAN_POINT('',(-3.5,0.,-16.));
#13176=CARTESIAN_POINT('',(3.5,0.,-16.));
#13177=CARTESIAN_POINT('',(-3.5,0.,-16.));
#13178=CARTESIAN_POINT('',(3.5,0.,-17.));
#13179=CARTESIAN_POINT('',(3.5,0.,-17.));
#13180=CARTESIAN_POINT('',(12.5,0.,-17.));
#13181=CARTESIAN_POINT('',(12.5,0.,-17.));
#13182=CARTESIAN_POINT('',(12.5,0.,17.));
#13183=CARTESIAN_POINT('',(12.5,0.,17.));
#13184=CARTESIAN_POINT('',(3.5,0.,17.));
#13185=CARTESIAN_POINT('',(3.5,0.,17.));
#13186=CARTESIAN_POINT('',(3.5,0.,16.));
#13187=CARTESIAN_POINT('',(3.5,0.,17.));
#13188=CARTESIAN_POINT('',(-3.5,0.,16.));
#13189=CARTESIAN_POINT('',(-3.5,0.,16.));
#13190=CARTESIAN_POINT('',(-3.5,0.,17.));
#13191=CARTESIAN_POINT('',(-3.5,0.,17.));
#13192=CARTESIAN_POINT('',(-12.5,0.,17.));
#13193=CARTESIAN_POINT('',(-12.5,0.,17.));
#13194=CARTESIAN_POINT('',(-12.5,0.,-17.));
#13195=CARTESIAN_POINT('',(-12.5,0.,-17.));
#13196=CARTESIAN_POINT('',(-3.5,0.,-17.));
#13197=CARTESIAN_POINT('',(-3.5,0.,-17.));
#13198=CARTESIAN_POINT('',(-3.5,0.,-17.));
#13199=CARTESIAN_POINT('',(8.,0.,1.05));
#13200=CARTESIAN_POINT('Origin',(8.,0.,0.));
#13201=CARTESIAN_POINT('',(8.,0.,9.05));
#13202=CARTESIAN_POINT('Origin',(8.,0.,8.));
#13203=CARTESIAN_POINT('',(8.,0.,-6.95));
#13204=CARTESIAN_POINT('Origin',(8.,0.,-8.));
#13205=CARTESIAN_POINT('',(0.,0.,-6.95));
#13206=CARTESIAN_POINT('Origin',(0.,0.,-8.));
#13207=CARTESIAN_POINT('',(-8.,0.,-6.95));
#13208=CARTESIAN_POINT('Origin',(-8.,0.,-8.));
#13209=CARTESIAN_POINT('',(-8.,0.,1.05));
#13210=CARTESIAN_POINT('Origin',(-8.,0.,0.));
#13211=CARTESIAN_POINT('',(-8.,0.,9.05));
#13212=CARTESIAN_POINT('Origin',(-8.,0.,8.));
#13213=CARTESIAN_POINT('',(0.,0.,9.05));
#13214=CARTESIAN_POINT('Origin',(0.,0.,8.));
#13215=CARTESIAN_POINT('',(-3.,0.,4.95));
#13216=CARTESIAN_POINT('',(3.,0.,4.95));
#13217=CARTESIAN_POINT('',(-3.,0.,4.95));
#13218=CARTESIAN_POINT('',(3.,0.,2.645751311065));
#13219=CARTESIAN_POINT('',(3.,0.,4.95));
#13220=CARTESIAN_POINT('',(3.,0.,-2.645751311065));
#13221=CARTESIAN_POINT('Origin',(0.,0.,0.));
#13222=CARTESIAN_POINT('',(3.,0.,-4.95));
#13223=CARTESIAN_POINT('',(3.,0.,-2.645751311065));
#13224=CARTESIAN_POINT('',(-3.,0.,-4.95));
#13225=CARTESIAN_POINT('',(3.,0.,-4.95));
#13226=CARTESIAN_POINT('',(-3.,0.,-2.645751311065));
#13227=CARTESIAN_POINT('',(-3.,0.,-4.95));
#13228=CARTESIAN_POINT('',(-3.,0.,2.645751311065));
#13229=CARTESIAN_POINT('Origin',(0.,0.,0.));
#13230=CARTESIAN_POINT('',(-3.,0.,2.645751311065));
#13231=CARTESIAN_POINT('Origin',(8.,0.,0.));
#13232=CARTESIAN_POINT('',(8.,2.,1.05));
#13233=CARTESIAN_POINT('Origin',(8.,2.,0.));
#13234=CARTESIAN_POINT('',(8.,0.,1.05));
#13235=CARTESIAN_POINT('Origin',(0.,2.,0.));
#13236=CARTESIAN_POINT('',(9.154700538379,2.,-2.));
#13237=CARTESIAN_POINT('',(6.845299461621,2.,-2.));
#13238=CARTESIAN_POINT('',(9.154700538379,2.,-2.));
#13239=CARTESIAN_POINT('',(5.690598923241,2.,0.));
#13240=CARTESIAN_POINT('',(6.845299461621,2.,-2.));
#13241=CARTESIAN_POINT('',(6.845299461621,2.,2.));
#13242=CARTESIAN_POINT('',(5.690598923241,2.,0.));
#13243=CARTESIAN_POINT('',(9.154700538379,2.,2.));
#13244=CARTESIAN_POINT('',(6.845299461621,2.,2.));
#13245=CARTESIAN_POINT('',(10.30940107676,2.,0.));
#13246=CARTESIAN_POINT('',(9.154700538379,2.,2.));
#13247=CARTESIAN_POINT('',(10.30940107676,2.,0.));
#13248=CARTESIAN_POINT('Origin',(9.154700538379,3.,-2.));
#13249=CARTESIAN_POINT('',(6.845299461621,4.,-2.));
#13250=CARTESIAN_POINT('',(6.845299461621,2.,-2.));
#13251=CARTESIAN_POINT('',(9.154700538379,4.,-2.));
#13252=CARTESIAN_POINT('',(9.154700538379,4.,-2.));
#13253=CARTESIAN_POINT('',(6.845299461621,4.,-2.));
#13254=CARTESIAN_POINT('Origin',(6.845299461621,3.,-2.));
#13255=CARTESIAN_POINT('',(5.690598923241,4.,0.));
#13256=CARTESIAN_POINT('',(5.690598923241,2.,0.));
#13257=CARTESIAN_POINT('',(5.690598923241,4.,0.));
#13258=CARTESIAN_POINT('Origin',(5.690598923241,3.,0.));
#13259=CARTESIAN_POINT('',(6.845299461621,4.,2.));
#13260=CARTESIAN_POINT('',(6.845299461621,2.,2.));
#13261=CARTESIAN_POINT('',(6.845299461621,4.,2.));
#13262=CARTESIAN_POINT('Origin',(6.845299461621,3.,2.));
#13263=CARTESIAN_POINT('',(9.154700538379,4.,2.));
#13264=CARTESIAN_POINT('',(9.154700538379,2.,2.));
#13265=CARTESIAN_POINT('',(9.154700538379,4.,2.));
#13266=CARTESIAN_POINT('Origin',(9.154700538379,3.,2.));
#13267=CARTESIAN_POINT('',(10.30940107676,4.,0.));
#13268=CARTESIAN_POINT('',(10.30940107676,2.,0.));
#13269=CARTESIAN_POINT('',(10.30940107676,4.,0.));
#13270=CARTESIAN_POINT('Origin',(10.30940107676,3.,0.));
#13271=CARTESIAN_POINT('',(9.154700538379,4.,-2.));
#13272=CARTESIAN_POINT('Origin',(0.,4.,0.));
#13273=CARTESIAN_POINT('',(-4.5,4.,-8.337822173509));
#13274=CARTESIAN_POINT('',(-4.5,4.,-7.662177826491));
#13275=CARTESIAN_POINT('',(-4.5,4.,-8.337822173509));
#13276=CARTESIAN_POINT('',(-6.152479138593,4.,-11.2));
#13277=CARTESIAN_POINT('',(-4.5,4.,-8.337822173509));
#13278=CARTESIAN_POINT('',(-9.847520861407,4.,-11.2));
#13279=CARTESIAN_POINT('',(-6.152479138593,4.,-11.2));
#13280=CARTESIAN_POINT('',(-11.5,4.,-8.337822173509));
#13281=CARTESIAN_POINT('',(-9.847520861407,4.,-11.2));
#13282=CARTESIAN_POINT('',(-11.5,4.,-7.662177826491));
#13283=CARTESIAN_POINT('',(-11.5,4.,-8.337822173509));
#13284=CARTESIAN_POINT('',(-9.847520861407,4.,-4.8));
#13285=CARTESIAN_POINT('',(-11.5,4.,-7.662177826491));
#13286=CARTESIAN_POINT('',(-6.152479138593,4.,-4.8));
#13287=CARTESIAN_POINT('',(-9.847520861407,4.,-4.8));
#13288=CARTESIAN_POINT('',(-6.152479138593,4.,-4.8));
#13289=CARTESIAN_POINT('',(-6.845299461621,4.,-10.));
#13290=CARTESIAN_POINT('',(-5.690598923241,4.,-8.));
#13291=CARTESIAN_POINT('',(-6.845299461621,4.,-10.));
#13292=CARTESIAN_POINT('',(-6.845299461621,4.,-6.));
#13293=CARTESIAN_POINT('',(-5.690598923241,4.,-8.));
#13294=CARTESIAN_POINT('',(-9.154700538379,4.,-6.));
#13295=CARTESIAN_POINT('',(-6.845299461621,4.,-6.));
#13296=CARTESIAN_POINT('',(-10.30940107676,4.,-8.));
#13297=CARTESIAN_POINT('',(-9.154700538379,4.,-6.));
#13298=CARTESIAN_POINT('',(-9.154700538379,4.,-10.));
#13299=CARTESIAN_POINT('',(-10.30940107676,4.,-8.));
#13300=CARTESIAN_POINT('',(-9.154700538379,4.,-10.));
#13301=CARTESIAN_POINT('Origin',(0.,4.,0.));
#13302=CARTESIAN_POINT('',(-4.5,4.,-0.3378221735089));
#13303=CARTESIAN_POINT('',(-4.5,4.,0.3378221735089));
#13304=CARTESIAN_POINT('',(-4.5,4.,-0.3378221735089));
#13305=CARTESIAN_POINT('',(-6.152479138593,4.,-3.2));
#13306=CARTESIAN_POINT('',(-4.5,4.,-0.3378221735089));
#13307=CARTESIAN_POINT('',(-9.847520861407,4.,-3.2));
#13308=CARTESIAN_POINT('',(-6.152479138593,4.,-3.2));
#13309=CARTESIAN_POINT('',(-11.5,4.,-0.3378221735089));
#13310=CARTESIAN_POINT('',(-9.847520861407,4.,-3.2));
#13311=CARTESIAN_POINT('',(-11.5,4.,0.3378221735089));
#13312=CARTESIAN_POINT('',(-11.5,4.,-0.3378221735089));
#13313=CARTESIAN_POINT('',(-9.847520861407,4.,3.2));
#13314=CARTESIAN_POINT('',(-11.5,4.,0.3378221735089));
#13315=CARTESIAN_POINT('',(-6.152479138593,4.,3.2));
#13316=CARTESIAN_POINT('',(-9.847520861407,4.,3.2));
#13317=CARTESIAN_POINT('',(-6.152479138593,4.,3.2));
#13318=CARTESIAN_POINT('',(-6.845299461621,4.,-2.));
#13319=CARTESIAN_POINT('',(-5.690598923241,4.,0.));
#13320=CARTESIAN_POINT('',(-6.845299461621,4.,-2.));
#13321=CARTESIAN_POINT('',(-6.845299461621,4.,2.));
#13322=CARTESIAN_POINT('',(-5.690598923241,4.,0.));
#13323=CARTESIAN_POINT('',(-9.154700538379,4.,2.));
#13324=CARTESIAN_POINT('',(-6.845299461621,4.,2.));
#13325=CARTESIAN_POINT('',(-10.30940107676,4.,0.));
#13326=CARTESIAN_POINT('',(-9.154700538379,4.,2.));
#13327=CARTESIAN_POINT('',(-9.154700538379,4.,-2.));
#13328=CARTESIAN_POINT('',(-10.30940107676,4.,0.));
#13329=CARTESIAN_POINT('',(-9.154700538379,4.,-2.));
#13330=CARTESIAN_POINT('Origin',(0.,4.,0.));
#13331=CARTESIAN_POINT('',(-4.5,4.,7.662177826491));
#13332=CARTESIAN_POINT('',(-4.5,4.,8.337822173509));
#13333=CARTESIAN_POINT('',(-4.5,4.,7.662177826491));
#13334=CARTESIAN_POINT('',(-6.152479138593,4.,4.8));
#13335=CARTESIAN_POINT('',(-4.5,4.,7.662177826491));
#13336=CARTESIAN_POINT('',(-9.847520861407,4.,4.8));
#13337=CARTESIAN_POINT('',(-6.152479138593,4.,4.8));
#13338=CARTESIAN_POINT('',(-11.5,4.,7.662177826491));
#13339=CARTESIAN_POINT('',(-9.847520861407,4.,4.8));
#13340=CARTESIAN_POINT('',(-11.5,4.,8.337822173509));
#13341=CARTESIAN_POINT('',(-11.5,4.,7.662177826491));
#13342=CARTESIAN_POINT('',(-9.847520861407,4.,11.2));
#13343=CARTESIAN_POINT('',(-11.5,4.,8.337822173509));
#13344=CARTESIAN_POINT('',(-6.152479138593,4.,11.2));
#13345=CARTESIAN_POINT('',(-9.847520861407,4.,11.2));
#13346=CARTESIAN_POINT('',(-6.152479138593,4.,11.2));
#13347=CARTESIAN_POINT('',(-6.845299461621,4.,6.));
#13348=CARTESIAN_POINT('',(-5.690598923241,4.,8.));
#13349=CARTESIAN_POINT('',(-6.845299461621,4.,6.));
#13350=CARTESIAN_POINT('',(-6.845299461621,4.,10.));
#13351=CARTESIAN_POINT('',(-5.690598923241,4.,8.));
#13352=CARTESIAN_POINT('',(-9.154700538379,4.,10.));
#13353=CARTESIAN_POINT('',(-6.845299461621,4.,10.));
#13354=CARTESIAN_POINT('',(-10.30940107676,4.,8.));
#13355=CARTESIAN_POINT('',(-9.154700538379,4.,10.));
#13356=CARTESIAN_POINT('',(-9.154700538379,4.,6.));
#13357=CARTESIAN_POINT('',(-10.30940107676,4.,8.));
#13358=CARTESIAN_POINT('',(-9.154700538379,4.,6.));
#13359=CARTESIAN_POINT('Origin',(0.,4.,0.));
#13360=CARTESIAN_POINT('',(4.5,4.,-8.337822173509));
#13361=CARTESIAN_POINT('',(4.5,4.,-7.662177826491));
#13362=CARTESIAN_POINT('',(4.5,4.,-8.337822173509));
#13363=CARTESIAN_POINT('',(6.152479138593,4.,-4.8));
#13364=CARTESIAN_POINT('',(4.5,4.,-7.662177826491));
#13365=CARTESIAN_POINT('',(9.847520861407,4.,-4.8));
#13366=CARTESIAN_POINT('',(6.152479138593,4.,-4.8));
#13367=CARTESIAN_POINT('',(11.5,4.,-7.662177826491));
#13368=CARTESIAN_POINT('',(9.847520861407,4.,-4.8));
#13369=CARTESIAN_POINT('',(11.5,4.,-8.337822173509));
#13370=CARTESIAN_POINT('',(11.5,4.,-8.337822173509));
#13371=CARTESIAN_POINT('',(9.847520861407,4.,-11.2));
#13372=CARTESIAN_POINT('',(11.5,4.,-8.337822173509));
#13373=CARTESIAN_POINT('',(6.152479138593,4.,-11.2));
#13374=CARTESIAN_POINT('',(9.847520861407,4.,-11.2));
#13375=CARTESIAN_POINT('',(6.152479138593,4.,-11.2));
#13376=CARTESIAN_POINT('',(9.154700538379,4.,-10.));
#13377=CARTESIAN_POINT('',(10.30940107676,4.,-8.));
#13378=CARTESIAN_POINT('',(9.154700538379,4.,-10.));
#13379=CARTESIAN_POINT('',(9.154700538379,4.,-6.));
#13380=CARTESIAN_POINT('',(10.30940107676,4.,-8.));
#13381=CARTESIAN_POINT('',(6.845299461621,4.,-6.));
#13382=CARTESIAN_POINT('',(9.154700538379,4.,-6.));
#13383=CARTESIAN_POINT('',(5.690598923241,4.,-8.));
#13384=CARTESIAN_POINT('',(6.845299461621,4.,-6.));
#13385=CARTESIAN_POINT('',(6.845299461621,4.,-10.));
#13386=CARTESIAN_POINT('',(5.690598923241,4.,-8.));
#13387=CARTESIAN_POINT('',(6.845299461621,4.,-10.));
#13388=CARTESIAN_POINT('Origin',(0.,4.,0.));
#13389=CARTESIAN_POINT('',(4.5,4.,-0.3378221735089));
#13390=CARTESIAN_POINT('',(4.5,4.,0.3378221735089));
#13391=CARTESIAN_POINT('',(4.5,4.,-0.3378221735089));
#13392=CARTESIAN_POINT('',(6.152479138593,4.,3.2));
#13393=CARTESIAN_POINT('',(4.5,4.,0.3378221735089));
#13394=CARTESIAN_POINT('',(9.847520861407,4.,3.2));
#13395=CARTESIAN_POINT('',(6.152479138593,4.,3.2));
#13396=CARTESIAN_POINT('',(11.5,4.,0.3378221735089));
#13397=CARTESIAN_POINT('',(9.847520861407,4.,3.2));
#13398=CARTESIAN_POINT('',(11.5,4.,-0.3378221735089));
#13399=CARTESIAN_POINT('',(11.5,4.,-0.3378221735089));
#13400=CARTESIAN_POINT('',(9.847520861407,4.,-3.2));
#13401=CARTESIAN_POINT('',(11.5,4.,-0.3378221735089));
#13402=CARTESIAN_POINT('',(6.152479138593,4.,-3.2));
#13403=CARTESIAN_POINT('',(9.847520861407,4.,-3.2));
#13404=CARTESIAN_POINT('',(6.152479138593,4.,-3.2));
#13405=CARTESIAN_POINT('Origin',(0.,4.,0.));
#13406=CARTESIAN_POINT('',(4.5,4.,7.662177826491));
#13407=CARTESIAN_POINT('',(4.5,4.,8.337822173509));
#13408=CARTESIAN_POINT('',(4.5,4.,7.662177826491));
#13409=CARTESIAN_POINT('',(6.152479138593,4.,11.2));
#13410=CARTESIAN_POINT('',(4.5,4.,8.337822173509));
#13411=CARTESIAN_POINT('',(9.847520861407,4.,11.2));
#13412=CARTESIAN_POINT('',(6.152479138593,4.,11.2));
#13413=CARTESIAN_POINT('',(11.5,4.,8.337822173509));
#13414=CARTESIAN_POINT('',(9.847520861407,4.,11.2));
#13415=CARTESIAN_POINT('',(11.5,4.,7.662177826491));
#13416=CARTESIAN_POINT('',(11.5,4.,7.662177826491));
#13417=CARTESIAN_POINT('',(9.847520861407,4.,4.8));
#13418=CARTESIAN_POINT('',(11.5,4.,7.662177826491));
#13419=CARTESIAN_POINT('',(6.152479138593,4.,4.8));
#13420=CARTESIAN_POINT('',(9.847520861407,4.,4.8));
#13421=CARTESIAN_POINT('',(6.152479138593,4.,4.8));
#13422=CARTESIAN_POINT('',(9.154700538379,4.,6.));
#13423=CARTESIAN_POINT('',(10.30940107676,4.,8.));
#13424=CARTESIAN_POINT('',(9.154700538379,4.,6.));
#13425=CARTESIAN_POINT('',(9.154700538379,4.,10.));
#13426=CARTESIAN_POINT('',(10.30940107676,4.,8.));
#13427=CARTESIAN_POINT('',(6.845299461621,4.,10.));
#13428=CARTESIAN_POINT('',(9.154700538379,4.,10.));
#13429=CARTESIAN_POINT('',(5.690598923241,4.,8.));
#13430=CARTESIAN_POINT('',(6.845299461621,4.,10.));
#13431=CARTESIAN_POINT('',(6.845299461621,4.,6.));
#13432=CARTESIAN_POINT('',(5.690598923241,4.,8.));
#13433=CARTESIAN_POINT('',(6.845299461621,4.,6.));
#13434=CARTESIAN_POINT('Origin',(0.,4.,0.));
#13435=CARTESIAN_POINT('',(-2.540341184434,4.,6.));
#13436=CARTESIAN_POINT('',(-1.154700538379,4.,6.));
#13437=CARTESIAN_POINT('',(-2.540341184434,4.,6.));
#13438=CARTESIAN_POINT('',(-3.5,4.,7.662177826491));
#13439=CARTESIAN_POINT('',(-2.540341184434,4.,6.));
#13440=CARTESIAN_POINT('',(-3.5,4.,8.337822173509));
#13441=CARTESIAN_POINT('',(-3.5,4.,7.662177826491));
#13442=CARTESIAN_POINT('',(-1.847520861407,4.,11.2));
#13443=CARTESIAN_POINT('',(-3.5,4.,8.337822173509));
#13444=CARTESIAN_POINT('',(1.847520861407,4.,11.2));
#13445=CARTESIAN_POINT('',(-1.847520861407,4.,11.2));
#13446=CARTESIAN_POINT('',(3.5,4.,8.337822173509));
#13447=CARTESIAN_POINT('',(1.847520861407,4.,11.2));
#13448=CARTESIAN_POINT('',(3.5,4.,7.662177826491));
#13449=CARTESIAN_POINT('',(3.5,4.,7.662177826491));
#13450=CARTESIAN_POINT('',(2.540341184434,4.,6.));
#13451=CARTESIAN_POINT('',(3.5,4.,7.662177826491));
#13452=CARTESIAN_POINT('',(1.154700538379,4.,6.));
#13453=CARTESIAN_POINT('',(1.154700538379,4.,6.));
#13454=CARTESIAN_POINT('',(2.309401076759,4.,8.));
#13455=CARTESIAN_POINT('',(1.154700538379,4.,6.));
#13456=CARTESIAN_POINT('',(1.154700538379,4.,10.));
#13457=CARTESIAN_POINT('',(2.309401076759,4.,8.));
#13458=CARTESIAN_POINT('',(-1.154700538379,4.,10.));
#13459=CARTESIAN_POINT('',(1.154700538379,4.,10.));
#13460=CARTESIAN_POINT('',(-2.309401076759,4.,8.));
#13461=CARTESIAN_POINT('',(-1.154700538379,4.,10.));
#13462=CARTESIAN_POINT('',(-2.309401076759,4.,8.));
#13463=CARTESIAN_POINT('Origin',(0.,4.,0.));
#13464=CARTESIAN_POINT('',(2.540341184434,4.,-6.));
#13465=CARTESIAN_POINT('',(1.154700538379,4.,-6.));
#13466=CARTESIAN_POINT('',(2.540341184434,4.,-6.));
#13467=CARTESIAN_POINT('',(3.5,4.,-7.662177826491));
#13468=CARTESIAN_POINT('',(2.540341184434,4.,-6.));
#13469=CARTESIAN_POINT('',(3.5,4.,-8.337822173509));
#13470=CARTESIAN_POINT('',(3.5,4.,-8.337822173509));
#13471=CARTESIAN_POINT('',(1.847520861407,4.,-11.2));
#13472=CARTESIAN_POINT('',(3.5,4.,-8.337822173509));
#13473=CARTESIAN_POINT('',(-1.847520861407,4.,-11.2));
#13474=CARTESIAN_POINT('',(1.847520861407,4.,-11.2));
#13475=CARTESIAN_POINT('',(-3.5,4.,-8.337822173509));
#13476=CARTESIAN_POINT('',(-1.847520861407,4.,-11.2));
#13477=CARTESIAN_POINT('',(-3.5,4.,-7.662177826491));
#13478=CARTESIAN_POINT('',(-3.5,4.,-8.337822173509));
#13479=CARTESIAN_POINT('',(-2.540341184434,4.,-6.));
#13480=CARTESIAN_POINT('',(-3.5,4.,-7.662177826491));
#13481=CARTESIAN_POINT('',(-1.154700538379,4.,-6.));
#13482=CARTESIAN_POINT('',(-1.154700538379,4.,-6.));
#13483=CARTESIAN_POINT('',(-2.309401076759,4.,-8.));
#13484=CARTESIAN_POINT('',(-1.154700538379,4.,-6.));
#13485=CARTESIAN_POINT('',(-1.154700538379,4.,-10.));
#13486=CARTESIAN_POINT('',(-2.309401076759,4.,-8.));
#13487=CARTESIAN_POINT('',(1.154700538379,4.,-10.));
#13488=CARTESIAN_POINT('',(-1.154700538379,4.,-10.));
#13489=CARTESIAN_POINT('',(2.309401076759,4.,-8.));
#13490=CARTESIAN_POINT('',(1.154700538379,4.,-10.));
#13491=CARTESIAN_POINT('',(2.309401076759,4.,-8.));
#13492=CARTESIAN_POINT('Origin',(10.30940107676,3.,-8.));
#13493=CARTESIAN_POINT('',(9.154700538379,2.,-10.));
#13494=CARTESIAN_POINT('',(9.154700538379,4.,-10.));
#13495=CARTESIAN_POINT('',(10.30940107676,2.,-8.));
#13496=CARTESIAN_POINT('',(10.30940107676,2.,-8.));
#13497=CARTESIAN_POINT('',(10.30940107676,2.,-8.));
#13498=CARTESIAN_POINT('Origin',(9.154700538379,3.,-10.));
#13499=CARTESIAN_POINT('',(6.845299461621,2.,-10.));
#13500=CARTESIAN_POINT('',(6.845299461621,2.,-10.));
#13501=CARTESIAN_POINT('',(9.154700538379,2.,-10.));
#13502=CARTESIAN_POINT('Origin',(6.845299461621,3.,-10.));
#13503=CARTESIAN_POINT('',(5.690598923241,2.,-8.));
#13504=CARTESIAN_POINT('',(5.690598923241,2.,-8.));
#13505=CARTESIAN_POINT('',(6.845299461621,2.,-10.));
#13506=CARTESIAN_POINT('Origin',(5.690598923241,3.,-8.));
#13507=CARTESIAN_POINT('',(6.845299461621,2.,-6.));
#13508=CARTESIAN_POINT('',(6.845299461621,2.,-6.));
#13509=CARTESIAN_POINT('',(5.690598923241,2.,-8.));
#13510=CARTESIAN_POINT('Origin',(6.845299461621,3.,-6.));
#13511=CARTESIAN_POINT('',(9.154700538379,2.,-6.));
#13512=CARTESIAN_POINT('',(9.154700538379,2.,-6.));
#13513=CARTESIAN_POINT('',(6.845299461621,2.,-6.));
#13514=CARTESIAN_POINT('Origin',(9.154700538379,3.,-6.));
#13515=CARTESIAN_POINT('',(9.154700538379,2.,-6.));
#13516=CARTESIAN_POINT('Origin',(0.,2.,0.));
#13517=CARTESIAN_POINT('',(8.,2.,-6.95));
#13518=CARTESIAN_POINT('Origin',(8.,2.,-8.));
#13519=CARTESIAN_POINT('Origin',(8.,0.,-8.));
#13520=CARTESIAN_POINT('',(8.,0.,-6.95));
#13521=CARTESIAN_POINT('Origin',(10.30940107676,3.,8.));
#13522=CARTESIAN_POINT('',(9.154700538379,2.,6.));
#13523=CARTESIAN_POINT('',(9.154700538379,4.,6.));
#13524=CARTESIAN_POINT('',(10.30940107676,2.,8.));
#13525=CARTESIAN_POINT('',(10.30940107676,2.,8.));
#13526=CARTESIAN_POINT('',(10.30940107676,2.,8.));
#13527=CARTESIAN_POINT('Origin',(9.154700538379,3.,6.));
#13528=CARTESIAN_POINT('',(6.845299461621,2.,6.));
#13529=CARTESIAN_POINT('',(6.845299461621,2.,6.));
#13530=CARTESIAN_POINT('',(9.154700538379,2.,6.));
#13531=CARTESIAN_POINT('Origin',(6.845299461621,3.,6.));
#13532=CARTESIAN_POINT('',(5.690598923241,2.,8.));
#13533=CARTESIAN_POINT('',(5.690598923241,2.,8.));
#13534=CARTESIAN_POINT('',(6.845299461621,2.,6.));
#13535=CARTESIAN_POINT('Origin',(5.690598923241,3.,8.));
#13536=CARTESIAN_POINT('',(6.845299461621,2.,10.));
#13537=CARTESIAN_POINT('',(6.845299461621,2.,10.));
#13538=CARTESIAN_POINT('',(5.690598923241,2.,8.));
#13539=CARTESIAN_POINT('Origin',(6.845299461621,3.,10.));
#13540=CARTESIAN_POINT('',(9.154700538379,2.,10.));
#13541=CARTESIAN_POINT('',(9.154700538379,2.,10.));
#13542=CARTESIAN_POINT('',(6.845299461621,2.,10.));
#13543=CARTESIAN_POINT('Origin',(9.154700538379,3.,10.));
#13544=CARTESIAN_POINT('',(9.154700538379,2.,10.));
#13545=CARTESIAN_POINT('Origin',(0.,2.,0.));
#13546=CARTESIAN_POINT('',(8.,2.,9.05));
#13547=CARTESIAN_POINT('Origin',(8.,2.,8.));
#13548=CARTESIAN_POINT('Origin',(8.,0.,8.));
#13549=CARTESIAN_POINT('',(8.,0.,9.05));
#13550=CARTESIAN_POINT('Origin',(-5.690598923241,3.,0.));
#13551=CARTESIAN_POINT('',(-6.845299461621,2.,-2.));
#13552=CARTESIAN_POINT('',(-6.845299461621,4.,-2.));
#13553=CARTESIAN_POINT('',(-5.690598923241,2.,0.));
#13554=CARTESIAN_POINT('',(-5.690598923241,2.,0.));
#13555=CARTESIAN_POINT('',(-5.690598923241,2.,0.));
#13556=CARTESIAN_POINT('Origin',(-6.845299461621,3.,-2.));
#13557=CARTESIAN_POINT('',(-9.154700538379,2.,-2.));
#13558=CARTESIAN_POINT('',(-9.154700538379,2.,-2.));
#13559=CARTESIAN_POINT('',(-6.845299461621,2.,-2.));
#13560=CARTESIAN_POINT('Origin',(-9.154700538379,3.,-2.));
#13561=CARTESIAN_POINT('',(-10.30940107676,2.,0.));
#13562=CARTESIAN_POINT('',(-10.30940107676,2.,0.));
#13563=CARTESIAN_POINT('',(-9.154700538379,2.,-2.));
#13564=CARTESIAN_POINT('Origin',(-10.30940107676,3.,0.));
#13565=CARTESIAN_POINT('',(-9.154700538379,2.,2.));
#13566=CARTESIAN_POINT('',(-9.154700538379,2.,2.));
#13567=CARTESIAN_POINT('',(-10.30940107676,2.,0.));
#13568=CARTESIAN_POINT('Origin',(-9.154700538379,3.,2.));
#13569=CARTESIAN_POINT('',(-6.845299461621,2.,2.));
#13570=CARTESIAN_POINT('',(-6.845299461621,2.,2.));
#13571=CARTESIAN_POINT('',(-9.154700538379,2.,2.));
#13572=CARTESIAN_POINT('Origin',(-6.845299461621,3.,2.));
#13573=CARTESIAN_POINT('',(-6.845299461621,2.,2.));
#13574=CARTESIAN_POINT('Origin',(0.,2.,0.));
#13575=CARTESIAN_POINT('',(-8.,2.,1.05));
#13576=CARTESIAN_POINT('Origin',(-8.,2.,0.));
#13577=CARTESIAN_POINT('Origin',(-8.,0.,0.));
#13578=CARTESIAN_POINT('',(-8.,0.,1.05));
#13579=CARTESIAN_POINT('Origin',(-5.690598923241,3.,-8.));
#13580=CARTESIAN_POINT('',(-6.845299461621,2.,-10.));
#13581=CARTESIAN_POINT('',(-6.845299461621,4.,-10.));
#13582=CARTESIAN_POINT('',(-5.690598923241,2.,-8.));
#13583=CARTESIAN_POINT('',(-5.690598923241,2.,-8.));
#13584=CARTESIAN_POINT('',(-5.690598923241,2.,-8.));
#13585=CARTESIAN_POINT('Origin',(-6.845299461621,3.,-10.));
#13586=CARTESIAN_POINT('',(-9.154700538379,2.,-10.));
#13587=CARTESIAN_POINT('',(-9.154700538379,2.,-10.));
#13588=CARTESIAN_POINT('',(-6.845299461621,2.,-10.));
#13589=CARTESIAN_POINT('Origin',(-9.154700538379,3.,-10.));
#13590=CARTESIAN_POINT('',(-10.30940107676,2.,-8.));
#13591=CARTESIAN_POINT('',(-10.30940107676,2.,-8.));
#13592=CARTESIAN_POINT('',(-9.154700538379,2.,-10.));
#13593=CARTESIAN_POINT('Origin',(-10.30940107676,3.,-8.));
#13594=CARTESIAN_POINT('',(-9.154700538379,2.,-6.));
#13595=CARTESIAN_POINT('',(-9.154700538379,2.,-6.));
#13596=CARTESIAN_POINT('',(-10.30940107676,2.,-8.));
#13597=CARTESIAN_POINT('Origin',(-9.154700538379,3.,-6.));
#13598=CARTESIAN_POINT('',(-6.845299461621,2.,-6.));
#13599=CARTESIAN_POINT('',(-6.845299461621,2.,-6.));
#13600=CARTESIAN_POINT('',(-9.154700538379,2.,-6.));
#13601=CARTESIAN_POINT('Origin',(-6.845299461621,3.,-6.));
#13602=CARTESIAN_POINT('',(-6.845299461621,2.,-6.));
#13603=CARTESIAN_POINT('Origin',(0.,2.,0.));
#13604=CARTESIAN_POINT('',(-8.,2.,-6.95));
#13605=CARTESIAN_POINT('Origin',(-8.,2.,-8.));
#13606=CARTESIAN_POINT('Origin',(-8.,0.,-8.));
#13607=CARTESIAN_POINT('',(-8.,0.,-6.95));
#13608=CARTESIAN_POINT('Origin',(-5.690598923241,3.,8.));
#13609=CARTESIAN_POINT('',(-6.845299461621,2.,6.));
#13610=CARTESIAN_POINT('',(-6.845299461621,4.,6.));
#13611=CARTESIAN_POINT('',(-5.690598923241,2.,8.));
#13612=CARTESIAN_POINT('',(-5.690598923241,2.,8.));
#13613=CARTESIAN_POINT('',(-5.690598923241,2.,8.));
#13614=CARTESIAN_POINT('Origin',(-6.845299461621,3.,6.));
#13615=CARTESIAN_POINT('',(-9.154700538379,2.,6.));
#13616=CARTESIAN_POINT('',(-9.154700538379,2.,6.));
#13617=CARTESIAN_POINT('',(-6.845299461621,2.,6.));
#13618=CARTESIAN_POINT('Origin',(-9.154700538379,3.,6.));
#13619=CARTESIAN_POINT('',(-10.30940107676,2.,8.));
#13620=CARTESIAN_POINT('',(-10.30940107676,2.,8.));
#13621=CARTESIAN_POINT('',(-9.154700538379,2.,6.));
#13622=CARTESIAN_POINT('Origin',(-10.30940107676,3.,8.));
#13623=CARTESIAN_POINT('',(-9.154700538379,2.,10.));
#13624=CARTESIAN_POINT('',(-9.154700538379,2.,10.));
#13625=CARTESIAN_POINT('',(-10.30940107676,2.,8.));
#13626=CARTESIAN_POINT('Origin',(-9.154700538379,3.,10.));
#13627=CARTESIAN_POINT('',(-6.845299461621,2.,10.));
#13628=CARTESIAN_POINT('',(-6.845299461621,2.,10.));
#13629=CARTESIAN_POINT('',(-9.154700538379,2.,10.));
#13630=CARTESIAN_POINT('Origin',(-6.845299461621,3.,10.));
#13631=CARTESIAN_POINT('',(-6.845299461621,2.,10.));
#13632=CARTESIAN_POINT('Origin',(0.,2.,0.));
#13633=CARTESIAN_POINT('',(-8.,2.,9.05));
#13634=CARTESIAN_POINT('Origin',(-8.,2.,8.));
#13635=CARTESIAN_POINT('Origin',(-8.,0.,8.));
#13636=CARTESIAN_POINT('',(-8.,0.,9.05));
#13637=CARTESIAN_POINT('Origin',(-4.5,0.,-16.));
#13638=CARTESIAN_POINT('',(-4.5,3.,15.));
#13639=CARTESIAN_POINT('',(-4.5,3.,8.337822173509));
#13640=CARTESIAN_POINT('',(-4.5,3.,15.));
#13641=CARTESIAN_POINT('',(-4.5,4.,16.));
#13642=CARTESIAN_POINT('',(-4.5,3.,15.));
#13643=CARTESIAN_POINT('',(-4.5,6.1,16.));
#13644=CARTESIAN_POINT('',(-4.5,4.,16.));
#13645=CARTESIAN_POINT('',(-4.5,4.3,14.2));
#13646=CARTESIAN_POINT('',(-4.5,6.1,16.));
#13647=CARTESIAN_POINT('',(-4.5,4.3,-14.2));
#13648=CARTESIAN_POINT('',(-4.5,4.3,14.2));
#13649=CARTESIAN_POINT('',(-4.5,6.1,-16.));
#13650=CARTESIAN_POINT('',(-4.5,4.3,-14.2));
#13651=CARTESIAN_POINT('',(-4.5,4.,-16.));
#13652=CARTESIAN_POINT('',(-4.5,4.,-16.));
#13653=CARTESIAN_POINT('',(-4.5,3.,-15.));
#13654=CARTESIAN_POINT('',(-4.5,4.,-16.));
#13655=CARTESIAN_POINT('',(-4.5,3.,-8.337822173509));
#13656=CARTESIAN_POINT('',(-4.5,3.,-8.337822173509));
#13657=CARTESIAN_POINT('',(-4.5,3.,-8.337822173509));
#13658=CARTESIAN_POINT('',(-4.5,3.,-7.662177826491));
#13659=CARTESIAN_POINT('',(-4.5,3.,-7.662177826491));
#13660=CARTESIAN_POINT('',(-4.5,3.,-0.3378221735089));
#13661=CARTESIAN_POINT('',(-4.5,3.,-0.3378221735089));
#13662=CARTESIAN_POINT('',(-4.5,3.,-0.3378221735089));
#13663=CARTESIAN_POINT('',(-4.5,3.,0.3378221735089));
#13664=CARTESIAN_POINT('',(-4.5,3.,0.3378221735089));
#13665=CARTESIAN_POINT('',(-4.5,3.,7.662177826491));
#13666=CARTESIAN_POINT('',(-4.5,3.,7.662177826491));
#13667=CARTESIAN_POINT('',(-4.5,3.,7.662177826491));
#13668=CARTESIAN_POINT('',(-4.5,3.,8.337822173509));
#13669=CARTESIAN_POINT('Origin',(0.,3.,0.));
#13670=CARTESIAN_POINT('',(-6.152479138593,3.,11.2));
#13671=CARTESIAN_POINT('',(-6.152479138593,3.,11.2));
#13672=CARTESIAN_POINT('',(-9.847520861407,3.,11.2));
#13673=CARTESIAN_POINT('',(-9.847520861407,3.,11.2));
#13674=CARTESIAN_POINT('',(-11.5,3.,8.337822173509));
#13675=CARTESIAN_POINT('',(-11.5,3.,8.337822173509));
#13676=CARTESIAN_POINT('',(-11.5,3.,15.));
#13677=CARTESIAN_POINT('',(-11.5,3.,15.));
#13678=CARTESIAN_POINT('',(-11.5,3.,15.));
#13679=CARTESIAN_POINT('Origin',(0.,3.,0.));
#13680=CARTESIAN_POINT('',(-6.152479138593,3.,3.2));
#13681=CARTESIAN_POINT('',(-6.152479138593,3.,3.2));
#13682=CARTESIAN_POINT('',(-9.847520861407,3.,3.2));
#13683=CARTESIAN_POINT('',(-9.847520861407,3.,3.2));
#13684=CARTESIAN_POINT('',(-11.5,3.,0.3378221735089));
#13685=CARTESIAN_POINT('',(-11.5,3.,0.3378221735089));
#13686=CARTESIAN_POINT('',(-11.5,3.,7.662177826491));
#13687=CARTESIAN_POINT('',(-11.5,3.,7.662177826491));
#13688=CARTESIAN_POINT('',(-9.847520861407,3.,4.8));
#13689=CARTESIAN_POINT('',(-9.847520861407,3.,4.8));
#13690=CARTESIAN_POINT('',(-6.152479138593,3.,4.8));
#13691=CARTESIAN_POINT('',(-6.152479138593,3.,4.8));
#13692=CARTESIAN_POINT('',(-4.5,3.,7.662177826491));
#13693=CARTESIAN_POINT('Origin',(0.,3.,0.));
#13694=CARTESIAN_POINT('',(-6.152479138593,3.,-4.8));
#13695=CARTESIAN_POINT('',(-6.152479138593,3.,-4.8));
#13696=CARTESIAN_POINT('',(-9.847520861407,3.,-4.8));
#13697=CARTESIAN_POINT('',(-9.847520861407,3.,-4.8));
#13698=CARTESIAN_POINT('',(-11.5,3.,-7.662177826491));
#13699=CARTESIAN_POINT('',(-11.5,3.,-7.662177826491));
#13700=CARTESIAN_POINT('',(-11.5,3.,-0.3378221735089));
#13701=CARTESIAN_POINT('',(-11.5,3.,-0.3378221735089));
#13702=CARTESIAN_POINT('',(-9.847520861407,3.,-3.2));
#13703=CARTESIAN_POINT('',(-9.847520861407,3.,-3.2));
#13704=CARTESIAN_POINT('',(-6.152479138593,3.,-3.2));
#13705=CARTESIAN_POINT('',(-6.152479138593,3.,-3.2));
#13706=CARTESIAN_POINT('',(-4.5,3.,-0.3378221735089));
#13707=CARTESIAN_POINT('Origin',(0.,3.,0.));
#13708=CARTESIAN_POINT('',(-11.5,3.,-15.));
#13709=CARTESIAN_POINT('',(-11.5,3.,-15.));
#13710=CARTESIAN_POINT('',(-11.5,3.,-8.337822173509));
#13711=CARTESIAN_POINT('',(-11.5,3.,-8.337822173509));
#13712=CARTESIAN_POINT('',(-9.847520861407,3.,-11.2));
#13713=CARTESIAN_POINT('',(-9.847520861407,3.,-11.2));
#13714=CARTESIAN_POINT('',(-6.152479138593,3.,-11.2));
#13715=CARTESIAN_POINT('',(-6.152479138593,3.,-11.2));
#13716=CARTESIAN_POINT('',(-4.5,3.,-8.337822173509));
#13717=CARTESIAN_POINT('Origin',(0.,3.,0.));
#13718=CARTESIAN_POINT('',(3.5,3.,15.));
#13719=CARTESIAN_POINT('',(3.5,3.,8.337822173509));
#13720=CARTESIAN_POINT('',(3.5,3.,15.));
#13721=CARTESIAN_POINT('',(1.847520861407,3.,11.2));
#13722=CARTESIAN_POINT('',(1.847520861407,3.,11.2));
#13723=CARTESIAN_POINT('',(-1.847520861407,3.,11.2));
#13724=CARTESIAN_POINT('',(-1.847520861407,3.,11.2));
#13725=CARTESIAN_POINT('',(-3.5,3.,8.337822173509));
#13726=CARTESIAN_POINT('',(-3.5,3.,8.337822173509));
#13727=CARTESIAN_POINT('',(-3.5,3.,15.));
#13728=CARTESIAN_POINT('',(-3.5,3.,15.));
#13729=CARTESIAN_POINT('',(-3.5,3.,15.));
#13730=CARTESIAN_POINT('Origin',(0.,3.,0.));
#13731=CARTESIAN_POINT('',(3.5,3.,-8.337822173509));
#13732=CARTESIAN_POINT('',(3.5,3.,-15.));
#13733=CARTESIAN_POINT('',(3.5,3.,-8.337822173509));
#13734=CARTESIAN_POINT('',(-3.5,3.,-15.));
#13735=CARTESIAN_POINT('',(-3.5,3.,-15.));
#13736=CARTESIAN_POINT('',(-3.5,3.,-8.337822173509));
#13737=CARTESIAN_POINT('',(-3.5,3.,-8.337822173509));
#13738=CARTESIAN_POINT('',(-1.847520861407,3.,-11.2));
#13739=CARTESIAN_POINT('',(-1.847520861407,3.,-11.2));
#13740=CARTESIAN_POINT('',(1.847520861407,3.,-11.2));
#13741=CARTESIAN_POINT('',(1.847520861407,3.,-11.2));
#13742=CARTESIAN_POINT('',(3.5,3.,-8.337822173509));
#13743=CARTESIAN_POINT('Origin',(0.,3.,0.));
#13744=CARTESIAN_POINT('',(4.5,3.,15.));
#13745=CARTESIAN_POINT('',(4.5,3.,8.337822173509));
#13746=CARTESIAN_POINT('',(4.5,3.,15.));
#13747=CARTESIAN_POINT('',(11.5,3.,15.));
#13748=CARTESIAN_POINT('',(4.5,3.,15.));
#13749=CARTESIAN_POINT('',(11.5,3.,8.337822173509));
#13750=CARTESIAN_POINT('',(11.5,3.,15.));
#13751=CARTESIAN_POINT('',(9.847520861407,3.,11.2));
#13752=CARTESIAN_POINT('',(9.847520861407,3.,11.2));
#13753=CARTESIAN_POINT('',(6.152479138593,3.,11.2));
#13754=CARTESIAN_POINT('',(6.152479138593,3.,11.2));
#13755=CARTESIAN_POINT('',(4.5,3.,8.337822173509));
#13756=CARTESIAN_POINT('Origin',(0.,3.,0.));
#13757=CARTESIAN_POINT('',(4.5,3.,7.662177826491));
#13758=CARTESIAN_POINT('',(4.5,3.,0.3378221735089));
#13759=CARTESIAN_POINT('',(4.5,3.,7.662177826491));
#13760=CARTESIAN_POINT('',(6.152479138593,3.,4.8));
#13761=CARTESIAN_POINT('',(6.152479138593,3.,4.8));
#13762=CARTESIAN_POINT('',(9.847520861407,3.,4.8));
#13763=CARTESIAN_POINT('',(9.847520861407,3.,4.8));
#13764=CARTESIAN_POINT('',(11.5,3.,7.662177826491));
#13765=CARTESIAN_POINT('',(11.5,3.,7.662177826491));
#13766=CARTESIAN_POINT('',(11.5,3.,0.3378221735089));
#13767=CARTESIAN_POINT('',(11.5,3.,7.662177826491));
#13768=CARTESIAN_POINT('',(9.847520861407,3.,3.2));
#13769=CARTESIAN_POINT('',(9.847520861407,3.,3.2));
#13770=CARTESIAN_POINT('',(6.152479138593,3.,3.2));
#13771=CARTESIAN_POINT('',(6.152479138593,3.,3.2));
#13772=CARTESIAN_POINT('',(4.5,3.,0.3378221735089));
#13773=CARTESIAN_POINT('Origin',(0.,3.,0.));
#13774=CARTESIAN_POINT('',(4.5,3.,-0.3378221735089));
#13775=CARTESIAN_POINT('',(4.5,3.,-7.662177826491));
#13776=CARTESIAN_POINT('',(4.5,3.,-0.3378221735089));
#13777=CARTESIAN_POINT('',(6.152479138593,3.,-3.2));
#13778=CARTESIAN_POINT('',(6.152479138593,3.,-3.2));
#13779=CARTESIAN_POINT('',(9.847520861407,3.,-3.2));
#13780=CARTESIAN_POINT('',(9.847520861407,3.,-3.2));
#13781=CARTESIAN_POINT('',(11.5,3.,-0.3378221735089));
#13782=CARTESIAN_POINT('',(11.5,3.,-0.3378221735089));
#13783=CARTESIAN_POINT('',(11.5,3.,-7.662177826491));
#13784=CARTESIAN_POINT('',(11.5,3.,-0.3378221735089));
#13785=CARTESIAN_POINT('',(9.847520861407,3.,-4.8));
#13786=CARTESIAN_POINT('',(9.847520861407,3.,-4.8));
#13787=CARTESIAN_POINT('',(6.152479138593,3.,-4.8));
#13788=CARTESIAN_POINT('',(6.152479138593,3.,-4.8));
#13789=CARTESIAN_POINT('',(4.5,3.,-7.662177826491));
#13790=CARTESIAN_POINT('Origin',(0.,3.,0.));
#13791=CARTESIAN_POINT('',(4.5,3.,-8.337822173509));
#13792=CARTESIAN_POINT('',(4.5,3.,-15.));
#13793=CARTESIAN_POINT('',(4.5,3.,-8.337822173509));
#13794=CARTESIAN_POINT('',(6.152479138593,3.,-11.2));
#13795=CARTESIAN_POINT('',(6.152479138593,3.,-11.2));
#13796=CARTESIAN_POINT('',(9.847520861407,3.,-11.2));
#13797=CARTESIAN_POINT('',(9.847520861407,3.,-11.2));
#13798=CARTESIAN_POINT('',(11.5,3.,-8.337822173509));
#13799=CARTESIAN_POINT('',(11.5,3.,-8.337822173509));
#13800=CARTESIAN_POINT('',(11.5,3.,-15.));
#13801=CARTESIAN_POINT('',(11.5,3.,-8.337822173509));
#13802=CARTESIAN_POINT('',(4.5,3.,-15.));
#13803=CARTESIAN_POINT('Origin',(0.,3.,0.));
#13804=CARTESIAN_POINT('',(-3.5,3.,6.));
#13805=CARTESIAN_POINT('',(-2.540341184434,3.,6.));
#13806=CARTESIAN_POINT('',(-3.5,3.,6.));
#13807=CARTESIAN_POINT('',(-3.5,3.,7.662177826491));
#13808=CARTESIAN_POINT('',(-3.5,3.,7.662177826491));
#13809=CARTESIAN_POINT('',(-2.540341184434,3.,6.));
#13810=CARTESIAN_POINT('Origin',(0.,3.,0.));
#13811=CARTESIAN_POINT('',(2.540341184434,3.,6.));
#13812=CARTESIAN_POINT('',(3.5,3.,6.));
#13813=CARTESIAN_POINT('',(2.540341184434,3.,6.));
#13814=CARTESIAN_POINT('',(3.5,3.,7.662177826491));
#13815=CARTESIAN_POINT('',(3.5,3.,7.662177826491));
#13816=CARTESIAN_POINT('',(3.5,3.,7.662177826491));
#13817=CARTESIAN_POINT('Origin',(0.,3.,0.));
#13818=CARTESIAN_POINT('',(3.5,3.,-6.));
#13819=CARTESIAN_POINT('',(2.540341184434,3.,-6.));
#13820=CARTESIAN_POINT('',(3.5,3.,-6.));
#13821=CARTESIAN_POINT('',(3.5,3.,-7.662177826491));
#13822=CARTESIAN_POINT('',(3.5,3.,-6.));
#13823=CARTESIAN_POINT('',(2.540341184434,3.,-6.));
#13824=CARTESIAN_POINT('Origin',(0.,3.,0.));
#13825=CARTESIAN_POINT('',(-2.540341184434,3.,-6.));
#13826=CARTESIAN_POINT('',(-3.5,3.,-6.));
#13827=CARTESIAN_POINT('',(-2.540341184434,3.,-6.));
#13828=CARTESIAN_POINT('',(-3.5,3.,-7.662177826491));
#13829=CARTESIAN_POINT('',(-3.5,3.,-7.662177826491));
#13830=CARTESIAN_POINT('',(-3.5,3.,-6.));
#13831=CARTESIAN_POINT('Origin',(-12.5,3.,15.));
#13832=CARTESIAN_POINT('',(-11.5,4.,16.));
#13833=CARTESIAN_POINT('',(-11.5,3.,15.));
#13834=CARTESIAN_POINT('',(-4.5,4.,16.));
#13835=CARTESIAN_POINT('Origin',(-12.5,3.,15.));
#13836=CARTESIAN_POINT('',(4.5,4.,16.));
#13837=CARTESIAN_POINT('',(4.5,3.,15.));
#13838=CARTESIAN_POINT('',(11.5,4.,16.));
#13839=CARTESIAN_POINT('',(11.5,4.,16.));
#13840=CARTESIAN_POINT('',(11.5,3.,15.));
#13841=CARTESIAN_POINT('Origin',(-12.5,3.,15.));
#13842=CARTESIAN_POINT('',(-3.5,3.5,15.5));
#13843=CARTESIAN_POINT('',(3.5,3.5,15.5));
#13844=CARTESIAN_POINT('',(-3.5,3.5,15.5));
#13845=CARTESIAN_POINT('',(3.5,3.,15.));
#13846=CARTESIAN_POINT('',(-3.5,3.,15.));
#13847=CARTESIAN_POINT('Origin',(12.5,3.,16.));
#13848=CARTESIAN_POINT('',(-12.4,6.1,16.));
#13849=CARTESIAN_POINT('',(-9.5,9.,16.));
#13850=CARTESIAN_POINT('',(-12.4,6.1,16.));
#13851=CARTESIAN_POINT('',(-6.5,9.,16.));
#13852=CARTESIAN_POINT('',(-6.5,9.,16.));
#13853=CARTESIAN_POINT('',(-3.6,6.1,16.));
#13854=CARTESIAN_POINT('',(-6.5,9.,16.));
#13855=CARTESIAN_POINT('',(-3.6,6.1,16.));
#13856=CARTESIAN_POINT('',(-11.5,6.1,16.));
#13857=CARTESIAN_POINT('',(-11.5,4.,16.));
#13858=CARTESIAN_POINT('',(-12.4,6.1,16.));
#13859=CARTESIAN_POINT('',(-8.,6.55,16.));
#13860=CARTESIAN_POINT('Origin',(-8.,5.5,16.));
#13861=CARTESIAN_POINT('Origin',(12.5,3.,16.));
#13862=CARTESIAN_POINT('',(3.6,6.1,16.));
#13863=CARTESIAN_POINT('',(6.5,9.,16.));
#13864=CARTESIAN_POINT('',(3.6,6.1,16.));
#13865=CARTESIAN_POINT('',(9.5,9.,16.));
#13866=CARTESIAN_POINT('',(9.5,9.,16.));
#13867=CARTESIAN_POINT('',(12.4,6.1,16.));
#13868=CARTESIAN_POINT('',(9.5,9.,16.));
#13869=CARTESIAN_POINT('',(11.5,6.1,16.));
#13870=CARTESIAN_POINT('',(12.4,6.1,16.));
#13871=CARTESIAN_POINT('',(11.5,4.,16.));
#13872=CARTESIAN_POINT('',(4.5,6.1,16.));
#13873=CARTESIAN_POINT('',(4.5,4.,16.));
#13874=CARTESIAN_POINT('',(3.6,6.1,16.));
#13875=CARTESIAN_POINT('',(8.,6.55,16.));
#13876=CARTESIAN_POINT('Origin',(8.,5.5,16.));
#13877=CARTESIAN_POINT('Origin',(8.,5.5,19.));
#13878=CARTESIAN_POINT('',(8.,6.55,17.6));
#13879=CARTESIAN_POINT('',(8.,6.55,19.));
#13880=CARTESIAN_POINT('Origin',(8.,5.5,17.6));
#13881=CARTESIAN_POINT('Origin',(8.,5.5,19.));
#13882=CARTESIAN_POINT('',(8.,6.55,-17.6));
#13883=CARTESIAN_POINT('Origin',(8.,5.5,-17.6));
#13884=CARTESIAN_POINT('',(8.,6.55,-16.));
#13885=CARTESIAN_POINT('',(8.,6.55,19.));
#13886=CARTESIAN_POINT('Origin',(8.,5.5,-16.));
#13887=CARTESIAN_POINT('Origin',(0.,0.,17.6));
#13888=CARTESIAN_POINT('',(6.1,5.5,17.6));
#13889=CARTESIAN_POINT('Origin',(8.,5.5,17.6));
#13890=CARTESIAN_POINT('Origin',(0.,0.,17.6));
#13891=CARTESIAN_POINT('',(-9.9,5.5,17.6));
#13892=CARTESIAN_POINT('Origin',(-8.,5.5,17.6));
#13893=CARTESIAN_POINT('',(-8.,6.55,17.6));
#13894=CARTESIAN_POINT('Origin',(-8.,5.5,17.6));
#13895=CARTESIAN_POINT('Origin',(8.,5.5,19.));
#13896=CARTESIAN_POINT('',(6.1,5.5,19.));
#13897=CARTESIAN_POINT('',(6.1,5.5,19.));
#13898=CARTESIAN_POINT('Origin',(8.,5.5,19.));
#13899=CARTESIAN_POINT('Origin',(-12.5,0.,19.));
#13900=CARTESIAN_POINT('',(-9.5,9.,19.));
#13901=CARTESIAN_POINT('',(-12.5,6.,19.));
#13902=CARTESIAN_POINT('',(-9.5,9.,19.));
#13903=CARTESIAN_POINT('',(-12.5,2.,19.));
#13904=CARTESIAN_POINT('',(-12.5,2.,19.));
#13905=CARTESIAN_POINT('',(-3.5,2.,19.));
#13906=CARTESIAN_POINT('',(-12.5,2.,19.));
#13907=CARTESIAN_POINT('',(-0.9,2.,19.));
#13908=CARTESIAN_POINT('',(-0.9,2.,19.));
#13909=CARTESIAN_POINT('',(2.1,3.,19.));
#13910=CARTESIAN_POINT('',(2.1,3.,19.));
#13911=CARTESIAN_POINT('',(2.1,6.,19.));
#13912=CARTESIAN_POINT('',(2.1,6.,19.));
#13913=CARTESIAN_POINT('',(-0.9,7.,19.));
#13914=CARTESIAN_POINT('',(-0.9,7.,19.));
#13915=CARTESIAN_POINT('',(-4.5,7.,19.));
#13916=CARTESIAN_POINT('',(-0.9,7.,19.));
#13917=CARTESIAN_POINT('',(-6.5,9.,19.));
#13918=CARTESIAN_POINT('',(-4.5,7.,19.));
#13919=CARTESIAN_POINT('',(-9.5,9.,19.));
#13920=CARTESIAN_POINT('',(-9.9,5.5,19.));
#13921=CARTESIAN_POINT('Origin',(-8.,5.5,19.));
#13922=CARTESIAN_POINT('Origin',(-12.5,0.,19.));
#13923=CARTESIAN_POINT('',(6.5,9.,19.));
#13924=CARTESIAN_POINT('',(3.5,6.,19.));
#13925=CARTESIAN_POINT('',(6.5,9.,19.));
#13926=CARTESIAN_POINT('',(3.5,2.,19.));
#13927=CARTESIAN_POINT('',(3.5,2.,19.));
#13928=CARTESIAN_POINT('',(12.5,2.,19.));
#13929=CARTESIAN_POINT('',(3.5,2.,19.));
#13930=CARTESIAN_POINT('',(12.5,6.,19.));
#13931=CARTESIAN_POINT('',(12.5,6.,19.));
#13932=CARTESIAN_POINT('',(9.5,9.,19.));
#13933=CARTESIAN_POINT('',(12.5,6.,19.));
#13934=CARTESIAN_POINT('',(6.5,9.,19.));
#13935=CARTESIAN_POINT('Origin',(-8.,5.5,19.));
#13936=CARTESIAN_POINT('',(-9.9,5.5,19.));
#13937=CARTESIAN_POINT('Origin',(-11.,7.5,17.5));
#13938=CARTESIAN_POINT('',(-9.5,9.,16.));
#13939=CARTESIAN_POINT('',(-12.5,6.,15.9));
#13940=CARTESIAN_POINT('',(-12.5,6.,15.9));
#13941=CARTESIAN_POINT('',(-12.5,6.,15.9));
#13942=CARTESIAN_POINT('Origin',(-12.5,0.,-19.));
#13943=CARTESIAN_POINT('',(-12.5,4.3,14.2));
#13944=CARTESIAN_POINT('',(-12.5,4.3,14.2));
#13945=CARTESIAN_POINT('',(-12.5,4.3,-14.2));
#13946=CARTESIAN_POINT('',(-12.5,4.3,-14.2));
#13947=CARTESIAN_POINT('',(-12.5,6.,-15.9));
#13948=CARTESIAN_POINT('',(-12.5,6.,-15.9));
#13949=CARTESIAN_POINT('',(-12.5,6.,-19.));
#13950=CARTESIAN_POINT('',(-12.5,6.,-19.));
#13951=CARTESIAN_POINT('',(-12.5,2.,-19.));
#13952=CARTESIAN_POINT('',(-12.5,6.,-19.));
#13953=CARTESIAN_POINT('',(-12.5,0.,-17.));
#13954=CARTESIAN_POINT('',(-12.5,0.,17.));
#13955=CARTESIAN_POINT('Origin',(-12.5,0.,17.));
#13956=CARTESIAN_POINT('',(3.5,0.,17.));
#13957=CARTESIAN_POINT('',(12.5,0.,17.));
#13958=CARTESIAN_POINT('Origin',(-12.5,0.,17.));
#13959=CARTESIAN_POINT('',(-3.5,0.,17.));
#13960=CARTESIAN_POINT('Origin',(3.5,0.,19.));
#13961=CARTESIAN_POINT('',(3.5,6.,15.9));
#13962=CARTESIAN_POINT('',(3.5,6.,15.9));
#13963=CARTESIAN_POINT('',(3.5,4.3,14.2));
#13964=CARTESIAN_POINT('',(3.5,6.,15.9));
#13965=CARTESIAN_POINT('',(3.5,4.3,6.));
#13966=CARTESIAN_POINT('',(3.5,4.3,14.2));
#13967=CARTESIAN_POINT('',(3.5,3.,6.));
#13968=CARTESIAN_POINT('',(3.5,3.,7.662177826491));
#13969=CARTESIAN_POINT('',(3.5,3.,8.337822173509));
#13970=CARTESIAN_POINT('',(3.5,3.5,16.));
#13971=CARTESIAN_POINT('',(3.5,3.5,16.));
#13972=CARTESIAN_POINT('',(3.5,0.,16.));
#13973=CARTESIAN_POINT('Origin',(3.5,0.,19.));
#13974=CARTESIAN_POINT('',(3.5,6.,-19.));
#13975=CARTESIAN_POINT('',(3.5,6.,-15.9));
#13976=CARTESIAN_POINT('',(3.5,6.,-19.));
#13977=CARTESIAN_POINT('',(3.5,2.,-19.));
#13978=CARTESIAN_POINT('',(3.5,2.,-19.));
#13979=CARTESIAN_POINT('',(3.5,0.,-17.));
#13980=CARTESIAN_POINT('',(3.5,3.5,-16.));
#13981=CARTESIAN_POINT('',(3.5,3.5,-16.));
#13982=CARTESIAN_POINT('',(3.5,3.5,-15.5));
#13983=CARTESIAN_POINT('',(3.5,3.5,-15.5));
#13984=CARTESIAN_POINT('',(3.5,3.5,-15.5));
#13985=CARTESIAN_POINT('',(3.5,3.,-8.337822173509));
#13986=CARTESIAN_POINT('',(3.5,3.,-7.662177826491));
#13987=CARTESIAN_POINT('',(3.5,4.3,-6.));
#13988=CARTESIAN_POINT('',(3.5,3.,-6.));
#13989=CARTESIAN_POINT('',(3.5,4.3,-14.2));
#13990=CARTESIAN_POINT('',(3.5,4.3,-6.));
#13991=CARTESIAN_POINT('',(3.5,4.3,-14.2));
#13992=CARTESIAN_POINT('Origin',(5.,7.5,17.5));
#13993=CARTESIAN_POINT('',(6.5,9.,16.));
#13994=CARTESIAN_POINT('',(3.5,6.,15.9));
#13995=CARTESIAN_POINT('Origin',(3.5,6.1,16.));
#13996=CARTESIAN_POINT('',(4.5,4.3,14.2));
#13997=CARTESIAN_POINT('',(4.5,6.1,16.));
#13998=CARTESIAN_POINT('',(3.5,4.3,14.2));
#13999=CARTESIAN_POINT('Origin',(-3.5,4.3,14.2));
#14000=CARTESIAN_POINT('',(-3.5,4.3,-6.));
#14001=CARTESIAN_POINT('',(3.5,4.3,-6.));
#14002=CARTESIAN_POINT('',(-3.5,4.3,-14.2));
#14003=CARTESIAN_POINT('',(-3.5,4.3,-6.));
#14004=CARTESIAN_POINT('',(-3.5,4.3,-14.2));
#14005=CARTESIAN_POINT('',(-3.5,4.3,14.2));
#14006=CARTESIAN_POINT('',(-3.5,4.3,14.2));
#14007=CARTESIAN_POINT('',(-3.5,4.3,6.));
#14008=CARTESIAN_POINT('',(-3.5,4.3,14.2));
#14009=CARTESIAN_POINT('',(-3.5,4.3,6.));
#14010=CARTESIAN_POINT('',(4.5,4.3,-14.2));
#14011=CARTESIAN_POINT('',(4.5,4.3,14.2));
#14012=CARTESIAN_POINT('',(3.5,4.3,-14.2));
#14013=CARTESIAN_POINT('',(-3.,4.3,4.95));
#14014=CARTESIAN_POINT('',(3.,4.3,4.95));
#14015=CARTESIAN_POINT('',(-3.,4.3,4.95));
#14016=CARTESIAN_POINT('',(-3.,4.3,-4.95));
#14017=CARTESIAN_POINT('',(-3.,4.3,-4.95));
#14018=CARTESIAN_POINT('',(3.,4.3,-4.95));
#14019=CARTESIAN_POINT('',(3.,4.3,-4.95));
#14020=CARTESIAN_POINT('',(3.,4.3,4.95));
#14021=CARTESIAN_POINT('Origin',(-1.154700538379,3.,-6.));
#14022=CARTESIAN_POINT('',(1.154700538379,2.,-6.));
#14023=CARTESIAN_POINT('',(1.154700538379,2.,-6.));
#14024=CARTESIAN_POINT('',(-1.154700538379,2.,-6.));
#14025=CARTESIAN_POINT('',(-1.154700538379,2.,-6.));
#14026=CARTESIAN_POINT('',(-1.154700538379,2.,-6.));
#14027=CARTESIAN_POINT('',(-2.540341184434,3.,-6.));
#14028=CARTESIAN_POINT('',(-3.5,3.,-6.));
#14029=CARTESIAN_POINT('',(2.540341184434,3.,-6.));
#14030=CARTESIAN_POINT('Origin',(1.154700538379,3.,-6.));
#14031=CARTESIAN_POINT('',(2.309401076759,2.,-8.));
#14032=CARTESIAN_POINT('',(2.309401076759,2.,-8.));
#14033=CARTESIAN_POINT('',(1.154700538379,2.,-6.));
#14034=CARTESIAN_POINT('Origin',(0.,2.,0.));
#14035=CARTESIAN_POINT('',(1.154700538379,2.,-10.));
#14036=CARTESIAN_POINT('',(-1.154700538379,2.,-10.));
#14037=CARTESIAN_POINT('',(1.154700538379,2.,-10.));
#14038=CARTESIAN_POINT('',(-2.309401076759,2.,-8.));
#14039=CARTESIAN_POINT('',(-1.154700538379,2.,-10.));
#14040=CARTESIAN_POINT('',(-2.309401076759,2.,-8.));
#14041=CARTESIAN_POINT('',(2.309401076759,2.,-8.));
#14042=CARTESIAN_POINT('',(0.,2.,-6.95));
#14043=CARTESIAN_POINT('Origin',(0.,2.,-8.));
#14044=CARTESIAN_POINT('Origin',(1.154700538379,3.,-10.));
#14045=CARTESIAN_POINT('',(-1.154700538379,2.,-10.));
#14046=CARTESIAN_POINT('',(1.154700538379,4.,-10.));
#14047=CARTESIAN_POINT('Origin',(-1.154700538379,3.,-10.));
#14048=CARTESIAN_POINT('',(-2.309401076759,2.,-8.));
#14049=CARTESIAN_POINT('Origin',(-2.309401076759,3.,-8.));
#14050=CARTESIAN_POINT('Origin',(2.309401076759,3.,-8.));
#14051=CARTESIAN_POINT('Origin',(0.,0.,-8.));
#14052=CARTESIAN_POINT('',(-1.28587913910472E-16,0.,-6.95));
#14053=CARTESIAN_POINT('Origin',(1.847520861407,3.,-4.8));
#14054=CARTESIAN_POINT('Origin',(-3.5,9.,19.));
#14055=CARTESIAN_POINT('',(-3.5,6.,17.8));
#14056=CARTESIAN_POINT('',(-3.5,6.,15.9));
#14057=CARTESIAN_POINT('',(-3.5,6.,17.8));
#14058=CARTESIAN_POINT('',(-3.5,2.,17.8));
#14059=CARTESIAN_POINT('',(-3.5,6.,17.8));
#14060=CARTESIAN_POINT('',(-3.5,2.,19.));
#14061=CARTESIAN_POINT('',(-3.5,3.5,16.));
#14062=CARTESIAN_POINT('',(-3.5,3.5,16.));
#14063=CARTESIAN_POINT('',(-3.5,3.5,16.));
#14064=CARTESIAN_POINT('',(-3.5,3.,8.337822173509));
#14065=CARTESIAN_POINT('',(-3.5,3.,7.662177826491));
#14066=CARTESIAN_POINT('',(-3.5,3.,6.));
#14067=CARTESIAN_POINT('',(-3.5,6.,15.9));
#14068=CARTESIAN_POINT('Origin',(-3.5,9.,19.));
#14069=CARTESIAN_POINT('',(-3.5,6.,-15.9));
#14070=CARTESIAN_POINT('',(-3.5,6.,-17.8));
#14071=CARTESIAN_POINT('',(-3.5,6.,-15.9));
#14072=CARTESIAN_POINT('',(-3.5,4.3,-14.2));
#14073=CARTESIAN_POINT('',(-3.5,3.,-7.662177826491));
#14074=CARTESIAN_POINT('',(-3.5,3.,-8.337822173509));
#14075=CARTESIAN_POINT('',(-3.5,3.5,-15.5));
#14076=CARTESIAN_POINT('',(-3.5,3.5,-15.5));
#14077=CARTESIAN_POINT('',(-3.5,3.5,-16.));
#14078=CARTESIAN_POINT('',(-3.5,3.5,-15.5));
#14079=CARTESIAN_POINT('',(-3.5,0.,-16.));
#14080=CARTESIAN_POINT('',(-3.5,2.,-19.));
#14081=CARTESIAN_POINT('',(-3.5,0.,-17.));
#14082=CARTESIAN_POINT('',(-3.5,2.,-17.8));
#14083=CARTESIAN_POINT('',(-3.5,2.,-19.));
#14084=CARTESIAN_POINT('',(-3.5,6.,-17.8));
#14085=CARTESIAN_POINT('Origin',(-5.,7.5,16.9));
#14086=CARTESIAN_POINT('',(-6.5,9.,19.));
#14087=CARTESIAN_POINT('',(-4.5,7.,17.8));
#14088=CARTESIAN_POINT('',(-4.5,7.,17.8));
#14089=CARTESIAN_POINT('',(-3.5,6.,17.8));
#14090=CARTESIAN_POINT('',(-3.6,6.1,16.));
#14091=CARTESIAN_POINT('Origin',(-3.5,6.1,16.));
#14092=CARTESIAN_POINT('Origin',(0.,0.,17.8));
#14093=CARTESIAN_POINT('',(-0.9,7.,17.8));
#14094=CARTESIAN_POINT('',(-4.5,7.,17.8));
#14095=CARTESIAN_POINT('',(2.1,6.,17.8));
#14096=CARTESIAN_POINT('',(-0.9,7.,17.8));
#14097=CARTESIAN_POINT('',(2.1,5.5,17.8));
#14098=CARTESIAN_POINT('',(2.1,6.,17.8));
#14099=CARTESIAN_POINT('',(0.9000000000001,5.5,17.8));
#14100=CARTESIAN_POINT('',(2.1,5.5,17.8));
#14101=CARTESIAN_POINT('',(0.9000000000001,3.5,17.8));
#14102=CARTESIAN_POINT('',(0.9000000000001,5.5,17.8));
#14103=CARTESIAN_POINT('',(2.1,3.5,17.8));
#14104=CARTESIAN_POINT('',(2.1,3.5,17.8));
#14105=CARTESIAN_POINT('',(2.1,3.,17.8));
#14106=CARTESIAN_POINT('',(2.1,3.5,17.8));
#14107=CARTESIAN_POINT('',(-0.9,2.,17.8));
#14108=CARTESIAN_POINT('',(2.1,3.,17.8));
#14109=CARTESIAN_POINT('',(-0.9,2.,17.8));
#14110=CARTESIAN_POINT('Origin',(-4.9,7.,19.));
#14111=CARTESIAN_POINT('',(-0.9,7.,19.));
#14112=CARTESIAN_POINT('Origin',(-0.9,7.,19.));
#14113=CARTESIAN_POINT('',(2.1,6.,19.));
#14114=CARTESIAN_POINT('Origin',(2.1,7.,19.));
#14115=CARTESIAN_POINT('',(2.1,3.,19.));
#14116=CARTESIAN_POINT('',(2.1,5.5,17.8));
#14117=CARTESIAN_POINT('Origin',(1.5,5.5,17.8));
#14118=CARTESIAN_POINT('Origin',(1.5,5.5,17.8));
#14119=CARTESIAN_POINT('Origin',(1.5,3.5,17.8));
#14120=CARTESIAN_POINT('Origin',(0.,5.5,-17.8));
#14121=CARTESIAN_POINT('',(2.1,5.5,-17.8));
#14122=CARTESIAN_POINT('',(0.9000000000001,5.5,-17.8));
#14123=CARTESIAN_POINT('',(2.1,5.5,-17.8));
#14124=CARTESIAN_POINT('Origin',(1.5,5.5,-17.8));
#14125=CARTESIAN_POINT('Origin',(0.,5.5,-17.8));
#14126=CARTESIAN_POINT('Origin',(0.,0.,-17.8));
#14127=CARTESIAN_POINT('',(-0.9,2.,-17.8));
#14128=CARTESIAN_POINT('',(-3.5,2.,-17.8));
#14129=CARTESIAN_POINT('',(2.1,3.,-17.8));
#14130=CARTESIAN_POINT('',(-0.9,2.,-17.8));
#14131=CARTESIAN_POINT('',(2.1,3.5,-17.8));
#14132=CARTESIAN_POINT('',(2.1,3.,-17.8));
#14133=CARTESIAN_POINT('',(0.9000000000001,3.5,-17.8));
#14134=CARTESIAN_POINT('',(2.1,3.5,-17.8));
#14135=CARTESIAN_POINT('',(0.9000000000001,5.5,-17.8));
#14136=CARTESIAN_POINT('',(2.1,6.,-17.8));
#14137=CARTESIAN_POINT('',(2.1,5.5,-17.8));
#14138=CARTESIAN_POINT('',(-0.9,7.,-17.8));
#14139=CARTESIAN_POINT('',(2.1,6.,-17.8));
#14140=CARTESIAN_POINT('',(-4.5,7.,-17.8));
#14141=CARTESIAN_POINT('',(-4.5,7.,-17.8));
#14142=CARTESIAN_POINT('',(-4.5,7.,-17.8));
#14143=CARTESIAN_POINT('Origin',(-5.,7.5,-16.9));
#14144=CARTESIAN_POINT('',(-6.5,9.,-19.));
#14145=CARTESIAN_POINT('',(-4.5,7.,-19.));
#14146=CARTESIAN_POINT('',(-6.5,9.,-19.));
#14147=CARTESIAN_POINT('',(-6.5,9.,-16.));
#14148=CARTESIAN_POINT('',(-6.5,9.,-16.));
#14149=CARTESIAN_POINT('',(-3.6,6.1,-16.));
#14150=CARTESIAN_POINT('',(-3.6,6.1,-16.));
#14151=CARTESIAN_POINT('',(-3.5,6.,-15.9));
#14152=CARTESIAN_POINT('',(-4.5,7.,-19.));
#14153=CARTESIAN_POINT('Origin',(12.5,0.,-19.));
#14154=CARTESIAN_POINT('',(9.5,9.,-19.));
#14155=CARTESIAN_POINT('',(12.5,6.,-19.));
#14156=CARTESIAN_POINT('',(9.5,9.,-19.));
#14157=CARTESIAN_POINT('',(12.5,2.,-19.));
#14158=CARTESIAN_POINT('',(12.5,2.,-19.));
#14159=CARTESIAN_POINT('',(12.5,2.,-19.));
#14160=CARTESIAN_POINT('',(6.5,9.,-19.));
#14161=CARTESIAN_POINT('',(3.5,6.,-19.));
#14162=CARTESIAN_POINT('',(9.5,9.,-19.));
#14163=CARTESIAN_POINT('',(9.9,5.5,-19.));
#14164=CARTESIAN_POINT('Origin',(8.,5.5,-19.));
#14165=CARTESIAN_POINT('Origin',(12.5,0.,-19.));
#14166=CARTESIAN_POINT('',(-0.9,7.,-19.));
#14167=CARTESIAN_POINT('',(-4.5,7.,-19.));
#14168=CARTESIAN_POINT('',(2.1,6.,-19.));
#14169=CARTESIAN_POINT('',(2.1,6.,-19.));
#14170=CARTESIAN_POINT('',(2.1,3.,-19.));
#14171=CARTESIAN_POINT('',(2.1,3.,-19.));
#14172=CARTESIAN_POINT('',(-0.9,2.,-19.));
#14173=CARTESIAN_POINT('',(-0.9,2.,-19.));
#14174=CARTESIAN_POINT('',(-3.5,2.,-19.));
#14175=CARTESIAN_POINT('',(-3.5,2.,-19.));
#14176=CARTESIAN_POINT('',(-9.5,9.,-19.));
#14177=CARTESIAN_POINT('',(-12.5,6.,-19.));
#14178=CARTESIAN_POINT('',(-6.5,9.,-19.));
#14179=CARTESIAN_POINT('',(-6.1,5.5,-19.));
#14180=CARTESIAN_POINT('Origin',(-8.,5.5,-19.));
#14181=CARTESIAN_POINT('Origin',(8.,5.5,-19.));
#14182=CARTESIAN_POINT('',(9.9,5.5,-17.6));
#14183=CARTESIAN_POINT('Origin',(8.,5.5,-17.6));
#14184=CARTESIAN_POINT('',(9.9,5.5,-19.));
#14185=CARTESIAN_POINT('Origin',(0.,0.,-17.6));
#14186=CARTESIAN_POINT('',(-6.1,5.5,-17.6));
#14187=CARTESIAN_POINT('Origin',(-8.,5.5,-17.6));
#14188=CARTESIAN_POINT('',(-8.,6.55,-17.6));
#14189=CARTESIAN_POINT('Origin',(-8.,5.5,-17.6));
#14190=CARTESIAN_POINT('Origin',(0.,0.,-17.6));
#14191=CARTESIAN_POINT('Origin',(-8.,5.5,-19.));
#14192=CARTESIAN_POINT('',(-6.1,5.5,-19.));
#14193=CARTESIAN_POINT('Origin',(-12.5,3.,-16.));
#14194=CARTESIAN_POINT('',(12.4,6.1,-16.));
#14195=CARTESIAN_POINT('',(9.5,9.,-16.));
#14196=CARTESIAN_POINT('',(12.4,6.1,-16.));
#14197=CARTESIAN_POINT('',(6.5,9.,-16.));
#14198=CARTESIAN_POINT('',(6.5,9.,-16.));
#14199=CARTESIAN_POINT('',(3.6,6.1,-16.));
#14200=CARTESIAN_POINT('',(6.5,9.,-16.));
#14201=CARTESIAN_POINT('',(4.5,6.1,-16.));
#14202=CARTESIAN_POINT('',(3.6,6.1,-16.));
#14203=CARTESIAN_POINT('',(4.5,4.,-16.));
#14204=CARTESIAN_POINT('',(4.5,4.,-16.));
#14205=CARTESIAN_POINT('',(11.5,4.,-16.));
#14206=CARTESIAN_POINT('',(4.5,4.,-16.));
#14207=CARTESIAN_POINT('',(11.5,6.1,-16.));
#14208=CARTESIAN_POINT('',(11.5,4.,-16.));
#14209=CARTESIAN_POINT('',(12.4,6.1,-16.));
#14210=CARTESIAN_POINT('Origin',(-12.5,3.,-16.));
#14211=CARTESIAN_POINT('',(-9.5,9.,-16.));
#14212=CARTESIAN_POINT('',(-9.5,9.,-16.));
#14213=CARTESIAN_POINT('',(-12.4,6.1,-16.));
#14214=CARTESIAN_POINT('',(-9.5,9.,-16.));
#14215=CARTESIAN_POINT('',(-11.5,6.1,-16.));
#14216=CARTESIAN_POINT('',(-12.4,6.1,-16.));
#14217=CARTESIAN_POINT('',(-11.5,4.,-16.));
#14218=CARTESIAN_POINT('',(-11.5,4.,-16.));
#14219=CARTESIAN_POINT('',(-11.5,4.,-16.));
#14220=CARTESIAN_POINT('',(-3.6,6.1,-16.));
#14221=CARTESIAN_POINT('',(-8.,6.55,-16.));
#14222=CARTESIAN_POINT('Origin',(-8.,5.5,-16.));
#14223=CARTESIAN_POINT('Origin',(-8.,5.5,19.));
#14224=CARTESIAN_POINT('',(-8.,6.55,19.));
#14225=CARTESIAN_POINT('Origin',(-8.,5.5,19.));
#14226=CARTESIAN_POINT('',(-8.,6.55,19.));
#14227=CARTESIAN_POINT('Origin',(11.,7.5,-17.5));
#14228=CARTESIAN_POINT('',(9.5,9.,-16.));
#14229=CARTESIAN_POINT('',(12.5,6.,-15.9));
#14230=CARTESIAN_POINT('',(12.5,6.,-15.9));
#14231=CARTESIAN_POINT('',(12.5,6.,-15.9));
#14232=CARTESIAN_POINT('Origin',(12.5,0.,19.));
#14233=CARTESIAN_POINT('',(12.5,6.,15.9));
#14234=CARTESIAN_POINT('',(12.5,6.,19.));
#14235=CARTESIAN_POINT('',(12.5,0.,-17.));
#14236=CARTESIAN_POINT('',(12.5,4.3,-14.2));
#14237=CARTESIAN_POINT('',(12.5,6.,-15.9));
#14238=CARTESIAN_POINT('',(12.5,4.3,14.2));
#14239=CARTESIAN_POINT('',(12.5,4.3,-14.2));
#14240=CARTESIAN_POINT('',(12.5,4.3,14.2));
#14241=CARTESIAN_POINT('Origin',(11.,7.5,17.5));
#14242=CARTESIAN_POINT('',(9.5,9.,19.));
#14243=CARTESIAN_POINT('',(12.4,6.1,16.));
#14244=CARTESIAN_POINT('Origin',(12.5,4.3,14.2));
#14245=CARTESIAN_POINT('',(11.5,4.3,14.2));
#14246=CARTESIAN_POINT('',(12.5,4.3,14.2));
#14247=CARTESIAN_POINT('',(11.5,4.3,14.2));
#14248=CARTESIAN_POINT('Origin',(11.5,0.,0.));
#14249=CARTESIAN_POINT('',(11.5,4.3,-14.2));
#14250=CARTESIAN_POINT('',(11.5,4.3,-14.2));
#14251=CARTESIAN_POINT('',(11.5,6.1,-16.));
#14252=CARTESIAN_POINT('',(11.5,4.,-16.));
#14253=CARTESIAN_POINT('',(11.5,3.,-8.337822173509));
#14254=CARTESIAN_POINT('',(11.5,3.,-7.662177826491));
#14255=CARTESIAN_POINT('',(11.5,3.,-0.3378221735089));
#14256=CARTESIAN_POINT('',(11.5,3.,0.3378221735089));
#14257=CARTESIAN_POINT('',(11.5,3.,7.662177826491));
#14258=CARTESIAN_POINT('',(11.5,3.,8.337822173509));
#14259=CARTESIAN_POINT('Origin',(9.847520861407,3.,11.2));
#14260=CARTESIAN_POINT('',(9.847520861407,3.,11.2));
#14261=CARTESIAN_POINT('Origin',(6.152479138593,3.,11.2));
#14262=CARTESIAN_POINT('',(6.152479138593,3.,11.2));
#14263=CARTESIAN_POINT('Origin',(4.304958277186,3.,8.));
#14264=CARTESIAN_POINT('',(4.5,3.,8.337822173509));
#14265=CARTESIAN_POINT('Origin',(4.5,0.,-16.));
#14266=CARTESIAN_POINT('',(4.5,3.,7.662177826491));
#14267=CARTESIAN_POINT('',(4.5,3.,0.3378221735089));
#14268=CARTESIAN_POINT('',(4.5,3.,-0.3378221735089));
#14269=CARTESIAN_POINT('',(4.5,3.,-7.662177826491));
#14270=CARTESIAN_POINT('',(4.5,3.,-8.337822173509));
#14271=CARTESIAN_POINT('',(4.5,4.,-16.));
#14272=CARTESIAN_POINT('',(4.5,4.3,-14.2));
#14273=CARTESIAN_POINT('Origin',(3.5,4.3,-14.2));
#14274=CARTESIAN_POINT('',(3.6,6.1,-16.));
#14275=CARTESIAN_POINT('Origin',(5.,7.5,-17.5));
#14276=CARTESIAN_POINT('',(6.5,9.,-19.));
#14277=CARTESIAN_POINT('Origin',(0.,9.,0.));
#14278=CARTESIAN_POINT('Origin',(0.,9.,0.));
#14279=CARTESIAN_POINT('Origin',(0.,9.,0.));
#14280=CARTESIAN_POINT('Origin',(0.,9.,0.));
#14281=CARTESIAN_POINT('',(-9.5,9.,-19.));
#14282=CARTESIAN_POINT('Origin',(-11.,7.5,-17.5));
#14283=CARTESIAN_POINT('',(-12.4,6.1,-16.));
#14284=CARTESIAN_POINT('Origin',(-12.5,6.1,-16.));
#14285=CARTESIAN_POINT('',(-11.5,4.3,-14.2));
#14286=CARTESIAN_POINT('',(-12.5,4.3,-14.2));
#14287=CARTESIAN_POINT('',(-11.5,6.1,-16.));
#14288=CARTESIAN_POINT('Origin',(-11.5,0.,0.));
#14289=CARTESIAN_POINT('',(-11.5,3.,8.337822173509));
#14290=CARTESIAN_POINT('',(-11.5,3.,7.662177826491));
#14291=CARTESIAN_POINT('',(-11.5,3.,0.3378221735089));
#14292=CARTESIAN_POINT('',(-11.5,3.,-0.3378221735089));
#14293=CARTESIAN_POINT('',(-11.5,3.,-7.662177826491));
#14294=CARTESIAN_POINT('',(-11.5,3.,-8.337822173509));
#14295=CARTESIAN_POINT('',(-11.5,4.,-16.));
#14296=CARTESIAN_POINT('',(-11.5,4.3,14.2));
#14297=CARTESIAN_POINT('',(-11.5,4.3,-14.2));
#14298=CARTESIAN_POINT('',(-11.5,4.3,14.2));
#14299=CARTESIAN_POINT('Origin',(-12.5,4.3,14.2));
#14300=CARTESIAN_POINT('',(-12.5,4.3,14.2));
#14301=CARTESIAN_POINT('Origin',(-12.5,4.3,-14.2));
#14302=CARTESIAN_POINT('Origin',(-12.5,4.,-16.));
#14303=CARTESIAN_POINT('Origin',(-12.5,4.,-16.));
#14304=CARTESIAN_POINT('Origin',(-12.5,4.,-16.));
#14305=CARTESIAN_POINT('',(-3.5,3.5,-15.5));
#14306=CARTESIAN_POINT('Origin',(3.5,3.5,-15.5));
#14307=CARTESIAN_POINT('',(-3.5,3.5,-16.));
#14308=CARTESIAN_POINT('Origin',(0.,0.,-16.));
#14309=CARTESIAN_POINT('Origin',(-9.847520861407,3.,-11.2));
#14310=CARTESIAN_POINT('',(-9.847520861407,3.,-11.2));
#14311=CARTESIAN_POINT('Origin',(-6.152479138593,3.,-11.2));
#14312=CARTESIAN_POINT('',(-6.152479138593,3.,-11.2));
#14313=CARTESIAN_POINT('Origin',(-4.304958277186,3.,-8.));
#14314=CARTESIAN_POINT('Origin',(-11.69504172281,3.,-8.));
#14315=CARTESIAN_POINT('',(-9.847520861407,3.,-4.8));
#14316=CARTESIAN_POINT('Origin',(-9.847520861407,3.,-4.8));
#14317=CARTESIAN_POINT('',(-6.152479138593,3.,-4.8));
#14318=CARTESIAN_POINT('Origin',(-6.152479138593,3.,-4.8));
#14319=CARTESIAN_POINT('Origin',(-9.847520861407,3.,-3.2));
#14320=CARTESIAN_POINT('',(-9.847520861407,3.,-3.2));
#14321=CARTESIAN_POINT('Origin',(-6.152479138593,3.,-3.2));
#14322=CARTESIAN_POINT('',(-6.152479138593,3.,-3.2));
#14323=CARTESIAN_POINT('Origin',(-4.304958277186,3.,0.));
#14324=CARTESIAN_POINT('Origin',(-11.69504172281,3.,0.));
#14325=CARTESIAN_POINT('',(-9.847520861407,3.,3.2));
#14326=CARTESIAN_POINT('Origin',(-9.847520861407,3.,3.2));
#14327=CARTESIAN_POINT('',(-6.152479138593,3.,3.2));
#14328=CARTESIAN_POINT('Origin',(-6.152479138593,3.,3.2));
#14329=CARTESIAN_POINT('Origin',(-9.847520861407,3.,4.8));
#14330=CARTESIAN_POINT('',(-9.847520861407,3.,4.8));
#14331=CARTESIAN_POINT('Origin',(-6.152479138593,3.,4.8));
#14332=CARTESIAN_POINT('',(-6.152479138593,3.,4.8));
#14333=CARTESIAN_POINT('Origin',(-4.304958277186,3.,8.));
#14334=CARTESIAN_POINT('Origin',(-11.69504172281,3.,8.));
#14335=CARTESIAN_POINT('',(-9.847520861407,3.,11.2));
#14336=CARTESIAN_POINT('Origin',(-9.847520861407,3.,11.2));
#14337=CARTESIAN_POINT('',(-6.152479138593,3.,11.2));
#14338=CARTESIAN_POINT('Origin',(-6.152479138593,3.,11.2));
#14339=CARTESIAN_POINT('Origin',(6.152479138593,3.,-11.2));
#14340=CARTESIAN_POINT('',(6.152479138593,3.,-11.2));
#14341=CARTESIAN_POINT('Origin',(9.847520861407,3.,-11.2));
#14342=CARTESIAN_POINT('',(9.847520861407,3.,-11.2));
#14343=CARTESIAN_POINT('Origin',(11.69504172281,3.,-8.));
#14344=CARTESIAN_POINT('Origin',(4.304958277186,3.,-8.));
#14345=CARTESIAN_POINT('',(6.152479138593,3.,-4.8));
#14346=CARTESIAN_POINT('Origin',(6.152479138593,3.,-4.8));
#14347=CARTESIAN_POINT('',(9.847520861407,3.,-4.8));
#14348=CARTESIAN_POINT('Origin',(9.847520861407,3.,-4.8));
#14349=CARTESIAN_POINT('Origin',(6.152479138593,3.,-3.2));
#14350=CARTESIAN_POINT('',(6.152479138593,3.,-3.2));
#14351=CARTESIAN_POINT('Origin',(9.847520861407,3.,-3.2));
#14352=CARTESIAN_POINT('',(9.847520861407,3.,-3.2));
#14353=CARTESIAN_POINT('Origin',(11.69504172281,3.,0.));
#14354=CARTESIAN_POINT('Origin',(4.304958277186,3.,0.));
#14355=CARTESIAN_POINT('',(6.152479138593,3.,3.2));
#14356=CARTESIAN_POINT('Origin',(6.152479138593,3.,3.2));
#14357=CARTESIAN_POINT('',(9.847520861407,3.,3.2));
#14358=CARTESIAN_POINT('Origin',(9.847520861407,3.,3.2));
#14359=CARTESIAN_POINT('Origin',(6.152479138593,3.,4.8));
#14360=CARTESIAN_POINT('',(6.152479138593,3.,4.8));
#14361=CARTESIAN_POINT('Origin',(9.847520861407,3.,4.8));
#14362=CARTESIAN_POINT('',(9.847520861407,3.,4.8));
#14363=CARTESIAN_POINT('Origin',(11.69504172281,3.,8.));
#14364=CARTESIAN_POINT('Origin',(12.5,6.1,-16.));
#14365=CARTESIAN_POINT('',(12.5,4.3,-14.2));
#14366=CARTESIAN_POINT('Origin',(12.5,4.3,-14.2));
#14367=CARTESIAN_POINT('Origin',(12.5,0.,-17.));
#14368=CARTESIAN_POINT('Origin',(12.5,0.,-17.));
#14369=CARTESIAN_POINT('Origin',(-3.5,4.3,-14.2));
#14370=CARTESIAN_POINT('Origin',(-5.5,2.,-19.));
#14371=CARTESIAN_POINT('',(-0.9,2.,-19.));
#14372=CARTESIAN_POINT('Origin',(-0.9,2.,-19.));
#14373=CARTESIAN_POINT('',(2.1,3.,-19.));
#14374=CARTESIAN_POINT('Origin',(2.1,2.,-19.));
#14375=CARTESIAN_POINT('',(2.1,6.,-19.));
#14376=CARTESIAN_POINT('',(2.1,5.5,-17.8));
#14377=CARTESIAN_POINT('Origin',(2.1,6.,-19.));
#14378=CARTESIAN_POINT('',(-0.9,7.,-19.));
#14379=CARTESIAN_POINT('Origin',(2.1,7.,-19.));
#14380=CARTESIAN_POINT('Origin',(1.5,5.5,-17.8));
#14381=CARTESIAN_POINT('Origin',(1.5,3.5,-17.8));
#14382=CARTESIAN_POINT('Origin',(-5.5,3.5,-19.));
#14383=CARTESIAN_POINT('Origin',(-5.5,3.5,-19.));
#14384=CARTESIAN_POINT('Origin',(2.1,3.,19.));
#14385=CARTESIAN_POINT('',(-0.9,2.,19.));
#14386=CARTESIAN_POINT('Origin',(2.1,2.,19.));
#14387=CARTESIAN_POINT('Origin',(1.154700538379,3.,6.));
#14388=CARTESIAN_POINT('',(-1.154700538379,2.,6.));
#14389=CARTESIAN_POINT('',(-1.154700538379,2.,6.));
#14390=CARTESIAN_POINT('',(1.154700538379,2.,6.));
#14391=CARTESIAN_POINT('',(1.154700538379,2.,6.));
#14392=CARTESIAN_POINT('',(1.154700538379,4.,6.));
#14393=CARTESIAN_POINT('',(2.540341184434,3.,6.));
#14394=CARTESIAN_POINT('',(-2.540341184434,3.,6.));
#14395=CARTESIAN_POINT('Origin',(-1.154700538379,3.,6.));
#14396=CARTESIAN_POINT('',(-2.309401076759,2.,8.));
#14397=CARTESIAN_POINT('',(-2.309401076759,2.,8.));
#14398=CARTESIAN_POINT('',(-1.154700538379,2.,6.));
#14399=CARTESIAN_POINT('Origin',(0.,2.,0.));
#14400=CARTESIAN_POINT('',(-1.154700538379,2.,10.));
#14401=CARTESIAN_POINT('',(-2.309401076759,2.,8.));
#14402=CARTESIAN_POINT('',(1.154700538379,2.,10.));
#14403=CARTESIAN_POINT('',(-1.154700538379,2.,10.));
#14404=CARTESIAN_POINT('',(2.309401076759,2.,8.));
#14405=CARTESIAN_POINT('',(1.154700538379,2.,10.));
#14406=CARTESIAN_POINT('',(2.309401076759,2.,8.));
#14407=CARTESIAN_POINT('',(0.,2.,9.05));
#14408=CARTESIAN_POINT('Origin',(0.,2.,8.));
#14409=CARTESIAN_POINT('Origin',(2.309401076759,3.,8.));
#14410=CARTESIAN_POINT('',(2.309401076759,2.,8.));
#14411=CARTESIAN_POINT('Origin',(1.154700538379,3.,10.));
#14412=CARTESIAN_POINT('',(1.154700538379,2.,10.));
#14413=CARTESIAN_POINT('Origin',(-1.154700538379,3.,10.));
#14414=CARTESIAN_POINT('',(-1.154700538379,2.,10.));
#14415=CARTESIAN_POINT('Origin',(-2.309401076759,3.,8.));
#14416=CARTESIAN_POINT('Origin',(0.,0.,8.));
#14417=CARTESIAN_POINT('',(-1.28587913910472E-16,0.,9.05));
#14418=CARTESIAN_POINT('Origin',(-1.847520861407,3.,4.8));
#14419=CARTESIAN_POINT('Origin',(3.695041722814,3.,8.));
#14420=CARTESIAN_POINT('Origin',(-3.695041722814,3.,8.));
#14421=CARTESIAN_POINT('',(-1.847520861407,3.,11.2));
#14422=CARTESIAN_POINT('Origin',(-1.847520861407,3.,11.2));
#14423=CARTESIAN_POINT('',(1.847520861407,3.,11.2));
#14424=CARTESIAN_POINT('Origin',(1.847520861407,3.,11.2));
#14425=CARTESIAN_POINT('Origin',(3.5,3.5,16.));
#14426=CARTESIAN_POINT('',(-3.5,3.5,16.));
#14427=CARTESIAN_POINT('Origin',(0.,0.,16.));
#14428=CARTESIAN_POINT('Origin',(-1.847520861407,3.,-11.2));
#14429=CARTESIAN_POINT('',(-1.847520861407,3.,-11.2));
#14430=CARTESIAN_POINT('Origin',(1.847520861407,3.,-11.2));
#14431=CARTESIAN_POINT('',(1.847520861407,3.,-11.2));
#14432=CARTESIAN_POINT('Origin',(3.695041722814,3.,-8.));
#14433=CARTESIAN_POINT('Origin',(-3.695041722814,3.,-8.));
#14434=CARTESIAN_POINT('Origin',(-3.,4.3,4.95));
#14435=CARTESIAN_POINT('',(-3.,4.3,4.95));
#14436=CARTESIAN_POINT('',(3.,4.3,4.95));
#14437=CARTESIAN_POINT('Origin',(3.,4.3,4.95));
#14438=CARTESIAN_POINT('',(3.,4.3,-4.95));
#14439=CARTESIAN_POINT('',(3.,1.5,-2.645751311065));
#14440=CARTESIAN_POINT('',(3.,1.5,-2.645751311065));
#14441=CARTESIAN_POINT('',(3.,1.5,2.645751311065));
#14442=CARTESIAN_POINT('',(3.,1.5,2.645751311065));
#14443=CARTESIAN_POINT('',(3.,1.5,2.645751311065));
#14444=CARTESIAN_POINT('Origin',(0.,0.,0.));
#14445=CARTESIAN_POINT('Origin',(0.,1.5,0.));
#14446=CARTESIAN_POINT('Origin',(0.,1.5,0.));
#14447=CARTESIAN_POINT('Origin',(0.,1.5,0.));
#14448=CARTESIAN_POINT('',(-3.,1.5,2.645751311065));
#14449=CARTESIAN_POINT('',(-3.,1.5,-2.645751311065));
#14450=CARTESIAN_POINT('',(-3.,1.5,2.645751311065));
#14451=CARTESIAN_POINT('Origin',(0.,1.5,0.));
#14452=CARTESIAN_POINT('Origin',(-3.,4.3,-4.95));
#14453=CARTESIAN_POINT('',(-3.,4.3,-4.95));
#14454=CARTESIAN_POINT('',(-3.,1.5,2.645751311065));
#14455=CARTESIAN_POINT('',(-3.,1.5,-2.645751311065));
#14456=CARTESIAN_POINT('Origin',(0.,0.,0.));
#14457=CARTESIAN_POINT('Origin',(3.,4.3,-4.95));
#14458=CARTESIAN_POINT('',(0.,0.,0.));
#14459=CARTESIAN_POINT('Origin',(0.,0.,0.));
#14460=CARTESIAN_POINT('',(-3.5,0.,-16.));
#14461=CARTESIAN_POINT('',(3.5,0.,-16.));
#14462=CARTESIAN_POINT('',(-3.5,0.,-16.));
#14463=CARTESIAN_POINT('',(3.5,0.,-17.));
#14464=CARTESIAN_POINT('',(3.5,0.,-17.));
#14465=CARTESIAN_POINT('',(12.5,0.,-17.));
#14466=CARTESIAN_POINT('',(12.5,0.,-17.));
#14467=CARTESIAN_POINT('',(12.5,0.,17.));
#14468=CARTESIAN_POINT('',(12.5,0.,17.));
#14469=CARTESIAN_POINT('',(3.5,0.,17.));
#14470=CARTESIAN_POINT('',(3.5,0.,17.));
#14471=CARTESIAN_POINT('',(3.5,0.,16.));
#14472=CARTESIAN_POINT('',(3.5,0.,17.));
#14473=CARTESIAN_POINT('',(-3.5,0.,16.));
#14474=CARTESIAN_POINT('',(-3.5,0.,16.));
#14475=CARTESIAN_POINT('',(-3.5,0.,17.));
#14476=CARTESIAN_POINT('',(-3.5,0.,17.));
#14477=CARTESIAN_POINT('',(-12.5,0.,17.));
#14478=CARTESIAN_POINT('',(-12.5,0.,17.));
#14479=CARTESIAN_POINT('',(-12.5,0.,-17.));
#14480=CARTESIAN_POINT('',(-12.5,0.,-17.));
#14481=CARTESIAN_POINT('',(-3.5,0.,-17.));
#14482=CARTESIAN_POINT('',(-3.5,0.,-17.));
#14483=CARTESIAN_POINT('',(-3.5,0.,-17.));
#14484=CARTESIAN_POINT('',(8.,0.,1.05));
#14485=CARTESIAN_POINT('Origin',(8.,0.,0.));
#14486=CARTESIAN_POINT('',(8.,0.,9.05));
#14487=CARTESIAN_POINT('Origin',(8.,0.,8.));
#14488=CARTESIAN_POINT('',(8.,0.,-6.95));
#14489=CARTESIAN_POINT('Origin',(8.,0.,-8.));
#14490=CARTESIAN_POINT('',(0.,0.,-6.95));
#14491=CARTESIAN_POINT('Origin',(0.,0.,-8.));
#14492=CARTESIAN_POINT('',(-8.,0.,-6.95));
#14493=CARTESIAN_POINT('Origin',(-8.,0.,-8.));
#14494=CARTESIAN_POINT('',(-8.,0.,1.05));
#14495=CARTESIAN_POINT('Origin',(-8.,0.,0.));
#14496=CARTESIAN_POINT('',(-8.,0.,9.05));
#14497=CARTESIAN_POINT('Origin',(-8.,0.,8.));
#14498=CARTESIAN_POINT('',(0.,0.,9.05));
#14499=CARTESIAN_POINT('Origin',(0.,0.,8.));
#14500=CARTESIAN_POINT('',(-3.,0.,4.95));
#14501=CARTESIAN_POINT('',(3.,0.,4.95));
#14502=CARTESIAN_POINT('',(-3.,0.,4.95));
#14503=CARTESIAN_POINT('',(3.,0.,2.645751311065));
#14504=CARTESIAN_POINT('',(3.,0.,4.95));
#14505=CARTESIAN_POINT('',(3.,0.,-2.645751311065));
#14506=CARTESIAN_POINT('Origin',(0.,0.,0.));
#14507=CARTESIAN_POINT('',(3.,0.,-4.95));
#14508=CARTESIAN_POINT('',(3.,0.,-2.645751311065));
#14509=CARTESIAN_POINT('',(-3.,0.,-4.95));
#14510=CARTESIAN_POINT('',(3.,0.,-4.95));
#14511=CARTESIAN_POINT('',(-3.,0.,-2.645751311065));
#14512=CARTESIAN_POINT('',(-3.,0.,-4.95));
#14513=CARTESIAN_POINT('',(-3.,0.,2.645751311065));
#14514=CARTESIAN_POINT('Origin',(0.,0.,0.));
#14515=CARTESIAN_POINT('',(-3.,0.,2.645751311065));
#14516=CARTESIAN_POINT('Origin',(8.,0.,0.));
#14517=CARTESIAN_POINT('',(8.,2.,1.05));
#14518=CARTESIAN_POINT('Origin',(8.,2.,0.));
#14519=CARTESIAN_POINT('',(8.,0.,1.05));
#14520=CARTESIAN_POINT('Origin',(0.,2.,0.));
#14521=CARTESIAN_POINT('',(9.154700538379,2.,-2.));
#14522=CARTESIAN_POINT('',(6.845299461621,2.,-2.));
#14523=CARTESIAN_POINT('',(9.154700538379,2.,-2.));
#14524=CARTESIAN_POINT('',(5.690598923241,2.,0.));
#14525=CARTESIAN_POINT('',(6.845299461621,2.,-2.));
#14526=CARTESIAN_POINT('',(6.845299461621,2.,2.));
#14527=CARTESIAN_POINT('',(5.690598923241,2.,0.));
#14528=CARTESIAN_POINT('',(9.154700538379,2.,2.));
#14529=CARTESIAN_POINT('',(6.845299461621,2.,2.));
#14530=CARTESIAN_POINT('',(10.30940107676,2.,0.));
#14531=CARTESIAN_POINT('',(9.154700538379,2.,2.));
#14532=CARTESIAN_POINT('',(10.30940107676,2.,0.));
#14533=CARTESIAN_POINT('Origin',(9.154700538379,3.,-2.));
#14534=CARTESIAN_POINT('',(6.845299461621,4.,-2.));
#14535=CARTESIAN_POINT('',(6.845299461621,2.,-2.));
#14536=CARTESIAN_POINT('',(9.154700538379,4.,-2.));
#14537=CARTESIAN_POINT('',(9.154700538379,4.,-2.));
#14538=CARTESIAN_POINT('',(6.845299461621,4.,-2.));
#14539=CARTESIAN_POINT('Origin',(6.845299461621,3.,-2.));
#14540=CARTESIAN_POINT('',(5.690598923241,4.,0.));
#14541=CARTESIAN_POINT('',(5.690598923241,2.,0.));
#14542=CARTESIAN_POINT('',(5.690598923241,4.,0.));
#14543=CARTESIAN_POINT('Origin',(5.690598923241,3.,0.));
#14544=CARTESIAN_POINT('',(6.845299461621,4.,2.));
#14545=CARTESIAN_POINT('',(6.845299461621,2.,2.));
#14546=CARTESIAN_POINT('',(6.845299461621,4.,2.));
#14547=CARTESIAN_POINT('Origin',(6.845299461621,3.,2.));
#14548=CARTESIAN_POINT('',(9.154700538379,4.,2.));
#14549=CARTESIAN_POINT('',(9.154700538379,2.,2.));
#14550=CARTESIAN_POINT('',(9.154700538379,4.,2.));
#14551=CARTESIAN_POINT('Origin',(9.154700538379,3.,2.));
#14552=CARTESIAN_POINT('',(10.30940107676,4.,0.));
#14553=CARTESIAN_POINT('',(10.30940107676,2.,0.));
#14554=CARTESIAN_POINT('',(10.30940107676,4.,0.));
#14555=CARTESIAN_POINT('Origin',(10.30940107676,3.,0.));
#14556=CARTESIAN_POINT('',(9.154700538379,4.,-2.));
#14557=CARTESIAN_POINT('Origin',(0.,4.,0.));
#14558=CARTESIAN_POINT('',(-4.5,4.,-8.337822173509));
#14559=CARTESIAN_POINT('',(-4.5,4.,-7.662177826491));
#14560=CARTESIAN_POINT('',(-4.5,4.,-8.337822173509));
#14561=CARTESIAN_POINT('',(-6.152479138593,4.,-11.2));
#14562=CARTESIAN_POINT('',(-4.5,4.,-8.337822173509));
#14563=CARTESIAN_POINT('',(-9.847520861407,4.,-11.2));
#14564=CARTESIAN_POINT('',(-6.152479138593,4.,-11.2));
#14565=CARTESIAN_POINT('',(-11.5,4.,-8.337822173509));
#14566=CARTESIAN_POINT('',(-9.847520861407,4.,-11.2));
#14567=CARTESIAN_POINT('',(-11.5,4.,-7.662177826491));
#14568=CARTESIAN_POINT('',(-11.5,4.,-8.337822173509));
#14569=CARTESIAN_POINT('',(-9.847520861407,4.,-4.8));
#14570=CARTESIAN_POINT('',(-11.5,4.,-7.662177826491));
#14571=CARTESIAN_POINT('',(-6.152479138593,4.,-4.8));
#14572=CARTESIAN_POINT('',(-9.847520861407,4.,-4.8));
#14573=CARTESIAN_POINT('',(-6.152479138593,4.,-4.8));
#14574=CARTESIAN_POINT('',(-6.845299461621,4.,-10.));
#14575=CARTESIAN_POINT('',(-5.690598923241,4.,-8.));
#14576=CARTESIAN_POINT('',(-6.845299461621,4.,-10.));
#14577=CARTESIAN_POINT('',(-6.845299461621,4.,-6.));
#14578=CARTESIAN_POINT('',(-5.690598923241,4.,-8.));
#14579=CARTESIAN_POINT('',(-9.154700538379,4.,-6.));
#14580=CARTESIAN_POINT('',(-6.845299461621,4.,-6.));
#14581=CARTESIAN_POINT('',(-10.30940107676,4.,-8.));
#14582=CARTESIAN_POINT('',(-9.154700538379,4.,-6.));
#14583=CARTESIAN_POINT('',(-9.154700538379,4.,-10.));
#14584=CARTESIAN_POINT('',(-10.30940107676,4.,-8.));
#14585=CARTESIAN_POINT('',(-9.154700538379,4.,-10.));
#14586=CARTESIAN_POINT('Origin',(0.,4.,0.));
#14587=CARTESIAN_POINT('',(-4.5,4.,-0.3378221735089));
#14588=CARTESIAN_POINT('',(-4.5,4.,0.3378221735089));
#14589=CARTESIAN_POINT('',(-4.5,4.,-0.3378221735089));
#14590=CARTESIAN_POINT('',(-6.152479138593,4.,-3.2));
#14591=CARTESIAN_POINT('',(-4.5,4.,-0.3378221735089));
#14592=CARTESIAN_POINT('',(-9.847520861407,4.,-3.2));
#14593=CARTESIAN_POINT('',(-6.152479138593,4.,-3.2));
#14594=CARTESIAN_POINT('',(-11.5,4.,-0.3378221735089));
#14595=CARTESIAN_POINT('',(-9.847520861407,4.,-3.2));
#14596=CARTESIAN_POINT('',(-11.5,4.,0.3378221735089));
#14597=CARTESIAN_POINT('',(-11.5,4.,-0.3378221735089));
#14598=CARTESIAN_POINT('',(-9.847520861407,4.,3.2));
#14599=CARTESIAN_POINT('',(-11.5,4.,0.3378221735089));
#14600=CARTESIAN_POINT('',(-6.152479138593,4.,3.2));
#14601=CARTESIAN_POINT('',(-9.847520861407,4.,3.2));
#14602=CARTESIAN_POINT('',(-6.152479138593,4.,3.2));
#14603=CARTESIAN_POINT('',(-6.845299461621,4.,-2.));
#14604=CARTESIAN_POINT('',(-5.690598923241,4.,0.));
#14605=CARTESIAN_POINT('',(-6.845299461621,4.,-2.));
#14606=CARTESIAN_POINT('',(-6.845299461621,4.,2.));
#14607=CARTESIAN_POINT('',(-5.690598923241,4.,0.));
#14608=CARTESIAN_POINT('',(-9.154700538379,4.,2.));
#14609=CARTESIAN_POINT('',(-6.845299461621,4.,2.));
#14610=CARTESIAN_POINT('',(-10.30940107676,4.,0.));
#14611=CARTESIAN_POINT('',(-9.154700538379,4.,2.));
#14612=CARTESIAN_POINT('',(-9.154700538379,4.,-2.));
#14613=CARTESIAN_POINT('',(-10.30940107676,4.,0.));
#14614=CARTESIAN_POINT('',(-9.154700538379,4.,-2.));
#14615=CARTESIAN_POINT('Origin',(0.,4.,0.));
#14616=CARTESIAN_POINT('',(-4.5,4.,7.662177826491));
#14617=CARTESIAN_POINT('',(-4.5,4.,8.337822173509));
#14618=CARTESIAN_POINT('',(-4.5,4.,7.662177826491));
#14619=CARTESIAN_POINT('',(-6.152479138593,4.,4.8));
#14620=CARTESIAN_POINT('',(-4.5,4.,7.662177826491));
#14621=CARTESIAN_POINT('',(-9.847520861407,4.,4.8));
#14622=CARTESIAN_POINT('',(-6.152479138593,4.,4.8));
#14623=CARTESIAN_POINT('',(-11.5,4.,7.662177826491));
#14624=CARTESIAN_POINT('',(-9.847520861407,4.,4.8));
#14625=CARTESIAN_POINT('',(-11.5,4.,8.337822173509));
#14626=CARTESIAN_POINT('',(-11.5,4.,7.662177826491));
#14627=CARTESIAN_POINT('',(-9.847520861407,4.,11.2));
#14628=CARTESIAN_POINT('',(-11.5,4.,8.337822173509));
#14629=CARTESIAN_POINT('',(-6.152479138593,4.,11.2));
#14630=CARTESIAN_POINT('',(-9.847520861407,4.,11.2));
#14631=CARTESIAN_POINT('',(-6.152479138593,4.,11.2));
#14632=CARTESIAN_POINT('',(-6.845299461621,4.,6.));
#14633=CARTESIAN_POINT('',(-5.690598923241,4.,8.));
#14634=CARTESIAN_POINT('',(-6.845299461621,4.,6.));
#14635=CARTESIAN_POINT('',(-6.845299461621,4.,10.));
#14636=CARTESIAN_POINT('',(-5.690598923241,4.,8.));
#14637=CARTESIAN_POINT('',(-9.154700538379,4.,10.));
#14638=CARTESIAN_POINT('',(-6.845299461621,4.,10.));
#14639=CARTESIAN_POINT('',(-10.30940107676,4.,8.));
#14640=CARTESIAN_POINT('',(-9.154700538379,4.,10.));
#14641=CARTESIAN_POINT('',(-9.154700538379,4.,6.));
#14642=CARTESIAN_POINT('',(-10.30940107676,4.,8.));
#14643=CARTESIAN_POINT('',(-9.154700538379,4.,6.));
#14644=CARTESIAN_POINT('Origin',(0.,4.,0.));
#14645=CARTESIAN_POINT('',(4.5,4.,-8.337822173509));
#14646=CARTESIAN_POINT('',(4.5,4.,-7.662177826491));
#14647=CARTESIAN_POINT('',(4.5,4.,-8.337822173509));
#14648=CARTESIAN_POINT('',(6.152479138593,4.,-4.8));
#14649=CARTESIAN_POINT('',(4.5,4.,-7.662177826491));
#14650=CARTESIAN_POINT('',(9.847520861407,4.,-4.8));
#14651=CARTESIAN_POINT('',(6.152479138593,4.,-4.8));
#14652=CARTESIAN_POINT('',(11.5,4.,-7.662177826491));
#14653=CARTESIAN_POINT('',(9.847520861407,4.,-4.8));
#14654=CARTESIAN_POINT('',(11.5,4.,-8.337822173509));
#14655=CARTESIAN_POINT('',(11.5,4.,-8.337822173509));
#14656=CARTESIAN_POINT('',(9.847520861407,4.,-11.2));
#14657=CARTESIAN_POINT('',(11.5,4.,-8.337822173509));
#14658=CARTESIAN_POINT('',(6.152479138593,4.,-11.2));
#14659=CARTESIAN_POINT('',(9.847520861407,4.,-11.2));
#14660=CARTESIAN_POINT('',(6.152479138593,4.,-11.2));
#14661=CARTESIAN_POINT('',(9.154700538379,4.,-10.));
#14662=CARTESIAN_POINT('',(10.30940107676,4.,-8.));
#14663=CARTESIAN_POINT('',(9.154700538379,4.,-10.));
#14664=CARTESIAN_POINT('',(9.154700538379,4.,-6.));
#14665=CARTESIAN_POINT('',(10.30940107676,4.,-8.));
#14666=CARTESIAN_POINT('',(6.845299461621,4.,-6.));
#14667=CARTESIAN_POINT('',(9.154700538379,4.,-6.));
#14668=CARTESIAN_POINT('',(5.690598923241,4.,-8.));
#14669=CARTESIAN_POINT('',(6.845299461621,4.,-6.));
#14670=CARTESIAN_POINT('',(6.845299461621,4.,-10.));
#14671=CARTESIAN_POINT('',(5.690598923241,4.,-8.));
#14672=CARTESIAN_POINT('',(6.845299461621,4.,-10.));
#14673=CARTESIAN_POINT('Origin',(0.,4.,0.));
#14674=CARTESIAN_POINT('',(4.5,4.,-0.3378221735089));
#14675=CARTESIAN_POINT('',(4.5,4.,0.3378221735089));
#14676=CARTESIAN_POINT('',(4.5,4.,-0.3378221735089));
#14677=CARTESIAN_POINT('',(6.152479138593,4.,3.2));
#14678=CARTESIAN_POINT('',(4.5,4.,0.3378221735089));
#14679=CARTESIAN_POINT('',(9.847520861407,4.,3.2));
#14680=CARTESIAN_POINT('',(6.152479138593,4.,3.2));
#14681=CARTESIAN_POINT('',(11.5,4.,0.3378221735089));
#14682=CARTESIAN_POINT('',(9.847520861407,4.,3.2));
#14683=CARTESIAN_POINT('',(11.5,4.,-0.3378221735089));
#14684=CARTESIAN_POINT('',(11.5,4.,-0.3378221735089));
#14685=CARTESIAN_POINT('',(9.847520861407,4.,-3.2));
#14686=CARTESIAN_POINT('',(11.5,4.,-0.3378221735089));
#14687=CARTESIAN_POINT('',(6.152479138593,4.,-3.2));
#14688=CARTESIAN_POINT('',(9.847520861407,4.,-3.2));
#14689=CARTESIAN_POINT('',(6.152479138593,4.,-3.2));
#14690=CARTESIAN_POINT('Origin',(0.,4.,0.));
#14691=CARTESIAN_POINT('',(4.5,4.,7.662177826491));
#14692=CARTESIAN_POINT('',(4.5,4.,8.337822173509));
#14693=CARTESIAN_POINT('',(4.5,4.,7.662177826491));
#14694=CARTESIAN_POINT('',(6.152479138593,4.,11.2));
#14695=CARTESIAN_POINT('',(4.5,4.,8.337822173509));
#14696=CARTESIAN_POINT('',(9.847520861407,4.,11.2));
#14697=CARTESIAN_POINT('',(6.152479138593,4.,11.2));
#14698=CARTESIAN_POINT('',(11.5,4.,8.337822173509));
#14699=CARTESIAN_POINT('',(9.847520861407,4.,11.2));
#14700=CARTESIAN_POINT('',(11.5,4.,7.662177826491));
#14701=CARTESIAN_POINT('',(11.5,4.,7.662177826491));
#14702=CARTESIAN_POINT('',(9.847520861407,4.,4.8));
#14703=CARTESIAN_POINT('',(11.5,4.,7.662177826491));
#14704=CARTESIAN_POINT('',(6.152479138593,4.,4.8));
#14705=CARTESIAN_POINT('',(9.847520861407,4.,4.8));
#14706=CARTESIAN_POINT('',(6.152479138593,4.,4.8));
#14707=CARTESIAN_POINT('',(9.154700538379,4.,6.));
#14708=CARTESIAN_POINT('',(10.30940107676,4.,8.));
#14709=CARTESIAN_POINT('',(9.154700538379,4.,6.));
#14710=CARTESIAN_POINT('',(9.154700538379,4.,10.));
#14711=CARTESIAN_POINT('',(10.30940107676,4.,8.));
#14712=CARTESIAN_POINT('',(6.845299461621,4.,10.));
#14713=CARTESIAN_POINT('',(9.154700538379,4.,10.));
#14714=CARTESIAN_POINT('',(5.690598923241,4.,8.));
#14715=CARTESIAN_POINT('',(6.845299461621,4.,10.));
#14716=CARTESIAN_POINT('',(6.845299461621,4.,6.));
#14717=CARTESIAN_POINT('',(5.690598923241,4.,8.));
#14718=CARTESIAN_POINT('',(6.845299461621,4.,6.));
#14719=CARTESIAN_POINT('Origin',(0.,4.,0.));
#14720=CARTESIAN_POINT('',(-2.540341184434,4.,6.));
#14721=CARTESIAN_POINT('',(-1.154700538379,4.,6.));
#14722=CARTESIAN_POINT('',(-2.540341184434,4.,6.));
#14723=CARTESIAN_POINT('',(-3.5,4.,7.662177826491));
#14724=CARTESIAN_POINT('',(-2.540341184434,4.,6.));
#14725=CARTESIAN_POINT('',(-3.5,4.,8.337822173509));
#14726=CARTESIAN_POINT('',(-3.5,4.,7.662177826491));
#14727=CARTESIAN_POINT('',(-1.847520861407,4.,11.2));
#14728=CARTESIAN_POINT('',(-3.5,4.,8.337822173509));
#14729=CARTESIAN_POINT('',(1.847520861407,4.,11.2));
#14730=CARTESIAN_POINT('',(-1.847520861407,4.,11.2));
#14731=CARTESIAN_POINT('',(3.5,4.,8.337822173509));
#14732=CARTESIAN_POINT('',(1.847520861407,4.,11.2));
#14733=CARTESIAN_POINT('',(3.5,4.,7.662177826491));
#14734=CARTESIAN_POINT('',(3.5,4.,7.662177826491));
#14735=CARTESIAN_POINT('',(2.540341184434,4.,6.));
#14736=CARTESIAN_POINT('',(3.5,4.,7.662177826491));
#14737=CARTESIAN_POINT('',(1.154700538379,4.,6.));
#14738=CARTESIAN_POINT('',(1.154700538379,4.,6.));
#14739=CARTESIAN_POINT('',(2.309401076759,4.,8.));
#14740=CARTESIAN_POINT('',(1.154700538379,4.,6.));
#14741=CARTESIAN_POINT('',(1.154700538379,4.,10.));
#14742=CARTESIAN_POINT('',(2.309401076759,4.,8.));
#14743=CARTESIAN_POINT('',(-1.154700538379,4.,10.));
#14744=CARTESIAN_POINT('',(1.154700538379,4.,10.));
#14745=CARTESIAN_POINT('',(-2.309401076759,4.,8.));
#14746=CARTESIAN_POINT('',(-1.154700538379,4.,10.));
#14747=CARTESIAN_POINT('',(-2.309401076759,4.,8.));
#14748=CARTESIAN_POINT('Origin',(0.,4.,0.));
#14749=CARTESIAN_POINT('',(2.540341184434,4.,-6.));
#14750=CARTESIAN_POINT('',(1.154700538379,4.,-6.));
#14751=CARTESIAN_POINT('',(2.540341184434,4.,-6.));
#14752=CARTESIAN_POINT('',(3.5,4.,-7.662177826491));
#14753=CARTESIAN_POINT('',(2.540341184434,4.,-6.));
#14754=CARTESIAN_POINT('',(3.5,4.,-8.337822173509));
#14755=CARTESIAN_POINT('',(3.5,4.,-8.337822173509));
#14756=CARTESIAN_POINT('',(1.847520861407,4.,-11.2));
#14757=CARTESIAN_POINT('',(3.5,4.,-8.337822173509));
#14758=CARTESIAN_POINT('',(-1.847520861407,4.,-11.2));
#14759=CARTESIAN_POINT('',(1.847520861407,4.,-11.2));
#14760=CARTESIAN_POINT('',(-3.5,4.,-8.337822173509));
#14761=CARTESIAN_POINT('',(-1.847520861407,4.,-11.2));
#14762=CARTESIAN_POINT('',(-3.5,4.,-7.662177826491));
#14763=CARTESIAN_POINT('',(-3.5,4.,-8.337822173509));
#14764=CARTESIAN_POINT('',(-2.540341184434,4.,-6.));
#14765=CARTESIAN_POINT('',(-3.5,4.,-7.662177826491));
#14766=CARTESIAN_POINT('',(-1.154700538379,4.,-6.));
#14767=CARTESIAN_POINT('',(-1.154700538379,4.,-6.));
#14768=CARTESIAN_POINT('',(-2.309401076759,4.,-8.));
#14769=CARTESIAN_POINT('',(-1.154700538379,4.,-6.));
#14770=CARTESIAN_POINT('',(-1.154700538379,4.,-10.));
#14771=CARTESIAN_POINT('',(-2.309401076759,4.,-8.));
#14772=CARTESIAN_POINT('',(1.154700538379,4.,-10.));
#14773=CARTESIAN_POINT('',(-1.154700538379,4.,-10.));
#14774=CARTESIAN_POINT('',(2.309401076759,4.,-8.));
#14775=CARTESIAN_POINT('',(1.154700538379,4.,-10.));
#14776=CARTESIAN_POINT('',(2.309401076759,4.,-8.));
#14777=CARTESIAN_POINT('Origin',(10.30940107676,3.,-8.));
#14778=CARTESIAN_POINT('',(9.154700538379,2.,-10.));
#14779=CARTESIAN_POINT('',(9.154700538379,4.,-10.));
#14780=CARTESIAN_POINT('',(10.30940107676,2.,-8.));
#14781=CARTESIAN_POINT('',(10.30940107676,2.,-8.));
#14782=CARTESIAN_POINT('',(10.30940107676,2.,-8.));
#14783=CARTESIAN_POINT('Origin',(9.154700538379,3.,-10.));
#14784=CARTESIAN_POINT('',(6.845299461621,2.,-10.));
#14785=CARTESIAN_POINT('',(6.845299461621,2.,-10.));
#14786=CARTESIAN_POINT('',(9.154700538379,2.,-10.));
#14787=CARTESIAN_POINT('Origin',(6.845299461621,3.,-10.));
#14788=CARTESIAN_POINT('',(5.690598923241,2.,-8.));
#14789=CARTESIAN_POINT('',(5.690598923241,2.,-8.));
#14790=CARTESIAN_POINT('',(6.845299461621,2.,-10.));
#14791=CARTESIAN_POINT('Origin',(5.690598923241,3.,-8.));
#14792=CARTESIAN_POINT('',(6.845299461621,2.,-6.));
#14793=CARTESIAN_POINT('',(6.845299461621,2.,-6.));
#14794=CARTESIAN_POINT('',(5.690598923241,2.,-8.));
#14795=CARTESIAN_POINT('Origin',(6.845299461621,3.,-6.));
#14796=CARTESIAN_POINT('',(9.154700538379,2.,-6.));
#14797=CARTESIAN_POINT('',(9.154700538379,2.,-6.));
#14798=CARTESIAN_POINT('',(6.845299461621,2.,-6.));
#14799=CARTESIAN_POINT('Origin',(9.154700538379,3.,-6.));
#14800=CARTESIAN_POINT('',(9.154700538379,2.,-6.));
#14801=CARTESIAN_POINT('Origin',(0.,2.,0.));
#14802=CARTESIAN_POINT('',(8.,2.,-6.95));
#14803=CARTESIAN_POINT('Origin',(8.,2.,-8.));
#14804=CARTESIAN_POINT('Origin',(8.,0.,-8.));
#14805=CARTESIAN_POINT('',(8.,0.,-6.95));
#14806=CARTESIAN_POINT('Origin',(10.30940107676,3.,8.));
#14807=CARTESIAN_POINT('',(9.154700538379,2.,6.));
#14808=CARTESIAN_POINT('',(9.154700538379,4.,6.));
#14809=CARTESIAN_POINT('',(10.30940107676,2.,8.));
#14810=CARTESIAN_POINT('',(10.30940107676,2.,8.));
#14811=CARTESIAN_POINT('',(10.30940107676,2.,8.));
#14812=CARTESIAN_POINT('Origin',(9.154700538379,3.,6.));
#14813=CARTESIAN_POINT('',(6.845299461621,2.,6.));
#14814=CARTESIAN_POINT('',(6.845299461621,2.,6.));
#14815=CARTESIAN_POINT('',(9.154700538379,2.,6.));
#14816=CARTESIAN_POINT('Origin',(6.845299461621,3.,6.));
#14817=CARTESIAN_POINT('',(5.690598923241,2.,8.));
#14818=CARTESIAN_POINT('',(5.690598923241,2.,8.));
#14819=CARTESIAN_POINT('',(6.845299461621,2.,6.));
#14820=CARTESIAN_POINT('Origin',(5.690598923241,3.,8.));
#14821=CARTESIAN_POINT('',(6.845299461621,2.,10.));
#14822=CARTESIAN_POINT('',(6.845299461621,2.,10.));
#14823=CARTESIAN_POINT('',(5.690598923241,2.,8.));
#14824=CARTESIAN_POINT('Origin',(6.845299461621,3.,10.));
#14825=CARTESIAN_POINT('',(9.154700538379,2.,10.));
#14826=CARTESIAN_POINT('',(9.154700538379,2.,10.));
#14827=CARTESIAN_POINT('',(6.845299461621,2.,10.));
#14828=CARTESIAN_POINT('Origin',(9.154700538379,3.,10.));
#14829=CARTESIAN_POINT('',(9.154700538379,2.,10.));
#14830=CARTESIAN_POINT('Origin',(0.,2.,0.));
#14831=CARTESIAN_POINT('',(8.,2.,9.05));
#14832=CARTESIAN_POINT('Origin',(8.,2.,8.));
#14833=CARTESIAN_POINT('Origin',(8.,0.,8.));
#14834=CARTESIAN_POINT('',(8.,0.,9.05));
#14835=CARTESIAN_POINT('Origin',(-5.690598923241,3.,0.));
#14836=CARTESIAN_POINT('',(-6.845299461621,2.,-2.));
#14837=CARTESIAN_POINT('',(-6.845299461621,4.,-2.));
#14838=CARTESIAN_POINT('',(-5.690598923241,2.,0.));
#14839=CARTESIAN_POINT('',(-5.690598923241,2.,0.));
#14840=CARTESIAN_POINT('',(-5.690598923241,2.,0.));
#14841=CARTESIAN_POINT('Origin',(-6.845299461621,3.,-2.));
#14842=CARTESIAN_POINT('',(-9.154700538379,2.,-2.));
#14843=CARTESIAN_POINT('',(-9.154700538379,2.,-2.));
#14844=CARTESIAN_POINT('',(-6.845299461621,2.,-2.));
#14845=CARTESIAN_POINT('Origin',(-9.154700538379,3.,-2.));
#14846=CARTESIAN_POINT('',(-10.30940107676,2.,0.));
#14847=CARTESIAN_POINT('',(-10.30940107676,2.,0.));
#14848=CARTESIAN_POINT('',(-9.154700538379,2.,-2.));
#14849=CARTESIAN_POINT('Origin',(-10.30940107676,3.,0.));
#14850=CARTESIAN_POINT('',(-9.154700538379,2.,2.));
#14851=CARTESIAN_POINT('',(-9.154700538379,2.,2.));
#14852=CARTESIAN_POINT('',(-10.30940107676,2.,0.));
#14853=CARTESIAN_POINT('Origin',(-9.154700538379,3.,2.));
#14854=CARTESIAN_POINT('',(-6.845299461621,2.,2.));
#14855=CARTESIAN_POINT('',(-6.845299461621,2.,2.));
#14856=CARTESIAN_POINT('',(-9.154700538379,2.,2.));
#14857=CARTESIAN_POINT('Origin',(-6.845299461621,3.,2.));
#14858=CARTESIAN_POINT('',(-6.845299461621,2.,2.));
#14859=CARTESIAN_POINT('Origin',(0.,2.,0.));
#14860=CARTESIAN_POINT('',(-8.,2.,1.05));
#14861=CARTESIAN_POINT('Origin',(-8.,2.,0.));
#14862=CARTESIAN_POINT('Origin',(-8.,0.,0.));
#14863=CARTESIAN_POINT('',(-8.,0.,1.05));
#14864=CARTESIAN_POINT('Origin',(-5.690598923241,3.,-8.));
#14865=CARTESIAN_POINT('',(-6.845299461621,2.,-10.));
#14866=CARTESIAN_POINT('',(-6.845299461621,4.,-10.));
#14867=CARTESIAN_POINT('',(-5.690598923241,2.,-8.));
#14868=CARTESIAN_POINT('',(-5.690598923241,2.,-8.));
#14869=CARTESIAN_POINT('',(-5.690598923241,2.,-8.));
#14870=CARTESIAN_POINT('Origin',(-6.845299461621,3.,-10.));
#14871=CARTESIAN_POINT('',(-9.154700538379,2.,-10.));
#14872=CARTESIAN_POINT('',(-9.154700538379,2.,-10.));
#14873=CARTESIAN_POINT('',(-6.845299461621,2.,-10.));
#14874=CARTESIAN_POINT('Origin',(-9.154700538379,3.,-10.));
#14875=CARTESIAN_POINT('',(-10.30940107676,2.,-8.));
#14876=CARTESIAN_POINT('',(-10.30940107676,2.,-8.));
#14877=CARTESIAN_POINT('',(-9.154700538379,2.,-10.));
#14878=CARTESIAN_POINT('Origin',(-10.30940107676,3.,-8.));
#14879=CARTESIAN_POINT('',(-9.154700538379,2.,-6.));
#14880=CARTESIAN_POINT('',(-9.154700538379,2.,-6.));
#14881=CARTESIAN_POINT('',(-10.30940107676,2.,-8.));
#14882=CARTESIAN_POINT('Origin',(-9.154700538379,3.,-6.));
#14883=CARTESIAN_POINT('',(-6.845299461621,2.,-6.));
#14884=CARTESIAN_POINT('',(-6.845299461621,2.,-6.));
#14885=CARTESIAN_POINT('',(-9.154700538379,2.,-6.));
#14886=CARTESIAN_POINT('Origin',(-6.845299461621,3.,-6.));
#14887=CARTESIAN_POINT('',(-6.845299461621,2.,-6.));
#14888=CARTESIAN_POINT('Origin',(0.,2.,0.));
#14889=CARTESIAN_POINT('',(-8.,2.,-6.95));
#14890=CARTESIAN_POINT('Origin',(-8.,2.,-8.));
#14891=CARTESIAN_POINT('Origin',(-8.,0.,-8.));
#14892=CARTESIAN_POINT('',(-8.,0.,-6.95));
#14893=CARTESIAN_POINT('Origin',(-5.690598923241,3.,8.));
#14894=CARTESIAN_POINT('',(-6.845299461621,2.,6.));
#14895=CARTESIAN_POINT('',(-6.845299461621,4.,6.));
#14896=CARTESIAN_POINT('',(-5.690598923241,2.,8.));
#14897=CARTESIAN_POINT('',(-5.690598923241,2.,8.));
#14898=CARTESIAN_POINT('',(-5.690598923241,2.,8.));
#14899=CARTESIAN_POINT('Origin',(-6.845299461621,3.,6.));
#14900=CARTESIAN_POINT('',(-9.154700538379,2.,6.));
#14901=CARTESIAN_POINT('',(-9.154700538379,2.,6.));
#14902=CARTESIAN_POINT('',(-6.845299461621,2.,6.));
#14903=CARTESIAN_POINT('Origin',(-9.154700538379,3.,6.));
#14904=CARTESIAN_POINT('',(-10.30940107676,2.,8.));
#14905=CARTESIAN_POINT('',(-10.30940107676,2.,8.));
#14906=CARTESIAN_POINT('',(-9.154700538379,2.,6.));
#14907=CARTESIAN_POINT('Origin',(-10.30940107676,3.,8.));
#14908=CARTESIAN_POINT('',(-9.154700538379,2.,10.));
#14909=CARTESIAN_POINT('',(-9.154700538379,2.,10.));
#14910=CARTESIAN_POINT('',(-10.30940107676,2.,8.));
#14911=CARTESIAN_POINT('Origin',(-9.154700538379,3.,10.));
#14912=CARTESIAN_POINT('',(-6.845299461621,2.,10.));
#14913=CARTESIAN_POINT('',(-6.845299461621,2.,10.));
#14914=CARTESIAN_POINT('',(-9.154700538379,2.,10.));
#14915=CARTESIAN_POINT('Origin',(-6.845299461621,3.,10.));
#14916=CARTESIAN_POINT('',(-6.845299461621,2.,10.));
#14917=CARTESIAN_POINT('Origin',(0.,2.,0.));
#14918=CARTESIAN_POINT('',(-8.,2.,9.05));
#14919=CARTESIAN_POINT('Origin',(-8.,2.,8.));
#14920=CARTESIAN_POINT('Origin',(-8.,0.,8.));
#14921=CARTESIAN_POINT('',(-8.,0.,9.05));
#14922=CARTESIAN_POINT('Origin',(-4.5,0.,-16.));
#14923=CARTESIAN_POINT('',(-4.5,3.,15.));
#14924=CARTESIAN_POINT('',(-4.5,3.,8.337822173509));
#14925=CARTESIAN_POINT('',(-4.5,3.,15.));
#14926=CARTESIAN_POINT('',(-4.5,4.,16.));
#14927=CARTESIAN_POINT('',(-4.5,3.,15.));
#14928=CARTESIAN_POINT('',(-4.5,6.1,16.));
#14929=CARTESIAN_POINT('',(-4.5,4.,16.));
#14930=CARTESIAN_POINT('',(-4.5,4.3,14.2));
#14931=CARTESIAN_POINT('',(-4.5,6.1,16.));
#14932=CARTESIAN_POINT('',(-4.5,4.3,-14.2));
#14933=CARTESIAN_POINT('',(-4.5,4.3,14.2));
#14934=CARTESIAN_POINT('',(-4.5,6.1,-16.));
#14935=CARTESIAN_POINT('',(-4.5,4.3,-14.2));
#14936=CARTESIAN_POINT('',(-4.5,4.,-16.));
#14937=CARTESIAN_POINT('',(-4.5,4.,-16.));
#14938=CARTESIAN_POINT('',(-4.5,3.,-15.));
#14939=CARTESIAN_POINT('',(-4.5,4.,-16.));
#14940=CARTESIAN_POINT('',(-4.5,3.,-8.337822173509));
#14941=CARTESIAN_POINT('',(-4.5,3.,-8.337822173509));
#14942=CARTESIAN_POINT('',(-4.5,3.,-8.337822173509));
#14943=CARTESIAN_POINT('',(-4.5,3.,-7.662177826491));
#14944=CARTESIAN_POINT('',(-4.5,3.,-7.662177826491));
#14945=CARTESIAN_POINT('',(-4.5,3.,-0.3378221735089));
#14946=CARTESIAN_POINT('',(-4.5,3.,-0.3378221735089));
#14947=CARTESIAN_POINT('',(-4.5,3.,-0.3378221735089));
#14948=CARTESIAN_POINT('',(-4.5,3.,0.3378221735089));
#14949=CARTESIAN_POINT('',(-4.5,3.,0.3378221735089));
#14950=CARTESIAN_POINT('',(-4.5,3.,7.662177826491));
#14951=CARTESIAN_POINT('',(-4.5,3.,7.662177826491));
#14952=CARTESIAN_POINT('',(-4.5,3.,7.662177826491));
#14953=CARTESIAN_POINT('',(-4.5,3.,8.337822173509));
#14954=CARTESIAN_POINT('Origin',(0.,3.,0.));
#14955=CARTESIAN_POINT('',(-6.152479138593,3.,11.2));
#14956=CARTESIAN_POINT('',(-6.152479138593,3.,11.2));
#14957=CARTESIAN_POINT('',(-9.847520861407,3.,11.2));
#14958=CARTESIAN_POINT('',(-9.847520861407,3.,11.2));
#14959=CARTESIAN_POINT('',(-11.5,3.,8.337822173509));
#14960=CARTESIAN_POINT('',(-11.5,3.,8.337822173509));
#14961=CARTESIAN_POINT('',(-11.5,3.,15.));
#14962=CARTESIAN_POINT('',(-11.5,3.,15.));
#14963=CARTESIAN_POINT('',(-11.5,3.,15.));
#14964=CARTESIAN_POINT('Origin',(0.,3.,0.));
#14965=CARTESIAN_POINT('',(-6.152479138593,3.,3.2));
#14966=CARTESIAN_POINT('',(-6.152479138593,3.,3.2));
#14967=CARTESIAN_POINT('',(-9.847520861407,3.,3.2));
#14968=CARTESIAN_POINT('',(-9.847520861407,3.,3.2));
#14969=CARTESIAN_POINT('',(-11.5,3.,0.3378221735089));
#14970=CARTESIAN_POINT('',(-11.5,3.,0.3378221735089));
#14971=CARTESIAN_POINT('',(-11.5,3.,7.662177826491));
#14972=CARTESIAN_POINT('',(-11.5,3.,7.662177826491));
#14973=CARTESIAN_POINT('',(-9.847520861407,3.,4.8));
#14974=CARTESIAN_POINT('',(-9.847520861407,3.,4.8));
#14975=CARTESIAN_POINT('',(-6.152479138593,3.,4.8));
#14976=CARTESIAN_POINT('',(-6.152479138593,3.,4.8));
#14977=CARTESIAN_POINT('',(-4.5,3.,7.662177826491));
#14978=CARTESIAN_POINT('Origin',(0.,3.,0.));
#14979=CARTESIAN_POINT('',(-6.152479138593,3.,-4.8));
#14980=CARTESIAN_POINT('',(-6.152479138593,3.,-4.8));
#14981=CARTESIAN_POINT('',(-9.847520861407,3.,-4.8));
#14982=CARTESIAN_POINT('',(-9.847520861407,3.,-4.8));
#14983=CARTESIAN_POINT('',(-11.5,3.,-7.662177826491));
#14984=CARTESIAN_POINT('',(-11.5,3.,-7.662177826491));
#14985=CARTESIAN_POINT('',(-11.5,3.,-0.3378221735089));
#14986=CARTESIAN_POINT('',(-11.5,3.,-0.3378221735089));
#14987=CARTESIAN_POINT('',(-9.847520861407,3.,-3.2));
#14988=CARTESIAN_POINT('',(-9.847520861407,3.,-3.2));
#14989=CARTESIAN_POINT('',(-6.152479138593,3.,-3.2));
#14990=CARTESIAN_POINT('',(-6.152479138593,3.,-3.2));
#14991=CARTESIAN_POINT('',(-4.5,3.,-0.3378221735089));
#14992=CARTESIAN_POINT('Origin',(0.,3.,0.));
#14993=CARTESIAN_POINT('',(-11.5,3.,-15.));
#14994=CARTESIAN_POINT('',(-11.5,3.,-15.));
#14995=CARTESIAN_POINT('',(-11.5,3.,-8.337822173509));
#14996=CARTESIAN_POINT('',(-11.5,3.,-8.337822173509));
#14997=CARTESIAN_POINT('',(-9.847520861407,3.,-11.2));
#14998=CARTESIAN_POINT('',(-9.847520861407,3.,-11.2));
#14999=CARTESIAN_POINT('',(-6.152479138593,3.,-11.2));
#15000=CARTESIAN_POINT('',(-6.152479138593,3.,-11.2));
#15001=CARTESIAN_POINT('',(-4.5,3.,-8.337822173509));
#15002=CARTESIAN_POINT('Origin',(0.,3.,0.));
#15003=CARTESIAN_POINT('',(3.5,3.,15.));
#15004=CARTESIAN_POINT('',(3.5,3.,8.337822173509));
#15005=CARTESIAN_POINT('',(3.5,3.,15.));
#15006=CARTESIAN_POINT('',(1.847520861407,3.,11.2));
#15007=CARTESIAN_POINT('',(1.847520861407,3.,11.2));
#15008=CARTESIAN_POINT('',(-1.847520861407,3.,11.2));
#15009=CARTESIAN_POINT('',(-1.847520861407,3.,11.2));
#15010=CARTESIAN_POINT('',(-3.5,3.,8.337822173509));
#15011=CARTESIAN_POINT('',(-3.5,3.,8.337822173509));
#15012=CARTESIAN_POINT('',(-3.5,3.,15.));
#15013=CARTESIAN_POINT('',(-3.5,3.,15.));
#15014=CARTESIAN_POINT('',(-3.5,3.,15.));
#15015=CARTESIAN_POINT('Origin',(0.,3.,0.));
#15016=CARTESIAN_POINT('',(3.5,3.,-8.337822173509));
#15017=CARTESIAN_POINT('',(3.5,3.,-15.));
#15018=CARTESIAN_POINT('',(3.5,3.,-8.337822173509));
#15019=CARTESIAN_POINT('',(-3.5,3.,-15.));
#15020=CARTESIAN_POINT('',(-3.5,3.,-15.));
#15021=CARTESIAN_POINT('',(-3.5,3.,-8.337822173509));
#15022=CARTESIAN_POINT('',(-3.5,3.,-8.337822173509));
#15023=CARTESIAN_POINT('',(-1.847520861407,3.,-11.2));
#15024=CARTESIAN_POINT('',(-1.847520861407,3.,-11.2));
#15025=CARTESIAN_POINT('',(1.847520861407,3.,-11.2));
#15026=CARTESIAN_POINT('',(1.847520861407,3.,-11.2));
#15027=CARTESIAN_POINT('',(3.5,3.,-8.337822173509));
#15028=CARTESIAN_POINT('Origin',(0.,3.,0.));
#15029=CARTESIAN_POINT('',(4.5,3.,15.));
#15030=CARTESIAN_POINT('',(4.5,3.,8.337822173509));
#15031=CARTESIAN_POINT('',(4.5,3.,15.));
#15032=CARTESIAN_POINT('',(11.5,3.,15.));
#15033=CARTESIAN_POINT('',(4.5,3.,15.));
#15034=CARTESIAN_POINT('',(11.5,3.,8.337822173509));
#15035=CARTESIAN_POINT('',(11.5,3.,15.));
#15036=CARTESIAN_POINT('',(9.847520861407,3.,11.2));
#15037=CARTESIAN_POINT('',(9.847520861407,3.,11.2));
#15038=CARTESIAN_POINT('',(6.152479138593,3.,11.2));
#15039=CARTESIAN_POINT('',(6.152479138593,3.,11.2));
#15040=CARTESIAN_POINT('',(4.5,3.,8.337822173509));
#15041=CARTESIAN_POINT('Origin',(0.,3.,0.));
#15042=CARTESIAN_POINT('',(4.5,3.,7.662177826491));
#15043=CARTESIAN_POINT('',(4.5,3.,0.3378221735089));
#15044=CARTESIAN_POINT('',(4.5,3.,7.662177826491));
#15045=CARTESIAN_POINT('',(6.152479138593,3.,4.8));
#15046=CARTESIAN_POINT('',(6.152479138593,3.,4.8));
#15047=CARTESIAN_POINT('',(9.847520861407,3.,4.8));
#15048=CARTESIAN_POINT('',(9.847520861407,3.,4.8));
#15049=CARTESIAN_POINT('',(11.5,3.,7.662177826491));
#15050=CARTESIAN_POINT('',(11.5,3.,7.662177826491));
#15051=CARTESIAN_POINT('',(11.5,3.,0.3378221735089));
#15052=CARTESIAN_POINT('',(11.5,3.,7.662177826491));
#15053=CARTESIAN_POINT('',(9.847520861407,3.,3.2));
#15054=CARTESIAN_POINT('',(9.847520861407,3.,3.2));
#15055=CARTESIAN_POINT('',(6.152479138593,3.,3.2));
#15056=CARTESIAN_POINT('',(6.152479138593,3.,3.2));
#15057=CARTESIAN_POINT('',(4.5,3.,0.3378221735089));
#15058=CARTESIAN_POINT('Origin',(0.,3.,0.));
#15059=CARTESIAN_POINT('',(4.5,3.,-0.3378221735089));
#15060=CARTESIAN_POINT('',(4.5,3.,-7.662177826491));
#15061=CARTESIAN_POINT('',(4.5,3.,-0.3378221735089));
#15062=CARTESIAN_POINT('',(6.152479138593,3.,-3.2));
#15063=CARTESIAN_POINT('',(6.152479138593,3.,-3.2));
#15064=CARTESIAN_POINT('',(9.847520861407,3.,-3.2));
#15065=CARTESIAN_POINT('',(9.847520861407,3.,-3.2));
#15066=CARTESIAN_POINT('',(11.5,3.,-0.3378221735089));
#15067=CARTESIAN_POINT('',(11.5,3.,-0.3378221735089));
#15068=CARTESIAN_POINT('',(11.5,3.,-7.662177826491));
#15069=CARTESIAN_POINT('',(11.5,3.,-0.3378221735089));
#15070=CARTESIAN_POINT('',(9.847520861407,3.,-4.8));
#15071=CARTESIAN_POINT('',(9.847520861407,3.,-4.8));
#15072=CARTESIAN_POINT('',(6.152479138593,3.,-4.8));
#15073=CARTESIAN_POINT('',(6.152479138593,3.,-4.8));
#15074=CARTESIAN_POINT('',(4.5,3.,-7.662177826491));
#15075=CARTESIAN_POINT('Origin',(0.,3.,0.));
#15076=CARTESIAN_POINT('',(4.5,3.,-8.337822173509));
#15077=CARTESIAN_POINT('',(4.5,3.,-15.));
#15078=CARTESIAN_POINT('',(4.5,3.,-8.337822173509));
#15079=CARTESIAN_POINT('',(6.152479138593,3.,-11.2));
#15080=CARTESIAN_POINT('',(6.152479138593,3.,-11.2));
#15081=CARTESIAN_POINT('',(9.847520861407,3.,-11.2));
#15082=CARTESIAN_POINT('',(9.847520861407,3.,-11.2));
#15083=CARTESIAN_POINT('',(11.5,3.,-8.337822173509));
#15084=CARTESIAN_POINT('',(11.5,3.,-8.337822173509));
#15085=CARTESIAN_POINT('',(11.5,3.,-15.));
#15086=CARTESIAN_POINT('',(11.5,3.,-8.337822173509));
#15087=CARTESIAN_POINT('',(4.5,3.,-15.));
#15088=CARTESIAN_POINT('Origin',(0.,3.,0.));
#15089=CARTESIAN_POINT('',(-3.5,3.,6.));
#15090=CARTESIAN_POINT('',(-2.540341184434,3.,6.));
#15091=CARTESIAN_POINT('',(-3.5,3.,6.));
#15092=CARTESIAN_POINT('',(-3.5,3.,7.662177826491));
#15093=CARTESIAN_POINT('',(-3.5,3.,7.662177826491));
#15094=CARTESIAN_POINT('',(-2.540341184434,3.,6.));
#15095=CARTESIAN_POINT('Origin',(0.,3.,0.));
#15096=CARTESIAN_POINT('',(2.540341184434,3.,6.));
#15097=CARTESIAN_POINT('',(3.5,3.,6.));
#15098=CARTESIAN_POINT('',(2.540341184434,3.,6.));
#15099=CARTESIAN_POINT('',(3.5,3.,7.662177826491));
#15100=CARTESIAN_POINT('',(3.5,3.,7.662177826491));
#15101=CARTESIAN_POINT('',(3.5,3.,7.662177826491));
#15102=CARTESIAN_POINT('Origin',(0.,3.,0.));
#15103=CARTESIAN_POINT('',(3.5,3.,-6.));
#15104=CARTESIAN_POINT('',(2.540341184434,3.,-6.));
#15105=CARTESIAN_POINT('',(3.5,3.,-6.));
#15106=CARTESIAN_POINT('',(3.5,3.,-7.662177826491));
#15107=CARTESIAN_POINT('',(3.5,3.,-6.));
#15108=CARTESIAN_POINT('',(2.540341184434,3.,-6.));
#15109=CARTESIAN_POINT('Origin',(0.,3.,0.));
#15110=CARTESIAN_POINT('',(-2.540341184434,3.,-6.));
#15111=CARTESIAN_POINT('',(-3.5,3.,-6.));
#15112=CARTESIAN_POINT('',(-2.540341184434,3.,-6.));
#15113=CARTESIAN_POINT('',(-3.5,3.,-7.662177826491));
#15114=CARTESIAN_POINT('',(-3.5,3.,-7.662177826491));
#15115=CARTESIAN_POINT('',(-3.5,3.,-6.));
#15116=CARTESIAN_POINT('Origin',(-12.5,3.,15.));
#15117=CARTESIAN_POINT('',(-11.5,4.,16.));
#15118=CARTESIAN_POINT('',(-11.5,3.,15.));
#15119=CARTESIAN_POINT('',(-4.5,4.,16.));
#15120=CARTESIAN_POINT('Origin',(-12.5,3.,15.));
#15121=CARTESIAN_POINT('',(4.5,4.,16.));
#15122=CARTESIAN_POINT('',(4.5,3.,15.));
#15123=CARTESIAN_POINT('',(11.5,4.,16.));
#15124=CARTESIAN_POINT('',(11.5,4.,16.));
#15125=CARTESIAN_POINT('',(11.5,3.,15.));
#15126=CARTESIAN_POINT('Origin',(-12.5,3.,15.));
#15127=CARTESIAN_POINT('',(-3.5,3.5,15.5));
#15128=CARTESIAN_POINT('',(3.5,3.5,15.5));
#15129=CARTESIAN_POINT('',(-3.5,3.5,15.5));
#15130=CARTESIAN_POINT('',(3.5,3.,15.));
#15131=CARTESIAN_POINT('',(-3.5,3.,15.));
#15132=CARTESIAN_POINT('Origin',(12.5,3.,16.));
#15133=CARTESIAN_POINT('',(-12.4,6.1,16.));
#15134=CARTESIAN_POINT('',(-9.5,9.,16.));
#15135=CARTESIAN_POINT('',(-12.4,6.1,16.));
#15136=CARTESIAN_POINT('',(-6.5,9.,16.));
#15137=CARTESIAN_POINT('',(-6.5,9.,16.));
#15138=CARTESIAN_POINT('',(-3.6,6.1,16.));
#15139=CARTESIAN_POINT('',(-6.5,9.,16.));
#15140=CARTESIAN_POINT('',(-3.6,6.1,16.));
#15141=CARTESIAN_POINT('',(-11.5,6.1,16.));
#15142=CARTESIAN_POINT('',(-11.5,4.,16.));
#15143=CARTESIAN_POINT('',(-12.4,6.1,16.));
#15144=CARTESIAN_POINT('',(-8.,6.55,16.));
#15145=CARTESIAN_POINT('Origin',(-8.,5.5,16.));
#15146=CARTESIAN_POINT('Origin',(12.5,3.,16.));
#15147=CARTESIAN_POINT('',(3.6,6.1,16.));
#15148=CARTESIAN_POINT('',(6.5,9.,16.));
#15149=CARTESIAN_POINT('',(3.6,6.1,16.));
#15150=CARTESIAN_POINT('',(9.5,9.,16.));
#15151=CARTESIAN_POINT('',(9.5,9.,16.));
#15152=CARTESIAN_POINT('',(12.4,6.1,16.));
#15153=CARTESIAN_POINT('',(9.5,9.,16.));
#15154=CARTESIAN_POINT('',(11.5,6.1,16.));
#15155=CARTESIAN_POINT('',(12.4,6.1,16.));
#15156=CARTESIAN_POINT('',(11.5,4.,16.));
#15157=CARTESIAN_POINT('',(4.5,6.1,16.));
#15158=CARTESIAN_POINT('',(4.5,4.,16.));
#15159=CARTESIAN_POINT('',(3.6,6.1,16.));
#15160=CARTESIAN_POINT('',(8.,6.55,16.));
#15161=CARTESIAN_POINT('Origin',(8.,5.5,16.));
#15162=CARTESIAN_POINT('Origin',(8.,5.5,19.));
#15163=CARTESIAN_POINT('',(8.,6.55,17.6));
#15164=CARTESIAN_POINT('',(8.,6.55,19.));
#15165=CARTESIAN_POINT('Origin',(8.,5.5,17.6));
#15166=CARTESIAN_POINT('Origin',(8.,5.5,19.));
#15167=CARTESIAN_POINT('',(8.,6.55,-17.6));
#15168=CARTESIAN_POINT('Origin',(8.,5.5,-17.6));
#15169=CARTESIAN_POINT('',(8.,6.55,-16.));
#15170=CARTESIAN_POINT('',(8.,6.55,19.));
#15171=CARTESIAN_POINT('Origin',(8.,5.5,-16.));
#15172=CARTESIAN_POINT('Origin',(0.,0.,17.6));
#15173=CARTESIAN_POINT('',(6.1,5.5,17.6));
#15174=CARTESIAN_POINT('Origin',(8.,5.5,17.6));
#15175=CARTESIAN_POINT('Origin',(0.,0.,17.6));
#15176=CARTESIAN_POINT('',(-9.9,5.5,17.6));
#15177=CARTESIAN_POINT('Origin',(-8.,5.5,17.6));
#15178=CARTESIAN_POINT('',(-8.,6.55,17.6));
#15179=CARTESIAN_POINT('Origin',(-8.,5.5,17.6));
#15180=CARTESIAN_POINT('Origin',(8.,5.5,19.));
#15181=CARTESIAN_POINT('',(6.1,5.5,19.));
#15182=CARTESIAN_POINT('',(6.1,5.5,19.));
#15183=CARTESIAN_POINT('Origin',(8.,5.5,19.));
#15184=CARTESIAN_POINT('Origin',(-12.5,0.,19.));
#15185=CARTESIAN_POINT('',(-9.5,9.,19.));
#15186=CARTESIAN_POINT('',(-12.5,6.,19.));
#15187=CARTESIAN_POINT('',(-9.5,9.,19.));
#15188=CARTESIAN_POINT('',(-12.5,2.,19.));
#15189=CARTESIAN_POINT('',(-12.5,2.,19.));
#15190=CARTESIAN_POINT('',(-3.5,2.,19.));
#15191=CARTESIAN_POINT('',(-12.5,2.,19.));
#15192=CARTESIAN_POINT('',(-0.9,2.,19.));
#15193=CARTESIAN_POINT('',(-0.9,2.,19.));
#15194=CARTESIAN_POINT('',(2.1,3.,19.));
#15195=CARTESIAN_POINT('',(2.1,3.,19.));
#15196=CARTESIAN_POINT('',(2.1,6.,19.));
#15197=CARTESIAN_POINT('',(2.1,6.,19.));
#15198=CARTESIAN_POINT('',(-0.9,7.,19.));
#15199=CARTESIAN_POINT('',(-0.9,7.,19.));
#15200=CARTESIAN_POINT('',(-4.5,7.,19.));
#15201=CARTESIAN_POINT('',(-0.9,7.,19.));
#15202=CARTESIAN_POINT('',(-6.5,9.,19.));
#15203=CARTESIAN_POINT('',(-4.5,7.,19.));
#15204=CARTESIAN_POINT('',(-9.5,9.,19.));
#15205=CARTESIAN_POINT('',(-9.9,5.5,19.));
#15206=CARTESIAN_POINT('Origin',(-8.,5.5,19.));
#15207=CARTESIAN_POINT('Origin',(-12.5,0.,19.));
#15208=CARTESIAN_POINT('',(6.5,9.,19.));
#15209=CARTESIAN_POINT('',(3.5,6.,19.));
#15210=CARTESIAN_POINT('',(6.5,9.,19.));
#15211=CARTESIAN_POINT('',(3.5,2.,19.));
#15212=CARTESIAN_POINT('',(3.5,2.,19.));
#15213=CARTESIAN_POINT('',(12.5,2.,19.));
#15214=CARTESIAN_POINT('',(3.5,2.,19.));
#15215=CARTESIAN_POINT('',(12.5,6.,19.));
#15216=CARTESIAN_POINT('',(12.5,6.,19.));
#15217=CARTESIAN_POINT('',(9.5,9.,19.));
#15218=CARTESIAN_POINT('',(12.5,6.,19.));
#15219=CARTESIAN_POINT('',(6.5,9.,19.));
#15220=CARTESIAN_POINT('Origin',(-8.,5.5,19.));
#15221=CARTESIAN_POINT('',(-9.9,5.5,19.));
#15222=CARTESIAN_POINT('Origin',(-11.,7.5,17.5));
#15223=CARTESIAN_POINT('',(-9.5,9.,16.));
#15224=CARTESIAN_POINT('',(-12.5,6.,15.9));
#15225=CARTESIAN_POINT('',(-12.5,6.,15.9));
#15226=CARTESIAN_POINT('',(-12.5,6.,15.9));
#15227=CARTESIAN_POINT('Origin',(-12.5,0.,-19.));
#15228=CARTESIAN_POINT('',(-12.5,4.3,14.2));
#15229=CARTESIAN_POINT('',(-12.5,4.3,14.2));
#15230=CARTESIAN_POINT('',(-12.5,4.3,-14.2));
#15231=CARTESIAN_POINT('',(-12.5,4.3,-14.2));
#15232=CARTESIAN_POINT('',(-12.5,6.,-15.9));
#15233=CARTESIAN_POINT('',(-12.5,6.,-15.9));
#15234=CARTESIAN_POINT('',(-12.5,6.,-19.));
#15235=CARTESIAN_POINT('',(-12.5,6.,-19.));
#15236=CARTESIAN_POINT('',(-12.5,2.,-19.));
#15237=CARTESIAN_POINT('',(-12.5,6.,-19.));
#15238=CARTESIAN_POINT('',(-12.5,0.,-17.));
#15239=CARTESIAN_POINT('',(-12.5,0.,17.));
#15240=CARTESIAN_POINT('Origin',(-12.5,0.,17.));
#15241=CARTESIAN_POINT('',(3.5,0.,17.));
#15242=CARTESIAN_POINT('',(12.5,0.,17.));
#15243=CARTESIAN_POINT('Origin',(-12.5,0.,17.));
#15244=CARTESIAN_POINT('',(-3.5,0.,17.));
#15245=CARTESIAN_POINT('Origin',(3.5,0.,19.));
#15246=CARTESIAN_POINT('',(3.5,6.,15.9));
#15247=CARTESIAN_POINT('',(3.5,6.,15.9));
#15248=CARTESIAN_POINT('',(3.5,4.3,14.2));
#15249=CARTESIAN_POINT('',(3.5,6.,15.9));
#15250=CARTESIAN_POINT('',(3.5,4.3,6.));
#15251=CARTESIAN_POINT('',(3.5,4.3,14.2));
#15252=CARTESIAN_POINT('',(3.5,3.,6.));
#15253=CARTESIAN_POINT('',(3.5,3.,7.662177826491));
#15254=CARTESIAN_POINT('',(3.5,3.,8.337822173509));
#15255=CARTESIAN_POINT('',(3.5,3.5,16.));
#15256=CARTESIAN_POINT('',(3.5,3.5,16.));
#15257=CARTESIAN_POINT('',(3.5,0.,16.));
#15258=CARTESIAN_POINT('Origin',(3.5,0.,19.));
#15259=CARTESIAN_POINT('',(3.5,6.,-19.));
#15260=CARTESIAN_POINT('',(3.5,6.,-15.9));
#15261=CARTESIAN_POINT('',(3.5,6.,-19.));
#15262=CARTESIAN_POINT('',(3.5,2.,-19.));
#15263=CARTESIAN_POINT('',(3.5,2.,-19.));
#15264=CARTESIAN_POINT('',(3.5,0.,-17.));
#15265=CARTESIAN_POINT('',(3.5,3.5,-16.));
#15266=CARTESIAN_POINT('',(3.5,3.5,-16.));
#15267=CARTESIAN_POINT('',(3.5,3.5,-15.5));
#15268=CARTESIAN_POINT('',(3.5,3.5,-15.5));
#15269=CARTESIAN_POINT('',(3.5,3.5,-15.5));
#15270=CARTESIAN_POINT('',(3.5,3.,-8.337822173509));
#15271=CARTESIAN_POINT('',(3.5,3.,-7.662177826491));
#15272=CARTESIAN_POINT('',(3.5,4.3,-6.));
#15273=CARTESIAN_POINT('',(3.5,3.,-6.));
#15274=CARTESIAN_POINT('',(3.5,4.3,-14.2));
#15275=CARTESIAN_POINT('',(3.5,4.3,-6.));
#15276=CARTESIAN_POINT('',(3.5,4.3,-14.2));
#15277=CARTESIAN_POINT('Origin',(5.,7.5,17.5));
#15278=CARTESIAN_POINT('',(6.5,9.,16.));
#15279=CARTESIAN_POINT('',(3.5,6.,15.9));
#15280=CARTESIAN_POINT('Origin',(3.5,6.1,16.));
#15281=CARTESIAN_POINT('',(4.5,4.3,14.2));
#15282=CARTESIAN_POINT('',(4.5,6.1,16.));
#15283=CARTESIAN_POINT('',(3.5,4.3,14.2));
#15284=CARTESIAN_POINT('Origin',(-3.5,4.3,14.2));
#15285=CARTESIAN_POINT('',(-3.5,4.3,-6.));
#15286=CARTESIAN_POINT('',(3.5,4.3,-6.));
#15287=CARTESIAN_POINT('',(-3.5,4.3,-14.2));
#15288=CARTESIAN_POINT('',(-3.5,4.3,-6.));
#15289=CARTESIAN_POINT('',(-3.5,4.3,-14.2));
#15290=CARTESIAN_POINT('',(-3.5,4.3,14.2));
#15291=CARTESIAN_POINT('',(-3.5,4.3,14.2));
#15292=CARTESIAN_POINT('',(-3.5,4.3,6.));
#15293=CARTESIAN_POINT('',(-3.5,4.3,14.2));
#15294=CARTESIAN_POINT('',(-3.5,4.3,6.));
#15295=CARTESIAN_POINT('',(4.5,4.3,-14.2));
#15296=CARTESIAN_POINT('',(4.5,4.3,14.2));
#15297=CARTESIAN_POINT('',(3.5,4.3,-14.2));
#15298=CARTESIAN_POINT('',(-3.,4.3,4.95));
#15299=CARTESIAN_POINT('',(3.,4.3,4.95));
#15300=CARTESIAN_POINT('',(-3.,4.3,4.95));
#15301=CARTESIAN_POINT('',(-3.,4.3,-4.95));
#15302=CARTESIAN_POINT('',(-3.,4.3,-4.95));
#15303=CARTESIAN_POINT('',(3.,4.3,-4.95));
#15304=CARTESIAN_POINT('',(3.,4.3,-4.95));
#15305=CARTESIAN_POINT('',(3.,4.3,4.95));
#15306=CARTESIAN_POINT('Origin',(-1.154700538379,3.,-6.));
#15307=CARTESIAN_POINT('',(1.154700538379,2.,-6.));
#15308=CARTESIAN_POINT('',(1.154700538379,2.,-6.));
#15309=CARTESIAN_POINT('',(-1.154700538379,2.,-6.));
#15310=CARTESIAN_POINT('',(-1.154700538379,2.,-6.));
#15311=CARTESIAN_POINT('',(-1.154700538379,2.,-6.));
#15312=CARTESIAN_POINT('',(-2.540341184434,3.,-6.));
#15313=CARTESIAN_POINT('',(-3.5,3.,-6.));
#15314=CARTESIAN_POINT('',(2.540341184434,3.,-6.));
#15315=CARTESIAN_POINT('Origin',(1.154700538379,3.,-6.));
#15316=CARTESIAN_POINT('',(2.309401076759,2.,-8.));
#15317=CARTESIAN_POINT('',(2.309401076759,2.,-8.));
#15318=CARTESIAN_POINT('',(1.154700538379,2.,-6.));
#15319=CARTESIAN_POINT('Origin',(0.,2.,0.));
#15320=CARTESIAN_POINT('',(1.154700538379,2.,-10.));
#15321=CARTESIAN_POINT('',(-1.154700538379,2.,-10.));
#15322=CARTESIAN_POINT('',(1.154700538379,2.,-10.));
#15323=CARTESIAN_POINT('',(-2.309401076759,2.,-8.));
#15324=CARTESIAN_POINT('',(-1.154700538379,2.,-10.));
#15325=CARTESIAN_POINT('',(-2.309401076759,2.,-8.));
#15326=CARTESIAN_POINT('',(2.309401076759,2.,-8.));
#15327=CARTESIAN_POINT('',(0.,2.,-6.95));
#15328=CARTESIAN_POINT('Origin',(0.,2.,-8.));
#15329=CARTESIAN_POINT('Origin',(1.154700538379,3.,-10.));
#15330=CARTESIAN_POINT('',(-1.154700538379,2.,-10.));
#15331=CARTESIAN_POINT('',(1.154700538379,4.,-10.));
#15332=CARTESIAN_POINT('Origin',(-1.154700538379,3.,-10.));
#15333=CARTESIAN_POINT('',(-2.309401076759,2.,-8.));
#15334=CARTESIAN_POINT('Origin',(-2.309401076759,3.,-8.));
#15335=CARTESIAN_POINT('Origin',(2.309401076759,3.,-8.));
#15336=CARTESIAN_POINT('Origin',(0.,0.,-8.));
#15337=CARTESIAN_POINT('',(-1.28587913910472E-16,0.,-6.95));
#15338=CARTESIAN_POINT('Origin',(1.847520861407,3.,-4.8));
#15339=CARTESIAN_POINT('Origin',(-3.5,9.,19.));
#15340=CARTESIAN_POINT('',(-3.5,6.,17.8));
#15341=CARTESIAN_POINT('',(-3.5,6.,15.9));
#15342=CARTESIAN_POINT('',(-3.5,6.,17.8));
#15343=CARTESIAN_POINT('',(-3.5,2.,17.8));
#15344=CARTESIAN_POINT('',(-3.5,6.,17.8));
#15345=CARTESIAN_POINT('',(-3.5,2.,19.));
#15346=CARTESIAN_POINT('',(-3.5,3.5,16.));
#15347=CARTESIAN_POINT('',(-3.5,3.5,16.));
#15348=CARTESIAN_POINT('',(-3.5,3.5,16.));
#15349=CARTESIAN_POINT('',(-3.5,3.,8.337822173509));
#15350=CARTESIAN_POINT('',(-3.5,3.,7.662177826491));
#15351=CARTESIAN_POINT('',(-3.5,3.,6.));
#15352=CARTESIAN_POINT('',(-3.5,6.,15.9));
#15353=CARTESIAN_POINT('Origin',(-3.5,9.,19.));
#15354=CARTESIAN_POINT('',(-3.5,6.,-15.9));
#15355=CARTESIAN_POINT('',(-3.5,6.,-17.8));
#15356=CARTESIAN_POINT('',(-3.5,6.,-15.9));
#15357=CARTESIAN_POINT('',(-3.5,4.3,-14.2));
#15358=CARTESIAN_POINT('',(-3.5,3.,-7.662177826491));
#15359=CARTESIAN_POINT('',(-3.5,3.,-8.337822173509));
#15360=CARTESIAN_POINT('',(-3.5,3.5,-15.5));
#15361=CARTESIAN_POINT('',(-3.5,3.5,-15.5));
#15362=CARTESIAN_POINT('',(-3.5,3.5,-16.));
#15363=CARTESIAN_POINT('',(-3.5,3.5,-15.5));
#15364=CARTESIAN_POINT('',(-3.5,0.,-16.));
#15365=CARTESIAN_POINT('',(-3.5,2.,-19.));
#15366=CARTESIAN_POINT('',(-3.5,0.,-17.));
#15367=CARTESIAN_POINT('',(-3.5,2.,-17.8));
#15368=CARTESIAN_POINT('',(-3.5,2.,-19.));
#15369=CARTESIAN_POINT('',(-3.5,6.,-17.8));
#15370=CARTESIAN_POINT('Origin',(-5.,7.5,16.9));
#15371=CARTESIAN_POINT('',(-6.5,9.,19.));
#15372=CARTESIAN_POINT('',(-4.5,7.,17.8));
#15373=CARTESIAN_POINT('',(-4.5,7.,17.8));
#15374=CARTESIAN_POINT('',(-3.5,6.,17.8));
#15375=CARTESIAN_POINT('',(-3.6,6.1,16.));
#15376=CARTESIAN_POINT('Origin',(-3.5,6.1,16.));
#15377=CARTESIAN_POINT('Origin',(0.,0.,17.8));
#15378=CARTESIAN_POINT('',(-0.9,7.,17.8));
#15379=CARTESIAN_POINT('',(-4.5,7.,17.8));
#15380=CARTESIAN_POINT('',(2.1,6.,17.8));
#15381=CARTESIAN_POINT('',(-0.9,7.,17.8));
#15382=CARTESIAN_POINT('',(2.1,5.5,17.8));
#15383=CARTESIAN_POINT('',(2.1,6.,17.8));
#15384=CARTESIAN_POINT('',(0.9000000000001,5.5,17.8));
#15385=CARTESIAN_POINT('',(2.1,5.5,17.8));
#15386=CARTESIAN_POINT('',(0.9000000000001,3.5,17.8));
#15387=CARTESIAN_POINT('',(0.9000000000001,5.5,17.8));
#15388=CARTESIAN_POINT('',(2.1,3.5,17.8));
#15389=CARTESIAN_POINT('',(2.1,3.5,17.8));
#15390=CARTESIAN_POINT('',(2.1,3.,17.8));
#15391=CARTESIAN_POINT('',(2.1,3.5,17.8));
#15392=CARTESIAN_POINT('',(-0.9,2.,17.8));
#15393=CARTESIAN_POINT('',(2.1,3.,17.8));
#15394=CARTESIAN_POINT('',(-0.9,2.,17.8));
#15395=CARTESIAN_POINT('Origin',(-4.9,7.,19.));
#15396=CARTESIAN_POINT('',(-0.9,7.,19.));
#15397=CARTESIAN_POINT('Origin',(-0.9,7.,19.));
#15398=CARTESIAN_POINT('',(2.1,6.,19.));
#15399=CARTESIAN_POINT('Origin',(2.1,7.,19.));
#15400=CARTESIAN_POINT('',(2.1,3.,19.));
#15401=CARTESIAN_POINT('',(2.1,5.5,17.8));
#15402=CARTESIAN_POINT('Origin',(1.5,5.5,17.8));
#15403=CARTESIAN_POINT('Origin',(1.5,5.5,17.8));
#15404=CARTESIAN_POINT('Origin',(1.5,3.5,17.8));
#15405=CARTESIAN_POINT('Origin',(0.,5.5,-17.8));
#15406=CARTESIAN_POINT('',(2.1,5.5,-17.8));
#15407=CARTESIAN_POINT('',(0.9000000000001,5.5,-17.8));
#15408=CARTESIAN_POINT('',(2.1,5.5,-17.8));
#15409=CARTESIAN_POINT('Origin',(1.5,5.5,-17.8));
#15410=CARTESIAN_POINT('Origin',(0.,5.5,-17.8));
#15411=CARTESIAN_POINT('Origin',(0.,0.,-17.8));
#15412=CARTESIAN_POINT('',(-0.9,2.,-17.8));
#15413=CARTESIAN_POINT('',(-3.5,2.,-17.8));
#15414=CARTESIAN_POINT('',(2.1,3.,-17.8));
#15415=CARTESIAN_POINT('',(-0.9,2.,-17.8));
#15416=CARTESIAN_POINT('',(2.1,3.5,-17.8));
#15417=CARTESIAN_POINT('',(2.1,3.,-17.8));
#15418=CARTESIAN_POINT('',(0.9000000000001,3.5,-17.8));
#15419=CARTESIAN_POINT('',(2.1,3.5,-17.8));
#15420=CARTESIAN_POINT('',(0.9000000000001,5.5,-17.8));
#15421=CARTESIAN_POINT('',(2.1,6.,-17.8));
#15422=CARTESIAN_POINT('',(2.1,5.5,-17.8));
#15423=CARTESIAN_POINT('',(-0.9,7.,-17.8));
#15424=CARTESIAN_POINT('',(2.1,6.,-17.8));
#15425=CARTESIAN_POINT('',(-4.5,7.,-17.8));
#15426=CARTESIAN_POINT('',(-4.5,7.,-17.8));
#15427=CARTESIAN_POINT('',(-4.5,7.,-17.8));
#15428=CARTESIAN_POINT('Origin',(-5.,7.5,-16.9));
#15429=CARTESIAN_POINT('',(-6.5,9.,-19.));
#15430=CARTESIAN_POINT('',(-4.5,7.,-19.));
#15431=CARTESIAN_POINT('',(-6.5,9.,-19.));
#15432=CARTESIAN_POINT('',(-6.5,9.,-16.));
#15433=CARTESIAN_POINT('',(-6.5,9.,-16.));
#15434=CARTESIAN_POINT('',(-3.6,6.1,-16.));
#15435=CARTESIAN_POINT('',(-3.6,6.1,-16.));
#15436=CARTESIAN_POINT('',(-3.5,6.,-15.9));
#15437=CARTESIAN_POINT('',(-4.5,7.,-19.));
#15438=CARTESIAN_POINT('Origin',(12.5,0.,-19.));
#15439=CARTESIAN_POINT('',(9.5,9.,-19.));
#15440=CARTESIAN_POINT('',(12.5,6.,-19.));
#15441=CARTESIAN_POINT('',(9.5,9.,-19.));
#15442=CARTESIAN_POINT('',(12.5,2.,-19.));
#15443=CARTESIAN_POINT('',(12.5,2.,-19.));
#15444=CARTESIAN_POINT('',(12.5,2.,-19.));
#15445=CARTESIAN_POINT('',(6.5,9.,-19.));
#15446=CARTESIAN_POINT('',(3.5,6.,-19.));
#15447=CARTESIAN_POINT('',(9.5,9.,-19.));
#15448=CARTESIAN_POINT('',(9.9,5.5,-19.));
#15449=CARTESIAN_POINT('Origin',(8.,5.5,-19.));
#15450=CARTESIAN_POINT('Origin',(12.5,0.,-19.));
#15451=CARTESIAN_POINT('',(-0.9,7.,-19.));
#15452=CARTESIAN_POINT('',(-4.5,7.,-19.));
#15453=CARTESIAN_POINT('',(2.1,6.,-19.));
#15454=CARTESIAN_POINT('',(2.1,6.,-19.));
#15455=CARTESIAN_POINT('',(2.1,3.,-19.));
#15456=CARTESIAN_POINT('',(2.1,3.,-19.));
#15457=CARTESIAN_POINT('',(-0.9,2.,-19.));
#15458=CARTESIAN_POINT('',(-0.9,2.,-19.));
#15459=CARTESIAN_POINT('',(-3.5,2.,-19.));
#15460=CARTESIAN_POINT('',(-3.5,2.,-19.));
#15461=CARTESIAN_POINT('',(-9.5,9.,-19.));
#15462=CARTESIAN_POINT('',(-12.5,6.,-19.));
#15463=CARTESIAN_POINT('',(-6.5,9.,-19.));
#15464=CARTESIAN_POINT('',(-6.1,5.5,-19.));
#15465=CARTESIAN_POINT('Origin',(-8.,5.5,-19.));
#15466=CARTESIAN_POINT('Origin',(8.,5.5,-19.));
#15467=CARTESIAN_POINT('',(9.9,5.5,-17.6));
#15468=CARTESIAN_POINT('Origin',(8.,5.5,-17.6));
#15469=CARTESIAN_POINT('',(9.9,5.5,-19.));
#15470=CARTESIAN_POINT('Origin',(0.,0.,-17.6));
#15471=CARTESIAN_POINT('',(-6.1,5.5,-17.6));
#15472=CARTESIAN_POINT('Origin',(-8.,5.5,-17.6));
#15473=CARTESIAN_POINT('',(-8.,6.55,-17.6));
#15474=CARTESIAN_POINT('Origin',(-8.,5.5,-17.6));
#15475=CARTESIAN_POINT('Origin',(0.,0.,-17.6));
#15476=CARTESIAN_POINT('Origin',(-8.,5.5,-19.));
#15477=CARTESIAN_POINT('',(-6.1,5.5,-19.));
#15478=CARTESIAN_POINT('Origin',(-12.5,3.,-16.));
#15479=CARTESIAN_POINT('',(12.4,6.1,-16.));
#15480=CARTESIAN_POINT('',(9.5,9.,-16.));
#15481=CARTESIAN_POINT('',(12.4,6.1,-16.));
#15482=CARTESIAN_POINT('',(6.5,9.,-16.));
#15483=CARTESIAN_POINT('',(6.5,9.,-16.));
#15484=CARTESIAN_POINT('',(3.6,6.1,-16.));
#15485=CARTESIAN_POINT('',(6.5,9.,-16.));
#15486=CARTESIAN_POINT('',(4.5,6.1,-16.));
#15487=CARTESIAN_POINT('',(3.6,6.1,-16.));
#15488=CARTESIAN_POINT('',(4.5,4.,-16.));
#15489=CARTESIAN_POINT('',(4.5,4.,-16.));
#15490=CARTESIAN_POINT('',(11.5,4.,-16.));
#15491=CARTESIAN_POINT('',(4.5,4.,-16.));
#15492=CARTESIAN_POINT('',(11.5,6.1,-16.));
#15493=CARTESIAN_POINT('',(11.5,4.,-16.));
#15494=CARTESIAN_POINT('',(12.4,6.1,-16.));
#15495=CARTESIAN_POINT('Origin',(-12.5,3.,-16.));
#15496=CARTESIAN_POINT('',(-9.5,9.,-16.));
#15497=CARTESIAN_POINT('',(-9.5,9.,-16.));
#15498=CARTESIAN_POINT('',(-12.4,6.1,-16.));
#15499=CARTESIAN_POINT('',(-9.5,9.,-16.));
#15500=CARTESIAN_POINT('',(-11.5,6.1,-16.));
#15501=CARTESIAN_POINT('',(-12.4,6.1,-16.));
#15502=CARTESIAN_POINT('',(-11.5,4.,-16.));
#15503=CARTESIAN_POINT('',(-11.5,4.,-16.));
#15504=CARTESIAN_POINT('',(-11.5,4.,-16.));
#15505=CARTESIAN_POINT('',(-3.6,6.1,-16.));
#15506=CARTESIAN_POINT('',(-8.,6.55,-16.));
#15507=CARTESIAN_POINT('Origin',(-8.,5.5,-16.));
#15508=CARTESIAN_POINT('Origin',(-8.,5.5,19.));
#15509=CARTESIAN_POINT('',(-8.,6.55,19.));
#15510=CARTESIAN_POINT('Origin',(-8.,5.5,19.));
#15511=CARTESIAN_POINT('',(-8.,6.55,19.));
#15512=CARTESIAN_POINT('Origin',(11.,7.5,-17.5));
#15513=CARTESIAN_POINT('',(9.5,9.,-16.));
#15514=CARTESIAN_POINT('',(12.5,6.,-15.9));
#15515=CARTESIAN_POINT('',(12.5,6.,-15.9));
#15516=CARTESIAN_POINT('',(12.5,6.,-15.9));
#15517=CARTESIAN_POINT('Origin',(12.5,0.,19.));
#15518=CARTESIAN_POINT('',(12.5,6.,15.9));
#15519=CARTESIAN_POINT('',(12.5,6.,19.));
#15520=CARTESIAN_POINT('',(12.5,0.,-17.));
#15521=CARTESIAN_POINT('',(12.5,4.3,-14.2));
#15522=CARTESIAN_POINT('',(12.5,6.,-15.9));
#15523=CARTESIAN_POINT('',(12.5,4.3,14.2));
#15524=CARTESIAN_POINT('',(12.5,4.3,-14.2));
#15525=CARTESIAN_POINT('',(12.5,4.3,14.2));
#15526=CARTESIAN_POINT('Origin',(11.,7.5,17.5));
#15527=CARTESIAN_POINT('',(9.5,9.,19.));
#15528=CARTESIAN_POINT('',(12.4,6.1,16.));
#15529=CARTESIAN_POINT('Origin',(12.5,4.3,14.2));
#15530=CARTESIAN_POINT('',(11.5,4.3,14.2));
#15531=CARTESIAN_POINT('',(12.5,4.3,14.2));
#15532=CARTESIAN_POINT('',(11.5,4.3,14.2));
#15533=CARTESIAN_POINT('Origin',(11.5,0.,0.));
#15534=CARTESIAN_POINT('',(11.5,4.3,-14.2));
#15535=CARTESIAN_POINT('',(11.5,4.3,-14.2));
#15536=CARTESIAN_POINT('',(11.5,6.1,-16.));
#15537=CARTESIAN_POINT('',(11.5,4.,-16.));
#15538=CARTESIAN_POINT('',(11.5,3.,-8.337822173509));
#15539=CARTESIAN_POINT('',(11.5,3.,-7.662177826491));
#15540=CARTESIAN_POINT('',(11.5,3.,-0.3378221735089));
#15541=CARTESIAN_POINT('',(11.5,3.,0.3378221735089));
#15542=CARTESIAN_POINT('',(11.5,3.,7.662177826491));
#15543=CARTESIAN_POINT('',(11.5,3.,8.337822173509));
#15544=CARTESIAN_POINT('Origin',(9.847520861407,3.,11.2));
#15545=CARTESIAN_POINT('',(9.847520861407,3.,11.2));
#15546=CARTESIAN_POINT('Origin',(6.152479138593,3.,11.2));
#15547=CARTESIAN_POINT('',(6.152479138593,3.,11.2));
#15548=CARTESIAN_POINT('Origin',(4.304958277186,3.,8.));
#15549=CARTESIAN_POINT('',(4.5,3.,8.337822173509));
#15550=CARTESIAN_POINT('Origin',(4.5,0.,-16.));
#15551=CARTESIAN_POINT('',(4.5,3.,7.662177826491));
#15552=CARTESIAN_POINT('',(4.5,3.,0.3378221735089));
#15553=CARTESIAN_POINT('',(4.5,3.,-0.3378221735089));
#15554=CARTESIAN_POINT('',(4.5,3.,-7.662177826491));
#15555=CARTESIAN_POINT('',(4.5,3.,-8.337822173509));
#15556=CARTESIAN_POINT('',(4.5,4.,-16.));
#15557=CARTESIAN_POINT('',(4.5,4.3,-14.2));
#15558=CARTESIAN_POINT('Origin',(3.5,4.3,-14.2));
#15559=CARTESIAN_POINT('',(3.6,6.1,-16.));
#15560=CARTESIAN_POINT('Origin',(5.,7.5,-17.5));
#15561=CARTESIAN_POINT('',(6.5,9.,-19.));
#15562=CARTESIAN_POINT('Origin',(0.,9.,0.));
#15563=CARTESIAN_POINT('Origin',(0.,9.,0.));
#15564=CARTESIAN_POINT('Origin',(0.,9.,0.));
#15565=CARTESIAN_POINT('Origin',(0.,9.,0.));
#15566=CARTESIAN_POINT('',(-9.5,9.,-19.));
#15567=CARTESIAN_POINT('Origin',(-11.,7.5,-17.5));
#15568=CARTESIAN_POINT('',(-12.4,6.1,-16.));
#15569=CARTESIAN_POINT('Origin',(-12.5,6.1,-16.));
#15570=CARTESIAN_POINT('',(-11.5,4.3,-14.2));
#15571=CARTESIAN_POINT('',(-12.5,4.3,-14.2));
#15572=CARTESIAN_POINT('',(-11.5,6.1,-16.));
#15573=CARTESIAN_POINT('Origin',(-11.5,0.,0.));
#15574=CARTESIAN_POINT('',(-11.5,3.,8.337822173509));
#15575=CARTESIAN_POINT('',(-11.5,3.,7.662177826491));
#15576=CARTESIAN_POINT('',(-11.5,3.,0.3378221735089));
#15577=CARTESIAN_POINT('',(-11.5,3.,-0.3378221735089));
#15578=CARTESIAN_POINT('',(-11.5,3.,-7.662177826491));
#15579=CARTESIAN_POINT('',(-11.5,3.,-8.337822173509));
#15580=CARTESIAN_POINT('',(-11.5,4.,-16.));
#15581=CARTESIAN_POINT('',(-11.5,4.3,14.2));
#15582=CARTESIAN_POINT('',(-11.5,4.3,-14.2));
#15583=CARTESIAN_POINT('',(-11.5,4.3,14.2));
#15584=CARTESIAN_POINT('Origin',(-12.5,4.3,14.2));
#15585=CARTESIAN_POINT('',(-12.5,4.3,14.2));
#15586=CARTESIAN_POINT('Origin',(-12.5,4.3,-14.2));
#15587=CARTESIAN_POINT('Origin',(-12.5,4.,-16.));
#15588=CARTESIAN_POINT('Origin',(-12.5,4.,-16.));
#15589=CARTESIAN_POINT('Origin',(-12.5,4.,-16.));
#15590=CARTESIAN_POINT('',(-3.5,3.5,-15.5));
#15591=CARTESIAN_POINT('Origin',(3.5,3.5,-15.5));
#15592=CARTESIAN_POINT('',(-3.5,3.5,-16.));
#15593=CARTESIAN_POINT('Origin',(0.,0.,-16.));
#15594=CARTESIAN_POINT('Origin',(-9.847520861407,3.,-11.2));
#15595=CARTESIAN_POINT('',(-9.847520861407,3.,-11.2));
#15596=CARTESIAN_POINT('Origin',(-6.152479138593,3.,-11.2));
#15597=CARTESIAN_POINT('',(-6.152479138593,3.,-11.2));
#15598=CARTESIAN_POINT('Origin',(-4.304958277186,3.,-8.));
#15599=CARTESIAN_POINT('Origin',(-11.69504172281,3.,-8.));
#15600=CARTESIAN_POINT('',(-9.847520861407,3.,-4.8));
#15601=CARTESIAN_POINT('Origin',(-9.847520861407,3.,-4.8));
#15602=CARTESIAN_POINT('',(-6.152479138593,3.,-4.8));
#15603=CARTESIAN_POINT('Origin',(-6.152479138593,3.,-4.8));
#15604=CARTESIAN_POINT('Origin',(-9.847520861407,3.,-3.2));
#15605=CARTESIAN_POINT('',(-9.847520861407,3.,-3.2));
#15606=CARTESIAN_POINT('Origin',(-6.152479138593,3.,-3.2));
#15607=CARTESIAN_POINT('',(-6.152479138593,3.,-3.2));
#15608=CARTESIAN_POINT('Origin',(-4.304958277186,3.,0.));
#15609=CARTESIAN_POINT('Origin',(-11.69504172281,3.,0.));
#15610=CARTESIAN_POINT('',(-9.847520861407,3.,3.2));
#15611=CARTESIAN_POINT('Origin',(-9.847520861407,3.,3.2));
#15612=CARTESIAN_POINT('',(-6.152479138593,3.,3.2));
#15613=CARTESIAN_POINT('Origin',(-6.152479138593,3.,3.2));
#15614=CARTESIAN_POINT('Origin',(-9.847520861407,3.,4.8));
#15615=CARTESIAN_POINT('',(-9.847520861407,3.,4.8));
#15616=CARTESIAN_POINT('Origin',(-6.152479138593,3.,4.8));
#15617=CARTESIAN_POINT('',(-6.152479138593,3.,4.8));
#15618=CARTESIAN_POINT('Origin',(-4.304958277186,3.,8.));
#15619=CARTESIAN_POINT('Origin',(-11.69504172281,3.,8.));
#15620=CARTESIAN_POINT('',(-9.847520861407,3.,11.2));
#15621=CARTESIAN_POINT('Origin',(-9.847520861407,3.,11.2));
#15622=CARTESIAN_POINT('',(-6.152479138593,3.,11.2));
#15623=CARTESIAN_POINT('Origin',(-6.152479138593,3.,11.2));
#15624=CARTESIAN_POINT('Origin',(6.152479138593,3.,-11.2));
#15625=CARTESIAN_POINT('',(6.152479138593,3.,-11.2));
#15626=CARTESIAN_POINT('Origin',(9.847520861407,3.,-11.2));
#15627=CARTESIAN_POINT('',(9.847520861407,3.,-11.2));
#15628=CARTESIAN_POINT('Origin',(11.69504172281,3.,-8.));
#15629=CARTESIAN_POINT('Origin',(4.304958277186,3.,-8.));
#15630=CARTESIAN_POINT('',(6.152479138593,3.,-4.8));
#15631=CARTESIAN_POINT('Origin',(6.152479138593,3.,-4.8));
#15632=CARTESIAN_POINT('',(9.847520861407,3.,-4.8));
#15633=CARTESIAN_POINT('Origin',(9.847520861407,3.,-4.8));
#15634=CARTESIAN_POINT('Origin',(6.152479138593,3.,-3.2));
#15635=CARTESIAN_POINT('',(6.152479138593,3.,-3.2));
#15636=CARTESIAN_POINT('Origin',(9.847520861407,3.,-3.2));
#15637=CARTESIAN_POINT('',(9.847520861407,3.,-3.2));
#15638=CARTESIAN_POINT('Origin',(11.69504172281,3.,0.));
#15639=CARTESIAN_POINT('Origin',(4.304958277186,3.,0.));
#15640=CARTESIAN_POINT('',(6.152479138593,3.,3.2));
#15641=CARTESIAN_POINT('Origin',(6.152479138593,3.,3.2));
#15642=CARTESIAN_POINT('',(9.847520861407,3.,3.2));
#15643=CARTESIAN_POINT('Origin',(9.847520861407,3.,3.2));
#15644=CARTESIAN_POINT('Origin',(6.152479138593,3.,4.8));
#15645=CARTESIAN_POINT('',(6.152479138593,3.,4.8));
#15646=CARTESIAN_POINT('Origin',(9.847520861407,3.,4.8));
#15647=CARTESIAN_POINT('',(9.847520861407,3.,4.8));
#15648=CARTESIAN_POINT('Origin',(11.69504172281,3.,8.));
#15649=CARTESIAN_POINT('Origin',(12.5,6.1,-16.));
#15650=CARTESIAN_POINT('',(12.5,4.3,-14.2));
#15651=CARTESIAN_POINT('Origin',(12.5,4.3,-14.2));
#15652=CARTESIAN_POINT('Origin',(12.5,0.,-17.));
#15653=CARTESIAN_POINT('Origin',(12.5,0.,-17.));
#15654=CARTESIAN_POINT('Origin',(-3.5,4.3,-14.2));
#15655=CARTESIAN_POINT('Origin',(-5.5,2.,-19.));
#15656=CARTESIAN_POINT('',(-0.9,2.,-19.));
#15657=CARTESIAN_POINT('Origin',(-0.9,2.,-19.));
#15658=CARTESIAN_POINT('',(2.1,3.,-19.));
#15659=CARTESIAN_POINT('Origin',(2.1,2.,-19.));
#15660=CARTESIAN_POINT('',(2.1,6.,-19.));
#15661=CARTESIAN_POINT('',(2.1,5.5,-17.8));
#15662=CARTESIAN_POINT('Origin',(2.1,6.,-19.));
#15663=CARTESIAN_POINT('',(-0.9,7.,-19.));
#15664=CARTESIAN_POINT('Origin',(2.1,7.,-19.));
#15665=CARTESIAN_POINT('Origin',(1.5,5.5,-17.8));
#15666=CARTESIAN_POINT('Origin',(1.5,3.5,-17.8));
#15667=CARTESIAN_POINT('Origin',(-5.5,3.5,-19.));
#15668=CARTESIAN_POINT('Origin',(-5.5,3.5,-19.));
#15669=CARTESIAN_POINT('Origin',(2.1,3.,19.));
#15670=CARTESIAN_POINT('',(-0.9,2.,19.));
#15671=CARTESIAN_POINT('Origin',(2.1,2.,19.));
#15672=CARTESIAN_POINT('Origin',(1.154700538379,3.,6.));
#15673=CARTESIAN_POINT('',(-1.154700538379,2.,6.));
#15674=CARTESIAN_POINT('',(-1.154700538379,2.,6.));
#15675=CARTESIAN_POINT('',(1.154700538379,2.,6.));
#15676=CARTESIAN_POINT('',(1.154700538379,2.,6.));
#15677=CARTESIAN_POINT('',(1.154700538379,4.,6.));
#15678=CARTESIAN_POINT('',(2.540341184434,3.,6.));
#15679=CARTESIAN_POINT('',(-2.540341184434,3.,6.));
#15680=CARTESIAN_POINT('Origin',(-1.154700538379,3.,6.));
#15681=CARTESIAN_POINT('',(-2.309401076759,2.,8.));
#15682=CARTESIAN_POINT('',(-2.309401076759,2.,8.));
#15683=CARTESIAN_POINT('',(-1.154700538379,2.,6.));
#15684=CARTESIAN_POINT('Origin',(0.,2.,0.));
#15685=CARTESIAN_POINT('',(-1.154700538379,2.,10.));
#15686=CARTESIAN_POINT('',(-2.309401076759,2.,8.));
#15687=CARTESIAN_POINT('',(1.154700538379,2.,10.));
#15688=CARTESIAN_POINT('',(-1.154700538379,2.,10.));
#15689=CARTESIAN_POINT('',(2.309401076759,2.,8.));
#15690=CARTESIAN_POINT('',(1.154700538379,2.,10.));
#15691=CARTESIAN_POINT('',(2.309401076759,2.,8.));
#15692=CARTESIAN_POINT('',(0.,2.,9.05));
#15693=CARTESIAN_POINT('Origin',(0.,2.,8.));
#15694=CARTESIAN_POINT('Origin',(2.309401076759,3.,8.));
#15695=CARTESIAN_POINT('',(2.309401076759,2.,8.));
#15696=CARTESIAN_POINT('Origin',(1.154700538379,3.,10.));
#15697=CARTESIAN_POINT('',(1.154700538379,2.,10.));
#15698=CARTESIAN_POINT('Origin',(-1.154700538379,3.,10.));
#15699=CARTESIAN_POINT('',(-1.154700538379,2.,10.));
#15700=CARTESIAN_POINT('Origin',(-2.309401076759,3.,8.));
#15701=CARTESIAN_POINT('Origin',(0.,0.,8.));
#15702=CARTESIAN_POINT('',(-1.28587913910472E-16,0.,9.05));
#15703=CARTESIAN_POINT('Origin',(-1.847520861407,3.,4.8));
#15704=CARTESIAN_POINT('Origin',(3.695041722814,3.,8.));
#15705=CARTESIAN_POINT('Origin',(-3.695041722814,3.,8.));
#15706=CARTESIAN_POINT('',(-1.847520861407,3.,11.2));
#15707=CARTESIAN_POINT('Origin',(-1.847520861407,3.,11.2));
#15708=CARTESIAN_POINT('',(1.847520861407,3.,11.2));
#15709=CARTESIAN_POINT('Origin',(1.847520861407,3.,11.2));
#15710=CARTESIAN_POINT('Origin',(3.5,3.5,16.));
#15711=CARTESIAN_POINT('',(-3.5,3.5,16.));
#15712=CARTESIAN_POINT('Origin',(0.,0.,16.));
#15713=CARTESIAN_POINT('Origin',(-1.847520861407,3.,-11.2));
#15714=CARTESIAN_POINT('',(-1.847520861407,3.,-11.2));
#15715=CARTESIAN_POINT('Origin',(1.847520861407,3.,-11.2));
#15716=CARTESIAN_POINT('',(1.847520861407,3.,-11.2));
#15717=CARTESIAN_POINT('Origin',(3.695041722814,3.,-8.));
#15718=CARTESIAN_POINT('Origin',(-3.695041722814,3.,-8.));
#15719=CARTESIAN_POINT('Origin',(-3.,4.3,4.95));
#15720=CARTESIAN_POINT('',(-3.,4.3,4.95));
#15721=CARTESIAN_POINT('',(3.,4.3,4.95));
#15722=CARTESIAN_POINT('Origin',(3.,4.3,4.95));
#15723=CARTESIAN_POINT('',(3.,4.3,-4.95));
#15724=CARTESIAN_POINT('',(3.,1.5,-2.645751311065));
#15725=CARTESIAN_POINT('',(3.,1.5,-2.645751311065));
#15726=CARTESIAN_POINT('',(3.,1.5,2.645751311065));
#15727=CARTESIAN_POINT('',(3.,1.5,2.645751311065));
#15728=CARTESIAN_POINT('',(3.,1.5,2.645751311065));
#15729=CARTESIAN_POINT('Origin',(0.,0.,0.));
#15730=CARTESIAN_POINT('Origin',(0.,1.5,0.));
#15731=CARTESIAN_POINT('Origin',(0.,1.5,0.));
#15732=CARTESIAN_POINT('Origin',(0.,1.5,0.));
#15733=CARTESIAN_POINT('',(-3.,1.5,2.645751311065));
#15734=CARTESIAN_POINT('',(-3.,1.5,-2.645751311065));
#15735=CARTESIAN_POINT('',(-3.,1.5,2.645751311065));
#15736=CARTESIAN_POINT('Origin',(0.,1.5,0.));
#15737=CARTESIAN_POINT('Origin',(-3.,4.3,-4.95));
#15738=CARTESIAN_POINT('',(-3.,4.3,-4.95));
#15739=CARTESIAN_POINT('',(-3.,1.5,2.645751311065));
#15740=CARTESIAN_POINT('',(-3.,1.5,-2.645751311065));
#15741=CARTESIAN_POINT('Origin',(0.,0.,0.));
#15742=CARTESIAN_POINT('Origin',(3.,4.3,-4.95));
#15743=CARTESIAN_POINT('Origin',(26.5,-65.,19.));
#15744=CARTESIAN_POINT('',(26.5,-3.,16.));
#15745=CARTESIAN_POINT('',(26.5,-65.,16.));
#15746=CARTESIAN_POINT('',(26.5,-31.5,16.));
#15747=CARTESIAN_POINT('',(26.5,-3.,19.));
#15748=CARTESIAN_POINT('',(26.5,-3.,19.));
#15749=CARTESIAN_POINT('',(26.5,-65.,19.));
#15750=CARTESIAN_POINT('',(26.5,-31.5,19.));
#15751=CARTESIAN_POINT('',(26.5,-65.,19.));
#15752=CARTESIAN_POINT('Origin',(37.5,-3.,19.));
#15753=CARTESIAN_POINT('',(37.5,-65.,16.));
#15754=CARTESIAN_POINT('',(37.5,-3.,16.));
#15755=CARTESIAN_POINT('',(37.5,-0.499999999999998,16.));
#15756=CARTESIAN_POINT('',(37.5,-65.,19.));
#15757=CARTESIAN_POINT('',(37.5,-65.,19.));
#15758=CARTESIAN_POINT('',(37.5,-3.,19.));
#15759=CARTESIAN_POINT('',(37.5,-0.499999999999998,19.));
#15760=CARTESIAN_POINT('',(37.5,-3.,19.));
#15761=CARTESIAN_POINT('Origin',(37.5,-3.,19.));
#15762=CARTESIAN_POINT('',(37.5,-3.,-16.));
#15763=CARTESIAN_POINT('',(37.5,-65.,-16.));
#15764=CARTESIAN_POINT('',(37.5,-36.5,-16.));
#15765=CARTESIAN_POINT('',(37.5,-3.,-19.));
#15766=CARTESIAN_POINT('',(37.5,-3.,19.));
#15767=CARTESIAN_POINT('',(37.5,-65.,-19.));
#15768=CARTESIAN_POINT('',(37.5,-36.5,-19.));
#15769=CARTESIAN_POINT('',(37.5,-65.,19.));
#15770=CARTESIAN_POINT('Origin',(26.5,-65.,19.));
#15771=CARTESIAN_POINT('',(26.5,-65.,-16.));
#15772=CARTESIAN_POINT('',(26.5,-3.,-16.));
#15773=CARTESIAN_POINT('',(26.5,-67.5,-16.));
#15774=CARTESIAN_POINT('',(26.5,-65.,-19.));
#15775=CARTESIAN_POINT('',(26.5,-65.,19.));
#15776=CARTESIAN_POINT('',(26.5,-3.,-19.));
#15777=CARTESIAN_POINT('',(26.5,-67.5,-19.));
#15778=CARTESIAN_POINT('',(26.5,-3.,19.));
#15779=CARTESIAN_POINT('Origin',(19.5,-3.,-17.));
#15780=CARTESIAN_POINT('',(22.7426406871193,-3.,16.));
#15781=CARTESIAN_POINT('',(19.5,-3.,16.));
#15782=CARTESIAN_POINT('',(19.5,-3.,12.7573593128807));
#15783=CARTESIAN_POINT('',(13.6213203435596,-3.,6.87867965644037));
#15784=CARTESIAN_POINT('',(19.5,-3.,-12.7573593128807));
#15785=CARTESIAN_POINT('',(19.5,-3.,-8.5));
#15786=CARTESIAN_POINT('',(22.7426406871193,-2.99999999999999,-16.));
#15787=CARTESIAN_POINT('',(22.1213203435596,-2.99999999999999,-15.3786796564404));
#15788=CARTESIAN_POINT('',(19.5,-3.,-16.));
#15789=CARTESIAN_POINT('',(23.,-3.,-19.));
#15790=CARTESIAN_POINT('',(41.2573593128807,-2.99999999999999,-16.));
#15791=CARTESIAN_POINT('',(19.5,-3.,-16.));
#15792=CARTESIAN_POINT('',(44.5,-3.,-12.7573593128807));
#15793=CARTESIAN_POINT('',(35.6286796564403,-2.99999999999999,-21.6286796564404));
#15794=CARTESIAN_POINT('',(44.5,-3.,12.7573593128807));
#15795=CARTESIAN_POINT('',(44.5,-3.,-8.5));
#15796=CARTESIAN_POINT('',(41.2573593128807,-3.,16.));
#15797=CARTESIAN_POINT('',(44.1286796564403,-3.,13.1286796564404));
#15798=CARTESIAN_POINT('',(19.5,-3.,16.));
#15799=CARTESIAN_POINT('',(23.,-3.,19.));
#15800=CARTESIAN_POINT('',(38.95,-3.,1.28587913910473E-16));
#15801=CARTESIAN_POINT('Origin',(40.,-3.,0.));
#15802=CARTESIAN_POINT('',(38.95,-3.,8.));
#15803=CARTESIAN_POINT('Origin',(40.,-3.,8.));
#15804=CARTESIAN_POINT('',(38.95,-3.,-8.));
#15805=CARTESIAN_POINT('Origin',(40.,-3.,-8.));
#15806=CARTESIAN_POINT('',(30.95,-3.,-8.));
#15807=CARTESIAN_POINT('Origin',(32.,-3.,-8.));
#15808=CARTESIAN_POINT('',(30.95,-3.,8.));
#15809=CARTESIAN_POINT('Origin',(32.,-3.,8.));
#15810=CARTESIAN_POINT('',(22.95,-3.,8.));
#15811=CARTESIAN_POINT('Origin',(24.,-3.,8.));
#15812=CARTESIAN_POINT('',(22.95,-3.,-8.));
#15813=CARTESIAN_POINT('Origin',(24.,-3.,-8.));
#15814=CARTESIAN_POINT('',(22.95,-3.,1.28587913910472E-16));
#15815=CARTESIAN_POINT('Origin',(24.,-3.,0.));
#15816=CARTESIAN_POINT('Origin',(19.5,-70.,-16.));
#15817=CARTESIAN_POINT('',(41.2573593128807,-65.,-16.));
#15818=CARTESIAN_POINT('',(19.5,-65.,-16.));
#15819=CARTESIAN_POINT('',(41.2573593128807,-61.,-16.));
#15820=CARTESIAN_POINT('Origin',(19.5,-65.,17.));
#15821=CARTESIAN_POINT('',(22.7426406871193,-65.,-16.));
#15822=CARTESIAN_POINT('',(19.5,-65.,-16.));
#15823=CARTESIAN_POINT('',(19.5,-65.,-12.7573593128807));
#15824=CARTESIAN_POINT('',(13.6213203435596,-65.,-6.87867965644037));
#15825=CARTESIAN_POINT('',(19.5,-65.,12.7573593128807));
#15826=CARTESIAN_POINT('',(19.5,-65.,8.5));
#15827=CARTESIAN_POINT('',(22.7426406871193,-65.,16.));
#15828=CARTESIAN_POINT('',(22.1213203435596,-65.,15.3786796564404));
#15829=CARTESIAN_POINT('',(19.5,-65.,16.));
#15830=CARTESIAN_POINT('',(28.5,-65.,19.));
#15831=CARTESIAN_POINT('',(41.2573593128807,-65.,16.));
#15832=CARTESIAN_POINT('',(19.5,-65.,16.));
#15833=CARTESIAN_POINT('',(44.5,-65.,12.7573593128807));
#15834=CARTESIAN_POINT('',(35.6286796564403,-65.,21.6286796564404));
#15835=CARTESIAN_POINT('',(44.5,-65.,-12.7573593128807));
#15836=CARTESIAN_POINT('',(44.5,-65.,8.5));
#15837=CARTESIAN_POINT('',(44.1286796564403,-65.,-13.1286796564404));
#15838=CARTESIAN_POINT('',(28.5,-65.,-19.));
#15839=CARTESIAN_POINT('',(38.95,-65.,-1.28587913910473E-16));
#15840=CARTESIAN_POINT('Origin',(40.,-65.,0.));
#15841=CARTESIAN_POINT('',(38.95,-65.,8.));
#15842=CARTESIAN_POINT('Origin',(40.,-65.,8.));
#15843=CARTESIAN_POINT('',(38.95,-65.,-8.));
#15844=CARTESIAN_POINT('Origin',(40.,-65.,-8.));
#15845=CARTESIAN_POINT('',(30.95,-65.,-8.));
#15846=CARTESIAN_POINT('Origin',(32.,-65.,-8.));
#15847=CARTESIAN_POINT('',(30.95,-65.,8.));
#15848=CARTESIAN_POINT('Origin',(32.,-65.,8.));
#15849=CARTESIAN_POINT('',(22.95,-65.,8.));
#15850=CARTESIAN_POINT('Origin',(24.,-65.,8.));
#15851=CARTESIAN_POINT('',(22.95,-65.,-8.));
#15852=CARTESIAN_POINT('Origin',(24.,-65.,-8.));
#15853=CARTESIAN_POINT('',(22.95,-65.,-1.28587913910472E-16));
#15854=CARTESIAN_POINT('Origin',(24.,-65.,0.));
#15855=CARTESIAN_POINT('Origin',(19.5,2.,16.));
#15856=CARTESIAN_POINT('',(41.2573593128807,-7.,16.));
#15857=CARTESIAN_POINT('Origin',(32.,0.,-8.));
#15858=CARTESIAN_POINT('',(30.95,0.,-8.));
#15859=CARTESIAN_POINT('Origin',(32.,0.,-8.));
#15860=CARTESIAN_POINT('',(30.95,0.,-8.));
#15861=CARTESIAN_POINT('Origin',(32.,0.,-8.));
#15862=CARTESIAN_POINT('',(30.95,-68.,-8.));
#15863=CARTESIAN_POINT('',(30.95,0.,-8.));
#15864=CARTESIAN_POINT('Origin',(32.,-68.,-8.));
#15865=CARTESIAN_POINT('Origin',(32.,0.,8.));
#15866=CARTESIAN_POINT('',(30.95,0.,8.));
#15867=CARTESIAN_POINT('Origin',(32.,0.,8.));
#15868=CARTESIAN_POINT('',(30.95,0.,8.));
#15869=CARTESIAN_POINT('Origin',(32.,0.,8.));
#15870=CARTESIAN_POINT('',(30.95,-68.,8.));
#15871=CARTESIAN_POINT('',(30.95,0.,8.));
#15872=CARTESIAN_POINT('Origin',(32.,-68.,8.));
#15873=CARTESIAN_POINT('Origin',(24.,0.,8.));
#15874=CARTESIAN_POINT('',(22.95,0.,8.));
#15875=CARTESIAN_POINT('Origin',(24.,0.,8.));
#15876=CARTESIAN_POINT('',(22.95,0.,8.));
#15877=CARTESIAN_POINT('Origin',(24.,0.,8.));
#15878=CARTESIAN_POINT('',(22.95,-68.,8.));
#15879=CARTESIAN_POINT('',(22.95,0.,8.));
#15880=CARTESIAN_POINT('Origin',(24.,-68.,8.));
#15881=CARTESIAN_POINT('Origin',(40.,0.,-8.));
#15882=CARTESIAN_POINT('',(38.95,0.,-8.));
#15883=CARTESIAN_POINT('Origin',(40.,0.,-8.));
#15884=CARTESIAN_POINT('',(38.95,0.,-8.));
#15885=CARTESIAN_POINT('Origin',(40.,0.,-8.));
#15886=CARTESIAN_POINT('',(38.95,-68.,-8.));
#15887=CARTESIAN_POINT('',(38.95,0.,-8.));
#15888=CARTESIAN_POINT('Origin',(40.,-68.,-8.));
#15889=CARTESIAN_POINT('Origin',(24.,0.,-8.));
#15890=CARTESIAN_POINT('',(22.95,0.,-8.));
#15891=CARTESIAN_POINT('Origin',(24.,0.,-8.));
#15892=CARTESIAN_POINT('',(22.95,0.,-8.));
#15893=CARTESIAN_POINT('Origin',(24.,0.,-8.));
#15894=CARTESIAN_POINT('',(22.95,-68.,-8.));
#15895=CARTESIAN_POINT('',(22.95,0.,-8.));
#15896=CARTESIAN_POINT('Origin',(24.,-68.,-8.));
#15897=CARTESIAN_POINT('Origin',(40.,0.,8.));
#15898=CARTESIAN_POINT('',(38.95,0.,8.));
#15899=CARTESIAN_POINT('Origin',(40.,0.,8.));
#15900=CARTESIAN_POINT('',(38.95,0.,8.));
#15901=CARTESIAN_POINT('Origin',(40.,0.,8.));
#15902=CARTESIAN_POINT('',(38.95,-68.,8.));
#15903=CARTESIAN_POINT('',(38.95,0.,8.));
#15904=CARTESIAN_POINT('Origin',(40.,-68.,8.));
#15905=CARTESIAN_POINT('Origin',(24.,0.,0.));
#15906=CARTESIAN_POINT('',(22.95,0.,-1.28587913910472E-16));
#15907=CARTESIAN_POINT('Origin',(24.,0.,0.));
#15908=CARTESIAN_POINT('',(22.95,0.,-1.28587913910472E-16));
#15909=CARTESIAN_POINT('Origin',(24.,0.,0.));
#15910=CARTESIAN_POINT('',(22.95,-68.,1.28587913910472E-16));
#15911=CARTESIAN_POINT('',(22.95,0.,-1.28587913910472E-16));
#15912=CARTESIAN_POINT('Origin',(24.,-68.,0.));
#15913=CARTESIAN_POINT('Origin',(40.,0.,0.));
#15914=CARTESIAN_POINT('',(38.95,0.,-1.28587913910473E-16));
#15915=CARTESIAN_POINT('Origin',(40.,0.,0.));
#15916=CARTESIAN_POINT('',(38.95,0.,-1.28587913910473E-16));
#15917=CARTESIAN_POINT('Origin',(40.,0.,0.));
#15918=CARTESIAN_POINT('',(38.95,-68.,1.28587913910473E-16));
#15919=CARTESIAN_POINT('',(38.95,0.,-1.28587913910473E-16));
#15920=CARTESIAN_POINT('Origin',(40.,-68.,0.));
#15921=CARTESIAN_POINT('Origin',(19.5,2.,16.));
#15922=CARTESIAN_POINT('',(22.7426406871193,-7.,16.));
#15923=CARTESIAN_POINT('Origin',(22.6213203435596,-16.,15.8786796564404));
#15924=CARTESIAN_POINT('',(19.5,-25.,12.7573593128807));
#15925=CARTESIAN_POINT('Origin',(41.3786796564403,-52.,-15.8786796564404));
#15926=CARTESIAN_POINT('',(44.5,-43.,-12.7573593128807));
#15927=CARTESIAN_POINT('Origin',(41.3786796564403,-16.,15.8786796564404));
#15928=CARTESIAN_POINT('',(44.5,-25.,12.7573593128807));
#15929=CARTESIAN_POINT('Origin',(22.6213203435596,-52.,-15.8786796564404));
#15930=CARTESIAN_POINT('',(22.7426406871193,-61.,-16.));
#15931=CARTESIAN_POINT('',(19.5,-43.,-12.7573593128807));
#15932=CARTESIAN_POINT('Origin',(19.5,-70.,-16.));
#15933=CARTESIAN_POINT('Origin',(20.5,-52.,-18.));
#15934=CARTESIAN_POINT('',(19.5,0.,-17.));
#15935=CARTESIAN_POINT('',(21.5,2.,-19.));
#15936=CARTESIAN_POINT('',(11.8333333333333,-7.66666666666666,-9.33333333333334));
#15937=CARTESIAN_POINT('',(21.5,-70.,-19.));
#15938=CARTESIAN_POINT('',(21.5,-52.,-19.));
#15939=CARTESIAN_POINT('',(19.5,-68.,-17.));
#15940=CARTESIAN_POINT('',(17.1666666666667,-65.6666666666667,-14.6666666666667));
#15941=CARTESIAN_POINT('',(19.5,-52.,-17.));
#15942=CARTESIAN_POINT('Origin',(19.5,-70.,-19.));
#15943=CARTESIAN_POINT('',(42.5,2.,-19.));
#15944=CARTESIAN_POINT('',(19.5,2.,-19.));
#15945=CARTESIAN_POINT('',(42.5,-70.,-19.));
#15946=CARTESIAN_POINT('',(42.5,-52.,-19.));
#15947=CARTESIAN_POINT('',(19.5,-70.,-19.));
#15948=CARTESIAN_POINT('Origin',(19.5,2.,-19.));
#15949=CARTESIAN_POINT('',(44.5,0.,-17.));
#15950=CARTESIAN_POINT('',(19.5,0.,-17.));
#15951=CARTESIAN_POINT('',(48.,-3.5,-13.5));
#15952=CARTESIAN_POINT('Origin',(43.5,-52.,-18.));
#15953=CARTESIAN_POINT('',(44.5,-68.,-17.));
#15954=CARTESIAN_POINT('',(42.6666666666666,-69.8333333333333,-18.8333333333333));
#15955=CARTESIAN_POINT('',(44.5,-52.,-17.));
#15956=CARTESIAN_POINT('Origin',(44.5,-34.,-1.11022302462516E-15));
#15957=CARTESIAN_POINT('',(44.5,0.,17.));
#15958=CARTESIAN_POINT('',(44.5,0.,-8.5));
#15959=CARTESIAN_POINT('',(44.5,-68.,17.));
#15960=CARTESIAN_POINT('',(44.5,-16.,17.));
#15961=CARTESIAN_POINT('',(44.5,-68.,8.5));
#15962=CARTESIAN_POINT('Origin',(43.5,-16.,18.));
#15963=CARTESIAN_POINT('',(42.5,2.,19.));
#15964=CARTESIAN_POINT('',(42.6666666666666,1.83333333333333,18.8333333333333));
#15965=CARTESIAN_POINT('',(42.5,-70.,19.));
#15966=CARTESIAN_POINT('',(42.5,-16.,19.));
#15967=CARTESIAN_POINT('',(48.,-64.5,13.5));
#15968=CARTESIAN_POINT('Origin',(19.5,-70.,19.));
#15969=CARTESIAN_POINT('',(21.5,-70.,19.));
#15970=CARTESIAN_POINT('',(19.5,-70.,19.));
#15971=CARTESIAN_POINT('',(19.5,-68.,17.));
#15972=CARTESIAN_POINT('',(11.8333333333333,-60.3333333333334,9.33333333333335));
#15973=CARTESIAN_POINT('',(19.5,-68.,17.));
#15974=CARTESIAN_POINT('Origin',(19.5,2.,19.));
#15975=CARTESIAN_POINT('',(21.5,2.,19.));
#15976=CARTESIAN_POINT('',(19.5,2.,19.));
#15977=CARTESIAN_POINT('',(21.5,-16.,19.));
#15978=CARTESIAN_POINT('Origin',(20.5,-16.,18.));
#15979=CARTESIAN_POINT('',(19.5,0.,17.));
#15980=CARTESIAN_POINT('',(17.1666666666667,-2.33333333333333,14.6666666666667));
#15981=CARTESIAN_POINT('',(19.5,-16.,17.));
#15982=CARTESIAN_POINT('Origin',(19.5,0.,17.));
#15983=CARTESIAN_POINT('',(19.5,0.,17.));
#15984=CARTESIAN_POINT('Origin',(19.5,0.,-17.));
#15985=CARTESIAN_POINT('',(19.5,0.,-17.));
#15986=CARTESIAN_POINT('Origin',(19.5,-68.,-17.));
#15987=CARTESIAN_POINT('',(19.5,-68.,-17.));
#15988=CARTESIAN_POINT('Origin',(19.5,-68.,17.));
#15989=CARTESIAN_POINT('',(19.5,-68.,-17.));
#15990=CARTESIAN_POINT('Origin',(19.5,-34.,0.));
#15991=CARTESIAN_POINT('',(32.0000000000002,1.77635683940025E-13,3.96904731303493E-14));
#15992=CARTESIAN_POINT('',(32.0000000000001,-68.0000000000012,-2.94209101525666E-14));
#15993=UNCERTAINTY_MEASURE_WITH_UNIT(LENGTH_MEASURE(0.01),#16001,
'DISTANCE_ACCURACY_VALUE',
'Maximum model space distance between geometric entities at asserted c
onnectivities');
#15994=UNCERTAINTY_MEASURE_WITH_UNIT(LENGTH_MEASURE(0.01),#16001,
'DISTANCE_ACCURACY_VALUE',
'Maximum model space distance between geometric entities at asserted c
onnectivities');
#15995=UNCERTAINTY_MEASURE_WITH_UNIT(LENGTH_MEASURE(0.01),#16001,
'DISTANCE_ACCURACY_VALUE',
'Maximum model space distance between geometric entities at asserted c
onnectivities');
#15996=UNCERTAINTY_MEASURE_WITH_UNIT(LENGTH_MEASURE(0.01),#16001,
'DISTANCE_ACCURACY_VALUE',
'Maximum model space distance between geometric entities at asserted c
onnectivities');
#15997=(
GEOMETRIC_REPRESENTATION_CONTEXT(3)
GLOBAL_UNCERTAINTY_ASSIGNED_CONTEXT((#15993))
GLOBAL_UNIT_ASSIGNED_CONTEXT((#16001,#16003,#16004))
REPRESENTATION_CONTEXT('','3D')
);
#15998=(
GEOMETRIC_REPRESENTATION_CONTEXT(3)
GLOBAL_UNCERTAINTY_ASSIGNED_CONTEXT((#15994))
GLOBAL_UNIT_ASSIGNED_CONTEXT((#16001,#16003,#16004))
REPRESENTATION_CONTEXT('','3D')
);
#15999=(
GEOMETRIC_REPRESENTATION_CONTEXT(3)
GLOBAL_UNCERTAINTY_ASSIGNED_CONTEXT((#15995))
GLOBAL_UNIT_ASSIGNED_CONTEXT((#16001,#16003,#16004))
REPRESENTATION_CONTEXT('','3D')
);
#16000=(
GEOMETRIC_REPRESENTATION_CONTEXT(3)
GLOBAL_UNCERTAINTY_ASSIGNED_CONTEXT((#15996))
GLOBAL_UNIT_ASSIGNED_CONTEXT((#16001,#16003,#16004))
REPRESENTATION_CONTEXT('','3D')
);
#16001=(
LENGTH_UNIT()
NAMED_UNIT(*)
SI_UNIT(.MILLI.,.METRE.)
);
#16002=(
LENGTH_UNIT()
NAMED_UNIT(*)
SI_UNIT($,.METRE.)
);
#16003=(
NAMED_UNIT(*)
PLANE_ANGLE_UNIT()
SI_UNIT($,.RADIAN.)
);
#16004=(
NAMED_UNIT(*)
SI_UNIT($,.STERADIAN.)
SOLID_ANGLE_UNIT()
);
#16005=SHAPE_DEFINITION_REPRESENTATION(#16008,#16013);
#16006=SHAPE_DEFINITION_REPRESENTATION(#16009,#16014);
#16007=SHAPE_DEFINITION_REPRESENTATION(#16010,#16015);
#16008=PRODUCT_DEFINITION_SHAPE('',$,#16017);
#16009=PRODUCT_DEFINITION_SHAPE('',$,#16018);
#16010=PRODUCT_DEFINITION_SHAPE('',$,#16019);
#16011=PRODUCT_DEFINITION_SHAPE($,$,#17);
#16012=PRODUCT_DEFINITION_SHAPE($,$,#18);
#16013=SHAPE_REPRESENTATION('',(#10049,#10660,#10661),#15997);
#16014=SHAPE_REPRESENTATION('',(#10050),#15998);
#16015=SHAPE_REPRESENTATION('',(#10317),#15999);
#16016=PRODUCT_DEFINITION_CONTEXT('part definition',#16027,'design');
#16017=PRODUCT_DEFINITION('p1','p1 v3',#16020,#16016);
#16018=PRODUCT_DEFINITION('F3','FP04-F3 v1 (1)',#16021,#16016);
#16019=PRODUCT_DEFINITION('F3_1','FP04-F3 v1 (2)',#16022,#16016);
#16020=PRODUCT_DEFINITION_FORMATION('',$,#16029);
#16021=PRODUCT_DEFINITION_FORMATION('',$,#16030);
#16022=PRODUCT_DEFINITION_FORMATION('',$,#16031);
#16023=PRODUCT_RELATED_PRODUCT_CATEGORY('p1 v3','p1 v3',(#16029));
#16024=PRODUCT_RELATED_PRODUCT_CATEGORY('FP04-F3 v1 (1)',
'FP04-F3 v1 (1)',(#16030));
#16025=PRODUCT_RELATED_PRODUCT_CATEGORY('FP04-F3 v1 (2)',
'FP04-F3 v1 (2)',(#16031));
#16026=APPLICATION_PROTOCOL_DEFINITION('international standard',
'automotive_design',2009,#16027);
#16027=APPLICATION_CONTEXT(
'Core Data for Automotive Mechanical Design Process');
#16028=PRODUCT_CONTEXT('part definition',#16027,'mechanical');
#16029=PRODUCT('p1','p1 v3',$,(#16028));
#16030=PRODUCT('F3','FP04-F3 v1 (1)',$,(#16028));
#16031=PRODUCT('F3_1','FP04-F3 v1 (2)',$,(#16028));
#16032=PRESENTATION_STYLE_ASSIGNMENT((#16033));
#16033=SURFACE_STYLE_USAGE(.BOTH.,#16034);
#16034=SURFACE_SIDE_STYLE('',(#16035));
#16035=SURFACE_STYLE_FILL_AREA(#16036);
#16036=FILL_AREA_STYLE('Steel - Satin',(#16037));
#16037=FILL_AREA_STYLE_COLOUR('Steel - Satin',#16038);
#16038=COLOUR_RGB('Steel - Satin',0.627450980392157,0.627450980392157,0.627450980392157);
ENDSEC;
END-ISO-10303-21;
