ISO-10303-21;
HEADER;
/* Generated by software containing ST-Developer
 * from STEP Tools, Inc. (www.steptools.com) 
 */

FILE_DESCRIPTION(
/* description */ (''),
/* implementation_level */ '2;1');

FILE_NAME(
/* name */ 'enclosure_2.step',
/* time_stamp */ '2026-08-24T12:17:43+07:00',
/* author */ (''),
/* organization */ (''),
/* preprocessor_version */ 'ST-DEVELOPER v20.1',
/* originating_system */ 'Autodesk Translation Framework v15.8.0.0',
/* authorisation */ '');

FILE_SCHEMA (('AUTOMOTIVE_DESIGN { 1 0 10303 214 3 1 1 }'));
ENDSEC;

DATA;
#10=MECHANICAL_DESIGN_GEOMETRIC_PRESENTATION_REPRESENTATION('',(#13),#2551);
#11=SHAPE_REPRESENTATION_RELATIONSHIP('SRR','None',#2558,#12);
#12=ADVANCED_BREP_SHAPE_REPRESENTATION('',(#14),#2550);
#13=STYLED_ITEM('',(#2567),#14);
#14=MANIFOLD_SOLID_BREP('Body1',#1571);
#15=FACE_BOUND('',#217,.T.);
#16=FACE_BOUND('',#218,.T.);
#17=FACE_BOUND('',#219,.T.);
#18=FACE_BOUND('',#220,.T.);
#19=FACE_BOUND('',#239,.T.);
#20=FACE_BOUND('',#240,.T.);
#21=FACE_BOUND('',#241,.T.);
#22=FACE_BOUND('',#242,.T.);
#23=FACE_BOUND('',#268,.T.);
#24=FACE_BOUND('',#269,.T.);
#25=FACE_BOUND('',#270,.T.);
#26=FACE_BOUND('',#271,.T.);
#27=FACE_BOUND('',#272,.T.);
#28=FACE_BOUND('',#273,.T.);
#29=FACE_BOUND('',#274,.T.);
#30=FACE_BOUND('',#275,.T.);
#31=FACE_BOUND('',#276,.T.);
#32=FACE_BOUND('',#277,.T.);
#33=FACE_BOUND('',#278,.T.);
#34=FACE_BOUND('',#279,.T.);
#35=FACE_BOUND('',#280,.T.);
#36=FACE_BOUND('',#281,.T.);
#37=FACE_BOUND('',#282,.T.);
#38=FACE_BOUND('',#283,.T.);
#39=FACE_BOUND('',#285,.T.);
#40=FACE_BOUND('',#286,.T.);
#41=FACE_BOUND('',#287,.T.);
#42=FACE_BOUND('',#288,.T.);
#43=FACE_BOUND('',#289,.T.);
#44=FACE_BOUND('',#290,.T.);
#45=FACE_BOUND('',#291,.T.);
#46=FACE_BOUND('',#292,.T.);
#47=FACE_BOUND('',#293,.T.);
#48=FACE_BOUND('',#294,.T.);
#49=CIRCLE('',#1600,1.299999999999);
#50=CIRCLE('',#1601,1.299999999999);
#51=CIRCLE('',#1603,1.299999999999);
#52=CIRCLE('',#1604,1.299999999999);
#53=CIRCLE('',#1606,1.299999999999);
#54=CIRCLE('',#1607,1.299999999999);
#55=CIRCLE('',#1609,1.299999999999);
#56=CIRCLE('',#1610,1.299999999999);
#57=CIRCLE('',#1626,1.299999999999);
#58=CIRCLE('',#1627,1.299999999999);
#59=CIRCLE('',#1629,1.299999999999);
#60=CIRCLE('',#1630,1.299999999999);
#61=CIRCLE('',#1632,1.299999999999);
#62=CIRCLE('',#1633,1.299999999999);
#63=CIRCLE('',#1635,1.299999999999);
#64=CIRCLE('',#1636,1.299999999999);
#65=CIRCLE('',#1652,1.2645);
#66=CIRCLE('',#1653,1.2645);
#67=CIRCLE('',#1655,1.2645);
#68=CIRCLE('',#1656,1.2645);
#69=CIRCLE('',#1658,1.2645);
#70=CIRCLE('',#1659,1.2645);
#71=CIRCLE('',#1661,1.2645);
#72=CIRCLE('',#1662,1.2645);
#73=CIRCLE('',#1664,1.2645);
#74=CIRCLE('',#1665,1.2645);
#75=CIRCLE('',#1667,1.2645);
#76=CIRCLE('',#1668,1.2645);
#77=CIRCLE('',#1670,1.2645);
#78=CIRCLE('',#1671,1.2645);
#79=CIRCLE('',#1673,1.2645);
#80=CIRCLE('',#1674,1.2645);
#81=CIRCLE('',#1676,60.);
#82=CIRCLE('',#1677,60.);
#83=CIRCLE('',#1682,60.);
#84=CIRCLE('',#1683,60.);
#85=CIRCLE('',#1688,60.);
#86=CIRCLE('',#1689,60.);
#87=CIRCLE('',#1694,60.);
#88=CIRCLE('',#1695,60.);
#89=CYLINDRICAL_SURFACE('',#1599,1.299999999999);
#90=CYLINDRICAL_SURFACE('',#1602,1.299999999999);
#91=CYLINDRICAL_SURFACE('',#1605,1.299999999999);
#92=CYLINDRICAL_SURFACE('',#1608,1.299999999999);
#93=CYLINDRICAL_SURFACE('',#1625,1.299999999999);
#94=CYLINDRICAL_SURFACE('',#1628,1.299999999999);
#95=CYLINDRICAL_SURFACE('',#1631,1.299999999999);
#96=CYLINDRICAL_SURFACE('',#1634,1.299999999999);
#97=CYLINDRICAL_SURFACE('',#1651,1.2645);
#98=CYLINDRICAL_SURFACE('',#1654,1.2645);
#99=CYLINDRICAL_SURFACE('',#1657,1.2645);
#100=CYLINDRICAL_SURFACE('',#1660,1.2645);
#101=CYLINDRICAL_SURFACE('',#1663,1.2645);
#102=CYLINDRICAL_SURFACE('',#1666,1.2645);
#103=CYLINDRICAL_SURFACE('',#1669,1.2645);
#104=CYLINDRICAL_SURFACE('',#1672,1.2645);
#105=CYLINDRICAL_SURFACE('',#1675,60.);
#106=CYLINDRICAL_SURFACE('',#1681,60.);
#107=CYLINDRICAL_SURFACE('',#1687,60.);
#108=CYLINDRICAL_SURFACE('',#1693,60.);
#109=FACE_OUTER_BOUND('',#185,.T.);
#110=FACE_OUTER_BOUND('',#186,.T.);
#111=FACE_OUTER_BOUND('',#187,.T.);
#112=FACE_OUTER_BOUND('',#188,.T.);
#113=FACE_OUTER_BOUND('',#189,.T.);
#114=FACE_OUTER_BOUND('',#190,.T.);
#115=FACE_OUTER_BOUND('',#191,.T.);
#116=FACE_OUTER_BOUND('',#192,.T.);
#117=FACE_OUTER_BOUND('',#193,.T.);
#118=FACE_OUTER_BOUND('',#194,.T.);
#119=FACE_OUTER_BOUND('',#195,.T.);
#120=FACE_OUTER_BOUND('',#196,.T.);
#121=FACE_OUTER_BOUND('',#197,.T.);
#122=FACE_OUTER_BOUND('',#198,.T.);
#123=FACE_OUTER_BOUND('',#199,.T.);
#124=FACE_OUTER_BOUND('',#200,.T.);
#125=FACE_OUTER_BOUND('',#201,.T.);
#126=FACE_OUTER_BOUND('',#202,.T.);
#127=FACE_OUTER_BOUND('',#203,.T.);
#128=FACE_OUTER_BOUND('',#204,.T.);
#129=FACE_OUTER_BOUND('',#205,.T.);
#130=FACE_OUTER_BOUND('',#206,.T.);
#131=FACE_OUTER_BOUND('',#207,.T.);
#132=FACE_OUTER_BOUND('',#208,.T.);
#133=FACE_OUTER_BOUND('',#209,.T.);
#134=FACE_OUTER_BOUND('',#210,.T.);
#135=FACE_OUTER_BOUND('',#211,.T.);
#136=FACE_OUTER_BOUND('',#212,.T.);
#137=FACE_OUTER_BOUND('',#213,.T.);
#138=FACE_OUTER_BOUND('',#214,.T.);
#139=FACE_OUTER_BOUND('',#215,.T.);
#140=FACE_OUTER_BOUND('',#216,.T.);
#141=FACE_OUTER_BOUND('',#221,.T.);
#142=FACE_OUTER_BOUND('',#222,.T.);
#143=FACE_OUTER_BOUND('',#223,.T.);
#144=FACE_OUTER_BOUND('',#224,.T.);
#145=FACE_OUTER_BOUND('',#225,.T.);
#146=FACE_OUTER_BOUND('',#226,.T.);
#147=FACE_OUTER_BOUND('',#227,.T.);
#148=FACE_OUTER_BOUND('',#228,.T.);
#149=FACE_OUTER_BOUND('',#229,.T.);
#150=FACE_OUTER_BOUND('',#230,.T.);
#151=FACE_OUTER_BOUND('',#231,.T.);
#152=FACE_OUTER_BOUND('',#232,.T.);
#153=FACE_OUTER_BOUND('',#233,.T.);
#154=FACE_OUTER_BOUND('',#234,.T.);
#155=FACE_OUTER_BOUND('',#235,.T.);
#156=FACE_OUTER_BOUND('',#236,.T.);
#157=FACE_OUTER_BOUND('',#237,.T.);
#158=FACE_OUTER_BOUND('',#238,.T.);
#159=FACE_OUTER_BOUND('',#243,.T.);
#160=FACE_OUTER_BOUND('',#244,.T.);
#161=FACE_OUTER_BOUND('',#245,.T.);
#162=FACE_OUTER_BOUND('',#246,.T.);
#163=FACE_OUTER_BOUND('',#247,.T.);
#164=FACE_OUTER_BOUND('',#248,.T.);
#165=FACE_OUTER_BOUND('',#249,.T.);
#166=FACE_OUTER_BOUND('',#250,.T.);
#167=FACE_OUTER_BOUND('',#251,.T.);
#168=FACE_OUTER_BOUND('',#252,.T.);
#169=FACE_OUTER_BOUND('',#253,.T.);
#170=FACE_OUTER_BOUND('',#254,.T.);
#171=FACE_OUTER_BOUND('',#255,.T.);
#172=FACE_OUTER_BOUND('',#256,.T.);
#173=FACE_OUTER_BOUND('',#257,.T.);
#174=FACE_OUTER_BOUND('',#258,.T.);
#175=FACE_OUTER_BOUND('',#259,.T.);
#176=FACE_OUTER_BOUND('',#260,.T.);
#177=FACE_OUTER_BOUND('',#261,.T.);
#178=FACE_OUTER_BOUND('',#262,.T.);
#179=FACE_OUTER_BOUND('',#263,.T.);
#180=FACE_OUTER_BOUND('',#264,.T.);
#181=FACE_OUTER_BOUND('',#265,.T.);
#182=FACE_OUTER_BOUND('',#266,.T.);
#183=FACE_OUTER_BOUND('',#267,.T.);
#184=FACE_OUTER_BOUND('',#284,.T.);
#185=EDGE_LOOP('',(#1007,#1008,#1009,#1010));
#186=EDGE_LOOP('',(#1011,#1012,#1013,#1014));
#187=EDGE_LOOP('',(#1015,#1016,#1017,#1018));
#188=EDGE_LOOP('',(#1019,#1020,#1021,#1022));
#189=EDGE_LOOP('',(#1023,#1024,#1025,#1026));
#190=EDGE_LOOP('',(#1027,#1028,#1029,#1030));
#191=EDGE_LOOP('',(#1031,#1032,#1033,#1034));
#192=EDGE_LOOP('',(#1035,#1036,#1037,#1038));
#193=EDGE_LOOP('',(#1039,#1040,#1041,#1042));
#194=EDGE_LOOP('',(#1043,#1044,#1045,#1046));
#195=EDGE_LOOP('',(#1047,#1048,#1049,#1050));
#196=EDGE_LOOP('',(#1051,#1052,#1053,#1054));
#197=EDGE_LOOP('',(#1055,#1056,#1057,#1058));
#198=EDGE_LOOP('',(#1059,#1060,#1061,#1062));
#199=EDGE_LOOP('',(#1063,#1064,#1065,#1066));
#200=EDGE_LOOP('',(#1067,#1068,#1069,#1070));
#201=EDGE_LOOP('',(#1071,#1072,#1073,#1074));
#202=EDGE_LOOP('',(#1075,#1076,#1077,#1078));
#203=EDGE_LOOP('',(#1079,#1080,#1081,#1082));
#204=EDGE_LOOP('',(#1083,#1084,#1085,#1086));
#205=EDGE_LOOP('',(#1087,#1088,#1089,#1090));
#206=EDGE_LOOP('',(#1091,#1092,#1093,#1094));
#207=EDGE_LOOP('',(#1095,#1096,#1097,#1098));
#208=EDGE_LOOP('',(#1099,#1100,#1101,#1102));
#209=EDGE_LOOP('',(#1103,#1104,#1105,#1106));
#210=EDGE_LOOP('',(#1107,#1108,#1109,#1110));
#211=EDGE_LOOP('',(#1111,#1112,#1113,#1114));
#212=EDGE_LOOP('',(#1115,#1116,#1117,#1118));
#213=EDGE_LOOP('',(#1119,#1120,#1121,#1122));
#214=EDGE_LOOP('',(#1123,#1124,#1125,#1126));
#215=EDGE_LOOP('',(#1127,#1128,#1129,#1130));
#216=EDGE_LOOP('',(#1131,#1132,#1133,#1134,#1135,#1136,#1137,#1138,#1139,
#1140,#1141,#1142,#1143,#1144,#1145,#1146,#1147,#1148,#1149,#1150));
#217=EDGE_LOOP('',(#1151));
#218=EDGE_LOOP('',(#1152));
#219=EDGE_LOOP('',(#1153));
#220=EDGE_LOOP('',(#1154));
#221=EDGE_LOOP('',(#1155,#1156,#1157,#1158));
#222=EDGE_LOOP('',(#1159,#1160,#1161,#1162));
#223=EDGE_LOOP('',(#1163,#1164,#1165,#1166));
#224=EDGE_LOOP('',(#1167,#1168,#1169,#1170));
#225=EDGE_LOOP('',(#1171,#1172,#1173,#1174));
#226=EDGE_LOOP('',(#1175,#1176,#1177,#1178));
#227=EDGE_LOOP('',(#1179,#1180,#1181,#1182));
#228=EDGE_LOOP('',(#1183,#1184,#1185,#1186));
#229=EDGE_LOOP('',(#1187,#1188,#1189,#1190));
#230=EDGE_LOOP('',(#1191,#1192,#1193,#1194));
#231=EDGE_LOOP('',(#1195,#1196,#1197,#1198));
#232=EDGE_LOOP('',(#1199,#1200,#1201,#1202));
#233=EDGE_LOOP('',(#1203,#1204,#1205,#1206));
#234=EDGE_LOOP('',(#1207,#1208,#1209,#1210));
#235=EDGE_LOOP('',(#1211,#1212,#1213,#1214));
#236=EDGE_LOOP('',(#1215,#1216,#1217,#1218));
#237=EDGE_LOOP('',(#1219,#1220,#1221,#1222));
#238=EDGE_LOOP('',(#1223,#1224,#1225,#1226,#1227,#1228,#1229,#1230,#1231,
#1232,#1233,#1234,#1235,#1236,#1237,#1238,#1239,#1240,#1241,#1242));
#239=EDGE_LOOP('',(#1243));
#240=EDGE_LOOP('',(#1244));
#241=EDGE_LOOP('',(#1245));
#242=EDGE_LOOP('',(#1246));
#243=EDGE_LOOP('',(#1247,#1248,#1249,#1250));
#244=EDGE_LOOP('',(#1251,#1252,#1253,#1254));
#245=EDGE_LOOP('',(#1255,#1256,#1257,#1258));
#246=EDGE_LOOP('',(#1259,#1260,#1261,#1262));
#247=EDGE_LOOP('',(#1263,#1264,#1265,#1266));
#248=EDGE_LOOP('',(#1267,#1268,#1269,#1270));
#249=EDGE_LOOP('',(#1271,#1272,#1273,#1274));
#250=EDGE_LOOP('',(#1275,#1276,#1277,#1278));
#251=EDGE_LOOP('',(#1279,#1280,#1281,#1282));
#252=EDGE_LOOP('',(#1283,#1284,#1285,#1286));
#253=EDGE_LOOP('',(#1287,#1288,#1289,#1290));
#254=EDGE_LOOP('',(#1291,#1292,#1293,#1294));
#255=EDGE_LOOP('',(#1295,#1296,#1297,#1298));
#256=EDGE_LOOP('',(#1299,#1300,#1301,#1302));
#257=EDGE_LOOP('',(#1303,#1304,#1305,#1306));
#258=EDGE_LOOP('',(#1307,#1308,#1309,#1310));
#259=EDGE_LOOP('',(#1311,#1312,#1313,#1314));
#260=EDGE_LOOP('',(#1315,#1316,#1317,#1318));
#261=EDGE_LOOP('',(#1319,#1320,#1321,#1322));
#262=EDGE_LOOP('',(#1323,#1324,#1325,#1326));
#263=EDGE_LOOP('',(#1327,#1328,#1329,#1330));
#264=EDGE_LOOP('',(#1331,#1332,#1333,#1334));
#265=EDGE_LOOP('',(#1335,#1336,#1337,#1338));
#266=EDGE_LOOP('',(#1339,#1340,#1341,#1342));
#267=EDGE_LOOP('',(#1343,#1344,#1345,#1346,#1347,#1348,#1349,#1350,#1351,
#1352,#1353,#1354,#1355,#1356,#1357,#1358));
#268=EDGE_LOOP('',(#1359));
#269=EDGE_LOOP('',(#1360));
#270=EDGE_LOOP('',(#1361));
#271=EDGE_LOOP('',(#1362));
#272=EDGE_LOOP('',(#1363));
#273=EDGE_LOOP('',(#1364));
#274=EDGE_LOOP('',(#1365));
#275=EDGE_LOOP('',(#1366));
#276=EDGE_LOOP('',(#1367));
#277=EDGE_LOOP('',(#1368));
#278=EDGE_LOOP('',(#1369));
#279=EDGE_LOOP('',(#1370));
#280=EDGE_LOOP('',(#1371));
#281=EDGE_LOOP('',(#1372));
#282=EDGE_LOOP('',(#1373));
#283=EDGE_LOOP('',(#1374));
#284=EDGE_LOOP('',(#1375,#1376,#1377,#1378,#1379,#1380,#1381,#1382,#1383,
#1384,#1385,#1386,#1387,#1388,#1389,#1390));
#285=EDGE_LOOP('',(#1391,#1392,#1393,#1394,#1395,#1396,#1397,#1398,#1399,
#1400,#1401,#1402,#1403,#1404,#1405,#1406,#1407,#1408,#1409,#1410));
#286=EDGE_LOOP('',(#1411));
#287=EDGE_LOOP('',(#1412));
#288=EDGE_LOOP('',(#1413));
#289=EDGE_LOOP('',(#1414));
#290=EDGE_LOOP('',(#1415));
#291=EDGE_LOOP('',(#1416));
#292=EDGE_LOOP('',(#1417));
#293=EDGE_LOOP('',(#1418));
#294=EDGE_LOOP('',(#1419,#1420,#1421,#1422,#1423,#1424,#1425,#1426,#1427,
#1428,#1429,#1430,#1431,#1432,#1433,#1434,#1435,#1436,#1437,#1438));
#295=LINE('',#2115,#471);
#296=LINE('',#2117,#472);
#297=LINE('',#2119,#473);
#298=LINE('',#2120,#474);
#299=LINE('',#2124,#475);
#300=LINE('',#2126,#476);
#301=LINE('',#2128,#477);
#302=LINE('',#2129,#478);
#303=LINE('',#2133,#479);
#304=LINE('',#2135,#480);
#305=LINE('',#2137,#481);
#306=LINE('',#2138,#482);
#307=LINE('',#2142,#483);
#308=LINE('',#2144,#484);
#309=LINE('',#2146,#485);
#310=LINE('',#2147,#486);
#311=LINE('',#2151,#487);
#312=LINE('',#2153,#488);
#313=LINE('',#2155,#489);
#314=LINE('',#2156,#490);
#315=LINE('',#2160,#491);
#316=LINE('',#2162,#492);
#317=LINE('',#2164,#493);
#318=LINE('',#2165,#494);
#319=LINE('',#2167,#495);
#320=LINE('',#2168,#496);
#321=LINE('',#2172,#497);
#322=LINE('',#2174,#498);
#323=LINE('',#2176,#499);
#324=LINE('',#2177,#500);
#325=LINE('',#2181,#501);
#326=LINE('',#2183,#502);
#327=LINE('',#2185,#503);
#328=LINE('',#2186,#504);
#329=LINE('',#2190,#505);
#330=LINE('',#2192,#506);
#331=LINE('',#2194,#507);
#332=LINE('',#2195,#508);
#333=LINE('',#2199,#509);
#334=LINE('',#2201,#510);
#335=LINE('',#2203,#511);
#336=LINE('',#2204,#512);
#337=LINE('',#2208,#513);
#338=LINE('',#2210,#514);
#339=LINE('',#2212,#515);
#340=LINE('',#2213,#516);
#341=LINE('',#2217,#517);
#342=LINE('',#2219,#518);
#343=LINE('',#2221,#519);
#344=LINE('',#2222,#520);
#345=LINE('',#2224,#521);
#346=LINE('',#2225,#522);
#347=LINE('',#2230,#523);
#348=LINE('',#2236,#524);
#349=LINE('',#2242,#525);
#350=LINE('',#2248,#526);
#351=LINE('',#2252,#527);
#352=LINE('',#2254,#528);
#353=LINE('',#2255,#529);
#354=LINE('',#2257,#530);
#355=LINE('',#2258,#531);
#356=LINE('',#2261,#532);
#357=LINE('',#2263,#533);
#358=LINE('',#2264,#534);
#359=LINE('',#2267,#535);
#360=LINE('',#2269,#536);
#361=LINE('',#2270,#537);
#362=LINE('',#2272,#538);
#363=LINE('',#2273,#539);
#364=LINE('',#2276,#540);
#365=LINE('',#2278,#541);
#366=LINE('',#2279,#542);
#367=LINE('',#2282,#543);
#368=LINE('',#2284,#544);
#369=LINE('',#2285,#545);
#370=LINE('',#2287,#546);
#371=LINE('',#2288,#547);
#372=LINE('',#2291,#548);
#373=LINE('',#2293,#549);
#374=LINE('',#2294,#550);
#375=LINE('',#2297,#551);
#376=LINE('',#2299,#552);
#377=LINE('',#2300,#553);
#378=LINE('',#2302,#554);
#379=LINE('',#2303,#555);
#380=LINE('',#2306,#556);
#381=LINE('',#2308,#557);
#382=LINE('',#2309,#558);
#383=LINE('',#2311,#559);
#384=LINE('',#2312,#560);
#385=LINE('',#2318,#561);
#386=LINE('',#2324,#562);
#387=LINE('',#2330,#563);
#388=LINE('',#2336,#564);
#389=LINE('',#2339,#565);
#390=LINE('',#2340,#566);
#391=LINE('',#2343,#567);
#392=LINE('',#2345,#568);
#393=LINE('',#2346,#569);
#394=LINE('',#2349,#570);
#395=LINE('',#2351,#571);
#396=LINE('',#2352,#572);
#397=LINE('',#2354,#573);
#398=LINE('',#2355,#574);
#399=LINE('',#2358,#575);
#400=LINE('',#2360,#576);
#401=LINE('',#2361,#577);
#402=LINE('',#2364,#578);
#403=LINE('',#2366,#579);
#404=LINE('',#2367,#580);
#405=LINE('',#2369,#581);
#406=LINE('',#2370,#582);
#407=LINE('',#2373,#583);
#408=LINE('',#2375,#584);
#409=LINE('',#2376,#585);
#410=LINE('',#2379,#586);
#411=LINE('',#2381,#587);
#412=LINE('',#2382,#588);
#413=LINE('',#2384,#589);
#414=LINE('',#2385,#590);
#415=LINE('',#2388,#591);
#416=LINE('',#2390,#592);
#417=LINE('',#2391,#593);
#418=LINE('',#2394,#594);
#419=LINE('',#2396,#595);
#420=LINE('',#2397,#596);
#421=LINE('',#2399,#597);
#422=LINE('',#2400,#598);
#423=LINE('',#2406,#599);
#424=LINE('',#2412,#600);
#425=LINE('',#2418,#601);
#426=LINE('',#2424,#602);
#427=LINE('',#2430,#603);
#428=LINE('',#2436,#604);
#429=LINE('',#2442,#605);
#430=LINE('',#2448,#606);
#431=LINE('',#2455,#607);
#432=LINE('',#2458,#608);
#433=LINE('',#2461,#609);
#434=LINE('',#2463,#610);
#435=LINE('',#2464,#611);
#436=LINE('',#2467,#612);
#437=LINE('',#2469,#613);
#438=LINE('',#2470,#614);
#439=LINE('',#2473,#615);
#440=LINE('',#2475,#616);
#441=LINE('',#2476,#617);
#442=LINE('',#2482,#618);
#443=LINE('',#2485,#619);
#444=LINE('',#2487,#620);
#445=LINE('',#2488,#621);
#446=LINE('',#2491,#622);
#447=LINE('',#2493,#623);
#448=LINE('',#2494,#624);
#449=LINE('',#2497,#625);
#450=LINE('',#2499,#626);
#451=LINE('',#2500,#627);
#452=LINE('',#2506,#628);
#453=LINE('',#2509,#629);
#454=LINE('',#2511,#630);
#455=LINE('',#2512,#631);
#456=LINE('',#2515,#632);
#457=LINE('',#2517,#633);
#458=LINE('',#2518,#634);
#459=LINE('',#2521,#635);
#460=LINE('',#2523,#636);
#461=LINE('',#2524,#637);
#462=LINE('',#2530,#638);
#463=LINE('',#2533,#639);
#464=LINE('',#2535,#640);
#465=LINE('',#2536,#641);
#466=LINE('',#2539,#642);
#467=LINE('',#2541,#643);
#468=LINE('',#2542,#644);
#469=LINE('',#2544,#645);
#470=LINE('',#2545,#646);
#471=VECTOR('',#1705,10.);
#472=VECTOR('',#1706,10.);
#473=VECTOR('',#1707,10.);
#474=VECTOR('',#1708,10.);
#475=VECTOR('',#1711,10.);
#476=VECTOR('',#1712,10.);
#477=VECTOR('',#1713,10.);
#478=VECTOR('',#1714,10.);
#479=VECTOR('',#1717,10.);
#480=VECTOR('',#1718,10.);
#481=VECTOR('',#1719,10.);
#482=VECTOR('',#1720,10.);
#483=VECTOR('',#1723,10.);
#484=VECTOR('',#1724,10.);
#485=VECTOR('',#1725,10.);
#486=VECTOR('',#1726,10.);
#487=VECTOR('',#1729,10.);
#488=VECTOR('',#1730,10.);
#489=VECTOR('',#1731,10.);
#490=VECTOR('',#1732,10.);
#491=VECTOR('',#1735,10.);
#492=VECTOR('',#1736,10.);
#493=VECTOR('',#1737,10.);
#494=VECTOR('',#1738,10.);
#495=VECTOR('',#1741,10.);
#496=VECTOR('',#1742,10.);
#497=VECTOR('',#1745,10.);
#498=VECTOR('',#1746,10.);
#499=VECTOR('',#1747,10.);
#500=VECTOR('',#1748,10.);
#501=VECTOR('',#1751,10.);
#502=VECTOR('',#1752,10.);
#503=VECTOR('',#1753,10.);
#504=VECTOR('',#1754,10.);
#505=VECTOR('',#1757,10.);
#506=VECTOR('',#1758,10.);
#507=VECTOR('',#1759,10.);
#508=VECTOR('',#1760,10.);
#509=VECTOR('',#1763,10.);
#510=VECTOR('',#1764,10.);
#511=VECTOR('',#1765,10.);
#512=VECTOR('',#1766,10.);
#513=VECTOR('',#1769,10.);
#514=VECTOR('',#1770,10.);
#515=VECTOR('',#1771,10.);
#516=VECTOR('',#1772,10.);
#517=VECTOR('',#1775,10.);
#518=VECTOR('',#1776,10.);
#519=VECTOR('',#1777,10.);
#520=VECTOR('',#1778,10.);
#521=VECTOR('',#1781,10.);
#522=VECTOR('',#1782,10.);
#523=VECTOR('',#1787,1.299999999999);
#524=VECTOR('',#1794,1.299999999999);
#525=VECTOR('',#1801,1.299999999999);
#526=VECTOR('',#1808,1.299999999999);
#527=VECTOR('',#1813,10.);
#528=VECTOR('',#1814,10.);
#529=VECTOR('',#1815,10.);
#530=VECTOR('',#1818,10.);
#531=VECTOR('',#1819,10.);
#532=VECTOR('',#1822,10.);
#533=VECTOR('',#1823,10.);
#534=VECTOR('',#1824,10.);
#535=VECTOR('',#1827,10.);
#536=VECTOR('',#1828,10.);
#537=VECTOR('',#1829,10.);
#538=VECTOR('',#1832,10.);
#539=VECTOR('',#1833,10.);
#540=VECTOR('',#1836,10.);
#541=VECTOR('',#1837,10.);
#542=VECTOR('',#1838,10.);
#543=VECTOR('',#1841,10.);
#544=VECTOR('',#1842,10.);
#545=VECTOR('',#1843,10.);
#546=VECTOR('',#1846,10.);
#547=VECTOR('',#1847,10.);
#548=VECTOR('',#1850,10.);
#549=VECTOR('',#1851,10.);
#550=VECTOR('',#1852,10.);
#551=VECTOR('',#1855,10.);
#552=VECTOR('',#1856,10.);
#553=VECTOR('',#1857,10.);
#554=VECTOR('',#1860,10.);
#555=VECTOR('',#1861,10.);
#556=VECTOR('',#1864,10.);
#557=VECTOR('',#1865,10.);
#558=VECTOR('',#1866,10.);
#559=VECTOR('',#1869,10.);
#560=VECTOR('',#1870,10.);
#561=VECTOR('',#1877,1.299999999999);
#562=VECTOR('',#1884,1.299999999999);
#563=VECTOR('',#1891,1.299999999999);
#564=VECTOR('',#1898,1.299999999999);
#565=VECTOR('',#1903,10.);
#566=VECTOR('',#1904,10.);
#567=VECTOR('',#1907,10.);
#568=VECTOR('',#1908,10.);
#569=VECTOR('',#1909,10.);
#570=VECTOR('',#1912,10.);
#571=VECTOR('',#1913,10.);
#572=VECTOR('',#1914,10.);
#573=VECTOR('',#1917,10.);
#574=VECTOR('',#1918,10.);
#575=VECTOR('',#1921,10.);
#576=VECTOR('',#1922,10.);
#577=VECTOR('',#1923,10.);
#578=VECTOR('',#1926,10.);
#579=VECTOR('',#1927,10.);
#580=VECTOR('',#1928,10.);
#581=VECTOR('',#1931,10.);
#582=VECTOR('',#1932,10.);
#583=VECTOR('',#1935,10.);
#584=VECTOR('',#1936,10.);
#585=VECTOR('',#1937,10.);
#586=VECTOR('',#1940,10.);
#587=VECTOR('',#1941,10.);
#588=VECTOR('',#1942,10.);
#589=VECTOR('',#1945,10.);
#590=VECTOR('',#1946,10.);
#591=VECTOR('',#1949,10.);
#592=VECTOR('',#1950,10.);
#593=VECTOR('',#1951,10.);
#594=VECTOR('',#1954,10.);
#595=VECTOR('',#1955,10.);
#596=VECTOR('',#1956,10.);
#597=VECTOR('',#1959,10.);
#598=VECTOR('',#1960,10.);
#599=VECTOR('',#1967,1.2645);
#600=VECTOR('',#1974,1.2645);
#601=VECTOR('',#1981,1.2645);
#602=VECTOR('',#1988,1.2645);
#603=VECTOR('',#1995,1.2645);
#604=VECTOR('',#2002,1.2645);
#605=VECTOR('',#2009,1.2645);
#606=VECTOR('',#2016,1.2645);
#607=VECTOR('',#2023,10.);
#608=VECTOR('',#2026,10.);
#609=VECTOR('',#2029,10.);
#610=VECTOR('',#2030,10.);
#611=VECTOR('',#2031,10.);
#612=VECTOR('',#2034,10.);
#613=VECTOR('',#2035,10.);
#614=VECTOR('',#2036,10.);
#615=VECTOR('',#2039,10.);
#616=VECTOR('',#2040,10.);
#617=VECTOR('',#2041,10.);
#618=VECTOR('',#2048,10.);
#619=VECTOR('',#2051,10.);
#620=VECTOR('',#2052,10.);
#621=VECTOR('',#2053,10.);
#622=VECTOR('',#2056,10.);
#623=VECTOR('',#2057,10.);
#624=VECTOR('',#2058,10.);
#625=VECTOR('',#2061,10.);
#626=VECTOR('',#2062,10.);
#627=VECTOR('',#2063,10.);
#628=VECTOR('',#2070,10.);
#629=VECTOR('',#2073,10.);
#630=VECTOR('',#2074,10.);
#631=VECTOR('',#2075,10.);
#632=VECTOR('',#2078,10.);
#633=VECTOR('',#2079,10.);
#634=VECTOR('',#2080,10.);
#635=VECTOR('',#2083,10.);
#636=VECTOR('',#2084,10.);
#637=VECTOR('',#2085,10.);
#638=VECTOR('',#2092,10.);
#639=VECTOR('',#2095,10.);
#640=VECTOR('',#2096,10.);
#641=VECTOR('',#2097,10.);
#642=VECTOR('',#2100,10.);
#643=VECTOR('',#2101,10.);
#644=VECTOR('',#2102,10.);
#645=VECTOR('',#2105,10.);
#646=VECTOR('',#2106,10.);
#647=VERTEX_POINT('',#2113);
#648=VERTEX_POINT('',#2114);
#649=VERTEX_POINT('',#2116);
#650=VERTEX_POINT('',#2118);
#651=VERTEX_POINT('',#2122);
#652=VERTEX_POINT('',#2123);
#653=VERTEX_POINT('',#2125);
#654=VERTEX_POINT('',#2127);
#655=VERTEX_POINT('',#2131);
#656=VERTEX_POINT('',#2132);
#657=VERTEX_POINT('',#2134);
#658=VERTEX_POINT('',#2136);
#659=VERTEX_POINT('',#2140);
#660=VERTEX_POINT('',#2141);
#661=VERTEX_POINT('',#2143);
#662=VERTEX_POINT('',#2145);
#663=VERTEX_POINT('',#2149);
#664=VERTEX_POINT('',#2150);
#665=VERTEX_POINT('',#2152);
#666=VERTEX_POINT('',#2154);
#667=VERTEX_POINT('',#2158);
#668=VERTEX_POINT('',#2159);
#669=VERTEX_POINT('',#2161);
#670=VERTEX_POINT('',#2163);
#671=VERTEX_POINT('',#2170);
#672=VERTEX_POINT('',#2171);
#673=VERTEX_POINT('',#2173);
#674=VERTEX_POINT('',#2175);
#675=VERTEX_POINT('',#2179);
#676=VERTEX_POINT('',#2180);
#677=VERTEX_POINT('',#2182);
#678=VERTEX_POINT('',#2184);
#679=VERTEX_POINT('',#2188);
#680=VERTEX_POINT('',#2189);
#681=VERTEX_POINT('',#2191);
#682=VERTEX_POINT('',#2193);
#683=VERTEX_POINT('',#2197);
#684=VERTEX_POINT('',#2198);
#685=VERTEX_POINT('',#2200);
#686=VERTEX_POINT('',#2202);
#687=VERTEX_POINT('',#2206);
#688=VERTEX_POINT('',#2207);
#689=VERTEX_POINT('',#2209);
#690=VERTEX_POINT('',#2211);
#691=VERTEX_POINT('',#2215);
#692=VERTEX_POINT('',#2216);
#693=VERTEX_POINT('',#2218);
#694=VERTEX_POINT('',#2220);
#695=VERTEX_POINT('',#2227);
#696=VERTEX_POINT('',#2229);
#697=VERTEX_POINT('',#2233);
#698=VERTEX_POINT('',#2235);
#699=VERTEX_POINT('',#2239);
#700=VERTEX_POINT('',#2241);
#701=VERTEX_POINT('',#2245);
#702=VERTEX_POINT('',#2247);
#703=VERTEX_POINT('',#2251);
#704=VERTEX_POINT('',#2253);
#705=VERTEX_POINT('',#2260);
#706=VERTEX_POINT('',#2262);
#707=VERTEX_POINT('',#2266);
#708=VERTEX_POINT('',#2268);
#709=VERTEX_POINT('',#2275);
#710=VERTEX_POINT('',#2277);
#711=VERTEX_POINT('',#2281);
#712=VERTEX_POINT('',#2283);
#713=VERTEX_POINT('',#2290);
#714=VERTEX_POINT('',#2292);
#715=VERTEX_POINT('',#2296);
#716=VERTEX_POINT('',#2298);
#717=VERTEX_POINT('',#2305);
#718=VERTEX_POINT('',#2307);
#719=VERTEX_POINT('',#2315);
#720=VERTEX_POINT('',#2317);
#721=VERTEX_POINT('',#2321);
#722=VERTEX_POINT('',#2323);
#723=VERTEX_POINT('',#2327);
#724=VERTEX_POINT('',#2329);
#725=VERTEX_POINT('',#2333);
#726=VERTEX_POINT('',#2335);
#727=VERTEX_POINT('',#2342);
#728=VERTEX_POINT('',#2344);
#729=VERTEX_POINT('',#2348);
#730=VERTEX_POINT('',#2350);
#731=VERTEX_POINT('',#2357);
#732=VERTEX_POINT('',#2359);
#733=VERTEX_POINT('',#2363);
#734=VERTEX_POINT('',#2365);
#735=VERTEX_POINT('',#2372);
#736=VERTEX_POINT('',#2374);
#737=VERTEX_POINT('',#2378);
#738=VERTEX_POINT('',#2380);
#739=VERTEX_POINT('',#2387);
#740=VERTEX_POINT('',#2389);
#741=VERTEX_POINT('',#2393);
#742=VERTEX_POINT('',#2395);
#743=VERTEX_POINT('',#2403);
#744=VERTEX_POINT('',#2405);
#745=VERTEX_POINT('',#2409);
#746=VERTEX_POINT('',#2411);
#747=VERTEX_POINT('',#2415);
#748=VERTEX_POINT('',#2417);
#749=VERTEX_POINT('',#2421);
#750=VERTEX_POINT('',#2423);
#751=VERTEX_POINT('',#2427);
#752=VERTEX_POINT('',#2429);
#753=VERTEX_POINT('',#2433);
#754=VERTEX_POINT('',#2435);
#755=VERTEX_POINT('',#2439);
#756=VERTEX_POINT('',#2441);
#757=VERTEX_POINT('',#2445);
#758=VERTEX_POINT('',#2447);
#759=VERTEX_POINT('',#2451);
#760=VERTEX_POINT('',#2452);
#761=VERTEX_POINT('',#2454);
#762=VERTEX_POINT('',#2456);
#763=VERTEX_POINT('',#2460);
#764=VERTEX_POINT('',#2462);
#765=VERTEX_POINT('',#2466);
#766=VERTEX_POINT('',#2468);
#767=VERTEX_POINT('',#2472);
#768=VERTEX_POINT('',#2474);
#769=VERTEX_POINT('',#2478);
#770=VERTEX_POINT('',#2480);
#771=VERTEX_POINT('',#2484);
#772=VERTEX_POINT('',#2486);
#773=VERTEX_POINT('',#2490);
#774=VERTEX_POINT('',#2492);
#775=VERTEX_POINT('',#2496);
#776=VERTEX_POINT('',#2498);
#777=VERTEX_POINT('',#2502);
#778=VERTEX_POINT('',#2504);
#779=VERTEX_POINT('',#2508);
#780=VERTEX_POINT('',#2510);
#781=VERTEX_POINT('',#2514);
#782=VERTEX_POINT('',#2516);
#783=VERTEX_POINT('',#2520);
#784=VERTEX_POINT('',#2522);
#785=VERTEX_POINT('',#2526);
#786=VERTEX_POINT('',#2528);
#787=VERTEX_POINT('',#2532);
#788=VERTEX_POINT('',#2534);
#789=VERTEX_POINT('',#2538);
#790=VERTEX_POINT('',#2540);
#791=EDGE_CURVE('',#647,#648,#295,.T.);
#792=EDGE_CURVE('',#648,#649,#296,.T.);
#793=EDGE_CURVE('',#650,#649,#297,.T.);
#794=EDGE_CURVE('',#650,#647,#298,.T.);
#795=EDGE_CURVE('',#651,#652,#299,.T.);
#796=EDGE_CURVE('',#652,#653,#300,.T.);
#797=EDGE_CURVE('',#654,#653,#301,.T.);
#798=EDGE_CURVE('',#654,#651,#302,.T.);
#799=EDGE_CURVE('',#655,#656,#303,.T.);
#800=EDGE_CURVE('',#656,#657,#304,.T.);
#801=EDGE_CURVE('',#658,#657,#305,.T.);
#802=EDGE_CURVE('',#658,#655,#306,.T.);
#803=EDGE_CURVE('',#659,#660,#307,.T.);
#804=EDGE_CURVE('',#660,#661,#308,.T.);
#805=EDGE_CURVE('',#662,#661,#309,.T.);
#806=EDGE_CURVE('',#662,#659,#310,.T.);
#807=EDGE_CURVE('',#663,#664,#311,.T.);
#808=EDGE_CURVE('',#663,#665,#312,.T.);
#809=EDGE_CURVE('',#666,#665,#313,.T.);
#810=EDGE_CURVE('',#664,#666,#314,.T.);
#811=EDGE_CURVE('',#667,#668,#315,.T.);
#812=EDGE_CURVE('',#669,#668,#316,.T.);
#813=EDGE_CURVE('',#670,#669,#317,.T.);
#814=EDGE_CURVE('',#667,#670,#318,.T.);
#815=EDGE_CURVE('',#665,#670,#319,.T.);
#816=EDGE_CURVE('',#666,#669,#320,.T.);
#817=EDGE_CURVE('',#671,#672,#321,.T.);
#818=EDGE_CURVE('',#672,#673,#322,.T.);
#819=EDGE_CURVE('',#674,#673,#323,.T.);
#820=EDGE_CURVE('',#674,#671,#324,.T.);
#821=EDGE_CURVE('',#675,#676,#325,.T.);
#822=EDGE_CURVE('',#676,#677,#326,.T.);
#823=EDGE_CURVE('',#678,#677,#327,.T.);
#824=EDGE_CURVE('',#678,#675,#328,.T.);
#825=EDGE_CURVE('',#679,#680,#329,.T.);
#826=EDGE_CURVE('',#680,#681,#330,.T.);
#827=EDGE_CURVE('',#682,#681,#331,.T.);
#828=EDGE_CURVE('',#682,#679,#332,.T.);
#829=EDGE_CURVE('',#683,#684,#333,.T.);
#830=EDGE_CURVE('',#684,#685,#334,.T.);
#831=EDGE_CURVE('',#686,#685,#335,.T.);
#832=EDGE_CURVE('',#686,#683,#336,.T.);
#833=EDGE_CURVE('',#687,#688,#337,.T.);
#834=EDGE_CURVE('',#687,#689,#338,.T.);
#835=EDGE_CURVE('',#690,#689,#339,.T.);
#836=EDGE_CURVE('',#688,#690,#340,.T.);
#837=EDGE_CURVE('',#691,#692,#341,.T.);
#838=EDGE_CURVE('',#693,#692,#342,.T.);
#839=EDGE_CURVE('',#694,#693,#343,.T.);
#840=EDGE_CURVE('',#691,#694,#344,.T.);
#841=EDGE_CURVE('',#689,#694,#345,.T.);
#842=EDGE_CURVE('',#690,#693,#346,.T.);
#843=EDGE_CURVE('',#695,#695,#49,.T.);
#844=EDGE_CURVE('',#695,#696,#347,.T.);
#845=EDGE_CURVE('',#696,#696,#50,.T.);
#846=EDGE_CURVE('',#697,#697,#51,.T.);
#847=EDGE_CURVE('',#697,#698,#348,.T.);
#848=EDGE_CURVE('',#698,#698,#52,.T.);
#849=EDGE_CURVE('',#699,#699,#53,.T.);
#850=EDGE_CURVE('',#699,#700,#349,.T.);
#851=EDGE_CURVE('',#700,#700,#54,.T.);
#852=EDGE_CURVE('',#701,#701,#55,.T.);
#853=EDGE_CURVE('',#701,#702,#350,.T.);
#854=EDGE_CURVE('',#702,#702,#56,.T.);
#855=EDGE_CURVE('',#691,#703,#351,.T.);
#856=EDGE_CURVE('',#703,#704,#352,.T.);
#857=EDGE_CURVE('',#692,#704,#353,.T.);
#858=EDGE_CURVE('',#687,#672,#354,.T.);
#859=EDGE_CURVE('',#673,#688,#355,.T.);
#860=EDGE_CURVE('',#705,#671,#356,.T.);
#861=EDGE_CURVE('',#706,#674,#357,.T.);
#862=EDGE_CURVE('',#705,#706,#358,.T.);
#863=EDGE_CURVE('',#707,#705,#359,.T.);
#864=EDGE_CURVE('',#708,#706,#360,.T.);
#865=EDGE_CURVE('',#707,#708,#361,.T.);
#866=EDGE_CURVE('',#707,#684,#362,.T.);
#867=EDGE_CURVE('',#685,#708,#363,.T.);
#868=EDGE_CURVE('',#709,#683,#364,.T.);
#869=EDGE_CURVE('',#710,#686,#365,.T.);
#870=EDGE_CURVE('',#709,#710,#366,.T.);
#871=EDGE_CURVE('',#711,#709,#367,.T.);
#872=EDGE_CURVE('',#712,#710,#368,.T.);
#873=EDGE_CURVE('',#711,#712,#369,.T.);
#874=EDGE_CURVE('',#711,#676,#370,.T.);
#875=EDGE_CURVE('',#677,#712,#371,.T.);
#876=EDGE_CURVE('',#713,#675,#372,.T.);
#877=EDGE_CURVE('',#714,#678,#373,.T.);
#878=EDGE_CURVE('',#713,#714,#374,.T.);
#879=EDGE_CURVE('',#715,#713,#375,.T.);
#880=EDGE_CURVE('',#716,#714,#376,.T.);
#881=EDGE_CURVE('',#715,#716,#377,.T.);
#882=EDGE_CURVE('',#715,#680,#378,.T.);
#883=EDGE_CURVE('',#681,#716,#379,.T.);
#884=EDGE_CURVE('',#717,#679,#380,.T.);
#885=EDGE_CURVE('',#718,#682,#381,.T.);
#886=EDGE_CURVE('',#717,#718,#382,.T.);
#887=EDGE_CURVE('',#703,#717,#383,.T.);
#888=EDGE_CURVE('',#704,#718,#384,.T.);
#889=EDGE_CURVE('',#719,#719,#57,.T.);
#890=EDGE_CURVE('',#719,#720,#385,.T.);
#891=EDGE_CURVE('',#720,#720,#58,.T.);
#892=EDGE_CURVE('',#721,#721,#59,.T.);
#893=EDGE_CURVE('',#721,#722,#386,.T.);
#894=EDGE_CURVE('',#722,#722,#60,.T.);
#895=EDGE_CURVE('',#723,#723,#61,.T.);
#896=EDGE_CURVE('',#723,#724,#387,.T.);
#897=EDGE_CURVE('',#724,#724,#62,.T.);
#898=EDGE_CURVE('',#725,#725,#63,.T.);
#899=EDGE_CURVE('',#725,#726,#388,.T.);
#900=EDGE_CURVE('',#726,#726,#64,.T.);
#901=EDGE_CURVE('',#655,#667,#389,.T.);
#902=EDGE_CURVE('',#668,#658,#390,.T.);
#903=EDGE_CURVE('',#727,#663,#391,.T.);
#904=EDGE_CURVE('',#728,#664,#392,.T.);
#905=EDGE_CURVE('',#727,#728,#393,.T.);
#906=EDGE_CURVE('',#729,#727,#394,.T.);
#907=EDGE_CURVE('',#730,#728,#395,.T.);
#908=EDGE_CURVE('',#729,#730,#396,.T.);
#909=EDGE_CURVE('',#729,#648,#397,.T.);
#910=EDGE_CURVE('',#649,#730,#398,.T.);
#911=EDGE_CURVE('',#731,#647,#399,.T.);
#912=EDGE_CURVE('',#732,#650,#400,.T.);
#913=EDGE_CURVE('',#731,#732,#401,.T.);
#914=EDGE_CURVE('',#733,#731,#402,.T.);
#915=EDGE_CURVE('',#734,#732,#403,.T.);
#916=EDGE_CURVE('',#733,#734,#404,.T.);
#917=EDGE_CURVE('',#733,#660,#405,.T.);
#918=EDGE_CURVE('',#661,#734,#406,.T.);
#919=EDGE_CURVE('',#735,#659,#407,.T.);
#920=EDGE_CURVE('',#736,#662,#408,.T.);
#921=EDGE_CURVE('',#735,#736,#409,.T.);
#922=EDGE_CURVE('',#737,#735,#410,.T.);
#923=EDGE_CURVE('',#738,#736,#411,.T.);
#924=EDGE_CURVE('',#737,#738,#412,.T.);
#925=EDGE_CURVE('',#737,#652,#413,.T.);
#926=EDGE_CURVE('',#653,#738,#414,.T.);
#927=EDGE_CURVE('',#739,#651,#415,.T.);
#928=EDGE_CURVE('',#740,#654,#416,.T.);
#929=EDGE_CURVE('',#739,#740,#417,.T.);
#930=EDGE_CURVE('',#741,#739,#418,.T.);
#931=EDGE_CURVE('',#742,#740,#419,.T.);
#932=EDGE_CURVE('',#741,#742,#420,.T.);
#933=EDGE_CURVE('',#741,#656,#421,.T.);
#934=EDGE_CURVE('',#657,#742,#422,.T.);
#935=EDGE_CURVE('',#743,#743,#65,.T.);
#936=EDGE_CURVE('',#743,#744,#423,.T.);
#937=EDGE_CURVE('',#744,#744,#66,.T.);
#938=EDGE_CURVE('',#745,#745,#67,.T.);
#939=EDGE_CURVE('',#745,#746,#424,.T.);
#940=EDGE_CURVE('',#746,#746,#68,.T.);
#941=EDGE_CURVE('',#747,#747,#69,.T.);
#942=EDGE_CURVE('',#747,#748,#425,.T.);
#943=EDGE_CURVE('',#748,#748,#70,.T.);
#944=EDGE_CURVE('',#749,#749,#71,.T.);
#945=EDGE_CURVE('',#749,#750,#426,.T.);
#946=EDGE_CURVE('',#750,#750,#72,.T.);
#947=EDGE_CURVE('',#751,#751,#73,.T.);
#948=EDGE_CURVE('',#751,#752,#427,.T.);
#949=EDGE_CURVE('',#752,#752,#74,.T.);
#950=EDGE_CURVE('',#753,#753,#75,.T.);
#951=EDGE_CURVE('',#753,#754,#428,.T.);
#952=EDGE_CURVE('',#754,#754,#76,.T.);
#953=EDGE_CURVE('',#755,#755,#77,.T.);
#954=EDGE_CURVE('',#755,#756,#429,.T.);
#955=EDGE_CURVE('',#756,#756,#78,.T.);
#956=EDGE_CURVE('',#757,#757,#79,.T.);
#957=EDGE_CURVE('',#757,#758,#430,.T.);
#958=EDGE_CURVE('',#758,#758,#80,.T.);
#959=EDGE_CURVE('',#759,#760,#81,.T.);
#960=EDGE_CURVE('',#760,#761,#431,.T.);
#961=EDGE_CURVE('',#762,#761,#82,.T.);
#962=EDGE_CURVE('',#759,#762,#432,.T.);
#963=EDGE_CURVE('',#763,#759,#433,.T.);
#964=EDGE_CURVE('',#764,#762,#434,.T.);
#965=EDGE_CURVE('',#763,#764,#435,.T.);
#966=EDGE_CURVE('',#763,#765,#436,.T.);
#967=EDGE_CURVE('',#766,#764,#437,.T.);
#968=EDGE_CURVE('',#765,#766,#438,.T.);
#969=EDGE_CURVE('',#765,#767,#439,.T.);
#970=EDGE_CURVE('',#768,#766,#440,.T.);
#971=EDGE_CURVE('',#767,#768,#441,.T.);
#972=EDGE_CURVE('',#769,#767,#83,.T.);
#973=EDGE_CURVE('',#770,#768,#84,.T.);
#974=EDGE_CURVE('',#769,#770,#442,.T.);
#975=EDGE_CURVE('',#771,#769,#443,.T.);
#976=EDGE_CURVE('',#772,#770,#444,.T.);
#977=EDGE_CURVE('',#771,#772,#445,.T.);
#978=EDGE_CURVE('',#771,#773,#446,.T.);
#979=EDGE_CURVE('',#774,#772,#447,.T.);
#980=EDGE_CURVE('',#773,#774,#448,.T.);
#981=EDGE_CURVE('',#773,#775,#449,.T.);
#982=EDGE_CURVE('',#776,#774,#450,.T.);
#983=EDGE_CURVE('',#775,#776,#451,.T.);
#984=EDGE_CURVE('',#777,#775,#85,.T.);
#985=EDGE_CURVE('',#778,#776,#86,.T.);
#986=EDGE_CURVE('',#777,#778,#452,.T.);
#987=EDGE_CURVE('',#779,#777,#453,.T.);
#988=EDGE_CURVE('',#780,#778,#454,.T.);
#989=EDGE_CURVE('',#779,#780,#455,.T.);
#990=EDGE_CURVE('',#779,#781,#456,.T.);
#991=EDGE_CURVE('',#782,#780,#457,.T.);
#992=EDGE_CURVE('',#781,#782,#458,.T.);
#993=EDGE_CURVE('',#781,#783,#459,.T.);
#994=EDGE_CURVE('',#784,#782,#460,.T.);
#995=EDGE_CURVE('',#783,#784,#461,.T.);
#996=EDGE_CURVE('',#785,#783,#87,.T.);
#997=EDGE_CURVE('',#786,#784,#88,.T.);
#998=EDGE_CURVE('',#785,#786,#462,.T.);
#999=EDGE_CURVE('',#787,#785,#463,.T.);
#1000=EDGE_CURVE('',#788,#786,#464,.T.);
#1001=EDGE_CURVE('',#787,#788,#465,.T.);
#1002=EDGE_CURVE('',#787,#789,#466,.T.);
#1003=EDGE_CURVE('',#790,#788,#467,.T.);
#1004=EDGE_CURVE('',#789,#790,#468,.T.);
#1005=EDGE_CURVE('',#789,#760,#469,.T.);
#1006=EDGE_CURVE('',#761,#790,#470,.T.);
#1007=ORIENTED_EDGE('',*,*,#791,.T.);
#1008=ORIENTED_EDGE('',*,*,#792,.T.);
#1009=ORIENTED_EDGE('',*,*,#793,.F.);
#1010=ORIENTED_EDGE('',*,*,#794,.T.);
#1011=ORIENTED_EDGE('',*,*,#795,.T.);
#1012=ORIENTED_EDGE('',*,*,#796,.T.);
#1013=ORIENTED_EDGE('',*,*,#797,.F.);
#1014=ORIENTED_EDGE('',*,*,#798,.T.);
#1015=ORIENTED_EDGE('',*,*,#799,.T.);
#1016=ORIENTED_EDGE('',*,*,#800,.T.);
#1017=ORIENTED_EDGE('',*,*,#801,.F.);
#1018=ORIENTED_EDGE('',*,*,#802,.T.);
#1019=ORIENTED_EDGE('',*,*,#803,.T.);
#1020=ORIENTED_EDGE('',*,*,#804,.T.);
#1021=ORIENTED_EDGE('',*,*,#805,.F.);
#1022=ORIENTED_EDGE('',*,*,#806,.T.);
#1023=ORIENTED_EDGE('',*,*,#807,.F.);
#1024=ORIENTED_EDGE('',*,*,#808,.T.);
#1025=ORIENTED_EDGE('',*,*,#809,.F.);
#1026=ORIENTED_EDGE('',*,*,#810,.F.);
#1027=ORIENTED_EDGE('',*,*,#811,.T.);
#1028=ORIENTED_EDGE('',*,*,#812,.F.);
#1029=ORIENTED_EDGE('',*,*,#813,.F.);
#1030=ORIENTED_EDGE('',*,*,#814,.F.);
#1031=ORIENTED_EDGE('',*,*,#815,.T.);
#1032=ORIENTED_EDGE('',*,*,#813,.T.);
#1033=ORIENTED_EDGE('',*,*,#816,.F.);
#1034=ORIENTED_EDGE('',*,*,#809,.T.);
#1035=ORIENTED_EDGE('',*,*,#817,.T.);
#1036=ORIENTED_EDGE('',*,*,#818,.T.);
#1037=ORIENTED_EDGE('',*,*,#819,.F.);
#1038=ORIENTED_EDGE('',*,*,#820,.T.);
#1039=ORIENTED_EDGE('',*,*,#821,.T.);
#1040=ORIENTED_EDGE('',*,*,#822,.T.);
#1041=ORIENTED_EDGE('',*,*,#823,.F.);
#1042=ORIENTED_EDGE('',*,*,#824,.T.);
#1043=ORIENTED_EDGE('',*,*,#825,.T.);
#1044=ORIENTED_EDGE('',*,*,#826,.T.);
#1045=ORIENTED_EDGE('',*,*,#827,.F.);
#1046=ORIENTED_EDGE('',*,*,#828,.T.);
#1047=ORIENTED_EDGE('',*,*,#829,.T.);
#1048=ORIENTED_EDGE('',*,*,#830,.T.);
#1049=ORIENTED_EDGE('',*,*,#831,.F.);
#1050=ORIENTED_EDGE('',*,*,#832,.T.);
#1051=ORIENTED_EDGE('',*,*,#833,.F.);
#1052=ORIENTED_EDGE('',*,*,#834,.T.);
#1053=ORIENTED_EDGE('',*,*,#835,.F.);
#1054=ORIENTED_EDGE('',*,*,#836,.F.);
#1055=ORIENTED_EDGE('',*,*,#837,.T.);
#1056=ORIENTED_EDGE('',*,*,#838,.F.);
#1057=ORIENTED_EDGE('',*,*,#839,.F.);
#1058=ORIENTED_EDGE('',*,*,#840,.F.);
#1059=ORIENTED_EDGE('',*,*,#841,.T.);
#1060=ORIENTED_EDGE('',*,*,#839,.T.);
#1061=ORIENTED_EDGE('',*,*,#842,.F.);
#1062=ORIENTED_EDGE('',*,*,#835,.T.);
#1063=ORIENTED_EDGE('',*,*,#843,.F.);
#1064=ORIENTED_EDGE('',*,*,#844,.T.);
#1065=ORIENTED_EDGE('',*,*,#845,.T.);
#1066=ORIENTED_EDGE('',*,*,#844,.F.);
#1067=ORIENTED_EDGE('',*,*,#846,.F.);
#1068=ORIENTED_EDGE('',*,*,#847,.T.);
#1069=ORIENTED_EDGE('',*,*,#848,.T.);
#1070=ORIENTED_EDGE('',*,*,#847,.F.);
#1071=ORIENTED_EDGE('',*,*,#849,.F.);
#1072=ORIENTED_EDGE('',*,*,#850,.T.);
#1073=ORIENTED_EDGE('',*,*,#851,.T.);
#1074=ORIENTED_EDGE('',*,*,#850,.F.);
#1075=ORIENTED_EDGE('',*,*,#852,.F.);
#1076=ORIENTED_EDGE('',*,*,#853,.T.);
#1077=ORIENTED_EDGE('',*,*,#854,.T.);
#1078=ORIENTED_EDGE('',*,*,#853,.F.);
#1079=ORIENTED_EDGE('',*,*,#855,.T.);
#1080=ORIENTED_EDGE('',*,*,#856,.T.);
#1081=ORIENTED_EDGE('',*,*,#857,.F.);
#1082=ORIENTED_EDGE('',*,*,#837,.F.);
#1083=ORIENTED_EDGE('',*,*,#858,.F.);
#1084=ORIENTED_EDGE('',*,*,#833,.T.);
#1085=ORIENTED_EDGE('',*,*,#859,.F.);
#1086=ORIENTED_EDGE('',*,*,#818,.F.);
#1087=ORIENTED_EDGE('',*,*,#860,.T.);
#1088=ORIENTED_EDGE('',*,*,#820,.F.);
#1089=ORIENTED_EDGE('',*,*,#861,.F.);
#1090=ORIENTED_EDGE('',*,*,#862,.F.);
#1091=ORIENTED_EDGE('',*,*,#863,.T.);
#1092=ORIENTED_EDGE('',*,*,#862,.T.);
#1093=ORIENTED_EDGE('',*,*,#864,.F.);
#1094=ORIENTED_EDGE('',*,*,#865,.F.);
#1095=ORIENTED_EDGE('',*,*,#866,.F.);
#1096=ORIENTED_EDGE('',*,*,#865,.T.);
#1097=ORIENTED_EDGE('',*,*,#867,.F.);
#1098=ORIENTED_EDGE('',*,*,#830,.F.);
#1099=ORIENTED_EDGE('',*,*,#868,.T.);
#1100=ORIENTED_EDGE('',*,*,#832,.F.);
#1101=ORIENTED_EDGE('',*,*,#869,.F.);
#1102=ORIENTED_EDGE('',*,*,#870,.F.);
#1103=ORIENTED_EDGE('',*,*,#871,.T.);
#1104=ORIENTED_EDGE('',*,*,#870,.T.);
#1105=ORIENTED_EDGE('',*,*,#872,.F.);
#1106=ORIENTED_EDGE('',*,*,#873,.F.);
#1107=ORIENTED_EDGE('',*,*,#874,.F.);
#1108=ORIENTED_EDGE('',*,*,#873,.T.);
#1109=ORIENTED_EDGE('',*,*,#875,.F.);
#1110=ORIENTED_EDGE('',*,*,#822,.F.);
#1111=ORIENTED_EDGE('',*,*,#876,.T.);
#1112=ORIENTED_EDGE('',*,*,#824,.F.);
#1113=ORIENTED_EDGE('',*,*,#877,.F.);
#1114=ORIENTED_EDGE('',*,*,#878,.F.);
#1115=ORIENTED_EDGE('',*,*,#879,.T.);
#1116=ORIENTED_EDGE('',*,*,#878,.T.);
#1117=ORIENTED_EDGE('',*,*,#880,.F.);
#1118=ORIENTED_EDGE('',*,*,#881,.F.);
#1119=ORIENTED_EDGE('',*,*,#882,.F.);
#1120=ORIENTED_EDGE('',*,*,#881,.T.);
#1121=ORIENTED_EDGE('',*,*,#883,.F.);
#1122=ORIENTED_EDGE('',*,*,#826,.F.);
#1123=ORIENTED_EDGE('',*,*,#884,.T.);
#1124=ORIENTED_EDGE('',*,*,#828,.F.);
#1125=ORIENTED_EDGE('',*,*,#885,.F.);
#1126=ORIENTED_EDGE('',*,*,#886,.F.);
#1127=ORIENTED_EDGE('',*,*,#887,.T.);
#1128=ORIENTED_EDGE('',*,*,#886,.T.);
#1129=ORIENTED_EDGE('',*,*,#888,.F.);
#1130=ORIENTED_EDGE('',*,*,#856,.F.);
#1131=ORIENTED_EDGE('',*,*,#887,.F.);
#1132=ORIENTED_EDGE('',*,*,#855,.F.);
#1133=ORIENTED_EDGE('',*,*,#840,.T.);
#1134=ORIENTED_EDGE('',*,*,#841,.F.);
#1135=ORIENTED_EDGE('',*,*,#834,.F.);
#1136=ORIENTED_EDGE('',*,*,#858,.T.);
#1137=ORIENTED_EDGE('',*,*,#817,.F.);
#1138=ORIENTED_EDGE('',*,*,#860,.F.);
#1139=ORIENTED_EDGE('',*,*,#863,.F.);
#1140=ORIENTED_EDGE('',*,*,#866,.T.);
#1141=ORIENTED_EDGE('',*,*,#829,.F.);
#1142=ORIENTED_EDGE('',*,*,#868,.F.);
#1143=ORIENTED_EDGE('',*,*,#871,.F.);
#1144=ORIENTED_EDGE('',*,*,#874,.T.);
#1145=ORIENTED_EDGE('',*,*,#821,.F.);
#1146=ORIENTED_EDGE('',*,*,#876,.F.);
#1147=ORIENTED_EDGE('',*,*,#879,.F.);
#1148=ORIENTED_EDGE('',*,*,#882,.T.);
#1149=ORIENTED_EDGE('',*,*,#825,.F.);
#1150=ORIENTED_EDGE('',*,*,#884,.F.);
#1151=ORIENTED_EDGE('',*,*,#854,.F.);
#1152=ORIENTED_EDGE('',*,*,#851,.F.);
#1153=ORIENTED_EDGE('',*,*,#848,.F.);
#1154=ORIENTED_EDGE('',*,*,#845,.F.);
#1155=ORIENTED_EDGE('',*,*,#889,.F.);
#1156=ORIENTED_EDGE('',*,*,#890,.T.);
#1157=ORIENTED_EDGE('',*,*,#891,.T.);
#1158=ORIENTED_EDGE('',*,*,#890,.F.);
#1159=ORIENTED_EDGE('',*,*,#892,.F.);
#1160=ORIENTED_EDGE('',*,*,#893,.T.);
#1161=ORIENTED_EDGE('',*,*,#894,.T.);
#1162=ORIENTED_EDGE('',*,*,#893,.F.);
#1163=ORIENTED_EDGE('',*,*,#895,.F.);
#1164=ORIENTED_EDGE('',*,*,#896,.T.);
#1165=ORIENTED_EDGE('',*,*,#897,.T.);
#1166=ORIENTED_EDGE('',*,*,#896,.F.);
#1167=ORIENTED_EDGE('',*,*,#898,.F.);
#1168=ORIENTED_EDGE('',*,*,#899,.T.);
#1169=ORIENTED_EDGE('',*,*,#900,.T.);
#1170=ORIENTED_EDGE('',*,*,#899,.F.);
#1171=ORIENTED_EDGE('',*,*,#901,.F.);
#1172=ORIENTED_EDGE('',*,*,#802,.F.);
#1173=ORIENTED_EDGE('',*,*,#902,.F.);
#1174=ORIENTED_EDGE('',*,*,#811,.F.);
#1175=ORIENTED_EDGE('',*,*,#903,.T.);
#1176=ORIENTED_EDGE('',*,*,#807,.T.);
#1177=ORIENTED_EDGE('',*,*,#904,.F.);
#1178=ORIENTED_EDGE('',*,*,#905,.F.);
#1179=ORIENTED_EDGE('',*,*,#906,.T.);
#1180=ORIENTED_EDGE('',*,*,#905,.T.);
#1181=ORIENTED_EDGE('',*,*,#907,.F.);
#1182=ORIENTED_EDGE('',*,*,#908,.F.);
#1183=ORIENTED_EDGE('',*,*,#909,.F.);
#1184=ORIENTED_EDGE('',*,*,#908,.T.);
#1185=ORIENTED_EDGE('',*,*,#910,.F.);
#1186=ORIENTED_EDGE('',*,*,#792,.F.);
#1187=ORIENTED_EDGE('',*,*,#911,.T.);
#1188=ORIENTED_EDGE('',*,*,#794,.F.);
#1189=ORIENTED_EDGE('',*,*,#912,.F.);
#1190=ORIENTED_EDGE('',*,*,#913,.F.);
#1191=ORIENTED_EDGE('',*,*,#914,.T.);
#1192=ORIENTED_EDGE('',*,*,#913,.T.);
#1193=ORIENTED_EDGE('',*,*,#915,.F.);
#1194=ORIENTED_EDGE('',*,*,#916,.F.);
#1195=ORIENTED_EDGE('',*,*,#917,.F.);
#1196=ORIENTED_EDGE('',*,*,#916,.T.);
#1197=ORIENTED_EDGE('',*,*,#918,.F.);
#1198=ORIENTED_EDGE('',*,*,#804,.F.);
#1199=ORIENTED_EDGE('',*,*,#919,.T.);
#1200=ORIENTED_EDGE('',*,*,#806,.F.);
#1201=ORIENTED_EDGE('',*,*,#920,.F.);
#1202=ORIENTED_EDGE('',*,*,#921,.F.);
#1203=ORIENTED_EDGE('',*,*,#922,.T.);
#1204=ORIENTED_EDGE('',*,*,#921,.T.);
#1205=ORIENTED_EDGE('',*,*,#923,.F.);
#1206=ORIENTED_EDGE('',*,*,#924,.F.);
#1207=ORIENTED_EDGE('',*,*,#925,.F.);
#1208=ORIENTED_EDGE('',*,*,#924,.T.);
#1209=ORIENTED_EDGE('',*,*,#926,.F.);
#1210=ORIENTED_EDGE('',*,*,#796,.F.);
#1211=ORIENTED_EDGE('',*,*,#927,.T.);
#1212=ORIENTED_EDGE('',*,*,#798,.F.);
#1213=ORIENTED_EDGE('',*,*,#928,.F.);
#1214=ORIENTED_EDGE('',*,*,#929,.F.);
#1215=ORIENTED_EDGE('',*,*,#930,.T.);
#1216=ORIENTED_EDGE('',*,*,#929,.T.);
#1217=ORIENTED_EDGE('',*,*,#931,.F.);
#1218=ORIENTED_EDGE('',*,*,#932,.F.);
#1219=ORIENTED_EDGE('',*,*,#933,.F.);
#1220=ORIENTED_EDGE('',*,*,#932,.T.);
#1221=ORIENTED_EDGE('',*,*,#934,.F.);
#1222=ORIENTED_EDGE('',*,*,#800,.F.);
#1223=ORIENTED_EDGE('',*,*,#901,.T.);
#1224=ORIENTED_EDGE('',*,*,#814,.T.);
#1225=ORIENTED_EDGE('',*,*,#815,.F.);
#1226=ORIENTED_EDGE('',*,*,#808,.F.);
#1227=ORIENTED_EDGE('',*,*,#903,.F.);
#1228=ORIENTED_EDGE('',*,*,#906,.F.);
#1229=ORIENTED_EDGE('',*,*,#909,.T.);
#1230=ORIENTED_EDGE('',*,*,#791,.F.);
#1231=ORIENTED_EDGE('',*,*,#911,.F.);
#1232=ORIENTED_EDGE('',*,*,#914,.F.);
#1233=ORIENTED_EDGE('',*,*,#917,.T.);
#1234=ORIENTED_EDGE('',*,*,#803,.F.);
#1235=ORIENTED_EDGE('',*,*,#919,.F.);
#1236=ORIENTED_EDGE('',*,*,#922,.F.);
#1237=ORIENTED_EDGE('',*,*,#925,.T.);
#1238=ORIENTED_EDGE('',*,*,#795,.F.);
#1239=ORIENTED_EDGE('',*,*,#927,.F.);
#1240=ORIENTED_EDGE('',*,*,#930,.F.);
#1241=ORIENTED_EDGE('',*,*,#933,.T.);
#1242=ORIENTED_EDGE('',*,*,#799,.F.);
#1243=ORIENTED_EDGE('',*,*,#900,.F.);
#1244=ORIENTED_EDGE('',*,*,#897,.F.);
#1245=ORIENTED_EDGE('',*,*,#894,.F.);
#1246=ORIENTED_EDGE('',*,*,#891,.F.);
#1247=ORIENTED_EDGE('',*,*,#935,.F.);
#1248=ORIENTED_EDGE('',*,*,#936,.T.);
#1249=ORIENTED_EDGE('',*,*,#937,.T.);
#1250=ORIENTED_EDGE('',*,*,#936,.F.);
#1251=ORIENTED_EDGE('',*,*,#938,.F.);
#1252=ORIENTED_EDGE('',*,*,#939,.T.);
#1253=ORIENTED_EDGE('',*,*,#940,.T.);
#1254=ORIENTED_EDGE('',*,*,#939,.F.);
#1255=ORIENTED_EDGE('',*,*,#941,.F.);
#1256=ORIENTED_EDGE('',*,*,#942,.T.);
#1257=ORIENTED_EDGE('',*,*,#943,.T.);
#1258=ORIENTED_EDGE('',*,*,#942,.F.);
#1259=ORIENTED_EDGE('',*,*,#944,.F.);
#1260=ORIENTED_EDGE('',*,*,#945,.T.);
#1261=ORIENTED_EDGE('',*,*,#946,.T.);
#1262=ORIENTED_EDGE('',*,*,#945,.F.);
#1263=ORIENTED_EDGE('',*,*,#947,.F.);
#1264=ORIENTED_EDGE('',*,*,#948,.T.);
#1265=ORIENTED_EDGE('',*,*,#949,.T.);
#1266=ORIENTED_EDGE('',*,*,#948,.F.);
#1267=ORIENTED_EDGE('',*,*,#950,.F.);
#1268=ORIENTED_EDGE('',*,*,#951,.T.);
#1269=ORIENTED_EDGE('',*,*,#952,.T.);
#1270=ORIENTED_EDGE('',*,*,#951,.F.);
#1271=ORIENTED_EDGE('',*,*,#953,.F.);
#1272=ORIENTED_EDGE('',*,*,#954,.T.);
#1273=ORIENTED_EDGE('',*,*,#955,.T.);
#1274=ORIENTED_EDGE('',*,*,#954,.F.);
#1275=ORIENTED_EDGE('',*,*,#956,.F.);
#1276=ORIENTED_EDGE('',*,*,#957,.T.);
#1277=ORIENTED_EDGE('',*,*,#958,.T.);
#1278=ORIENTED_EDGE('',*,*,#957,.F.);
#1279=ORIENTED_EDGE('',*,*,#959,.T.);
#1280=ORIENTED_EDGE('',*,*,#960,.T.);
#1281=ORIENTED_EDGE('',*,*,#961,.F.);
#1282=ORIENTED_EDGE('',*,*,#962,.F.);
#1283=ORIENTED_EDGE('',*,*,#963,.T.);
#1284=ORIENTED_EDGE('',*,*,#962,.T.);
#1285=ORIENTED_EDGE('',*,*,#964,.F.);
#1286=ORIENTED_EDGE('',*,*,#965,.F.);
#1287=ORIENTED_EDGE('',*,*,#966,.F.);
#1288=ORIENTED_EDGE('',*,*,#965,.T.);
#1289=ORIENTED_EDGE('',*,*,#967,.F.);
#1290=ORIENTED_EDGE('',*,*,#968,.F.);
#1291=ORIENTED_EDGE('',*,*,#969,.F.);
#1292=ORIENTED_EDGE('',*,*,#968,.T.);
#1293=ORIENTED_EDGE('',*,*,#970,.F.);
#1294=ORIENTED_EDGE('',*,*,#971,.F.);
#1295=ORIENTED_EDGE('',*,*,#972,.T.);
#1296=ORIENTED_EDGE('',*,*,#971,.T.);
#1297=ORIENTED_EDGE('',*,*,#973,.F.);
#1298=ORIENTED_EDGE('',*,*,#974,.F.);
#1299=ORIENTED_EDGE('',*,*,#975,.T.);
#1300=ORIENTED_EDGE('',*,*,#974,.T.);
#1301=ORIENTED_EDGE('',*,*,#976,.F.);
#1302=ORIENTED_EDGE('',*,*,#977,.F.);
#1303=ORIENTED_EDGE('',*,*,#978,.F.);
#1304=ORIENTED_EDGE('',*,*,#977,.T.);
#1305=ORIENTED_EDGE('',*,*,#979,.F.);
#1306=ORIENTED_EDGE('',*,*,#980,.F.);
#1307=ORIENTED_EDGE('',*,*,#981,.F.);
#1308=ORIENTED_EDGE('',*,*,#980,.T.);
#1309=ORIENTED_EDGE('',*,*,#982,.F.);
#1310=ORIENTED_EDGE('',*,*,#983,.F.);
#1311=ORIENTED_EDGE('',*,*,#984,.T.);
#1312=ORIENTED_EDGE('',*,*,#983,.T.);
#1313=ORIENTED_EDGE('',*,*,#985,.F.);
#1314=ORIENTED_EDGE('',*,*,#986,.F.);
#1315=ORIENTED_EDGE('',*,*,#987,.T.);
#1316=ORIENTED_EDGE('',*,*,#986,.T.);
#1317=ORIENTED_EDGE('',*,*,#988,.F.);
#1318=ORIENTED_EDGE('',*,*,#989,.F.);
#1319=ORIENTED_EDGE('',*,*,#990,.F.);
#1320=ORIENTED_EDGE('',*,*,#989,.T.);
#1321=ORIENTED_EDGE('',*,*,#991,.F.);
#1322=ORIENTED_EDGE('',*,*,#992,.F.);
#1323=ORIENTED_EDGE('',*,*,#993,.F.);
#1324=ORIENTED_EDGE('',*,*,#992,.T.);
#1325=ORIENTED_EDGE('',*,*,#994,.F.);
#1326=ORIENTED_EDGE('',*,*,#995,.F.);
#1327=ORIENTED_EDGE('',*,*,#996,.T.);
#1328=ORIENTED_EDGE('',*,*,#995,.T.);
#1329=ORIENTED_EDGE('',*,*,#997,.F.);
#1330=ORIENTED_EDGE('',*,*,#998,.F.);
#1331=ORIENTED_EDGE('',*,*,#999,.T.);
#1332=ORIENTED_EDGE('',*,*,#998,.T.);
#1333=ORIENTED_EDGE('',*,*,#1000,.F.);
#1334=ORIENTED_EDGE('',*,*,#1001,.F.);
#1335=ORIENTED_EDGE('',*,*,#1002,.F.);
#1336=ORIENTED_EDGE('',*,*,#1001,.T.);
#1337=ORIENTED_EDGE('',*,*,#1003,.F.);
#1338=ORIENTED_EDGE('',*,*,#1004,.F.);
#1339=ORIENTED_EDGE('',*,*,#1005,.F.);
#1340=ORIENTED_EDGE('',*,*,#1004,.T.);
#1341=ORIENTED_EDGE('',*,*,#1006,.F.);
#1342=ORIENTED_EDGE('',*,*,#960,.F.);
#1343=ORIENTED_EDGE('',*,*,#1006,.T.);
#1344=ORIENTED_EDGE('',*,*,#1003,.T.);
#1345=ORIENTED_EDGE('',*,*,#1000,.T.);
#1346=ORIENTED_EDGE('',*,*,#997,.T.);
#1347=ORIENTED_EDGE('',*,*,#994,.T.);
#1348=ORIENTED_EDGE('',*,*,#991,.T.);
#1349=ORIENTED_EDGE('',*,*,#988,.T.);
#1350=ORIENTED_EDGE('',*,*,#985,.T.);
#1351=ORIENTED_EDGE('',*,*,#982,.T.);
#1352=ORIENTED_EDGE('',*,*,#979,.T.);
#1353=ORIENTED_EDGE('',*,*,#976,.T.);
#1354=ORIENTED_EDGE('',*,*,#973,.T.);
#1355=ORIENTED_EDGE('',*,*,#970,.T.);
#1356=ORIENTED_EDGE('',*,*,#967,.T.);
#1357=ORIENTED_EDGE('',*,*,#964,.T.);
#1358=ORIENTED_EDGE('',*,*,#961,.T.);
#1359=ORIENTED_EDGE('',*,*,#889,.T.);
#1360=ORIENTED_EDGE('',*,*,#892,.T.);
#1361=ORIENTED_EDGE('',*,*,#843,.T.);
#1362=ORIENTED_EDGE('',*,*,#895,.T.);
#1363=ORIENTED_EDGE('',*,*,#898,.T.);
#1364=ORIENTED_EDGE('',*,*,#849,.T.);
#1365=ORIENTED_EDGE('',*,*,#956,.T.);
#1366=ORIENTED_EDGE('',*,*,#953,.T.);
#1367=ORIENTED_EDGE('',*,*,#950,.T.);
#1368=ORIENTED_EDGE('',*,*,#947,.T.);
#1369=ORIENTED_EDGE('',*,*,#944,.T.);
#1370=ORIENTED_EDGE('',*,*,#941,.T.);
#1371=ORIENTED_EDGE('',*,*,#938,.T.);
#1372=ORIENTED_EDGE('',*,*,#935,.T.);
#1373=ORIENTED_EDGE('',*,*,#846,.T.);
#1374=ORIENTED_EDGE('',*,*,#852,.T.);
#1375=ORIENTED_EDGE('',*,*,#1005,.T.);
#1376=ORIENTED_EDGE('',*,*,#959,.F.);
#1377=ORIENTED_EDGE('',*,*,#963,.F.);
#1378=ORIENTED_EDGE('',*,*,#966,.T.);
#1379=ORIENTED_EDGE('',*,*,#969,.T.);
#1380=ORIENTED_EDGE('',*,*,#972,.F.);
#1381=ORIENTED_EDGE('',*,*,#975,.F.);
#1382=ORIENTED_EDGE('',*,*,#978,.T.);
#1383=ORIENTED_EDGE('',*,*,#981,.T.);
#1384=ORIENTED_EDGE('',*,*,#984,.F.);
#1385=ORIENTED_EDGE('',*,*,#987,.F.);
#1386=ORIENTED_EDGE('',*,*,#990,.T.);
#1387=ORIENTED_EDGE('',*,*,#993,.T.);
#1388=ORIENTED_EDGE('',*,*,#996,.F.);
#1389=ORIENTED_EDGE('',*,*,#999,.F.);
#1390=ORIENTED_EDGE('',*,*,#1002,.T.);
#1391=ORIENTED_EDGE('',*,*,#859,.T.);
#1392=ORIENTED_EDGE('',*,*,#836,.T.);
#1393=ORIENTED_EDGE('',*,*,#842,.T.);
#1394=ORIENTED_EDGE('',*,*,#838,.T.);
#1395=ORIENTED_EDGE('',*,*,#857,.T.);
#1396=ORIENTED_EDGE('',*,*,#888,.T.);
#1397=ORIENTED_EDGE('',*,*,#885,.T.);
#1398=ORIENTED_EDGE('',*,*,#827,.T.);
#1399=ORIENTED_EDGE('',*,*,#883,.T.);
#1400=ORIENTED_EDGE('',*,*,#880,.T.);
#1401=ORIENTED_EDGE('',*,*,#877,.T.);
#1402=ORIENTED_EDGE('',*,*,#823,.T.);
#1403=ORIENTED_EDGE('',*,*,#875,.T.);
#1404=ORIENTED_EDGE('',*,*,#872,.T.);
#1405=ORIENTED_EDGE('',*,*,#869,.T.);
#1406=ORIENTED_EDGE('',*,*,#831,.T.);
#1407=ORIENTED_EDGE('',*,*,#867,.T.);
#1408=ORIENTED_EDGE('',*,*,#864,.T.);
#1409=ORIENTED_EDGE('',*,*,#861,.T.);
#1410=ORIENTED_EDGE('',*,*,#819,.T.);
#1411=ORIENTED_EDGE('',*,*,#958,.F.);
#1412=ORIENTED_EDGE('',*,*,#955,.F.);
#1413=ORIENTED_EDGE('',*,*,#952,.F.);
#1414=ORIENTED_EDGE('',*,*,#949,.F.);
#1415=ORIENTED_EDGE('',*,*,#946,.F.);
#1416=ORIENTED_EDGE('',*,*,#943,.F.);
#1417=ORIENTED_EDGE('',*,*,#940,.F.);
#1418=ORIENTED_EDGE('',*,*,#937,.F.);
#1419=ORIENTED_EDGE('',*,*,#910,.T.);
#1420=ORIENTED_EDGE('',*,*,#907,.T.);
#1421=ORIENTED_EDGE('',*,*,#904,.T.);
#1422=ORIENTED_EDGE('',*,*,#810,.T.);
#1423=ORIENTED_EDGE('',*,*,#816,.T.);
#1424=ORIENTED_EDGE('',*,*,#812,.T.);
#1425=ORIENTED_EDGE('',*,*,#902,.T.);
#1426=ORIENTED_EDGE('',*,*,#801,.T.);
#1427=ORIENTED_EDGE('',*,*,#934,.T.);
#1428=ORIENTED_EDGE('',*,*,#931,.T.);
#1429=ORIENTED_EDGE('',*,*,#928,.T.);
#1430=ORIENTED_EDGE('',*,*,#797,.T.);
#1431=ORIENTED_EDGE('',*,*,#926,.T.);
#1432=ORIENTED_EDGE('',*,*,#923,.T.);
#1433=ORIENTED_EDGE('',*,*,#920,.T.);
#1434=ORIENTED_EDGE('',*,*,#805,.T.);
#1435=ORIENTED_EDGE('',*,*,#918,.T.);
#1436=ORIENTED_EDGE('',*,*,#915,.T.);
#1437=ORIENTED_EDGE('',*,*,#912,.T.);
#1438=ORIENTED_EDGE('',*,*,#793,.T.);
#1439=PLANE('',#1585);
#1440=PLANE('',#1586);
#1441=PLANE('',#1587);
#1442=PLANE('',#1588);
#1443=PLANE('',#1589);
#1444=PLANE('',#1590);
#1445=PLANE('',#1591);
#1446=PLANE('',#1592);
#1447=PLANE('',#1593);
#1448=PLANE('',#1594);
#1449=PLANE('',#1595);
#1450=PLANE('',#1596);
#1451=PLANE('',#1597);
#1452=PLANE('',#1598);
#1453=PLANE('',#1611);
#1454=PLANE('',#1612);
#1455=PLANE('',#1613);
#1456=PLANE('',#1614);
#1457=PLANE('',#1615);
#1458=PLANE('',#1616);
#1459=PLANE('',#1617);
#1460=PLANE('',#1618);
#1461=PLANE('',#1619);
#1462=PLANE('',#1620);
#1463=PLANE('',#1621);
#1464=PLANE('',#1622);
#1465=PLANE('',#1623);
#1466=PLANE('',#1624);
#1467=PLANE('',#1637);
#1468=PLANE('',#1638);
#1469=PLANE('',#1639);
#1470=PLANE('',#1640);
#1471=PLANE('',#1641);
#1472=PLANE('',#1642);
#1473=PLANE('',#1643);
#1474=PLANE('',#1644);
#1475=PLANE('',#1645);
#1476=PLANE('',#1646);
#1477=PLANE('',#1647);
#1478=PLANE('',#1648);
#1479=PLANE('',#1649);
#1480=PLANE('',#1650);
#1481=PLANE('',#1678);
#1482=PLANE('',#1679);
#1483=PLANE('',#1680);
#1484=PLANE('',#1684);
#1485=PLANE('',#1685);
#1486=PLANE('',#1686);
#1487=PLANE('',#1690);
#1488=PLANE('',#1691);
#1489=PLANE('',#1692);
#1490=PLANE('',#1696);
#1491=PLANE('',#1697);
#1492=PLANE('',#1698);
#1493=PLANE('',#1699);
#1494=PLANE('',#1700);
#1495=ADVANCED_FACE('',(#109),#1439,.T.);
#1496=ADVANCED_FACE('',(#110),#1440,.T.);
#1497=ADVANCED_FACE('',(#111),#1441,.T.);
#1498=ADVANCED_FACE('',(#112),#1442,.T.);
#1499=ADVANCED_FACE('',(#113),#1443,.T.);
#1500=ADVANCED_FACE('',(#114),#1444,.T.);
#1501=ADVANCED_FACE('',(#115),#1445,.T.);
#1502=ADVANCED_FACE('',(#116),#1446,.T.);
#1503=ADVANCED_FACE('',(#117),#1447,.T.);
#1504=ADVANCED_FACE('',(#118),#1448,.T.);
#1505=ADVANCED_FACE('',(#119),#1449,.T.);
#1506=ADVANCED_FACE('',(#120),#1450,.T.);
#1507=ADVANCED_FACE('',(#121),#1451,.T.);
#1508=ADVANCED_FACE('',(#122),#1452,.T.);
#1509=ADVANCED_FACE('',(#123),#89,.F.);
#1510=ADVANCED_FACE('',(#124),#90,.F.);
#1511=ADVANCED_FACE('',(#125),#91,.F.);
#1512=ADVANCED_FACE('',(#126),#92,.F.);
#1513=ADVANCED_FACE('',(#127),#1453,.T.);
#1514=ADVANCED_FACE('',(#128),#1454,.T.);
#1515=ADVANCED_FACE('',(#129),#1455,.T.);
#1516=ADVANCED_FACE('',(#130),#1456,.T.);
#1517=ADVANCED_FACE('',(#131),#1457,.T.);
#1518=ADVANCED_FACE('',(#132),#1458,.T.);
#1519=ADVANCED_FACE('',(#133),#1459,.T.);
#1520=ADVANCED_FACE('',(#134),#1460,.T.);
#1521=ADVANCED_FACE('',(#135),#1461,.T.);
#1522=ADVANCED_FACE('',(#136),#1462,.T.);
#1523=ADVANCED_FACE('',(#137),#1463,.T.);
#1524=ADVANCED_FACE('',(#138),#1464,.T.);
#1525=ADVANCED_FACE('',(#139),#1465,.T.);
#1526=ADVANCED_FACE('',(#140,#15,#16,#17,#18),#1466,.F.);
#1527=ADVANCED_FACE('',(#141),#93,.F.);
#1528=ADVANCED_FACE('',(#142),#94,.F.);
#1529=ADVANCED_FACE('',(#143),#95,.F.);
#1530=ADVANCED_FACE('',(#144),#96,.F.);
#1531=ADVANCED_FACE('',(#145),#1467,.T.);
#1532=ADVANCED_FACE('',(#146),#1468,.T.);
#1533=ADVANCED_FACE('',(#147),#1469,.T.);
#1534=ADVANCED_FACE('',(#148),#1470,.T.);
#1535=ADVANCED_FACE('',(#149),#1471,.T.);
#1536=ADVANCED_FACE('',(#150),#1472,.T.);
#1537=ADVANCED_FACE('',(#151),#1473,.T.);
#1538=ADVANCED_FACE('',(#152),#1474,.T.);
#1539=ADVANCED_FACE('',(#153),#1475,.T.);
#1540=ADVANCED_FACE('',(#154),#1476,.T.);
#1541=ADVANCED_FACE('',(#155),#1477,.T.);
#1542=ADVANCED_FACE('',(#156),#1478,.T.);
#1543=ADVANCED_FACE('',(#157),#1479,.T.);
#1544=ADVANCED_FACE('',(#158,#19,#20,#21,#22),#1480,.F.);
#1545=ADVANCED_FACE('',(#159),#97,.F.);
#1546=ADVANCED_FACE('',(#160),#98,.F.);
#1547=ADVANCED_FACE('',(#161),#99,.F.);
#1548=ADVANCED_FACE('',(#162),#100,.F.);
#1549=ADVANCED_FACE('',(#163),#101,.F.);
#1550=ADVANCED_FACE('',(#164),#102,.F.);
#1551=ADVANCED_FACE('',(#165),#103,.F.);
#1552=ADVANCED_FACE('',(#166),#104,.F.);
#1553=ADVANCED_FACE('',(#167),#105,.T.);
#1554=ADVANCED_FACE('',(#168),#1481,.T.);
#1555=ADVANCED_FACE('',(#169),#1482,.T.);
#1556=ADVANCED_FACE('',(#170),#1483,.T.);
#1557=ADVANCED_FACE('',(#171),#106,.T.);
#1558=ADVANCED_FACE('',(#172),#1484,.T.);
#1559=ADVANCED_FACE('',(#173),#1485,.T.);
#1560=ADVANCED_FACE('',(#174),#1486,.T.);
#1561=ADVANCED_FACE('',(#175),#107,.T.);
#1562=ADVANCED_FACE('',(#176),#1487,.T.);
#1563=ADVANCED_FACE('',(#177),#1488,.T.);
#1564=ADVANCED_FACE('',(#178),#1489,.T.);
#1565=ADVANCED_FACE('',(#179),#108,.T.);
#1566=ADVANCED_FACE('',(#180),#1490,.T.);
#1567=ADVANCED_FACE('',(#181),#1491,.T.);
#1568=ADVANCED_FACE('',(#182),#1492,.T.);
#1569=ADVANCED_FACE('',(#183,#23,#24,#25,#26,#27,#28,#29,#30,#31,#32,#33,
#34,#35,#36,#37,#38),#1493,.T.);
#1570=ADVANCED_FACE('',(#184,#39,#40,#41,#42,#43,#44,#45,#46,#47,#48),#1494,
 .F.);
#1571=CLOSED_SHELL('',(#1495,#1496,#1497,#1498,#1499,#1500,#1501,#1502,
#1503,#1504,#1505,#1506,#1507,#1508,#1509,#1510,#1511,#1512,#1513,#1514,
#1515,#1516,#1517,#1518,#1519,#1520,#1521,#1522,#1523,#1524,#1525,#1526,
#1527,#1528,#1529,#1530,#1531,#1532,#1533,#1534,#1535,#1536,#1537,#1538,
#1539,#1540,#1541,#1542,#1543,#1544,#1545,#1546,#1547,#1548,#1549,#1550,
#1551,#1552,#1553,#1554,#1555,#1556,#1557,#1558,#1559,#1560,#1561,#1562,
#1563,#1564,#1565,#1566,#1567,#1568,#1569,#1570));
#1572=DERIVED_UNIT_ELEMENT(#1574,1.);
#1573=DERIVED_UNIT_ELEMENT(#2553,-3.);
#1574=(
MASS_UNIT()
NAMED_UNIT(*)
SI_UNIT(.KILO.,.GRAM.)
);
#1575=DERIVED_UNIT((#1572,#1573));
#1576=MEASURE_REPRESENTATION_ITEM('density measure',
POSITIVE_RATIO_MEASURE(7850.),#1575);
#1577=PROPERTY_DEFINITION_REPRESENTATION(#1582,#1579);
#1578=PROPERTY_DEFINITION_REPRESENTATION(#1583,#1580);
#1579=REPRESENTATION('material name',(#1581),#2550);
#1580=REPRESENTATION('density',(#1576),#2550);
#1581=DESCRIPTIVE_REPRESENTATION_ITEM('Steel','Steel');
#1582=PROPERTY_DEFINITION('material property','material name',#2560);
#1583=PROPERTY_DEFINITION('material property','density of part',#2560);
#1584=AXIS2_PLACEMENT_3D('',#2111,#1701,#1702);
#1585=AXIS2_PLACEMENT_3D('',#2112,#1703,#1704);
#1586=AXIS2_PLACEMENT_3D('',#2121,#1709,#1710);
#1587=AXIS2_PLACEMENT_3D('',#2130,#1715,#1716);
#1588=AXIS2_PLACEMENT_3D('',#2139,#1721,#1722);
#1589=AXIS2_PLACEMENT_3D('',#2148,#1727,#1728);
#1590=AXIS2_PLACEMENT_3D('',#2157,#1733,#1734);
#1591=AXIS2_PLACEMENT_3D('',#2166,#1739,#1740);
#1592=AXIS2_PLACEMENT_3D('',#2169,#1743,#1744);
#1593=AXIS2_PLACEMENT_3D('',#2178,#1749,#1750);
#1594=AXIS2_PLACEMENT_3D('',#2187,#1755,#1756);
#1595=AXIS2_PLACEMENT_3D('',#2196,#1761,#1762);
#1596=AXIS2_PLACEMENT_3D('',#2205,#1767,#1768);
#1597=AXIS2_PLACEMENT_3D('',#2214,#1773,#1774);
#1598=AXIS2_PLACEMENT_3D('',#2223,#1779,#1780);
#1599=AXIS2_PLACEMENT_3D('',#2226,#1783,#1784);
#1600=AXIS2_PLACEMENT_3D('',#2228,#1785,#1786);
#1601=AXIS2_PLACEMENT_3D('',#2231,#1788,#1789);
#1602=AXIS2_PLACEMENT_3D('',#2232,#1790,#1791);
#1603=AXIS2_PLACEMENT_3D('',#2234,#1792,#1793);
#1604=AXIS2_PLACEMENT_3D('',#2237,#1795,#1796);
#1605=AXIS2_PLACEMENT_3D('',#2238,#1797,#1798);
#1606=AXIS2_PLACEMENT_3D('',#2240,#1799,#1800);
#1607=AXIS2_PLACEMENT_3D('',#2243,#1802,#1803);
#1608=AXIS2_PLACEMENT_3D('',#2244,#1804,#1805);
#1609=AXIS2_PLACEMENT_3D('',#2246,#1806,#1807);
#1610=AXIS2_PLACEMENT_3D('',#2249,#1809,#1810);
#1611=AXIS2_PLACEMENT_3D('',#2250,#1811,#1812);
#1612=AXIS2_PLACEMENT_3D('',#2256,#1816,#1817);
#1613=AXIS2_PLACEMENT_3D('',#2259,#1820,#1821);
#1614=AXIS2_PLACEMENT_3D('',#2265,#1825,#1826);
#1615=AXIS2_PLACEMENT_3D('',#2271,#1830,#1831);
#1616=AXIS2_PLACEMENT_3D('',#2274,#1834,#1835);
#1617=AXIS2_PLACEMENT_3D('',#2280,#1839,#1840);
#1618=AXIS2_PLACEMENT_3D('',#2286,#1844,#1845);
#1619=AXIS2_PLACEMENT_3D('',#2289,#1848,#1849);
#1620=AXIS2_PLACEMENT_3D('',#2295,#1853,#1854);
#1621=AXIS2_PLACEMENT_3D('',#2301,#1858,#1859);
#1622=AXIS2_PLACEMENT_3D('',#2304,#1862,#1863);
#1623=AXIS2_PLACEMENT_3D('',#2310,#1867,#1868);
#1624=AXIS2_PLACEMENT_3D('',#2313,#1871,#1872);
#1625=AXIS2_PLACEMENT_3D('',#2314,#1873,#1874);
#1626=AXIS2_PLACEMENT_3D('',#2316,#1875,#1876);
#1627=AXIS2_PLACEMENT_3D('',#2319,#1878,#1879);
#1628=AXIS2_PLACEMENT_3D('',#2320,#1880,#1881);
#1629=AXIS2_PLACEMENT_3D('',#2322,#1882,#1883);
#1630=AXIS2_PLACEMENT_3D('',#2325,#1885,#1886);
#1631=AXIS2_PLACEMENT_3D('',#2326,#1887,#1888);
#1632=AXIS2_PLACEMENT_3D('',#2328,#1889,#1890);
#1633=AXIS2_PLACEMENT_3D('',#2331,#1892,#1893);
#1634=AXIS2_PLACEMENT_3D('',#2332,#1894,#1895);
#1635=AXIS2_PLACEMENT_3D('',#2334,#1896,#1897);
#1636=AXIS2_PLACEMENT_3D('',#2337,#1899,#1900);
#1637=AXIS2_PLACEMENT_3D('',#2338,#1901,#1902);
#1638=AXIS2_PLACEMENT_3D('',#2341,#1905,#1906);
#1639=AXIS2_PLACEMENT_3D('',#2347,#1910,#1911);
#1640=AXIS2_PLACEMENT_3D('',#2353,#1915,#1916);
#1641=AXIS2_PLACEMENT_3D('',#2356,#1919,#1920);
#1642=AXIS2_PLACEMENT_3D('',#2362,#1924,#1925);
#1643=AXIS2_PLACEMENT_3D('',#2368,#1929,#1930);
#1644=AXIS2_PLACEMENT_3D('',#2371,#1933,#1934);
#1645=AXIS2_PLACEMENT_3D('',#2377,#1938,#1939);
#1646=AXIS2_PLACEMENT_3D('',#2383,#1943,#1944);
#1647=AXIS2_PLACEMENT_3D('',#2386,#1947,#1948);
#1648=AXIS2_PLACEMENT_3D('',#2392,#1952,#1953);
#1649=AXIS2_PLACEMENT_3D('',#2398,#1957,#1958);
#1650=AXIS2_PLACEMENT_3D('',#2401,#1961,#1962);
#1651=AXIS2_PLACEMENT_3D('',#2402,#1963,#1964);
#1652=AXIS2_PLACEMENT_3D('',#2404,#1965,#1966);
#1653=AXIS2_PLACEMENT_3D('',#2407,#1968,#1969);
#1654=AXIS2_PLACEMENT_3D('',#2408,#1970,#1971);
#1655=AXIS2_PLACEMENT_3D('',#2410,#1972,#1973);
#1656=AXIS2_PLACEMENT_3D('',#2413,#1975,#1976);
#1657=AXIS2_PLACEMENT_3D('',#2414,#1977,#1978);
#1658=AXIS2_PLACEMENT_3D('',#2416,#1979,#1980);
#1659=AXIS2_PLACEMENT_3D('',#2419,#1982,#1983);
#1660=AXIS2_PLACEMENT_3D('',#2420,#1984,#1985);
#1661=AXIS2_PLACEMENT_3D('',#2422,#1986,#1987);
#1662=AXIS2_PLACEMENT_3D('',#2425,#1989,#1990);
#1663=AXIS2_PLACEMENT_3D('',#2426,#1991,#1992);
#1664=AXIS2_PLACEMENT_3D('',#2428,#1993,#1994);
#1665=AXIS2_PLACEMENT_3D('',#2431,#1996,#1997);
#1666=AXIS2_PLACEMENT_3D('',#2432,#1998,#1999);
#1667=AXIS2_PLACEMENT_3D('',#2434,#2000,#2001);
#1668=AXIS2_PLACEMENT_3D('',#2437,#2003,#2004);
#1669=AXIS2_PLACEMENT_3D('',#2438,#2005,#2006);
#1670=AXIS2_PLACEMENT_3D('',#2440,#2007,#2008);
#1671=AXIS2_PLACEMENT_3D('',#2443,#2010,#2011);
#1672=AXIS2_PLACEMENT_3D('',#2444,#2012,#2013);
#1673=AXIS2_PLACEMENT_3D('',#2446,#2014,#2015);
#1674=AXIS2_PLACEMENT_3D('',#2449,#2017,#2018);
#1675=AXIS2_PLACEMENT_3D('',#2450,#2019,#2020);
#1676=AXIS2_PLACEMENT_3D('',#2453,#2021,#2022);
#1677=AXIS2_PLACEMENT_3D('',#2457,#2024,#2025);
#1678=AXIS2_PLACEMENT_3D('',#2459,#2027,#2028);
#1679=AXIS2_PLACEMENT_3D('',#2465,#2032,#2033);
#1680=AXIS2_PLACEMENT_3D('',#2471,#2037,#2038);
#1681=AXIS2_PLACEMENT_3D('',#2477,#2042,#2043);
#1682=AXIS2_PLACEMENT_3D('',#2479,#2044,#2045);
#1683=AXIS2_PLACEMENT_3D('',#2481,#2046,#2047);
#1684=AXIS2_PLACEMENT_3D('',#2483,#2049,#2050);
#1685=AXIS2_PLACEMENT_3D('',#2489,#2054,#2055);
#1686=AXIS2_PLACEMENT_3D('',#2495,#2059,#2060);
#1687=AXIS2_PLACEMENT_3D('',#2501,#2064,#2065);
#1688=AXIS2_PLACEMENT_3D('',#2503,#2066,#2067);
#1689=AXIS2_PLACEMENT_3D('',#2505,#2068,#2069);
#1690=AXIS2_PLACEMENT_3D('',#2507,#2071,#2072);
#1691=AXIS2_PLACEMENT_3D('',#2513,#2076,#2077);
#1692=AXIS2_PLACEMENT_3D('',#2519,#2081,#2082);
#1693=AXIS2_PLACEMENT_3D('',#2525,#2086,#2087);
#1694=AXIS2_PLACEMENT_3D('',#2527,#2088,#2089);
#1695=AXIS2_PLACEMENT_3D('',#2529,#2090,#2091);
#1696=AXIS2_PLACEMENT_3D('',#2531,#2093,#2094);
#1697=AXIS2_PLACEMENT_3D('',#2537,#2098,#2099);
#1698=AXIS2_PLACEMENT_3D('',#2543,#2103,#2104);
#1699=AXIS2_PLACEMENT_3D('',#2546,#2107,#2108);
#1700=AXIS2_PLACEMENT_3D('',#2547,#2109,#2110);
#1701=DIRECTION('axis',(0.,0.,1.));
#1702=DIRECTION('refdir',(1.,0.,0.));
#1703=DIRECTION('center_axis',(-1.,0.,0.));
#1704=DIRECTION('ref_axis',(0.,0.,1.));
#1705=DIRECTION('',(0.,1.,0.));
#1706=DIRECTION('',(0.,0.,-1.));
#1707=DIRECTION('',(0.,1.,0.));
#1708=DIRECTION('',(0.,0.,1.));
#1709=DIRECTION('center_axis',(-1.,0.,0.));
#1710=DIRECTION('ref_axis',(0.,0.,1.));
#1711=DIRECTION('',(0.,1.,0.));
#1712=DIRECTION('',(0.,0.,-1.));
#1713=DIRECTION('',(0.,1.,0.));
#1714=DIRECTION('',(0.,0.,1.));
#1715=DIRECTION('center_axis',(-1.,0.,0.));
#1716=DIRECTION('ref_axis',(0.,0.,1.));
#1717=DIRECTION('',(0.,1.,0.));
#1718=DIRECTION('',(0.,0.,-1.));
#1719=DIRECTION('',(0.,1.,0.));
#1720=DIRECTION('',(0.,0.,1.));
#1721=DIRECTION('center_axis',(-1.,0.,0.));
#1722=DIRECTION('ref_axis',(0.,0.,1.));
#1723=DIRECTION('',(0.,1.,0.));
#1724=DIRECTION('',(0.,0.,-1.));
#1725=DIRECTION('',(0.,1.,0.));
#1726=DIRECTION('',(0.,0.,1.));
#1727=DIRECTION('center_axis',(-5.98465958179251E-7,0.999999999999821,0.));
#1728=DIRECTION('ref_axis',(0.,0.,1.));
#1729=DIRECTION('',(0.,0.,-1.));
#1730=DIRECTION('',(0.999999999999821,5.98465958179251E-7,0.));
#1731=DIRECTION('',(0.,0.,1.));
#1732=DIRECTION('',(0.999999999999821,5.98465958179251E-7,0.));
#1733=DIRECTION('center_axis',(5.98465958179251E-7,-0.999999999999821,0.));
#1734=DIRECTION('ref_axis',(0.,0.,-1.));
#1735=DIRECTION('',(0.,0.,-1.));
#1736=DIRECTION('',(-0.999999999999821,-5.98465958179251E-7,0.));
#1737=DIRECTION('',(0.,0.,-1.));
#1738=DIRECTION('',(0.999999999999821,5.98465958179251E-7,0.));
#1739=DIRECTION('center_axis',(0.999999999999821,5.98465958179251E-7,0.));
#1740=DIRECTION('ref_axis',(0.,0.,-1.));
#1741=DIRECTION('',(5.98465958185184E-7,-0.999999999999821,0.));
#1742=DIRECTION('',(5.98465958179251E-7,-0.999999999999821,0.));
#1743=DIRECTION('center_axis',(1.,0.,0.));
#1744=DIRECTION('ref_axis',(0.,0.,-1.));
#1745=DIRECTION('',(0.,-1.,0.));
#1746=DIRECTION('',(0.,0.,-1.));
#1747=DIRECTION('',(0.,-1.,0.));
#1748=DIRECTION('',(0.,0.,1.));
#1749=DIRECTION('center_axis',(1.,0.,0.));
#1750=DIRECTION('ref_axis',(0.,0.,-1.));
#1751=DIRECTION('',(0.,-1.,0.));
#1752=DIRECTION('',(0.,0.,-1.));
#1753=DIRECTION('',(0.,-1.,0.));
#1754=DIRECTION('',(0.,0.,1.));
#1755=DIRECTION('center_axis',(1.,0.,0.));
#1756=DIRECTION('ref_axis',(0.,0.,-1.));
#1757=DIRECTION('',(0.,-1.,0.));
#1758=DIRECTION('',(0.,0.,-1.));
#1759=DIRECTION('',(0.,-1.,0.));
#1760=DIRECTION('',(0.,0.,1.));
#1761=DIRECTION('center_axis',(1.,0.,0.));
#1762=DIRECTION('ref_axis',(0.,0.,-1.));
#1763=DIRECTION('',(0.,-1.,0.));
#1764=DIRECTION('',(0.,0.,-1.));
#1765=DIRECTION('',(0.,-1.,0.));
#1766=DIRECTION('',(0.,0.,1.));
#1767=DIRECTION('center_axis',(-1.03400318973712E-6,-0.999999999999465,
0.));
#1768=DIRECTION('ref_axis',(0.,0.,1.));
#1769=DIRECTION('',(0.,0.,-1.));
#1770=DIRECTION('',(-0.999999999999465,1.03400318973712E-6,0.));
#1771=DIRECTION('',(0.,0.,1.));
#1772=DIRECTION('',(-0.999999999999465,1.03400318973712E-6,0.));
#1773=DIRECTION('center_axis',(1.03400318973712E-6,0.999999999999465,0.));
#1774=DIRECTION('ref_axis',(0.,0.,-1.));
#1775=DIRECTION('',(0.,0.,-1.));
#1776=DIRECTION('',(0.999999999999465,-1.03400318973712E-6,0.));
#1777=DIRECTION('',(0.,0.,-1.));
#1778=DIRECTION('',(-0.999999999999465,1.03400318973712E-6,0.));
#1779=DIRECTION('center_axis',(-0.999999999999465,1.03400318973712E-6,0.));
#1780=DIRECTION('ref_axis',(0.,0.,1.));
#1781=DIRECTION('',(1.03400318974628E-6,0.999999999999465,0.));
#1782=DIRECTION('',(1.03400318973712E-6,0.999999999999465,0.));
#1783=DIRECTION('center_axis',(0.,0.,-1.));
#1784=DIRECTION('ref_axis',(1.,0.,0.));
#1785=DIRECTION('center_axis',(0.,0.,1.));
#1786=DIRECTION('ref_axis',(-1.,0.,0.));
#1787=DIRECTION('',(0.,0.,1.));
#1788=DIRECTION('center_axis',(0.,0.,1.));
#1789=DIRECTION('ref_axis',(1.,0.,0.));
#1790=DIRECTION('center_axis',(0.,0.,-1.));
#1791=DIRECTION('ref_axis',(1.,0.,0.));
#1792=DIRECTION('center_axis',(0.,0.,1.));
#1793=DIRECTION('ref_axis',(-1.,0.,0.));
#1794=DIRECTION('',(0.,0.,1.));
#1795=DIRECTION('center_axis',(0.,0.,1.));
#1796=DIRECTION('ref_axis',(1.,0.,0.));
#1797=DIRECTION('center_axis',(0.,0.,-1.));
#1798=DIRECTION('ref_axis',(1.,0.,0.));
#1799=DIRECTION('center_axis',(0.,0.,1.));
#1800=DIRECTION('ref_axis',(-1.,0.,0.));
#1801=DIRECTION('',(0.,0.,1.));
#1802=DIRECTION('center_axis',(0.,0.,1.));
#1803=DIRECTION('ref_axis',(1.,0.,0.));
#1804=DIRECTION('center_axis',(0.,0.,-1.));
#1805=DIRECTION('ref_axis',(1.,0.,0.));
#1806=DIRECTION('center_axis',(0.,0.,1.));
#1807=DIRECTION('ref_axis',(-1.,0.,0.));
#1808=DIRECTION('',(0.,0.,1.));
#1809=DIRECTION('center_axis',(0.,0.,1.));
#1810=DIRECTION('ref_axis',(1.,0.,0.));
#1811=DIRECTION('center_axis',(-5.04646829375072E-16,1.,0.));
#1812=DIRECTION('ref_axis',(1.,5.04646829375072E-16,0.));
#1813=DIRECTION('',(1.,5.04646829375072E-16,0.));
#1814=DIRECTION('',(0.,0.,-1.));
#1815=DIRECTION('',(1.,5.04646829375072E-16,0.));
#1816=DIRECTION('center_axis',(-1.93082322483082E-15,-1.,0.));
#1817=DIRECTION('ref_axis',(-1.,1.93082322483082E-15,0.));
#1818=DIRECTION('',(1.,0.,0.));
#1819=DIRECTION('',(-1.,1.93082322483082E-15,0.));
#1820=DIRECTION('center_axis',(0.,1.,0.));
#1821=DIRECTION('ref_axis',(1.,0.,0.));
#1822=DIRECTION('',(1.,0.,0.));
#1823=DIRECTION('',(1.,0.,0.));
#1824=DIRECTION('',(0.,0.,-1.));
#1825=DIRECTION('center_axis',(1.,0.,0.));
#1826=DIRECTION('ref_axis',(0.,-1.,0.));
#1827=DIRECTION('',(0.,-1.,0.));
#1828=DIRECTION('',(0.,-1.,0.));
#1829=DIRECTION('',(0.,0.,-1.));
#1830=DIRECTION('center_axis',(0.,-1.,0.));
#1831=DIRECTION('ref_axis',(-1.,0.,0.));
#1832=DIRECTION('',(1.,0.,0.));
#1833=DIRECTION('',(-1.,0.,0.));
#1834=DIRECTION('center_axis',(0.,1.,0.));
#1835=DIRECTION('ref_axis',(1.,0.,0.));
#1836=DIRECTION('',(1.,0.,0.));
#1837=DIRECTION('',(1.,0.,0.));
#1838=DIRECTION('',(0.,0.,-1.));
#1839=DIRECTION('center_axis',(1.,0.,0.));
#1840=DIRECTION('ref_axis',(0.,-1.,0.));
#1841=DIRECTION('',(0.,-1.,0.));
#1842=DIRECTION('',(0.,-1.,0.));
#1843=DIRECTION('',(0.,0.,-1.));
#1844=DIRECTION('center_axis',(0.,-1.,0.));
#1845=DIRECTION('ref_axis',(-1.,0.,0.));
#1846=DIRECTION('',(1.,0.,0.));
#1847=DIRECTION('',(-1.,0.,0.));
#1848=DIRECTION('center_axis',(0.,1.,0.));
#1849=DIRECTION('ref_axis',(1.,0.,0.));
#1850=DIRECTION('',(1.,0.,0.));
#1851=DIRECTION('',(1.,0.,0.));
#1852=DIRECTION('',(0.,0.,-1.));
#1853=DIRECTION('center_axis',(1.,0.,0.));
#1854=DIRECTION('ref_axis',(0.,-1.,0.));
#1855=DIRECTION('',(0.,-1.,0.));
#1856=DIRECTION('',(0.,-1.,0.));
#1857=DIRECTION('',(0.,0.,-1.));
#1858=DIRECTION('center_axis',(0.,-1.,0.));
#1859=DIRECTION('ref_axis',(-1.,0.,0.));
#1860=DIRECTION('',(1.,0.,0.));
#1861=DIRECTION('',(-1.,0.,0.));
#1862=DIRECTION('center_axis',(0.,1.,0.));
#1863=DIRECTION('ref_axis',(1.,0.,0.));
#1864=DIRECTION('',(1.,0.,0.));
#1865=DIRECTION('',(1.,0.,0.));
#1866=DIRECTION('',(0.,0.,-1.));
#1867=DIRECTION('center_axis',(1.,0.,0.));
#1868=DIRECTION('ref_axis',(0.,-1.,0.));
#1869=DIRECTION('',(0.,-1.,0.));
#1870=DIRECTION('',(0.,-1.,0.));
#1871=DIRECTION('center_axis',(0.,0.,-1.));
#1872=DIRECTION('ref_axis',(1.,0.,0.));
#1873=DIRECTION('center_axis',(0.,0.,-1.));
#1874=DIRECTION('ref_axis',(1.,0.,0.));
#1875=DIRECTION('center_axis',(0.,0.,1.));
#1876=DIRECTION('ref_axis',(-1.,0.,0.));
#1877=DIRECTION('',(0.,0.,1.));
#1878=DIRECTION('center_axis',(0.,0.,1.));
#1879=DIRECTION('ref_axis',(1.,0.,0.));
#1880=DIRECTION('center_axis',(0.,0.,-1.));
#1881=DIRECTION('ref_axis',(1.,0.,0.));
#1882=DIRECTION('center_axis',(0.,0.,1.));
#1883=DIRECTION('ref_axis',(-1.,0.,0.));
#1884=DIRECTION('',(0.,0.,1.));
#1885=DIRECTION('center_axis',(0.,0.,1.));
#1886=DIRECTION('ref_axis',(1.,0.,0.));
#1887=DIRECTION('center_axis',(0.,0.,-1.));
#1888=DIRECTION('ref_axis',(1.,0.,0.));
#1889=DIRECTION('center_axis',(0.,0.,1.));
#1890=DIRECTION('ref_axis',(-1.,0.,0.));
#1891=DIRECTION('',(0.,0.,1.));
#1892=DIRECTION('center_axis',(0.,0.,1.));
#1893=DIRECTION('ref_axis',(1.,0.,0.));
#1894=DIRECTION('center_axis',(0.,0.,-1.));
#1895=DIRECTION('ref_axis',(1.,0.,0.));
#1896=DIRECTION('center_axis',(0.,0.,1.));
#1897=DIRECTION('ref_axis',(-1.,0.,0.));
#1898=DIRECTION('',(0.,0.,1.));
#1899=DIRECTION('center_axis',(0.,0.,1.));
#1900=DIRECTION('ref_axis',(1.,0.,0.));
#1901=DIRECTION('center_axis',(0.,-1.,0.));
#1902=DIRECTION('ref_axis',(-1.,0.,0.));
#1903=DIRECTION('',(1.,0.,0.));
#1904=DIRECTION('',(-1.,0.,0.));
#1905=DIRECTION('center_axis',(0.,1.,0.));
#1906=DIRECTION('ref_axis',(1.,0.,0.));
#1907=DIRECTION('',(1.,0.,0.));
#1908=DIRECTION('',(1.,0.,0.));
#1909=DIRECTION('',(0.,0.,-1.));
#1910=DIRECTION('center_axis',(-1.,0.,0.));
#1911=DIRECTION('ref_axis',(0.,1.,0.));
#1912=DIRECTION('',(0.,1.,0.));
#1913=DIRECTION('',(0.,1.,0.));
#1914=DIRECTION('',(0.,0.,-1.));
#1915=DIRECTION('center_axis',(0.,1.,0.));
#1916=DIRECTION('ref_axis',(1.,0.,0.));
#1917=DIRECTION('',(-1.,0.,0.));
#1918=DIRECTION('',(1.,0.,0.));
#1919=DIRECTION('center_axis',(0.,-1.,0.));
#1920=DIRECTION('ref_axis',(-1.,0.,0.));
#1921=DIRECTION('',(-1.,0.,0.));
#1922=DIRECTION('',(-1.,0.,0.));
#1923=DIRECTION('',(0.,0.,-1.));
#1924=DIRECTION('center_axis',(-1.,0.,0.));
#1925=DIRECTION('ref_axis',(0.,1.,0.));
#1926=DIRECTION('',(0.,1.,0.));
#1927=DIRECTION('',(0.,1.,0.));
#1928=DIRECTION('',(0.,0.,-1.));
#1929=DIRECTION('center_axis',(0.,1.,0.));
#1930=DIRECTION('ref_axis',(1.,0.,0.));
#1931=DIRECTION('',(-1.,0.,0.));
#1932=DIRECTION('',(1.,0.,0.));
#1933=DIRECTION('center_axis',(0.,-1.,0.));
#1934=DIRECTION('ref_axis',(-1.,0.,0.));
#1935=DIRECTION('',(-1.,0.,0.));
#1936=DIRECTION('',(-1.,0.,0.));
#1937=DIRECTION('',(0.,0.,-1.));
#1938=DIRECTION('center_axis',(-1.,0.,0.));
#1939=DIRECTION('ref_axis',(0.,1.,0.));
#1940=DIRECTION('',(0.,1.,0.));
#1941=DIRECTION('',(0.,1.,0.));
#1942=DIRECTION('',(0.,0.,-1.));
#1943=DIRECTION('center_axis',(0.,1.,0.));
#1944=DIRECTION('ref_axis',(1.,0.,0.));
#1945=DIRECTION('',(-1.,0.,0.));
#1946=DIRECTION('',(1.,0.,0.));
#1947=DIRECTION('center_axis',(0.,-1.,0.));
#1948=DIRECTION('ref_axis',(-1.,0.,0.));
#1949=DIRECTION('',(-1.,0.,0.));
#1950=DIRECTION('',(-1.,0.,0.));
#1951=DIRECTION('',(0.,0.,-1.));
#1952=DIRECTION('center_axis',(-1.,0.,0.));
#1953=DIRECTION('ref_axis',(0.,1.,0.));
#1954=DIRECTION('',(0.,1.,0.));
#1955=DIRECTION('',(0.,1.,0.));
#1956=DIRECTION('',(0.,0.,-1.));
#1957=DIRECTION('center_axis',(0.,1.,0.));
#1958=DIRECTION('ref_axis',(1.,0.,0.));
#1959=DIRECTION('',(-1.,0.,0.));
#1960=DIRECTION('',(1.,0.,0.));
#1961=DIRECTION('center_axis',(0.,0.,-1.));
#1962=DIRECTION('ref_axis',(1.,0.,0.));
#1963=DIRECTION('center_axis',(0.,0.,-1.));
#1964=DIRECTION('ref_axis',(-1.,0.,0.));
#1965=DIRECTION('center_axis',(0.,0.,1.));
#1966=DIRECTION('ref_axis',(-1.,0.,0.));
#1967=DIRECTION('',(0.,0.,1.));
#1968=DIRECTION('center_axis',(0.,0.,1.));
#1969=DIRECTION('ref_axis',(-1.,0.,0.));
#1970=DIRECTION('center_axis',(0.,0.,-1.));
#1971=DIRECTION('ref_axis',(-1.,0.,0.));
#1972=DIRECTION('center_axis',(0.,0.,1.));
#1973=DIRECTION('ref_axis',(-1.,0.,0.));
#1974=DIRECTION('',(0.,0.,1.));
#1975=DIRECTION('center_axis',(0.,0.,1.));
#1976=DIRECTION('ref_axis',(-1.,0.,0.));
#1977=DIRECTION('center_axis',(0.,0.,-1.));
#1978=DIRECTION('ref_axis',(1.83697019872103E-16,1.,0.));
#1979=DIRECTION('center_axis',(0.,0.,1.));
#1980=DIRECTION('ref_axis',(1.83697019872103E-16,1.,0.));
#1981=DIRECTION('',(0.,0.,1.));
#1982=DIRECTION('center_axis',(0.,0.,1.));
#1983=DIRECTION('ref_axis',(1.83697019872103E-16,1.,0.));
#1984=DIRECTION('center_axis',(0.,0.,-1.));
#1985=DIRECTION('ref_axis',(1.83697019872103E-16,1.,0.));
#1986=DIRECTION('center_axis',(0.,0.,1.));
#1987=DIRECTION('ref_axis',(1.83697019872103E-16,1.,0.));
#1988=DIRECTION('',(0.,0.,1.));
#1989=DIRECTION('center_axis',(0.,0.,1.));
#1990=DIRECTION('ref_axis',(1.83697019872103E-16,1.,0.));
#1991=DIRECTION('center_axis',(0.,0.,-1.));
#1992=DIRECTION('ref_axis',(1.,-1.22464679914735E-16,0.));
#1993=DIRECTION('center_axis',(0.,0.,1.));
#1994=DIRECTION('ref_axis',(1.,-1.22464679914735E-16,0.));
#1995=DIRECTION('',(0.,0.,1.));
#1996=DIRECTION('center_axis',(0.,0.,1.));
#1997=DIRECTION('ref_axis',(1.,-1.22464679914735E-16,0.));
#1998=DIRECTION('center_axis',(0.,0.,-1.));
#1999=DIRECTION('ref_axis',(1.,-1.22464679914735E-16,0.));
#2000=DIRECTION('center_axis',(0.,0.,1.));
#2001=DIRECTION('ref_axis',(1.,-1.22464679914735E-16,0.));
#2002=DIRECTION('',(0.,0.,1.));
#2003=DIRECTION('center_axis',(0.,0.,1.));
#2004=DIRECTION('ref_axis',(1.,-1.22464679914735E-16,0.));
#2005=DIRECTION('center_axis',(0.,0.,-1.));
#2006=DIRECTION('ref_axis',(-6.12323399573677E-17,-1.,0.));
#2007=DIRECTION('center_axis',(0.,0.,1.));
#2008=DIRECTION('ref_axis',(-6.12323399573677E-17,-1.,0.));
#2009=DIRECTION('',(0.,0.,1.));
#2010=DIRECTION('center_axis',(0.,0.,1.));
#2011=DIRECTION('ref_axis',(-6.12323399573677E-17,-1.,0.));
#2012=DIRECTION('center_axis',(0.,0.,-1.));
#2013=DIRECTION('ref_axis',(-6.12323399573677E-17,-1.,0.));
#2014=DIRECTION('center_axis',(0.,0.,1.));
#2015=DIRECTION('ref_axis',(-6.12323399573677E-17,-1.,0.));
#2016=DIRECTION('',(0.,0.,1.));
#2017=DIRECTION('center_axis',(0.,0.,1.));
#2018=DIRECTION('ref_axis',(-6.12323399573677E-17,-1.,0.));
#2019=DIRECTION('center_axis',(0.,0.,-1.));
#2020=DIRECTION('ref_axis',(-1.,0.,0.));
#2021=DIRECTION('center_axis',(0.,0.,-1.));
#2022=DIRECTION('ref_axis',(-1.,0.,0.));
#2023=DIRECTION('',(0.,0.,-1.));
#2024=DIRECTION('center_axis',(0.,0.,-1.));
#2025=DIRECTION('ref_axis',(-1.,0.,0.));
#2026=DIRECTION('',(0.,0.,-1.));
#2027=DIRECTION('center_axis',(1.,-1.22464679914735E-16,0.));
#2028=DIRECTION('ref_axis',(-1.22464679914735E-16,-1.,0.));
#2029=DIRECTION('',(-1.22464679914735E-16,-1.,0.));
#2030=DIRECTION('',(-1.22464679914735E-16,-1.,0.));
#2031=DIRECTION('',(0.,0.,-1.));
#2032=DIRECTION('center_axis',(1.22464679914735E-16,1.,0.));
#2033=DIRECTION('ref_axis',(1.,-1.22464679914735E-16,0.));
#2034=DIRECTION('',(-1.,1.22464679914735E-16,0.));
#2035=DIRECTION('',(1.,-1.22464679914735E-16,0.));
#2036=DIRECTION('',(0.,0.,-1.));
#2037=DIRECTION('center_axis',(-1.,1.22464679914735E-16,0.));
#2038=DIRECTION('ref_axis',(1.22464679914735E-16,1.,0.));
#2039=DIRECTION('',(-1.22464679914735E-16,-1.,0.));
#2040=DIRECTION('',(1.22464679914735E-16,1.,0.));
#2041=DIRECTION('',(0.,0.,-1.));
#2042=DIRECTION('center_axis',(0.,0.,-1.));
#2043=DIRECTION('ref_axis',(-1.,0.,0.));
#2044=DIRECTION('center_axis',(0.,0.,-1.));
#2045=DIRECTION('ref_axis',(-1.,0.,0.));
#2046=DIRECTION('center_axis',(0.,0.,-1.));
#2047=DIRECTION('ref_axis',(-1.,0.,0.));
#2048=DIRECTION('',(0.,0.,-1.));
#2049=DIRECTION('center_axis',(1.83697019872103E-16,1.,0.));
#2050=DIRECTION('ref_axis',(1.,-1.83697019872103E-16,0.));
#2051=DIRECTION('',(1.,-1.83697019872103E-16,0.));
#2052=DIRECTION('',(1.,-1.83697019872103E-16,0.));
#2053=DIRECTION('',(0.,0.,-1.));
#2054=DIRECTION('center_axis',(-1.,1.83697019872103E-16,0.));
#2055=DIRECTION('ref_axis',(1.83697019872103E-16,1.,0.));
#2056=DIRECTION('',(-1.83697019872103E-16,-1.,0.));
#2057=DIRECTION('',(1.83697019872103E-16,1.,0.));
#2058=DIRECTION('',(0.,0.,-1.));
#2059=DIRECTION('center_axis',(-1.83697019872103E-16,-1.,0.));
#2060=DIRECTION('ref_axis',(-1.,1.83697019872103E-16,0.));
#2061=DIRECTION('',(1.,-1.83697019872103E-16,0.));
#2062=DIRECTION('',(-1.,1.83697019872103E-16,0.));
#2063=DIRECTION('',(0.,0.,-1.));
#2064=DIRECTION('center_axis',(0.,0.,-1.));
#2065=DIRECTION('ref_axis',(-1.,0.,0.));
#2066=DIRECTION('center_axis',(0.,0.,-1.));
#2067=DIRECTION('ref_axis',(-1.,0.,0.));
#2068=DIRECTION('center_axis',(0.,0.,-1.));
#2069=DIRECTION('ref_axis',(-1.,0.,0.));
#2070=DIRECTION('',(0.,0.,-1.));
#2071=DIRECTION('center_axis',(-1.,0.,0.));
#2072=DIRECTION('ref_axis',(0.,1.,0.));
#2073=DIRECTION('',(0.,1.,0.));
#2074=DIRECTION('',(0.,1.,0.));
#2075=DIRECTION('',(0.,0.,-1.));
#2076=DIRECTION('center_axis',(0.,-1.,0.));
#2077=DIRECTION('ref_axis',(-1.,0.,0.));
#2078=DIRECTION('',(1.,0.,0.));
#2079=DIRECTION('',(-1.,0.,0.));
#2080=DIRECTION('',(0.,0.,-1.));
#2081=DIRECTION('center_axis',(1.,0.,0.));
#2082=DIRECTION('ref_axis',(0.,-1.,0.));
#2083=DIRECTION('',(0.,1.,0.));
#2084=DIRECTION('',(0.,-1.,0.));
#2085=DIRECTION('',(0.,0.,-1.));
#2086=DIRECTION('center_axis',(0.,0.,-1.));
#2087=DIRECTION('ref_axis',(-1.,0.,0.));
#2088=DIRECTION('center_axis',(0.,0.,-1.));
#2089=DIRECTION('ref_axis',(-1.,0.,0.));
#2090=DIRECTION('center_axis',(0.,0.,-1.));
#2091=DIRECTION('ref_axis',(-1.,0.,0.));
#2092=DIRECTION('',(0.,0.,-1.));
#2093=DIRECTION('center_axis',(-6.12323399573677E-17,-1.,0.));
#2094=DIRECTION('ref_axis',(-1.,6.12323399573677E-17,0.));
#2095=DIRECTION('',(-1.,6.12323399573677E-17,0.));
#2096=DIRECTION('',(-1.,6.12323399573677E-17,0.));
#2097=DIRECTION('',(0.,0.,-1.));
#2098=DIRECTION('center_axis',(1.,-6.12323399573677E-17,0.));
#2099=DIRECTION('ref_axis',(-6.12323399573677E-17,-1.,0.));
#2100=DIRECTION('',(6.12323399573677E-17,1.,0.));
#2101=DIRECTION('',(-6.12323399573677E-17,-1.,0.));
#2102=DIRECTION('',(0.,0.,-1.));
#2103=DIRECTION('center_axis',(6.12323399573677E-17,1.,0.));
#2104=DIRECTION('ref_axis',(1.,-6.12323399573677E-17,0.));
#2105=DIRECTION('',(-1.,6.12323399573677E-17,0.));
#2106=DIRECTION('',(1.,-6.12323399573677E-17,0.));
#2107=DIRECTION('center_axis',(0.,0.,-1.));
#2108=DIRECTION('ref_axis',(-6.12323399573677E-17,-1.,0.));
#2109=DIRECTION('center_axis',(0.,0.,-1.));
#2110=DIRECTION('ref_axis',(-6.12323399573677E-17,-1.,0.));
#2111=CARTESIAN_POINT('',(0.,0.,0.));
#2112=CARTESIAN_POINT('Origin',(-16.9,-9.8,-16.));
#2113=CARTESIAN_POINT('',(-16.9,-9.8,-16.));
#2114=CARTESIAN_POINT('',(-16.9,-3.2,-16.));
#2115=CARTESIAN_POINT('',(-16.9,-9.8,-16.));
#2116=CARTESIAN_POINT('',(-16.9,-3.2,-29.1));
#2117=CARTESIAN_POINT('',(-16.9,-3.2,-16.));
#2118=CARTESIAN_POINT('',(-16.9,-9.8,-29.1));
#2119=CARTESIAN_POINT('',(-16.9,-4.9,-29.1));
#2120=CARTESIAN_POINT('',(-16.9,-9.8,-16.));
#2121=CARTESIAN_POINT('Origin',(-16.9,-25.8,-16.));
#2122=CARTESIAN_POINT('',(-16.9,-25.8,-16.));
#2123=CARTESIAN_POINT('',(-16.9,-19.2,-16.));
#2124=CARTESIAN_POINT('',(-16.9,-25.8,-16.));
#2125=CARTESIAN_POINT('',(-16.9,-19.2,-29.1));
#2126=CARTESIAN_POINT('',(-16.9,-19.2,-16.));
#2127=CARTESIAN_POINT('',(-16.9,-25.8,-29.1));
#2128=CARTESIAN_POINT('',(-16.9,-12.9,-29.1));
#2129=CARTESIAN_POINT('',(-16.9,-25.8,-16.));
#2130=CARTESIAN_POINT('Origin',(-16.9,-33.8,-16.));
#2131=CARTESIAN_POINT('',(-16.9,-33.8,-16.));
#2132=CARTESIAN_POINT('',(-16.9,-27.2,-16.));
#2133=CARTESIAN_POINT('',(-16.9,-33.8,-16.));
#2134=CARTESIAN_POINT('',(-16.9,-27.2,-29.1));
#2135=CARTESIAN_POINT('',(-16.9,-27.2,-16.));
#2136=CARTESIAN_POINT('',(-16.9,-33.8,-29.1));
#2137=CARTESIAN_POINT('',(-16.9,-16.9,-29.1));
#2138=CARTESIAN_POINT('',(-16.9,-33.8,-16.));
#2139=CARTESIAN_POINT('Origin',(-16.9,-17.8,-16.));
#2140=CARTESIAN_POINT('',(-16.9,-17.8,-16.));
#2141=CARTESIAN_POINT('',(-16.9,-11.2,-16.));
#2142=CARTESIAN_POINT('',(-16.9,-17.8,-16.));
#2143=CARTESIAN_POINT('',(-16.9,-11.2,-29.1));
#2144=CARTESIAN_POINT('',(-16.9,-11.2,-16.));
#2145=CARTESIAN_POINT('',(-16.9,-17.8,-29.1));
#2146=CARTESIAN_POINT('',(-16.9,-8.9,-29.1));
#2147=CARTESIAN_POINT('',(-16.9,-17.8,-16.));
#2148=CARTESIAN_POINT('Origin',(-11.5,-2.,-29.1));
#2149=CARTESIAN_POINT('',(-11.5,-2.,-16.));
#2150=CARTESIAN_POINT('',(-11.5,-2.,-29.1));
#2151=CARTESIAN_POINT('',(-11.5,-2.,-16.));
#2152=CARTESIAN_POINT('',(-9.50000000000036,-1.99999880306808,-16.));
#2153=CARTESIAN_POINT('',(-11.5,-2.,-16.));
#2154=CARTESIAN_POINT('',(-9.50000000000036,-1.99999880306808,-29.1));
#2155=CARTESIAN_POINT('',(-9.50000000000036,-1.99999880306808,-16.));
#2156=CARTESIAN_POINT('',(-5.7499994015361,-1.99999655882038,-29.1));
#2157=CARTESIAN_POINT('Origin',(-11.4999809687825,-33.8,-16.));
#2158=CARTESIAN_POINT('',(-11.4999809687825,-33.8,-16.));
#2159=CARTESIAN_POINT('',(-11.4999809687825,-33.8,-29.1));
#2160=CARTESIAN_POINT('',(-11.4999809687825,-33.8,-16.));
#2161=CARTESIAN_POINT('',(-9.49998096878289,-33.7999988030681,-29.1));
#2162=CARTESIAN_POINT('',(-5.74998037031863,-33.7999965588204,-29.1));
#2163=CARTESIAN_POINT('',(-9.49998096878289,-33.7999988030681,-16.));
#2164=CARTESIAN_POINT('',(-9.49998096878289,-33.7999988030681,-16.));
#2165=CARTESIAN_POINT('',(-11.4999809687825,-33.8,-16.));
#2166=CARTESIAN_POINT('Origin',(-9.50000000000036,-1.99999880306808,-16.));
#2167=CARTESIAN_POINT('',(-9.50000000000036,-1.99999880306808,-16.));
#2168=CARTESIAN_POINT('',(-9.50000059846426,-1.0000022442477,-29.1));
#2169=CARTESIAN_POINT('Origin',(16.9,-27.2,-16.));
#2170=CARTESIAN_POINT('',(16.9,-27.2,-16.));
#2171=CARTESIAN_POINT('',(16.9,-33.8,-16.));
#2172=CARTESIAN_POINT('',(16.9,-27.2,-16.));
#2173=CARTESIAN_POINT('',(16.9,-33.8,-29.1));
#2174=CARTESIAN_POINT('',(16.9,-33.8,-16.));
#2175=CARTESIAN_POINT('',(16.9,-27.2,-29.1));
#2176=CARTESIAN_POINT('',(16.9,-13.6,-29.1));
#2177=CARTESIAN_POINT('',(16.9,-27.2,-16.));
#2178=CARTESIAN_POINT('Origin',(16.9,-11.2,-16.));
#2179=CARTESIAN_POINT('',(16.9,-11.2,-16.));
#2180=CARTESIAN_POINT('',(16.9,-17.8,-16.));
#2181=CARTESIAN_POINT('',(16.9,-11.2,-16.));
#2182=CARTESIAN_POINT('',(16.9,-17.8,-29.1));
#2183=CARTESIAN_POINT('',(16.9,-17.8,-16.));
#2184=CARTESIAN_POINT('',(16.9,-11.2,-29.1));
#2185=CARTESIAN_POINT('',(16.9,-5.6,-29.1));
#2186=CARTESIAN_POINT('',(16.9,-11.2,-16.));
#2187=CARTESIAN_POINT('Origin',(16.9,-3.2,-16.));
#2188=CARTESIAN_POINT('',(16.9,-3.2,-16.));
#2189=CARTESIAN_POINT('',(16.9,-9.8,-16.));
#2190=CARTESIAN_POINT('',(16.9,-3.2,-16.));
#2191=CARTESIAN_POINT('',(16.9,-9.8,-29.1));
#2192=CARTESIAN_POINT('',(16.9,-9.8,-16.));
#2193=CARTESIAN_POINT('',(16.9,-3.2,-29.1));
#2194=CARTESIAN_POINT('',(16.9,-1.6,-29.1));
#2195=CARTESIAN_POINT('',(16.9,-3.2,-16.));
#2196=CARTESIAN_POINT('Origin',(16.9,-19.2,-16.));
#2197=CARTESIAN_POINT('',(16.9,-19.2,-16.));
#2198=CARTESIAN_POINT('',(16.9,-25.8,-16.));
#2199=CARTESIAN_POINT('',(16.9,-19.2,-16.));
#2200=CARTESIAN_POINT('',(16.9,-25.8,-29.1));
#2201=CARTESIAN_POINT('',(16.9,-25.8,-16.));
#2202=CARTESIAN_POINT('',(16.9,-19.2,-29.1));
#2203=CARTESIAN_POINT('',(16.9,-9.6,-29.1));
#2204=CARTESIAN_POINT('',(16.9,-19.2,-16.));
#2205=CARTESIAN_POINT('Origin',(11.4999671186986,-33.8,-29.1));
#2206=CARTESIAN_POINT('',(11.4999671186986,-33.8,-16.));
#2207=CARTESIAN_POINT('',(11.4999671186986,-33.8,-29.1));
#2208=CARTESIAN_POINT('',(11.4999671186986,-33.8,-16.));
#2209=CARTESIAN_POINT('',(9.49996711869963,-33.7999979319936,-16.));
#2210=CARTESIAN_POINT('',(11.4999671186986,-33.8,-16.));
#2211=CARTESIAN_POINT('',(9.49996711869963,-33.7999979319936,-29.1));
#2212=CARTESIAN_POINT('',(9.49996711869964,-33.7999979319936,-16.));
#2213=CARTESIAN_POINT('',(5.74996608470152,-33.7999940544806,-29.1));
#2214=CARTESIAN_POINT('Origin',(11.5,-2.,-16.));
#2215=CARTESIAN_POINT('',(11.5,-2.,-16.));
#2216=CARTESIAN_POINT('',(11.5,-2.,-29.1));
#2217=CARTESIAN_POINT('',(11.5,-2.,-16.));
#2218=CARTESIAN_POINT('',(9.50000000000107,-1.99999793199362,-29.1));
#2219=CARTESIAN_POINT('',(5.74999896600296,-1.99999405448059,-29.1));
#2220=CARTESIAN_POINT('',(9.50000000000107,-1.99999793199362,-16.));
#2221=CARTESIAN_POINT('',(9.50000000000107,-1.99999793199362,-16.));
#2222=CARTESIAN_POINT('',(11.5,-2.,-16.));
#2223=CARTESIAN_POINT('Origin',(9.49996711869964,-33.7999979319936,-16.));
#2224=CARTESIAN_POINT('',(9.50000000000107,-1.99999793199362,-16.));
#2225=CARTESIAN_POINT('',(9.4999845933474,-16.900003877513,-29.1));
#2226=CARTESIAN_POINT('Origin',(13.5,-30.5,-16.));
#2227=CARTESIAN_POINT('',(12.200000000001,-30.5,-32.1));
#2228=CARTESIAN_POINT('Origin',(13.5,-30.5,-32.1));
#2229=CARTESIAN_POINT('',(12.200000000001,-30.5,-16.));
#2230=CARTESIAN_POINT('',(12.200000000001,-30.5,-16.));
#2231=CARTESIAN_POINT('Origin',(13.5,-30.5,-16.));
#2232=CARTESIAN_POINT('Origin',(13.5,-6.5,-16.));
#2233=CARTESIAN_POINT('',(12.200000000001,-6.5,-32.1));
#2234=CARTESIAN_POINT('Origin',(13.5,-6.5,-32.1));
#2235=CARTESIAN_POINT('',(12.200000000001,-6.5,-16.));
#2236=CARTESIAN_POINT('',(12.200000000001,-6.5,-16.));
#2237=CARTESIAN_POINT('Origin',(13.5,-6.5,-16.));
#2238=CARTESIAN_POINT('Origin',(13.5,-14.5,-16.));
#2239=CARTESIAN_POINT('',(12.200000000001,-14.5,-32.1));
#2240=CARTESIAN_POINT('Origin',(13.5,-14.5,-32.1));
#2241=CARTESIAN_POINT('',(12.200000000001,-14.5,-16.));
#2242=CARTESIAN_POINT('',(12.200000000001,-14.5,-16.));
#2243=CARTESIAN_POINT('Origin',(13.5,-14.5,-16.));
#2244=CARTESIAN_POINT('Origin',(13.5,-22.5,-16.));
#2245=CARTESIAN_POINT('',(12.200000000001,-22.5,-32.1));
#2246=CARTESIAN_POINT('Origin',(13.5,-22.5,-32.1));
#2247=CARTESIAN_POINT('',(12.200000000001,-22.5,-16.));
#2248=CARTESIAN_POINT('',(12.200000000001,-22.5,-16.));
#2249=CARTESIAN_POINT('Origin',(13.5,-22.5,-16.));
#2250=CARTESIAN_POINT('Origin',(11.5,-2.,-16.));
#2251=CARTESIAN_POINT('',(12.6,-2.,-16.));
#2252=CARTESIAN_POINT('',(11.5,-2.,-16.));
#2253=CARTESIAN_POINT('',(12.6,-2.,-29.1));
#2254=CARTESIAN_POINT('',(12.6,-2.,-16.));
#2255=CARTESIAN_POINT('',(5.75,-2.,-29.1));
#2256=CARTESIAN_POINT('Origin',(14.9,-33.8,-16.));
#2257=CARTESIAN_POINT('',(14.9,-33.8,-16.));
#2258=CARTESIAN_POINT('',(7.44999999999997,-33.8,-29.1));
#2259=CARTESIAN_POINT('Origin',(12.6,-27.2,-16.));
#2260=CARTESIAN_POINT('',(12.6,-27.2,-16.));
#2261=CARTESIAN_POINT('',(12.6,-27.2,-16.));
#2262=CARTESIAN_POINT('',(12.6,-27.2,-29.1));
#2263=CARTESIAN_POINT('',(7.45,-27.2,-29.1));
#2264=CARTESIAN_POINT('',(12.6,-27.2,-16.));
#2265=CARTESIAN_POINT('Origin',(12.6,-25.8,-16.));
#2266=CARTESIAN_POINT('',(12.6,-25.8,-16.));
#2267=CARTESIAN_POINT('',(12.6,-25.8,-16.));
#2268=CARTESIAN_POINT('',(12.6,-25.8,-29.1));
#2269=CARTESIAN_POINT('',(12.6,-12.9,-29.1));
#2270=CARTESIAN_POINT('',(12.6,-25.8,-16.));
#2271=CARTESIAN_POINT('Origin',(14.9,-25.8,-16.));
#2272=CARTESIAN_POINT('',(14.9,-25.8,-16.));
#2273=CARTESIAN_POINT('',(7.45,-25.8,-29.1));
#2274=CARTESIAN_POINT('Origin',(12.6,-19.2,-16.));
#2275=CARTESIAN_POINT('',(12.6,-19.2,-16.));
#2276=CARTESIAN_POINT('',(12.6,-19.2,-16.));
#2277=CARTESIAN_POINT('',(12.6,-19.2,-29.1));
#2278=CARTESIAN_POINT('',(7.45,-19.2,-29.1));
#2279=CARTESIAN_POINT('',(12.6,-19.2,-16.));
#2280=CARTESIAN_POINT('Origin',(12.6,-17.8,-16.));
#2281=CARTESIAN_POINT('',(12.6,-17.8,-16.));
#2282=CARTESIAN_POINT('',(12.6,-17.8,-16.));
#2283=CARTESIAN_POINT('',(12.6,-17.8,-29.1));
#2284=CARTESIAN_POINT('',(12.6,-8.9,-29.1));
#2285=CARTESIAN_POINT('',(12.6,-17.8,-16.));
#2286=CARTESIAN_POINT('Origin',(14.9,-17.8,-16.));
#2287=CARTESIAN_POINT('',(14.9,-17.8,-16.));
#2288=CARTESIAN_POINT('',(7.45,-17.8,-29.1));
#2289=CARTESIAN_POINT('Origin',(12.6,-11.2,-16.));
#2290=CARTESIAN_POINT('',(12.6,-11.2,-16.));
#2291=CARTESIAN_POINT('',(12.6,-11.2,-16.));
#2292=CARTESIAN_POINT('',(12.6,-11.2,-29.1));
#2293=CARTESIAN_POINT('',(7.45,-11.2,-29.1));
#2294=CARTESIAN_POINT('',(12.6,-11.2,-16.));
#2295=CARTESIAN_POINT('Origin',(12.6,-9.8,-16.));
#2296=CARTESIAN_POINT('',(12.6,-9.8,-16.));
#2297=CARTESIAN_POINT('',(12.6,-9.8,-16.));
#2298=CARTESIAN_POINT('',(12.6,-9.8,-29.1));
#2299=CARTESIAN_POINT('',(12.6,-4.9,-29.1));
#2300=CARTESIAN_POINT('',(12.6,-9.8,-16.));
#2301=CARTESIAN_POINT('Origin',(14.9,-9.8,-16.));
#2302=CARTESIAN_POINT('',(14.9,-9.8,-16.));
#2303=CARTESIAN_POINT('',(7.45,-9.8,-29.1));
#2304=CARTESIAN_POINT('Origin',(12.6,-3.2,-16.));
#2305=CARTESIAN_POINT('',(12.6,-3.2,-16.));
#2306=CARTESIAN_POINT('',(12.6,-3.2,-16.));
#2307=CARTESIAN_POINT('',(12.6,-3.2,-29.1));
#2308=CARTESIAN_POINT('',(7.45,-3.2,-29.1));
#2309=CARTESIAN_POINT('',(12.6,-3.2,-16.));
#2310=CARTESIAN_POINT('Origin',(12.6,-2.,-16.));
#2311=CARTESIAN_POINT('',(12.6,-2.,-16.));
#2312=CARTESIAN_POINT('',(12.6,-1.,-29.1));
#2313=CARTESIAN_POINT('Origin',(13.1999835593493,-17.9,-16.));
#2314=CARTESIAN_POINT('Origin',(-13.5,-30.5,-16.));
#2315=CARTESIAN_POINT('',(-14.799999999999,-30.5,-32.1));
#2316=CARTESIAN_POINT('Origin',(-13.5,-30.5,-32.1));
#2317=CARTESIAN_POINT('',(-14.799999999999,-30.5,-16.));
#2318=CARTESIAN_POINT('',(-14.799999999999,-30.5,-16.));
#2319=CARTESIAN_POINT('Origin',(-13.5,-30.5,-16.));
#2320=CARTESIAN_POINT('Origin',(-13.5,-6.5,-16.));
#2321=CARTESIAN_POINT('',(-14.799999999999,-6.5,-32.1));
#2322=CARTESIAN_POINT('Origin',(-13.5,-6.5,-32.1));
#2323=CARTESIAN_POINT('',(-14.799999999999,-6.5,-16.));
#2324=CARTESIAN_POINT('',(-14.799999999999,-6.5,-16.));
#2325=CARTESIAN_POINT('Origin',(-13.5,-6.5,-16.));
#2326=CARTESIAN_POINT('Origin',(-13.5,-22.5,-16.));
#2327=CARTESIAN_POINT('',(-14.799999999999,-22.5,-32.1));
#2328=CARTESIAN_POINT('Origin',(-13.5,-22.5,-32.1));
#2329=CARTESIAN_POINT('',(-14.799999999999,-22.5,-16.));
#2330=CARTESIAN_POINT('',(-14.799999999999,-22.5,-16.));
#2331=CARTESIAN_POINT('Origin',(-13.5,-22.5,-16.));
#2332=CARTESIAN_POINT('Origin',(-13.5,-14.5,-16.));
#2333=CARTESIAN_POINT('',(-14.799999999999,-14.5,-32.1));
#2334=CARTESIAN_POINT('Origin',(-13.5,-14.5,-32.1));
#2335=CARTESIAN_POINT('',(-14.799999999999,-14.5,-16.));
#2336=CARTESIAN_POINT('',(-14.799999999999,-14.5,-16.));
#2337=CARTESIAN_POINT('Origin',(-13.5,-14.5,-16.));
#2338=CARTESIAN_POINT('Origin',(-11.4999809687825,-33.8,-16.));
#2339=CARTESIAN_POINT('',(-12.6000009187726,-33.8,-16.));
#2340=CARTESIAN_POINT('',(-5.74999048439127,-33.8,-29.1));
#2341=CARTESIAN_POINT('Origin',(-12.6,-2.,-16.));
#2342=CARTESIAN_POINT('',(-12.6,-2.,-16.));
#2343=CARTESIAN_POINT('',(-12.6,-2.,-16.));
#2344=CARTESIAN_POINT('',(-12.6,-2.,-29.1));
#2345=CARTESIAN_POINT('',(-6.3,-2.,-29.1));
#2346=CARTESIAN_POINT('',(-12.6,-2.,-16.));
#2347=CARTESIAN_POINT('Origin',(-12.6,-3.2,-16.));
#2348=CARTESIAN_POINT('',(-12.6,-3.2,-16.));
#2349=CARTESIAN_POINT('',(-12.6,-3.2,-16.));
#2350=CARTESIAN_POINT('',(-12.6,-3.2,-29.1));
#2351=CARTESIAN_POINT('',(-12.6,-1.6,-29.1));
#2352=CARTESIAN_POINT('',(-12.6,-3.2,-16.));
#2353=CARTESIAN_POINT('Origin',(-14.9,-3.2,-16.));
#2354=CARTESIAN_POINT('',(-14.9,-3.2,-16.));
#2355=CARTESIAN_POINT('',(-7.45,-3.2,-29.1));
#2356=CARTESIAN_POINT('Origin',(-12.6,-9.8,-16.));
#2357=CARTESIAN_POINT('',(-12.6,-9.8,-16.));
#2358=CARTESIAN_POINT('',(-12.6,-9.8,-16.));
#2359=CARTESIAN_POINT('',(-12.6,-9.8,-29.1));
#2360=CARTESIAN_POINT('',(-7.45,-9.8,-29.1));
#2361=CARTESIAN_POINT('',(-12.6,-9.8,-16.));
#2362=CARTESIAN_POINT('Origin',(-12.6,-11.2,-16.));
#2363=CARTESIAN_POINT('',(-12.6,-11.2,-16.));
#2364=CARTESIAN_POINT('',(-12.6,-11.2,-16.));
#2365=CARTESIAN_POINT('',(-12.6,-11.2,-29.1));
#2366=CARTESIAN_POINT('',(-12.6,-5.6,-29.1));
#2367=CARTESIAN_POINT('',(-12.6,-11.2,-16.));
#2368=CARTESIAN_POINT('Origin',(-14.9,-11.2,-16.));
#2369=CARTESIAN_POINT('',(-14.9,-11.2,-16.));
#2370=CARTESIAN_POINT('',(-7.45,-11.2,-29.1));
#2371=CARTESIAN_POINT('Origin',(-12.6,-17.8,-16.));
#2372=CARTESIAN_POINT('',(-12.6,-17.8,-16.));
#2373=CARTESIAN_POINT('',(-12.6,-17.8,-16.));
#2374=CARTESIAN_POINT('',(-12.6,-17.8,-29.1));
#2375=CARTESIAN_POINT('',(-7.45,-17.8,-29.1));
#2376=CARTESIAN_POINT('',(-12.6,-17.8,-16.));
#2377=CARTESIAN_POINT('Origin',(-12.6,-19.2,-16.));
#2378=CARTESIAN_POINT('',(-12.6,-19.2,-16.));
#2379=CARTESIAN_POINT('',(-12.6,-19.2,-16.));
#2380=CARTESIAN_POINT('',(-12.6,-19.2,-29.1));
#2381=CARTESIAN_POINT('',(-12.6,-9.6,-29.1));
#2382=CARTESIAN_POINT('',(-12.6,-19.2,-16.));
#2383=CARTESIAN_POINT('Origin',(-14.9,-19.2,-16.));
#2384=CARTESIAN_POINT('',(-14.9,-19.2,-16.));
#2385=CARTESIAN_POINT('',(-7.45,-19.2,-29.1));
#2386=CARTESIAN_POINT('Origin',(-12.6,-25.8,-16.));
#2387=CARTESIAN_POINT('',(-12.6,-25.8,-16.));
#2388=CARTESIAN_POINT('',(-12.6,-25.8,-16.));
#2389=CARTESIAN_POINT('',(-12.6,-25.8,-29.1));
#2390=CARTESIAN_POINT('',(-7.45,-25.8,-29.1));
#2391=CARTESIAN_POINT('',(-12.6,-25.8,-16.));
#2392=CARTESIAN_POINT('Origin',(-12.6,-27.2,-16.));
#2393=CARTESIAN_POINT('',(-12.6,-27.2,-16.));
#2394=CARTESIAN_POINT('',(-12.6,-27.2,-16.));
#2395=CARTESIAN_POINT('',(-12.6,-27.2,-29.1));
#2396=CARTESIAN_POINT('',(-12.6,-13.6,-29.1));
#2397=CARTESIAN_POINT('',(-12.6,-27.2,-16.));
#2398=CARTESIAN_POINT('Origin',(-14.9,-27.2,-16.));
#2399=CARTESIAN_POINT('',(-14.9,-27.2,-16.));
#2400=CARTESIAN_POINT('',(-7.45,-27.2,-29.1));
#2401=CARTESIAN_POINT('Origin',(-13.1999904843913,-17.9,-16.));
#2402=CARTESIAN_POINT('Origin',(-12.0000001788139,-75.0000011175871,-29.1));
#2403=CARTESIAN_POINT('',(-10.7355001788139,-75.0000011175871,-32.1));
#2404=CARTESIAN_POINT('Origin',(-12.0000001788139,-75.0000011175871,-32.1));
#2405=CARTESIAN_POINT('',(-10.7355001788139,-75.0000011175871,-29.1));
#2406=CARTESIAN_POINT('',(-10.7355001788139,-75.0000011175871,-29.1));
#2407=CARTESIAN_POINT('Origin',(-12.0000001788139,-75.0000011175871,-29.1));
#2408=CARTESIAN_POINT('Origin',(12.0000001788139,-75.0000011175871,-29.1));
#2409=CARTESIAN_POINT('',(13.2645001788139,-75.0000011175871,-32.1));
#2410=CARTESIAN_POINT('Origin',(12.0000001788139,-75.0000011175871,-32.1));
#2411=CARTESIAN_POINT('',(13.2645001788139,-75.0000011175871,-29.1));
#2412=CARTESIAN_POINT('',(13.2645001788139,-75.0000011175871,-29.1));
#2413=CARTESIAN_POINT('Origin',(12.0000001788139,-75.0000011175871,-29.1));
#2414=CARTESIAN_POINT('Origin',(-75.0000011175871,-12.0000001788139,-29.1));
#2415=CARTESIAN_POINT('',(-75.0000011175871,-13.2645001788139,-32.1));
#2416=CARTESIAN_POINT('Origin',(-75.0000011175871,-12.0000001788139,-32.1));
#2417=CARTESIAN_POINT('',(-75.0000011175871,-13.2645001788139,-29.1));
#2418=CARTESIAN_POINT('',(-75.0000011175871,-13.2645001788139,-29.1));
#2419=CARTESIAN_POINT('Origin',(-75.0000011175871,-12.0000001788139,-29.1));
#2420=CARTESIAN_POINT('Origin',(-75.0000011175871,12.0000001788139,-29.1));
#2421=CARTESIAN_POINT('',(-75.0000011175871,10.7355001788139,-32.1));
#2422=CARTESIAN_POINT('Origin',(-75.0000011175871,12.0000001788139,-32.1));
#2423=CARTESIAN_POINT('',(-75.0000011175871,10.7355001788139,-29.1));
#2424=CARTESIAN_POINT('',(-75.0000011175871,10.7355001788139,-29.1));
#2425=CARTESIAN_POINT('Origin',(-75.0000011175871,12.0000001788139,-29.1));
#2426=CARTESIAN_POINT('Origin',(12.0000001788139,75.0000011175871,-29.1));
#2427=CARTESIAN_POINT('',(10.7355001788139,75.0000011175871,-32.1));
#2428=CARTESIAN_POINT('Origin',(12.0000001788139,75.0000011175871,-32.1));
#2429=CARTESIAN_POINT('',(10.7355001788139,75.0000011175871,-29.1));
#2430=CARTESIAN_POINT('',(10.7355001788139,75.0000011175871,-29.1));
#2431=CARTESIAN_POINT('Origin',(12.0000001788139,75.0000011175871,-29.1));
#2432=CARTESIAN_POINT('Origin',(-12.0000001788139,75.0000011175871,-29.1));
#2433=CARTESIAN_POINT('',(-13.2645001788139,75.0000011175871,-32.1));
#2434=CARTESIAN_POINT('Origin',(-12.0000001788139,75.0000011175871,-32.1));
#2435=CARTESIAN_POINT('',(-13.2645001788139,75.0000011175871,-29.1));
#2436=CARTESIAN_POINT('',(-13.2645001788139,75.0000011175871,-29.1));
#2437=CARTESIAN_POINT('Origin',(-12.0000001788139,75.0000011175871,-29.1));
#2438=CARTESIAN_POINT('Origin',(75.0000011175871,12.0000001788139,-29.1));
#2439=CARTESIAN_POINT('',(75.0000011175871,13.2645001788139,-32.1));
#2440=CARTESIAN_POINT('Origin',(75.0000011175871,12.0000001788139,-32.1));
#2441=CARTESIAN_POINT('',(75.0000011175871,13.2645001788139,-29.1));
#2442=CARTESIAN_POINT('',(75.0000011175871,13.2645001788139,-29.1));
#2443=CARTESIAN_POINT('Origin',(75.0000011175871,12.0000001788139,-29.1));
#2444=CARTESIAN_POINT('Origin',(75.0000011175871,-12.0000001788139,-29.1));
#2445=CARTESIAN_POINT('',(75.0000011175871,-10.7355001788139,-32.1));
#2446=CARTESIAN_POINT('Origin',(75.0000011175871,-12.0000001788139,-32.1));
#2447=CARTESIAN_POINT('',(75.0000011175871,-10.7355001788139,-29.1));
#2448=CARTESIAN_POINT('',(75.0000011175871,-10.7355001788139,-29.1));
#2449=CARTESIAN_POINT('Origin',(75.0000011175871,-12.0000001788139,-29.1));
#2450=CARTESIAN_POINT('Origin',(0.,0.,-29.1));
#2451=CARTESIAN_POINT('',(20.,56.5685424949238,-29.1));
#2452=CARTESIAN_POINT('',(56.5685424949238,20.,-29.1));
#2453=CARTESIAN_POINT('Origin',(0.,0.,-29.1));
#2454=CARTESIAN_POINT('',(56.5685424949238,20.,-32.1));
#2455=CARTESIAN_POINT('',(56.5685424949238,20.,-29.1));
#2456=CARTESIAN_POINT('',(20.,56.5685424949238,-32.1));
#2457=CARTESIAN_POINT('Origin',(0.,0.,-32.1));
#2458=CARTESIAN_POINT('',(20.,56.5685424949238,-29.1));
#2459=CARTESIAN_POINT('Origin',(20.,85.,-29.1));
#2460=CARTESIAN_POINT('',(20.,85.,-29.1));
#2461=CARTESIAN_POINT('',(20.,85.,-29.1));
#2462=CARTESIAN_POINT('',(20.,85.,-32.1));
#2463=CARTESIAN_POINT('',(20.,85.,-32.1));
#2464=CARTESIAN_POINT('',(20.,85.,-29.1));
#2465=CARTESIAN_POINT('Origin',(-20.,85.,-29.1));
#2466=CARTESIAN_POINT('',(-20.,85.,-29.1));
#2467=CARTESIAN_POINT('',(20.,85.,-29.1));
#2468=CARTESIAN_POINT('',(-20.,85.,-32.1));
#2469=CARTESIAN_POINT('',(20.,85.,-32.1));
#2470=CARTESIAN_POINT('',(-20.,85.,-29.1));
#2471=CARTESIAN_POINT('Origin',(-20.,56.5685424949238,-29.1));
#2472=CARTESIAN_POINT('',(-20.,56.5685424949238,-29.1));
#2473=CARTESIAN_POINT('',(-20.,85.,-29.1));
#2474=CARTESIAN_POINT('',(-20.,56.5685424949238,-32.1));
#2475=CARTESIAN_POINT('',(-20.,85.,-32.1));
#2476=CARTESIAN_POINT('',(-20.,56.5685424949238,-29.1));
#2477=CARTESIAN_POINT('Origin',(0.,0.,-29.1));
#2478=CARTESIAN_POINT('',(-56.5685424949238,20.,-29.1));
#2479=CARTESIAN_POINT('Origin',(0.,0.,-29.1));
#2480=CARTESIAN_POINT('',(-56.5685424949238,20.,-32.1));
#2481=CARTESIAN_POINT('Origin',(0.,0.,-32.1));
#2482=CARTESIAN_POINT('',(-56.5685424949238,20.,-29.1));
#2483=CARTESIAN_POINT('Origin',(-85.,20.,-29.1));
#2484=CARTESIAN_POINT('',(-85.,20.,-29.1));
#2485=CARTESIAN_POINT('',(-85.,20.,-29.1));
#2486=CARTESIAN_POINT('',(-85.,20.,-32.1));
#2487=CARTESIAN_POINT('',(-85.,20.,-32.1));
#2488=CARTESIAN_POINT('',(-85.,20.,-29.1));
#2489=CARTESIAN_POINT('Origin',(-85.,-20.,-29.1));
#2490=CARTESIAN_POINT('',(-85.,-20.,-29.1));
#2491=CARTESIAN_POINT('',(-85.,20.,-29.1));
#2492=CARTESIAN_POINT('',(-85.,-20.,-32.1));
#2493=CARTESIAN_POINT('',(-85.,20.,-32.1));
#2494=CARTESIAN_POINT('',(-85.,-20.,-29.1));
#2495=CARTESIAN_POINT('Origin',(-56.5685424949238,-20.,-29.1));
#2496=CARTESIAN_POINT('',(-56.5685424949238,-20.,-29.1));
#2497=CARTESIAN_POINT('',(-85.,-20.,-29.1));
#2498=CARTESIAN_POINT('',(-56.5685424949238,-20.,-32.1));
#2499=CARTESIAN_POINT('',(-85.,-20.,-32.1));
#2500=CARTESIAN_POINT('',(-56.5685424949238,-20.,-29.1));
#2501=CARTESIAN_POINT('Origin',(0.,0.,-29.1));
#2502=CARTESIAN_POINT('',(-20.,-56.5685424949238,-29.1));
#2503=CARTESIAN_POINT('Origin',(0.,0.,-29.1));
#2504=CARTESIAN_POINT('',(-20.,-56.5685424949238,-32.1));
#2505=CARTESIAN_POINT('Origin',(0.,0.,-32.1));
#2506=CARTESIAN_POINT('',(-20.,-56.5685424949238,-29.1));
#2507=CARTESIAN_POINT('Origin',(-20.,-85.,-29.1));
#2508=CARTESIAN_POINT('',(-20.,-85.,-29.1));
#2509=CARTESIAN_POINT('',(-20.,-85.,-29.1));
#2510=CARTESIAN_POINT('',(-20.,-85.,-32.1));
#2511=CARTESIAN_POINT('',(-20.,-85.,-32.1));
#2512=CARTESIAN_POINT('',(-20.,-85.,-29.1));
#2513=CARTESIAN_POINT('Origin',(20.,-85.,-29.1));
#2514=CARTESIAN_POINT('',(20.,-85.,-29.1));
#2515=CARTESIAN_POINT('',(-20.,-85.,-29.1));
#2516=CARTESIAN_POINT('',(20.,-85.,-32.1));
#2517=CARTESIAN_POINT('',(-20.,-85.,-32.1));
#2518=CARTESIAN_POINT('',(20.,-85.,-29.1));
#2519=CARTESIAN_POINT('Origin',(20.,-56.5685424949238,-29.1));
#2520=CARTESIAN_POINT('',(20.,-56.5685424949238,-29.1));
#2521=CARTESIAN_POINT('',(20.,-85.,-29.1));
#2522=CARTESIAN_POINT('',(20.,-56.5685424949238,-32.1));
#2523=CARTESIAN_POINT('',(20.,-85.,-32.1));
#2524=CARTESIAN_POINT('',(20.,-56.5685424949238,-29.1));
#2525=CARTESIAN_POINT('Origin',(0.,0.,-29.1));
#2526=CARTESIAN_POINT('',(56.5685424949238,-20.,-29.1));
#2527=CARTESIAN_POINT('Origin',(0.,0.,-29.1));
#2528=CARTESIAN_POINT('',(56.5685424949238,-20.,-32.1));
#2529=CARTESIAN_POINT('Origin',(0.,0.,-32.1));
#2530=CARTESIAN_POINT('',(56.5685424949238,-20.,-29.1));
#2531=CARTESIAN_POINT('Origin',(85.,-20.,-29.1));
#2532=CARTESIAN_POINT('',(85.,-20.,-29.1));
#2533=CARTESIAN_POINT('',(85.,-20.,-29.1));
#2534=CARTESIAN_POINT('',(85.,-20.,-32.1));
#2535=CARTESIAN_POINT('',(85.,-20.,-32.1));
#2536=CARTESIAN_POINT('',(85.,-20.,-29.1));
#2537=CARTESIAN_POINT('Origin',(85.,20.,-29.1));
#2538=CARTESIAN_POINT('',(85.,20.,-29.1));
#2539=CARTESIAN_POINT('',(85.,-20.,-29.1));
#2540=CARTESIAN_POINT('',(85.,20.,-32.1));
#2541=CARTESIAN_POINT('',(85.,-20.,-32.1));
#2542=CARTESIAN_POINT('',(85.,20.,-29.1));
#2543=CARTESIAN_POINT('Origin',(56.5685424949238,20.,-29.1));
#2544=CARTESIAN_POINT('',(85.,20.,-29.1));
#2545=CARTESIAN_POINT('',(85.,20.,-32.1));
#2546=CARTESIAN_POINT('Origin',(0.,0.,-32.1));
#2547=CARTESIAN_POINT('Origin',(0.,0.,-29.1));
#2548=UNCERTAINTY_MEASURE_WITH_UNIT(LENGTH_MEASURE(0.01),#2552,
'DISTANCE_ACCURACY_VALUE',
'Maximum model space distance between geometric entities at asserted c
onnectivities');
#2549=UNCERTAINTY_MEASURE_WITH_UNIT(LENGTH_MEASURE(0.01),#2552,
'DISTANCE_ACCURACY_VALUE',
'Maximum model space distance between geometric entities at asserted c
onnectivities');
#2550=(
GEOMETRIC_REPRESENTATION_CONTEXT(3)
GLOBAL_UNCERTAINTY_ASSIGNED_CONTEXT((#2548))
GLOBAL_UNIT_ASSIGNED_CONTEXT((#2552,#2554,#2555))
REPRESENTATION_CONTEXT('','3D')
);
#2551=(
GEOMETRIC_REPRESENTATION_CONTEXT(3)
GLOBAL_UNCERTAINTY_ASSIGNED_CONTEXT((#2549))
GLOBAL_UNIT_ASSIGNED_CONTEXT((#2552,#2554,#2555))
REPRESENTATION_CONTEXT('','3D')
);
#2552=(
LENGTH_UNIT()
NAMED_UNIT(*)
SI_UNIT(.MILLI.,.METRE.)
);
#2553=(
LENGTH_UNIT()
NAMED_UNIT(*)
SI_UNIT($,.METRE.)
);
#2554=(
NAMED_UNIT(*)
PLANE_ANGLE_UNIT()
SI_UNIT($,.RADIAN.)
);
#2555=(
NAMED_UNIT(*)
SI_UNIT($,.STERADIAN.)
SOLID_ANGLE_UNIT()
);
#2556=SHAPE_DEFINITION_REPRESENTATION(#2557,#2558);
#2557=PRODUCT_DEFINITION_SHAPE('',$,#2560);
#2558=SHAPE_REPRESENTATION('',(#1584),#2550);
#2559=PRODUCT_DEFINITION_CONTEXT('part definition',#2564,'design');
#2560=PRODUCT_DEFINITION('tutup_base','tutup_base',#2561,#2559);
#2561=PRODUCT_DEFINITION_FORMATION('',$,#2566);
#2562=PRODUCT_RELATED_PRODUCT_CATEGORY('tutup_base','tutup_base',(#2566));
#2563=APPLICATION_PROTOCOL_DEFINITION('international standard',
'automotive_design',2009,#2564);
#2564=APPLICATION_CONTEXT(
'Core Data for Automotive Mechanical Design Process');
#2565=PRODUCT_CONTEXT('part definition',#2564,'mechanical');
#2566=PRODUCT('tutup_base','tutup_base',$,(#2565));
#2567=PRESENTATION_STYLE_ASSIGNMENT((#2568));
#2568=SURFACE_STYLE_USAGE(.BOTH.,#2569);
#2569=SURFACE_SIDE_STYLE('',(#2570));
#2570=SURFACE_STYLE_FILL_AREA(#2571);
#2571=FILL_AREA_STYLE('Steel - Satin',(#2572));
#2572=FILL_AREA_STYLE_COLOUR('Steel - Satin',#2573);
#2573=COLOUR_RGB('Steel - Satin',0.627450980392157,0.627450980392157,0.627450980392157);
ENDSEC;
END-ISO-10303-21;
