ISO-10303-21;
HEADER;
/* Generated by software containing ST-Developer
 * from STEP Tools, Inc. (www.steptools.com) 
 */

FILE_DESCRIPTION(
/* description */ (''),
/* implementation_level */ '2;1');

FILE_NAME(
/* name */ 'enclosure.step',
/* time_stamp */ '2026-08-24T12:17:26+07:00',
/* author */ (''),
/* organization */ (''),
/* preprocessor_version */ 'ST-DEVELOPER v20.1',
/* originating_system */ 'Autodesk Translation Framework v15.8.0.0',
/* authorisation */ '');

FILE_SCHEMA (('AUTOMOTIVE_DESIGN { 1 0 10303 214 3 1 1 }'));
ENDSEC;

DATA;
#10=MECHANICAL_DESIGN_GEOMETRIC_PRESENTATION_REPRESENTATION('',(#13),#3954);
#11=SHAPE_REPRESENTATION_RELATIONSHIP('SRR','None',#3961,#12);
#12=ADVANCED_BREP_SHAPE_REPRESENTATION('',(#14),#3953);
#13=STYLED_ITEM('',(#3970),#14);
#14=MANIFOLD_SOLID_BREP('Body1',#2087);
#15=CONICAL_SURFACE('',#2277,55.,0.785398163397448);
#16=B_SPLINE_CURVE_WITH_KNOTS('',3,(#3284,#3285,#3286,#3287,#3288,#3289,
#3290,#3291,#3292,#3293,#3294,#3295,#3296,#3297,#3298,#3299,#3300,#3301,
#3302),.UNSPECIFIED.,.F.,.F.,(4,2,2,2,3,2,2,2,4),(3.46810440314184,3.77161055914879,
4.07511671515574,4.3583241003834,4.64153148561106,4.92473887083873,5.20794625606639,
5.51145241207334,5.81495856808029),.UNSPECIFIED.);
#17=B_SPLINE_CURVE_WITH_KNOTS('',3,(#3306,#3307,#3308,#3309,#3310,#3311,
#3312,#3313,#3314,#3315,#3316,#3317,#3318,#3319,#3320,#3321,#3322,#3323,
#3324),.UNSPECIFIED.,.F.,.F.,(4,2,2,2,3,2,2,2,4),(-1.15893818294499,-0.86236056860218,
-0.565782954259369,-0.282891477129684,0.,0.282891477129684,0.565782954259369,
0.86236056860218,1.15893818294499),.UNSPECIFIED.);
#18=B_SPLINE_CURVE_WITH_KNOTS('',3,(#3339,#3340,#3341,#3342,#3343,#3344,
#3345,#3346,#3347,#3348,#3349,#3350,#3351,#3352,#3353,#3354,#3355,#3356),
 .UNSPECIFIED.,.F.,.F.,(4,2,2,2,2,2,2,2,4),(1.1473386603363,1.45084481634326,
1.75435097235021,2.03755835757787,2.32076574280553,2.60397312803319,2.88718051326086,
3.19068666926781,3.49419282527476),.UNSPECIFIED.);
#19=B_SPLINE_CURVE_WITH_KNOTS('',3,(#3357,#3358,#3359,#3360,#3361,#3362,
#3363,#3364,#3365,#3366,#3367,#3368,#3369,#3370,#3371,#3372,#3373,#3374),
 .UNSPECIFIED.,.F.,.F.,(4,2,2,2,2,2,2,2,4),(1.14186294857452,1.43844056291733,
1.73501817726014,2.01790965438983,2.30080113151951,2.5836926086492,2.86658408577888,
3.16316170012169,3.4597393144645),.UNSPECIFIED.);
#20=B_SPLINE_CURVE_WITH_KNOTS('',3,(#3390,#3391,#3392,#3393,#3394,#3395,
#3396,#3397,#3398,#3399,#3400,#3401,#3402,#3403,#3404,#3405,#3406,#3407,
#3408),.UNSPECIFIED.,.F.,.F.,(4,2,2,2,3,2,2,2,4),(3.46810440314184,3.77161055914879,
4.07511671515574,4.3583241003834,4.64153148561106,4.92473887083873,5.20794625606639,
5.51145241207334,5.81495856808029),.UNSPECIFIED.);
#21=B_SPLINE_CURVE_WITH_KNOTS('',3,(#3412,#3413,#3414,#3415,#3416,#3417,
#3418,#3419,#3420,#3421,#3422,#3423,#3424,#3425,#3426,#3427,#3428,#3429),
 .UNSPECIFIED.,.F.,.F.,(4,2,2,2,2,2,2,2,4),(1.1473386603363,1.45084481634326,
1.75435097235021,2.03755835757787,2.32076574280553,2.60397312803319,2.88718051326086,
3.19068666926781,3.49419282527476),.UNSPECIFIED.);
#22=B_SPLINE_CURVE_WITH_KNOTS('',3,(#3433,#3434,#3435,#3436,#3437,#3438,
#3439,#3440,#3441,#3442,#3443,#3444,#3445,#3446,#3447,#3448,#3449,#3450,
#3451),.UNSPECIFIED.,.F.,.F.,(4,2,2,2,3,2,2,2,4),(3.46810440314184,3.77161055914879,
4.07511671515574,4.3583241003834,4.64153148561106,4.92473887083873,5.20794625606639,
5.51145241207334,5.81495856808029),.UNSPECIFIED.);
#23=B_SPLINE_CURVE_WITH_KNOTS('',3,(#3455,#3456,#3457,#3458,#3459,#3460,
#3461,#3462,#3463,#3464,#3465,#3466,#3467,#3468,#3469,#3470,#3471,#3472),
 .UNSPECIFIED.,.F.,.F.,(4,2,2,2,2,2,2,2,4),(1.1473386603363,1.45084481634326,
1.75435097235021,2.03755835757787,2.32076574280553,2.60397312803319,2.88718051326086,
3.19068666926781,3.49419282527476),.UNSPECIFIED.);
#24=B_SPLINE_CURVE_WITH_KNOTS('',3,(#3476,#3477,#3478,#3479,#3480,#3481,
#3482,#3483,#3484,#3485,#3486,#3487,#3488,#3489,#3490,#3491,#3492,#3493,
#3494),.UNSPECIFIED.,.F.,.F.,(4,2,2,2,3,2,2,2,4),(3.46810440314184,3.77161055914879,
4.07511671515574,4.3583241003834,4.64153148561106,4.92473887083873,5.20794625606639,
5.51145241207334,5.81495856808029),.UNSPECIFIED.);
#25=B_SPLINE_CURVE_WITH_KNOTS('',3,(#3498,#3499,#3500,#3501,#3502,#3503,
#3504,#3505,#3506,#3507,#3508,#3509,#3510,#3511,#3512,#3513,#3514,#3515),
 .UNSPECIFIED.,.F.,.F.,(4,2,2,2,2,2,2,2,4),(1.1473386603363,1.45084481634326,
1.75435097235021,2.03755835757787,2.32076574280553,2.60397312803319,2.88718051326086,
3.19068666926781,3.49419282527476),.UNSPECIFIED.);
#26=B_SPLINE_CURVE_WITH_KNOTS('',3,(#3793,#3794,#3795,#3796,#3797,#3798,
#3799,#3800,#3801,#3802,#3803,#3804,#3805,#3806,#3807,#3808,#3809,#3810,
#3811),.UNSPECIFIED.,.F.,.F.,(4,2,2,2,3,2,2,2,4),(-1.15893818294499,-0.86236056860218,
-0.565782954259369,-0.282891477129684,0.,0.282891477129684,0.565782954259369,
0.86236056860218,1.15893818294499),.UNSPECIFIED.);
#27=B_SPLINE_CURVE_WITH_KNOTS('',3,(#3815,#3816,#3817,#3818,#3819,#3820,
#3821,#3822,#3823,#3824,#3825,#3826,#3827,#3828,#3829,#3830,#3831,#3832),
 .UNSPECIFIED.,.F.,.F.,(4,2,2,2,2,2,2,2,4),(1.14186294857452,1.43844056291733,
1.73501817726014,2.01790965438983,2.30080113151951,2.5836926086492,2.86658408577888,
3.16316170012169,3.4597393144645),.UNSPECIFIED.);
#28=B_SPLINE_CURVE_WITH_KNOTS('',3,(#3836,#3837,#3838,#3839,#3840,#3841,
#3842,#3843,#3844,#3845,#3846,#3847,#3848,#3849,#3850,#3851,#3852,#3853,
#3854),.UNSPECIFIED.,.F.,.F.,(4,2,2,2,3,2,2,2,4),(-1.15893818294499,-0.86236056860218,
-0.565782954259369,-0.282891477129684,0.,0.282891477129684,0.565782954259369,
0.86236056860218,1.15893818294499),.UNSPECIFIED.);
#29=B_SPLINE_CURVE_WITH_KNOTS('',3,(#3858,#3859,#3860,#3861,#3862,#3863,
#3864,#3865,#3866,#3867,#3868,#3869,#3870,#3871,#3872,#3873,#3874,#3875),
 .UNSPECIFIED.,.F.,.F.,(4,2,2,2,2,2,2,2,4),(1.14186294857452,1.43844056291733,
1.73501817726014,2.01790965438983,2.30080113151951,2.5836926086492,2.86658408577888,
3.16316170012169,3.4597393144645),.UNSPECIFIED.);
#30=B_SPLINE_CURVE_WITH_KNOTS('',3,(#3879,#3880,#3881,#3882,#3883,#3884,
#3885,#3886,#3887,#3888,#3889,#3890,#3891,#3892,#3893,#3894,#3895,#3896,
#3897),.UNSPECIFIED.,.F.,.F.,(4,2,2,2,3,2,2,2,4),(-1.15893818294499,-0.86236056860218,
-0.565782954259369,-0.282891477129684,0.,0.282891477129684,0.565782954259369,
0.86236056860218,1.15893818294499),.UNSPECIFIED.);
#31=B_SPLINE_CURVE_WITH_KNOTS('',3,(#3901,#3902,#3903,#3904,#3905,#3906,
#3907,#3908,#3909,#3910,#3911,#3912,#3913,#3914,#3915,#3916,#3917,#3918),
 .UNSPECIFIED.,.F.,.F.,(4,2,2,2,2,2,2,2,4),(1.14186294857452,1.43844056291733,
1.73501817726014,2.01790965438983,2.30080113151951,2.5836926086492,2.86658408577888,
3.16316170012169,3.4597393144645),.UNSPECIFIED.);
#32=CYLINDRICAL_SURFACE('',#2125,5.00000044703484);
#33=CYLINDRICAL_SURFACE('',#2128,5.00000044703484);
#34=CYLINDRICAL_SURFACE('',#2131,5.00000044703484);
#35=CYLINDRICAL_SURFACE('',#2134,1.299999999999);
#36=CYLINDRICAL_SURFACE('',#2136,1.299999999999);
#37=CYLINDRICAL_SURFACE('',#2138,1.299999999999);
#38=CYLINDRICAL_SURFACE('',#2141,6.);
#39=CYLINDRICAL_SURFACE('',#2144,6.);
#40=CYLINDRICAL_SURFACE('',#2146,1.299999999999);
#41=CYLINDRICAL_SURFACE('',#2148,1.299999999999);
#42=CYLINDRICAL_SURFACE('',#2150,1.299999999999);
#43=CYLINDRICAL_SURFACE('',#2152,1.299999999999);
#44=CYLINDRICAL_SURFACE('',#2154,1.300000000001);
#45=CYLINDRICAL_SURFACE('',#2163,1.299999999999);
#46=CYLINDRICAL_SURFACE('',#2164,1.299999999999);
#47=CYLINDRICAL_SURFACE('',#2165,7.5);
#48=CYLINDRICAL_SURFACE('',#2172,7.5);
#49=CYLINDRICAL_SURFACE('',#2174,5.00000044703484);
#50=CYLINDRICAL_SURFACE('',#2176,5.00000044703484);
#51=CYLINDRICAL_SURFACE('',#2178,5.00000044703484);
#52=CYLINDRICAL_SURFACE('',#2179,50.);
#53=CYLINDRICAL_SURFACE('',#2187,1.2645);
#54=CYLINDRICAL_SURFACE('',#2190,1.2645);
#55=CYLINDRICAL_SURFACE('',#2219,1.2645);
#56=CYLINDRICAL_SURFACE('',#2221,1.2645);
#57=CYLINDRICAL_SURFACE('',#2238,1.2645);
#58=CYLINDRICAL_SURFACE('',#2240,1.2645);
#59=CYLINDRICAL_SURFACE('',#2254,1.2645);
#60=CYLINDRICAL_SURFACE('',#2256,1.2645);
#61=CYLINDRICAL_SURFACE('',#2264,60.);
#62=CYLINDRICAL_SURFACE('',#2278,7.5);
#63=CYLINDRICAL_SURFACE('',#2281,7.5);
#64=CYLINDRICAL_SURFACE('',#2282,7.5);
#65=CYLINDRICAL_SURFACE('',#2285,7.5);
#66=CYLINDRICAL_SURFACE('',#2286,7.5);
#67=CYLINDRICAL_SURFACE('',#2289,7.5);
#68=FACE_BOUND('',#386,.T.);
#69=FACE_BOUND('',#387,.T.);
#70=FACE_BOUND('',#388,.T.);
#71=FACE_BOUND('',#389,.T.);
#72=FACE_BOUND('',#390,.T.);
#73=FACE_BOUND('',#391,.T.);
#74=FACE_BOUND('',#392,.T.);
#75=FACE_BOUND('',#393,.T.);
#76=FACE_BOUND('',#394,.T.);
#77=FACE_BOUND('',#395,.T.);
#78=FACE_BOUND('',#396,.T.);
#79=FACE_BOUND('',#397,.T.);
#80=FACE_BOUND('',#398,.T.);
#81=FACE_BOUND('',#399,.T.);
#82=FACE_BOUND('',#419,.T.);
#83=FACE_BOUND('',#420,.T.);
#84=FACE_BOUND('',#421,.T.);
#85=FACE_BOUND('',#422,.T.);
#86=FACE_BOUND('',#423,.T.);
#87=FACE_BOUND('',#424,.T.);
#88=FACE_BOUND('',#425,.T.);
#89=FACE_BOUND('',#426,.T.);
#90=FACE_BOUND('',#427,.T.);
#91=FACE_BOUND('',#428,.T.);
#92=FACE_BOUND('',#429,.T.);
#93=FACE_BOUND('',#430,.T.);
#94=FACE_BOUND('',#431,.T.);
#95=FACE_BOUND('',#432,.T.);
#96=FACE_BOUND('',#446,.T.);
#97=FACE_BOUND('',#447,.T.);
#98=FACE_BOUND('',#448,.T.);
#99=FACE_BOUND('',#449,.T.);
#100=FACE_BOUND('',#460,.T.);
#101=FACE_BOUND('',#461,.T.);
#102=FACE_BOUND('',#466,.T.);
#103=FACE_BOUND('',#467,.T.);
#104=FACE_BOUND('',#468,.T.);
#105=FACE_BOUND('',#469,.T.);
#106=FACE_BOUND('',#470,.T.);
#107=FACE_BOUND('',#471,.T.);
#108=FACE_BOUND('',#472,.T.);
#109=FACE_BOUND('',#473,.T.);
#110=FACE_BOUND('',#474,.T.);
#111=FACE_BOUND('',#485,.T.);
#112=FACE_BOUND('',#486,.T.);
#113=FACE_BOUND('',#500,.T.);
#114=FACE_BOUND('',#501,.T.);
#115=FACE_BOUND('',#512,.T.);
#116=FACE_BOUND('',#513,.T.);
#117=FACE_BOUND('',#514,.T.);
#118=FACE_BOUND('',#515,.T.);
#119=FACE_BOUND('',#517,.T.);
#120=FACE_BOUND('',#518,.T.);
#121=CIRCLE('',#2106,50.);
#122=CIRCLE('',#2107,1.300000000001);
#123=CIRCLE('',#2108,1.299999999999);
#124=CIRCLE('',#2109,1.299999999999);
#125=CIRCLE('',#2110,1.299999999999);
#126=CIRCLE('',#2111,1.299999999999);
#127=CIRCLE('',#2112,6.);
#128=CIRCLE('',#2113,6.);
#129=CIRCLE('',#2114,1.299999999999);
#130=CIRCLE('',#2115,1.299999999999);
#131=CIRCLE('',#2116,1.299999999999);
#132=CIRCLE('',#2117,1.299999999999);
#133=CIRCLE('',#2118,1.299999999999);
#134=CIRCLE('',#2119,5.00000044703484);
#135=CIRCLE('',#2120,5.00000044703484);
#136=CIRCLE('',#2121,5.00000044703484);
#137=CIRCLE('',#2122,5.00000044703484);
#138=CIRCLE('',#2123,5.00000044703484);
#139=CIRCLE('',#2124,5.00000044703484);
#140=CIRCLE('',#2126,5.00000044703484);
#141=CIRCLE('',#2129,5.00000044703484);
#142=CIRCLE('',#2132,5.00000044703484);
#143=CIRCLE('',#2135,1.299999999999);
#144=CIRCLE('',#2137,1.299999999999);
#145=CIRCLE('',#2139,1.299999999999);
#146=CIRCLE('',#2142,6.);
#147=CIRCLE('',#2145,6.);
#148=CIRCLE('',#2147,1.299999999999);
#149=CIRCLE('',#2149,1.299999999999);
#150=CIRCLE('',#2151,1.299999999999);
#151=CIRCLE('',#2153,1.299999999999);
#152=CIRCLE('',#2155,1.300000000001);
#153=CIRCLE('',#2157,50.);
#154=CIRCLE('',#2158,1.299999999999);
#155=CIRCLE('',#2159,1.299999999999);
#156=CIRCLE('',#2160,5.00000044703484);
#157=CIRCLE('',#2161,5.00000044703484);
#158=CIRCLE('',#2162,5.00000044703484);
#159=CIRCLE('',#2167,50.);
#160=CIRCLE('',#2168,60.);
#161=CIRCLE('',#2170,50.);
#162=CIRCLE('',#2171,60.);
#163=CIRCLE('',#2180,50.);
#164=CIRCLE('',#2181,50.);
#165=CIRCLE('',#2182,50.);
#166=CIRCLE('',#2183,50.);
#167=CIRCLE('',#2184,50.);
#168=CIRCLE('',#2185,50.);
#169=CIRCLE('',#2186,50.);
#170=CIRCLE('',#2188,1.2645);
#171=CIRCLE('',#2189,1.2645);
#172=CIRCLE('',#2191,1.2645);
#173=CIRCLE('',#2192,1.2645);
#174=CIRCLE('',#2199,60.);
#175=CIRCLE('',#2202,60.);
#176=CIRCLE('',#2203,60.);
#177=CIRCLE('',#2206,60.);
#178=CIRCLE('',#2209,60.);
#179=CIRCLE('',#2210,60.);
#180=CIRCLE('',#2211,60.);
#181=CIRCLE('',#2212,60.);
#182=CIRCLE('',#2213,1.2645);
#183=CIRCLE('',#2214,1.2645);
#184=CIRCLE('',#2215,1.2645);
#185=CIRCLE('',#2216,1.2645);
#186=CIRCLE('',#2217,1.2645);
#187=CIRCLE('',#2218,1.2645);
#188=CIRCLE('',#2220,1.2645);
#189=CIRCLE('',#2222,1.2645);
#190=CIRCLE('',#2229,60.);
#191=CIRCLE('',#2232,60.);
#192=CIRCLE('',#2235,60.);
#193=CIRCLE('',#2239,1.2645);
#194=CIRCLE('',#2241,1.2645);
#195=CIRCLE('',#2247,60.);
#196=CIRCLE('',#2250,60.);
#197=CIRCLE('',#2253,60.);
#198=CIRCLE('',#2255,1.2645);
#199=CIRCLE('',#2257,1.2645);
#200=CIRCLE('',#2263,60.);
#201=CIRCLE('',#2265,60.);
#202=CIRCLE('',#2266,60.);
#203=CIRCLE('',#2267,60.);
#204=CIRCLE('',#2268,60.);
#205=CIRCLE('',#2269,60.);
#206=CIRCLE('',#2270,60.);
#207=CIRCLE('',#2271,60.);
#208=CIRCLE('',#2272,60.);
#209=CIRCLE('',#2273,60.);
#210=PLANE('',#2101);
#211=PLANE('',#2102);
#212=PLANE('',#2103);
#213=PLANE('',#2104);
#214=PLANE('',#2105);
#215=PLANE('',#2127);
#216=PLANE('',#2130);
#217=PLANE('',#2133);
#218=PLANE('',#2140);
#219=PLANE('',#2143);
#220=PLANE('',#2156);
#221=PLANE('',#2166);
#222=PLANE('',#2169);
#223=PLANE('',#2173);
#224=PLANE('',#2175);
#225=PLANE('',#2177);
#226=PLANE('',#2193);
#227=PLANE('',#2194);
#228=PLANE('',#2195);
#229=PLANE('',#2196);
#230=PLANE('',#2197);
#231=PLANE('',#2198);
#232=PLANE('',#2200);
#233=PLANE('',#2201);
#234=PLANE('',#2204);
#235=PLANE('',#2205);
#236=PLANE('',#2207);
#237=PLANE('',#2208);
#238=PLANE('',#2223);
#239=PLANE('',#2224);
#240=PLANE('',#2225);
#241=PLANE('',#2226);
#242=PLANE('',#2227);
#243=PLANE('',#2228);
#244=PLANE('',#2230);
#245=PLANE('',#2231);
#246=PLANE('',#2233);
#247=PLANE('',#2234);
#248=PLANE('',#2236);
#249=PLANE('',#2237);
#250=PLANE('',#2242);
#251=PLANE('',#2243);
#252=PLANE('',#2244);
#253=PLANE('',#2245);
#254=PLANE('',#2246);
#255=PLANE('',#2248);
#256=PLANE('',#2249);
#257=PLANE('',#2251);
#258=PLANE('',#2252);
#259=PLANE('',#2258);
#260=PLANE('',#2259);
#261=PLANE('',#2260);
#262=PLANE('',#2261);
#263=PLANE('',#2262);
#264=PLANE('',#2274);
#265=PLANE('',#2275);
#266=PLANE('',#2276);
#267=PLANE('',#2279);
#268=PLANE('',#2280);
#269=PLANE('',#2283);
#270=PLANE('',#2284);
#271=PLANE('',#2287);
#272=PLANE('',#2288);
#273=FACE_OUTER_BOUND('',#377,.T.);
#274=FACE_OUTER_BOUND('',#378,.T.);
#275=FACE_OUTER_BOUND('',#379,.T.);
#276=FACE_OUTER_BOUND('',#380,.T.);
#277=FACE_OUTER_BOUND('',#381,.T.);
#278=FACE_OUTER_BOUND('',#382,.T.);
#279=FACE_OUTER_BOUND('',#383,.T.);
#280=FACE_OUTER_BOUND('',#384,.T.);
#281=FACE_OUTER_BOUND('',#385,.T.);
#282=FACE_OUTER_BOUND('',#400,.T.);
#283=FACE_OUTER_BOUND('',#401,.T.);
#284=FACE_OUTER_BOUND('',#402,.T.);
#285=FACE_OUTER_BOUND('',#403,.T.);
#286=FACE_OUTER_BOUND('',#404,.T.);
#287=FACE_OUTER_BOUND('',#405,.T.);
#288=FACE_OUTER_BOUND('',#406,.T.);
#289=FACE_OUTER_BOUND('',#407,.T.);
#290=FACE_OUTER_BOUND('',#408,.T.);
#291=FACE_OUTER_BOUND('',#409,.T.);
#292=FACE_OUTER_BOUND('',#410,.T.);
#293=FACE_OUTER_BOUND('',#411,.T.);
#294=FACE_OUTER_BOUND('',#412,.T.);
#295=FACE_OUTER_BOUND('',#413,.T.);
#296=FACE_OUTER_BOUND('',#414,.T.);
#297=FACE_OUTER_BOUND('',#415,.T.);
#298=FACE_OUTER_BOUND('',#416,.T.);
#299=FACE_OUTER_BOUND('',#417,.T.);
#300=FACE_OUTER_BOUND('',#418,.T.);
#301=FACE_OUTER_BOUND('',#433,.T.);
#302=FACE_OUTER_BOUND('',#434,.T.);
#303=FACE_OUTER_BOUND('',#435,.T.);
#304=FACE_OUTER_BOUND('',#436,.T.);
#305=FACE_OUTER_BOUND('',#437,.T.);
#306=FACE_OUTER_BOUND('',#438,.T.);
#307=FACE_OUTER_BOUND('',#439,.T.);
#308=FACE_OUTER_BOUND('',#440,.T.);
#309=FACE_OUTER_BOUND('',#441,.T.);
#310=FACE_OUTER_BOUND('',#442,.T.);
#311=FACE_OUTER_BOUND('',#443,.T.);
#312=FACE_OUTER_BOUND('',#444,.T.);
#313=FACE_OUTER_BOUND('',#445,.T.);
#314=FACE_OUTER_BOUND('',#450,.T.);
#315=FACE_OUTER_BOUND('',#451,.T.);
#316=FACE_OUTER_BOUND('',#452,.T.);
#317=FACE_OUTER_BOUND('',#453,.T.);
#318=FACE_OUTER_BOUND('',#454,.T.);
#319=FACE_OUTER_BOUND('',#455,.T.);
#320=FACE_OUTER_BOUND('',#456,.T.);
#321=FACE_OUTER_BOUND('',#457,.T.);
#322=FACE_OUTER_BOUND('',#458,.T.);
#323=FACE_OUTER_BOUND('',#459,.T.);
#324=FACE_OUTER_BOUND('',#462,.T.);
#325=FACE_OUTER_BOUND('',#463,.T.);
#326=FACE_OUTER_BOUND('',#464,.T.);
#327=FACE_OUTER_BOUND('',#465,.T.);
#328=FACE_OUTER_BOUND('',#475,.T.);
#329=FACE_OUTER_BOUND('',#476,.T.);
#330=FACE_OUTER_BOUND('',#477,.T.);
#331=FACE_OUTER_BOUND('',#478,.T.);
#332=FACE_OUTER_BOUND('',#479,.T.);
#333=FACE_OUTER_BOUND('',#480,.T.);
#334=FACE_OUTER_BOUND('',#481,.T.);
#335=FACE_OUTER_BOUND('',#482,.T.);
#336=FACE_OUTER_BOUND('',#483,.T.);
#337=FACE_OUTER_BOUND('',#484,.T.);
#338=FACE_OUTER_BOUND('',#487,.T.);
#339=FACE_OUTER_BOUND('',#488,.T.);
#340=FACE_OUTER_BOUND('',#489,.T.);
#341=FACE_OUTER_BOUND('',#490,.T.);
#342=FACE_OUTER_BOUND('',#491,.T.);
#343=FACE_OUTER_BOUND('',#492,.T.);
#344=FACE_OUTER_BOUND('',#493,.T.);
#345=FACE_OUTER_BOUND('',#494,.T.);
#346=FACE_OUTER_BOUND('',#495,.T.);
#347=FACE_OUTER_BOUND('',#496,.T.);
#348=FACE_OUTER_BOUND('',#497,.T.);
#349=FACE_OUTER_BOUND('',#498,.T.);
#350=FACE_OUTER_BOUND('',#499,.T.);
#351=FACE_OUTER_BOUND('',#502,.T.);
#352=FACE_OUTER_BOUND('',#503,.T.);
#353=FACE_OUTER_BOUND('',#504,.T.);
#354=FACE_OUTER_BOUND('',#505,.T.);
#355=FACE_OUTER_BOUND('',#506,.T.);
#356=FACE_OUTER_BOUND('',#507,.T.);
#357=FACE_OUTER_BOUND('',#508,.T.);
#358=FACE_OUTER_BOUND('',#509,.T.);
#359=FACE_OUTER_BOUND('',#510,.T.);
#360=FACE_OUTER_BOUND('',#511,.T.);
#361=FACE_OUTER_BOUND('',#516,.T.);
#362=FACE_OUTER_BOUND('',#519,.T.);
#363=FACE_OUTER_BOUND('',#520,.T.);
#364=FACE_OUTER_BOUND('',#521,.T.);
#365=FACE_OUTER_BOUND('',#522,.T.);
#366=FACE_OUTER_BOUND('',#523,.T.);
#367=FACE_OUTER_BOUND('',#524,.T.);
#368=FACE_OUTER_BOUND('',#525,.T.);
#369=FACE_OUTER_BOUND('',#526,.T.);
#370=FACE_OUTER_BOUND('',#527,.T.);
#371=FACE_OUTER_BOUND('',#528,.T.);
#372=FACE_OUTER_BOUND('',#529,.T.);
#373=FACE_OUTER_BOUND('',#530,.T.);
#374=FACE_OUTER_BOUND('',#531,.T.);
#375=FACE_OUTER_BOUND('',#532,.T.);
#376=FACE_OUTER_BOUND('',#533,.T.);
#377=EDGE_LOOP('',(#1391,#1392,#1393,#1394));
#378=EDGE_LOOP('',(#1395,#1396,#1397,#1398));
#379=EDGE_LOOP('',(#1399,#1400,#1401,#1402));
#380=EDGE_LOOP('',(#1403,#1404,#1405,#1406));
#381=EDGE_LOOP('',(#1407,#1408,#1409,#1410));
#382=EDGE_LOOP('',(#1411,#1412,#1413,#1414));
#383=EDGE_LOOP('',(#1415,#1416,#1417,#1418));
#384=EDGE_LOOP('',(#1419,#1420,#1421,#1422));
#385=EDGE_LOOP('',(#1423));
#386=EDGE_LOOP('',(#1424));
#387=EDGE_LOOP('',(#1425));
#388=EDGE_LOOP('',(#1426));
#389=EDGE_LOOP('',(#1427));
#390=EDGE_LOOP('',(#1428));
#391=EDGE_LOOP('',(#1429,#1430,#1431,#1432,#1433,#1434,#1435,#1436,#1437,
#1438,#1439,#1440));
#392=EDGE_LOOP('',(#1441));
#393=EDGE_LOOP('',(#1442));
#394=EDGE_LOOP('',(#1443));
#395=EDGE_LOOP('',(#1444));
#396=EDGE_LOOP('',(#1445));
#397=EDGE_LOOP('',(#1446,#1447,#1448,#1449));
#398=EDGE_LOOP('',(#1450,#1451,#1452,#1453));
#399=EDGE_LOOP('',(#1454,#1455,#1456,#1457));
#400=EDGE_LOOP('',(#1458,#1459,#1460,#1461));
#401=EDGE_LOOP('',(#1462,#1463,#1464,#1465));
#402=EDGE_LOOP('',(#1466,#1467,#1468,#1469));
#403=EDGE_LOOP('',(#1470,#1471,#1472,#1473));
#404=EDGE_LOOP('',(#1474,#1475,#1476,#1477));
#405=EDGE_LOOP('',(#1478,#1479,#1480,#1481));
#406=EDGE_LOOP('',(#1482,#1483,#1484,#1485));
#407=EDGE_LOOP('',(#1486,#1487,#1488,#1489));
#408=EDGE_LOOP('',(#1490,#1491,#1492,#1493));
#409=EDGE_LOOP('',(#1494,#1495,#1496,#1497));
#410=EDGE_LOOP('',(#1498,#1499,#1500,#1501));
#411=EDGE_LOOP('',(#1502,#1503,#1504,#1505));
#412=EDGE_LOOP('',(#1506,#1507,#1508,#1509));
#413=EDGE_LOOP('',(#1510,#1511,#1512,#1513));
#414=EDGE_LOOP('',(#1514,#1515,#1516,#1517));
#415=EDGE_LOOP('',(#1518,#1519,#1520,#1521));
#416=EDGE_LOOP('',(#1522,#1523,#1524,#1525));
#417=EDGE_LOOP('',(#1526,#1527,#1528,#1529));
#418=EDGE_LOOP('',(#1530));
#419=EDGE_LOOP('',(#1531));
#420=EDGE_LOOP('',(#1532));
#421=EDGE_LOOP('',(#1533));
#422=EDGE_LOOP('',(#1534));
#423=EDGE_LOOP('',(#1535));
#424=EDGE_LOOP('',(#1536));
#425=EDGE_LOOP('',(#1537,#1538,#1539,#1540,#1541,#1542,#1543,#1544,#1545,
#1546,#1547,#1548));
#426=EDGE_LOOP('',(#1549));
#427=EDGE_LOOP('',(#1550));
#428=EDGE_LOOP('',(#1551));
#429=EDGE_LOOP('',(#1552));
#430=EDGE_LOOP('',(#1553,#1554,#1555,#1556));
#431=EDGE_LOOP('',(#1557,#1558,#1559,#1560));
#432=EDGE_LOOP('',(#1561,#1562,#1563,#1564));
#433=EDGE_LOOP('',(#1565,#1566,#1567,#1568));
#434=EDGE_LOOP('',(#1569,#1570,#1571,#1572));
#435=EDGE_LOOP('',(#1573,#1574,#1575,#1576));
#436=EDGE_LOOP('',(#1577,#1578,#1579,#1580));
#437=EDGE_LOOP('',(#1581,#1582,#1583,#1584));
#438=EDGE_LOOP('',(#1585,#1586,#1587,#1588));
#439=EDGE_LOOP('',(#1589,#1590,#1591,#1592));
#440=EDGE_LOOP('',(#1593,#1594,#1595,#1596));
#441=EDGE_LOOP('',(#1597,#1598,#1599,#1600));
#442=EDGE_LOOP('',(#1601,#1602,#1603,#1604));
#443=EDGE_LOOP('',(#1605,#1606,#1607,#1608));
#444=EDGE_LOOP('',(#1609,#1610,#1611,#1612));
#445=EDGE_LOOP('',(#1613,#1614,#1615,#1616));
#446=EDGE_LOOP('',(#1617,#1618,#1619,#1620));
#447=EDGE_LOOP('',(#1621,#1622,#1623,#1624));
#448=EDGE_LOOP('',(#1625,#1626,#1627,#1628));
#449=EDGE_LOOP('',(#1629,#1630,#1631,#1632));
#450=EDGE_LOOP('',(#1633,#1634,#1635,#1636));
#451=EDGE_LOOP('',(#1637,#1638,#1639,#1640));
#452=EDGE_LOOP('',(#1641,#1642,#1643,#1644));
#453=EDGE_LOOP('',(#1645,#1646,#1647,#1648));
#454=EDGE_LOOP('',(#1649,#1650,#1651,#1652,#1653));
#455=EDGE_LOOP('',(#1654,#1655,#1656,#1657,#1658,#1659));
#456=EDGE_LOOP('',(#1660,#1661,#1662,#1663,#1664));
#457=EDGE_LOOP('',(#1665,#1666,#1667,#1668));
#458=EDGE_LOOP('',(#1669,#1670,#1671,#1672));
#459=EDGE_LOOP('',(#1673,#1674,#1675,#1676,#1677));
#460=EDGE_LOOP('',(#1678));
#461=EDGE_LOOP('',(#1679));
#462=EDGE_LOOP('',(#1680,#1681,#1682,#1683));
#463=EDGE_LOOP('',(#1684,#1685,#1686,#1687));
#464=EDGE_LOOP('',(#1688,#1689,#1690,#1691,#1692));
#465=EDGE_LOOP('',(#1693,#1694,#1695,#1696,#1697,#1698,#1699,#1700,#1701,
#1702,#1703,#1704,#1705,#1706,#1707,#1708));
#466=EDGE_LOOP('',(#1709));
#467=EDGE_LOOP('',(#1710));
#468=EDGE_LOOP('',(#1711));
#469=EDGE_LOOP('',(#1712));
#470=EDGE_LOOP('',(#1713));
#471=EDGE_LOOP('',(#1714));
#472=EDGE_LOOP('',(#1715));
#473=EDGE_LOOP('',(#1716));
#474=EDGE_LOOP('',(#1717));
#475=EDGE_LOOP('',(#1718,#1719,#1720,#1721));
#476=EDGE_LOOP('',(#1722,#1723,#1724,#1725));
#477=EDGE_LOOP('',(#1726,#1727,#1728,#1729));
#478=EDGE_LOOP('',(#1730,#1731,#1732,#1733));
#479=EDGE_LOOP('',(#1734,#1735,#1736,#1737,#1738));
#480=EDGE_LOOP('',(#1739,#1740,#1741,#1742,#1743,#1744));
#481=EDGE_LOOP('',(#1745,#1746,#1747,#1748,#1749));
#482=EDGE_LOOP('',(#1750,#1751,#1752,#1753));
#483=EDGE_LOOP('',(#1754,#1755,#1756,#1757));
#484=EDGE_LOOP('',(#1758,#1759,#1760,#1761));
#485=EDGE_LOOP('',(#1762));
#486=EDGE_LOOP('',(#1763));
#487=EDGE_LOOP('',(#1764,#1765,#1766,#1767));
#488=EDGE_LOOP('',(#1768,#1769,#1770,#1771));
#489=EDGE_LOOP('',(#1772,#1773,#1774,#1775));
#490=EDGE_LOOP('',(#1776,#1777,#1778,#1779,#1780));
#491=EDGE_LOOP('',(#1781,#1782,#1783,#1784));
#492=EDGE_LOOP('',(#1785,#1786,#1787,#1788));
#493=EDGE_LOOP('',(#1789,#1790,#1791,#1792));
#494=EDGE_LOOP('',(#1793,#1794,#1795,#1796));
#495=EDGE_LOOP('',(#1797,#1798,#1799,#1800,#1801));
#496=EDGE_LOOP('',(#1802,#1803,#1804,#1805,#1806,#1807));
#497=EDGE_LOOP('',(#1808,#1809,#1810,#1811));
#498=EDGE_LOOP('',(#1812,#1813,#1814,#1815));
#499=EDGE_LOOP('',(#1816,#1817,#1818,#1819));
#500=EDGE_LOOP('',(#1820));
#501=EDGE_LOOP('',(#1821));
#502=EDGE_LOOP('',(#1822,#1823,#1824,#1825));
#503=EDGE_LOOP('',(#1826,#1827,#1828,#1829));
#504=EDGE_LOOP('',(#1830,#1831,#1832,#1833));
#505=EDGE_LOOP('',(#1834,#1835,#1836,#1837));
#506=EDGE_LOOP('',(#1838,#1839,#1840,#1841));
#507=EDGE_LOOP('',(#1842,#1843,#1844,#1845));
#508=EDGE_LOOP('',(#1846,#1847,#1848,#1849,#1850));
#509=EDGE_LOOP('',(#1851,#1852,#1853,#1854,#1855,#1856));
#510=EDGE_LOOP('',(#1857,#1858,#1859,#1860));
#511=EDGE_LOOP('',(#1861,#1862,#1863,#1864,#1865,#1866,#1867,#1868,#1869,
#1870,#1871,#1872,#1873,#1874,#1875,#1876,#1877,#1878,#1879,#1880,#1881,
#1882,#1883,#1884,#1885,#1886,#1887,#1888,#1889,#1890,#1891,#1892,#1893,
#1894,#1895,#1896));
#512=EDGE_LOOP('',(#1897,#1898,#1899,#1900));
#513=EDGE_LOOP('',(#1901,#1902,#1903,#1904));
#514=EDGE_LOOP('',(#1905,#1906,#1907,#1908));
#515=EDGE_LOOP('',(#1909,#1910,#1911,#1912));
#516=EDGE_LOOP('',(#1913,#1914,#1915,#1916));
#517=EDGE_LOOP('',(#1917));
#518=EDGE_LOOP('',(#1918));
#519=EDGE_LOOP('',(#1919,#1920,#1921,#1922));
#520=EDGE_LOOP('',(#1923,#1924,#1925,#1926));
#521=EDGE_LOOP('',(#1927,#1928,#1929,#1930));
#522=EDGE_LOOP('',(#1931,#1932,#1933,#1934));
#523=EDGE_LOOP('',(#1935,#1936,#1937,#1938));
#524=EDGE_LOOP('',(#1939,#1940,#1941,#1942));
#525=EDGE_LOOP('',(#1943,#1944,#1945,#1946));
#526=EDGE_LOOP('',(#1947,#1948,#1949,#1950));
#527=EDGE_LOOP('',(#1951,#1952,#1953,#1954));
#528=EDGE_LOOP('',(#1955,#1956,#1957,#1958));
#529=EDGE_LOOP('',(#1959,#1960,#1961,#1962));
#530=EDGE_LOOP('',(#1963,#1964,#1965,#1966));
#531=EDGE_LOOP('',(#1967,#1968,#1969,#1970));
#532=EDGE_LOOP('',(#1971,#1972,#1973,#1974));
#533=EDGE_LOOP('',(#1975,#1976,#1977,#1978));
#534=LINE('',#2900,#715);
#535=LINE('',#2917,#716);
#536=LINE('',#2920,#717);
#537=LINE('',#2922,#718);
#538=LINE('',#2923,#719);
#539=LINE('',#2986,#720);
#540=LINE('',#2989,#721);
#541=LINE('',#2991,#722);
#542=LINE('',#2992,#723);
#543=LINE('',#3055,#724);
#544=LINE('',#3058,#725);
#545=LINE('',#3060,#726);
#546=LINE('',#3061,#727);
#547=LINE('',#3124,#728);
#548=LINE('',#3127,#729);
#549=LINE('',#3129,#730);
#550=LINE('',#3130,#731);
#551=LINE('',#3147,#732);
#552=LINE('',#3150,#733);
#553=LINE('',#3165,#734);
#554=LINE('',#3168,#735);
#555=LINE('',#3173,#736);
#556=LINE('',#3176,#737);
#557=LINE('',#3181,#738);
#558=LINE('',#3184,#739);
#559=LINE('',#3187,#740);
#560=LINE('',#3190,#741);
#561=LINE('',#3193,#742);
#562=LINE('',#3194,#743);
#563=LINE('',#3197,#744);
#564=LINE('',#3200,#745);
#565=LINE('',#3203,#746);
#566=LINE('',#3204,#747);
#567=LINE('',#3207,#748);
#568=LINE('',#3210,#749);
#569=LINE('',#3213,#750);
#570=LINE('',#3214,#751);
#571=LINE('',#3217,#752);
#572=LINE('',#3221,#753);
#573=LINE('',#3225,#754);
#574=LINE('',#3229,#755);
#575=LINE('',#3230,#756);
#576=LINE('',#3233,#757);
#577=LINE('',#3237,#758);
#578=LINE('',#3238,#759);
#579=LINE('',#3243,#760);
#580=LINE('',#3247,#761);
#581=LINE('',#3251,#762);
#582=LINE('',#3255,#763);
#583=LINE('',#3259,#764);
#584=LINE('',#3269,#765);
#585=LINE('',#3272,#766);
#586=LINE('',#3275,#767);
#587=LINE('',#3278,#768);
#588=LINE('',#3280,#769);
#589=LINE('',#3304,#770);
#590=LINE('',#3325,#771);
#591=LINE('',#3330,#772);
#592=LINE('',#3337,#773);
#593=LINE('',#3376,#774);
#594=LINE('',#3379,#775);
#595=LINE('',#3382,#776);
#596=LINE('',#3387,#777);
#597=LINE('',#3521,#778);
#598=LINE('',#3527,#779);
#599=LINE('',#3532,#780);
#600=LINE('',#3534,#781);
#601=LINE('',#3536,#782);
#602=LINE('',#3537,#783);
#603=LINE('',#3541,#784);
#604=LINE('',#3543,#785);
#605=LINE('',#3545,#786);
#606=LINE('',#3546,#787);
#607=LINE('',#3549,#788);
#608=LINE('',#3551,#789);
#609=LINE('',#3553,#790);
#610=LINE('',#3554,#791);
#611=LINE('',#3556,#792);
#612=LINE('',#3558,#793);
#613=LINE('',#3559,#794);
#614=LINE('',#3562,#795);
#615=LINE('',#3564,#796);
#616=LINE('',#3565,#797);
#617=LINE('',#3568,#798);
#618=LINE('',#3572,#799);
#619=LINE('',#3573,#800);
#620=LINE('',#3576,#801);
#621=LINE('',#3582,#802);
#622=LINE('',#3583,#803);
#623=LINE('',#3589,#804);
#624=LINE('',#3591,#805);
#625=LINE('',#3593,#806);
#626=LINE('',#3595,#807);
#627=LINE('',#3596,#808);
#628=LINE('',#3600,#809);
#629=LINE('',#3601,#810);
#630=LINE('',#3605,#811);
#631=LINE('',#3607,#812);
#632=LINE('',#3609,#813);
#633=LINE('',#3614,#814);
#634=LINE('',#3616,#815);
#635=LINE('',#3618,#816);
#636=LINE('',#3635,#817);
#637=LINE('',#3639,#818);
#638=LINE('',#3643,#819);
#639=LINE('',#3645,#820);
#640=LINE('',#3647,#821);
#641=LINE('',#3648,#822);
#642=LINE('',#3652,#823);
#643=LINE('',#3654,#824);
#644=LINE('',#3656,#825);
#645=LINE('',#3657,#826);
#646=LINE('',#3659,#827);
#647=LINE('',#3661,#828);
#648=LINE('',#3662,#829);
#649=LINE('',#3664,#830);
#650=LINE('',#3665,#831);
#651=LINE('',#3668,#832);
#652=LINE('',#3669,#833);
#653=LINE('',#3672,#834);
#654=LINE('',#3676,#835);
#655=LINE('',#3677,#836);
#656=LINE('',#3680,#837);
#657=LINE('',#3684,#838);
#658=LINE('',#3685,#839);
#659=LINE('',#3691,#840);
#660=LINE('',#3693,#841);
#661=LINE('',#3695,#842);
#662=LINE('',#3696,#843);
#663=LINE('',#3699,#844);
#664=LINE('',#3701,#845);
#665=LINE('',#3703,#846);
#666=LINE('',#3704,#847);
#667=LINE('',#3708,#848);
#668=LINE('',#3712,#849);
#669=LINE('',#3716,#850);
#670=LINE('',#3717,#851);
#671=LINE('',#3718,#852);
#672=LINE('',#3722,#853);
#673=LINE('',#3724,#854);
#674=LINE('',#3726,#855);
#675=LINE('',#3727,#856);
#676=LINE('',#3729,#857);
#677=LINE('',#3731,#858);
#678=LINE('',#3732,#859);
#679=LINE('',#3734,#860);
#680=LINE('',#3737,#861);
#681=LINE('',#3741,#862);
#682=LINE('',#3742,#863);
#683=LINE('',#3745,#864);
#684=LINE('',#3749,#865);
#685=LINE('',#3750,#866);
#686=LINE('',#3756,#867);
#687=LINE('',#3760,#868);
#688=LINE('',#3762,#869);
#689=LINE('',#3763,#870);
#690=LINE('',#3767,#871);
#691=LINE('',#3769,#872);
#692=LINE('',#3771,#873);
#693=LINE('',#3772,#874);
#694=LINE('',#3774,#875);
#695=LINE('',#3776,#876);
#696=LINE('',#3777,#877);
#697=LINE('',#3779,#878);
#698=LINE('',#3785,#879);
#699=LINE('',#3789,#880);
#700=LINE('',#3921,#881);
#701=LINE('',#3923,#882);
#702=LINE('',#3926,#883);
#703=LINE('',#3928,#884);
#704=LINE('',#3929,#885);
#705=LINE('',#3931,#886);
#706=LINE('',#3933,#887);
#707=LINE('',#3936,#888);
#708=LINE('',#3937,#889);
#709=LINE('',#3939,#890);
#710=LINE('',#3941,#891);
#711=LINE('',#3944,#892);
#712=LINE('',#3945,#893);
#713=LINE('',#3947,#894);
#714=LINE('',#3949,#895);
#715=VECTOR('',#2292,10.);
#716=VECTOR('',#2293,10.);
#717=VECTOR('',#2296,10.);
#718=VECTOR('',#2297,10.);
#719=VECTOR('',#2298,10.);
#720=VECTOR('',#2299,10.);
#721=VECTOR('',#2302,10.);
#722=VECTOR('',#2303,10.);
#723=VECTOR('',#2304,10.);
#724=VECTOR('',#2305,10.);
#725=VECTOR('',#2308,10.);
#726=VECTOR('',#2309,10.);
#727=VECTOR('',#2310,10.);
#728=VECTOR('',#2311,10.);
#729=VECTOR('',#2314,10.);
#730=VECTOR('',#2315,21.95);
#731=VECTOR('',#2316,10.);
#732=VECTOR('',#2333,10.);
#733=VECTOR('',#2336,10.);
#734=VECTOR('',#2349,10.);
#735=VECTOR('',#2352,10.);
#736=VECTOR('',#2355,10.);
#737=VECTOR('',#2358,10.);
#738=VECTOR('',#2361,10.);
#739=VECTOR('',#2364,10.);
#740=VECTOR('',#2367,10.);
#741=VECTOR('',#2370,10.);
#742=VECTOR('',#2373,10.);
#743=VECTOR('',#2374,10.);
#744=VECTOR('',#2377,10.);
#745=VECTOR('',#2380,10.);
#746=VECTOR('',#2383,10.);
#747=VECTOR('',#2384,10.);
#748=VECTOR('',#2387,10.);
#749=VECTOR('',#2390,10.);
#750=VECTOR('',#2393,10.);
#751=VECTOR('',#2394,10.);
#752=VECTOR('',#2397,1.299999999999);
#753=VECTOR('',#2402,1.299999999999);
#754=VECTOR('',#2407,1.299999999999);
#755=VECTOR('',#2412,21.95);
#756=VECTOR('',#2413,10.);
#757=VECTOR('',#2416,21.95);
#758=VECTOR('',#2421,21.95);
#759=VECTOR('',#2422,10.);
#760=VECTOR('',#2429,1.299999999999);
#761=VECTOR('',#2434,1.299999999999);
#762=VECTOR('',#2439,1.299999999999);
#763=VECTOR('',#2444,1.299999999999);
#764=VECTOR('',#2449,1.300000000001);
#765=VECTOR('',#2460,10.);
#766=VECTOR('',#2463,10.);
#767=VECTOR('',#2466,10.);
#768=VECTOR('',#2471,1.299999999999);
#769=VECTOR('',#2474,1.299999999999);
#770=VECTOR('',#2477,10.);
#771=VECTOR('',#2478,10.);
#772=VECTOR('',#2483,10.);
#773=VECTOR('',#2492,10.);
#774=VECTOR('',#2497,10.);
#775=VECTOR('',#2502,10.);
#776=VECTOR('',#2507,10.);
#777=VECTOR('',#2514,50.);
#778=VECTOR('',#2531,1.55);
#779=VECTOR('',#2538,1.55);
#780=VECTOR('',#2543,10.);
#781=VECTOR('',#2544,10.);
#782=VECTOR('',#2545,10.);
#783=VECTOR('',#2546,10.);
#784=VECTOR('',#2549,10.);
#785=VECTOR('',#2550,10.);
#786=VECTOR('',#2551,10.);
#787=VECTOR('',#2552,10.);
#788=VECTOR('',#2555,10.);
#789=VECTOR('',#2556,10.);
#790=VECTOR('',#2557,10.);
#791=VECTOR('',#2558,10.);
#792=VECTOR('',#2561,10.);
#793=VECTOR('',#2562,10.);
#794=VECTOR('',#2563,10.);
#795=VECTOR('',#2566,10.);
#796=VECTOR('',#2567,10.);
#797=VECTOR('',#2568,10.);
#798=VECTOR('',#2571,10.);
#799=VECTOR('',#2576,10.);
#800=VECTOR('',#2577,10.);
#801=VECTOR('',#2580,10.);
#802=VECTOR('',#2587,10.);
#803=VECTOR('',#2588,10.);
#804=VECTOR('',#2595,10.);
#805=VECTOR('',#2596,10.);
#806=VECTOR('',#2597,10.);
#807=VECTOR('',#2598,10.);
#808=VECTOR('',#2599,10.);
#809=VECTOR('',#2602,10.);
#810=VECTOR('',#2603,10.);
#811=VECTOR('',#2606,10.);
#812=VECTOR('',#2607,10.);
#813=VECTOR('',#2608,10.);
#814=VECTOR('',#2613,10.);
#815=VECTOR('',#2614,10.);
#816=VECTOR('',#2615,10.);
#817=VECTOR('',#2634,1.55);
#818=VECTOR('',#2639,1.55);
#819=VECTOR('',#2642,10.);
#820=VECTOR('',#2643,10.);
#821=VECTOR('',#2644,10.);
#822=VECTOR('',#2645,10.);
#823=VECTOR('',#2648,10.);
#824=VECTOR('',#2649,10.);
#825=VECTOR('',#2650,10.);
#826=VECTOR('',#2651,10.);
#827=VECTOR('',#2654,10.);
#828=VECTOR('',#2655,10.);
#829=VECTOR('',#2656,10.);
#830=VECTOR('',#2659,10.);
#831=VECTOR('',#2660,10.);
#832=VECTOR('',#2663,10.);
#833=VECTOR('',#2664,10.);
#834=VECTOR('',#2667,10.);
#835=VECTOR('',#2672,10.);
#836=VECTOR('',#2673,10.);
#837=VECTOR('',#2676,10.);
#838=VECTOR('',#2681,10.);
#839=VECTOR('',#2682,10.);
#840=VECTOR('',#2689,10.);
#841=VECTOR('',#2690,10.);
#842=VECTOR('',#2691,10.);
#843=VECTOR('',#2692,10.);
#844=VECTOR('',#2695,10.);
#845=VECTOR('',#2696,10.);
#846=VECTOR('',#2697,10.);
#847=VECTOR('',#2698,10.);
#848=VECTOR('',#2703,1.55);
#849=VECTOR('',#2708,1.55);
#850=VECTOR('',#2711,10.);
#851=VECTOR('',#2712,10.);
#852=VECTOR('',#2713,10.);
#853=VECTOR('',#2716,10.);
#854=VECTOR('',#2717,10.);
#855=VECTOR('',#2718,10.);
#856=VECTOR('',#2719,10.);
#857=VECTOR('',#2722,10.);
#858=VECTOR('',#2723,10.);
#859=VECTOR('',#2724,10.);
#860=VECTOR('',#2727,10.);
#861=VECTOR('',#2730,10.);
#862=VECTOR('',#2735,10.);
#863=VECTOR('',#2736,10.);
#864=VECTOR('',#2739,10.);
#865=VECTOR('',#2744,10.);
#866=VECTOR('',#2745,10.);
#867=VECTOR('',#2754,1.55);
#868=VECTOR('',#2759,1.55);
#869=VECTOR('',#2762,10.);
#870=VECTOR('',#2763,10.);
#871=VECTOR('',#2766,10.);
#872=VECTOR('',#2767,10.);
#873=VECTOR('',#2768,10.);
#874=VECTOR('',#2769,10.);
#875=VECTOR('',#2772,10.);
#876=VECTOR('',#2773,10.);
#877=VECTOR('',#2774,10.);
#878=VECTOR('',#2777,10.);
#879=VECTOR('',#2786,60.);
#880=VECTOR('',#2789,10.);
#881=VECTOR('',#2806,10.);
#882=VECTOR('',#2809,10.);
#883=VECTOR('',#2814,55.);
#884=VECTOR('',#2817,10.);
#885=VECTOR('',#2818,10.);
#886=VECTOR('',#2821,10.);
#887=VECTOR('',#2824,10.);
#888=VECTOR('',#2829,10.);
#889=VECTOR('',#2830,10.);
#890=VECTOR('',#2833,10.);
#891=VECTOR('',#2836,10.);
#892=VECTOR('',#2841,10.);
#893=VECTOR('',#2842,10.);
#894=VECTOR('',#2845,10.);
#895=VECTOR('',#2848,10.);
#896=(
BOUNDED_CURVE()
B_SPLINE_CURVE(5,(#2884,#2885,#2886,#2887,#2888,#2889,#2890,#2891,#2892,
#2893,#2894,#2895,#2896,#2897,#2898),.UNSPECIFIED.,.F.,.F.)
B_SPLINE_CURVE_WITH_KNOTS((6,1,1,1,1,1,1,1,1,1,6),(0.,0.1,0.2,0.3,0.4,0.5,
0.6,0.7,0.8,0.9,1.),.UNSPECIFIED.)
CURVE()
GEOMETRIC_REPRESENTATION_ITEM()
RATIONAL_B_SPLINE_CURVE((1.,1.,1.,1.,1.,1.,1.,1.,1.,1.,1.,1.,1.,1.,1.))
REPRESENTATION_ITEM('')
);
#897=(
BOUNDED_CURVE()
B_SPLINE_CURVE(5,(#2902,#2903,#2904,#2905,#2906,#2907,#2908,#2909,#2910,
#2911,#2912,#2913,#2914,#2915,#2916),.UNSPECIFIED.,.F.,.F.)
B_SPLINE_CURVE_WITH_KNOTS((6,1,1,1,1,1,1,1,1,1,6),(0.,0.1,0.2,0.3,0.4,0.5,
0.6,0.7,0.8,0.9,1.),.UNSPECIFIED.)
CURVE()
GEOMETRIC_REPRESENTATION_ITEM()
RATIONAL_B_SPLINE_CURVE((1.,1.,1.,1.,1.,1.,1.,1.,1.,1.,1.,1.,1.,1.,1.))
REPRESENTATION_ITEM('')
);
#898=(
BOUNDED_CURVE()
B_SPLINE_CURVE(5,(#2955,#2956,#2957,#2958,#2959,#2960,#2961,#2962,#2963,
#2964,#2965,#2966,#2967,#2968,#2969),.UNSPECIFIED.,.F.,.F.)
B_SPLINE_CURVE_WITH_KNOTS((6,1,1,1,1,1,1,1,1,1,6),(0.,0.1,0.2,0.3,0.4,0.5,
0.6,0.7,0.8,0.9,1.),.UNSPECIFIED.)
CURVE()
GEOMETRIC_REPRESENTATION_ITEM()
RATIONAL_B_SPLINE_CURVE((1.,1.,1.,1.,1.,1.,1.,1.,1.,1.,1.,1.,1.,1.,1.))
REPRESENTATION_ITEM('')
);
#899=(
BOUNDED_CURVE()
B_SPLINE_CURVE(5,(#2971,#2972,#2973,#2974,#2975,#2976,#2977,#2978,#2979,
#2980,#2981,#2982,#2983,#2984,#2985),.UNSPECIFIED.,.F.,.F.)
B_SPLINE_CURVE_WITH_KNOTS((6,1,1,1,1,1,1,1,1,1,6),(0.,0.1,0.2,0.3,0.4,0.5,
0.6,0.7,0.8,0.9,1.),.UNSPECIFIED.)
CURVE()
GEOMETRIC_REPRESENTATION_ITEM()
RATIONAL_B_SPLINE_CURVE((1.,1.,1.,1.,1.,1.,1.,1.,1.,1.,1.,1.,1.,1.,1.))
REPRESENTATION_ITEM('')
);
#900=(
BOUNDED_CURVE()
B_SPLINE_CURVE(5,(#3024,#3025,#3026,#3027,#3028,#3029,#3030,#3031,#3032,
#3033,#3034,#3035,#3036,#3037,#3038),.UNSPECIFIED.,.F.,.F.)
B_SPLINE_CURVE_WITH_KNOTS((6,1,1,1,1,1,1,1,1,1,6),(0.,0.1,0.2,0.3,0.4,0.5,
0.6,0.7,0.8,0.9,1.),.UNSPECIFIED.)
CURVE()
GEOMETRIC_REPRESENTATION_ITEM()
RATIONAL_B_SPLINE_CURVE((1.,1.,1.,1.,1.,1.,1.,1.,1.,1.,1.,1.,1.,1.,1.))
REPRESENTATION_ITEM('')
);
#901=(
BOUNDED_CURVE()
B_SPLINE_CURVE(5,(#3040,#3041,#3042,#3043,#3044,#3045,#3046,#3047,#3048,
#3049,#3050,#3051,#3052,#3053,#3054),.UNSPECIFIED.,.F.,.F.)
B_SPLINE_CURVE_WITH_KNOTS((6,1,1,1,1,1,1,1,1,1,6),(-1.,-0.9,-0.8,-0.7,-0.6,
-0.5,-0.4,-0.3,-0.2,-0.1,0.),.UNSPECIFIED.)
CURVE()
GEOMETRIC_REPRESENTATION_ITEM()
RATIONAL_B_SPLINE_CURVE((1.,1.,1.,1.,1.,1.,1.,1.,1.,1.,1.,1.,1.,1.,1.))
REPRESENTATION_ITEM('')
);
#902=(
BOUNDED_CURVE()
B_SPLINE_CURVE(5,(#3093,#3094,#3095,#3096,#3097,#3098,#3099,#3100,#3101,
#3102,#3103,#3104,#3105,#3106,#3107),.UNSPECIFIED.,.F.,.F.)
B_SPLINE_CURVE_WITH_KNOTS((6,1,1,1,1,1,1,1,1,1,6),(0.,0.1,0.2,0.3,0.4,0.5,
0.6,0.7,0.8,0.9,1.),.UNSPECIFIED.)
CURVE()
GEOMETRIC_REPRESENTATION_ITEM()
RATIONAL_B_SPLINE_CURVE((1.,1.,1.,1.,1.,1.,1.,1.,1.,1.,1.,1.,1.,1.,1.))
REPRESENTATION_ITEM('')
);
#903=(
BOUNDED_CURVE()
B_SPLINE_CURVE(5,(#3109,#3110,#3111,#3112,#3113,#3114,#3115,#3116,#3117,
#3118,#3119,#3120,#3121,#3122,#3123),.UNSPECIFIED.,.F.,.F.)
B_SPLINE_CURVE_WITH_KNOTS((6,1,1,1,1,1,1,1,1,1,6),(-1.,-0.9,-0.8,-0.7,-0.6,
-0.5,-0.4,-0.3,-0.2,-0.1,0.),.UNSPECIFIED.)
CURVE()
GEOMETRIC_REPRESENTATION_ITEM()
RATIONAL_B_SPLINE_CURVE((1.,1.,1.,1.,1.,1.,1.,1.,1.,1.,1.,1.,1.,1.,1.))
REPRESENTATION_ITEM('')
);
#904=VERTEX_POINT('',#2882);
#905=VERTEX_POINT('',#2883);
#906=VERTEX_POINT('',#2899);
#907=VERTEX_POINT('',#2901);
#908=VERTEX_POINT('',#2919);
#909=VERTEX_POINT('',#2921);
#910=VERTEX_POINT('',#2954);
#911=VERTEX_POINT('',#2970);
#912=VERTEX_POINT('',#2988);
#913=VERTEX_POINT('',#2990);
#914=VERTEX_POINT('',#3023);
#915=VERTEX_POINT('',#3039);
#916=VERTEX_POINT('',#3057);
#917=VERTEX_POINT('',#3059);
#918=VERTEX_POINT('',#3092);
#919=VERTEX_POINT('',#3108);
#920=VERTEX_POINT('',#3126);
#921=VERTEX_POINT('',#3128);
#922=VERTEX_POINT('',#3132);
#923=VERTEX_POINT('',#3134);
#924=VERTEX_POINT('',#3136);
#925=VERTEX_POINT('',#3138);
#926=VERTEX_POINT('',#3140);
#927=VERTEX_POINT('',#3142);
#928=VERTEX_POINT('',#3144);
#929=VERTEX_POINT('',#3146);
#930=VERTEX_POINT('',#3148);
#931=VERTEX_POINT('',#3151);
#932=VERTEX_POINT('',#3153);
#933=VERTEX_POINT('',#3155);
#934=VERTEX_POINT('',#3157);
#935=VERTEX_POINT('',#3159);
#936=VERTEX_POINT('',#3161);
#937=VERTEX_POINT('',#3162);
#938=VERTEX_POINT('',#3164);
#939=VERTEX_POINT('',#3166);
#940=VERTEX_POINT('',#3169);
#941=VERTEX_POINT('',#3170);
#942=VERTEX_POINT('',#3172);
#943=VERTEX_POINT('',#3174);
#944=VERTEX_POINT('',#3177);
#945=VERTEX_POINT('',#3178);
#946=VERTEX_POINT('',#3180);
#947=VERTEX_POINT('',#3182);
#948=VERTEX_POINT('',#3186);
#949=VERTEX_POINT('',#3188);
#950=VERTEX_POINT('',#3192);
#951=VERTEX_POINT('',#3196);
#952=VERTEX_POINT('',#3198);
#953=VERTEX_POINT('',#3202);
#954=VERTEX_POINT('',#3206);
#955=VERTEX_POINT('',#3208);
#956=VERTEX_POINT('',#3212);
#957=VERTEX_POINT('',#3216);
#958=VERTEX_POINT('',#3220);
#959=VERTEX_POINT('',#3224);
#960=VERTEX_POINT('',#3228);
#961=VERTEX_POINT('',#3232);
#962=VERTEX_POINT('',#3236);
#963=VERTEX_POINT('',#3242);
#964=VERTEX_POINT('',#3246);
#965=VERTEX_POINT('',#3250);
#966=VERTEX_POINT('',#3254);
#967=VERTEX_POINT('',#3258);
#968=VERTEX_POINT('',#3262);
#969=VERTEX_POINT('',#3264);
#970=VERTEX_POINT('',#3266);
#971=VERTEX_POINT('',#3268);
#972=VERTEX_POINT('',#3271);
#973=VERTEX_POINT('',#3274);
#974=VERTEX_POINT('',#3282);
#975=VERTEX_POINT('',#3283);
#976=VERTEX_POINT('',#3303);
#977=VERTEX_POINT('',#3305);
#978=VERTEX_POINT('',#3327);
#979=VERTEX_POINT('',#3329);
#980=VERTEX_POINT('',#3333);
#981=VERTEX_POINT('',#3335);
#982=VERTEX_POINT('',#3385);
#983=VERTEX_POINT('',#3388);
#984=VERTEX_POINT('',#3389);
#985=VERTEX_POINT('',#3409);
#986=VERTEX_POINT('',#3411);
#987=VERTEX_POINT('',#3431);
#988=VERTEX_POINT('',#3432);
#989=VERTEX_POINT('',#3452);
#990=VERTEX_POINT('',#3454);
#991=VERTEX_POINT('',#3474);
#992=VERTEX_POINT('',#3475);
#993=VERTEX_POINT('',#3495);
#994=VERTEX_POINT('',#3497);
#995=VERTEX_POINT('',#3518);
#996=VERTEX_POINT('',#3520);
#997=VERTEX_POINT('',#3524);
#998=VERTEX_POINT('',#3526);
#999=VERTEX_POINT('',#3530);
#1000=VERTEX_POINT('',#3531);
#1001=VERTEX_POINT('',#3533);
#1002=VERTEX_POINT('',#3535);
#1003=VERTEX_POINT('',#3539);
#1004=VERTEX_POINT('',#3540);
#1005=VERTEX_POINT('',#3542);
#1006=VERTEX_POINT('',#3544);
#1007=VERTEX_POINT('',#3548);
#1008=VERTEX_POINT('',#3550);
#1009=VERTEX_POINT('',#3552);
#1010=VERTEX_POINT('',#3557);
#1011=VERTEX_POINT('',#3561);
#1012=VERTEX_POINT('',#3563);
#1013=VERTEX_POINT('',#3567);
#1014=VERTEX_POINT('',#3571);
#1015=VERTEX_POINT('',#3575);
#1016=VERTEX_POINT('',#3577);
#1017=VERTEX_POINT('',#3581);
#1018=VERTEX_POINT('',#3587);
#1019=VERTEX_POINT('',#3588);
#1020=VERTEX_POINT('',#3590);
#1021=VERTEX_POINT('',#3592);
#1022=VERTEX_POINT('',#3594);
#1023=VERTEX_POINT('',#3598);
#1024=VERTEX_POINT('',#3599);
#1025=VERTEX_POINT('',#3602);
#1026=VERTEX_POINT('',#3604);
#1027=VERTEX_POINT('',#3606);
#1028=VERTEX_POINT('',#3608);
#1029=VERTEX_POINT('',#3611);
#1030=VERTEX_POINT('',#3613);
#1031=VERTEX_POINT('',#3615);
#1032=VERTEX_POINT('',#3617);
#1033=VERTEX_POINT('',#3620);
#1034=VERTEX_POINT('',#3622);
#1035=VERTEX_POINT('',#3624);
#1036=VERTEX_POINT('',#3626);
#1037=VERTEX_POINT('',#3628);
#1038=VERTEX_POINT('',#3630);
#1039=VERTEX_POINT('',#3633);
#1040=VERTEX_POINT('',#3637);
#1041=VERTEX_POINT('',#3641);
#1042=VERTEX_POINT('',#3642);
#1043=VERTEX_POINT('',#3644);
#1044=VERTEX_POINT('',#3646);
#1045=VERTEX_POINT('',#3650);
#1046=VERTEX_POINT('',#3651);
#1047=VERTEX_POINT('',#3653);
#1048=VERTEX_POINT('',#3655);
#1049=VERTEX_POINT('',#3660);
#1050=VERTEX_POINT('',#3667);
#1051=VERTEX_POINT('',#3671);
#1052=VERTEX_POINT('',#3675);
#1053=VERTEX_POINT('',#3679);
#1054=VERTEX_POINT('',#3683);
#1055=VERTEX_POINT('',#3689);
#1056=VERTEX_POINT('',#3690);
#1057=VERTEX_POINT('',#3692);
#1058=VERTEX_POINT('',#3694);
#1059=VERTEX_POINT('',#3698);
#1060=VERTEX_POINT('',#3700);
#1061=VERTEX_POINT('',#3702);
#1062=VERTEX_POINT('',#3706);
#1063=VERTEX_POINT('',#3710);
#1064=VERTEX_POINT('',#3714);
#1065=VERTEX_POINT('',#3715);
#1066=VERTEX_POINT('',#3720);
#1067=VERTEX_POINT('',#3721);
#1068=VERTEX_POINT('',#3723);
#1069=VERTEX_POINT('',#3725);
#1070=VERTEX_POINT('',#3730);
#1071=VERTEX_POINT('',#3736);
#1072=VERTEX_POINT('',#3740);
#1073=VERTEX_POINT('',#3744);
#1074=VERTEX_POINT('',#3748);
#1075=VERTEX_POINT('',#3754);
#1076=VERTEX_POINT('',#3758);
#1077=VERTEX_POINT('',#3765);
#1078=VERTEX_POINT('',#3766);
#1079=VERTEX_POINT('',#3768);
#1080=VERTEX_POINT('',#3770);
#1081=VERTEX_POINT('',#3775);
#1082=VERTEX_POINT('',#3783);
#1083=VERTEX_POINT('',#3786);
#1084=VERTEX_POINT('',#3788);
#1085=VERTEX_POINT('',#3791);
#1086=VERTEX_POINT('',#3792);
#1087=VERTEX_POINT('',#3812);
#1088=VERTEX_POINT('',#3814);
#1089=VERTEX_POINT('',#3834);
#1090=VERTEX_POINT('',#3835);
#1091=VERTEX_POINT('',#3855);
#1092=VERTEX_POINT('',#3857);
#1093=VERTEX_POINT('',#3877);
#1094=VERTEX_POINT('',#3878);
#1095=VERTEX_POINT('',#3898);
#1096=VERTEX_POINT('',#3900);
#1097=EDGE_CURVE('',#904,#905,#896,.T.);
#1098=EDGE_CURVE('',#906,#905,#534,.T.);
#1099=EDGE_CURVE('',#907,#906,#897,.T.);
#1100=EDGE_CURVE('',#904,#907,#535,.T.);
#1101=EDGE_CURVE('',#904,#908,#536,.T.);
#1102=EDGE_CURVE('',#909,#907,#537,.T.);
#1103=EDGE_CURVE('',#908,#909,#538,.T.);
#1104=EDGE_CURVE('',#910,#908,#898,.T.);
#1105=EDGE_CURVE('',#911,#909,#899,.T.);
#1106=EDGE_CURVE('',#910,#911,#539,.T.);
#1107=EDGE_CURVE('',#910,#912,#540,.T.);
#1108=EDGE_CURVE('',#913,#911,#541,.T.);
#1109=EDGE_CURVE('',#912,#913,#542,.T.);
#1110=EDGE_CURVE('',#912,#914,#900,.T.);
#1111=EDGE_CURVE('',#915,#913,#901,.T.);
#1112=EDGE_CURVE('',#914,#915,#543,.T.);
#1113=EDGE_CURVE('',#914,#916,#544,.T.);
#1114=EDGE_CURVE('',#917,#915,#545,.T.);
#1115=EDGE_CURVE('',#916,#917,#546,.T.);
#1116=EDGE_CURVE('',#916,#918,#902,.T.);
#1117=EDGE_CURVE('',#919,#917,#903,.T.);
#1118=EDGE_CURVE('',#918,#919,#547,.T.);
#1119=EDGE_CURVE('',#920,#905,#548,.T.);
#1120=EDGE_CURVE('',#921,#920,#549,.T.);
#1121=EDGE_CURVE('',#921,#906,#550,.T.);
#1122=EDGE_CURVE('',#922,#922,#121,.T.);
#1123=EDGE_CURVE('',#923,#923,#122,.T.);
#1124=EDGE_CURVE('',#924,#924,#123,.T.);
#1125=EDGE_CURVE('',#925,#925,#124,.T.);
#1126=EDGE_CURVE('',#926,#926,#125,.T.);
#1127=EDGE_CURVE('',#927,#927,#126,.T.);
#1128=EDGE_CURVE('',#928,#921,#127,.T.);
#1129=EDGE_CURVE('',#929,#928,#551,.T.);
#1130=EDGE_CURVE('',#930,#929,#128,.T.);
#1131=EDGE_CURVE('',#919,#930,#552,.T.);
#1132=EDGE_CURVE('',#931,#931,#129,.T.);
#1133=EDGE_CURVE('',#932,#932,#130,.T.);
#1134=EDGE_CURVE('',#933,#933,#131,.T.);
#1135=EDGE_CURVE('',#934,#934,#132,.T.);
#1136=EDGE_CURVE('',#935,#935,#133,.T.);
#1137=EDGE_CURVE('',#936,#937,#134,.T.);
#1138=EDGE_CURVE('',#938,#936,#553,.T.);
#1139=EDGE_CURVE('',#939,#938,#135,.T.);
#1140=EDGE_CURVE('',#937,#939,#554,.T.);
#1141=EDGE_CURVE('',#940,#941,#136,.T.);
#1142=EDGE_CURVE('',#942,#940,#555,.T.);
#1143=EDGE_CURVE('',#943,#942,#137,.T.);
#1144=EDGE_CURVE('',#941,#943,#556,.T.);
#1145=EDGE_CURVE('',#944,#945,#138,.T.);
#1146=EDGE_CURVE('',#946,#944,#557,.T.);
#1147=EDGE_CURVE('',#947,#946,#139,.T.);
#1148=EDGE_CURVE('',#945,#947,#558,.T.);
#1149=EDGE_CURVE('',#948,#946,#559,.T.);
#1150=EDGE_CURVE('',#949,#948,#140,.T.);
#1151=EDGE_CURVE('',#949,#947,#560,.T.);
#1152=EDGE_CURVE('',#950,#944,#561,.T.);
#1153=EDGE_CURVE('',#948,#950,#562,.T.);
#1154=EDGE_CURVE('',#951,#942,#563,.T.);
#1155=EDGE_CURVE('',#952,#951,#141,.T.);
#1156=EDGE_CURVE('',#952,#943,#564,.T.);
#1157=EDGE_CURVE('',#953,#940,#565,.T.);
#1158=EDGE_CURVE('',#951,#953,#566,.T.);
#1159=EDGE_CURVE('',#954,#938,#567,.T.);
#1160=EDGE_CURVE('',#955,#954,#142,.T.);
#1161=EDGE_CURVE('',#955,#939,#568,.T.);
#1162=EDGE_CURVE('',#956,#936,#569,.T.);
#1163=EDGE_CURVE('',#954,#956,#570,.T.);
#1164=EDGE_CURVE('',#933,#957,#571,.T.);
#1165=EDGE_CURVE('',#957,#957,#143,.T.);
#1166=EDGE_CURVE('',#932,#958,#572,.T.);
#1167=EDGE_CURVE('',#958,#958,#144,.T.);
#1168=EDGE_CURVE('',#931,#959,#573,.T.);
#1169=EDGE_CURVE('',#959,#959,#145,.T.);
#1170=EDGE_CURVE('',#960,#930,#574,.T.);
#1171=EDGE_CURVE('',#918,#960,#575,.T.);
#1172=EDGE_CURVE('',#929,#961,#576,.T.);
#1173=EDGE_CURVE('',#960,#961,#146,.T.);
#1174=EDGE_CURVE('',#962,#928,#577,.T.);
#1175=EDGE_CURVE('',#961,#962,#578,.T.);
#1176=EDGE_CURVE('',#962,#920,#147,.T.);
#1177=EDGE_CURVE('',#927,#963,#579,.T.);
#1178=EDGE_CURVE('',#963,#963,#148,.T.);
#1179=EDGE_CURVE('',#926,#964,#580,.T.);
#1180=EDGE_CURVE('',#964,#964,#149,.T.);
#1181=EDGE_CURVE('',#925,#965,#581,.T.);
#1182=EDGE_CURVE('',#965,#965,#150,.T.);
#1183=EDGE_CURVE('',#934,#966,#582,.T.);
#1184=EDGE_CURVE('',#966,#966,#151,.T.);
#1185=EDGE_CURVE('',#923,#967,#583,.T.);
#1186=EDGE_CURVE('',#967,#967,#152,.T.);
#1187=EDGE_CURVE('',#968,#968,#153,.T.);
#1188=EDGE_CURVE('',#969,#969,#154,.T.);
#1189=EDGE_CURVE('',#970,#970,#155,.T.);
#1190=EDGE_CURVE('',#971,#949,#584,.T.);
#1191=EDGE_CURVE('',#950,#971,#156,.T.);
#1192=EDGE_CURVE('',#972,#952,#585,.T.);
#1193=EDGE_CURVE('',#953,#972,#157,.T.);
#1194=EDGE_CURVE('',#973,#955,#586,.T.);
#1195=EDGE_CURVE('',#956,#973,#158,.T.);
#1196=EDGE_CURVE('',#935,#969,#587,.T.);
#1197=EDGE_CURVE('',#924,#970,#588,.T.);
#1198=EDGE_CURVE('',#974,#975,#16,.T.);
#1199=EDGE_CURVE('',#976,#974,#589,.T.);
#1200=EDGE_CURVE('',#977,#976,#17,.T.);
#1201=EDGE_CURVE('',#977,#975,#590,.T.);
#1202=EDGE_CURVE('',#978,#974,#159,.T.);
#1203=EDGE_CURVE('',#979,#978,#591,.T.);
#1204=EDGE_CURVE('',#976,#979,#160,.T.);
#1205=EDGE_CURVE('',#975,#980,#161,.T.);
#1206=EDGE_CURVE('',#981,#977,#162,.T.);
#1207=EDGE_CURVE('',#981,#980,#592,.T.);
#1208=EDGE_CURVE('',#980,#978,#18,.T.);
#1209=EDGE_CURVE('',#979,#981,#19,.T.);
#1210=EDGE_CURVE('',#971,#945,#593,.T.);
#1211=EDGE_CURVE('',#972,#941,#594,.T.);
#1212=EDGE_CURVE('',#973,#937,#595,.T.);
#1213=EDGE_CURVE('',#982,#982,#163,.T.);
#1214=EDGE_CURVE('',#982,#922,#596,.T.);
#1215=EDGE_CURVE('',#983,#984,#20,.T.);
#1216=EDGE_CURVE('',#984,#985,#164,.T.);
#1217=EDGE_CURVE('',#985,#986,#21,.T.);
#1218=EDGE_CURVE('',#986,#983,#165,.T.);
#1219=EDGE_CURVE('',#987,#988,#22,.T.);
#1220=EDGE_CURVE('',#988,#989,#166,.T.);
#1221=EDGE_CURVE('',#989,#990,#23,.T.);
#1222=EDGE_CURVE('',#990,#987,#167,.T.);
#1223=EDGE_CURVE('',#991,#992,#24,.T.);
#1224=EDGE_CURVE('',#992,#993,#168,.T.);
#1225=EDGE_CURVE('',#993,#994,#25,.T.);
#1226=EDGE_CURVE('',#994,#991,#169,.T.);
#1227=EDGE_CURVE('',#995,#995,#170,.F.);
#1228=EDGE_CURVE('',#995,#996,#597,.T.);
#1229=EDGE_CURVE('',#996,#996,#171,.T.);
#1230=EDGE_CURVE('',#997,#997,#172,.F.);
#1231=EDGE_CURVE('',#997,#998,#598,.T.);
#1232=EDGE_CURVE('',#998,#998,#173,.T.);
#1233=EDGE_CURVE('',#999,#1000,#599,.T.);
#1234=EDGE_CURVE('',#1001,#999,#600,.T.);
#1235=EDGE_CURVE('',#1002,#1001,#601,.T.);
#1236=EDGE_CURVE('',#1000,#1002,#602,.T.);
#1237=EDGE_CURVE('',#1003,#1004,#603,.T.);
#1238=EDGE_CURVE('',#1005,#1003,#604,.T.);
#1239=EDGE_CURVE('',#1006,#1005,#605,.T.);
#1240=EDGE_CURVE('',#1004,#1006,#606,.T.);
#1241=EDGE_CURVE('',#1007,#1004,#607,.T.);
#1242=EDGE_CURVE('',#1007,#1008,#608,.T.);
#1243=EDGE_CURVE('',#1009,#1008,#609,.T.);
#1244=EDGE_CURVE('',#1003,#1009,#610,.T.);
#1245=EDGE_CURVE('',#1000,#1006,#611,.T.);
#1246=EDGE_CURVE('',#1010,#1002,#612,.T.);
#1247=EDGE_CURVE('',#1010,#1007,#613,.T.);
#1248=EDGE_CURVE('',#1011,#1001,#614,.T.);
#1249=EDGE_CURVE('',#1012,#1011,#615,.T.);
#1250=EDGE_CURVE('',#1010,#1012,#616,.T.);
#1251=EDGE_CURVE('',#999,#1013,#617,.T.);
#1252=EDGE_CURVE('',#1011,#1013,#174,.T.);
#1253=EDGE_CURVE('',#1014,#1000,#618,.T.);
#1254=EDGE_CURVE('',#1013,#1014,#619,.T.);
#1255=EDGE_CURVE('',#1006,#1015,#620,.T.);
#1256=EDGE_CURVE('',#1016,#1015,#175,.T.);
#1257=EDGE_CURVE('',#1014,#1016,#176,.T.);
#1258=EDGE_CURVE('',#1017,#1005,#621,.T.);
#1259=EDGE_CURVE('',#1015,#1017,#622,.T.);
#1260=EDGE_CURVE('',#1017,#1009,#177,.T.);
#1261=EDGE_CURVE('',#1018,#1019,#623,.T.);
#1262=EDGE_CURVE('',#1018,#1020,#624,.T.);
#1263=EDGE_CURVE('',#1020,#1021,#625,.T.);
#1264=EDGE_CURVE('',#1022,#1021,#626,.T.);
#1265=EDGE_CURVE('',#1019,#1022,#627,.T.);
#1266=EDGE_CURVE('',#1023,#1024,#628,.T.);
#1267=EDGE_CURVE('',#1018,#1023,#629,.T.);
#1268=EDGE_CURVE('',#1019,#1025,#178,.T.);
#1269=EDGE_CURVE('',#1026,#1025,#630,.T.);
#1270=EDGE_CURVE('',#1027,#1026,#631,.T.);
#1271=EDGE_CURVE('',#1027,#1028,#632,.T.);
#1272=EDGE_CURVE('',#1028,#1008,#179,.T.);
#1273=EDGE_CURVE('',#1012,#1029,#180,.T.);
#1274=EDGE_CURVE('',#1030,#1029,#633,.T.);
#1275=EDGE_CURVE('',#1031,#1030,#634,.T.);
#1276=EDGE_CURVE('',#1031,#1032,#635,.T.);
#1277=EDGE_CURVE('',#1032,#1024,#181,.T.);
#1278=EDGE_CURVE('',#1033,#1033,#182,.T.);
#1279=EDGE_CURVE('',#1034,#1034,#183,.T.);
#1280=EDGE_CURVE('',#1035,#1035,#184,.T.);
#1281=EDGE_CURVE('',#1036,#1036,#185,.T.);
#1282=EDGE_CURVE('',#1037,#1037,#186,.T.);
#1283=EDGE_CURVE('',#1038,#1038,#187,.T.);
#1284=EDGE_CURVE('',#1039,#1039,#188,.F.);
#1285=EDGE_CURVE('',#1039,#1036,#636,.T.);
#1286=EDGE_CURVE('',#1040,#1040,#189,.F.);
#1287=EDGE_CURVE('',#1040,#1035,#637,.T.);
#1288=EDGE_CURVE('',#1041,#1042,#638,.T.);
#1289=EDGE_CURVE('',#1043,#1041,#639,.T.);
#1290=EDGE_CURVE('',#1044,#1043,#640,.T.);
#1291=EDGE_CURVE('',#1042,#1044,#641,.T.);
#1292=EDGE_CURVE('',#1045,#1046,#642,.T.);
#1293=EDGE_CURVE('',#1047,#1045,#643,.T.);
#1294=EDGE_CURVE('',#1048,#1047,#644,.T.);
#1295=EDGE_CURVE('',#1046,#1048,#645,.T.);
#1296=EDGE_CURVE('',#1030,#1046,#646,.T.);
#1297=EDGE_CURVE('',#1049,#1029,#647,.T.);
#1298=EDGE_CURVE('',#1045,#1049,#648,.T.);
#1299=EDGE_CURVE('',#1042,#1048,#649,.T.);
#1300=EDGE_CURVE('',#1031,#1044,#650,.T.);
#1301=EDGE_CURVE('',#1050,#1043,#651,.T.);
#1302=EDGE_CURVE('',#1032,#1050,#652,.T.);
#1303=EDGE_CURVE('',#1041,#1051,#653,.T.);
#1304=EDGE_CURVE('',#1050,#1051,#190,.T.);
#1305=EDGE_CURVE('',#1052,#1042,#654,.T.);
#1306=EDGE_CURVE('',#1051,#1052,#655,.T.);
#1307=EDGE_CURVE('',#1048,#1053,#656,.T.);
#1308=EDGE_CURVE('',#1052,#1053,#191,.T.);
#1309=EDGE_CURVE('',#1054,#1047,#657,.T.);
#1310=EDGE_CURVE('',#1053,#1054,#658,.T.);
#1311=EDGE_CURVE('',#1054,#1049,#192,.T.);
#1312=EDGE_CURVE('',#1055,#1056,#659,.T.);
#1313=EDGE_CURVE('',#1057,#1056,#660,.T.);
#1314=EDGE_CURVE('',#1058,#1057,#661,.T.);
#1315=EDGE_CURVE('',#1055,#1058,#662,.T.);
#1316=EDGE_CURVE('',#1027,#1059,#663,.T.);
#1317=EDGE_CURVE('',#1059,#1060,#664,.T.);
#1318=EDGE_CURVE('',#1061,#1060,#665,.T.);
#1319=EDGE_CURVE('',#1028,#1061,#666,.T.);
#1320=EDGE_CURVE('',#1062,#1062,#193,.F.);
#1321=EDGE_CURVE('',#1062,#1033,#667,.T.);
#1322=EDGE_CURVE('',#1063,#1063,#194,.F.);
#1323=EDGE_CURVE('',#1063,#1034,#668,.T.);
#1324=EDGE_CURVE('',#1064,#1065,#669,.T.);
#1325=EDGE_CURVE('',#1021,#1064,#670,.T.);
#1326=EDGE_CURVE('',#1065,#1020,#671,.T.);
#1327=EDGE_CURVE('',#1066,#1067,#672,.T.);
#1328=EDGE_CURVE('',#1068,#1066,#673,.T.);
#1329=EDGE_CURVE('',#1069,#1068,#674,.T.);
#1330=EDGE_CURVE('',#1067,#1069,#675,.T.);
#1331=EDGE_CURVE('',#1023,#1067,#676,.T.);
#1332=EDGE_CURVE('',#1070,#1024,#677,.T.);
#1333=EDGE_CURVE('',#1066,#1070,#678,.T.);
#1334=EDGE_CURVE('',#1065,#1069,#679,.T.);
#1335=EDGE_CURVE('',#1064,#1071,#680,.T.);
#1336=EDGE_CURVE('',#1022,#1071,#195,.T.);
#1337=EDGE_CURVE('',#1072,#1065,#681,.T.);
#1338=EDGE_CURVE('',#1071,#1072,#682,.T.);
#1339=EDGE_CURVE('',#1069,#1073,#683,.T.);
#1340=EDGE_CURVE('',#1072,#1073,#196,.T.);
#1341=EDGE_CURVE('',#1074,#1068,#684,.T.);
#1342=EDGE_CURVE('',#1073,#1074,#685,.T.);
#1343=EDGE_CURVE('',#1074,#1070,#197,.T.);
#1344=EDGE_CURVE('',#1075,#1075,#198,.F.);
#1345=EDGE_CURVE('',#1075,#1038,#686,.T.);
#1346=EDGE_CURVE('',#1076,#1076,#199,.F.);
#1347=EDGE_CURVE('',#1076,#1037,#687,.T.);
#1348=EDGE_CURVE('',#1060,#1055,#688,.T.);
#1349=EDGE_CURVE('',#1056,#1059,#689,.T.);
#1350=EDGE_CURVE('',#1077,#1078,#690,.T.);
#1351=EDGE_CURVE('',#1079,#1077,#691,.T.);
#1352=EDGE_CURVE('',#1080,#1079,#692,.T.);
#1353=EDGE_CURVE('',#1078,#1080,#693,.T.);
#1354=EDGE_CURVE('',#1026,#1078,#694,.T.);
#1355=EDGE_CURVE('',#1081,#1025,#695,.T.);
#1356=EDGE_CURVE('',#1077,#1081,#696,.T.);
#1357=EDGE_CURVE('',#1056,#1080,#697,.T.);
#1358=EDGE_CURVE('',#1061,#1058,#200,.T.);
#1359=EDGE_CURVE('',#1082,#1082,#201,.T.);
#1360=EDGE_CURVE('',#1082,#1016,#698,.T.);
#1361=EDGE_CURVE('',#1057,#1083,#202,.T.);
#1362=EDGE_CURVE('',#1083,#1084,#699,.T.);
#1363=EDGE_CURVE('',#1084,#1081,#203,.T.);
#1364=EDGE_CURVE('',#1085,#1086,#26,.T.);
#1365=EDGE_CURVE('',#1086,#1087,#204,.T.);
#1366=EDGE_CURVE('',#1087,#1088,#27,.T.);
#1367=EDGE_CURVE('',#1088,#1085,#205,.T.);
#1368=EDGE_CURVE('',#1089,#1090,#28,.T.);
#1369=EDGE_CURVE('',#1090,#1091,#206,.T.);
#1370=EDGE_CURVE('',#1091,#1092,#29,.T.);
#1371=EDGE_CURVE('',#1092,#1089,#207,.T.);
#1372=EDGE_CURVE('',#1093,#1094,#30,.T.);
#1373=EDGE_CURVE('',#1094,#1095,#208,.T.);
#1374=EDGE_CURVE('',#1095,#1096,#31,.T.);
#1375=EDGE_CURVE('',#1096,#1093,#209,.T.);
#1376=EDGE_CURVE('',#1080,#1083,#700,.T.);
#1377=EDGE_CURVE('',#1084,#1079,#701,.T.);
#1378=EDGE_CURVE('',#968,#1082,#702,.T.);
#1379=EDGE_CURVE('',#1094,#991,#703,.T.);
#1380=EDGE_CURVE('',#1093,#992,#704,.T.);
#1381=EDGE_CURVE('',#1095,#994,#705,.T.);
#1382=EDGE_CURVE('',#1096,#993,#706,.T.);
#1383=EDGE_CURVE('',#1090,#987,#707,.T.);
#1384=EDGE_CURVE('',#1089,#988,#708,.T.);
#1385=EDGE_CURVE('',#1091,#990,#709,.T.);
#1386=EDGE_CURVE('',#1092,#989,#710,.T.);
#1387=EDGE_CURVE('',#1086,#983,#711,.T.);
#1388=EDGE_CURVE('',#1085,#984,#712,.T.);
#1389=EDGE_CURVE('',#1087,#986,#713,.T.);
#1390=EDGE_CURVE('',#1088,#985,#714,.T.);
#1391=ORIENTED_EDGE('',*,*,#1097,.T.);
#1392=ORIENTED_EDGE('',*,*,#1098,.F.);
#1393=ORIENTED_EDGE('',*,*,#1099,.F.);
#1394=ORIENTED_EDGE('',*,*,#1100,.F.);
#1395=ORIENTED_EDGE('',*,*,#1101,.F.);
#1396=ORIENTED_EDGE('',*,*,#1100,.T.);
#1397=ORIENTED_EDGE('',*,*,#1102,.F.);
#1398=ORIENTED_EDGE('',*,*,#1103,.F.);
#1399=ORIENTED_EDGE('',*,*,#1104,.T.);
#1400=ORIENTED_EDGE('',*,*,#1103,.T.);
#1401=ORIENTED_EDGE('',*,*,#1105,.F.);
#1402=ORIENTED_EDGE('',*,*,#1106,.F.);
#1403=ORIENTED_EDGE('',*,*,#1107,.F.);
#1404=ORIENTED_EDGE('',*,*,#1106,.T.);
#1405=ORIENTED_EDGE('',*,*,#1108,.F.);
#1406=ORIENTED_EDGE('',*,*,#1109,.F.);
#1407=ORIENTED_EDGE('',*,*,#1110,.F.);
#1408=ORIENTED_EDGE('',*,*,#1109,.T.);
#1409=ORIENTED_EDGE('',*,*,#1111,.F.);
#1410=ORIENTED_EDGE('',*,*,#1112,.F.);
#1411=ORIENTED_EDGE('',*,*,#1113,.F.);
#1412=ORIENTED_EDGE('',*,*,#1112,.T.);
#1413=ORIENTED_EDGE('',*,*,#1114,.F.);
#1414=ORIENTED_EDGE('',*,*,#1115,.F.);
#1415=ORIENTED_EDGE('',*,*,#1116,.F.);
#1416=ORIENTED_EDGE('',*,*,#1115,.T.);
#1417=ORIENTED_EDGE('',*,*,#1117,.F.);
#1418=ORIENTED_EDGE('',*,*,#1118,.F.);
#1419=ORIENTED_EDGE('',*,*,#1098,.T.);
#1420=ORIENTED_EDGE('',*,*,#1119,.F.);
#1421=ORIENTED_EDGE('',*,*,#1120,.F.);
#1422=ORIENTED_EDGE('',*,*,#1121,.T.);
#1423=ORIENTED_EDGE('',*,*,#1122,.T.);
#1424=ORIENTED_EDGE('',*,*,#1123,.T.);
#1425=ORIENTED_EDGE('',*,*,#1124,.T.);
#1426=ORIENTED_EDGE('',*,*,#1125,.F.);
#1427=ORIENTED_EDGE('',*,*,#1126,.F.);
#1428=ORIENTED_EDGE('',*,*,#1127,.F.);
#1429=ORIENTED_EDGE('',*,*,#1121,.F.);
#1430=ORIENTED_EDGE('',*,*,#1128,.F.);
#1431=ORIENTED_EDGE('',*,*,#1129,.F.);
#1432=ORIENTED_EDGE('',*,*,#1130,.F.);
#1433=ORIENTED_EDGE('',*,*,#1131,.F.);
#1434=ORIENTED_EDGE('',*,*,#1117,.T.);
#1435=ORIENTED_EDGE('',*,*,#1114,.T.);
#1436=ORIENTED_EDGE('',*,*,#1111,.T.);
#1437=ORIENTED_EDGE('',*,*,#1108,.T.);
#1438=ORIENTED_EDGE('',*,*,#1105,.T.);
#1439=ORIENTED_EDGE('',*,*,#1102,.T.);
#1440=ORIENTED_EDGE('',*,*,#1099,.T.);
#1441=ORIENTED_EDGE('',*,*,#1132,.T.);
#1442=ORIENTED_EDGE('',*,*,#1133,.F.);
#1443=ORIENTED_EDGE('',*,*,#1134,.F.);
#1444=ORIENTED_EDGE('',*,*,#1135,.T.);
#1445=ORIENTED_EDGE('',*,*,#1136,.T.);
#1446=ORIENTED_EDGE('',*,*,#1137,.F.);
#1447=ORIENTED_EDGE('',*,*,#1138,.F.);
#1448=ORIENTED_EDGE('',*,*,#1139,.F.);
#1449=ORIENTED_EDGE('',*,*,#1140,.F.);
#1450=ORIENTED_EDGE('',*,*,#1141,.F.);
#1451=ORIENTED_EDGE('',*,*,#1142,.F.);
#1452=ORIENTED_EDGE('',*,*,#1143,.F.);
#1453=ORIENTED_EDGE('',*,*,#1144,.F.);
#1454=ORIENTED_EDGE('',*,*,#1145,.F.);
#1455=ORIENTED_EDGE('',*,*,#1146,.F.);
#1456=ORIENTED_EDGE('',*,*,#1147,.F.);
#1457=ORIENTED_EDGE('',*,*,#1148,.F.);
#1458=ORIENTED_EDGE('',*,*,#1147,.T.);
#1459=ORIENTED_EDGE('',*,*,#1149,.F.);
#1460=ORIENTED_EDGE('',*,*,#1150,.F.);
#1461=ORIENTED_EDGE('',*,*,#1151,.T.);
#1462=ORIENTED_EDGE('',*,*,#1146,.T.);
#1463=ORIENTED_EDGE('',*,*,#1152,.F.);
#1464=ORIENTED_EDGE('',*,*,#1153,.F.);
#1465=ORIENTED_EDGE('',*,*,#1149,.T.);
#1466=ORIENTED_EDGE('',*,*,#1143,.T.);
#1467=ORIENTED_EDGE('',*,*,#1154,.F.);
#1468=ORIENTED_EDGE('',*,*,#1155,.F.);
#1469=ORIENTED_EDGE('',*,*,#1156,.T.);
#1470=ORIENTED_EDGE('',*,*,#1142,.T.);
#1471=ORIENTED_EDGE('',*,*,#1157,.F.);
#1472=ORIENTED_EDGE('',*,*,#1158,.F.);
#1473=ORIENTED_EDGE('',*,*,#1154,.T.);
#1474=ORIENTED_EDGE('',*,*,#1139,.T.);
#1475=ORIENTED_EDGE('',*,*,#1159,.F.);
#1476=ORIENTED_EDGE('',*,*,#1160,.F.);
#1477=ORIENTED_EDGE('',*,*,#1161,.T.);
#1478=ORIENTED_EDGE('',*,*,#1138,.T.);
#1479=ORIENTED_EDGE('',*,*,#1162,.F.);
#1480=ORIENTED_EDGE('',*,*,#1163,.F.);
#1481=ORIENTED_EDGE('',*,*,#1159,.T.);
#1482=ORIENTED_EDGE('',*,*,#1134,.T.);
#1483=ORIENTED_EDGE('',*,*,#1164,.T.);
#1484=ORIENTED_EDGE('',*,*,#1165,.F.);
#1485=ORIENTED_EDGE('',*,*,#1164,.F.);
#1486=ORIENTED_EDGE('',*,*,#1133,.T.);
#1487=ORIENTED_EDGE('',*,*,#1166,.T.);
#1488=ORIENTED_EDGE('',*,*,#1167,.F.);
#1489=ORIENTED_EDGE('',*,*,#1166,.F.);
#1490=ORIENTED_EDGE('',*,*,#1132,.F.);
#1491=ORIENTED_EDGE('',*,*,#1168,.T.);
#1492=ORIENTED_EDGE('',*,*,#1169,.T.);
#1493=ORIENTED_EDGE('',*,*,#1168,.F.);
#1494=ORIENTED_EDGE('',*,*,#1118,.T.);
#1495=ORIENTED_EDGE('',*,*,#1131,.T.);
#1496=ORIENTED_EDGE('',*,*,#1170,.F.);
#1497=ORIENTED_EDGE('',*,*,#1171,.F.);
#1498=ORIENTED_EDGE('',*,*,#1130,.T.);
#1499=ORIENTED_EDGE('',*,*,#1172,.T.);
#1500=ORIENTED_EDGE('',*,*,#1173,.F.);
#1501=ORIENTED_EDGE('',*,*,#1170,.T.);
#1502=ORIENTED_EDGE('',*,*,#1129,.T.);
#1503=ORIENTED_EDGE('',*,*,#1174,.F.);
#1504=ORIENTED_EDGE('',*,*,#1175,.F.);
#1505=ORIENTED_EDGE('',*,*,#1172,.F.);
#1506=ORIENTED_EDGE('',*,*,#1128,.T.);
#1507=ORIENTED_EDGE('',*,*,#1120,.T.);
#1508=ORIENTED_EDGE('',*,*,#1176,.F.);
#1509=ORIENTED_EDGE('',*,*,#1174,.T.);
#1510=ORIENTED_EDGE('',*,*,#1127,.T.);
#1511=ORIENTED_EDGE('',*,*,#1177,.T.);
#1512=ORIENTED_EDGE('',*,*,#1178,.F.);
#1513=ORIENTED_EDGE('',*,*,#1177,.F.);
#1514=ORIENTED_EDGE('',*,*,#1126,.T.);
#1515=ORIENTED_EDGE('',*,*,#1179,.T.);
#1516=ORIENTED_EDGE('',*,*,#1180,.F.);
#1517=ORIENTED_EDGE('',*,*,#1179,.F.);
#1518=ORIENTED_EDGE('',*,*,#1125,.T.);
#1519=ORIENTED_EDGE('',*,*,#1181,.T.);
#1520=ORIENTED_EDGE('',*,*,#1182,.F.);
#1521=ORIENTED_EDGE('',*,*,#1181,.F.);
#1522=ORIENTED_EDGE('',*,*,#1135,.F.);
#1523=ORIENTED_EDGE('',*,*,#1183,.T.);
#1524=ORIENTED_EDGE('',*,*,#1184,.F.);
#1525=ORIENTED_EDGE('',*,*,#1183,.F.);
#1526=ORIENTED_EDGE('',*,*,#1123,.F.);
#1527=ORIENTED_EDGE('',*,*,#1185,.T.);
#1528=ORIENTED_EDGE('',*,*,#1186,.F.);
#1529=ORIENTED_EDGE('',*,*,#1185,.F.);
#1530=ORIENTED_EDGE('',*,*,#1187,.F.);
#1531=ORIENTED_EDGE('',*,*,#1188,.T.);
#1532=ORIENTED_EDGE('',*,*,#1186,.T.);
#1533=ORIENTED_EDGE('',*,*,#1189,.T.);
#1534=ORIENTED_EDGE('',*,*,#1182,.T.);
#1535=ORIENTED_EDGE('',*,*,#1180,.T.);
#1536=ORIENTED_EDGE('',*,*,#1178,.T.);
#1537=ORIENTED_EDGE('',*,*,#1097,.F.);
#1538=ORIENTED_EDGE('',*,*,#1101,.T.);
#1539=ORIENTED_EDGE('',*,*,#1104,.F.);
#1540=ORIENTED_EDGE('',*,*,#1107,.T.);
#1541=ORIENTED_EDGE('',*,*,#1110,.T.);
#1542=ORIENTED_EDGE('',*,*,#1113,.T.);
#1543=ORIENTED_EDGE('',*,*,#1116,.T.);
#1544=ORIENTED_EDGE('',*,*,#1171,.T.);
#1545=ORIENTED_EDGE('',*,*,#1173,.T.);
#1546=ORIENTED_EDGE('',*,*,#1175,.T.);
#1547=ORIENTED_EDGE('',*,*,#1176,.T.);
#1548=ORIENTED_EDGE('',*,*,#1119,.T.);
#1549=ORIENTED_EDGE('',*,*,#1169,.F.);
#1550=ORIENTED_EDGE('',*,*,#1167,.T.);
#1551=ORIENTED_EDGE('',*,*,#1165,.T.);
#1552=ORIENTED_EDGE('',*,*,#1184,.T.);
#1553=ORIENTED_EDGE('',*,*,#1190,.T.);
#1554=ORIENTED_EDGE('',*,*,#1150,.T.);
#1555=ORIENTED_EDGE('',*,*,#1153,.T.);
#1556=ORIENTED_EDGE('',*,*,#1191,.T.);
#1557=ORIENTED_EDGE('',*,*,#1192,.T.);
#1558=ORIENTED_EDGE('',*,*,#1155,.T.);
#1559=ORIENTED_EDGE('',*,*,#1158,.T.);
#1560=ORIENTED_EDGE('',*,*,#1193,.T.);
#1561=ORIENTED_EDGE('',*,*,#1194,.T.);
#1562=ORIENTED_EDGE('',*,*,#1160,.T.);
#1563=ORIENTED_EDGE('',*,*,#1163,.T.);
#1564=ORIENTED_EDGE('',*,*,#1195,.T.);
#1565=ORIENTED_EDGE('',*,*,#1136,.F.);
#1566=ORIENTED_EDGE('',*,*,#1196,.T.);
#1567=ORIENTED_EDGE('',*,*,#1188,.F.);
#1568=ORIENTED_EDGE('',*,*,#1196,.F.);
#1569=ORIENTED_EDGE('',*,*,#1124,.F.);
#1570=ORIENTED_EDGE('',*,*,#1197,.T.);
#1571=ORIENTED_EDGE('',*,*,#1189,.F.);
#1572=ORIENTED_EDGE('',*,*,#1197,.F.);
#1573=ORIENTED_EDGE('',*,*,#1198,.F.);
#1574=ORIENTED_EDGE('',*,*,#1199,.F.);
#1575=ORIENTED_EDGE('',*,*,#1200,.F.);
#1576=ORIENTED_EDGE('',*,*,#1201,.T.);
#1577=ORIENTED_EDGE('',*,*,#1202,.F.);
#1578=ORIENTED_EDGE('',*,*,#1203,.F.);
#1579=ORIENTED_EDGE('',*,*,#1204,.F.);
#1580=ORIENTED_EDGE('',*,*,#1199,.T.);
#1581=ORIENTED_EDGE('',*,*,#1205,.F.);
#1582=ORIENTED_EDGE('',*,*,#1201,.F.);
#1583=ORIENTED_EDGE('',*,*,#1206,.F.);
#1584=ORIENTED_EDGE('',*,*,#1207,.T.);
#1585=ORIENTED_EDGE('',*,*,#1208,.F.);
#1586=ORIENTED_EDGE('',*,*,#1207,.F.);
#1587=ORIENTED_EDGE('',*,*,#1209,.F.);
#1588=ORIENTED_EDGE('',*,*,#1203,.T.);
#1589=ORIENTED_EDGE('',*,*,#1148,.T.);
#1590=ORIENTED_EDGE('',*,*,#1151,.F.);
#1591=ORIENTED_EDGE('',*,*,#1190,.F.);
#1592=ORIENTED_EDGE('',*,*,#1210,.T.);
#1593=ORIENTED_EDGE('',*,*,#1145,.T.);
#1594=ORIENTED_EDGE('',*,*,#1210,.F.);
#1595=ORIENTED_EDGE('',*,*,#1191,.F.);
#1596=ORIENTED_EDGE('',*,*,#1152,.T.);
#1597=ORIENTED_EDGE('',*,*,#1144,.T.);
#1598=ORIENTED_EDGE('',*,*,#1156,.F.);
#1599=ORIENTED_EDGE('',*,*,#1192,.F.);
#1600=ORIENTED_EDGE('',*,*,#1211,.T.);
#1601=ORIENTED_EDGE('',*,*,#1141,.T.);
#1602=ORIENTED_EDGE('',*,*,#1211,.F.);
#1603=ORIENTED_EDGE('',*,*,#1193,.F.);
#1604=ORIENTED_EDGE('',*,*,#1157,.T.);
#1605=ORIENTED_EDGE('',*,*,#1140,.T.);
#1606=ORIENTED_EDGE('',*,*,#1161,.F.);
#1607=ORIENTED_EDGE('',*,*,#1194,.F.);
#1608=ORIENTED_EDGE('',*,*,#1212,.T.);
#1609=ORIENTED_EDGE('',*,*,#1137,.T.);
#1610=ORIENTED_EDGE('',*,*,#1212,.F.);
#1611=ORIENTED_EDGE('',*,*,#1195,.F.);
#1612=ORIENTED_EDGE('',*,*,#1162,.T.);
#1613=ORIENTED_EDGE('',*,*,#1213,.F.);
#1614=ORIENTED_EDGE('',*,*,#1214,.T.);
#1615=ORIENTED_EDGE('',*,*,#1122,.F.);
#1616=ORIENTED_EDGE('',*,*,#1214,.F.);
#1617=ORIENTED_EDGE('',*,*,#1215,.T.);
#1618=ORIENTED_EDGE('',*,*,#1216,.T.);
#1619=ORIENTED_EDGE('',*,*,#1217,.T.);
#1620=ORIENTED_EDGE('',*,*,#1218,.T.);
#1621=ORIENTED_EDGE('',*,*,#1219,.T.);
#1622=ORIENTED_EDGE('',*,*,#1220,.T.);
#1623=ORIENTED_EDGE('',*,*,#1221,.T.);
#1624=ORIENTED_EDGE('',*,*,#1222,.T.);
#1625=ORIENTED_EDGE('',*,*,#1223,.T.);
#1626=ORIENTED_EDGE('',*,*,#1224,.T.);
#1627=ORIENTED_EDGE('',*,*,#1225,.T.);
#1628=ORIENTED_EDGE('',*,*,#1226,.T.);
#1629=ORIENTED_EDGE('',*,*,#1205,.T.);
#1630=ORIENTED_EDGE('',*,*,#1208,.T.);
#1631=ORIENTED_EDGE('',*,*,#1202,.T.);
#1632=ORIENTED_EDGE('',*,*,#1198,.T.);
#1633=ORIENTED_EDGE('',*,*,#1227,.F.);
#1634=ORIENTED_EDGE('',*,*,#1228,.T.);
#1635=ORIENTED_EDGE('',*,*,#1229,.F.);
#1636=ORIENTED_EDGE('',*,*,#1228,.F.);
#1637=ORIENTED_EDGE('',*,*,#1230,.F.);
#1638=ORIENTED_EDGE('',*,*,#1231,.T.);
#1639=ORIENTED_EDGE('',*,*,#1232,.F.);
#1640=ORIENTED_EDGE('',*,*,#1231,.F.);
#1641=ORIENTED_EDGE('',*,*,#1233,.F.);
#1642=ORIENTED_EDGE('',*,*,#1234,.F.);
#1643=ORIENTED_EDGE('',*,*,#1235,.F.);
#1644=ORIENTED_EDGE('',*,*,#1236,.F.);
#1645=ORIENTED_EDGE('',*,*,#1237,.F.);
#1646=ORIENTED_EDGE('',*,*,#1238,.F.);
#1647=ORIENTED_EDGE('',*,*,#1239,.F.);
#1648=ORIENTED_EDGE('',*,*,#1240,.F.);
#1649=ORIENTED_EDGE('',*,*,#1237,.T.);
#1650=ORIENTED_EDGE('',*,*,#1241,.F.);
#1651=ORIENTED_EDGE('',*,*,#1242,.T.);
#1652=ORIENTED_EDGE('',*,*,#1243,.F.);
#1653=ORIENTED_EDGE('',*,*,#1244,.F.);
#1654=ORIENTED_EDGE('',*,*,#1240,.T.);
#1655=ORIENTED_EDGE('',*,*,#1245,.F.);
#1656=ORIENTED_EDGE('',*,*,#1236,.T.);
#1657=ORIENTED_EDGE('',*,*,#1246,.F.);
#1658=ORIENTED_EDGE('',*,*,#1247,.T.);
#1659=ORIENTED_EDGE('',*,*,#1241,.T.);
#1660=ORIENTED_EDGE('',*,*,#1235,.T.);
#1661=ORIENTED_EDGE('',*,*,#1248,.F.);
#1662=ORIENTED_EDGE('',*,*,#1249,.F.);
#1663=ORIENTED_EDGE('',*,*,#1250,.F.);
#1664=ORIENTED_EDGE('',*,*,#1246,.T.);
#1665=ORIENTED_EDGE('',*,*,#1234,.T.);
#1666=ORIENTED_EDGE('',*,*,#1251,.T.);
#1667=ORIENTED_EDGE('',*,*,#1252,.F.);
#1668=ORIENTED_EDGE('',*,*,#1248,.T.);
#1669=ORIENTED_EDGE('',*,*,#1233,.T.);
#1670=ORIENTED_EDGE('',*,*,#1253,.F.);
#1671=ORIENTED_EDGE('',*,*,#1254,.F.);
#1672=ORIENTED_EDGE('',*,*,#1251,.F.);
#1673=ORIENTED_EDGE('',*,*,#1253,.T.);
#1674=ORIENTED_EDGE('',*,*,#1245,.T.);
#1675=ORIENTED_EDGE('',*,*,#1255,.T.);
#1676=ORIENTED_EDGE('',*,*,#1256,.F.);
#1677=ORIENTED_EDGE('',*,*,#1257,.F.);
#1678=ORIENTED_EDGE('',*,*,#1227,.T.);
#1679=ORIENTED_EDGE('',*,*,#1230,.T.);
#1680=ORIENTED_EDGE('',*,*,#1239,.T.);
#1681=ORIENTED_EDGE('',*,*,#1258,.F.);
#1682=ORIENTED_EDGE('',*,*,#1259,.F.);
#1683=ORIENTED_EDGE('',*,*,#1255,.F.);
#1684=ORIENTED_EDGE('',*,*,#1238,.T.);
#1685=ORIENTED_EDGE('',*,*,#1244,.T.);
#1686=ORIENTED_EDGE('',*,*,#1260,.F.);
#1687=ORIENTED_EDGE('',*,*,#1258,.T.);
#1688=ORIENTED_EDGE('',*,*,#1261,.F.);
#1689=ORIENTED_EDGE('',*,*,#1262,.T.);
#1690=ORIENTED_EDGE('',*,*,#1263,.T.);
#1691=ORIENTED_EDGE('',*,*,#1264,.F.);
#1692=ORIENTED_EDGE('',*,*,#1265,.F.);
#1693=ORIENTED_EDGE('',*,*,#1266,.F.);
#1694=ORIENTED_EDGE('',*,*,#1267,.F.);
#1695=ORIENTED_EDGE('',*,*,#1261,.T.);
#1696=ORIENTED_EDGE('',*,*,#1268,.T.);
#1697=ORIENTED_EDGE('',*,*,#1269,.F.);
#1698=ORIENTED_EDGE('',*,*,#1270,.F.);
#1699=ORIENTED_EDGE('',*,*,#1271,.T.);
#1700=ORIENTED_EDGE('',*,*,#1272,.T.);
#1701=ORIENTED_EDGE('',*,*,#1242,.F.);
#1702=ORIENTED_EDGE('',*,*,#1247,.F.);
#1703=ORIENTED_EDGE('',*,*,#1250,.T.);
#1704=ORIENTED_EDGE('',*,*,#1273,.T.);
#1705=ORIENTED_EDGE('',*,*,#1274,.F.);
#1706=ORIENTED_EDGE('',*,*,#1275,.F.);
#1707=ORIENTED_EDGE('',*,*,#1276,.T.);
#1708=ORIENTED_EDGE('',*,*,#1277,.T.);
#1709=ORIENTED_EDGE('',*,*,#1278,.T.);
#1710=ORIENTED_EDGE('',*,*,#1279,.T.);
#1711=ORIENTED_EDGE('',*,*,#1280,.T.);
#1712=ORIENTED_EDGE('',*,*,#1281,.T.);
#1713=ORIENTED_EDGE('',*,*,#1229,.T.);
#1714=ORIENTED_EDGE('',*,*,#1232,.T.);
#1715=ORIENTED_EDGE('',*,*,#1282,.T.);
#1716=ORIENTED_EDGE('',*,*,#1283,.T.);
#1717=ORIENTED_EDGE('',*,*,#1213,.T.);
#1718=ORIENTED_EDGE('',*,*,#1284,.F.);
#1719=ORIENTED_EDGE('',*,*,#1285,.T.);
#1720=ORIENTED_EDGE('',*,*,#1281,.F.);
#1721=ORIENTED_EDGE('',*,*,#1285,.F.);
#1722=ORIENTED_EDGE('',*,*,#1286,.F.);
#1723=ORIENTED_EDGE('',*,*,#1287,.T.);
#1724=ORIENTED_EDGE('',*,*,#1280,.F.);
#1725=ORIENTED_EDGE('',*,*,#1287,.F.);
#1726=ORIENTED_EDGE('',*,*,#1288,.F.);
#1727=ORIENTED_EDGE('',*,*,#1289,.F.);
#1728=ORIENTED_EDGE('',*,*,#1290,.F.);
#1729=ORIENTED_EDGE('',*,*,#1291,.F.);
#1730=ORIENTED_EDGE('',*,*,#1292,.F.);
#1731=ORIENTED_EDGE('',*,*,#1293,.F.);
#1732=ORIENTED_EDGE('',*,*,#1294,.F.);
#1733=ORIENTED_EDGE('',*,*,#1295,.F.);
#1734=ORIENTED_EDGE('',*,*,#1292,.T.);
#1735=ORIENTED_EDGE('',*,*,#1296,.F.);
#1736=ORIENTED_EDGE('',*,*,#1274,.T.);
#1737=ORIENTED_EDGE('',*,*,#1297,.F.);
#1738=ORIENTED_EDGE('',*,*,#1298,.F.);
#1739=ORIENTED_EDGE('',*,*,#1295,.T.);
#1740=ORIENTED_EDGE('',*,*,#1299,.F.);
#1741=ORIENTED_EDGE('',*,*,#1291,.T.);
#1742=ORIENTED_EDGE('',*,*,#1300,.F.);
#1743=ORIENTED_EDGE('',*,*,#1275,.T.);
#1744=ORIENTED_EDGE('',*,*,#1296,.T.);
#1745=ORIENTED_EDGE('',*,*,#1290,.T.);
#1746=ORIENTED_EDGE('',*,*,#1301,.F.);
#1747=ORIENTED_EDGE('',*,*,#1302,.F.);
#1748=ORIENTED_EDGE('',*,*,#1276,.F.);
#1749=ORIENTED_EDGE('',*,*,#1300,.T.);
#1750=ORIENTED_EDGE('',*,*,#1289,.T.);
#1751=ORIENTED_EDGE('',*,*,#1303,.T.);
#1752=ORIENTED_EDGE('',*,*,#1304,.F.);
#1753=ORIENTED_EDGE('',*,*,#1301,.T.);
#1754=ORIENTED_EDGE('',*,*,#1288,.T.);
#1755=ORIENTED_EDGE('',*,*,#1305,.F.);
#1756=ORIENTED_EDGE('',*,*,#1306,.F.);
#1757=ORIENTED_EDGE('',*,*,#1303,.F.);
#1758=ORIENTED_EDGE('',*,*,#1305,.T.);
#1759=ORIENTED_EDGE('',*,*,#1299,.T.);
#1760=ORIENTED_EDGE('',*,*,#1307,.T.);
#1761=ORIENTED_EDGE('',*,*,#1308,.F.);
#1762=ORIENTED_EDGE('',*,*,#1284,.T.);
#1763=ORIENTED_EDGE('',*,*,#1286,.T.);
#1764=ORIENTED_EDGE('',*,*,#1294,.T.);
#1765=ORIENTED_EDGE('',*,*,#1309,.F.);
#1766=ORIENTED_EDGE('',*,*,#1310,.F.);
#1767=ORIENTED_EDGE('',*,*,#1307,.F.);
#1768=ORIENTED_EDGE('',*,*,#1293,.T.);
#1769=ORIENTED_EDGE('',*,*,#1298,.T.);
#1770=ORIENTED_EDGE('',*,*,#1311,.F.);
#1771=ORIENTED_EDGE('',*,*,#1309,.T.);
#1772=ORIENTED_EDGE('',*,*,#1312,.T.);
#1773=ORIENTED_EDGE('',*,*,#1313,.F.);
#1774=ORIENTED_EDGE('',*,*,#1314,.F.);
#1775=ORIENTED_EDGE('',*,*,#1315,.F.);
#1776=ORIENTED_EDGE('',*,*,#1271,.F.);
#1777=ORIENTED_EDGE('',*,*,#1316,.T.);
#1778=ORIENTED_EDGE('',*,*,#1317,.T.);
#1779=ORIENTED_EDGE('',*,*,#1318,.F.);
#1780=ORIENTED_EDGE('',*,*,#1319,.F.);
#1781=ORIENTED_EDGE('',*,*,#1320,.F.);
#1782=ORIENTED_EDGE('',*,*,#1321,.T.);
#1783=ORIENTED_EDGE('',*,*,#1278,.F.);
#1784=ORIENTED_EDGE('',*,*,#1321,.F.);
#1785=ORIENTED_EDGE('',*,*,#1322,.F.);
#1786=ORIENTED_EDGE('',*,*,#1323,.T.);
#1787=ORIENTED_EDGE('',*,*,#1279,.F.);
#1788=ORIENTED_EDGE('',*,*,#1323,.F.);
#1789=ORIENTED_EDGE('',*,*,#1324,.F.);
#1790=ORIENTED_EDGE('',*,*,#1325,.F.);
#1791=ORIENTED_EDGE('',*,*,#1263,.F.);
#1792=ORIENTED_EDGE('',*,*,#1326,.F.);
#1793=ORIENTED_EDGE('',*,*,#1327,.F.);
#1794=ORIENTED_EDGE('',*,*,#1328,.F.);
#1795=ORIENTED_EDGE('',*,*,#1329,.F.);
#1796=ORIENTED_EDGE('',*,*,#1330,.F.);
#1797=ORIENTED_EDGE('',*,*,#1327,.T.);
#1798=ORIENTED_EDGE('',*,*,#1331,.F.);
#1799=ORIENTED_EDGE('',*,*,#1266,.T.);
#1800=ORIENTED_EDGE('',*,*,#1332,.F.);
#1801=ORIENTED_EDGE('',*,*,#1333,.F.);
#1802=ORIENTED_EDGE('',*,*,#1330,.T.);
#1803=ORIENTED_EDGE('',*,*,#1334,.F.);
#1804=ORIENTED_EDGE('',*,*,#1326,.T.);
#1805=ORIENTED_EDGE('',*,*,#1262,.F.);
#1806=ORIENTED_EDGE('',*,*,#1267,.T.);
#1807=ORIENTED_EDGE('',*,*,#1331,.T.);
#1808=ORIENTED_EDGE('',*,*,#1325,.T.);
#1809=ORIENTED_EDGE('',*,*,#1335,.T.);
#1810=ORIENTED_EDGE('',*,*,#1336,.F.);
#1811=ORIENTED_EDGE('',*,*,#1264,.T.);
#1812=ORIENTED_EDGE('',*,*,#1324,.T.);
#1813=ORIENTED_EDGE('',*,*,#1337,.F.);
#1814=ORIENTED_EDGE('',*,*,#1338,.F.);
#1815=ORIENTED_EDGE('',*,*,#1335,.F.);
#1816=ORIENTED_EDGE('',*,*,#1337,.T.);
#1817=ORIENTED_EDGE('',*,*,#1334,.T.);
#1818=ORIENTED_EDGE('',*,*,#1339,.T.);
#1819=ORIENTED_EDGE('',*,*,#1340,.F.);
#1820=ORIENTED_EDGE('',*,*,#1320,.T.);
#1821=ORIENTED_EDGE('',*,*,#1322,.T.);
#1822=ORIENTED_EDGE('',*,*,#1339,.F.);
#1823=ORIENTED_EDGE('',*,*,#1329,.T.);
#1824=ORIENTED_EDGE('',*,*,#1341,.F.);
#1825=ORIENTED_EDGE('',*,*,#1342,.F.);
#1826=ORIENTED_EDGE('',*,*,#1328,.T.);
#1827=ORIENTED_EDGE('',*,*,#1333,.T.);
#1828=ORIENTED_EDGE('',*,*,#1343,.F.);
#1829=ORIENTED_EDGE('',*,*,#1341,.T.);
#1830=ORIENTED_EDGE('',*,*,#1344,.F.);
#1831=ORIENTED_EDGE('',*,*,#1345,.T.);
#1832=ORIENTED_EDGE('',*,*,#1283,.F.);
#1833=ORIENTED_EDGE('',*,*,#1345,.F.);
#1834=ORIENTED_EDGE('',*,*,#1346,.F.);
#1835=ORIENTED_EDGE('',*,*,#1347,.T.);
#1836=ORIENTED_EDGE('',*,*,#1282,.F.);
#1837=ORIENTED_EDGE('',*,*,#1347,.F.);
#1838=ORIENTED_EDGE('',*,*,#1312,.F.);
#1839=ORIENTED_EDGE('',*,*,#1348,.F.);
#1840=ORIENTED_EDGE('',*,*,#1317,.F.);
#1841=ORIENTED_EDGE('',*,*,#1349,.F.);
#1842=ORIENTED_EDGE('',*,*,#1350,.F.);
#1843=ORIENTED_EDGE('',*,*,#1351,.F.);
#1844=ORIENTED_EDGE('',*,*,#1352,.F.);
#1845=ORIENTED_EDGE('',*,*,#1353,.F.);
#1846=ORIENTED_EDGE('',*,*,#1350,.T.);
#1847=ORIENTED_EDGE('',*,*,#1354,.F.);
#1848=ORIENTED_EDGE('',*,*,#1269,.T.);
#1849=ORIENTED_EDGE('',*,*,#1355,.F.);
#1850=ORIENTED_EDGE('',*,*,#1356,.F.);
#1851=ORIENTED_EDGE('',*,*,#1353,.T.);
#1852=ORIENTED_EDGE('',*,*,#1357,.F.);
#1853=ORIENTED_EDGE('',*,*,#1349,.T.);
#1854=ORIENTED_EDGE('',*,*,#1316,.F.);
#1855=ORIENTED_EDGE('',*,*,#1270,.T.);
#1856=ORIENTED_EDGE('',*,*,#1354,.T.);
#1857=ORIENTED_EDGE('',*,*,#1348,.T.);
#1858=ORIENTED_EDGE('',*,*,#1315,.T.);
#1859=ORIENTED_EDGE('',*,*,#1358,.F.);
#1860=ORIENTED_EDGE('',*,*,#1318,.T.);
#1861=ORIENTED_EDGE('',*,*,#1359,.F.);
#1862=ORIENTED_EDGE('',*,*,#1360,.T.);
#1863=ORIENTED_EDGE('',*,*,#1256,.T.);
#1864=ORIENTED_EDGE('',*,*,#1259,.T.);
#1865=ORIENTED_EDGE('',*,*,#1260,.T.);
#1866=ORIENTED_EDGE('',*,*,#1243,.T.);
#1867=ORIENTED_EDGE('',*,*,#1272,.F.);
#1868=ORIENTED_EDGE('',*,*,#1319,.T.);
#1869=ORIENTED_EDGE('',*,*,#1358,.T.);
#1870=ORIENTED_EDGE('',*,*,#1314,.T.);
#1871=ORIENTED_EDGE('',*,*,#1361,.T.);
#1872=ORIENTED_EDGE('',*,*,#1362,.T.);
#1873=ORIENTED_EDGE('',*,*,#1363,.T.);
#1874=ORIENTED_EDGE('',*,*,#1355,.T.);
#1875=ORIENTED_EDGE('',*,*,#1268,.F.);
#1876=ORIENTED_EDGE('',*,*,#1265,.T.);
#1877=ORIENTED_EDGE('',*,*,#1336,.T.);
#1878=ORIENTED_EDGE('',*,*,#1338,.T.);
#1879=ORIENTED_EDGE('',*,*,#1340,.T.);
#1880=ORIENTED_EDGE('',*,*,#1342,.T.);
#1881=ORIENTED_EDGE('',*,*,#1343,.T.);
#1882=ORIENTED_EDGE('',*,*,#1332,.T.);
#1883=ORIENTED_EDGE('',*,*,#1277,.F.);
#1884=ORIENTED_EDGE('',*,*,#1302,.T.);
#1885=ORIENTED_EDGE('',*,*,#1304,.T.);
#1886=ORIENTED_EDGE('',*,*,#1306,.T.);
#1887=ORIENTED_EDGE('',*,*,#1308,.T.);
#1888=ORIENTED_EDGE('',*,*,#1310,.T.);
#1889=ORIENTED_EDGE('',*,*,#1311,.T.);
#1890=ORIENTED_EDGE('',*,*,#1297,.T.);
#1891=ORIENTED_EDGE('',*,*,#1273,.F.);
#1892=ORIENTED_EDGE('',*,*,#1249,.T.);
#1893=ORIENTED_EDGE('',*,*,#1252,.T.);
#1894=ORIENTED_EDGE('',*,*,#1254,.T.);
#1895=ORIENTED_EDGE('',*,*,#1257,.T.);
#1896=ORIENTED_EDGE('',*,*,#1360,.F.);
#1897=ORIENTED_EDGE('',*,*,#1364,.T.);
#1898=ORIENTED_EDGE('',*,*,#1365,.T.);
#1899=ORIENTED_EDGE('',*,*,#1366,.T.);
#1900=ORIENTED_EDGE('',*,*,#1367,.T.);
#1901=ORIENTED_EDGE('',*,*,#1368,.T.);
#1902=ORIENTED_EDGE('',*,*,#1369,.T.);
#1903=ORIENTED_EDGE('',*,*,#1370,.T.);
#1904=ORIENTED_EDGE('',*,*,#1371,.T.);
#1905=ORIENTED_EDGE('',*,*,#1372,.T.);
#1906=ORIENTED_EDGE('',*,*,#1373,.T.);
#1907=ORIENTED_EDGE('',*,*,#1374,.T.);
#1908=ORIENTED_EDGE('',*,*,#1375,.T.);
#1909=ORIENTED_EDGE('',*,*,#1204,.T.);
#1910=ORIENTED_EDGE('',*,*,#1209,.T.);
#1911=ORIENTED_EDGE('',*,*,#1206,.T.);
#1912=ORIENTED_EDGE('',*,*,#1200,.T.);
#1913=ORIENTED_EDGE('',*,*,#1313,.T.);
#1914=ORIENTED_EDGE('',*,*,#1357,.T.);
#1915=ORIENTED_EDGE('',*,*,#1376,.T.);
#1916=ORIENTED_EDGE('',*,*,#1361,.F.);
#1917=ORIENTED_EDGE('',*,*,#1344,.T.);
#1918=ORIENTED_EDGE('',*,*,#1346,.T.);
#1919=ORIENTED_EDGE('',*,*,#1376,.F.);
#1920=ORIENTED_EDGE('',*,*,#1352,.T.);
#1921=ORIENTED_EDGE('',*,*,#1377,.F.);
#1922=ORIENTED_EDGE('',*,*,#1362,.F.);
#1923=ORIENTED_EDGE('',*,*,#1351,.T.);
#1924=ORIENTED_EDGE('',*,*,#1356,.T.);
#1925=ORIENTED_EDGE('',*,*,#1363,.F.);
#1926=ORIENTED_EDGE('',*,*,#1377,.T.);
#1927=ORIENTED_EDGE('',*,*,#1187,.T.);
#1928=ORIENTED_EDGE('',*,*,#1378,.T.);
#1929=ORIENTED_EDGE('',*,*,#1359,.T.);
#1930=ORIENTED_EDGE('',*,*,#1378,.F.);
#1931=ORIENTED_EDGE('',*,*,#1223,.F.);
#1932=ORIENTED_EDGE('',*,*,#1379,.F.);
#1933=ORIENTED_EDGE('',*,*,#1372,.F.);
#1934=ORIENTED_EDGE('',*,*,#1380,.T.);
#1935=ORIENTED_EDGE('',*,*,#1226,.F.);
#1936=ORIENTED_EDGE('',*,*,#1381,.F.);
#1937=ORIENTED_EDGE('',*,*,#1373,.F.);
#1938=ORIENTED_EDGE('',*,*,#1379,.T.);
#1939=ORIENTED_EDGE('',*,*,#1224,.F.);
#1940=ORIENTED_EDGE('',*,*,#1380,.F.);
#1941=ORIENTED_EDGE('',*,*,#1375,.F.);
#1942=ORIENTED_EDGE('',*,*,#1382,.T.);
#1943=ORIENTED_EDGE('',*,*,#1225,.F.);
#1944=ORIENTED_EDGE('',*,*,#1382,.F.);
#1945=ORIENTED_EDGE('',*,*,#1374,.F.);
#1946=ORIENTED_EDGE('',*,*,#1381,.T.);
#1947=ORIENTED_EDGE('',*,*,#1219,.F.);
#1948=ORIENTED_EDGE('',*,*,#1383,.F.);
#1949=ORIENTED_EDGE('',*,*,#1368,.F.);
#1950=ORIENTED_EDGE('',*,*,#1384,.T.);
#1951=ORIENTED_EDGE('',*,*,#1222,.F.);
#1952=ORIENTED_EDGE('',*,*,#1385,.F.);
#1953=ORIENTED_EDGE('',*,*,#1369,.F.);
#1954=ORIENTED_EDGE('',*,*,#1383,.T.);
#1955=ORIENTED_EDGE('',*,*,#1220,.F.);
#1956=ORIENTED_EDGE('',*,*,#1384,.F.);
#1957=ORIENTED_EDGE('',*,*,#1371,.F.);
#1958=ORIENTED_EDGE('',*,*,#1386,.T.);
#1959=ORIENTED_EDGE('',*,*,#1221,.F.);
#1960=ORIENTED_EDGE('',*,*,#1386,.F.);
#1961=ORIENTED_EDGE('',*,*,#1370,.F.);
#1962=ORIENTED_EDGE('',*,*,#1385,.T.);
#1963=ORIENTED_EDGE('',*,*,#1215,.F.);
#1964=ORIENTED_EDGE('',*,*,#1387,.F.);
#1965=ORIENTED_EDGE('',*,*,#1364,.F.);
#1966=ORIENTED_EDGE('',*,*,#1388,.T.);
#1967=ORIENTED_EDGE('',*,*,#1218,.F.);
#1968=ORIENTED_EDGE('',*,*,#1389,.F.);
#1969=ORIENTED_EDGE('',*,*,#1365,.F.);
#1970=ORIENTED_EDGE('',*,*,#1387,.T.);
#1971=ORIENTED_EDGE('',*,*,#1216,.F.);
#1972=ORIENTED_EDGE('',*,*,#1388,.F.);
#1973=ORIENTED_EDGE('',*,*,#1367,.F.);
#1974=ORIENTED_EDGE('',*,*,#1390,.T.);
#1975=ORIENTED_EDGE('',*,*,#1217,.F.);
#1976=ORIENTED_EDGE('',*,*,#1390,.F.);
#1977=ORIENTED_EDGE('',*,*,#1366,.F.);
#1978=ORIENTED_EDGE('',*,*,#1389,.T.);
#1979=(
BOUNDED_SURFACE()
B_SPLINE_SURFACE(5,1,((#2852,#2853),(#2854,#2855),(#2856,#2857),(#2858,
#2859),(#2860,#2861),(#2862,#2863),(#2864,#2865),(#2866,#2867),(#2868,#2869),
(#2870,#2871),(#2872,#2873),(#2874,#2875),(#2876,#2877),(#2878,#2879),(#2880,
#2881)),.UNSPECIFIED.,.F.,.F.,.F.)
B_SPLINE_SURFACE_WITH_KNOTS((6,1,1,1,1,1,1,1,1,1,6),(2,2),(0.,0.1,0.2,0.3,
0.4,0.5,0.6,0.7,0.8,0.9,1.),(0.,0.31),.UNSPECIFIED.)
GEOMETRIC_REPRESENTATION_ITEM()
RATIONAL_B_SPLINE_SURFACE(((1.,1.),(1.,1.),(1.,1.),(1.,1.),(1.,1.),(1.,
1.),(1.,1.),(1.,1.),(1.,1.),(1.,1.),(1.,1.),(1.,1.),(1.,1.),(1.,1.),(1.,
1.)))
REPRESENTATION_ITEM('')
SURFACE()
);
#1980=(
BOUNDED_SURFACE()
B_SPLINE_SURFACE(5,1,((#2924,#2925),(#2926,#2927),(#2928,#2929),(#2930,
#2931),(#2932,#2933),(#2934,#2935),(#2936,#2937),(#2938,#2939),(#2940,#2941),
(#2942,#2943),(#2944,#2945),(#2946,#2947),(#2948,#2949),(#2950,#2951),(#2952,
#2953)),.UNSPECIFIED.,.F.,.F.,.F.)
B_SPLINE_SURFACE_WITH_KNOTS((6,1,1,1,1,1,1,1,1,1,6),(2,2),(0.,0.1,0.2,0.3,
0.4,0.5,0.6,0.7,0.8,0.9,1.),(0.,0.31),.UNSPECIFIED.)
GEOMETRIC_REPRESENTATION_ITEM()
RATIONAL_B_SPLINE_SURFACE(((1.,1.),(1.,1.),(1.,1.),(1.,1.),(1.,1.),(1.,
1.),(1.,1.),(1.,1.),(1.,1.),(1.,1.),(1.,1.),(1.,1.),(1.,1.),(1.,1.),(1.,
1.)))
REPRESENTATION_ITEM('')
SURFACE()
);
#1981=(
BOUNDED_SURFACE()
B_SPLINE_SURFACE(5,1,((#2993,#2994),(#2995,#2996),(#2997,#2998),(#2999,
#3000),(#3001,#3002),(#3003,#3004),(#3005,#3006),(#3007,#3008),(#3009,#3010),
(#3011,#3012),(#3013,#3014),(#3015,#3016),(#3017,#3018),(#3019,#3020),(#3021,
#3022)),.UNSPECIFIED.,.F.,.F.,.F.)
B_SPLINE_SURFACE_WITH_KNOTS((6,1,1,1,1,1,1,1,1,1,6),(2,2),(-1.,-0.9,-0.8,
-0.7,-0.6,-0.5,-0.4,-0.3,-0.2,-0.1,0.),(0.,0.31),.UNSPECIFIED.)
GEOMETRIC_REPRESENTATION_ITEM()
RATIONAL_B_SPLINE_SURFACE(((1.,1.),(1.,1.),(1.,1.),(1.,1.),(1.,1.),(1.,
1.),(1.,1.),(1.,1.),(1.,1.),(1.,1.),(1.,1.),(1.,1.),(1.,1.),(1.,1.),(1.,
1.)))
REPRESENTATION_ITEM('')
SURFACE()
);
#1982=(
BOUNDED_SURFACE()
B_SPLINE_SURFACE(5,1,((#3062,#3063),(#3064,#3065),(#3066,#3067),(#3068,
#3069),(#3070,#3071),(#3072,#3073),(#3074,#3075),(#3076,#3077),(#3078,#3079),
(#3080,#3081),(#3082,#3083),(#3084,#3085),(#3086,#3087),(#3088,#3089),(#3090,
#3091)),.UNSPECIFIED.,.F.,.F.,.F.)
B_SPLINE_SURFACE_WITH_KNOTS((6,1,1,1,1,1,1,1,1,1,6),(2,2),(-1.,-0.9,-0.8,
-0.7,-0.6,-0.5,-0.4,-0.3,-0.2,-0.1,0.),(0.,0.31),.UNSPECIFIED.)
GEOMETRIC_REPRESENTATION_ITEM()
RATIONAL_B_SPLINE_SURFACE(((1.,1.),(1.,1.),(1.,1.),(1.,1.),(1.,1.),(1.,
1.),(1.,1.),(1.,1.),(1.,1.),(1.,1.),(1.,1.),(1.,1.),(1.,1.),(1.,1.),(1.,
1.)))
REPRESENTATION_ITEM('')
SURFACE()
);
#1983=ADVANCED_FACE('',(#273),#1979,.T.);
#1984=ADVANCED_FACE('',(#274),#210,.T.);
#1985=ADVANCED_FACE('',(#275),#1980,.T.);
#1986=ADVANCED_FACE('',(#276),#211,.T.);
#1987=ADVANCED_FACE('',(#277),#1981,.T.);
#1988=ADVANCED_FACE('',(#278),#212,.T.);
#1989=ADVANCED_FACE('',(#279),#1982,.T.);
#1990=ADVANCED_FACE('',(#280),#213,.F.);
#1991=ADVANCED_FACE('',(#281,#68,#69,#70,#71,#72,#73,#74,#75,#76,#77,#78,
#79,#80,#81),#214,.F.);
#1992=ADVANCED_FACE('',(#282),#32,.F.);
#1993=ADVANCED_FACE('',(#283),#215,.F.);
#1994=ADVANCED_FACE('',(#284),#33,.F.);
#1995=ADVANCED_FACE('',(#285),#216,.F.);
#1996=ADVANCED_FACE('',(#286),#34,.F.);
#1997=ADVANCED_FACE('',(#287),#217,.F.);
#1998=ADVANCED_FACE('',(#288),#35,.F.);
#1999=ADVANCED_FACE('',(#289),#36,.F.);
#2000=ADVANCED_FACE('',(#290),#37,.F.);
#2001=ADVANCED_FACE('',(#291),#218,.F.);
#2002=ADVANCED_FACE('',(#292),#38,.F.);
#2003=ADVANCED_FACE('',(#293),#219,.F.);
#2004=ADVANCED_FACE('',(#294),#39,.F.);
#2005=ADVANCED_FACE('',(#295),#40,.F.);
#2006=ADVANCED_FACE('',(#296),#41,.F.);
#2007=ADVANCED_FACE('',(#297),#42,.F.);
#2008=ADVANCED_FACE('',(#298),#43,.F.);
#2009=ADVANCED_FACE('',(#299),#44,.F.);
#2010=ADVANCED_FACE('',(#300,#82,#83,#84,#85,#86,#87,#88,#89,#90,#91,#92,
#93,#94,#95),#220,.T.);
#2011=ADVANCED_FACE('',(#301),#45,.F.);
#2012=ADVANCED_FACE('',(#302),#46,.F.);
#2013=ADVANCED_FACE('',(#303),#47,.F.);
#2014=ADVANCED_FACE('',(#304),#221,.F.);
#2015=ADVANCED_FACE('',(#305),#222,.F.);
#2016=ADVANCED_FACE('',(#306),#48,.F.);
#2017=ADVANCED_FACE('',(#307),#223,.F.);
#2018=ADVANCED_FACE('',(#308),#49,.F.);
#2019=ADVANCED_FACE('',(#309),#224,.F.);
#2020=ADVANCED_FACE('',(#310),#50,.F.);
#2021=ADVANCED_FACE('',(#311),#225,.F.);
#2022=ADVANCED_FACE('',(#312),#51,.F.);
#2023=ADVANCED_FACE('',(#313,#96,#97,#98,#99),#52,.F.);
#2024=ADVANCED_FACE('',(#314),#53,.F.);
#2025=ADVANCED_FACE('',(#315),#54,.F.);
#2026=ADVANCED_FACE('',(#316),#226,.F.);
#2027=ADVANCED_FACE('',(#317),#227,.F.);
#2028=ADVANCED_FACE('',(#318),#228,.T.);
#2029=ADVANCED_FACE('',(#319),#229,.T.);
#2030=ADVANCED_FACE('',(#320),#230,.T.);
#2031=ADVANCED_FACE('',(#321),#231,.T.);
#2032=ADVANCED_FACE('',(#322),#232,.T.);
#2033=ADVANCED_FACE('',(#323,#100,#101),#233,.F.);
#2034=ADVANCED_FACE('',(#324),#234,.T.);
#2035=ADVANCED_FACE('',(#325),#235,.T.);
#2036=ADVANCED_FACE('',(#326),#236,.T.);
#2037=ADVANCED_FACE('',(#327,#102,#103,#104,#105,#106,#107,#108,#109,#110),
#237,.T.);
#2038=ADVANCED_FACE('',(#328),#55,.F.);
#2039=ADVANCED_FACE('',(#329),#56,.F.);
#2040=ADVANCED_FACE('',(#330),#238,.F.);
#2041=ADVANCED_FACE('',(#331),#239,.F.);
#2042=ADVANCED_FACE('',(#332),#240,.T.);
#2043=ADVANCED_FACE('',(#333),#241,.T.);
#2044=ADVANCED_FACE('',(#334),#242,.T.);
#2045=ADVANCED_FACE('',(#335),#243,.T.);
#2046=ADVANCED_FACE('',(#336),#244,.T.);
#2047=ADVANCED_FACE('',(#337,#111,#112),#245,.F.);
#2048=ADVANCED_FACE('',(#338),#246,.T.);
#2049=ADVANCED_FACE('',(#339),#247,.T.);
#2050=ADVANCED_FACE('',(#340),#248,.T.);
#2051=ADVANCED_FACE('',(#341),#249,.T.);
#2052=ADVANCED_FACE('',(#342),#57,.F.);
#2053=ADVANCED_FACE('',(#343),#58,.F.);
#2054=ADVANCED_FACE('',(#344),#250,.F.);
#2055=ADVANCED_FACE('',(#345),#251,.F.);
#2056=ADVANCED_FACE('',(#346),#252,.T.);
#2057=ADVANCED_FACE('',(#347),#253,.T.);
#2058=ADVANCED_FACE('',(#348),#254,.T.);
#2059=ADVANCED_FACE('',(#349),#255,.T.);
#2060=ADVANCED_FACE('',(#350,#113,#114),#256,.F.);
#2061=ADVANCED_FACE('',(#351),#257,.T.);
#2062=ADVANCED_FACE('',(#352),#258,.T.);
#2063=ADVANCED_FACE('',(#353),#59,.F.);
#2064=ADVANCED_FACE('',(#354),#60,.F.);
#2065=ADVANCED_FACE('',(#355),#259,.F.);
#2066=ADVANCED_FACE('',(#356),#260,.F.);
#2067=ADVANCED_FACE('',(#357),#261,.T.);
#2068=ADVANCED_FACE('',(#358),#262,.T.);
#2069=ADVANCED_FACE('',(#359),#263,.T.);
#2070=ADVANCED_FACE('',(#360,#115,#116,#117,#118),#61,.T.);
#2071=ADVANCED_FACE('',(#361,#119,#120),#264,.F.);
#2072=ADVANCED_FACE('',(#362),#265,.T.);
#2073=ADVANCED_FACE('',(#363),#266,.T.);
#2074=ADVANCED_FACE('',(#364),#15,.T.);
#2075=ADVANCED_FACE('',(#365),#62,.F.);
#2076=ADVANCED_FACE('',(#366),#267,.F.);
#2077=ADVANCED_FACE('',(#367),#268,.F.);
#2078=ADVANCED_FACE('',(#368),#63,.F.);
#2079=ADVANCED_FACE('',(#369),#64,.F.);
#2080=ADVANCED_FACE('',(#370),#269,.F.);
#2081=ADVANCED_FACE('',(#371),#270,.F.);
#2082=ADVANCED_FACE('',(#372),#65,.F.);
#2083=ADVANCED_FACE('',(#373),#66,.F.);
#2084=ADVANCED_FACE('',(#374),#271,.F.);
#2085=ADVANCED_FACE('',(#375),#272,.F.);
#2086=ADVANCED_FACE('',(#376),#67,.F.);
#2087=CLOSED_SHELL('',(#1983,#1984,#1985,#1986,#1987,#1988,#1989,#1990,
#1991,#1992,#1993,#1994,#1995,#1996,#1997,#1998,#1999,#2000,#2001,#2002,
#2003,#2004,#2005,#2006,#2007,#2008,#2009,#2010,#2011,#2012,#2013,#2014,
#2015,#2016,#2017,#2018,#2019,#2020,#2021,#2022,#2023,#2024,#2025,#2026,
#2027,#2028,#2029,#2030,#2031,#2032,#2033,#2034,#2035,#2036,#2037,#2038,
#2039,#2040,#2041,#2042,#2043,#2044,#2045,#2046,#2047,#2048,#2049,#2050,
#2051,#2052,#2053,#2054,#2055,#2056,#2057,#2058,#2059,#2060,#2061,#2062,
#2063,#2064,#2065,#2066,#2067,#2068,#2069,#2070,#2071,#2072,#2073,#2074,
#2075,#2076,#2077,#2078,#2079,#2080,#2081,#2082,#2083,#2084,#2085,#2086));
#2088=DERIVED_UNIT_ELEMENT(#2090,1.);
#2089=DERIVED_UNIT_ELEMENT(#3956,-3.);
#2090=(
MASS_UNIT()
NAMED_UNIT(*)
SI_UNIT(.KILO.,.GRAM.)
);
#2091=DERIVED_UNIT((#2088,#2089));
#2092=MEASURE_REPRESENTATION_ITEM('density measure',
POSITIVE_RATIO_MEASURE(7850.),#2091);
#2093=PROPERTY_DEFINITION_REPRESENTATION(#2098,#2095);
#2094=PROPERTY_DEFINITION_REPRESENTATION(#2099,#2096);
#2095=REPRESENTATION('material name',(#2097),#3953);
#2096=REPRESENTATION('density',(#2092),#3953);
#2097=DESCRIPTIVE_REPRESENTATION_ITEM('Steel','Steel');
#2098=PROPERTY_DEFINITION('material property','material name',#3963);
#2099=PROPERTY_DEFINITION('material property','density of part',#3963);
#2100=AXIS2_PLACEMENT_3D('',#2851,#2290,#2291);
#2101=AXIS2_PLACEMENT_3D('',#2918,#2294,#2295);
#2102=AXIS2_PLACEMENT_3D('',#2987,#2300,#2301);
#2103=AXIS2_PLACEMENT_3D('',#3056,#2306,#2307);
#2104=AXIS2_PLACEMENT_3D('',#3125,#2312,#2313);
#2105=AXIS2_PLACEMENT_3D('',#3131,#2317,#2318);
#2106=AXIS2_PLACEMENT_3D('',#3133,#2319,#2320);
#2107=AXIS2_PLACEMENT_3D('',#3135,#2321,#2322);
#2108=AXIS2_PLACEMENT_3D('',#3137,#2323,#2324);
#2109=AXIS2_PLACEMENT_3D('',#3139,#2325,#2326);
#2110=AXIS2_PLACEMENT_3D('',#3141,#2327,#2328);
#2111=AXIS2_PLACEMENT_3D('',#3143,#2329,#2330);
#2112=AXIS2_PLACEMENT_3D('',#3145,#2331,#2332);
#2113=AXIS2_PLACEMENT_3D('',#3149,#2334,#2335);
#2114=AXIS2_PLACEMENT_3D('',#3152,#2337,#2338);
#2115=AXIS2_PLACEMENT_3D('',#3154,#2339,#2340);
#2116=AXIS2_PLACEMENT_3D('',#3156,#2341,#2342);
#2117=AXIS2_PLACEMENT_3D('',#3158,#2343,#2344);
#2118=AXIS2_PLACEMENT_3D('',#3160,#2345,#2346);
#2119=AXIS2_PLACEMENT_3D('',#3163,#2347,#2348);
#2120=AXIS2_PLACEMENT_3D('',#3167,#2350,#2351);
#2121=AXIS2_PLACEMENT_3D('',#3171,#2353,#2354);
#2122=AXIS2_PLACEMENT_3D('',#3175,#2356,#2357);
#2123=AXIS2_PLACEMENT_3D('',#3179,#2359,#2360);
#2124=AXIS2_PLACEMENT_3D('',#3183,#2362,#2363);
#2125=AXIS2_PLACEMENT_3D('',#3185,#2365,#2366);
#2126=AXIS2_PLACEMENT_3D('',#3189,#2368,#2369);
#2127=AXIS2_PLACEMENT_3D('',#3191,#2371,#2372);
#2128=AXIS2_PLACEMENT_3D('',#3195,#2375,#2376);
#2129=AXIS2_PLACEMENT_3D('',#3199,#2378,#2379);
#2130=AXIS2_PLACEMENT_3D('',#3201,#2381,#2382);
#2131=AXIS2_PLACEMENT_3D('',#3205,#2385,#2386);
#2132=AXIS2_PLACEMENT_3D('',#3209,#2388,#2389);
#2133=AXIS2_PLACEMENT_3D('',#3211,#2391,#2392);
#2134=AXIS2_PLACEMENT_3D('',#3215,#2395,#2396);
#2135=AXIS2_PLACEMENT_3D('',#3218,#2398,#2399);
#2136=AXIS2_PLACEMENT_3D('',#3219,#2400,#2401);
#2137=AXIS2_PLACEMENT_3D('',#3222,#2403,#2404);
#2138=AXIS2_PLACEMENT_3D('',#3223,#2405,#2406);
#2139=AXIS2_PLACEMENT_3D('',#3226,#2408,#2409);
#2140=AXIS2_PLACEMENT_3D('',#3227,#2410,#2411);
#2141=AXIS2_PLACEMENT_3D('',#3231,#2414,#2415);
#2142=AXIS2_PLACEMENT_3D('',#3234,#2417,#2418);
#2143=AXIS2_PLACEMENT_3D('',#3235,#2419,#2420);
#2144=AXIS2_PLACEMENT_3D('',#3239,#2423,#2424);
#2145=AXIS2_PLACEMENT_3D('',#3240,#2425,#2426);
#2146=AXIS2_PLACEMENT_3D('',#3241,#2427,#2428);
#2147=AXIS2_PLACEMENT_3D('',#3244,#2430,#2431);
#2148=AXIS2_PLACEMENT_3D('',#3245,#2432,#2433);
#2149=AXIS2_PLACEMENT_3D('',#3248,#2435,#2436);
#2150=AXIS2_PLACEMENT_3D('',#3249,#2437,#2438);
#2151=AXIS2_PLACEMENT_3D('',#3252,#2440,#2441);
#2152=AXIS2_PLACEMENT_3D('',#3253,#2442,#2443);
#2153=AXIS2_PLACEMENT_3D('',#3256,#2445,#2446);
#2154=AXIS2_PLACEMENT_3D('',#3257,#2447,#2448);
#2155=AXIS2_PLACEMENT_3D('',#3260,#2450,#2451);
#2156=AXIS2_PLACEMENT_3D('',#3261,#2452,#2453);
#2157=AXIS2_PLACEMENT_3D('',#3263,#2454,#2455);
#2158=AXIS2_PLACEMENT_3D('',#3265,#2456,#2457);
#2159=AXIS2_PLACEMENT_3D('',#3267,#2458,#2459);
#2160=AXIS2_PLACEMENT_3D('',#3270,#2461,#2462);
#2161=AXIS2_PLACEMENT_3D('',#3273,#2464,#2465);
#2162=AXIS2_PLACEMENT_3D('',#3276,#2467,#2468);
#2163=AXIS2_PLACEMENT_3D('',#3277,#2469,#2470);
#2164=AXIS2_PLACEMENT_3D('',#3279,#2472,#2473);
#2165=AXIS2_PLACEMENT_3D('',#3281,#2475,#2476);
#2166=AXIS2_PLACEMENT_3D('',#3326,#2479,#2480);
#2167=AXIS2_PLACEMENT_3D('',#3328,#2481,#2482);
#2168=AXIS2_PLACEMENT_3D('',#3331,#2484,#2485);
#2169=AXIS2_PLACEMENT_3D('',#3332,#2486,#2487);
#2170=AXIS2_PLACEMENT_3D('',#3334,#2488,#2489);
#2171=AXIS2_PLACEMENT_3D('',#3336,#2490,#2491);
#2172=AXIS2_PLACEMENT_3D('',#3338,#2493,#2494);
#2173=AXIS2_PLACEMENT_3D('',#3375,#2495,#2496);
#2174=AXIS2_PLACEMENT_3D('',#3377,#2498,#2499);
#2175=AXIS2_PLACEMENT_3D('',#3378,#2500,#2501);
#2176=AXIS2_PLACEMENT_3D('',#3380,#2503,#2504);
#2177=AXIS2_PLACEMENT_3D('',#3381,#2505,#2506);
#2178=AXIS2_PLACEMENT_3D('',#3383,#2508,#2509);
#2179=AXIS2_PLACEMENT_3D('',#3384,#2510,#2511);
#2180=AXIS2_PLACEMENT_3D('',#3386,#2512,#2513);
#2181=AXIS2_PLACEMENT_3D('',#3410,#2515,#2516);
#2182=AXIS2_PLACEMENT_3D('',#3430,#2517,#2518);
#2183=AXIS2_PLACEMENT_3D('',#3453,#2519,#2520);
#2184=AXIS2_PLACEMENT_3D('',#3473,#2521,#2522);
#2185=AXIS2_PLACEMENT_3D('',#3496,#2523,#2524);
#2186=AXIS2_PLACEMENT_3D('',#3516,#2525,#2526);
#2187=AXIS2_PLACEMENT_3D('',#3517,#2527,#2528);
#2188=AXIS2_PLACEMENT_3D('',#3519,#2529,#2530);
#2189=AXIS2_PLACEMENT_3D('',#3522,#2532,#2533);
#2190=AXIS2_PLACEMENT_3D('',#3523,#2534,#2535);
#2191=AXIS2_PLACEMENT_3D('',#3525,#2536,#2537);
#2192=AXIS2_PLACEMENT_3D('',#3528,#2539,#2540);
#2193=AXIS2_PLACEMENT_3D('',#3529,#2541,#2542);
#2194=AXIS2_PLACEMENT_3D('',#3538,#2547,#2548);
#2195=AXIS2_PLACEMENT_3D('',#3547,#2553,#2554);
#2196=AXIS2_PLACEMENT_3D('',#3555,#2559,#2560);
#2197=AXIS2_PLACEMENT_3D('',#3560,#2564,#2565);
#2198=AXIS2_PLACEMENT_3D('',#3566,#2569,#2570);
#2199=AXIS2_PLACEMENT_3D('',#3569,#2572,#2573);
#2200=AXIS2_PLACEMENT_3D('',#3570,#2574,#2575);
#2201=AXIS2_PLACEMENT_3D('',#3574,#2578,#2579);
#2202=AXIS2_PLACEMENT_3D('',#3578,#2581,#2582);
#2203=AXIS2_PLACEMENT_3D('',#3579,#2583,#2584);
#2204=AXIS2_PLACEMENT_3D('',#3580,#2585,#2586);
#2205=AXIS2_PLACEMENT_3D('',#3584,#2589,#2590);
#2206=AXIS2_PLACEMENT_3D('',#3585,#2591,#2592);
#2207=AXIS2_PLACEMENT_3D('',#3586,#2593,#2594);
#2208=AXIS2_PLACEMENT_3D('',#3597,#2600,#2601);
#2209=AXIS2_PLACEMENT_3D('',#3603,#2604,#2605);
#2210=AXIS2_PLACEMENT_3D('',#3610,#2609,#2610);
#2211=AXIS2_PLACEMENT_3D('',#3612,#2611,#2612);
#2212=AXIS2_PLACEMENT_3D('',#3619,#2616,#2617);
#2213=AXIS2_PLACEMENT_3D('',#3621,#2618,#2619);
#2214=AXIS2_PLACEMENT_3D('',#3623,#2620,#2621);
#2215=AXIS2_PLACEMENT_3D('',#3625,#2622,#2623);
#2216=AXIS2_PLACEMENT_3D('',#3627,#2624,#2625);
#2217=AXIS2_PLACEMENT_3D('',#3629,#2626,#2627);
#2218=AXIS2_PLACEMENT_3D('',#3631,#2628,#2629);
#2219=AXIS2_PLACEMENT_3D('',#3632,#2630,#2631);
#2220=AXIS2_PLACEMENT_3D('',#3634,#2632,#2633);
#2221=AXIS2_PLACEMENT_3D('',#3636,#2635,#2636);
#2222=AXIS2_PLACEMENT_3D('',#3638,#2637,#2638);
#2223=AXIS2_PLACEMENT_3D('',#3640,#2640,#2641);
#2224=AXIS2_PLACEMENT_3D('',#3649,#2646,#2647);
#2225=AXIS2_PLACEMENT_3D('',#3658,#2652,#2653);
#2226=AXIS2_PLACEMENT_3D('',#3663,#2657,#2658);
#2227=AXIS2_PLACEMENT_3D('',#3666,#2661,#2662);
#2228=AXIS2_PLACEMENT_3D('',#3670,#2665,#2666);
#2229=AXIS2_PLACEMENT_3D('',#3673,#2668,#2669);
#2230=AXIS2_PLACEMENT_3D('',#3674,#2670,#2671);
#2231=AXIS2_PLACEMENT_3D('',#3678,#2674,#2675);
#2232=AXIS2_PLACEMENT_3D('',#3681,#2677,#2678);
#2233=AXIS2_PLACEMENT_3D('',#3682,#2679,#2680);
#2234=AXIS2_PLACEMENT_3D('',#3686,#2683,#2684);
#2235=AXIS2_PLACEMENT_3D('',#3687,#2685,#2686);
#2236=AXIS2_PLACEMENT_3D('',#3688,#2687,#2688);
#2237=AXIS2_PLACEMENT_3D('',#3697,#2693,#2694);
#2238=AXIS2_PLACEMENT_3D('',#3705,#2699,#2700);
#2239=AXIS2_PLACEMENT_3D('',#3707,#2701,#2702);
#2240=AXIS2_PLACEMENT_3D('',#3709,#2704,#2705);
#2241=AXIS2_PLACEMENT_3D('',#3711,#2706,#2707);
#2242=AXIS2_PLACEMENT_3D('',#3713,#2709,#2710);
#2243=AXIS2_PLACEMENT_3D('',#3719,#2714,#2715);
#2244=AXIS2_PLACEMENT_3D('',#3728,#2720,#2721);
#2245=AXIS2_PLACEMENT_3D('',#3733,#2725,#2726);
#2246=AXIS2_PLACEMENT_3D('',#3735,#2728,#2729);
#2247=AXIS2_PLACEMENT_3D('',#3738,#2731,#2732);
#2248=AXIS2_PLACEMENT_3D('',#3739,#2733,#2734);
#2249=AXIS2_PLACEMENT_3D('',#3743,#2737,#2738);
#2250=AXIS2_PLACEMENT_3D('',#3746,#2740,#2741);
#2251=AXIS2_PLACEMENT_3D('',#3747,#2742,#2743);
#2252=AXIS2_PLACEMENT_3D('',#3751,#2746,#2747);
#2253=AXIS2_PLACEMENT_3D('',#3752,#2748,#2749);
#2254=AXIS2_PLACEMENT_3D('',#3753,#2750,#2751);
#2255=AXIS2_PLACEMENT_3D('',#3755,#2752,#2753);
#2256=AXIS2_PLACEMENT_3D('',#3757,#2755,#2756);
#2257=AXIS2_PLACEMENT_3D('',#3759,#2757,#2758);
#2258=AXIS2_PLACEMENT_3D('',#3761,#2760,#2761);
#2259=AXIS2_PLACEMENT_3D('',#3764,#2764,#2765);
#2260=AXIS2_PLACEMENT_3D('',#3773,#2770,#2771);
#2261=AXIS2_PLACEMENT_3D('',#3778,#2775,#2776);
#2262=AXIS2_PLACEMENT_3D('',#3780,#2778,#2779);
#2263=AXIS2_PLACEMENT_3D('',#3781,#2780,#2781);
#2264=AXIS2_PLACEMENT_3D('',#3782,#2782,#2783);
#2265=AXIS2_PLACEMENT_3D('',#3784,#2784,#2785);
#2266=AXIS2_PLACEMENT_3D('',#3787,#2787,#2788);
#2267=AXIS2_PLACEMENT_3D('',#3790,#2790,#2791);
#2268=AXIS2_PLACEMENT_3D('',#3813,#2792,#2793);
#2269=AXIS2_PLACEMENT_3D('',#3833,#2794,#2795);
#2270=AXIS2_PLACEMENT_3D('',#3856,#2796,#2797);
#2271=AXIS2_PLACEMENT_3D('',#3876,#2798,#2799);
#2272=AXIS2_PLACEMENT_3D('',#3899,#2800,#2801);
#2273=AXIS2_PLACEMENT_3D('',#3919,#2802,#2803);
#2274=AXIS2_PLACEMENT_3D('',#3920,#2804,#2805);
#2275=AXIS2_PLACEMENT_3D('',#3922,#2807,#2808);
#2276=AXIS2_PLACEMENT_3D('',#3924,#2810,#2811);
#2277=AXIS2_PLACEMENT_3D('',#3925,#2812,#2813);
#2278=AXIS2_PLACEMENT_3D('',#3927,#2815,#2816);
#2279=AXIS2_PLACEMENT_3D('',#3930,#2819,#2820);
#2280=AXIS2_PLACEMENT_3D('',#3932,#2822,#2823);
#2281=AXIS2_PLACEMENT_3D('',#3934,#2825,#2826);
#2282=AXIS2_PLACEMENT_3D('',#3935,#2827,#2828);
#2283=AXIS2_PLACEMENT_3D('',#3938,#2831,#2832);
#2284=AXIS2_PLACEMENT_3D('',#3940,#2834,#2835);
#2285=AXIS2_PLACEMENT_3D('',#3942,#2837,#2838);
#2286=AXIS2_PLACEMENT_3D('',#3943,#2839,#2840);
#2287=AXIS2_PLACEMENT_3D('',#3946,#2843,#2844);
#2288=AXIS2_PLACEMENT_3D('',#3948,#2846,#2847);
#2289=AXIS2_PLACEMENT_3D('',#3950,#2849,#2850);
#2290=DIRECTION('axis',(0.,0.,1.));
#2291=DIRECTION('refdir',(1.,0.,0.));
#2292=DIRECTION('',(0.,0.,1.));
#2293=DIRECTION('',(0.,0.,-1.));
#2294=DIRECTION('center_axis',(-1.,0.,0.));
#2295=DIRECTION('ref_axis',(0.,1.,0.));
#2296=DIRECTION('',(0.,-1.,0.));
#2297=DIRECTION('',(0.,1.,0.));
#2298=DIRECTION('',(0.,0.,-1.));
#2299=DIRECTION('',(0.,0.,-1.));
#2300=DIRECTION('center_axis',(0.,1.,0.));
#2301=DIRECTION('ref_axis',(1.,0.,0.));
#2302=DIRECTION('',(-1.,0.,0.));
#2303=DIRECTION('',(1.,0.,0.));
#2304=DIRECTION('',(0.,0.,-1.));
#2305=DIRECTION('',(0.,0.,-1.));
#2306=DIRECTION('center_axis',(1.,0.,0.));
#2307=DIRECTION('ref_axis',(0.,-1.,0.));
#2308=DIRECTION('',(0.,1.,0.));
#2309=DIRECTION('',(0.,-1.,0.));
#2310=DIRECTION('',(0.,0.,-1.));
#2311=DIRECTION('',(0.,0.,-1.));
#2312=DIRECTION('center_axis',(1.,0.,0.));
#2313=DIRECTION('ref_axis',(0.,1.,0.));
#2314=DIRECTION('',(0.,-1.,0.));
#2315=DIRECTION('',(0.,0.,1.));
#2316=DIRECTION('',(0.,-1.,0.));
#2317=DIRECTION('center_axis',(0.,0.,1.));
#2318=DIRECTION('ref_axis',(1.,0.,0.));
#2319=DIRECTION('center_axis',(0.,0.,-1.));
#2320=DIRECTION('ref_axis',(1.,0.,0.));
#2321=DIRECTION('center_axis',(0.,0.,1.));
#2322=DIRECTION('ref_axis',(-1.,0.,0.));
#2323=DIRECTION('center_axis',(0.,0.,1.));
#2324=DIRECTION('ref_axis',(-1.,0.,0.));
#2325=DIRECTION('center_axis',(0.,0.,-1.));
#2326=DIRECTION('ref_axis',(-1.,0.,0.));
#2327=DIRECTION('center_axis',(0.,0.,-1.));
#2328=DIRECTION('ref_axis',(-1.,0.,0.));
#2329=DIRECTION('center_axis',(0.,0.,-1.));
#2330=DIRECTION('ref_axis',(-1.,0.,0.));
#2331=DIRECTION('center_axis',(0.,0.,-1.));
#2332=DIRECTION('ref_axis',(0.,1.,0.));
#2333=DIRECTION('',(1.,0.,0.));
#2334=DIRECTION('center_axis',(0.,0.,-1.));
#2335=DIRECTION('ref_axis',(-1.,0.,0.));
#2336=DIRECTION('',(0.,1.,0.));
#2337=DIRECTION('center_axis',(0.,0.,1.));
#2338=DIRECTION('ref_axis',(-1.,0.,0.));
#2339=DIRECTION('center_axis',(0.,0.,-1.));
#2340=DIRECTION('ref_axis',(-1.,0.,0.));
#2341=DIRECTION('center_axis',(0.,0.,-1.));
#2342=DIRECTION('ref_axis',(-1.,0.,0.));
#2343=DIRECTION('center_axis',(0.,0.,1.));
#2344=DIRECTION('ref_axis',(-1.,0.,0.));
#2345=DIRECTION('center_axis',(0.,0.,1.));
#2346=DIRECTION('ref_axis',(-1.,0.,0.));
#2347=DIRECTION('center_axis',(0.,0.,-1.));
#2348=DIRECTION('ref_axis',(-1.,0.,0.));
#2349=DIRECTION('',(0.,-1.,0.));
#2350=DIRECTION('center_axis',(0.,0.,-1.));
#2351=DIRECTION('ref_axis',(1.,-4.44089170145397E-16,0.));
#2352=DIRECTION('',(0.,1.,0.));
#2353=DIRECTION('center_axis',(0.,0.,-1.));
#2354=DIRECTION('ref_axis',(-4.44089170145397E-16,1.,0.));
#2355=DIRECTION('',(-1.,-2.96059473233375E-16,0.));
#2356=DIRECTION('center_axis',(0.,0.,-1.));
#2357=DIRECTION('ref_axis',(4.44089170145396E-16,-1.,0.));
#2358=DIRECTION('',(1.,2.96059473233375E-16,0.));
#2359=DIRECTION('center_axis',(0.,0.,-1.));
#2360=DIRECTION('ref_axis',(-1.,0.,0.));
#2361=DIRECTION('',(0.,-1.,0.));
#2362=DIRECTION('center_axis',(0.,0.,-1.));
#2363=DIRECTION('ref_axis',(1.,0.,0.));
#2364=DIRECTION('',(0.,1.,0.));
#2365=DIRECTION('center_axis',(0.,0.,-1.));
#2366=DIRECTION('ref_axis',(1.,0.,0.));
#2367=DIRECTION('',(0.,0.,-1.));
#2368=DIRECTION('center_axis',(0.,0.,-1.));
#2369=DIRECTION('ref_axis',(1.,0.,0.));
#2370=DIRECTION('',(0.,0.,-1.));
#2371=DIRECTION('center_axis',(1.,0.,0.));
#2372=DIRECTION('ref_axis',(0.,-1.,0.));
#2373=DIRECTION('',(0.,0.,-1.));
#2374=DIRECTION('',(0.,-1.,0.));
#2375=DIRECTION('center_axis',(0.,0.,-1.));
#2376=DIRECTION('ref_axis',(4.44089170145396E-16,-1.,0.));
#2377=DIRECTION('',(0.,0.,-1.));
#2378=DIRECTION('center_axis',(0.,0.,-1.));
#2379=DIRECTION('ref_axis',(4.44089170145396E-16,-1.,0.));
#2380=DIRECTION('',(0.,0.,-1.));
#2381=DIRECTION('center_axis',(2.96059473233375E-16,-1.,0.));
#2382=DIRECTION('ref_axis',(-1.,-2.96059473233375E-16,0.));
#2383=DIRECTION('',(0.,0.,-1.));
#2384=DIRECTION('',(-1.,-2.96059473233375E-16,0.));
#2385=DIRECTION('center_axis',(0.,0.,-1.));
#2386=DIRECTION('ref_axis',(1.,-4.44089170145397E-16,0.));
#2387=DIRECTION('',(0.,0.,-1.));
#2388=DIRECTION('center_axis',(0.,0.,-1.));
#2389=DIRECTION('ref_axis',(1.,-4.44089170145397E-16,0.));
#2390=DIRECTION('',(0.,0.,-1.));
#2391=DIRECTION('center_axis',(1.,0.,0.));
#2392=DIRECTION('ref_axis',(0.,-1.,0.));
#2393=DIRECTION('',(0.,0.,-1.));
#2394=DIRECTION('',(0.,-1.,0.));
#2395=DIRECTION('center_axis',(0.,0.,1.));
#2396=DIRECTION('ref_axis',(-1.,0.,0.));
#2397=DIRECTION('',(0.,0.,1.));
#2398=DIRECTION('center_axis',(0.,0.,-1.));
#2399=DIRECTION('ref_axis',(-1.,0.,0.));
#2400=DIRECTION('center_axis',(0.,0.,1.));
#2401=DIRECTION('ref_axis',(-1.,0.,0.));
#2402=DIRECTION('',(0.,0.,1.));
#2403=DIRECTION('center_axis',(0.,0.,-1.));
#2404=DIRECTION('ref_axis',(-1.,0.,0.));
#2405=DIRECTION('center_axis',(0.,0.,1.));
#2406=DIRECTION('ref_axis',(-1.,0.,0.));
#2407=DIRECTION('',(0.,0.,1.));
#2408=DIRECTION('center_axis',(0.,0.,1.));
#2409=DIRECTION('ref_axis',(-1.,0.,0.));
#2410=DIRECTION('center_axis',(-1.,0.,0.));
#2411=DIRECTION('ref_axis',(0.,-1.,0.));
#2412=DIRECTION('',(0.,0.,-1.));
#2413=DIRECTION('',(0.,1.,0.));
#2414=DIRECTION('center_axis',(0.,0.,-1.));
#2415=DIRECTION('ref_axis',(-1.,0.,0.));
#2416=DIRECTION('',(0.,0.,1.));
#2417=DIRECTION('center_axis',(0.,0.,-1.));
#2418=DIRECTION('ref_axis',(-1.,0.,0.));
#2419=DIRECTION('center_axis',(0.,1.,0.));
#2420=DIRECTION('ref_axis',(-1.,0.,0.));
#2421=DIRECTION('',(0.,0.,-1.));
#2422=DIRECTION('',(1.,0.,0.));
#2423=DIRECTION('center_axis',(0.,0.,-1.));
#2424=DIRECTION('ref_axis',(0.,1.,0.));
#2425=DIRECTION('center_axis',(0.,0.,-1.));
#2426=DIRECTION('ref_axis',(0.,1.,0.));
#2427=DIRECTION('center_axis',(0.,0.,1.));
#2428=DIRECTION('ref_axis',(-1.,0.,0.));
#2429=DIRECTION('',(0.,0.,1.));
#2430=DIRECTION('center_axis',(0.,0.,-1.));
#2431=DIRECTION('ref_axis',(-1.,0.,0.));
#2432=DIRECTION('center_axis',(0.,0.,1.));
#2433=DIRECTION('ref_axis',(-1.,0.,0.));
#2434=DIRECTION('',(0.,0.,1.));
#2435=DIRECTION('center_axis',(0.,0.,-1.));
#2436=DIRECTION('ref_axis',(-1.,0.,0.));
#2437=DIRECTION('center_axis',(0.,0.,1.));
#2438=DIRECTION('ref_axis',(-1.,0.,0.));
#2439=DIRECTION('',(0.,0.,1.));
#2440=DIRECTION('center_axis',(0.,0.,-1.));
#2441=DIRECTION('ref_axis',(-1.,0.,0.));
#2442=DIRECTION('center_axis',(0.,0.,1.));
#2443=DIRECTION('ref_axis',(-1.,0.,0.));
#2444=DIRECTION('',(0.,0.,1.));
#2445=DIRECTION('center_axis',(0.,0.,-1.));
#2446=DIRECTION('ref_axis',(-1.,0.,0.));
#2447=DIRECTION('center_axis',(0.,0.,1.));
#2448=DIRECTION('ref_axis',(-1.,0.,0.));
#2449=DIRECTION('',(0.,0.,1.));
#2450=DIRECTION('center_axis',(0.,0.,-1.));
#2451=DIRECTION('ref_axis',(-1.,0.,0.));
#2452=DIRECTION('center_axis',(0.,0.,1.));
#2453=DIRECTION('ref_axis',(1.,0.,0.));
#2454=DIRECTION('center_axis',(0.,0.,-1.));
#2455=DIRECTION('ref_axis',(1.,0.,0.));
#2456=DIRECTION('center_axis',(0.,0.,-1.));
#2457=DIRECTION('ref_axis',(-1.,0.,0.));
#2458=DIRECTION('center_axis',(0.,0.,-1.));
#2459=DIRECTION('ref_axis',(-1.,0.,0.));
#2460=DIRECTION('',(0.,1.,0.));
#2461=DIRECTION('center_axis',(0.,0.,-1.));
#2462=DIRECTION('ref_axis',(-1.,0.,0.));
#2463=DIRECTION('',(1.,2.96059473233375E-16,0.));
#2464=DIRECTION('center_axis',(0.,0.,-1.));
#2465=DIRECTION('ref_axis',(-4.44089170145397E-16,1.,0.));
#2466=DIRECTION('',(0.,1.,0.));
#2467=DIRECTION('center_axis',(0.,0.,-1.));
#2468=DIRECTION('ref_axis',(-1.,0.,0.));
#2469=DIRECTION('center_axis',(0.,0.,1.));
#2470=DIRECTION('ref_axis',(-1.,0.,0.));
#2471=DIRECTION('',(0.,0.,1.));
#2472=DIRECTION('center_axis',(0.,0.,1.));
#2473=DIRECTION('ref_axis',(-1.,0.,0.));
#2474=DIRECTION('',(0.,0.,1.));
#2475=DIRECTION('center_axis',(-0.707106781186547,0.707106781186548,0.));
#2476=DIRECTION('ref_axis',(0.,0.,1.));
#2477=DIRECTION('',(-0.707106781186547,0.707106781186548,0.));
#2478=DIRECTION('',(-0.707106781186547,0.707106781186548,0.));
#2479=DIRECTION('center_axis',(0.,0.,1.));
#2480=DIRECTION('ref_axis',(0.707106781186548,0.707106781186547,0.));
#2481=DIRECTION('center_axis',(0.,0.,-1.));
#2482=DIRECTION('ref_axis',(1.,0.,0.));
#2483=DIRECTION('',(-0.707106781186547,0.707106781186548,0.));
#2484=DIRECTION('center_axis',(0.,0.,1.));
#2485=DIRECTION('ref_axis',(1.,0.,0.));
#2486=DIRECTION('center_axis',(0.,0.,-1.));
#2487=DIRECTION('ref_axis',(-0.707106781186548,-0.707106781186547,0.));
#2488=DIRECTION('center_axis',(0.,0.,1.));
#2489=DIRECTION('ref_axis',(1.,0.,0.));
#2490=DIRECTION('center_axis',(0.,0.,-1.));
#2491=DIRECTION('ref_axis',(1.,0.,0.));
#2492=DIRECTION('',(-0.707106781186547,0.707106781186548,0.));
#2493=DIRECTION('center_axis',(-0.707106781186547,0.707106781186548,0.));
#2494=DIRECTION('ref_axis',(0.,0.,-1.));
#2495=DIRECTION('center_axis',(-1.,0.,0.));
#2496=DIRECTION('ref_axis',(0.,1.,0.));
#2497=DIRECTION('',(0.,0.,-1.));
#2498=DIRECTION('center_axis',(0.,0.,-1.));
#2499=DIRECTION('ref_axis',(-1.,0.,0.));
#2500=DIRECTION('center_axis',(-2.96059473233375E-16,1.,0.));
#2501=DIRECTION('ref_axis',(1.,2.96059473233375E-16,0.));
#2502=DIRECTION('',(0.,0.,-1.));
#2503=DIRECTION('center_axis',(0.,0.,-1.));
#2504=DIRECTION('ref_axis',(-4.44089170145397E-16,1.,0.));
#2505=DIRECTION('center_axis',(-1.,0.,0.));
#2506=DIRECTION('ref_axis',(0.,1.,0.));
#2507=DIRECTION('',(0.,0.,-1.));
#2508=DIRECTION('center_axis',(0.,0.,-1.));
#2509=DIRECTION('ref_axis',(-1.,0.,0.));
#2510=DIRECTION('center_axis',(0.,0.,1.));
#2511=DIRECTION('ref_axis',(1.,0.,0.));
#2512=DIRECTION('center_axis',(0.,0.,1.));
#2513=DIRECTION('ref_axis',(1.,0.,0.));
#2514=DIRECTION('',(0.,0.,1.));
#2515=DIRECTION('center_axis',(0.,0.,1.));
#2516=DIRECTION('ref_axis',(-1.83697019872103E-16,1.,0.));
#2517=DIRECTION('center_axis',(0.,0.,-1.));
#2518=DIRECTION('ref_axis',(-1.83697019872103E-16,1.,0.));
#2519=DIRECTION('center_axis',(0.,0.,1.));
#2520=DIRECTION('ref_axis',(-1.,-1.22464679914735E-16,0.));
#2521=DIRECTION('center_axis',(0.,0.,-1.));
#2522=DIRECTION('ref_axis',(-1.,-1.22464679914735E-16,0.));
#2523=DIRECTION('center_axis',(0.,0.,1.));
#2524=DIRECTION('ref_axis',(6.12323399573677E-17,-1.,0.));
#2525=DIRECTION('center_axis',(0.,0.,-1.));
#2526=DIRECTION('ref_axis',(6.12323399573677E-17,-1.,0.));
#2527=DIRECTION('center_axis',(0.,0.,-1.));
#2528=DIRECTION('ref_axis',(1.83697019872103E-16,1.,0.));
#2529=DIRECTION('center_axis',(0.,0.,1.));
#2530=DIRECTION('ref_axis',(1.83697019872103E-16,1.,0.));
#2531=DIRECTION('',(0.,0.,-1.));
#2532=DIRECTION('center_axis',(0.,0.,1.));
#2533=DIRECTION('ref_axis',(1.83697019872103E-16,1.,0.));
#2534=DIRECTION('center_axis',(0.,0.,-1.));
#2535=DIRECTION('ref_axis',(1.83697019872103E-16,1.,0.));
#2536=DIRECTION('center_axis',(0.,0.,1.));
#2537=DIRECTION('ref_axis',(1.83697019872103E-16,1.,0.));
#2538=DIRECTION('',(0.,0.,-1.));
#2539=DIRECTION('center_axis',(0.,0.,1.));
#2540=DIRECTION('ref_axis',(1.83697019872103E-16,1.,0.));
#2541=DIRECTION('center_axis',(0.873658252962477,-1.60488417455875E-16,
-0.486540087793959));
#2542=DIRECTION('ref_axis',(0.486540087793959,-8.93759641760616E-17,0.873658252962477));
#2543=DIRECTION('',(-0.486540087793959,8.93759641760616E-17,-0.873658252962477));
#2544=DIRECTION('',(-1.83697019872103E-16,-1.,0.));
#2545=DIRECTION('',(0.486540087793959,-8.93759641760616E-17,0.873658252962477));
#2546=DIRECTION('',(1.83697019872103E-16,1.,0.));
#2547=DIRECTION('center_axis',(0.873658252962477,-1.60488417455875E-16,
-0.486540087793959));
#2548=DIRECTION('ref_axis',(0.486540087793959,-8.93759641760616E-17,0.873658252962477));
#2549=DIRECTION('',(-0.486540087793959,8.93759641760616E-17,-0.873658252962477));
#2550=DIRECTION('',(-1.83697019872103E-16,-1.,0.));
#2551=DIRECTION('',(0.486540087793959,-8.93759641760616E-17,0.873658252962477));
#2552=DIRECTION('',(1.83697019872103E-16,1.,0.));
#2553=DIRECTION('center_axis',(-1.83697019872103E-16,-1.,0.));
#2554=DIRECTION('ref_axis',(1.,-1.83697019872103E-16,0.));
#2555=DIRECTION('',(0.,0.,1.));
#2556=DIRECTION('',(1.,-1.83697019872103E-16,0.));
#2557=DIRECTION('',(0.,0.,-1.));
#2558=DIRECTION('',(1.,-1.83697019872103E-16,0.));
#2559=DIRECTION('center_axis',(-1.,1.83697019872103E-16,0.));
#2560=DIRECTION('ref_axis',(-1.83697019872103E-16,-1.,0.));
#2561=DIRECTION('',(-1.83697019872103E-16,-1.,0.));
#2562=DIRECTION('',(0.,0.,1.));
#2563=DIRECTION('',(-1.83697019872103E-16,-1.,0.));
#2564=DIRECTION('center_axis',(1.83697019872103E-16,1.,0.));
#2565=DIRECTION('ref_axis',(-1.,1.83697019872103E-16,0.));
#2566=DIRECTION('',(-1.,-1.28695835661789E-16,0.));
#2567=DIRECTION('',(0.,0.,1.));
#2568=DIRECTION('',(1.,-1.83697019872103E-16,0.));
#2569=DIRECTION('center_axis',(0.,0.,1.));
#2570=DIRECTION('ref_axis',(1.83697019872103E-16,1.,0.));
#2571=DIRECTION('',(1.,-1.83697019872103E-16,0.));
#2572=DIRECTION('center_axis',(0.,0.,1.));
#2573=DIRECTION('ref_axis',(1.,0.,0.));
#2574=DIRECTION('center_axis',(-1.83697019872103E-16,-1.,0.));
#2575=DIRECTION('ref_axis',(1.,-1.83697019872103E-16,0.));
#2576=DIRECTION('',(-1.,1.83697019872103E-16,0.));
#2577=DIRECTION('',(0.,0.,-1.));
#2578=DIRECTION('center_axis',(0.,0.,-1.));
#2579=DIRECTION('ref_axis',(1.83697019872103E-16,1.,0.));
#2580=DIRECTION('',(1.,-1.83697019872103E-16,0.));
#2581=DIRECTION('center_axis',(0.,0.,1.));
#2582=DIRECTION('ref_axis',(1.,0.,0.));
#2583=DIRECTION('center_axis',(0.,0.,1.));
#2584=DIRECTION('ref_axis',(1.,0.,0.));
#2585=DIRECTION('center_axis',(1.83697019872103E-16,1.,0.));
#2586=DIRECTION('ref_axis',(-1.,1.83697019872103E-16,0.));
#2587=DIRECTION('',(-1.,1.83697019872103E-16,0.));
#2588=DIRECTION('',(0.,0.,1.));
#2589=DIRECTION('center_axis',(0.,0.,1.));
#2590=DIRECTION('ref_axis',(1.83697019872103E-16,1.,0.));
#2591=DIRECTION('center_axis',(0.,0.,1.));
#2592=DIRECTION('ref_axis',(1.,0.,0.));
#2593=DIRECTION('center_axis',(-6.12323399573677E-17,-1.,0.));
#2594=DIRECTION('ref_axis',(1.,-6.12323399573677E-17,0.));
#2595=DIRECTION('',(-1.,6.12323399573677E-17,0.));
#2596=DIRECTION('',(0.,0.,1.));
#2597=DIRECTION('',(-0.486540087793959,2.97919880586872E-17,0.873658252962477));
#2598=DIRECTION('',(1.,2.51160515576524E-16,0.));
#2599=DIRECTION('',(0.,0.,1.));
#2600=DIRECTION('center_axis',(0.,0.,-1.));
#2601=DIRECTION('ref_axis',(-6.12323399573677E-17,-1.,0.));
#2602=DIRECTION('',(-1.,6.12323399573677E-17,0.));
#2603=DIRECTION('',(6.12323399573677E-17,1.,0.));
#2604=DIRECTION('center_axis',(0.,0.,-1.));
#2605=DIRECTION('ref_axis',(-1.,0.,0.));
#2606=DIRECTION('',(0.,1.,0.));
#2607=DIRECTION('',(1.,0.,0.));
#2608=DIRECTION('',(0.,1.,0.));
#2609=DIRECTION('center_axis',(0.,0.,-1.));
#2610=DIRECTION('ref_axis',(-1.,0.,0.));
#2611=DIRECTION('center_axis',(0.,0.,-1.));
#2612=DIRECTION('ref_axis',(-1.,0.,0.));
#2613=DIRECTION('',(-1.22464679914735E-16,-1.,0.));
#2614=DIRECTION('',(-1.,1.22464679914735E-16,0.));
#2615=DIRECTION('',(-1.22464679914735E-16,-1.,0.));
#2616=DIRECTION('center_axis',(0.,0.,-1.));
#2617=DIRECTION('ref_axis',(-1.,0.,0.));
#2618=DIRECTION('center_axis',(0.,0.,1.));
#2619=DIRECTION('ref_axis',(-6.12323399573677E-17,-1.,0.));
#2620=DIRECTION('center_axis',(0.,0.,1.));
#2621=DIRECTION('ref_axis',(-6.12323399573677E-17,-1.,0.));
#2622=DIRECTION('center_axis',(0.,0.,1.));
#2623=DIRECTION('ref_axis',(1.,-1.22464679914735E-16,0.));
#2624=DIRECTION('center_axis',(0.,0.,1.));
#2625=DIRECTION('ref_axis',(1.,-1.22464679914735E-16,0.));
#2626=DIRECTION('center_axis',(0.,0.,1.));
#2627=DIRECTION('ref_axis',(-1.,0.,0.));
#2628=DIRECTION('center_axis',(0.,0.,1.));
#2629=DIRECTION('ref_axis',(-1.,0.,0.));
#2630=DIRECTION('center_axis',(0.,0.,-1.));
#2631=DIRECTION('ref_axis',(1.,-1.22464679914735E-16,0.));
#2632=DIRECTION('center_axis',(0.,0.,1.));
#2633=DIRECTION('ref_axis',(1.,-1.22464679914735E-16,0.));
#2634=DIRECTION('',(0.,0.,-1.));
#2635=DIRECTION('center_axis',(0.,0.,-1.));
#2636=DIRECTION('ref_axis',(1.,-1.22464679914735E-16,0.));
#2637=DIRECTION('center_axis',(0.,0.,1.));
#2638=DIRECTION('ref_axis',(1.,-1.22464679914735E-16,0.));
#2639=DIRECTION('',(0.,0.,-1.));
#2640=DIRECTION('center_axis',(-1.06992278303917E-16,-0.873658252962477,
-0.486540087793959));
#2641=DIRECTION('ref_axis',(-5.95839761173744E-17,-0.486540087793959,0.873658252962477));
#2642=DIRECTION('',(5.95839761173744E-17,0.486540087793959,-0.873658252962477));
#2643=DIRECTION('',(-1.,1.22464679914735E-16,0.));
#2644=DIRECTION('',(-5.95839761173744E-17,-0.486540087793959,0.873658252962477));
#2645=DIRECTION('',(1.,-1.22464679914735E-16,0.));
#2646=DIRECTION('center_axis',(-1.06992278303917E-16,-0.873658252962477,
-0.486540087793959));
#2647=DIRECTION('ref_axis',(-5.95839761173744E-17,-0.486540087793959,0.873658252962477));
#2648=DIRECTION('',(5.95839761173744E-17,0.486540087793959,-0.873658252962477));
#2649=DIRECTION('',(-1.,1.22464679914735E-16,0.));
#2650=DIRECTION('',(-5.95839761173744E-17,-0.486540087793959,0.873658252962477));
#2651=DIRECTION('',(1.,-1.22464679914735E-16,0.));
#2652=DIRECTION('center_axis',(-1.,1.22464679914735E-16,0.));
#2653=DIRECTION('ref_axis',(-1.22464679914735E-16,-1.,0.));
#2654=DIRECTION('',(0.,0.,1.));
#2655=DIRECTION('',(0.,0.,-1.));
#2656=DIRECTION('',(-1.22464679914735E-16,-1.,0.));
#2657=DIRECTION('center_axis',(1.22464679914735E-16,1.,0.));
#2658=DIRECTION('ref_axis',(-1.,1.22464679914735E-16,0.));
#2659=DIRECTION('',(-1.,1.22464679914735E-16,0.));
#2660=DIRECTION('',(0.,0.,1.));
#2661=DIRECTION('center_axis',(1.,-1.22464679914735E-16,0.));
#2662=DIRECTION('ref_axis',(1.22464679914735E-16,1.,0.));
#2663=DIRECTION('',(-1.89928175619156E-16,1.,0.));
#2664=DIRECTION('',(0.,0.,1.));
#2665=DIRECTION('center_axis',(0.,0.,1.));
#2666=DIRECTION('ref_axis',(1.,-1.22464679914735E-16,0.));
#2667=DIRECTION('',(-1.22464679914735E-16,-1.,0.));
#2668=DIRECTION('center_axis',(0.,0.,1.));
#2669=DIRECTION('ref_axis',(1.,0.,0.));
#2670=DIRECTION('center_axis',(-1.,1.22464679914735E-16,0.));
#2671=DIRECTION('ref_axis',(-1.22464679914735E-16,-1.,0.));
#2672=DIRECTION('',(1.22464679914735E-16,1.,0.));
#2673=DIRECTION('',(0.,0.,-1.));
#2674=DIRECTION('center_axis',(0.,0.,-1.));
#2675=DIRECTION('ref_axis',(1.,-1.22464679914735E-16,0.));
#2676=DIRECTION('',(-1.22464679914735E-16,-1.,0.));
#2677=DIRECTION('center_axis',(0.,0.,1.));
#2678=DIRECTION('ref_axis',(1.,0.,0.));
#2679=DIRECTION('center_axis',(1.,-1.22464679914735E-16,0.));
#2680=DIRECTION('ref_axis',(1.22464679914735E-16,1.,0.));
#2681=DIRECTION('',(1.22464679914735E-16,1.,0.));
#2682=DIRECTION('',(0.,0.,1.));
#2683=DIRECTION('center_axis',(0.,0.,1.));
#2684=DIRECTION('ref_axis',(1.,-1.22464679914735E-16,0.));
#2685=DIRECTION('center_axis',(0.,0.,1.));
#2686=DIRECTION('ref_axis',(1.,0.,0.));
#2687=DIRECTION('center_axis',(1.,0.,0.));
#2688=DIRECTION('ref_axis',(0.,1.,0.));
#2689=DIRECTION('',(0.,-0.486540087793959,-0.873658252962477));
#2690=DIRECTION('',(0.,-1.,0.));
#2691=DIRECTION('',(0.,0.,-1.));
#2692=DIRECTION('',(0.,1.,0.));
#2693=DIRECTION('center_axis',(-1.,0.,0.));
#2694=DIRECTION('ref_axis',(0.,-1.,0.));
#2695=DIRECTION('',(0.,0.,1.));
#2696=DIRECTION('',(0.,0.486540087793959,0.873658252962477));
#2697=DIRECTION('',(3.12392855533892E-16,-1.,0.));
#2698=DIRECTION('',(0.,0.,1.));
#2699=DIRECTION('center_axis',(0.,0.,-1.));
#2700=DIRECTION('ref_axis',(-6.12323399573677E-17,-1.,0.));
#2701=DIRECTION('center_axis',(0.,0.,1.));
#2702=DIRECTION('ref_axis',(-6.12323399573677E-17,-1.,0.));
#2703=DIRECTION('',(0.,0.,-1.));
#2704=DIRECTION('center_axis',(0.,0.,-1.));
#2705=DIRECTION('ref_axis',(-6.12323399573677E-17,-1.,0.));
#2706=DIRECTION('center_axis',(0.,0.,1.));
#2707=DIRECTION('ref_axis',(-6.12323399573677E-17,-1.,0.));
#2708=DIRECTION('',(0.,0.,-1.));
#2709=DIRECTION('center_axis',(-0.873658252962477,5.34961391519583E-17,
-0.486540087793959));
#2710=DIRECTION('ref_axis',(-0.486540087793959,2.97919880586872E-17,0.873658252962477));
#2711=DIRECTION('',(0.486540087793959,-2.97919880586872E-17,-0.873658252962477));
#2712=DIRECTION('',(6.12323399573677E-17,1.,0.));
#2713=DIRECTION('',(-6.12323399573677E-17,-1.,0.));
#2714=DIRECTION('center_axis',(-0.873658252962477,5.34961391519583E-17,
-0.486540087793959));
#2715=DIRECTION('ref_axis',(-0.486540087793959,2.97919880586872E-17,0.873658252962477));
#2716=DIRECTION('',(0.486540087793959,-2.97919880586872E-17,-0.873658252962477));
#2717=DIRECTION('',(6.12323399573677E-17,1.,0.));
#2718=DIRECTION('',(-0.486540087793959,2.97919880586872E-17,0.873658252962477));
#2719=DIRECTION('',(-6.12323399573677E-17,-1.,0.));
#2720=DIRECTION('center_axis',(6.12323399573677E-17,1.,0.));
#2721=DIRECTION('ref_axis',(-1.,6.12323399573677E-17,0.));
#2722=DIRECTION('',(0.,0.,1.));
#2723=DIRECTION('',(0.,0.,-1.));
#2724=DIRECTION('',(-1.,6.12323399573677E-17,0.));
#2725=DIRECTION('center_axis',(1.,-6.12323399573677E-17,0.));
#2726=DIRECTION('ref_axis',(6.12323399573677E-17,1.,0.));
#2727=DIRECTION('',(6.12323399573677E-17,1.,0.));
#2728=DIRECTION('center_axis',(0.,0.,1.));
#2729=DIRECTION('ref_axis',(-6.12323399573677E-17,-1.,0.));
#2730=DIRECTION('',(-1.,6.12323399573677E-17,0.));
#2731=DIRECTION('center_axis',(0.,0.,1.));
#2732=DIRECTION('ref_axis',(1.,0.,0.));
#2733=DIRECTION('center_axis',(6.12323399573677E-17,1.,0.));
#2734=DIRECTION('ref_axis',(-1.,6.12323399573677E-17,0.));
#2735=DIRECTION('',(1.,-6.12323399573677E-17,0.));
#2736=DIRECTION('',(0.,0.,-1.));
#2737=DIRECTION('center_axis',(0.,0.,-1.));
#2738=DIRECTION('ref_axis',(-6.12323399573677E-17,-1.,0.));
#2739=DIRECTION('',(-1.,6.12323399573677E-17,0.));
#2740=DIRECTION('center_axis',(0.,0.,1.));
#2741=DIRECTION('ref_axis',(1.,0.,0.));
#2742=DIRECTION('center_axis',(-6.12323399573677E-17,-1.,0.));
#2743=DIRECTION('ref_axis',(1.,-6.12323399573677E-17,0.));
#2744=DIRECTION('',(1.,-6.12323399573677E-17,0.));
#2745=DIRECTION('',(0.,0.,1.));
#2746=DIRECTION('center_axis',(0.,0.,1.));
#2747=DIRECTION('ref_axis',(-6.12323399573677E-17,-1.,0.));
#2748=DIRECTION('center_axis',(0.,0.,1.));
#2749=DIRECTION('ref_axis',(1.,0.,0.));
#2750=DIRECTION('center_axis',(0.,0.,-1.));
#2751=DIRECTION('ref_axis',(-1.,0.,0.));
#2752=DIRECTION('center_axis',(0.,0.,1.));
#2753=DIRECTION('ref_axis',(-1.,0.,0.));
#2754=DIRECTION('',(0.,0.,-1.));
#2755=DIRECTION('center_axis',(0.,0.,-1.));
#2756=DIRECTION('ref_axis',(-1.,0.,0.));
#2757=DIRECTION('center_axis',(0.,0.,1.));
#2758=DIRECTION('ref_axis',(-1.,0.,0.));
#2759=DIRECTION('',(0.,0.,-1.));
#2760=DIRECTION('center_axis',(0.,0.873658252962477,-0.486540087793959));
#2761=DIRECTION('ref_axis',(0.,0.486540087793959,0.873658252962477));
#2762=DIRECTION('',(1.,0.,0.));
#2763=DIRECTION('',(-1.,0.,0.));
#2764=DIRECTION('center_axis',(0.,0.873658252962477,-0.486540087793959));
#2765=DIRECTION('ref_axis',(0.,0.486540087793959,0.873658252962477));
#2766=DIRECTION('',(0.,-0.486540087793959,-0.873658252962477));
#2767=DIRECTION('',(1.,0.,0.));
#2768=DIRECTION('',(0.,0.486540087793959,0.873658252962477));
#2769=DIRECTION('',(-1.,0.,0.));
#2770=DIRECTION('center_axis',(1.,0.,0.));
#2771=DIRECTION('ref_axis',(0.,1.,0.));
#2772=DIRECTION('',(0.,0.,1.));
#2773=DIRECTION('',(0.,0.,-1.));
#2774=DIRECTION('',(0.,1.,0.));
#2775=DIRECTION('center_axis',(0.,-1.,0.));
#2776=DIRECTION('ref_axis',(1.,0.,0.));
#2777=DIRECTION('',(1.,0.,0.));
#2778=DIRECTION('center_axis',(0.,0.,1.));
#2779=DIRECTION('ref_axis',(-1.,0.,0.));
#2780=DIRECTION('center_axis',(0.,0.,1.));
#2781=DIRECTION('ref_axis',(1.,0.,0.));
#2782=DIRECTION('center_axis',(0.,0.,1.));
#2783=DIRECTION('ref_axis',(1.,0.,0.));
#2784=DIRECTION('center_axis',(0.,0.,1.));
#2785=DIRECTION('ref_axis',(1.,0.,0.));
#2786=DIRECTION('',(0.,0.,-1.));
#2787=DIRECTION('center_axis',(0.,0.,1.));
#2788=DIRECTION('ref_axis',(1.,0.,0.));
#2789=DIRECTION('',(0.,0.,1.));
#2790=DIRECTION('center_axis',(0.,0.,1.));
#2791=DIRECTION('ref_axis',(1.,0.,0.));
#2792=DIRECTION('center_axis',(0.,0.,1.));
#2793=DIRECTION('ref_axis',(-1.83697019872103E-16,1.,0.));
#2794=DIRECTION('center_axis',(0.,0.,-1.));
#2795=DIRECTION('ref_axis',(-1.83697019872103E-16,1.,0.));
#2796=DIRECTION('center_axis',(0.,0.,1.));
#2797=DIRECTION('ref_axis',(-1.,-1.22464679914735E-16,0.));
#2798=DIRECTION('center_axis',(0.,0.,-1.));
#2799=DIRECTION('ref_axis',(-1.,-1.22464679914735E-16,0.));
#2800=DIRECTION('center_axis',(0.,0.,1.));
#2801=DIRECTION('ref_axis',(6.12323399573676E-17,-1.,0.));
#2802=DIRECTION('center_axis',(0.,0.,-1.));
#2803=DIRECTION('ref_axis',(6.12323399573676E-17,-1.,0.));
#2804=DIRECTION('center_axis',(0.,0.,-1.));
#2805=DIRECTION('ref_axis',(-1.,0.,0.));
#2806=DIRECTION('',(0.,1.,0.));
#2807=DIRECTION('center_axis',(-1.,0.,0.));
#2808=DIRECTION('ref_axis',(0.,-1.,0.));
#2809=DIRECTION('',(0.,-1.,0.));
#2810=DIRECTION('center_axis',(0.,0.,1.));
#2811=DIRECTION('ref_axis',(-1.,0.,0.));
#2812=DIRECTION('center_axis',(0.,0.,-1.));
#2813=DIRECTION('ref_axis',(1.,0.,0.));
#2814=DIRECTION('',(-0.707106781186547,-8.65956056235493E-17,-0.707106781186547));
#2815=DIRECTION('center_axis',(0.707106781186548,0.707106781186547,0.));
#2816=DIRECTION('ref_axis',(0.,0.,1.));
#2817=DIRECTION('',(0.707106781186548,0.707106781186547,0.));
#2818=DIRECTION('',(0.707106781186548,0.707106781186547,0.));
#2819=DIRECTION('center_axis',(0.,0.,1.));
#2820=DIRECTION('ref_axis',(0.707106781186547,-0.707106781186548,0.));
#2821=DIRECTION('',(0.707106781186548,0.707106781186547,0.));
#2822=DIRECTION('center_axis',(0.,0.,-1.));
#2823=DIRECTION('ref_axis',(-0.707106781186547,0.707106781186548,0.));
#2824=DIRECTION('',(0.707106781186548,0.707106781186547,0.));
#2825=DIRECTION('center_axis',(0.707106781186548,0.707106781186547,0.));
#2826=DIRECTION('ref_axis',(0.,0.,-1.));
#2827=DIRECTION('center_axis',(0.707106781186548,-0.707106781186548,0.));
#2828=DIRECTION('ref_axis',(0.,0.,1.));
#2829=DIRECTION('',(0.707106781186548,-0.707106781186548,0.));
#2830=DIRECTION('',(0.707106781186548,-0.707106781186548,0.));
#2831=DIRECTION('center_axis',(0.,0.,1.));
#2832=DIRECTION('ref_axis',(-0.707106781186548,-0.707106781186548,0.));
#2833=DIRECTION('',(0.707106781186548,-0.707106781186548,0.));
#2834=DIRECTION('center_axis',(0.,0.,-1.));
#2835=DIRECTION('ref_axis',(0.707106781186548,0.707106781186548,0.));
#2836=DIRECTION('',(0.707106781186548,-0.707106781186548,0.));
#2837=DIRECTION('center_axis',(0.707106781186548,-0.707106781186548,0.));
#2838=DIRECTION('ref_axis',(0.,0.,-1.));
#2839=DIRECTION('center_axis',(-0.707106781186548,-0.707106781186548,0.));
#2840=DIRECTION('ref_axis',(0.,0.,1.));
#2841=DIRECTION('',(-0.707106781186548,-0.707106781186548,0.));
#2842=DIRECTION('',(-0.707106781186548,-0.707106781186548,0.));
#2843=DIRECTION('center_axis',(0.,0.,1.));
#2844=DIRECTION('ref_axis',(-0.707106781186548,0.707106781186548,0.));
#2845=DIRECTION('',(-0.707106781186548,-0.707106781186548,0.));
#2846=DIRECTION('center_axis',(0.,0.,-1.));
#2847=DIRECTION('ref_axis',(0.707106781186548,-0.707106781186548,0.));
#2848=DIRECTION('',(-0.707106781186548,-0.707106781186548,0.));
#2849=DIRECTION('center_axis',(-0.707106781186548,-0.707106781186548,0.));
#2850=DIRECTION('ref_axis',(0.,0.,-1.));
#2851=CARTESIAN_POINT('',(0.,0.,0.));
#2852=CARTESIAN_POINT('Ctrl Pts',(10.,-8.8,19.1));
#2853=CARTESIAN_POINT('Ctrl Pts',(10.,-8.8,16.));
#2854=CARTESIAN_POINT('Ctrl Pts',(10.0117221109527,-8.61869292648683,19.1));
#2855=CARTESIAN_POINT('Ctrl Pts',(10.0117221109527,-8.61869292648683,16.));
#2856=CARTESIAN_POINT('Ctrl Pts',(10.0391883925454,-8.2631857620866,19.1));
#2857=CARTESIAN_POINT('Ctrl Pts',(10.0391883925454,-8.2631857620866,16.));
#2858=CARTESIAN_POINT('Ctrl Pts',(10.0924532039894,-7.75124456742224,19.1));
#2859=CARTESIAN_POINT('Ctrl Pts',(10.0924532039894,-7.75124456742224,16.));
#2860=CARTESIAN_POINT('Ctrl Pts',(10.1880075469587,-7.11200895540237,19.1));
#2861=CARTESIAN_POINT('Ctrl Pts',(10.1880075469587,-7.11200895540237,16.));
#2862=CARTESIAN_POINT('Ctrl Pts',(10.3512899312472,-6.39042879280959,19.1));
#2863=CARTESIAN_POINT('Ctrl Pts',(10.3512899312472,-6.39042879280959,16.));
#2864=CARTESIAN_POINT('Ctrl Pts',(10.5629109462742,-5.75426302869108,19.1));
#2865=CARTESIAN_POINT('Ctrl Pts',(10.5629109462742,-5.75426302869108,16.));
#2866=CARTESIAN_POINT('Ctrl Pts',(10.827852480067,-5.21231466310169,19.1));
#2867=CARTESIAN_POINT('Ctrl Pts',(10.827852480067,-5.21231466310169,16.));
#2868=CARTESIAN_POINT('Ctrl Pts',(11.1503682069426,-4.77209994189963,19.1));
#2869=CARTESIAN_POINT('Ctrl Pts',(11.1503682069426,-4.77209994189963,16.));
#2870=CARTESIAN_POINT('Ctrl Pts',(11.5310060506107,-4.43458704671134,19.1));
#2871=CARTESIAN_POINT('Ctrl Pts',(11.5310060506107,-4.43458704671134,16.));
#2872=CARTESIAN_POINT('Ctrl Pts',(11.9665908228921,-4.19416541753355,19.1));
#2873=CARTESIAN_POINT('Ctrl Pts',(11.9665908228921,-4.19416541753355,16.));
#2874=CARTESIAN_POINT('Ctrl Pts',(12.3559995289803,-4.07417069590657,19.1));
#2875=CARTESIAN_POINT('Ctrl Pts',(12.3559995289803,-4.07417069590657,16.));
#2876=CARTESIAN_POINT('Ctrl Pts',(12.6697127700863,-4.02244208098745,19.1));
#2877=CARTESIAN_POINT('Ctrl Pts',(12.6697127700863,-4.02244208098745,16.));
#2878=CARTESIAN_POINT('Ctrl Pts',(12.8883259459209,-4.00469162882411,19.1));
#2879=CARTESIAN_POINT('Ctrl Pts',(12.8883259459209,-4.00469162882411,16.));
#2880=CARTESIAN_POINT('Ctrl Pts',(13.0000001937151,-4.00000005960464,19.1));
#2881=CARTESIAN_POINT('Ctrl Pts',(13.0000001937151,-4.00000005960464,16.));
#2882=CARTESIAN_POINT('',(10.,-8.8,19.1));
#2883=CARTESIAN_POINT('',(13.0000001937151,-4.00000005960464,19.1));
#2884=CARTESIAN_POINT('Ctrl Pts',(10.,-8.8,19.1));
#2885=CARTESIAN_POINT('Ctrl Pts',(10.0117221109527,-8.61869292648683,19.1));
#2886=CARTESIAN_POINT('Ctrl Pts',(10.0391883925454,-8.2631857620866,19.1));
#2887=CARTESIAN_POINT('Ctrl Pts',(10.0924532039894,-7.75124456742224,19.1));
#2888=CARTESIAN_POINT('Ctrl Pts',(10.1880075469587,-7.11200895540237,19.1));
#2889=CARTESIAN_POINT('Ctrl Pts',(10.3512899312472,-6.39042879280959,19.1));
#2890=CARTESIAN_POINT('Ctrl Pts',(10.5629109462742,-5.75426302869108,19.1));
#2891=CARTESIAN_POINT('Ctrl Pts',(10.827852480067,-5.21231466310169,19.1));
#2892=CARTESIAN_POINT('Ctrl Pts',(11.1503682069426,-4.77209994189963,19.1));
#2893=CARTESIAN_POINT('Ctrl Pts',(11.5310060506107,-4.43458704671134,19.1));
#2894=CARTESIAN_POINT('Ctrl Pts',(11.9665908228921,-4.19416541753355,19.1));
#2895=CARTESIAN_POINT('Ctrl Pts',(12.3559995289803,-4.07417069590657,19.1));
#2896=CARTESIAN_POINT('Ctrl Pts',(12.6697127700863,-4.02244208098745,19.1));
#2897=CARTESIAN_POINT('Ctrl Pts',(12.8883259459209,-4.00469162882411,19.1));
#2898=CARTESIAN_POINT('Ctrl Pts',(13.0000001937151,-4.00000005960464,19.1));
#2899=CARTESIAN_POINT('',(13.0000001937151,-4.00000005960464,16.));
#2900=CARTESIAN_POINT('',(13.0000001937151,-4.00000005960464,19.1));
#2901=CARTESIAN_POINT('',(10.,-8.8,16.));
#2902=CARTESIAN_POINT('Ctrl Pts',(10.,-8.8,16.));
#2903=CARTESIAN_POINT('Ctrl Pts',(10.0117221109527,-8.61869292648683,16.));
#2904=CARTESIAN_POINT('Ctrl Pts',(10.0391883925454,-8.2631857620866,16.));
#2905=CARTESIAN_POINT('Ctrl Pts',(10.0924532039894,-7.75124456742224,16.));
#2906=CARTESIAN_POINT('Ctrl Pts',(10.1880075469587,-7.11200895540237,16.));
#2907=CARTESIAN_POINT('Ctrl Pts',(10.3512899312472,-6.39042879280959,16.));
#2908=CARTESIAN_POINT('Ctrl Pts',(10.5629109462742,-5.75426302869108,16.));
#2909=CARTESIAN_POINT('Ctrl Pts',(10.827852480067,-5.21231466310169,16.));
#2910=CARTESIAN_POINT('Ctrl Pts',(11.1503682069426,-4.77209994189963,16.));
#2911=CARTESIAN_POINT('Ctrl Pts',(11.5310060506107,-4.43458704671134,16.));
#2912=CARTESIAN_POINT('Ctrl Pts',(11.9665908228921,-4.19416541753355,16.));
#2913=CARTESIAN_POINT('Ctrl Pts',(12.3559995289803,-4.07417069590657,16.));
#2914=CARTESIAN_POINT('Ctrl Pts',(12.6697127700863,-4.02244208098745,16.));
#2915=CARTESIAN_POINT('Ctrl Pts',(12.8883259459209,-4.00469162882411,16.));
#2916=CARTESIAN_POINT('Ctrl Pts',(13.0000001937151,-4.00000005960464,16.));
#2917=CARTESIAN_POINT('',(10.,-8.8,19.1));
#2918=CARTESIAN_POINT('Origin',(10.,-30.80625890315,19.1));
#2919=CARTESIAN_POINT('',(10.,-30.80625890315,19.1));
#2920=CARTESIAN_POINT('',(10.,-8.8,19.1));
#2921=CARTESIAN_POINT('',(10.,-30.80625890315,16.));
#2922=CARTESIAN_POINT('',(10.,-8.8,16.));
#2923=CARTESIAN_POINT('',(10.,-30.80625890315,19.1));
#2924=CARTESIAN_POINT('Ctrl Pts',(8.306258903152,-32.5,19.1));
#2925=CARTESIAN_POINT('Ctrl Pts',(8.306258903152,-32.5,16.));
#2926=CARTESIAN_POINT('Ctrl Pts',(8.35593363858966,-32.492979654731,19.1));
#2927=CARTESIAN_POINT('Ctrl Pts',(8.35593363858966,-32.492979654731,16.));
#2928=CARTESIAN_POINT('Ctrl Pts',(8.45388575870614,-32.4765639433843,19.1));
#2929=CARTESIAN_POINT('Ctrl Pts',(8.45388575870614,-32.4765639433843,16.));
#2930=CARTESIAN_POINT('Ctrl Pts',(8.59662192151129,-32.4448153732686,19.1));
#2931=CARTESIAN_POINT('Ctrl Pts',(8.59662192151129,-32.4448153732686,16.));
#2932=CARTESIAN_POINT('Ctrl Pts',(8.77841453703191,-32.387998990376,19.1));
#2933=CARTESIAN_POINT('Ctrl Pts',(8.77841453703191,-32.387998990376,16.));
#2934=CARTESIAN_POINT('Ctrl Pts',(8.9905029725905,-32.2912247001618,19.1));
#2935=CARTESIAN_POINT('Ctrl Pts',(8.9905029725905,-32.2912247001618,16.));
#2936=CARTESIAN_POINT('Ctrl Pts',(9.1861458582235,-32.1664985710503,19.1));
#2937=CARTESIAN_POINT('Ctrl Pts',(9.1861458582235,-32.1664985710503,16.));
#2938=CARTESIAN_POINT('Ctrl Pts',(9.36409543805453,-32.0116998426257,19.1));
#2939=CARTESIAN_POINT('Ctrl Pts',(9.36409543805453,-32.0116998426257,16.));
#2940=CARTESIAN_POINT('Ctrl Pts',(9.52384624678695,-31.8259693958769,19.1));
#2941=CARTESIAN_POINT('Ctrl Pts',(9.52384624678695,-31.8259693958769,16.));
#2942=CARTESIAN_POINT('Ctrl Pts',(9.66631187086184,-31.6108600168835,19.1));
#2943=CARTESIAN_POINT('Ctrl Pts',(9.66631187086184,-31.6108600168835,16.));
#2944=CARTESIAN_POINT('Ctrl Pts',(9.79287922493814,-31.368728988635,19.1));
#2945=CARTESIAN_POINT('Ctrl Pts',(9.79287922493814,-31.368728988635,16.));
#2946=CARTESIAN_POINT('Ctrl Pts',(9.88249876660425,-31.1552497441693,19.1));
#2947=CARTESIAN_POINT('Ctrl Pts',(9.88249876660425,-31.1552497441693,16.));
#2948=CARTESIAN_POINT('Ctrl Pts',(9.94359122841787,-30.9847346634916,19.1));
#2949=CARTESIAN_POINT('Ctrl Pts',(9.94359122841787,-30.9847346634916,16.));
#2950=CARTESIAN_POINT('Ctrl Pts',(9.98164316064716,-30.8665090151371,19.1));
#2951=CARTESIAN_POINT('Ctrl Pts',(9.98164316064716,-30.8665090151371,16.));
#2952=CARTESIAN_POINT('Ctrl Pts',(10.,-30.80625890315,19.1));
#2953=CARTESIAN_POINT('Ctrl Pts',(10.,-30.80625890315,16.));
#2954=CARTESIAN_POINT('',(8.306258903152,-32.5,19.1));
#2955=CARTESIAN_POINT('Ctrl Pts',(8.306258903152,-32.5,19.1));
#2956=CARTESIAN_POINT('Ctrl Pts',(8.35593363858966,-32.492979654731,19.1));
#2957=CARTESIAN_POINT('Ctrl Pts',(8.45388575870614,-32.4765639433843,19.1));
#2958=CARTESIAN_POINT('Ctrl Pts',(8.59662192151129,-32.4448153732686,19.1));
#2959=CARTESIAN_POINT('Ctrl Pts',(8.77841453703191,-32.387998990376,19.1));
#2960=CARTESIAN_POINT('Ctrl Pts',(8.9905029725905,-32.2912247001618,19.1));
#2961=CARTESIAN_POINT('Ctrl Pts',(9.1861458582235,-32.1664985710503,19.1));
#2962=CARTESIAN_POINT('Ctrl Pts',(9.36409543805453,-32.0116998426257,19.1));
#2963=CARTESIAN_POINT('Ctrl Pts',(9.52384624678695,-31.8259693958769,19.1));
#2964=CARTESIAN_POINT('Ctrl Pts',(9.66631187086184,-31.6108600168835,19.1));
#2965=CARTESIAN_POINT('Ctrl Pts',(9.79287922493814,-31.368728988635,19.1));
#2966=CARTESIAN_POINT('Ctrl Pts',(9.88249876660425,-31.1552497441693,19.1));
#2967=CARTESIAN_POINT('Ctrl Pts',(9.94359122841787,-30.9847346634916,19.1));
#2968=CARTESIAN_POINT('Ctrl Pts',(9.98164316064716,-30.8665090151371,19.1));
#2969=CARTESIAN_POINT('Ctrl Pts',(10.,-30.80625890315,19.1));
#2970=CARTESIAN_POINT('',(8.306258903152,-32.5,16.));
#2971=CARTESIAN_POINT('Ctrl Pts',(8.306258903152,-32.5,16.));
#2972=CARTESIAN_POINT('Ctrl Pts',(8.35593363858966,-32.492979654731,16.));
#2973=CARTESIAN_POINT('Ctrl Pts',(8.45388575870614,-32.4765639433843,16.));
#2974=CARTESIAN_POINT('Ctrl Pts',(8.59662192151129,-32.4448153732686,16.));
#2975=CARTESIAN_POINT('Ctrl Pts',(8.77841453703191,-32.387998990376,16.));
#2976=CARTESIAN_POINT('Ctrl Pts',(8.9905029725905,-32.2912247001618,16.));
#2977=CARTESIAN_POINT('Ctrl Pts',(9.1861458582235,-32.1664985710503,16.));
#2978=CARTESIAN_POINT('Ctrl Pts',(9.36409543805453,-32.0116998426257,16.));
#2979=CARTESIAN_POINT('Ctrl Pts',(9.52384624678695,-31.8259693958769,16.));
#2980=CARTESIAN_POINT('Ctrl Pts',(9.66631187086184,-31.6108600168835,16.));
#2981=CARTESIAN_POINT('Ctrl Pts',(9.79287922493814,-31.368728988635,16.));
#2982=CARTESIAN_POINT('Ctrl Pts',(9.88249876660425,-31.1552497441693,16.));
#2983=CARTESIAN_POINT('Ctrl Pts',(9.94359122841787,-30.9847346634916,16.));
#2984=CARTESIAN_POINT('Ctrl Pts',(9.98164316064716,-30.8665090151371,16.));
#2985=CARTESIAN_POINT('Ctrl Pts',(10.,-30.80625890315,16.));
#2986=CARTESIAN_POINT('',(8.306258903152,-32.5,19.1));
#2987=CARTESIAN_POINT('Origin',(-8.306258903152,-32.5,19.1));
#2988=CARTESIAN_POINT('',(-8.306258903152,-32.5,19.1));
#2989=CARTESIAN_POINT('',(8.306258903152,-32.5,19.1));
#2990=CARTESIAN_POINT('',(-8.306258903152,-32.5,16.));
#2991=CARTESIAN_POINT('',(8.306258903152,-32.5,16.));
#2992=CARTESIAN_POINT('',(-8.306258903152,-32.5,19.1));
#2993=CARTESIAN_POINT('Ctrl Pts',(-10.,-30.80625890315,19.1));
#2994=CARTESIAN_POINT('Ctrl Pts',(-10.,-30.80625890315,16.));
#2995=CARTESIAN_POINT('Ctrl Pts',(-9.98164316064716,-30.8665090151371,19.1));
#2996=CARTESIAN_POINT('Ctrl Pts',(-9.98164316064716,-30.8665090151371,16.));
#2997=CARTESIAN_POINT('Ctrl Pts',(-9.94359122841787,-30.9847346634916,19.1));
#2998=CARTESIAN_POINT('Ctrl Pts',(-9.94359122841787,-30.9847346634916,16.));
#2999=CARTESIAN_POINT('Ctrl Pts',(-9.88249876660425,-31.1552497441693,19.1));
#3000=CARTESIAN_POINT('Ctrl Pts',(-9.88249876660425,-31.1552497441693,16.));
#3001=CARTESIAN_POINT('Ctrl Pts',(-9.79287922493814,-31.368728988635,19.1));
#3002=CARTESIAN_POINT('Ctrl Pts',(-9.79287922493814,-31.368728988635,16.));
#3003=CARTESIAN_POINT('Ctrl Pts',(-9.66631187086184,-31.6108600168835,19.1));
#3004=CARTESIAN_POINT('Ctrl Pts',(-9.66631187086184,-31.6108600168835,16.));
#3005=CARTESIAN_POINT('Ctrl Pts',(-9.52384624678695,-31.8259693958769,19.1));
#3006=CARTESIAN_POINT('Ctrl Pts',(-9.52384624678695,-31.8259693958769,16.));
#3007=CARTESIAN_POINT('Ctrl Pts',(-9.36409543805453,-32.0116998426257,19.1));
#3008=CARTESIAN_POINT('Ctrl Pts',(-9.36409543805453,-32.0116998426257,16.));
#3009=CARTESIAN_POINT('Ctrl Pts',(-9.1861458582235,-32.1664985710503,19.1));
#3010=CARTESIAN_POINT('Ctrl Pts',(-9.1861458582235,-32.1664985710503,16.));
#3011=CARTESIAN_POINT('Ctrl Pts',(-8.9905029725905,-32.2912247001618,19.1));
#3012=CARTESIAN_POINT('Ctrl Pts',(-8.9905029725905,-32.2912247001618,16.));
#3013=CARTESIAN_POINT('Ctrl Pts',(-8.77841453703191,-32.387998990376,19.1));
#3014=CARTESIAN_POINT('Ctrl Pts',(-8.77841453703191,-32.387998990376,16.));
#3015=CARTESIAN_POINT('Ctrl Pts',(-8.59662192151129,-32.4448153732686,19.1));
#3016=CARTESIAN_POINT('Ctrl Pts',(-8.59662192151129,-32.4448153732686,16.));
#3017=CARTESIAN_POINT('Ctrl Pts',(-8.45388575870614,-32.4765639433843,19.1));
#3018=CARTESIAN_POINT('Ctrl Pts',(-8.45388575870614,-32.4765639433843,16.));
#3019=CARTESIAN_POINT('Ctrl Pts',(-8.35593363858966,-32.492979654731,19.1));
#3020=CARTESIAN_POINT('Ctrl Pts',(-8.35593363858966,-32.492979654731,16.));
#3021=CARTESIAN_POINT('Ctrl Pts',(-8.306258903152,-32.5,19.1));
#3022=CARTESIAN_POINT('Ctrl Pts',(-8.306258903152,-32.5,16.));
#3023=CARTESIAN_POINT('',(-10.,-30.80625890315,19.1));
#3024=CARTESIAN_POINT('Ctrl Pts',(-8.306258903152,-32.5,19.1));
#3025=CARTESIAN_POINT('Ctrl Pts',(-8.35593363858966,-32.492979654731,19.1));
#3026=CARTESIAN_POINT('Ctrl Pts',(-8.45388575870614,-32.4765639433843,19.1));
#3027=CARTESIAN_POINT('Ctrl Pts',(-8.59662192151129,-32.4448153732686,19.1));
#3028=CARTESIAN_POINT('Ctrl Pts',(-8.77841453703191,-32.387998990376,19.1));
#3029=CARTESIAN_POINT('Ctrl Pts',(-8.9905029725905,-32.2912247001618,19.1));
#3030=CARTESIAN_POINT('Ctrl Pts',(-9.1861458582235,-32.1664985710503,19.1));
#3031=CARTESIAN_POINT('Ctrl Pts',(-9.36409543805453,-32.0116998426257,19.1));
#3032=CARTESIAN_POINT('Ctrl Pts',(-9.52384624678695,-31.8259693958769,19.1));
#3033=CARTESIAN_POINT('Ctrl Pts',(-9.66631187086184,-31.6108600168835,19.1));
#3034=CARTESIAN_POINT('Ctrl Pts',(-9.79287922493814,-31.368728988635,19.1));
#3035=CARTESIAN_POINT('Ctrl Pts',(-9.88249876660425,-31.1552497441693,19.1));
#3036=CARTESIAN_POINT('Ctrl Pts',(-9.94359122841787,-30.9847346634916,19.1));
#3037=CARTESIAN_POINT('Ctrl Pts',(-9.98164316064716,-30.8665090151371,19.1));
#3038=CARTESIAN_POINT('Ctrl Pts',(-10.,-30.80625890315,19.1));
#3039=CARTESIAN_POINT('',(-10.,-30.80625890315,16.));
#3040=CARTESIAN_POINT('Ctrl Pts',(-10.,-30.80625890315,16.));
#3041=CARTESIAN_POINT('Ctrl Pts',(-9.98164316064716,-30.8665090151371,16.));
#3042=CARTESIAN_POINT('Ctrl Pts',(-9.94359122841787,-30.9847346634916,16.));
#3043=CARTESIAN_POINT('Ctrl Pts',(-9.88249876660425,-31.1552497441693,16.));
#3044=CARTESIAN_POINT('Ctrl Pts',(-9.79287922493814,-31.368728988635,16.));
#3045=CARTESIAN_POINT('Ctrl Pts',(-9.66631187086184,-31.6108600168835,16.));
#3046=CARTESIAN_POINT('Ctrl Pts',(-9.52384624678695,-31.8259693958769,16.));
#3047=CARTESIAN_POINT('Ctrl Pts',(-9.36409543805453,-32.0116998426257,16.));
#3048=CARTESIAN_POINT('Ctrl Pts',(-9.1861458582235,-32.1664985710503,16.));
#3049=CARTESIAN_POINT('Ctrl Pts',(-8.9905029725905,-32.2912247001618,16.));
#3050=CARTESIAN_POINT('Ctrl Pts',(-8.77841453703191,-32.387998990376,16.));
#3051=CARTESIAN_POINT('Ctrl Pts',(-8.59662192151129,-32.4448153732686,16.));
#3052=CARTESIAN_POINT('Ctrl Pts',(-8.45388575870614,-32.4765639433843,16.));
#3053=CARTESIAN_POINT('Ctrl Pts',(-8.35593363858966,-32.492979654731,16.));
#3054=CARTESIAN_POINT('Ctrl Pts',(-8.306258903152,-32.5,16.));
#3055=CARTESIAN_POINT('',(-10.,-30.80625890315,19.1));
#3056=CARTESIAN_POINT('Origin',(-10.,-8.8,19.1));
#3057=CARTESIAN_POINT('',(-10.,-8.8,19.1));
#3058=CARTESIAN_POINT('',(-10.,-30.80625890315,19.1));
#3059=CARTESIAN_POINT('',(-10.,-8.8,16.));
#3060=CARTESIAN_POINT('',(-10.,-30.80625890315,16.));
#3061=CARTESIAN_POINT('',(-10.,-8.8,19.1));
#3062=CARTESIAN_POINT('Ctrl Pts',(-13.0000001937151,-4.00000005960464,19.1));
#3063=CARTESIAN_POINT('Ctrl Pts',(-13.0000001937151,-4.00000005960464,16.));
#3064=CARTESIAN_POINT('Ctrl Pts',(-12.8883259459209,-4.00469162882411,19.1));
#3065=CARTESIAN_POINT('Ctrl Pts',(-12.8883259459209,-4.00469162882411,16.));
#3066=CARTESIAN_POINT('Ctrl Pts',(-12.6697127700863,-4.02244208098745,19.1));
#3067=CARTESIAN_POINT('Ctrl Pts',(-12.6697127700863,-4.02244208098745,16.));
#3068=CARTESIAN_POINT('Ctrl Pts',(-12.3559995289803,-4.07417069590657,19.1));
#3069=CARTESIAN_POINT('Ctrl Pts',(-12.3559995289803,-4.07417069590657,16.));
#3070=CARTESIAN_POINT('Ctrl Pts',(-11.9665908228921,-4.19416541753355,19.1));
#3071=CARTESIAN_POINT('Ctrl Pts',(-11.9665908228921,-4.19416541753355,16.));
#3072=CARTESIAN_POINT('Ctrl Pts',(-11.5310060506107,-4.43458704671134,19.1));
#3073=CARTESIAN_POINT('Ctrl Pts',(-11.5310060506107,-4.43458704671134,16.));
#3074=CARTESIAN_POINT('Ctrl Pts',(-11.1503682069426,-4.77209994189963,19.1));
#3075=CARTESIAN_POINT('Ctrl Pts',(-11.1503682069426,-4.77209994189963,16.));
#3076=CARTESIAN_POINT('Ctrl Pts',(-10.827852480067,-5.21231466310169,19.1));
#3077=CARTESIAN_POINT('Ctrl Pts',(-10.827852480067,-5.21231466310169,16.));
#3078=CARTESIAN_POINT('Ctrl Pts',(-10.5629109462742,-5.75426302869108,19.1));
#3079=CARTESIAN_POINT('Ctrl Pts',(-10.5629109462742,-5.75426302869108,16.));
#3080=CARTESIAN_POINT('Ctrl Pts',(-10.3512899312472,-6.39042879280959,19.1));
#3081=CARTESIAN_POINT('Ctrl Pts',(-10.3512899312472,-6.39042879280959,16.));
#3082=CARTESIAN_POINT('Ctrl Pts',(-10.1880075469587,-7.11200895540237,19.1));
#3083=CARTESIAN_POINT('Ctrl Pts',(-10.1880075469587,-7.11200895540237,16.));
#3084=CARTESIAN_POINT('Ctrl Pts',(-10.0924532039894,-7.75124456742224,19.1));
#3085=CARTESIAN_POINT('Ctrl Pts',(-10.0924532039894,-7.75124456742224,16.));
#3086=CARTESIAN_POINT('Ctrl Pts',(-10.0391883925454,-8.2631857620866,19.1));
#3087=CARTESIAN_POINT('Ctrl Pts',(-10.0391883925454,-8.2631857620866,16.));
#3088=CARTESIAN_POINT('Ctrl Pts',(-10.0117221109527,-8.61869292648683,19.1));
#3089=CARTESIAN_POINT('Ctrl Pts',(-10.0117221109527,-8.61869292648683,16.));
#3090=CARTESIAN_POINT('Ctrl Pts',(-10.,-8.8,19.1));
#3091=CARTESIAN_POINT('Ctrl Pts',(-10.,-8.8,16.));
#3092=CARTESIAN_POINT('',(-13.0000001937151,-4.00000005960464,19.1));
#3093=CARTESIAN_POINT('Ctrl Pts',(-10.,-8.8,19.1));
#3094=CARTESIAN_POINT('Ctrl Pts',(-10.0117221109527,-8.61869292648683,19.1));
#3095=CARTESIAN_POINT('Ctrl Pts',(-10.0391883925454,-8.2631857620866,19.1));
#3096=CARTESIAN_POINT('Ctrl Pts',(-10.0924532039894,-7.75124456742224,19.1));
#3097=CARTESIAN_POINT('Ctrl Pts',(-10.1880075469587,-7.11200895540237,19.1));
#3098=CARTESIAN_POINT('Ctrl Pts',(-10.3512899312472,-6.39042879280959,19.1));
#3099=CARTESIAN_POINT('Ctrl Pts',(-10.5629109462742,-5.75426302869108,19.1));
#3100=CARTESIAN_POINT('Ctrl Pts',(-10.827852480067,-5.21231466310169,19.1));
#3101=CARTESIAN_POINT('Ctrl Pts',(-11.1503682069426,-4.77209994189963,19.1));
#3102=CARTESIAN_POINT('Ctrl Pts',(-11.5310060506107,-4.43458704671134,19.1));
#3103=CARTESIAN_POINT('Ctrl Pts',(-11.9665908228921,-4.19416541753355,19.1));
#3104=CARTESIAN_POINT('Ctrl Pts',(-12.3559995289803,-4.07417069590657,19.1));
#3105=CARTESIAN_POINT('Ctrl Pts',(-12.6697127700863,-4.02244208098745,19.1));
#3106=CARTESIAN_POINT('Ctrl Pts',(-12.8883259459209,-4.00469162882411,19.1));
#3107=CARTESIAN_POINT('Ctrl Pts',(-13.0000001937151,-4.00000005960464,19.1));
#3108=CARTESIAN_POINT('',(-13.0000001937151,-4.00000005960464,16.));
#3109=CARTESIAN_POINT('Ctrl Pts',(-13.0000001937151,-4.00000005960464,16.));
#3110=CARTESIAN_POINT('Ctrl Pts',(-12.8883259459209,-4.00469162882411,16.));
#3111=CARTESIAN_POINT('Ctrl Pts',(-12.6697127700863,-4.02244208098745,16.));
#3112=CARTESIAN_POINT('Ctrl Pts',(-12.3559995289803,-4.07417069590657,16.));
#3113=CARTESIAN_POINT('Ctrl Pts',(-11.9665908228921,-4.19416541753355,16.));
#3114=CARTESIAN_POINT('Ctrl Pts',(-11.5310060506107,-4.43458704671134,16.));
#3115=CARTESIAN_POINT('Ctrl Pts',(-11.1503682069426,-4.77209994189963,16.));
#3116=CARTESIAN_POINT('Ctrl Pts',(-10.827852480067,-5.21231466310169,16.));
#3117=CARTESIAN_POINT('Ctrl Pts',(-10.5629109462742,-5.75426302869108,16.));
#3118=CARTESIAN_POINT('Ctrl Pts',(-10.3512899312472,-6.39042879280959,16.));
#3119=CARTESIAN_POINT('Ctrl Pts',(-10.1880075469587,-7.11200895540237,16.));
#3120=CARTESIAN_POINT('Ctrl Pts',(-10.0924532039894,-7.75124456742224,16.));
#3121=CARTESIAN_POINT('Ctrl Pts',(-10.0391883925454,-8.2631857620866,16.));
#3122=CARTESIAN_POINT('Ctrl Pts',(-10.0117221109527,-8.61869292648683,16.));
#3123=CARTESIAN_POINT('Ctrl Pts',(-10.,-8.8,16.));
#3124=CARTESIAN_POINT('',(-13.0000001937151,-4.00000005960464,19.1));
#3125=CARTESIAN_POINT('Origin',(13.,-35.5,-7.));
#3126=CARTESIAN_POINT('',(13.,5.5,19.1));
#3127=CARTESIAN_POINT('',(13.,-17.75,19.1));
#3128=CARTESIAN_POINT('',(13.,5.5,16.));
#3129=CARTESIAN_POINT('',(13.,5.5,1.025));
#3130=CARTESIAN_POINT('',(13.,-17.75,16.));
#3131=CARTESIAN_POINT('Origin',(0.,0.,16.));
#3132=CARTESIAN_POINT('',(-50.,6.12323399573677E-15,16.));
#3133=CARTESIAN_POINT('Origin',(0.,0.,16.));
#3134=CARTESIAN_POINT('',(9.300000000001,-36.,16.));
#3135=CARTESIAN_POINT('Origin',(8.,-36.,16.));
#3136=CARTESIAN_POINT('',(14.799999999999,-30.5,16.));
#3137=CARTESIAN_POINT('Origin',(13.5,-30.5,16.));
#3138=CARTESIAN_POINT('',(14.799999999999,-22.5,16.));
#3139=CARTESIAN_POINT('Origin',(13.5,-22.5,16.));
#3140=CARTESIAN_POINT('',(14.799999999999,-14.5,16.));
#3141=CARTESIAN_POINT('Origin',(13.5,-14.5,16.));
#3142=CARTESIAN_POINT('',(14.799999999999,-6.5,16.));
#3143=CARTESIAN_POINT('Origin',(13.5,-6.5,16.));
#3144=CARTESIAN_POINT('',(7.,11.5,16.));
#3145=CARTESIAN_POINT('Origin',(7.,5.5,16.));
#3146=CARTESIAN_POINT('',(-7.,11.5,16.));
#3147=CARTESIAN_POINT('',(6.5,11.5,16.));
#3148=CARTESIAN_POINT('',(-13.,5.5,16.));
#3149=CARTESIAN_POINT('Origin',(-7.,5.5,16.));
#3150=CARTESIAN_POINT('',(-13.,5.75,16.));
#3151=CARTESIAN_POINT('',(-12.200000000001,-6.5,16.));
#3152=CARTESIAN_POINT('Origin',(-13.5,-6.5,16.));
#3153=CARTESIAN_POINT('',(-12.200000000001,-14.5,16.));
#3154=CARTESIAN_POINT('Origin',(-13.5,-14.5,16.));
#3155=CARTESIAN_POINT('',(-12.200000000001,-22.5,16.));
#3156=CARTESIAN_POINT('Origin',(-13.5,-22.5,16.));
#3157=CARTESIAN_POINT('',(-12.200000000001,-30.5,16.));
#3158=CARTESIAN_POINT('Origin',(-13.5,-30.5,16.));
#3159=CARTESIAN_POINT('',(-6.700000000001,-36.,16.));
#3160=CARTESIAN_POINT('Origin',(-8.,-36.,16.));
#3161=CARTESIAN_POINT('',(-25.,-15.,16.));
#3162=CARTESIAN_POINT('',(-35.0000008940697,-15.,16.));
#3163=CARTESIAN_POINT('Origin',(-30.0000004470348,-15.,16.));
#3164=CARTESIAN_POINT('',(-25.,15.,16.));
#3165=CARTESIAN_POINT('',(-25.,7.5,16.));
#3166=CARTESIAN_POINT('',(-35.0000008940697,15.,16.));
#3167=CARTESIAN_POINT('Origin',(-30.0000004470348,15.,16.));
#3168=CARTESIAN_POINT('',(-35.0000008940697,-7.5,16.));
#3169=CARTESIAN_POINT('',(-15.,25.,16.));
#3170=CARTESIAN_POINT('',(-15.,35.0000008940697,16.));
#3171=CARTESIAN_POINT('Origin',(-15.,30.0000004470348,16.));
#3172=CARTESIAN_POINT('',(15.,25.,16.));
#3173=CARTESIAN_POINT('',(7.5,25.,16.));
#3174=CARTESIAN_POINT('',(15.,35.0000008940697,16.));
#3175=CARTESIAN_POINT('Origin',(15.,30.0000004470349,16.));
#3176=CARTESIAN_POINT('',(-7.50000000000001,35.0000008940697,16.));
#3177=CARTESIAN_POINT('',(35.0000008940697,-15.,16.));
#3178=CARTESIAN_POINT('',(25.,-15.,16.));
#3179=CARTESIAN_POINT('Origin',(30.0000004470348,-15.,16.));
#3180=CARTESIAN_POINT('',(35.0000008940697,15.,16.));
#3181=CARTESIAN_POINT('',(35.0000008940697,7.5,16.));
#3182=CARTESIAN_POINT('',(25.,15.,16.));
#3183=CARTESIAN_POINT('Origin',(30.0000004470348,15.,16.));
#3184=CARTESIAN_POINT('',(25.,-7.5,16.));
#3185=CARTESIAN_POINT('Origin',(30.0000004470348,15.,19.1));
#3186=CARTESIAN_POINT('',(35.0000008940697,15.,19.1));
#3187=CARTESIAN_POINT('',(35.0000008940697,15.,19.1));
#3188=CARTESIAN_POINT('',(25.,15.,19.1));
#3189=CARTESIAN_POINT('Origin',(30.0000004470348,15.,19.1));
#3190=CARTESIAN_POINT('',(25.,15.,19.1));
#3191=CARTESIAN_POINT('Origin',(35.0000008940697,15.,19.1));
#3192=CARTESIAN_POINT('',(35.0000008940697,-15.,19.1));
#3193=CARTESIAN_POINT('',(35.0000008940697,-15.,19.1));
#3194=CARTESIAN_POINT('',(35.0000008940697,7.5,19.1));
#3195=CARTESIAN_POINT('Origin',(15.,30.0000004470349,19.1));
#3196=CARTESIAN_POINT('',(15.,25.,19.1));
#3197=CARTESIAN_POINT('',(15.,25.,19.1));
#3198=CARTESIAN_POINT('',(15.,35.0000008940697,19.1));
#3199=CARTESIAN_POINT('Origin',(15.,30.0000004470349,19.1));
#3200=CARTESIAN_POINT('',(15.,35.0000008940697,19.1));
#3201=CARTESIAN_POINT('Origin',(15.,25.,19.1));
#3202=CARTESIAN_POINT('',(-15.,25.,19.1));
#3203=CARTESIAN_POINT('',(-15.,25.,19.1));
#3204=CARTESIAN_POINT('',(7.5,25.,19.1));
#3205=CARTESIAN_POINT('Origin',(-30.0000004470348,15.,19.1));
#3206=CARTESIAN_POINT('',(-25.,15.,19.1));
#3207=CARTESIAN_POINT('',(-25.,15.,19.1));
#3208=CARTESIAN_POINT('',(-35.0000008940697,15.,19.1));
#3209=CARTESIAN_POINT('Origin',(-30.0000004470348,15.,19.1));
#3210=CARTESIAN_POINT('',(-35.0000008940697,15.,19.1));
#3211=CARTESIAN_POINT('Origin',(-25.,15.,19.1));
#3212=CARTESIAN_POINT('',(-25.,-15.,19.1));
#3213=CARTESIAN_POINT('',(-25.,-15.,19.1));
#3214=CARTESIAN_POINT('',(-25.,7.5,19.1));
#3215=CARTESIAN_POINT('Origin',(-13.5,-22.5,19.1));
#3216=CARTESIAN_POINT('',(-12.200000000001,-22.5,19.1));
#3217=CARTESIAN_POINT('',(-12.200000000001,-22.5,19.1));
#3218=CARTESIAN_POINT('Origin',(-13.5,-22.5,19.1));
#3219=CARTESIAN_POINT('Origin',(-13.5,-14.5,19.1));
#3220=CARTESIAN_POINT('',(-12.200000000001,-14.5,19.1));
#3221=CARTESIAN_POINT('',(-12.200000000001,-14.5,19.1));
#3222=CARTESIAN_POINT('Origin',(-13.5,-14.5,19.1));
#3223=CARTESIAN_POINT('Origin',(-13.5,-6.5,19.1));
#3224=CARTESIAN_POINT('',(-12.200000000001,-6.5,19.1));
#3225=CARTESIAN_POINT('',(-12.200000000001,-6.5,19.1));
#3226=CARTESIAN_POINT('Origin',(-13.5,-6.5,19.1));
#3227=CARTESIAN_POINT('Origin',(-13.,11.5,-7.));
#3228=CARTESIAN_POINT('',(-13.,5.5,19.1));
#3229=CARTESIAN_POINT('',(-13.,5.5,22.975));
#3230=CARTESIAN_POINT('',(-13.,5.75,19.1));
#3231=CARTESIAN_POINT('Origin',(-7.,5.5,31.1029521115));
#3232=CARTESIAN_POINT('',(-7.,11.5,19.1));
#3233=CARTESIAN_POINT('',(-7.,11.5,1.025));
#3234=CARTESIAN_POINT('Origin',(-7.,5.5,19.1));
#3235=CARTESIAN_POINT('Origin',(13.,11.5,-7.));
#3236=CARTESIAN_POINT('',(7.,11.5,19.1));
#3237=CARTESIAN_POINT('',(7.,11.5,22.975));
#3238=CARTESIAN_POINT('',(6.5,11.5,19.1));
#3239=CARTESIAN_POINT('Origin',(7.,5.5,31.1029521115));
#3240=CARTESIAN_POINT('Origin',(7.,5.5,19.1));
#3241=CARTESIAN_POINT('Origin',(13.5,-6.5,19.1));
#3242=CARTESIAN_POINT('',(14.799999999999,-6.5,19.1));
#3243=CARTESIAN_POINT('',(14.799999999999,-6.5,19.1));
#3244=CARTESIAN_POINT('Origin',(13.5,-6.5,19.1));
#3245=CARTESIAN_POINT('Origin',(13.5,-14.5,19.1));
#3246=CARTESIAN_POINT('',(14.799999999999,-14.5,19.1));
#3247=CARTESIAN_POINT('',(14.799999999999,-14.5,19.1));
#3248=CARTESIAN_POINT('Origin',(13.5,-14.5,19.1));
#3249=CARTESIAN_POINT('Origin',(13.5,-22.5,19.1));
#3250=CARTESIAN_POINT('',(14.799999999999,-22.5,19.1));
#3251=CARTESIAN_POINT('',(14.799999999999,-22.5,19.1));
#3252=CARTESIAN_POINT('Origin',(13.5,-22.5,19.1));
#3253=CARTESIAN_POINT('Origin',(-13.5,-30.5,19.1));
#3254=CARTESIAN_POINT('',(-12.200000000001,-30.5,19.1));
#3255=CARTESIAN_POINT('',(-12.200000000001,-30.5,19.1));
#3256=CARTESIAN_POINT('Origin',(-13.5,-30.5,19.1));
#3257=CARTESIAN_POINT('Origin',(8.,-36.,19.1));
#3258=CARTESIAN_POINT('',(9.300000000001,-36.,19.1));
#3259=CARTESIAN_POINT('',(9.300000000001,-36.,19.1));
#3260=CARTESIAN_POINT('Origin',(8.,-36.,19.1));
#3261=CARTESIAN_POINT('Origin',(0.,0.,19.1));
#3262=CARTESIAN_POINT('',(-50.,6.12323399573677E-15,19.1));
#3263=CARTESIAN_POINT('Origin',(0.,0.,19.1));
#3264=CARTESIAN_POINT('',(-6.700000000001,-36.,19.1));
#3265=CARTESIAN_POINT('Origin',(-8.,-36.,19.1));
#3266=CARTESIAN_POINT('',(14.799999999999,-30.5,19.1));
#3267=CARTESIAN_POINT('Origin',(13.5,-30.5,19.1));
#3268=CARTESIAN_POINT('',(25.,-15.,19.1));
#3269=CARTESIAN_POINT('',(25.,-7.5,19.1));
#3270=CARTESIAN_POINT('Origin',(30.0000004470348,-15.,19.1));
#3271=CARTESIAN_POINT('',(-15.,35.0000008940697,19.1));
#3272=CARTESIAN_POINT('',(-7.50000000000001,35.0000008940697,19.1));
#3273=CARTESIAN_POINT('Origin',(-15.,30.0000004470348,19.1));
#3274=CARTESIAN_POINT('',(-35.0000008940697,-15.,19.1));
#3275=CARTESIAN_POINT('',(-35.0000008940697,-7.5,19.1));
#3276=CARTESIAN_POINT('Origin',(-30.0000004470348,-15.,19.1));
#3277=CARTESIAN_POINT('Origin',(-8.,-36.,19.1));
#3278=CARTESIAN_POINT('',(-6.700000000001,-36.,19.1));
#3279=CARTESIAN_POINT('Origin',(13.5,-30.5,19.1));
#3280=CARTESIAN_POINT('',(14.799999999999,-30.5,19.1));
#3281=CARTESIAN_POINT('Origin',(31.8198051533946,-53.0330085889911,-10.));
#3282=CARTESIAN_POINT('',(23.1202421902819,-44.3334456258783,-2.5));
#3283=CARTESIAN_POINT('',(23.1202421902819,-44.3334456258783,-17.5));
#3284=CARTESIAN_POINT('Ctrl Pts',(23.1202421902819,-44.3334456258783,-2.5));
#3285=CARTESIAN_POINT('Ctrl Pts',(22.2232106126516,-44.8012546814198,-2.5));
#3286=CARTESIAN_POINT('Ctrl Pts',(21.2501791572123,-45.270661183765,-2.69658925484887));
#3287=CARTESIAN_POINT('Ctrl Pts',(19.4204334806292,-46.085243210328,-3.48692022737939));
#3288=CARTESIAN_POINT('Ctrl Pts',(18.5641983060845,-46.4318219860167,-4.08032397502222));
#3289=CARTESIAN_POINT('Ctrl Pts',(17.2331827006417,-46.9413537359067,-5.4195713437626));
#3290=CARTESIAN_POINT('Ctrl Pts',(16.6517769166132,-47.147545447183,-6.2406684643141));
#3291=CARTESIAN_POINT('Ctrl Pts',(15.8657597786392,-47.4178277465656,-8.05847636383648));
#3292=CARTESIAN_POINT('Ctrl Pts',(15.6634247740904,-47.483229927485,-9.05597538257446));
#3293=CARTESIAN_POINT('Ctrl Pts',(15.6634247740904,-47.483229927485,-10.));
#3294=CARTESIAN_POINT('Ctrl Pts',(15.6634247740904,-47.483229927485,-10.9440246174255));
#3295=CARTESIAN_POINT('Ctrl Pts',(15.8657597786392,-47.4178277465656,-11.9415236361635));
#3296=CARTESIAN_POINT('Ctrl Pts',(16.6517769166132,-47.147545447183,-13.7593315356859));
#3297=CARTESIAN_POINT('Ctrl Pts',(17.2331827006417,-46.9413537359067,-14.5804286562374));
#3298=CARTESIAN_POINT('Ctrl Pts',(18.5641983060845,-46.4318219860167,-15.9196760249778));
#3299=CARTESIAN_POINT('Ctrl Pts',(19.4204334806292,-46.085243210328,-16.5130797726206));
#3300=CARTESIAN_POINT('Ctrl Pts',(21.2501791572123,-45.270661183765,-17.3034107451511));
#3301=CARTESIAN_POINT('Ctrl Pts',(22.2232106126516,-44.8012546814198,-17.5));
#3302=CARTESIAN_POINT('Ctrl Pts',(23.1202421902819,-44.3334456258783,-17.5));
#3303=CARTESIAN_POINT('',(30.4725900950892,-51.6857935306857,-2.5));
#3304=CARTESIAN_POINT('',(31.8198051533946,-53.0330085889911,-2.5));
#3305=CARTESIAN_POINT('',(30.4725900950892,-51.6857935306857,-17.5));
#3306=CARTESIAN_POINT('Ctrl Pts',(30.4725900950892,-51.6857935306857,-17.5));
#3307=CARTESIAN_POINT('Ctrl Pts',(29.6209873539367,-52.1878762014217,-17.5));
#3308=CARTESIAN_POINT('Ctrl Pts',(28.6985207493839,-52.7005430148561,-17.3062788255173));
#3309=CARTESIAN_POINT('Ctrl Pts',(26.9694940677264,-53.6059578509046,-16.5241542042756));
#3310=CARTESIAN_POINT('Ctrl Pts',(26.1634451932556,-53.999844232924,-15.9359389662109));
#3311=CARTESIAN_POINT('Ctrl Pts',(24.901782261605,-54.5927136566746,-14.5989084572628));
#3312=CARTESIAN_POINT('Ctrl Pts',(24.3502711483278,-54.8381971864807,-13.7704938261288));
#3313=CARTESIAN_POINT('Ctrl Pts',(23.6087870054356,-55.161478908515,-11.9427681186778));
#3314=CARTESIAN_POINT('Ctrl Pts',(23.4204292296834,-55.240234383078,-10.9429715904323));
#3315=CARTESIAN_POINT('Ctrl Pts',(23.4204292296834,-55.240234383078,-10.));
#3316=CARTESIAN_POINT('Ctrl Pts',(23.4204292296834,-55.240234383078,-9.05702840956772));
#3317=CARTESIAN_POINT('Ctrl Pts',(23.6087870054356,-55.161478908515,-8.05723188132215));
#3318=CARTESIAN_POINT('Ctrl Pts',(24.3502711483278,-54.8381971864807,-6.22950617387121));
#3319=CARTESIAN_POINT('Ctrl Pts',(24.901782261605,-54.5927136566746,-5.40109154273715));
#3320=CARTESIAN_POINT('Ctrl Pts',(26.1634451932556,-53.999844232924,-4.06406103378912));
#3321=CARTESIAN_POINT('Ctrl Pts',(26.9694940677264,-53.6059578509046,-3.47584579572441));
#3322=CARTESIAN_POINT('Ctrl Pts',(28.6985207493839,-52.7005430148561,-2.69372117448275));
#3323=CARTESIAN_POINT('Ctrl Pts',(29.6209873539367,-52.1878762014217,-2.5));
#3324=CARTESIAN_POINT('Ctrl Pts',(30.4725900950892,-51.6857935306857,-2.5));
#3325=CARTESIAN_POINT('',(31.8198051533946,-53.0330085889911,-17.5));
#3326=CARTESIAN_POINT('Origin',(31.8198051533946,-53.0330085889911,-2.5));
#3327=CARTESIAN_POINT('',(44.3334456258783,-23.1202421902819,-2.5));
#3328=CARTESIAN_POINT('Origin',(0.,0.,-2.5));
#3329=CARTESIAN_POINT('',(51.6857935306857,-30.4725900950892,-2.5));
#3330=CARTESIAN_POINT('',(53.0330085889911,-31.8198051533946,-2.5));
#3331=CARTESIAN_POINT('Origin',(0.,0.,-2.5));
#3332=CARTESIAN_POINT('Origin',(53.0330085889911,-31.8198051533946,-17.5));
#3333=CARTESIAN_POINT('',(44.3334456258783,-23.1202421902819,-17.5));
#3334=CARTESIAN_POINT('Origin',(0.,0.,-17.5));
#3335=CARTESIAN_POINT('',(51.6857935306857,-30.4725900950892,-17.5));
#3336=CARTESIAN_POINT('Origin',(0.,0.,-17.5));
#3337=CARTESIAN_POINT('',(53.0330085889911,-31.8198051533946,-17.5));
#3338=CARTESIAN_POINT('Origin',(53.0330085889911,-31.8198051533946,-10.));
#3339=CARTESIAN_POINT('Ctrl Pts',(44.3334456258783,-23.1202421902819,-17.5));
#3340=CARTESIAN_POINT('Ctrl Pts',(44.8012546814198,-22.2232106126517,-17.5));
#3341=CARTESIAN_POINT('Ctrl Pts',(45.270661183765,-21.2501791572123,-17.3034107451511));
#3342=CARTESIAN_POINT('Ctrl Pts',(46.0852432103279,-19.4204334806292,-16.5130797726206));
#3343=CARTESIAN_POINT('Ctrl Pts',(46.4318219860167,-18.5641983060845,-15.9196760249778));
#3344=CARTESIAN_POINT('Ctrl Pts',(46.9413537359067,-17.2331827006417,-14.5804286562374));
#3345=CARTESIAN_POINT('Ctrl Pts',(47.147545447183,-16.6517769166132,-13.7593315356859));
#3346=CARTESIAN_POINT('Ctrl Pts',(47.4178277465656,-15.8657597786392,-11.9415236361635));
#3347=CARTESIAN_POINT('Ctrl Pts',(47.483229927485,-15.6634247740904,-10.9440246174255));
#3348=CARTESIAN_POINT('Ctrl Pts',(47.483229927485,-15.6634247740904,-9.05597538257446));
#3349=CARTESIAN_POINT('Ctrl Pts',(47.4178277465656,-15.8657597786392,-8.05847636383648));
#3350=CARTESIAN_POINT('Ctrl Pts',(47.147545447183,-16.6517769166132,-6.2406684643141));
#3351=CARTESIAN_POINT('Ctrl Pts',(46.9413537359067,-17.2331827006417,-5.4195713437626));
#3352=CARTESIAN_POINT('Ctrl Pts',(46.4318219860167,-18.5641983060845,-4.08032397502222));
#3353=CARTESIAN_POINT('Ctrl Pts',(46.0852432103279,-19.4204334806292,-3.48692022737939));
#3354=CARTESIAN_POINT('Ctrl Pts',(45.270661183765,-21.2501791572123,-2.69658925484886));
#3355=CARTESIAN_POINT('Ctrl Pts',(44.8012546814198,-22.2232106126517,-2.5));
#3356=CARTESIAN_POINT('Ctrl Pts',(44.3334456258783,-23.1202421902819,-2.5));
#3357=CARTESIAN_POINT('Ctrl Pts',(51.6857935306857,-30.4725900950892,-2.5));
#3358=CARTESIAN_POINT('Ctrl Pts',(52.1878762014217,-29.6209873539367,-2.5));
#3359=CARTESIAN_POINT('Ctrl Pts',(52.7005430148561,-28.6985207493839,-2.69372117448275));
#3360=CARTESIAN_POINT('Ctrl Pts',(53.6059578509046,-26.9694940677264,-3.47584579572441));
#3361=CARTESIAN_POINT('Ctrl Pts',(53.999844232924,-26.1634451932556,-4.06406103378912));
#3362=CARTESIAN_POINT('Ctrl Pts',(54.5927136566746,-24.9017822616051,-5.40109154273715));
#3363=CARTESIAN_POINT('Ctrl Pts',(54.8381971864807,-24.3502711483278,-6.22950617387122));
#3364=CARTESIAN_POINT('Ctrl Pts',(55.161478908515,-23.6087870054356,-8.05723188132215));
#3365=CARTESIAN_POINT('Ctrl Pts',(55.240234383078,-23.4204292296834,-9.05702840956772));
#3366=CARTESIAN_POINT('Ctrl Pts',(55.240234383078,-23.4204292296834,-10.9429715904323));
#3367=CARTESIAN_POINT('Ctrl Pts',(55.161478908515,-23.6087870054356,-11.9427681186778));
#3368=CARTESIAN_POINT('Ctrl Pts',(54.8381971864807,-24.3502711483278,-13.7704938261288));
#3369=CARTESIAN_POINT('Ctrl Pts',(54.5927136566746,-24.9017822616051,-14.5989084572628));
#3370=CARTESIAN_POINT('Ctrl Pts',(53.999844232924,-26.1634451932556,-15.9359389662109));
#3371=CARTESIAN_POINT('Ctrl Pts',(53.6059578509046,-26.9694940677264,-16.5241542042756));
#3372=CARTESIAN_POINT('Ctrl Pts',(52.7005430148561,-28.6985207493839,-17.3062788255173));
#3373=CARTESIAN_POINT('Ctrl Pts',(52.1878762014217,-29.6209873539367,-17.5));
#3374=CARTESIAN_POINT('Ctrl Pts',(51.6857935306857,-30.4725900950892,-17.5));
#3375=CARTESIAN_POINT('Origin',(25.,-15.,19.1));
#3376=CARTESIAN_POINT('',(25.,-15.,19.1));
#3377=CARTESIAN_POINT('Origin',(30.0000004470348,-15.,19.1));
#3378=CARTESIAN_POINT('Origin',(-15.,35.0000008940697,19.1));
#3379=CARTESIAN_POINT('',(-15.,35.0000008940697,19.1));
#3380=CARTESIAN_POINT('Origin',(-15.,30.0000004470348,19.1));
#3381=CARTESIAN_POINT('Origin',(-35.0000008940697,-15.,19.1));
#3382=CARTESIAN_POINT('',(-35.0000008940697,-15.,19.1));
#3383=CARTESIAN_POINT('Origin',(-30.0000004470348,-15.,19.1));
#3384=CARTESIAN_POINT('Origin',(0.,0.,-29.1));
#3385=CARTESIAN_POINT('',(-50.,6.12323399573677E-15,-29.1));
#3386=CARTESIAN_POINT('Origin',(0.,0.,-29.1));
#3387=CARTESIAN_POINT('',(-50.,-6.12323399573677E-15,-29.1));
#3388=CARTESIAN_POINT('',(44.3334456258783,23.1202421902819,-2.5));
#3389=CARTESIAN_POINT('',(44.3334456258783,23.1202421902819,-17.5));
#3390=CARTESIAN_POINT('Ctrl Pts',(44.3334456258783,23.1202421902819,-2.5));
#3391=CARTESIAN_POINT('Ctrl Pts',(44.8012546814198,22.2232106126517,-2.5));
#3392=CARTESIAN_POINT('Ctrl Pts',(45.270661183765,21.2501791572123,-2.69658925484887));
#3393=CARTESIAN_POINT('Ctrl Pts',(46.085243210328,19.4204334806292,-3.48692022737939));
#3394=CARTESIAN_POINT('Ctrl Pts',(46.4318219860167,18.5641983060845,-4.08032397502222));
#3395=CARTESIAN_POINT('Ctrl Pts',(46.9413537359067,17.2331827006417,-5.4195713437626));
#3396=CARTESIAN_POINT('Ctrl Pts',(47.147545447183,16.6517769166132,-6.2406684643141));
#3397=CARTESIAN_POINT('Ctrl Pts',(47.4178277465656,15.8657597786392,-8.05847636383648));
#3398=CARTESIAN_POINT('Ctrl Pts',(47.483229927485,15.6634247740904,-9.05597538257446));
#3399=CARTESIAN_POINT('Ctrl Pts',(47.483229927485,15.6634247740904,-10.));
#3400=CARTESIAN_POINT('Ctrl Pts',(47.483229927485,15.6634247740904,-10.9440246174255));
#3401=CARTESIAN_POINT('Ctrl Pts',(47.4178277465656,15.8657597786392,-11.9415236361635));
#3402=CARTESIAN_POINT('Ctrl Pts',(47.147545447183,16.6517769166132,-13.7593315356859));
#3403=CARTESIAN_POINT('Ctrl Pts',(46.9413537359067,17.2331827006417,-14.5804286562374));
#3404=CARTESIAN_POINT('Ctrl Pts',(46.4318219860167,18.5641983060845,-15.9196760249778));
#3405=CARTESIAN_POINT('Ctrl Pts',(46.085243210328,19.4204334806292,-16.5130797726206));
#3406=CARTESIAN_POINT('Ctrl Pts',(45.270661183765,21.2501791572123,-17.3034107451511));
#3407=CARTESIAN_POINT('Ctrl Pts',(44.8012546814198,22.2232106126517,-17.5));
#3408=CARTESIAN_POINT('Ctrl Pts',(44.3334456258783,23.1202421902819,-17.5));
#3409=CARTESIAN_POINT('',(23.1202421902819,44.3334456258783,-17.5));
#3410=CARTESIAN_POINT('Origin',(0.,0.,-17.5));
#3411=CARTESIAN_POINT('',(23.1202421902819,44.3334456258783,-2.5));
#3412=CARTESIAN_POINT('Ctrl Pts',(23.1202421902819,44.3334456258783,-17.5));
#3413=CARTESIAN_POINT('Ctrl Pts',(22.2232106126516,44.8012546814198,-17.5));
#3414=CARTESIAN_POINT('Ctrl Pts',(21.2501791572123,45.270661183765,-17.3034107451511));
#3415=CARTESIAN_POINT('Ctrl Pts',(19.4204334806292,46.0852432103279,-16.5130797726206));
#3416=CARTESIAN_POINT('Ctrl Pts',(18.5641983060845,46.4318219860167,-15.9196760249778));
#3417=CARTESIAN_POINT('Ctrl Pts',(17.2331827006417,46.9413537359067,-14.5804286562374));
#3418=CARTESIAN_POINT('Ctrl Pts',(16.6517769166132,47.147545447183,-13.7593315356859));
#3419=CARTESIAN_POINT('Ctrl Pts',(15.8657597786392,47.4178277465656,-11.9415236361635));
#3420=CARTESIAN_POINT('Ctrl Pts',(15.6634247740904,47.483229927485,-10.9440246174255));
#3421=CARTESIAN_POINT('Ctrl Pts',(15.6634247740904,47.483229927485,-9.05597538257446));
#3422=CARTESIAN_POINT('Ctrl Pts',(15.8657597786392,47.4178277465656,-8.05847636383648));
#3423=CARTESIAN_POINT('Ctrl Pts',(16.6517769166132,47.147545447183,-6.2406684643141));
#3424=CARTESIAN_POINT('Ctrl Pts',(17.2331827006417,46.9413537359067,-5.4195713437626));
#3425=CARTESIAN_POINT('Ctrl Pts',(18.5641983060845,46.4318219860167,-4.08032397502222));
#3426=CARTESIAN_POINT('Ctrl Pts',(19.4204334806292,46.0852432103279,-3.48692022737939));
#3427=CARTESIAN_POINT('Ctrl Pts',(21.2501791572123,45.270661183765,-2.69658925484886));
#3428=CARTESIAN_POINT('Ctrl Pts',(22.2232106126516,44.8012546814198,-2.5));
#3429=CARTESIAN_POINT('Ctrl Pts',(23.1202421902819,44.3334456258783,-2.5));
#3430=CARTESIAN_POINT('Origin',(0.,0.,-2.5));
#3431=CARTESIAN_POINT('',(-23.1202421902819,44.3334456258783,-2.5));
#3432=CARTESIAN_POINT('',(-23.1202421902819,44.3334456258783,-17.5));
#3433=CARTESIAN_POINT('Ctrl Pts',(-23.1202421902819,44.3334456258783,-2.5));
#3434=CARTESIAN_POINT('Ctrl Pts',(-22.2232106126517,44.8012546814198,-2.5));
#3435=CARTESIAN_POINT('Ctrl Pts',(-21.2501791572123,45.270661183765,-2.69658925484887));
#3436=CARTESIAN_POINT('Ctrl Pts',(-19.4204334806292,46.085243210328,-3.48692022737939));
#3437=CARTESIAN_POINT('Ctrl Pts',(-18.5641983060845,46.4318219860167,-4.08032397502222));
#3438=CARTESIAN_POINT('Ctrl Pts',(-17.2331827006417,46.9413537359067,-5.4195713437626));
#3439=CARTESIAN_POINT('Ctrl Pts',(-16.6517769166132,47.147545447183,-6.2406684643141));
#3440=CARTESIAN_POINT('Ctrl Pts',(-15.8657597786392,47.4178277465656,-8.05847636383648));
#3441=CARTESIAN_POINT('Ctrl Pts',(-15.6634247740904,47.483229927485,-9.05597538257446));
#3442=CARTESIAN_POINT('Ctrl Pts',(-15.6634247740904,47.483229927485,-10.));
#3443=CARTESIAN_POINT('Ctrl Pts',(-15.6634247740904,47.483229927485,-10.9440246174255));
#3444=CARTESIAN_POINT('Ctrl Pts',(-15.8657597786392,47.4178277465656,-11.9415236361635));
#3445=CARTESIAN_POINT('Ctrl Pts',(-16.6517769166132,47.147545447183,-13.7593315356859));
#3446=CARTESIAN_POINT('Ctrl Pts',(-17.2331827006417,46.9413537359067,-14.5804286562374));
#3447=CARTESIAN_POINT('Ctrl Pts',(-18.5641983060845,46.4318219860167,-15.9196760249778));
#3448=CARTESIAN_POINT('Ctrl Pts',(-19.4204334806292,46.085243210328,-16.5130797726206));
#3449=CARTESIAN_POINT('Ctrl Pts',(-21.2501791572123,45.270661183765,-17.3034107451511));
#3450=CARTESIAN_POINT('Ctrl Pts',(-22.2232106126516,44.8012546814198,-17.5));
#3451=CARTESIAN_POINT('Ctrl Pts',(-23.1202421902819,44.3334456258783,-17.5));
#3452=CARTESIAN_POINT('',(-44.3334456258783,23.1202421902819,-17.5));
#3453=CARTESIAN_POINT('Origin',(0.,0.,-17.5));
#3454=CARTESIAN_POINT('',(-44.3334456258783,23.1202421902819,-2.5));
#3455=CARTESIAN_POINT('Ctrl Pts',(-44.3334456258783,23.1202421902819,-17.5));
#3456=CARTESIAN_POINT('Ctrl Pts',(-44.8012546814198,22.2232106126517,-17.5));
#3457=CARTESIAN_POINT('Ctrl Pts',(-45.270661183765,21.2501791572123,-17.3034107451511));
#3458=CARTESIAN_POINT('Ctrl Pts',(-46.0852432103279,19.4204334806292,-16.5130797726206));
#3459=CARTESIAN_POINT('Ctrl Pts',(-46.4318219860167,18.5641983060845,-15.9196760249778));
#3460=CARTESIAN_POINT('Ctrl Pts',(-46.9413537359067,17.2331827006417,-14.5804286562374));
#3461=CARTESIAN_POINT('Ctrl Pts',(-47.147545447183,16.6517769166132,-13.7593315356859));
#3462=CARTESIAN_POINT('Ctrl Pts',(-47.4178277465656,15.8657597786392,-11.9415236361635));
#3463=CARTESIAN_POINT('Ctrl Pts',(-47.483229927485,15.6634247740904,-10.9440246174255));
#3464=CARTESIAN_POINT('Ctrl Pts',(-47.483229927485,15.6634247740904,-9.05597538257446));
#3465=CARTESIAN_POINT('Ctrl Pts',(-47.4178277465656,15.8657597786392,-8.05847636383648));
#3466=CARTESIAN_POINT('Ctrl Pts',(-47.147545447183,16.6517769166132,-6.2406684643141));
#3467=CARTESIAN_POINT('Ctrl Pts',(-46.9413537359067,17.2331827006417,-5.4195713437626));
#3468=CARTESIAN_POINT('Ctrl Pts',(-46.4318219860167,18.5641983060845,-4.08032397502222));
#3469=CARTESIAN_POINT('Ctrl Pts',(-46.0852432103279,19.4204334806292,-3.48692022737939));
#3470=CARTESIAN_POINT('Ctrl Pts',(-45.270661183765,21.2501791572123,-2.69658925484886));
#3471=CARTESIAN_POINT('Ctrl Pts',(-44.8012546814198,22.2232106126517,-2.5));
#3472=CARTESIAN_POINT('Ctrl Pts',(-44.3334456258783,23.1202421902819,-2.5));
#3473=CARTESIAN_POINT('Origin',(0.,0.,-2.5));
#3474=CARTESIAN_POINT('',(-44.3334456258783,-23.1202421902819,-2.5));
#3475=CARTESIAN_POINT('',(-44.3334456258783,-23.1202421902819,-17.5));
#3476=CARTESIAN_POINT('Ctrl Pts',(-44.3334456258783,-23.1202421902819,-2.5));
#3477=CARTESIAN_POINT('Ctrl Pts',(-44.8012546814198,-22.2232106126517,-2.5));
#3478=CARTESIAN_POINT('Ctrl Pts',(-45.270661183765,-21.2501791572123,-2.69658925484887));
#3479=CARTESIAN_POINT('Ctrl Pts',(-46.085243210328,-19.4204334806292,-3.48692022737939));
#3480=CARTESIAN_POINT('Ctrl Pts',(-46.4318219860167,-18.5641983060845,-4.08032397502222));
#3481=CARTESIAN_POINT('Ctrl Pts',(-46.9413537359067,-17.2331827006417,-5.4195713437626));
#3482=CARTESIAN_POINT('Ctrl Pts',(-47.147545447183,-16.6517769166132,-6.2406684643141));
#3483=CARTESIAN_POINT('Ctrl Pts',(-47.4178277465656,-15.8657597786392,-8.05847636383648));
#3484=CARTESIAN_POINT('Ctrl Pts',(-47.483229927485,-15.6634247740904,-9.05597538257446));
#3485=CARTESIAN_POINT('Ctrl Pts',(-47.483229927485,-15.6634247740904,-10.));
#3486=CARTESIAN_POINT('Ctrl Pts',(-47.483229927485,-15.6634247740904,-10.9440246174255));
#3487=CARTESIAN_POINT('Ctrl Pts',(-47.4178277465656,-15.8657597786392,-11.9415236361635));
#3488=CARTESIAN_POINT('Ctrl Pts',(-47.147545447183,-16.6517769166132,-13.7593315356859));
#3489=CARTESIAN_POINT('Ctrl Pts',(-46.9413537359067,-17.2331827006417,-14.5804286562374));
#3490=CARTESIAN_POINT('Ctrl Pts',(-46.4318219860167,-18.5641983060845,-15.9196760249778));
#3491=CARTESIAN_POINT('Ctrl Pts',(-46.085243210328,-19.4204334806292,-16.5130797726206));
#3492=CARTESIAN_POINT('Ctrl Pts',(-45.270661183765,-21.2501791572123,-17.3034107451511));
#3493=CARTESIAN_POINT('Ctrl Pts',(-44.8012546814198,-22.2232106126516,-17.5));
#3494=CARTESIAN_POINT('Ctrl Pts',(-44.3334456258783,-23.1202421902819,-17.5));
#3495=CARTESIAN_POINT('',(-23.1202421902819,-44.3334456258783,-17.5));
#3496=CARTESIAN_POINT('Origin',(0.,0.,-17.5));
#3497=CARTESIAN_POINT('',(-23.1202421902819,-44.3334456258783,-2.5));
#3498=CARTESIAN_POINT('Ctrl Pts',(-23.1202421902819,-44.3334456258783,-17.5));
#3499=CARTESIAN_POINT('Ctrl Pts',(-22.2232106126517,-44.8012546814198,-17.5));
#3500=CARTESIAN_POINT('Ctrl Pts',(-21.2501791572123,-45.270661183765,-17.3034107451511));
#3501=CARTESIAN_POINT('Ctrl Pts',(-19.4204334806292,-46.0852432103279,-16.5130797726206));
#3502=CARTESIAN_POINT('Ctrl Pts',(-18.5641983060845,-46.4318219860167,-15.9196760249778));
#3503=CARTESIAN_POINT('Ctrl Pts',(-17.2331827006417,-46.9413537359067,-14.5804286562374));
#3504=CARTESIAN_POINT('Ctrl Pts',(-16.6517769166132,-47.147545447183,-13.7593315356859));
#3505=CARTESIAN_POINT('Ctrl Pts',(-15.8657597786392,-47.4178277465656,-11.9415236361635));
#3506=CARTESIAN_POINT('Ctrl Pts',(-15.6634247740904,-47.483229927485,-10.9440246174255));
#3507=CARTESIAN_POINT('Ctrl Pts',(-15.6634247740904,-47.483229927485,-9.05597538257446));
#3508=CARTESIAN_POINT('Ctrl Pts',(-15.8657597786392,-47.4178277465656,-8.05847636383648));
#3509=CARTESIAN_POINT('Ctrl Pts',(-16.6517769166132,-47.147545447183,-6.2406684643141));
#3510=CARTESIAN_POINT('Ctrl Pts',(-17.2331827006417,-46.9413537359067,-5.4195713437626));
#3511=CARTESIAN_POINT('Ctrl Pts',(-18.5641983060845,-46.4318219860167,-4.08032397502222));
#3512=CARTESIAN_POINT('Ctrl Pts',(-19.4204334806292,-46.0852432103279,-3.48692022737939));
#3513=CARTESIAN_POINT('Ctrl Pts',(-21.2501791572123,-45.270661183765,-2.69658925484886));
#3514=CARTESIAN_POINT('Ctrl Pts',(-22.2232106126517,-44.8012546814198,-2.5));
#3515=CARTESIAN_POINT('Ctrl Pts',(-23.1202421902819,-44.3334456258783,-2.5));
#3516=CARTESIAN_POINT('Origin',(0.,0.,-2.5));
#3517=CARTESIAN_POINT('Origin',(-75.0000011175871,12.0000001788139,-26.));
#3518=CARTESIAN_POINT('',(-75.0000011175871,10.7355001788139,-26.));
#3519=CARTESIAN_POINT('Origin',(-75.0000011175871,12.0000001788139,-26.));
#3520=CARTESIAN_POINT('',(-75.0000011175871,10.7355001788139,-29.1));
#3521=CARTESIAN_POINT('',(-75.0000011175871,10.7355001788139,-26.));
#3522=CARTESIAN_POINT('Origin',(-75.0000011175871,12.0000001788139,-29.1));
#3523=CARTESIAN_POINT('Origin',(-75.0000011175871,-12.0000001788139,-26.));
#3524=CARTESIAN_POINT('',(-75.0000011175871,-13.2645001788139,-26.));
#3525=CARTESIAN_POINT('Origin',(-75.0000011175871,-12.0000001788139,-26.));
#3526=CARTESIAN_POINT('',(-75.0000011175871,-13.2645001788139,-29.1));
#3527=CARTESIAN_POINT('',(-75.0000011175871,-13.2645001788139,-26.));
#3528=CARTESIAN_POINT('Origin',(-75.0000011175871,-12.0000001788139,-29.1));
#3529=CARTESIAN_POINT('Origin',(-85.,20.,-26.));
#3530=CARTESIAN_POINT('',(-65.5085077431073,18.,9.));
#3531=CARTESIAN_POINT('',(-85.,18.,-26.));
#3532=CARTESIAN_POINT('',(-85.,18.,-26.));
#3533=CARTESIAN_POINT('',(-65.5085077431073,20.,9.));
#3534=CARTESIAN_POINT('',(-65.5085077431073,19.5,9.));
#3535=CARTESIAN_POINT('',(-85.,20.,-26.));
#3536=CARTESIAN_POINT('',(-82.2936929528962,20.,-21.1404055984919));
#3537=CARTESIAN_POINT('',(-85.,20.,-26.));
#3538=CARTESIAN_POINT('Origin',(-85.,20.,-26.));
#3539=CARTESIAN_POINT('',(-65.5085077431073,-20.,9.));
#3540=CARTESIAN_POINT('',(-85.,-20.,-26.));
#3541=CARTESIAN_POINT('',(-85.6588581328023,-20.,-27.1830820516026));
#3542=CARTESIAN_POINT('',(-65.5085077431073,-18.,9.));
#3543=CARTESIAN_POINT('',(-65.5085077431073,0.500000000000012,9.));
#3544=CARTESIAN_POINT('',(-85.,-18.,-26.));
#3545=CARTESIAN_POINT('',(-81.7138771829057,-18.,-20.099256379017));
#3546=CARTESIAN_POINT('',(-85.,20.,-26.));
#3547=CARTESIAN_POINT('Origin',(-85.,-20.,-29.1));
#3548=CARTESIAN_POINT('',(-85.,-20.,-29.1));
#3549=CARTESIAN_POINT('',(-85.,-20.,-29.1));
#3550=CARTESIAN_POINT('',(-56.5685424949238,-20.,-29.1));
#3551=CARTESIAN_POINT('',(-85.,-20.,-29.1));
#3552=CARTESIAN_POINT('',(-56.5685424949238,-20.,9.));
#3553=CARTESIAN_POINT('',(-56.5685424949238,-20.,16.));
#3554=CARTESIAN_POINT('',(-85.,-20.,9.));
#3555=CARTESIAN_POINT('Origin',(-85.,20.,-29.1));
#3556=CARTESIAN_POINT('',(-85.,20.,-26.));
#3557=CARTESIAN_POINT('',(-85.,20.,-29.1));
#3558=CARTESIAN_POINT('',(-85.,20.,-29.1));
#3559=CARTESIAN_POINT('',(-85.,20.,-29.1));
#3560=CARTESIAN_POINT('Origin',(-56.5685424949238,20.,-29.1));
#3561=CARTESIAN_POINT('',(-56.5685424949238,20.,9.));
#3562=CARTESIAN_POINT('',(-56.5685424949238,20.,9.));
#3563=CARTESIAN_POINT('',(-56.5685424949238,20.,-29.1));
#3564=CARTESIAN_POINT('',(-56.5685424949238,20.,16.));
#3565=CARTESIAN_POINT('',(-85.,20.,-29.1));
#3566=CARTESIAN_POINT('Origin',(-70.7842712474619,19.,9.));
#3567=CARTESIAN_POINT('',(-57.2363520850167,18.,9.));
#3568=CARTESIAN_POINT('',(-83.,18.,9.));
#3569=CARTESIAN_POINT('Origin',(0.,0.,9.));
#3570=CARTESIAN_POINT('Origin',(-85.,18.,-26.));
#3571=CARTESIAN_POINT('',(-57.2363520850167,18.,-26.));
#3572=CARTESIAN_POINT('',(-77.892135623731,18.,-26.));
#3573=CARTESIAN_POINT('',(-57.2363520850167,18.,16.));
#3574=CARTESIAN_POINT('Origin',(-70.7842712474619,1.30028596819773E-14,
-26.));
#3575=CARTESIAN_POINT('',(-57.2363520850167,-18.,-26.));
#3576=CARTESIAN_POINT('',(-64.0103116662393,-18.,-26.));
#3577=CARTESIAN_POINT('',(-60.,-7.34788079488412E-15,-26.));
#3578=CARTESIAN_POINT('Origin',(0.,0.,-26.));
#3579=CARTESIAN_POINT('Origin',(0.,0.,-26.));
#3580=CARTESIAN_POINT('Origin',(-57.2363520850167,-18.,-26.));
#3581=CARTESIAN_POINT('',(-57.2363520850167,-18.,9.));
#3582=CARTESIAN_POINT('',(-83.,-18.,9.));
#3583=CARTESIAN_POINT('',(-57.2363520850167,-18.,16.));
#3584=CARTESIAN_POINT('Origin',(-70.7842712474619,-19.,9.));
#3585=CARTESIAN_POINT('Origin',(0.,0.,9.));
#3586=CARTESIAN_POINT('Origin',(56.5685424949238,-20.,-29.1));
#3587=CARTESIAN_POINT('',(85.,-20.,-29.1));
#3588=CARTESIAN_POINT('',(56.5685424949238,-20.,-29.1));
#3589=CARTESIAN_POINT('',(85.,-20.,-29.1));
#3590=CARTESIAN_POINT('',(85.,-20.,-26.));
#3591=CARTESIAN_POINT('',(85.,-20.,-29.1));
#3592=CARTESIAN_POINT('',(65.5085077431073,-20.,9.));
#3593=CARTESIAN_POINT('',(82.2936929528962,-20.,-21.1404055984919));
#3594=CARTESIAN_POINT('',(56.5685424949238,-20.,9.));
#3595=CARTESIAN_POINT('',(56.5685424949238,-20.,9.));
#3596=CARTESIAN_POINT('',(56.5685424949238,-20.,16.));
#3597=CARTESIAN_POINT('Origin',(0.,0.,-29.1));
#3598=CARTESIAN_POINT('',(85.,20.,-29.1));
#3599=CARTESIAN_POINT('',(56.5685424949238,20.,-29.1));
#3600=CARTESIAN_POINT('',(85.,20.,-29.1));
#3601=CARTESIAN_POINT('',(85.,-20.,-29.1));
#3602=CARTESIAN_POINT('',(20.,-56.5685424949238,-29.1));
#3603=CARTESIAN_POINT('Origin',(0.,0.,-29.1));
#3604=CARTESIAN_POINT('',(20.,-85.,-29.1));
#3605=CARTESIAN_POINT('',(20.,-85.,-29.1));
#3606=CARTESIAN_POINT('',(-20.,-85.,-29.1));
#3607=CARTESIAN_POINT('',(-20.,-85.,-29.1));
#3608=CARTESIAN_POINT('',(-20.,-56.5685424949238,-29.1));
#3609=CARTESIAN_POINT('',(-20.,-85.,-29.1));
#3610=CARTESIAN_POINT('Origin',(0.,0.,-29.1));
#3611=CARTESIAN_POINT('',(-20.,56.5685424949238,-29.1));
#3612=CARTESIAN_POINT('Origin',(0.,0.,-29.1));
#3613=CARTESIAN_POINT('',(-20.,85.,-29.1));
#3614=CARTESIAN_POINT('',(-20.,85.,-29.1));
#3615=CARTESIAN_POINT('',(20.,85.,-29.1));
#3616=CARTESIAN_POINT('',(20.,85.,-29.1));
#3617=CARTESIAN_POINT('',(20.,56.5685424949238,-29.1));
#3618=CARTESIAN_POINT('',(20.,85.,-29.1));
#3619=CARTESIAN_POINT('Origin',(0.,0.,-29.1));
#3620=CARTESIAN_POINT('',(75.0000011175871,-10.7355001788139,-29.1));
#3621=CARTESIAN_POINT('Origin',(75.0000011175871,-12.0000001788139,-29.1));
#3622=CARTESIAN_POINT('',(75.0000011175871,13.2645001788139,-29.1));
#3623=CARTESIAN_POINT('Origin',(75.0000011175871,12.0000001788139,-29.1));
#3624=CARTESIAN_POINT('',(-13.2645001788139,75.0000011175871,-29.1));
#3625=CARTESIAN_POINT('Origin',(-12.0000001788139,75.0000011175871,-29.1));
#3626=CARTESIAN_POINT('',(10.7355001788139,75.0000011175871,-29.1));
#3627=CARTESIAN_POINT('Origin',(12.0000001788139,75.0000011175871,-29.1));
#3628=CARTESIAN_POINT('',(13.2645001788139,-75.0000011175871,-29.1));
#3629=CARTESIAN_POINT('Origin',(12.0000001788139,-75.0000011175871,-29.1));
#3630=CARTESIAN_POINT('',(-10.7355001788139,-75.0000011175871,-29.1));
#3631=CARTESIAN_POINT('Origin',(-12.0000001788139,-75.0000011175871,-29.1));
#3632=CARTESIAN_POINT('Origin',(12.0000001788139,75.0000011175871,-26.));
#3633=CARTESIAN_POINT('',(10.7355001788139,75.0000011175871,-26.));
#3634=CARTESIAN_POINT('Origin',(12.0000001788139,75.0000011175871,-26.));
#3635=CARTESIAN_POINT('',(10.7355001788139,75.0000011175871,-26.));
#3636=CARTESIAN_POINT('Origin',(-12.0000001788139,75.0000011175871,-26.));
#3637=CARTESIAN_POINT('',(-13.2645001788139,75.0000011175871,-26.));
#3638=CARTESIAN_POINT('Origin',(-12.0000001788139,75.0000011175871,-26.));
#3639=CARTESIAN_POINT('',(-13.2645001788139,75.0000011175871,-26.));
#3640=CARTESIAN_POINT('Origin',(20.,85.,-26.));
#3641=CARTESIAN_POINT('',(18.,65.5085077431073,9.));
#3642=CARTESIAN_POINT('',(18.,85.,-26.));
#3643=CARTESIAN_POINT('',(18.,85.,-26.));
#3644=CARTESIAN_POINT('',(20.,65.5085077431073,9.));
#3645=CARTESIAN_POINT('',(19.5,65.5085077431073,9.));
#3646=CARTESIAN_POINT('',(20.,85.,-26.));
#3647=CARTESIAN_POINT('',(20.,82.2936929528962,-21.1404055984919));
#3648=CARTESIAN_POINT('',(20.,85.,-26.));
#3649=CARTESIAN_POINT('Origin',(20.,85.,-26.));
#3650=CARTESIAN_POINT('',(-20.,65.5085077431073,9.));
#3651=CARTESIAN_POINT('',(-20.,85.,-26.));
#3652=CARTESIAN_POINT('',(-20.,85.6588581328023,-27.1830820516026));
#3653=CARTESIAN_POINT('',(-18.,65.5085077431073,9.));
#3654=CARTESIAN_POINT('',(0.500000000000008,65.5085077431073,9.));
#3655=CARTESIAN_POINT('',(-18.,85.,-26.));
#3656=CARTESIAN_POINT('',(-18.,81.7138771829057,-20.099256379017));
#3657=CARTESIAN_POINT('',(20.,85.,-26.));
#3658=CARTESIAN_POINT('Origin',(-20.,85.,-29.1));
#3659=CARTESIAN_POINT('',(-20.,85.,-29.1));
#3660=CARTESIAN_POINT('',(-20.,56.5685424949238,9.));
#3661=CARTESIAN_POINT('',(-20.,56.5685424949238,16.));
#3662=CARTESIAN_POINT('',(-20.,85.,9.));
#3663=CARTESIAN_POINT('Origin',(20.,85.,-29.1));
#3664=CARTESIAN_POINT('',(20.,85.,-26.));
#3665=CARTESIAN_POINT('',(20.,85.,-29.1));
#3666=CARTESIAN_POINT('Origin',(20.,56.5685424949238,-29.1));
#3667=CARTESIAN_POINT('',(20.,56.5685424949238,9.));
#3668=CARTESIAN_POINT('',(20.,56.5685424949238,9.));
#3669=CARTESIAN_POINT('',(20.,56.5685424949238,16.));
#3670=CARTESIAN_POINT('Origin',(19.,70.7842712474619,9.));
#3671=CARTESIAN_POINT('',(18.,57.2363520850167,9.));
#3672=CARTESIAN_POINT('',(18.,83.,9.));
#3673=CARTESIAN_POINT('Origin',(0.,0.,9.));
#3674=CARTESIAN_POINT('Origin',(18.,85.,-26.));
#3675=CARTESIAN_POINT('',(18.,57.2363520850167,-26.));
#3676=CARTESIAN_POINT('',(18.,77.892135623731,-26.));
#3677=CARTESIAN_POINT('',(18.,57.2363520850167,16.));
#3678=CARTESIAN_POINT('Origin',(8.66857312131822E-15,70.7842712474619,-26.));
#3679=CARTESIAN_POINT('',(-18.,57.2363520850167,-26.));
#3680=CARTESIAN_POINT('',(-18.,64.0103116662393,-26.));
#3681=CARTESIAN_POINT('Origin',(0.,0.,-26.));
#3682=CARTESIAN_POINT('Origin',(-18.,57.2363520850167,-26.));
#3683=CARTESIAN_POINT('',(-18.,57.2363520850167,9.));
#3684=CARTESIAN_POINT('',(-18.,83.,9.));
#3685=CARTESIAN_POINT('',(-18.,57.2363520850167,16.));
#3686=CARTESIAN_POINT('Origin',(-19.,70.7842712474619,9.));
#3687=CARTESIAN_POINT('Origin',(0.,0.,9.));
#3688=CARTESIAN_POINT('Origin',(-18.,-85.,-26.));
#3689=CARTESIAN_POINT('',(-18.,-65.5085077431073,9.));
#3690=CARTESIAN_POINT('',(-18.,-85.,-26.));
#3691=CARTESIAN_POINT('',(-18.,-85.,-26.));
#3692=CARTESIAN_POINT('',(-18.,-57.2363520850167,-26.));
#3693=CARTESIAN_POINT('',(-18.,-77.892135623731,-26.));
#3694=CARTESIAN_POINT('',(-18.,-57.2363520850167,9.));
#3695=CARTESIAN_POINT('',(-18.,-57.2363520850167,16.));
#3696=CARTESIAN_POINT('',(-18.,-83.,9.));
#3697=CARTESIAN_POINT('Origin',(-20.,-56.5685424949238,-29.1));
#3698=CARTESIAN_POINT('',(-20.,-85.,-26.));
#3699=CARTESIAN_POINT('',(-20.,-85.,-29.1));
#3700=CARTESIAN_POINT('',(-20.,-65.5085077431073,9.));
#3701=CARTESIAN_POINT('',(-20.,-82.2936929528962,-21.1404055984919));
#3702=CARTESIAN_POINT('',(-20.,-56.5685424949238,9.));
#3703=CARTESIAN_POINT('',(-20.,-56.5685424949238,9.));
#3704=CARTESIAN_POINT('',(-20.,-56.5685424949238,16.));
#3705=CARTESIAN_POINT('Origin',(75.0000011175871,-12.0000001788139,-26.));
#3706=CARTESIAN_POINT('',(75.0000011175871,-10.7355001788139,-26.));
#3707=CARTESIAN_POINT('Origin',(75.0000011175871,-12.0000001788139,-26.));
#3708=CARTESIAN_POINT('',(75.0000011175871,-10.7355001788139,-26.));
#3709=CARTESIAN_POINT('Origin',(75.0000011175871,12.0000001788139,-26.));
#3710=CARTESIAN_POINT('',(75.0000011175871,13.2645001788139,-26.));
#3711=CARTESIAN_POINT('Origin',(75.0000011175871,12.0000001788139,-26.));
#3712=CARTESIAN_POINT('',(75.0000011175871,13.2645001788139,-26.));
#3713=CARTESIAN_POINT('Origin',(85.,-20.,-26.));
#3714=CARTESIAN_POINT('',(65.5085077431073,-18.,9.));
#3715=CARTESIAN_POINT('',(85.,-18.,-26.));
#3716=CARTESIAN_POINT('',(85.,-18.,-26.));
#3717=CARTESIAN_POINT('',(65.5085077431073,-19.5,9.));
#3718=CARTESIAN_POINT('',(85.,-20.,-26.));
#3719=CARTESIAN_POINT('Origin',(85.,-20.,-26.));
#3720=CARTESIAN_POINT('',(65.5085077431073,20.,9.));
#3721=CARTESIAN_POINT('',(85.,20.,-26.));
#3722=CARTESIAN_POINT('',(85.6588581328023,20.,-27.1830820516026));
#3723=CARTESIAN_POINT('',(65.5085077431073,18.,9.));
#3724=CARTESIAN_POINT('',(65.5085077431073,-0.500000000000004,9.));
#3725=CARTESIAN_POINT('',(85.,18.,-26.));
#3726=CARTESIAN_POINT('',(81.7138771829057,18.,-20.099256379017));
#3727=CARTESIAN_POINT('',(85.,-20.,-26.));
#3728=CARTESIAN_POINT('Origin',(85.,20.,-29.1));
#3729=CARTESIAN_POINT('',(85.,20.,-29.1));
#3730=CARTESIAN_POINT('',(56.5685424949238,20.,9.));
#3731=CARTESIAN_POINT('',(56.5685424949238,20.,16.));
#3732=CARTESIAN_POINT('',(85.,20.,9.));
#3733=CARTESIAN_POINT('Origin',(85.,-20.,-29.1));
#3734=CARTESIAN_POINT('',(85.,-20.,-26.));
#3735=CARTESIAN_POINT('Origin',(70.7842712474619,-19.,9.));
#3736=CARTESIAN_POINT('',(57.2363520850167,-18.,9.));
#3737=CARTESIAN_POINT('',(83.,-18.,9.));
#3738=CARTESIAN_POINT('Origin',(0.,0.,9.));
#3739=CARTESIAN_POINT('Origin',(85.,-18.,-26.));
#3740=CARTESIAN_POINT('',(57.2363520850167,-18.,-26.));
#3741=CARTESIAN_POINT('',(77.892135623731,-18.,-26.));
#3742=CARTESIAN_POINT('',(57.2363520850167,-18.,16.));
#3743=CARTESIAN_POINT('Origin',(70.7842712474619,-4.33428656065911E-15,
-26.));
#3744=CARTESIAN_POINT('',(57.2363520850167,18.,-26.));
#3745=CARTESIAN_POINT('',(64.0103116662393,18.,-26.));
#3746=CARTESIAN_POINT('Origin',(0.,0.,-26.));
#3747=CARTESIAN_POINT('Origin',(57.2363520850167,18.,-26.));
#3748=CARTESIAN_POINT('',(57.2363520850167,18.,9.));
#3749=CARTESIAN_POINT('',(83.,18.,9.));
#3750=CARTESIAN_POINT('',(57.2363520850167,18.,16.));
#3751=CARTESIAN_POINT('Origin',(70.7842712474619,19.,9.));
#3752=CARTESIAN_POINT('Origin',(0.,0.,9.));
#3753=CARTESIAN_POINT('Origin',(-12.0000001788139,-75.0000011175871,-26.));
#3754=CARTESIAN_POINT('',(-10.7355001788139,-75.0000011175871,-26.));
#3755=CARTESIAN_POINT('Origin',(-12.0000001788139,-75.0000011175871,-26.));
#3756=CARTESIAN_POINT('',(-10.7355001788139,-75.0000011175871,-26.));
#3757=CARTESIAN_POINT('Origin',(12.0000001788139,-75.0000011175871,-26.));
#3758=CARTESIAN_POINT('',(13.2645001788139,-75.0000011175871,-26.));
#3759=CARTESIAN_POINT('Origin',(12.0000001788139,-75.0000011175871,-26.));
#3760=CARTESIAN_POINT('',(13.2645001788139,-75.0000011175871,-26.));
#3761=CARTESIAN_POINT('Origin',(-20.,-85.,-26.));
#3762=CARTESIAN_POINT('',(-19.5,-65.5085077431073,9.));
#3763=CARTESIAN_POINT('',(-20.,-85.,-26.));
#3764=CARTESIAN_POINT('Origin',(-20.,-85.,-26.));
#3765=CARTESIAN_POINT('',(20.,-65.5085077431073,9.));
#3766=CARTESIAN_POINT('',(20.,-85.,-26.));
#3767=CARTESIAN_POINT('',(20.,-85.6588581328023,-27.1830820516026));
#3768=CARTESIAN_POINT('',(18.,-65.5085077431073,9.));
#3769=CARTESIAN_POINT('',(-0.5,-65.5085077431073,9.));
#3770=CARTESIAN_POINT('',(18.,-85.,-26.));
#3771=CARTESIAN_POINT('',(18.,-81.7138771829057,-20.099256379017));
#3772=CARTESIAN_POINT('',(-20.,-85.,-26.));
#3773=CARTESIAN_POINT('Origin',(20.,-85.,-29.1));
#3774=CARTESIAN_POINT('',(20.,-85.,-29.1));
#3775=CARTESIAN_POINT('',(20.,-56.5685424949238,9.));
#3776=CARTESIAN_POINT('',(20.,-56.5685424949238,16.));
#3777=CARTESIAN_POINT('',(20.,-85.,9.));
#3778=CARTESIAN_POINT('Origin',(-20.,-85.,-29.1));
#3779=CARTESIAN_POINT('',(-20.,-85.,-26.));
#3780=CARTESIAN_POINT('Origin',(-19.,-70.7842712474619,9.));
#3781=CARTESIAN_POINT('Origin',(0.,0.,9.));
#3782=CARTESIAN_POINT('Origin',(0.,0.,16.));
#3783=CARTESIAN_POINT('',(-60.,-7.34788079488412E-15,9.1));
#3784=CARTESIAN_POINT('Origin',(0.,0.,9.1));
#3785=CARTESIAN_POINT('',(-60.,-7.34788079488412E-15,16.));
#3786=CARTESIAN_POINT('',(18.,-57.2363520850167,-26.));
#3787=CARTESIAN_POINT('Origin',(0.,0.,-26.));
#3788=CARTESIAN_POINT('',(18.,-57.2363520850167,9.));
#3789=CARTESIAN_POINT('',(18.,-57.2363520850167,16.));
#3790=CARTESIAN_POINT('Origin',(0.,0.,9.));
#3791=CARTESIAN_POINT('',(51.6857935306857,30.4725900950893,-17.5));
#3792=CARTESIAN_POINT('',(51.6857935306857,30.4725900950893,-2.5));
#3793=CARTESIAN_POINT('Ctrl Pts',(51.6857935306857,30.4725900950893,-17.5));
#3794=CARTESIAN_POINT('Ctrl Pts',(52.1878762014217,29.6209873539367,-17.5));
#3795=CARTESIAN_POINT('Ctrl Pts',(52.700543014856,28.6985207493839,-17.3062788255173));
#3796=CARTESIAN_POINT('Ctrl Pts',(53.6059578509046,26.9694940677264,-16.5241542042756));
#3797=CARTESIAN_POINT('Ctrl Pts',(53.9998442329239,26.1634451932556,-15.9359389662109));
#3798=CARTESIAN_POINT('Ctrl Pts',(54.5927136566746,24.9017822616051,-14.5989084572628));
#3799=CARTESIAN_POINT('Ctrl Pts',(54.8381971864807,24.3502711483278,-13.7704938261288));
#3800=CARTESIAN_POINT('Ctrl Pts',(55.161478908515,23.6087870054356,-11.9427681186778));
#3801=CARTESIAN_POINT('Ctrl Pts',(55.240234383078,23.4204292296834,-10.9429715904323));
#3802=CARTESIAN_POINT('Ctrl Pts',(55.240234383078,23.4204292296834,-10.));
#3803=CARTESIAN_POINT('Ctrl Pts',(55.240234383078,23.4204292296834,-9.05702840956772));
#3804=CARTESIAN_POINT('Ctrl Pts',(55.161478908515,23.6087870054356,-8.05723188132215));
#3805=CARTESIAN_POINT('Ctrl Pts',(54.8381971864807,24.3502711483278,-6.22950617387121));
#3806=CARTESIAN_POINT('Ctrl Pts',(54.5927136566746,24.9017822616051,-5.40109154273715));
#3807=CARTESIAN_POINT('Ctrl Pts',(53.9998442329239,26.1634451932556,-4.06406103378912));
#3808=CARTESIAN_POINT('Ctrl Pts',(53.6059578509046,26.9694940677264,-3.47584579572441));
#3809=CARTESIAN_POINT('Ctrl Pts',(52.700543014856,28.6985207493839,-2.69372117448275));
#3810=CARTESIAN_POINT('Ctrl Pts',(52.1878762014217,29.6209873539367,-2.5));
#3811=CARTESIAN_POINT('Ctrl Pts',(51.6857935306857,30.4725900950893,-2.5));
#3812=CARTESIAN_POINT('',(30.4725900950892,51.6857935306857,-2.5));
#3813=CARTESIAN_POINT('Origin',(0.,0.,-2.5));
#3814=CARTESIAN_POINT('',(30.4725900950892,51.6857935306857,-17.5));
#3815=CARTESIAN_POINT('Ctrl Pts',(30.4725900950892,51.6857935306857,-2.5));
#3816=CARTESIAN_POINT('Ctrl Pts',(29.6209873539367,52.1878762014217,-2.5));
#3817=CARTESIAN_POINT('Ctrl Pts',(28.6985207493839,52.7005430148561,-2.69372117448275));
#3818=CARTESIAN_POINT('Ctrl Pts',(26.9694940677264,53.6059578509047,-3.47584579572441));
#3819=CARTESIAN_POINT('Ctrl Pts',(26.1634451932556,53.999844232924,-4.06406103378912));
#3820=CARTESIAN_POINT('Ctrl Pts',(24.901782261605,54.5927136566746,-5.40109154273715));
#3821=CARTESIAN_POINT('Ctrl Pts',(24.3502711483278,54.8381971864807,-6.22950617387122));
#3822=CARTESIAN_POINT('Ctrl Pts',(23.6087870054356,55.161478908515,-8.05723188132215));
#3823=CARTESIAN_POINT('Ctrl Pts',(23.4204292296834,55.240234383078,-9.05702840956772));
#3824=CARTESIAN_POINT('Ctrl Pts',(23.4204292296834,55.240234383078,-10.9429715904323));
#3825=CARTESIAN_POINT('Ctrl Pts',(23.6087870054356,55.161478908515,-11.9427681186778));
#3826=CARTESIAN_POINT('Ctrl Pts',(24.3502711483278,54.8381971864807,-13.7704938261288));
#3827=CARTESIAN_POINT('Ctrl Pts',(24.901782261605,54.5927136566746,-14.5989084572628));
#3828=CARTESIAN_POINT('Ctrl Pts',(26.1634451932556,53.999844232924,-15.9359389662109));
#3829=CARTESIAN_POINT('Ctrl Pts',(26.9694940677264,53.6059578509047,-16.5241542042756));
#3830=CARTESIAN_POINT('Ctrl Pts',(28.6985207493839,52.7005430148561,-17.3062788255173));
#3831=CARTESIAN_POINT('Ctrl Pts',(29.6209873539367,52.1878762014217,-17.5));
#3832=CARTESIAN_POINT('Ctrl Pts',(30.4725900950892,51.6857935306857,-17.5));
#3833=CARTESIAN_POINT('Origin',(0.,0.,-17.5));
#3834=CARTESIAN_POINT('',(-30.4725900950893,51.6857935306857,-17.5));
#3835=CARTESIAN_POINT('',(-30.4725900950893,51.6857935306857,-2.5));
#3836=CARTESIAN_POINT('Ctrl Pts',(-30.4725900950892,51.6857935306857,-17.5));
#3837=CARTESIAN_POINT('Ctrl Pts',(-29.6209873539367,52.1878762014217,-17.5));
#3838=CARTESIAN_POINT('Ctrl Pts',(-28.6985207493839,52.7005430148561,-17.3062788255173));
#3839=CARTESIAN_POINT('Ctrl Pts',(-26.9694940677264,53.6059578509046,-16.5241542042756));
#3840=CARTESIAN_POINT('Ctrl Pts',(-26.1634451932556,53.999844232924,-15.9359389662109));
#3841=CARTESIAN_POINT('Ctrl Pts',(-24.9017822616051,54.5927136566746,-14.5989084572628));
#3842=CARTESIAN_POINT('Ctrl Pts',(-24.3502711483278,54.8381971864807,-13.7704938261288));
#3843=CARTESIAN_POINT('Ctrl Pts',(-23.6087870054356,55.161478908515,-11.9427681186778));
#3844=CARTESIAN_POINT('Ctrl Pts',(-23.4204292296834,55.240234383078,-10.9429715904323));
#3845=CARTESIAN_POINT('Ctrl Pts',(-23.4204292296834,55.240234383078,-10.));
#3846=CARTESIAN_POINT('Ctrl Pts',(-23.4204292296834,55.240234383078,-9.05702840956772));
#3847=CARTESIAN_POINT('Ctrl Pts',(-23.6087870054356,55.161478908515,-8.05723188132215));
#3848=CARTESIAN_POINT('Ctrl Pts',(-24.3502711483278,54.8381971864807,-6.22950617387121));
#3849=CARTESIAN_POINT('Ctrl Pts',(-24.9017822616051,54.5927136566746,-5.40109154273715));
#3850=CARTESIAN_POINT('Ctrl Pts',(-26.1634451932556,53.999844232924,-4.06406103378912));
#3851=CARTESIAN_POINT('Ctrl Pts',(-26.9694940677264,53.6059578509046,-3.47584579572441));
#3852=CARTESIAN_POINT('Ctrl Pts',(-28.6985207493839,52.7005430148561,-2.69372117448275));
#3853=CARTESIAN_POINT('Ctrl Pts',(-29.6209873539367,52.1878762014217,-2.5));
#3854=CARTESIAN_POINT('Ctrl Pts',(-30.4725900950893,51.6857935306857,-2.5));
#3855=CARTESIAN_POINT('',(-51.6857935306857,30.4725900950892,-2.5));
#3856=CARTESIAN_POINT('Origin',(0.,0.,-2.5));
#3857=CARTESIAN_POINT('',(-51.6857935306857,30.4725900950892,-17.5));
#3858=CARTESIAN_POINT('Ctrl Pts',(-51.6857935306857,30.4725900950892,-2.5));
#3859=CARTESIAN_POINT('Ctrl Pts',(-52.1878762014217,29.6209873539367,-2.5));
#3860=CARTESIAN_POINT('Ctrl Pts',(-52.7005430148561,28.6985207493839,-2.69372117448275));
#3861=CARTESIAN_POINT('Ctrl Pts',(-53.6059578509046,26.9694940677264,-3.47584579572441));
#3862=CARTESIAN_POINT('Ctrl Pts',(-53.999844232924,26.1634451932556,-4.06406103378912));
#3863=CARTESIAN_POINT('Ctrl Pts',(-54.5927136566746,24.901782261605,-5.40109154273715));
#3864=CARTESIAN_POINT('Ctrl Pts',(-54.8381971864807,24.3502711483278,-6.22950617387122));
#3865=CARTESIAN_POINT('Ctrl Pts',(-55.161478908515,23.6087870054356,-8.05723188132215));
#3866=CARTESIAN_POINT('Ctrl Pts',(-55.240234383078,23.4204292296834,-9.05702840956772));
#3867=CARTESIAN_POINT('Ctrl Pts',(-55.240234383078,23.4204292296834,-10.9429715904323));
#3868=CARTESIAN_POINT('Ctrl Pts',(-55.161478908515,23.6087870054356,-11.9427681186778));
#3869=CARTESIAN_POINT('Ctrl Pts',(-54.8381971864807,24.3502711483278,-13.7704938261288));
#3870=CARTESIAN_POINT('Ctrl Pts',(-54.5927136566746,24.901782261605,-14.5989084572628));
#3871=CARTESIAN_POINT('Ctrl Pts',(-53.999844232924,26.1634451932556,-15.9359389662109));
#3872=CARTESIAN_POINT('Ctrl Pts',(-53.6059578509046,26.9694940677264,-16.5241542042756));
#3873=CARTESIAN_POINT('Ctrl Pts',(-52.7005430148561,28.6985207493839,-17.3062788255173));
#3874=CARTESIAN_POINT('Ctrl Pts',(-52.1878762014217,29.6209873539367,-17.5));
#3875=CARTESIAN_POINT('Ctrl Pts',(-51.6857935306857,30.4725900950892,-17.5));
#3876=CARTESIAN_POINT('Origin',(0.,0.,-17.5));
#3877=CARTESIAN_POINT('',(-51.6857935306857,-30.4725900950893,-17.5));
#3878=CARTESIAN_POINT('',(-51.6857935306857,-30.4725900950893,-2.5));
#3879=CARTESIAN_POINT('Ctrl Pts',(-51.6857935306857,-30.4725900950892,-17.5));
#3880=CARTESIAN_POINT('Ctrl Pts',(-52.1878762014217,-29.6209873539367,-17.5));
#3881=CARTESIAN_POINT('Ctrl Pts',(-52.7005430148561,-28.6985207493839,-17.3062788255173));
#3882=CARTESIAN_POINT('Ctrl Pts',(-53.6059578509046,-26.9694940677264,-16.5241542042756));
#3883=CARTESIAN_POINT('Ctrl Pts',(-53.999844232924,-26.1634451932556,-15.9359389662109));
#3884=CARTESIAN_POINT('Ctrl Pts',(-54.5927136566746,-24.9017822616051,-14.5989084572628));
#3885=CARTESIAN_POINT('Ctrl Pts',(-54.8381971864807,-24.3502711483278,-13.7704938261288));
#3886=CARTESIAN_POINT('Ctrl Pts',(-55.161478908515,-23.6087870054356,-11.9427681186778));
#3887=CARTESIAN_POINT('Ctrl Pts',(-55.240234383078,-23.4204292296834,-10.9429715904323));
#3888=CARTESIAN_POINT('Ctrl Pts',(-55.240234383078,-23.4204292296834,-10.));
#3889=CARTESIAN_POINT('Ctrl Pts',(-55.240234383078,-23.4204292296834,-9.05702840956772));
#3890=CARTESIAN_POINT('Ctrl Pts',(-55.161478908515,-23.6087870054356,-8.05723188132215));
#3891=CARTESIAN_POINT('Ctrl Pts',(-54.8381971864807,-24.3502711483278,-6.22950617387121));
#3892=CARTESIAN_POINT('Ctrl Pts',(-54.5927136566746,-24.9017822616051,-5.40109154273715));
#3893=CARTESIAN_POINT('Ctrl Pts',(-53.999844232924,-26.1634451932556,-4.06406103378912));
#3894=CARTESIAN_POINT('Ctrl Pts',(-53.6059578509046,-26.9694940677264,-3.47584579572441));
#3895=CARTESIAN_POINT('Ctrl Pts',(-52.7005430148561,-28.6985207493839,-2.69372117448275));
#3896=CARTESIAN_POINT('Ctrl Pts',(-52.1878762014217,-29.6209873539367,-2.5));
#3897=CARTESIAN_POINT('Ctrl Pts',(-51.6857935306857,-30.4725900950893,-2.5));
#3898=CARTESIAN_POINT('',(-30.4725900950892,-51.6857935306857,-2.5));
#3899=CARTESIAN_POINT('Origin',(0.,0.,-2.5));
#3900=CARTESIAN_POINT('',(-30.4725900950892,-51.6857935306857,-17.5));
#3901=CARTESIAN_POINT('Ctrl Pts',(-30.4725900950892,-51.6857935306857,-2.5));
#3902=CARTESIAN_POINT('Ctrl Pts',(-29.6209873539367,-52.1878762014217,-2.5));
#3903=CARTESIAN_POINT('Ctrl Pts',(-28.6985207493839,-52.7005430148561,-2.69372117448275));
#3904=CARTESIAN_POINT('Ctrl Pts',(-26.9694940677264,-53.6059578509046,-3.47584579572441));
#3905=CARTESIAN_POINT('Ctrl Pts',(-26.1634451932556,-53.999844232924,-4.06406103378912));
#3906=CARTESIAN_POINT('Ctrl Pts',(-24.901782261605,-54.5927136566746,-5.40109154273715));
#3907=CARTESIAN_POINT('Ctrl Pts',(-24.3502711483278,-54.8381971864807,-6.22950617387122));
#3908=CARTESIAN_POINT('Ctrl Pts',(-23.6087870054356,-55.161478908515,-8.05723188132215));
#3909=CARTESIAN_POINT('Ctrl Pts',(-23.4204292296834,-55.240234383078,-9.05702840956772));
#3910=CARTESIAN_POINT('Ctrl Pts',(-23.4204292296834,-55.240234383078,-10.9429715904323));
#3911=CARTESIAN_POINT('Ctrl Pts',(-23.6087870054356,-55.161478908515,-11.9427681186778));
#3912=CARTESIAN_POINT('Ctrl Pts',(-24.3502711483278,-54.8381971864807,-13.7704938261288));
#3913=CARTESIAN_POINT('Ctrl Pts',(-24.901782261605,-54.5927136566746,-14.5989084572628));
#3914=CARTESIAN_POINT('Ctrl Pts',(-26.1634451932556,-53.999844232924,-15.9359389662109));
#3915=CARTESIAN_POINT('Ctrl Pts',(-26.9694940677264,-53.6059578509046,-16.5241542042756));
#3916=CARTESIAN_POINT('Ctrl Pts',(-28.6985207493839,-52.7005430148561,-17.3062788255173));
#3917=CARTESIAN_POINT('Ctrl Pts',(-29.6209873539367,-52.1878762014217,-17.5));
#3918=CARTESIAN_POINT('Ctrl Pts',(-30.4725900950892,-51.6857935306857,-17.5));
#3919=CARTESIAN_POINT('Origin',(0.,0.,-17.5));
#3920=CARTESIAN_POINT('Origin',(0.,-70.7842712474619,-26.));
#3921=CARTESIAN_POINT('',(18.,-64.0103116662393,-26.));
#3922=CARTESIAN_POINT('Origin',(18.,-57.2363520850167,-26.));
#3923=CARTESIAN_POINT('',(18.,-83.,9.));
#3924=CARTESIAN_POINT('Origin',(19.,-70.7842712474619,9.));
#3925=CARTESIAN_POINT('Origin',(0.,0.,14.1));
#3926=CARTESIAN_POINT('',(-55.,-6.73555739531044E-15,14.1));
#3927=CARTESIAN_POINT('Origin',(-53.0330085889911,-31.8198051533946,-10.));
#3928=CARTESIAN_POINT('',(-53.0330085889911,-31.8198051533946,-2.5));
#3929=CARTESIAN_POINT('',(-53.0330085889911,-31.8198051533946,-17.5));
#3930=CARTESIAN_POINT('Origin',(-53.0330085889911,-31.8198051533946,-2.5));
#3931=CARTESIAN_POINT('',(-31.8198051533946,-53.0330085889911,-2.5));
#3932=CARTESIAN_POINT('Origin',(-31.8198051533946,-53.0330085889911,-17.5));
#3933=CARTESIAN_POINT('',(-31.8198051533946,-53.0330085889911,-17.5));
#3934=CARTESIAN_POINT('Origin',(-31.8198051533946,-53.0330085889911,-10.));
#3935=CARTESIAN_POINT('Origin',(-31.8198051533946,53.0330085889911,-10.));
#3936=CARTESIAN_POINT('',(-31.8198051533946,53.0330085889911,-2.5));
#3937=CARTESIAN_POINT('',(-31.8198051533946,53.0330085889911,-17.5));
#3938=CARTESIAN_POINT('Origin',(-31.8198051533946,53.0330085889911,-2.5));
#3939=CARTESIAN_POINT('',(-53.0330085889911,31.8198051533946,-2.5));
#3940=CARTESIAN_POINT('Origin',(-53.0330085889911,31.8198051533946,-17.5));
#3941=CARTESIAN_POINT('',(-53.0330085889911,31.8198051533946,-17.5));
#3942=CARTESIAN_POINT('Origin',(-53.0330085889911,31.8198051533946,-10.));
#3943=CARTESIAN_POINT('Origin',(53.0330085889911,31.8198051533946,-10.));
#3944=CARTESIAN_POINT('',(53.0330085889911,31.8198051533946,-2.5));
#3945=CARTESIAN_POINT('',(53.0330085889911,31.8198051533946,-17.5));
#3946=CARTESIAN_POINT('Origin',(53.0330085889911,31.8198051533946,-2.5));
#3947=CARTESIAN_POINT('',(31.8198051533946,53.0330085889911,-2.5));
#3948=CARTESIAN_POINT('Origin',(31.8198051533946,53.0330085889911,-17.5));
#3949=CARTESIAN_POINT('',(31.8198051533946,53.0330085889911,-17.5));
#3950=CARTESIAN_POINT('Origin',(31.8198051533946,53.0330085889911,-10.));
#3951=UNCERTAINTY_MEASURE_WITH_UNIT(LENGTH_MEASURE(0.01),#3955,
'DISTANCE_ACCURACY_VALUE',
'Maximum model space distance between geometric entities at asserted c
onnectivities');
#3952=UNCERTAINTY_MEASURE_WITH_UNIT(LENGTH_MEASURE(0.01),#3955,
'DISTANCE_ACCURACY_VALUE',
'Maximum model space distance between geometric entities at asserted c
onnectivities');
#3953=(
GEOMETRIC_REPRESENTATION_CONTEXT(3)
GLOBAL_UNCERTAINTY_ASSIGNED_CONTEXT((#3951))
GLOBAL_UNIT_ASSIGNED_CONTEXT((#3955,#3957,#3958))
REPRESENTATION_CONTEXT('','3D')
);
#3954=(
GEOMETRIC_REPRESENTATION_CONTEXT(3)
GLOBAL_UNCERTAINTY_ASSIGNED_CONTEXT((#3952))
GLOBAL_UNIT_ASSIGNED_CONTEXT((#3955,#3957,#3958))
REPRESENTATION_CONTEXT('','3D')
);
#3955=(
LENGTH_UNIT()
NAMED_UNIT(*)
SI_UNIT(.MILLI.,.METRE.)
);
#3956=(
LENGTH_UNIT()
NAMED_UNIT(*)
SI_UNIT($,.METRE.)
);
#3957=(
NAMED_UNIT(*)
PLANE_ANGLE_UNIT()
SI_UNIT($,.RADIAN.)
);
#3958=(
NAMED_UNIT(*)
SI_UNIT($,.STERADIAN.)
SOLID_ANGLE_UNIT()
);
#3959=SHAPE_DEFINITION_REPRESENTATION(#3960,#3961);
#3960=PRODUCT_DEFINITION_SHAPE('',$,#3963);
#3961=SHAPE_REPRESENTATION('',(#2100),#3953);
#3962=PRODUCT_DEFINITION_CONTEXT('part definition',#3967,'design');
#3963=PRODUCT_DEFINITION('Base','Base',#3964,#3962);
#3964=PRODUCT_DEFINITION_FORMATION('',$,#3969);
#3965=PRODUCT_RELATED_PRODUCT_CATEGORY('Base','Base',(#3969));
#3966=APPLICATION_PROTOCOL_DEFINITION('international standard',
'automotive_design',2009,#3967);
#3967=APPLICATION_CONTEXT(
'Core Data for Automotive Mechanical Design Process');
#3968=PRODUCT_CONTEXT('part definition',#3967,'mechanical');
#3969=PRODUCT('Base','Base',$,(#3968));
#3970=PRESENTATION_STYLE_ASSIGNMENT((#3971));
#3971=SURFACE_STYLE_USAGE(.BOTH.,#3972);
#3972=SURFACE_SIDE_STYLE('',(#3973));
#3973=SURFACE_STYLE_FILL_AREA(#3974);
#3974=FILL_AREA_STYLE('Steel - Satin',(#3975));
#3975=FILL_AREA_STYLE_COLOUR('Steel - Satin',#3976);
#3976=COLOUR_RGB('Steel - Satin',0.627450980392157,0.627450980392157,0.627450980392157);
ENDSEC;
END-ISO-10303-21;
