ISO-10303-21;
HEADER;
/* Generated by software containing ST-Developer
 * from STEP Tools, Inc. (www.steptools.com) 
 */

FILE_DESCRIPTION(
/* description */ (''),
/* implementation_level */ '2;1');

FILE_NAME(
/* name */ 'Gripper_Laser_Ping.step',
/* time_stamp */ '2026-08-25T18:08:34+07:00',
/* author */ (''),
/* organization */ (''),
/* preprocessor_version */ 'ST-DEVELOPER v20.1',
/* originating_system */ 'Autodesk Translation Framework v15.8.0.0',
/* authorisation */ '');

FILE_SCHEMA (('AUTOMOTIVE_DESIGN { 1 0 10303 214 3 1 1 }'));
ENDSEC;

DATA;
#10=MECHANICAL_DESIGN_GEOMETRIC_PRESENTATION_REPRESENTATION('',(#21,#22),
#13573);
#11=ITEM_DEFINED_TRANSFORMATION($,$,#8018,#8655);
#12=(
REPRESENTATION_RELATIONSHIP($,$,#13584,#13583)
REPRESENTATION_RELATIONSHIP_WITH_TRANSFORMATION(#11)
SHAPE_REPRESENTATION_RELATIONSHIP()
);
#13=CONTEXT_DEPENDENT_SHAPE_REPRESENTATION(#12,#13582);
#14=NEXT_ASSEMBLY_USAGE_OCCURRENCE('FP-Modified:1','FP-Modified:1',
'FP-Modified:1',#13586,#13587,'FP-Modified:1');
#15=MANIFOLD_SOLID_BREP('Body4',#8003);
#16=CONICAL_SURFACE('',#8643,22.5,0.785398163397452);
#17=SHAPE_REPRESENTATION_RELATIONSHIP('SRR','None',#13584,#19);
#18=SHAPE_REPRESENTATION_RELATIONSHIP('SRR','None',#13583,#20);
#19=ADVANCED_BREP_SHAPE_REPRESENTATION('',(#8004),#13572);
#20=ADVANCED_BREP_SHAPE_REPRESENTATION('',(#15),#13571);
#21=STYLED_ITEM('',(#13597),#8004);
#22=STYLED_ITEM('',(#13597),#15);
#23=ELLIPSE('',#8229,5.26874704261529,5.);
#24=ELLIPSE('',#8409,5.26874704261529,5.);
#25=ELLIPSE('',#8411,5.26874704261529,5.);
#26=ELLIPSE('',#8443,5.26874704261529,5.);
#27=ELLIPSE('',#8445,5.26874704261529,5.);
#28=ELLIPSE('',#8478,5.26874704261529,5.);
#29=ELLIPSE('',#8480,5.26874704261529,5.);
#30=ELLIPSE('',#8527,5.26874704261529,5.);
#31=TOROIDAL_SURFACE('',#8136,2.6,0.3);
#32=TOROIDAL_SURFACE('',#8141,2.6,0.3);
#33=TOROIDAL_SURFACE('',#8146,2.6,0.3);
#34=TOROIDAL_SURFACE('',#8151,2.6,0.3);
#35=TOROIDAL_SURFACE('',#8183,2.6,0.3);
#36=TOROIDAL_SURFACE('',#8199,2.6,0.3);
#37=TOROIDAL_SURFACE('',#8204,2.6,0.3);
#38=TOROIDAL_SURFACE('',#8209,2.6,0.3);
#39=B_SPLINE_SURFACE_WITH_KNOTS('',3,3,((#10935,#10936,#10937,#10938),(#10939,
#10940,#10941,#10942),(#10943,#10944,#10945,#10946),(#10947,#10948,#10949,
#10950)),.UNSPECIFIED.,.F.,.F.,.F.,(4,4),(4,4),(0.,1.),(0.,1.),
 .UNSPECIFIED.);
#40=B_SPLINE_SURFACE_WITH_KNOTS('',3,3,((#10959,#10960,#10961,#10962),(#10963,
#10964,#10965,#10966),(#10967,#10968,#10969,#10970),(#10971,#10972,#10973,
#10974)),.UNSPECIFIED.,.F.,.F.,.F.,(4,4),(4,4),(0.,1.),(0.,1.),
 .UNSPECIFIED.);
#41=B_SPLINE_SURFACE_WITH_KNOTS('',3,3,((#10980,#10981,#10982,#10983),(#10984,
#10985,#10986,#10987),(#10988,#10989,#10990,#10991),(#10992,#10993,#10994,
#10995)),.UNSPECIFIED.,.F.,.F.,.F.,(4,4),(4,4),(0.,1.),(0.,1.),
 .UNSPECIFIED.);
#42=B_SPLINE_SURFACE_WITH_KNOTS('',3,3,((#11001,#11002,#11003,#11004),(#11005,
#11006,#11007,#11008),(#11009,#11010,#11011,#11012),(#11013,#11014,#11015,
#11016)),.UNSPECIFIED.,.F.,.F.,.F.,(4,4),(4,4),(0.,1.),(0.,1.),
 .UNSPECIFIED.);
#43=B_SPLINE_SURFACE_WITH_KNOTS('',3,3,((#11024,#11025,#11026,#11027,#11028,
#11029),(#11030,#11031,#11032,#11033,#11034,#11035),(#11036,#11037,#11038,
#11039,#11040,#11041),(#11042,#11043,#11044,#11045,#11046,#11047),(#11048,
#11049,#11050,#11051,#11052,#11053),(#11054,#11055,#11056,#11057,#11058,
#11059),(#11060,#11061,#11062,#11063,#11064,#11065),(#11066,#11067,#11068,
#11069,#11070,#11071),(#11072,#11073,#11074,#11075,#11076,#11077),(#11078,
#11079,#11080,#11081,#11082,#11083),(#11084,#11085,#11086,#11087,#11088,
#11089),(#11090,#11091,#11092,#11093,#11094,#11095),(#11096,#11097,#11098,
#11099,#11100,#11101),(#11102,#11103,#11104,#11105,#11106,#11107),(#11108,
#11109,#11110,#11111,#11112,#11113),(#11114,#11115,#11116,#11117,#11118,
#11119),(#11120,#11121,#11122,#11123,#11124,#11125),(#11126,#11127,#11128,
#11129,#11130,#11131),(#11132,#11133,#11134,#11135,#11136,#11137),(#11138,
#11139,#11140,#11141,#11142,#11143)),.UNSPECIFIED.,.F.,.F.,.F.,(4,2,2,2,
2,2,2,2,2,4),(4,1,1,4),(0.,0.0460578155281544,0.120073553620003,0.134903058234611,
0.20891879632646,0.79108120367354,0.865096941765389,0.879926446379997,0.953942184471846,
1.),(0.,0.142857142857143,0.285714285714286,1.),.UNSPECIFIED.);
#44=B_SPLINE_SURFACE_WITH_KNOTS('',3,3,((#11171,#11172,#11173,#11174),(#11175,
#11176,#11177,#11178),(#11179,#11180,#11181,#11182),(#11183,#11184,#11185,
#11186)),.UNSPECIFIED.,.F.,.F.,.F.,(4,4),(4,4),(0.,1.),(0.,1.),
 .UNSPECIFIED.);
#45=B_SPLINE_SURFACE_WITH_KNOTS('',3,3,((#11192,#11193,#11194,#11195),(#11196,
#11197,#11198,#11199),(#11200,#11201,#11202,#11203),(#11204,#11205,#11206,
#11207)),.UNSPECIFIED.,.F.,.F.,.F.,(4,4),(4,4),(0.,1.),(0.,1.),
 .UNSPECIFIED.);
#46=B_SPLINE_SURFACE_WITH_KNOTS('',3,3,((#11213,#11214,#11215,#11216),(#11217,
#11218,#11219,#11220),(#11221,#11222,#11223,#11224),(#11225,#11226,#11227,
#11228)),.UNSPECIFIED.,.F.,.F.,.F.,(4,4),(4,4),(0.,1.),(0.,1.),
 .UNSPECIFIED.);
#47=B_SPLINE_SURFACE_WITH_KNOTS('',3,3,((#11233,#11234,#11235,#11236),(#11237,
#11238,#11239,#11240),(#11241,#11242,#11243,#11244),(#11245,#11246,#11247,
#11248)),.UNSPECIFIED.,.F.,.F.,.F.,(4,4),(4,4),(0.,1.),(0.,1.),
 .UNSPECIFIED.);
#48=B_SPLINE_SURFACE_WITH_KNOTS('',3,3,((#11262,#11263,#11264,#11265),(#11266,
#11267,#11268,#11269),(#11270,#11271,#11272,#11273),(#11274,#11275,#11276,
#11277)),.UNSPECIFIED.,.F.,.F.,.F.,(4,4),(4,4),(0.,1.),(0.,1.),
 .UNSPECIFIED.);
#49=B_SPLINE_SURFACE_WITH_KNOTS('',3,3,((#11282,#11283,#11284,#11285),(#11286,
#11287,#11288,#11289),(#11290,#11291,#11292,#11293),(#11294,#11295,#11296,
#11297)),.UNSPECIFIED.,.F.,.F.,.F.,(4,4),(4,4),(0.,1.),(0.,1.),
 .UNSPECIFIED.);
#50=B_SPLINE_SURFACE_WITH_KNOTS('',3,3,((#11303,#11304,#11305,#11306),(#11307,
#11308,#11309,#11310),(#11311,#11312,#11313,#11314),(#11315,#11316,#11317,
#11318)),.UNSPECIFIED.,.F.,.F.,.F.,(4,4),(4,4),(0.,1.),(0.,1.),
 .UNSPECIFIED.);
#51=B_SPLINE_SURFACE_WITH_KNOTS('',3,3,((#11324,#11325,#11326,#11327),(#11328,
#11329,#11330,#11331),(#11332,#11333,#11334,#11335),(#11336,#11337,#11338,
#11339)),.UNSPECIFIED.,.F.,.F.,.F.,(4,4),(4,4),(0.,1.),(0.,1.),
 .UNSPECIFIED.);
#52=B_SPLINE_SURFACE_WITH_KNOTS('',3,3,((#11347,#11348,#11349,#11350),(#11351,
#11352,#11353,#11354),(#11355,#11356,#11357,#11358),(#11359,#11360,#11361,
#11362),(#11363,#11364,#11365,#11366),(#11367,#11368,#11369,#11370),(#11371,
#11372,#11373,#11374),(#11375,#11376,#11377,#11378),(#11379,#11380,#11381,
#11382),(#11383,#11384,#11385,#11386),(#11387,#11388,#11389,#11390),(#11391,
#11392,#11393,#11394),(#11395,#11396,#11397,#11398),(#11399,#11400,#11401,
#11402),(#11403,#11404,#11405,#11406),(#11407,#11408,#11409,#11410),(#11411,
#11412,#11413,#11414),(#11415,#11416,#11417,#11418),(#11419,#11420,#11421,
#11422),(#11423,#11424,#11425,#11426)),.UNSPECIFIED.,.F.,.F.,.F.,(4,2,2,
2,2,2,2,2,2,4),(4,4),(0.,0.0460578155281544,0.120073553620003,0.134903058234611,
0.20891879632646,0.79108120367354,0.865096941765389,0.879926446379997,0.953942184471846,
1.),(0.,1.),.UNSPECIFIED.);
#53=B_SPLINE_SURFACE_WITH_KNOTS('',3,3,((#11454,#11455,#11456,#11457),(#11458,
#11459,#11460,#11461),(#11462,#11463,#11464,#11465),(#11466,#11467,#11468,
#11469)),.UNSPECIFIED.,.F.,.F.,.F.,(4,4),(4,4),(0.,1.),(0.,1.),
 .UNSPECIFIED.);
#54=B_SPLINE_SURFACE_WITH_KNOTS('',3,3,((#11475,#11476,#11477,#11478),(#11479,
#11480,#11481,#11482),(#11483,#11484,#11485,#11486),(#11487,#11488,#11489,
#11490)),.UNSPECIFIED.,.F.,.F.,.F.,(4,4),(4,4),(0.,1.),(0.,1.),
 .UNSPECIFIED.);
#55=B_SPLINE_SURFACE_WITH_KNOTS('',3,3,((#11496,#11497,#11498,#11499),(#11500,
#11501,#11502,#11503),(#11504,#11505,#11506,#11507),(#11508,#11509,#11510,
#11511)),.UNSPECIFIED.,.F.,.F.,.F.,(4,4),(4,4),(0.,1.),(0.,1.),
 .UNSPECIFIED.);
#56=B_SPLINE_SURFACE_WITH_KNOTS('',3,3,((#11517,#11518,#11519,#11520),(#11521,
#11522,#11523,#11524),(#11525,#11526,#11527,#11528),(#11529,#11530,#11531,
#11532)),.UNSPECIFIED.,.F.,.F.,.F.,(4,4),(4,4),(0.,1.),(0.,1.),
 .UNSPECIFIED.);
#57=FACE_BOUND('',#2440,.T.);
#58=FACE_BOUND('',#2467,.T.);
#59=FACE_BOUND('',#2468,.T.);
#60=FACE_BOUND('',#2469,.T.);
#61=FACE_BOUND('',#2470,.T.);
#62=FACE_BOUND('',#2471,.T.);
#63=FACE_BOUND('',#2472,.T.);
#64=FACE_BOUND('',#2473,.T.);
#65=FACE_BOUND('',#2477,.T.);
#66=FACE_BOUND('',#2478,.T.);
#67=FACE_BOUND('',#2479,.T.);
#68=FACE_BOUND('',#2480,.T.);
#69=FACE_BOUND('',#2481,.T.);
#70=FACE_BOUND('',#2482,.T.);
#71=FACE_BOUND('',#2483,.T.);
#72=FACE_BOUND('',#2487,.T.);
#73=FACE_BOUND('',#2489,.T.);
#74=FACE_BOUND('',#2491,.T.);
#75=FACE_BOUND('',#2493,.T.);
#76=FACE_BOUND('',#2496,.T.);
#77=FACE_BOUND('',#2498,.T.);
#78=FACE_BOUND('',#2500,.T.);
#79=FACE_BOUND('',#2502,.T.);
#80=FACE_BOUND('',#2515,.T.);
#81=FACE_BOUND('',#2517,.T.);
#82=FACE_BOUND('',#2519,.T.);
#83=FACE_BOUND('',#2521,.T.);
#84=FACE_BOUND('',#2524,.T.);
#85=FACE_BOUND('',#2526,.T.);
#86=FACE_BOUND('',#2528,.T.);
#87=FACE_BOUND('',#2530,.T.);
#88=FACE_BOUND('',#2537,.T.);
#89=FACE_BOUND('',#2538,.T.);
#90=FACE_BOUND('',#2539,.T.);
#91=FACE_BOUND('',#2540,.T.);
#92=FACE_BOUND('',#2541,.T.);
#93=FACE_BOUND('',#2542,.T.);
#94=FACE_BOUND('',#2543,.T.);
#95=FACE_BOUND('',#2561,.T.);
#96=FACE_BOUND('',#2569,.T.);
#97=FACE_BOUND('',#2577,.T.);
#98=FACE_BOUND('',#2579,.T.);
#99=FACE_BOUND('',#2581,.T.);
#100=FACE_BOUND('',#2583,.T.);
#101=FACE_BOUND('',#2585,.T.);
#102=FACE_BOUND('',#2587,.T.);
#103=FACE_BOUND('',#2597,.T.);
#104=FACE_BOUND('',#2606,.T.);
#105=FACE_BOUND('',#2615,.T.);
#106=FACE_BOUND('',#2624,.T.);
#107=FACE_BOUND('',#2633,.T.);
#108=FACE_BOUND('',#2661,.T.);
#109=FACE_BOUND('',#2662,.T.);
#110=FACE_BOUND('',#2663,.T.);
#111=FACE_BOUND('',#2664,.T.);
#112=FACE_BOUND('',#2665,.T.);
#113=FACE_BOUND('',#2666,.T.);
#114=FACE_BOUND('',#2667,.T.);
#115=FACE_BOUND('',#2716,.T.);
#116=FACE_BOUND('',#2727,.T.);
#117=FACE_BOUND('',#2779,.T.);
#118=FACE_BOUND('',#2789,.T.);
#119=FACE_BOUND('',#2802,.T.);
#120=FACE_BOUND('',#2850,.T.);
#121=FACE_BOUND('',#2909,.T.);
#122=FACE_BOUND('',#2912,.T.);
#123=ORIENTED_CLOSED_SHELL('',*,#8001,.F.);
#124=LINE('',#10839,#1021);
#125=LINE('',#10847,#1022);
#126=LINE('',#10851,#1023);
#127=LINE('',#10855,#1024);
#128=LINE('',#10859,#1025);
#129=LINE('',#10866,#1026);
#130=LINE('',#10868,#1027);
#131=LINE('',#10869,#1028);
#132=LINE('',#10872,#1029);
#133=LINE('',#10876,#1030);
#134=LINE('',#10877,#1031);
#135=LINE('',#10880,#1032);
#136=LINE('',#10885,#1033);
#137=LINE('',#10887,#1034);
#138=LINE('',#10889,#1035);
#139=LINE('',#10891,#1036);
#140=LINE('',#10892,#1037);
#141=LINE('',#10895,#1038);
#142=LINE('',#10897,#1039);
#143=LINE('',#10898,#1040);
#144=LINE('',#10904,#1041);
#145=LINE('',#10905,#1042);
#146=LINE('',#10907,#1043);
#147=LINE('',#10908,#1044);
#148=LINE('',#10910,#1045);
#149=LINE('',#10912,#1046);
#150=LINE('',#10914,#1047);
#151=LINE('',#10916,#1048);
#152=LINE('',#10918,#1049);
#153=LINE('',#10920,#1050);
#154=LINE('',#10922,#1051);
#155=LINE('',#10924,#1052);
#156=LINE('',#10926,#1053);
#157=LINE('',#10927,#1054);
#158=LINE('',#10930,#1055);
#159=LINE('',#10931,#1056);
#160=LINE('',#10933,#1057);
#161=LINE('',#10934,#1058);
#162=LINE('',#10955,#1059);
#163=LINE('',#10957,#1060);
#164=LINE('',#10958,#1061);
#165=LINE('',#10978,#1062);
#166=LINE('',#10979,#1063);
#167=LINE('',#10999,#1064);
#168=LINE('',#11000,#1065);
#169=LINE('',#11020,#1066);
#170=LINE('',#11022,#1067);
#171=LINE('',#11023,#1068);
#172=LINE('',#11147,#1069);
#173=LINE('',#11149,#1070);
#174=LINE('',#11151,#1071);
#175=LINE('',#11157,#1072);
#176=LINE('',#11161,#1073);
#177=LINE('',#11165,#1074);
#178=LINE('',#11170,#1075);
#179=LINE('',#11190,#1076);
#180=LINE('',#11191,#1077);
#181=LINE('',#11211,#1078);
#182=LINE('',#11212,#1079);
#183=LINE('',#11231,#1080);
#184=LINE('',#11232,#1081);
#185=LINE('',#11251,#1082);
#186=LINE('',#11254,#1083);
#187=LINE('',#11260,#1084);
#188=LINE('',#11280,#1085);
#189=LINE('',#11281,#1086);
#190=LINE('',#11301,#1087);
#191=LINE('',#11302,#1088);
#192=LINE('',#11322,#1089);
#193=LINE('',#11323,#1090);
#194=LINE('',#11343,#1091);
#195=LINE('',#11345,#1092);
#196=LINE('',#11346,#1093);
#197=LINE('',#11430,#1094);
#198=LINE('',#11432,#1095);
#199=LINE('',#11434,#1096);
#200=LINE('',#11440,#1097);
#201=LINE('',#11444,#1098);
#202=LINE('',#11448,#1099);
#203=LINE('',#11453,#1100);
#204=LINE('',#11473,#1101);
#205=LINE('',#11474,#1102);
#206=LINE('',#11494,#1103);
#207=LINE('',#11495,#1104);
#208=LINE('',#11515,#1105);
#209=LINE('',#11516,#1106);
#210=LINE('',#11535,#1107);
#211=LINE('',#11536,#1108);
#212=LINE('',#11538,#1109);
#213=LINE('',#11542,#1110);
#214=LINE('',#11544,#1111);
#215=LINE('',#11547,#1112);
#216=LINE('',#11549,#1113);
#217=LINE('',#11551,#1114);
#218=LINE('',#11553,#1115);
#219=LINE('',#11554,#1116);
#220=LINE('',#11571,#1117);
#221=LINE('',#11577,#1118);
#222=LINE('',#11581,#1119);
#223=LINE('',#11583,#1120);
#224=LINE('',#11585,#1121);
#225=LINE('',#11587,#1122);
#226=LINE('',#11589,#1123);
#227=LINE('',#11591,#1124);
#228=LINE('',#11593,#1125);
#229=LINE('',#11595,#1126);
#230=LINE('',#11597,#1127);
#231=LINE('',#11599,#1128);
#232=LINE('',#11601,#1129);
#233=LINE('',#11603,#1130);
#234=LINE('',#11604,#1131);
#235=LINE('',#11606,#1132);
#236=LINE('',#11609,#1133);
#237=LINE('',#11624,#1134);
#238=LINE('',#11630,#1135);
#239=LINE('',#11652,#1136);
#240=LINE('',#11673,#1137);
#241=LINE('',#11675,#1138);
#242=LINE('',#11677,#1139);
#243=LINE('',#11685,#1140);
#244=LINE('',#11693,#1141);
#245=LINE('',#11701,#1142);
#246=LINE('',#11709,#1143);
#247=LINE('',#11730,#1144);
#248=LINE('',#11751,#1145);
#249=LINE('',#11753,#1146);
#250=LINE('',#11755,#1147);
#251=LINE('',#11764,#1148);
#252=LINE('',#11769,#1149);
#253=LINE('',#11771,#1150);
#254=LINE('',#11772,#1151);
#255=LINE('',#11774,#1152);
#256=LINE('',#11777,#1153);
#257=LINE('',#11779,#1154);
#258=LINE('',#11780,#1155);
#259=LINE('',#11795,#1156);
#260=LINE('',#11803,#1157);
#261=LINE('',#11811,#1158);
#262=LINE('',#11817,#1159);
#263=LINE('',#11819,#1160);
#264=LINE('',#11820,#1161);
#265=LINE('',#11822,#1162);
#266=LINE('',#11823,#1163);
#267=LINE('',#11827,#1164);
#268=LINE('',#11830,#1165);
#269=LINE('',#11831,#1166);
#270=LINE('',#11833,#1167);
#271=LINE('',#11835,#1168);
#272=LINE('',#11837,#1169);
#273=LINE('',#11842,#1170);
#274=LINE('',#11846,#1171);
#275=LINE('',#11848,#1172);
#276=LINE('',#11850,#1173);
#277=LINE('',#11851,#1174);
#278=LINE('',#11853,#1175);
#279=LINE('',#11855,#1176);
#280=LINE('',#11859,#1177);
#281=LINE('',#11861,#1178);
#282=LINE('',#11862,#1179);
#283=LINE('',#11866,#1180);
#284=LINE('',#11868,#1181);
#285=LINE('',#11872,#1182);
#286=LINE('',#11874,#1183);
#287=LINE('',#11876,#1184);
#288=LINE('',#11878,#1185);
#289=LINE('',#11880,#1186);
#290=LINE('',#11882,#1187);
#291=LINE('',#11884,#1188);
#292=LINE('',#11885,#1189);
#293=LINE('',#11890,#1190);
#294=LINE('',#11892,#1191);
#295=LINE('',#11894,#1192);
#296=LINE('',#11896,#1193);
#297=LINE('',#11898,#1194);
#298=LINE('',#11900,#1195);
#299=LINE('',#11902,#1196);
#300=LINE('',#11904,#1197);
#301=LINE('',#11906,#1198);
#302=LINE('',#11908,#1199);
#303=LINE('',#11912,#1200);
#304=LINE('',#11917,#1201);
#305=LINE('',#11919,#1202);
#306=LINE('',#11921,#1203);
#307=LINE('',#11923,#1204);
#308=LINE('',#11924,#1205);
#309=LINE('',#11928,#1206);
#310=LINE('',#11930,#1207);
#311=LINE('',#11932,#1208);
#312=LINE('',#11934,#1209);
#313=LINE('',#11936,#1210);
#314=LINE('',#11938,#1211);
#315=LINE('',#11940,#1212);
#316=LINE('',#11942,#1213);
#317=LINE('',#11944,#1214);
#318=LINE('',#11946,#1215);
#319=LINE('',#11948,#1216);
#320=LINE('',#11950,#1217);
#321=LINE('',#11952,#1218);
#322=LINE('',#11954,#1219);
#323=LINE('',#11956,#1220);
#324=LINE('',#11958,#1221);
#325=LINE('',#11960,#1222);
#326=LINE('',#11962,#1223);
#327=LINE('',#11963,#1224);
#328=LINE('',#11966,#1225);
#329=LINE('',#11970,#1226);
#330=LINE('',#11974,#1227);
#331=LINE('',#11978,#1228);
#332=LINE('',#11982,#1229);
#333=LINE('',#11984,#1230);
#334=LINE('',#11986,#1231);
#335=LINE('',#11988,#1232);
#336=LINE('',#11990,#1233);
#337=LINE('',#11992,#1234);
#338=LINE('',#11993,#1235);
#339=LINE('',#11996,#1236);
#340=LINE('',#12000,#1237);
#341=LINE('',#12001,#1238);
#342=LINE('',#12004,#1239);
#343=LINE('',#12008,#1240);
#344=LINE('',#12010,#1241);
#345=LINE('',#12012,#1242);
#346=LINE('',#12014,#1243);
#347=LINE('',#12016,#1244);
#348=LINE('',#12017,#1245);
#349=LINE('',#12022,#1246);
#350=LINE('',#12027,#1247);
#351=LINE('',#12029,#1248);
#352=LINE('',#12031,#1249);
#353=LINE('',#12033,#1250);
#354=LINE('',#12035,#1251);
#355=LINE('',#12036,#1252);
#356=LINE('',#12039,#1253);
#357=LINE('',#12041,#1254);
#358=LINE('',#12042,#1255);
#359=LINE('',#12045,#1256);
#360=LINE('',#12046,#1257);
#361=LINE('',#12049,#1258);
#362=LINE('',#12050,#1259);
#363=LINE('',#12053,#1260);
#364=LINE('',#12054,#1261);
#365=LINE('',#12057,#1262);
#366=LINE('',#12058,#1263);
#367=LINE('',#12060,#1264);
#368=LINE('',#12064,#1265);
#369=LINE('',#12066,#1266);
#370=LINE('',#12068,#1267);
#371=LINE('',#12070,#1268);
#372=LINE('',#12072,#1269);
#373=LINE('',#12074,#1270);
#374=LINE('',#12076,#1271);
#375=LINE('',#12077,#1272);
#376=LINE('',#12080,#1273);
#377=LINE('',#12082,#1274);
#378=LINE('',#12084,#1275);
#379=LINE('',#12086,#1276);
#380=LINE('',#12088,#1277);
#381=LINE('',#12089,#1278);
#382=LINE('',#12093,#1279);
#383=LINE('',#12095,#1280);
#384=LINE('',#12097,#1281);
#385=LINE('',#12099,#1282);
#386=LINE('',#12101,#1283);
#387=LINE('',#12103,#1284);
#388=LINE('',#12105,#1285);
#389=LINE('',#12106,#1286);
#390=LINE('',#12109,#1287);
#391=LINE('',#12111,#1288);
#392=LINE('',#12113,#1289);
#393=LINE('',#12115,#1290);
#394=LINE('',#12117,#1291);
#395=LINE('',#12118,#1292);
#396=LINE('',#12122,#1293);
#397=LINE('',#12124,#1294);
#398=LINE('',#12126,#1295);
#399=LINE('',#12128,#1296);
#400=LINE('',#12130,#1297);
#401=LINE('',#12132,#1298);
#402=LINE('',#12134,#1299);
#403=LINE('',#12135,#1300);
#404=LINE('',#12138,#1301);
#405=LINE('',#12140,#1302);
#406=LINE('',#12142,#1303);
#407=LINE('',#12144,#1304);
#408=LINE('',#12146,#1305);
#409=LINE('',#12147,#1306);
#410=LINE('',#12151,#1307);
#411=LINE('',#12153,#1308);
#412=LINE('',#12155,#1309);
#413=LINE('',#12157,#1310);
#414=LINE('',#12159,#1311);
#415=LINE('',#12161,#1312);
#416=LINE('',#12163,#1313);
#417=LINE('',#12164,#1314);
#418=LINE('',#12167,#1315);
#419=LINE('',#12169,#1316);
#420=LINE('',#12171,#1317);
#421=LINE('',#12173,#1318);
#422=LINE('',#12175,#1319);
#423=LINE('',#12176,#1320);
#424=LINE('',#12180,#1321);
#425=LINE('',#12182,#1322);
#426=LINE('',#12184,#1323);
#427=LINE('',#12186,#1324);
#428=LINE('',#12188,#1325);
#429=LINE('',#12190,#1326);
#430=LINE('',#12192,#1327);
#431=LINE('',#12193,#1328);
#432=LINE('',#12197,#1329);
#433=LINE('',#12199,#1330);
#434=LINE('',#12201,#1331);
#435=LINE('',#12203,#1332);
#436=LINE('',#12205,#1333);
#437=LINE('',#12207,#1334);
#438=LINE('',#12209,#1335);
#439=LINE('',#12210,#1336);
#440=LINE('',#12213,#1337);
#441=LINE('',#12215,#1338);
#442=LINE('',#12217,#1339);
#443=LINE('',#12219,#1340);
#444=LINE('',#12221,#1341);
#445=LINE('',#12222,#1342);
#446=LINE('',#12226,#1343);
#447=LINE('',#12228,#1344);
#448=LINE('',#12230,#1345);
#449=LINE('',#12232,#1346);
#450=LINE('',#12234,#1347);
#451=LINE('',#12236,#1348);
#452=LINE('',#12238,#1349);
#453=LINE('',#12240,#1350);
#454=LINE('',#12242,#1351);
#455=LINE('',#12244,#1352);
#456=LINE('',#12246,#1353);
#457=LINE('',#12248,#1354);
#458=LINE('',#12250,#1355);
#459=LINE('',#12251,#1356);
#460=LINE('',#12255,#1357);
#461=LINE('',#12257,#1358);
#462=LINE('',#12259,#1359);
#463=LINE('',#12261,#1360);
#464=LINE('',#12263,#1361);
#465=LINE('',#12265,#1362);
#466=LINE('',#12267,#1363);
#467=LINE('',#12269,#1364);
#468=LINE('',#12271,#1365);
#469=LINE('',#12273,#1366);
#470=LINE('',#12275,#1367);
#471=LINE('',#12277,#1368);
#472=LINE('',#12279,#1369);
#473=LINE('',#12280,#1370);
#474=LINE('',#12283,#1371);
#475=LINE('',#12285,#1372);
#476=LINE('',#12286,#1373);
#477=LINE('',#12289,#1374);
#478=LINE('',#12290,#1375);
#479=LINE('',#12293,#1376);
#480=LINE('',#12294,#1377);
#481=LINE('',#12297,#1378);
#482=LINE('',#12298,#1379);
#483=LINE('',#12301,#1380);
#484=LINE('',#12302,#1381);
#485=LINE('',#12304,#1382);
#486=LINE('',#12310,#1383);
#487=LINE('',#12314,#1384);
#488=LINE('',#12316,#1385);
#489=LINE('',#12317,#1386);
#490=LINE('',#12320,#1387);
#491=LINE('',#12321,#1388);
#492=LINE('',#12324,#1389);
#493=LINE('',#12325,#1390);
#494=LINE('',#12328,#1391);
#495=LINE('',#12329,#1392);
#496=LINE('',#12332,#1393);
#497=LINE('',#12333,#1394);
#498=LINE('',#12335,#1395);
#499=LINE('',#12341,#1396);
#500=LINE('',#12345,#1397);
#501=LINE('',#12347,#1398);
#502=LINE('',#12348,#1399);
#503=LINE('',#12351,#1400);
#504=LINE('',#12352,#1401);
#505=LINE('',#12355,#1402);
#506=LINE('',#12356,#1403);
#507=LINE('',#12359,#1404);
#508=LINE('',#12360,#1405);
#509=LINE('',#12363,#1406);
#510=LINE('',#12364,#1407);
#511=LINE('',#12366,#1408);
#512=LINE('',#12372,#1409);
#513=LINE('',#12376,#1410);
#514=LINE('',#12378,#1411);
#515=LINE('',#12379,#1412);
#516=LINE('',#12382,#1413);
#517=LINE('',#12383,#1414);
#518=LINE('',#12386,#1415);
#519=LINE('',#12387,#1416);
#520=LINE('',#12390,#1417);
#521=LINE('',#12391,#1418);
#522=LINE('',#12394,#1419);
#523=LINE('',#12395,#1420);
#524=LINE('',#12397,#1421);
#525=LINE('',#12403,#1422);
#526=LINE('',#12407,#1423);
#527=LINE('',#12409,#1424);
#528=LINE('',#12410,#1425);
#529=LINE('',#12413,#1426);
#530=LINE('',#12414,#1427);
#531=LINE('',#12417,#1428);
#532=LINE('',#12418,#1429);
#533=LINE('',#12421,#1430);
#534=LINE('',#12422,#1431);
#535=LINE('',#12425,#1432);
#536=LINE('',#12426,#1433);
#537=LINE('',#12428,#1434);
#538=LINE('',#12434,#1435);
#539=LINE('',#12438,#1436);
#540=LINE('',#12440,#1437);
#541=LINE('',#12441,#1438);
#542=LINE('',#12443,#1439);
#543=LINE('',#12445,#1440);
#544=LINE('',#12446,#1441);
#545=LINE('',#12448,#1442);
#546=LINE('',#12450,#1443);
#547=LINE('',#12451,#1444);
#548=LINE('',#12453,#1445);
#549=LINE('',#12455,#1446);
#550=LINE('',#12456,#1447);
#551=LINE('',#12459,#1448);
#552=LINE('',#12460,#1449);
#553=LINE('',#12463,#1450);
#554=LINE('',#12464,#1451);
#555=LINE('',#12468,#1452);
#556=LINE('',#12470,#1453);
#557=LINE('',#12471,#1454);
#558=LINE('',#12475,#1455);
#559=LINE('',#12477,#1456);
#560=LINE('',#12478,#1457);
#561=LINE('',#12482,#1458);
#562=LINE('',#12484,#1459);
#563=LINE('',#12485,#1460);
#564=LINE('',#12489,#1461);
#565=LINE('',#12491,#1462);
#566=LINE('',#12492,#1463);
#567=LINE('',#12495,#1464);
#568=LINE('',#12497,#1465);
#569=LINE('',#12499,#1466);
#570=LINE('',#12501,#1467);
#571=LINE('',#12503,#1468);
#572=LINE('',#12505,#1469);
#573=LINE('',#12506,#1470);
#574=LINE('',#12509,#1471);
#575=LINE('',#12511,#1472);
#576=LINE('',#12513,#1473);
#577=LINE('',#12515,#1474);
#578=LINE('',#12517,#1475);
#579=LINE('',#12519,#1476);
#580=LINE('',#12520,#1477);
#581=LINE('',#12524,#1478);
#582=LINE('',#12526,#1479);
#583=LINE('',#12528,#1480);
#584=LINE('',#12530,#1481);
#585=LINE('',#12532,#1482);
#586=LINE('',#12534,#1483);
#587=LINE('',#12536,#1484);
#588=LINE('',#12537,#1485);
#589=LINE('',#12541,#1486);
#590=LINE('',#12543,#1487);
#591=LINE('',#12545,#1488);
#592=LINE('',#12547,#1489);
#593=LINE('',#12549,#1490);
#594=LINE('',#12551,#1491);
#595=LINE('',#12553,#1492);
#596=LINE('',#12554,#1493);
#597=LINE('',#12557,#1494);
#598=LINE('',#12559,#1495);
#599=LINE('',#12561,#1496);
#600=LINE('',#12563,#1497);
#601=LINE('',#12564,#1498);
#602=LINE('',#12567,#1499);
#603=LINE('',#12569,#1500);
#604=LINE('',#12571,#1501);
#605=LINE('',#12573,#1502);
#606=LINE('',#12575,#1503);
#607=LINE('',#12577,#1504);
#608=LINE('',#12578,#1505);
#609=LINE('',#12582,#1506);
#610=LINE('',#12584,#1507);
#611=LINE('',#12586,#1508);
#612=LINE('',#12588,#1509);
#613=LINE('',#12590,#1510);
#614=LINE('',#12592,#1511);
#615=LINE('',#12594,#1512);
#616=LINE('',#12595,#1513);
#617=LINE('',#12598,#1514);
#618=LINE('',#12600,#1515);
#619=LINE('',#12602,#1516);
#620=LINE('',#12604,#1517);
#621=LINE('',#12606,#1518);
#622=LINE('',#12608,#1519);
#623=LINE('',#12609,#1520);
#624=LINE('',#12613,#1521);
#625=LINE('',#12615,#1522);
#626=LINE('',#12616,#1523);
#627=LINE('',#12620,#1524);
#628=LINE('',#12622,#1525);
#629=LINE('',#12623,#1526);
#630=LINE('',#12627,#1527);
#631=LINE('',#12629,#1528);
#632=LINE('',#12630,#1529);
#633=LINE('',#12634,#1530);
#634=LINE('',#12636,#1531);
#635=LINE('',#12637,#1532);
#636=LINE('',#12641,#1533);
#637=LINE('',#12645,#1534);
#638=LINE('',#12649,#1535);
#639=LINE('',#12651,#1536);
#640=LINE('',#12655,#1537);
#641=LINE('',#12659,#1538);
#642=LINE('',#12661,#1539);
#643=LINE('',#12663,#1540);
#644=LINE('',#12665,#1541);
#645=LINE('',#12667,#1542);
#646=LINE('',#12669,#1543);
#647=LINE('',#12671,#1544);
#648=LINE('',#12673,#1545);
#649=LINE('',#12674,#1546);
#650=LINE('',#12676,#1547);
#651=LINE('',#12680,#1548);
#652=LINE('',#12685,#1549);
#653=LINE('',#12688,#1550);
#654=LINE('',#12690,#1551);
#655=LINE('',#12692,#1552);
#656=LINE('',#12694,#1553);
#657=LINE('',#12696,#1554);
#658=LINE('',#12698,#1555);
#659=LINE('',#12700,#1556);
#660=LINE('',#12702,#1557);
#661=LINE('',#12704,#1558);
#662=LINE('',#12706,#1559);
#663=LINE('',#12710,#1560);
#664=LINE('',#12714,#1561);
#665=LINE('',#12716,#1562);
#666=LINE('',#12720,#1563);
#667=LINE('',#12724,#1564);
#668=LINE('',#12728,#1565);
#669=LINE('',#12730,#1566);
#670=LINE('',#12731,#1567);
#671=LINE('',#12735,#1568);
#672=LINE('',#12739,#1569);
#673=LINE('',#12743,#1570);
#674=LINE('',#12745,#1571);
#675=LINE('',#12747,#1572);
#676=LINE('',#12748,#1573);
#677=LINE('',#12749,#1574);
#678=LINE('',#12750,#1575);
#679=LINE('',#12751,#1576);
#680=LINE('',#12752,#1577);
#681=LINE('',#12753,#1578);
#682=LINE('',#12754,#1579);
#683=LINE('',#12756,#1580);
#684=LINE('',#12758,#1581);
#685=LINE('',#12759,#1582);
#686=LINE('',#12761,#1583);
#687=LINE('',#12763,#1584);
#688=LINE('',#12766,#1585);
#689=LINE('',#12767,#1586);
#690=LINE('',#12769,#1587);
#691=LINE('',#12771,#1588);
#692=LINE('',#12772,#1589);
#693=LINE('',#12774,#1590);
#694=LINE('',#12776,#1591);
#695=LINE('',#12778,#1592);
#696=LINE('',#12780,#1593);
#697=LINE('',#12782,#1594);
#698=LINE('',#12783,#1595);
#699=LINE('',#12785,#1596);
#700=LINE('',#12788,#1597);
#701=LINE('',#12800,#1598);
#702=LINE('',#12802,#1599);
#703=LINE('',#12804,#1600);
#704=LINE('',#12806,#1601);
#705=LINE('',#12808,#1602);
#706=LINE('',#12810,#1603);
#707=LINE('',#12812,#1604);
#708=LINE('',#12814,#1605);
#709=LINE('',#12816,#1606);
#710=LINE('',#12818,#1607);
#711=LINE('',#12820,#1608);
#712=LINE('',#12822,#1609);
#713=LINE('',#12824,#1610);
#714=LINE('',#12826,#1611);
#715=LINE('',#12829,#1612);
#716=LINE('',#12831,#1613);
#717=LINE('',#12833,#1614);
#718=LINE('',#12835,#1615);
#719=LINE('',#12840,#1616);
#720=LINE('',#12842,#1617);
#721=LINE('',#12843,#1618);
#722=LINE('',#12847,#1619);
#723=LINE('',#12849,#1620);
#724=LINE('',#12851,#1621);
#725=LINE('',#12852,#1622);
#726=LINE('',#12853,#1623);
#727=LINE('',#12854,#1624);
#728=LINE('',#12855,#1625);
#729=LINE('',#12856,#1626);
#730=LINE('',#12857,#1627);
#731=LINE('',#12858,#1628);
#732=LINE('',#12860,#1629);
#733=LINE('',#12862,#1630);
#734=LINE('',#12863,#1631);
#735=LINE('',#12864,#1632);
#736=LINE('',#12868,#1633);
#737=LINE('',#12872,#1634);
#738=LINE('',#12875,#1635);
#739=LINE('',#12877,#1636);
#740=LINE('',#12879,#1637);
#741=LINE('',#12881,#1638);
#742=LINE('',#12885,#1639);
#743=LINE('',#12887,#1640);
#744=LINE('',#12889,#1641);
#745=LINE('',#12890,#1642);
#746=LINE('',#12893,#1643);
#747=LINE('',#12894,#1644);
#748=LINE('',#12898,#1645);
#749=LINE('',#12901,#1646);
#750=LINE('',#12903,#1647);
#751=LINE('',#12905,#1648);
#752=LINE('',#12907,#1649);
#753=LINE('',#12909,#1650);
#754=LINE('',#12911,#1651);
#755=LINE('',#12913,#1652);
#756=LINE('',#12915,#1653);
#757=LINE('',#12920,#1654);
#758=LINE('',#12922,#1655);
#759=LINE('',#12924,#1656);
#760=LINE('',#12926,#1657);
#761=LINE('',#12928,#1658);
#762=LINE('',#12930,#1659);
#763=LINE('',#12932,#1660);
#764=LINE('',#12933,#1661);
#765=LINE('',#12935,#1662);
#766=LINE('',#12939,#1663);
#767=LINE('',#12943,#1664);
#768=LINE('',#12945,#1665);
#769=LINE('',#12946,#1666);
#770=LINE('',#12950,#1667);
#771=LINE('',#12952,#1668);
#772=LINE('',#12955,#1669);
#773=LINE('',#12956,#1670);
#774=LINE('',#12957,#1671);
#775=LINE('',#12962,#1672);
#776=LINE('',#12965,#1673);
#777=LINE('',#12967,#1674);
#778=LINE('',#12968,#1675);
#779=LINE('',#12970,#1676);
#780=LINE('',#12973,#1677);
#781=LINE('',#12979,#1678);
#782=LINE('',#12980,#1679);
#783=LINE('',#12983,#1680);
#784=LINE('',#12984,#1681);
#785=LINE('',#12986,#1682);
#786=LINE('',#12989,#1683);
#787=LINE('',#12991,#1684);
#788=LINE('',#12993,#1685);
#789=LINE('',#12995,#1686);
#790=LINE('',#12996,#1687);
#791=LINE('',#12997,#1688);
#792=LINE('',#12998,#1689);
#793=LINE('',#13003,#1690);
#794=LINE('',#13004,#1691);
#795=LINE('',#13008,#1692);
#796=LINE('',#13009,#1693);
#797=LINE('',#13011,#1694);
#798=LINE('',#13012,#1695);
#799=LINE('',#13016,#1696);
#800=LINE('',#13017,#1697);
#801=LINE('',#13020,#1698);
#802=LINE('',#13024,#1699);
#803=LINE('',#13027,#1700);
#804=LINE('',#13028,#1701);
#805=LINE('',#13029,#1702);
#806=LINE('',#13030,#1703);
#807=LINE('',#13032,#1704);
#808=LINE('',#13033,#1705);
#809=LINE('',#13034,#1706);
#810=LINE('',#13037,#1707);
#811=LINE('',#13039,#1708);
#812=LINE('',#13040,#1709);
#813=LINE('',#13041,#1710);
#814=LINE('',#13042,#1711);
#815=LINE('',#13043,#1712);
#816=LINE('',#13046,#1713);
#817=LINE('',#13047,#1714);
#818=LINE('',#13050,#1715);
#819=LINE('',#13052,#1716);
#820=LINE('',#13054,#1717);
#821=LINE('',#13055,#1718);
#822=LINE('',#13059,#1719);
#823=LINE('',#13061,#1720);
#824=LINE('',#13063,#1721);
#825=LINE('',#13067,#1722);
#826=LINE('',#13071,#1723);
#827=LINE('',#13072,#1724);
#828=LINE('',#13073,#1725);
#829=LINE('',#13075,#1726);
#830=LINE('',#13076,#1727);
#831=LINE('',#13077,#1728);
#832=LINE('',#13078,#1729);
#833=LINE('',#13082,#1730);
#834=LINE('',#13085,#1731);
#835=LINE('',#13087,#1732);
#836=LINE('',#13091,#1733);
#837=LINE('',#13092,#1734);
#838=LINE('',#13093,#1735);
#839=LINE('',#13095,#1736);
#840=LINE('',#13096,#1737);
#841=LINE('',#13097,#1738);
#842=LINE('',#13098,#1739);
#843=LINE('',#13099,#1740);
#844=LINE('',#13100,#1741);
#845=LINE('',#13102,#1742);
#846=LINE('',#13104,#1743);
#847=LINE('',#13107,#1744);
#848=LINE('',#13109,#1745);
#849=LINE('',#13112,#1746);
#850=LINE('',#13114,#1747);
#851=LINE('',#13117,#1748);
#852=LINE('',#13119,#1749);
#853=LINE('',#13122,#1750);
#854=LINE('',#13124,#1751);
#855=LINE('',#13127,#1752);
#856=LINE('',#13129,#1753);
#857=LINE('',#13133,#1754);
#858=LINE('',#13134,#1755);
#859=LINE('',#13136,#1756);
#860=LINE('',#13139,#1757);
#861=LINE('',#13141,#1758);
#862=LINE('',#13143,#1759);
#863=LINE('',#13145,#1760);
#864=LINE('',#13146,#1761);
#865=LINE('',#13148,#1762);
#866=LINE('',#13150,#1763);
#867=LINE('',#13151,#1764);
#868=LINE('',#13153,#1765);
#869=LINE('',#13156,#1766);
#870=LINE('',#13158,#1767);
#871=LINE('',#13159,#1768);
#872=LINE('',#13161,#1769);
#873=LINE('',#13163,#1770);
#874=LINE('',#13166,#1771);
#875=LINE('',#13168,#1772);
#876=LINE('',#13169,#1773);
#877=LINE('',#13170,#1774);
#878=LINE('',#13172,#1775);
#879=LINE('',#13174,#1776);
#880=LINE('',#13176,#1777);
#881=LINE('',#13178,#1778);
#882=LINE('',#13179,#1779);
#883=LINE('',#13181,#1780);
#884=LINE('',#13184,#1781);
#885=LINE('',#13187,#1782);
#886=LINE('',#13189,#1783);
#887=LINE('',#13193,#1784);
#888=LINE('',#13197,#1785);
#889=LINE('',#13198,#1786);
#890=LINE('',#13201,#1787);
#891=LINE('',#13203,#1788);
#892=LINE('',#13205,#1789);
#893=LINE('',#13206,#1790);
#894=LINE('',#13210,#1791);
#895=LINE('',#13212,#1792);
#896=LINE('',#13214,#1793);
#897=LINE('',#13218,#1794);
#898=LINE('',#13224,#1795);
#899=LINE('',#13225,#1796);
#900=LINE('',#13229,#1797);
#901=LINE('',#13230,#1798);
#902=LINE('',#13232,#1799);
#903=LINE('',#13233,#1800);
#904=LINE('',#13237,#1801);
#905=LINE('',#13238,#1802);
#906=LINE('',#13241,#1803);
#907=LINE('',#13245,#1804);
#908=LINE('',#13248,#1805);
#909=LINE('',#13250,#1806);
#910=LINE('',#13255,#1807);
#911=LINE('',#13257,#1808);
#912=LINE('',#13258,#1809);
#913=LINE('',#13259,#1810);
#914=LINE('',#13260,#1811);
#915=LINE('',#13263,#1812);
#916=LINE('',#13264,#1813);
#917=LINE('',#13268,#1814);
#918=LINE('',#13269,#1815);
#919=LINE('',#13271,#1816);
#920=LINE('',#13272,#1817);
#921=LINE('',#13276,#1818);
#922=LINE('',#13277,#1819);
#923=LINE('',#13280,#1820);
#924=LINE('',#13284,#1821);
#925=LINE('',#13289,#1822);
#926=LINE('',#13291,#1823);
#927=LINE('',#13299,#1824);
#928=LINE('',#13301,#1825);
#929=LINE('',#13304,#1826);
#930=LINE('',#13308,#1827);
#931=LINE('',#13309,#1828);
#932=LINE('',#13313,#1829);
#933=LINE('',#13316,#1830);
#934=LINE('',#13317,#1831);
#935=LINE('',#13320,#1832);
#936=LINE('',#13321,#1833);
#937=LINE('',#13324,#1834);
#938=LINE('',#13328,#1835);
#939=LINE('',#13329,#1836);
#940=LINE('',#13332,#1837);
#941=LINE('',#13336,#1838);
#942=LINE('',#13337,#1839);
#943=LINE('',#13340,#1840);
#944=LINE('',#13344,#1841);
#945=LINE('',#13345,#1842);
#946=LINE('',#13350,#1843);
#947=LINE('',#13351,#1844);
#948=LINE('',#13354,#1845);
#949=LINE('',#13355,#1846);
#950=LINE('',#13358,#1847);
#951=LINE('',#13362,#1848);
#952=LINE('',#13363,#1849);
#953=LINE('',#13367,#1850);
#954=LINE('',#13370,#1851);
#955=LINE('',#13371,#1852);
#956=LINE('',#13374,#1853);
#957=LINE('',#13375,#1854);
#958=LINE('',#13378,#1855);
#959=LINE('',#13382,#1856);
#960=LINE('',#13383,#1857);
#961=LINE('',#13386,#1858);
#962=LINE('',#13390,#1859);
#963=LINE('',#13391,#1860);
#964=LINE('',#13394,#1861);
#965=LINE('',#13398,#1862);
#966=LINE('',#13399,#1863);
#967=LINE('',#13403,#1864);
#968=LINE('',#13405,#1865);
#969=LINE('',#13408,#1866);
#970=LINE('',#13409,#1867);
#971=LINE('',#13410,#1868);
#972=LINE('',#13412,#1869);
#973=LINE('',#13414,#1870);
#974=LINE('',#13416,#1871);
#975=LINE('',#13418,#1872);
#976=LINE('',#13419,#1873);
#977=LINE('',#13422,#1874);
#978=LINE('',#13423,#1875);
#979=LINE('',#13426,#1876);
#980=LINE('',#13428,#1877);
#981=LINE('',#13430,#1878);
#982=LINE('',#13431,#1879);
#983=LINE('',#13435,#1880);
#984=LINE('',#13437,#1881);
#985=LINE('',#13439,#1882);
#986=LINE('',#13443,#1883);
#987=LINE('',#13447,#1884);
#988=LINE('',#13450,#1885);
#989=LINE('',#13452,#1886);
#990=LINE('',#13455,#1887);
#991=LINE('',#13457,#1888);
#992=LINE('',#13461,#1889);
#993=LINE('',#13463,#1890);
#994=LINE('',#13466,#1891);
#995=LINE('',#13468,#1892);
#996=LINE('',#13471,#1893);
#997=LINE('',#13473,#1894);
#998=LINE('',#13486,#1895);
#999=LINE('',#13489,#1896);
#1000=LINE('',#13490,#1897);
#1001=LINE('',#13494,#1898);
#1002=LINE('',#13510,#1899);
#1003=LINE('',#13513,#1900);
#1004=LINE('',#13516,#1901);
#1005=LINE('',#13517,#1902);
#1006=LINE('',#13527,#1903);
#1007=LINE('',#13534,#1904);
#1008=LINE('',#13538,#1905);
#1009=LINE('',#13543,#1906);
#1010=LINE('',#13545,#1907);
#1011=LINE('',#13547,#1908);
#1012=LINE('',#13548,#1909);
#1013=LINE('',#13553,#1910);
#1014=LINE('',#13555,#1911);
#1015=LINE('',#13557,#1912);
#1016=LINE('',#13558,#1913);
#1017=LINE('',#13560,#1914);
#1018=LINE('',#13561,#1915);
#1019=LINE('',#13563,#1916);
#1020=LINE('',#13565,#1917);
#1021=VECTOR('',#8668,1.375);
#1022=VECTOR('',#8677,10.);
#1023=VECTOR('',#8680,10.);
#1024=VECTOR('',#8683,10.);
#1025=VECTOR('',#8686,10.);
#1026=VECTOR('',#8695,10.);
#1027=VECTOR('',#8696,10.);
#1028=VECTOR('',#8697,10.);
#1029=VECTOR('',#8700,10.);
#1030=VECTOR('',#8705,10.);
#1031=VECTOR('',#8706,10.);
#1032=VECTOR('',#8709,10.);
#1033=VECTOR('',#8714,10.);
#1034=VECTOR('',#8715,10.);
#1035=VECTOR('',#8716,10.);
#1036=VECTOR('',#8717,10.);
#1037=VECTOR('',#8718,10.);
#1038=VECTOR('',#8721,10.);
#1039=VECTOR('',#8722,10.);
#1040=VECTOR('',#8723,10.);
#1041=VECTOR('',#8728,10.);
#1042=VECTOR('',#8729,10.);
#1043=VECTOR('',#8730,10.);
#1044=VECTOR('',#8731,10.);
#1045=VECTOR('',#8734,10.);
#1046=VECTOR('',#8735,10.);
#1047=VECTOR('',#8736,10.);
#1048=VECTOR('',#8737,10.);
#1049=VECTOR('',#8738,10.);
#1050=VECTOR('',#8739,10.);
#1051=VECTOR('',#8740,10.);
#1052=VECTOR('',#8741,10.);
#1053=VECTOR('',#8742,10.);
#1054=VECTOR('',#8743,10.);
#1055=VECTOR('',#8746,10.);
#1056=VECTOR('',#8747,10.);
#1057=VECTOR('',#8748,10.);
#1058=VECTOR('',#8749,10.);
#1059=VECTOR('',#8752,15.8923387150102);
#1060=VECTOR('',#8753,10.);
#1061=VECTOR('',#8754,10.108464601543);
#1062=VECTOR('',#8757,21.7709662368266);
#1063=VECTOR('',#8758,7.07106781186453);
#1064=VECTOR('',#8761,33.0642554146416);
#1065=VECTOR('',#8762,10.);
#1066=VECTOR('',#8765,32.9560196633807);
#1067=VECTOR('',#8766,32.9560196633807);
#1068=VECTOR('',#8767,3.);
#1069=VECTOR('',#8770,32.9560196633806);
#1070=VECTOR('',#8771,32.9560196633806);
#1071=VECTOR('',#8772,2.443650813896);
#1072=VECTOR('',#8777,0.786796564403547);
#1073=VECTOR('',#8780,30.88730162779);
#1074=VECTOR('',#8783,0.786796564403547);
#1075=VECTOR('',#8788,2.443650813896);
#1076=VECTOR('',#8791,33.0642554146415);
#1077=VECTOR('',#8792,3.);
#1078=VECTOR('',#8795,21.7709662368265);
#1079=VECTOR('',#8796,10.);
#1080=VECTOR('',#8799,15.8923387150102);
#1081=VECTOR('',#8800,7.07106781186453);
#1082=VECTOR('',#8803,10.);
#1083=VECTOR('',#8806,10.);
#1084=VECTOR('',#8813,10.);
#1085=VECTOR('',#8818,15.7627418164939);
#1086=VECTOR('',#8819,9.97734406410012);
#1087=VECTOR('',#8822,21.6272163083859);
#1088=VECTOR('',#8823,7.07106781186453);
#1089=VECTOR('',#8826,32.8878573055413);
#1090=VECTOR('',#8827,10.);
#1091=VECTOR('',#8830,32.7747453281928);
#1092=VECTOR('',#8831,32.7747453281928);
#1093=VECTOR('',#8832,3.);
#1094=VECTOR('',#8835,32.7747453281929);
#1095=VECTOR('',#8836,32.7747453281929);
#1096=VECTOR('',#8837,2.443650813896);
#1097=VECTOR('',#8842,0.786796564403603);
#1098=VECTOR('',#8845,30.88730162779);
#1099=VECTOR('',#8848,0.786796564403547);
#1100=VECTOR('',#8853,2.443650813896);
#1101=VECTOR('',#8856,32.8878573055414);
#1102=VECTOR('',#8857,3.);
#1103=VECTOR('',#8860,21.6272163083859);
#1104=VECTOR('',#8861,10.);
#1105=VECTOR('',#8864,15.7627418164937);
#1106=VECTOR('',#8865,7.07106781186453);
#1107=VECTOR('',#8868,10.);
#1108=VECTOR('',#8869,10.);
#1109=VECTOR('',#8872,27.5);
#1110=VECTOR('',#8877,7.5);
#1111=VECTOR('',#8878,12.4999999999996);
#1112=VECTOR('',#8881,12.4999999999996);
#1113=VECTOR('',#8882,7.5);
#1114=VECTOR('',#8883,2.);
#1115=VECTOR('',#8884,10.);
#1116=VECTOR('',#8885,2.);
#1117=VECTOR('',#8902,4.);
#1118=VECTOR('',#8909,4.);
#1119=VECTOR('',#8914,1.5);
#1120=VECTOR('',#8915,6.313708498985);
#1121=VECTOR('',#8916,5.);
#1122=VECTOR('',#8917,8.757359312881);
#1123=VECTOR('',#8918,1.);
#1124=VECTOR('',#8919,8.);
#1125=VECTOR('',#8920,10.);
#1126=VECTOR('',#8921,8.);
#1127=VECTOR('',#8922,1.);
#1128=VECTOR('',#8923,8.757359312881);
#1129=VECTOR('',#8924,5.);
#1130=VECTOR('',#8925,6.313708498985);
#1131=VECTOR('',#8926,1.5);
#1132=VECTOR('',#8927,12.4999999999996);
#1133=VECTOR('',#8930,12.4999999999996);
#1134=VECTOR('',#8945,1.05);
#1135=VECTOR('',#8952,1.05);
#1136=VECTOR('',#8979,1.9);
#1137=VECTOR('',#9006,1.9);
#1138=VECTOR('',#9009,1.9);
#1139=VECTOR('',#9012,1.9);
#1140=VECTOR('',#9023,2.9);
#1141=VECTOR('',#9034,2.9);
#1142=VECTOR('',#9045,2.9);
#1143=VECTOR('',#9056,2.9);
#1144=VECTOR('',#9081,1.9);
#1145=VECTOR('',#9108,1.9);
#1146=VECTOR('',#9111,1.9);
#1147=VECTOR('',#9114,1.9);
#1148=VECTOR('',#9125,2.9);
#1149=VECTOR('',#9130,10.);
#1150=VECTOR('',#9131,2.);
#1151=VECTOR('',#9132,7.5);
#1152=VECTOR('',#9133,12.4999999999996);
#1153=VECTOR('',#9136,12.4999999999996);
#1154=VECTOR('',#9137,7.5);
#1155=VECTOR('',#9138,2.);
#1156=VECTOR('',#9153,2.9);
#1157=VECTOR('',#9164,2.9);
#1158=VECTOR('',#9175,2.9);
#1159=VECTOR('',#9184,3.);
#1160=VECTOR('',#9185,3.);
#1161=VECTOR('',#9186,10.);
#1162=VECTOR('',#9189,3.);
#1163=VECTOR('',#9190,3.);
#1164=VECTOR('',#9193,2.88560785949081);
#1165=VECTOR('',#9196,4.81246855154003);
#1166=VECTOR('',#9197,7.07106781186453);
#1167=VECTOR('',#9198,3.);
#1168=VECTOR('',#9199,4.404393555644);
#1169=VECTOR('',#9200,1.780779450482);
#1170=VECTOR('',#9205,2.88560785949081);
#1171=VECTOR('',#9208,1.780779450482);
#1172=VECTOR('',#9209,4.404393555644);
#1173=VECTOR('',#9210,3.);
#1174=VECTOR('',#9211,7.07106781186453);
#1175=VECTOR('',#9212,8.);
#1176=VECTOR('',#9213,4.81246855154003);
#1177=VECTOR('',#9218,1.);
#1178=VECTOR('',#9219,1.);
#1179=VECTOR('',#9220,2.88560785949081);
#1180=VECTOR('',#9225,1.);
#1181=VECTOR('',#9228,4.81246855154003);
#1182=VECTOR('',#9231,0.7272268451503);
#1183=VECTOR('',#9232,0.4114686544536);
#1184=VECTOR('',#9233,2.);
#1185=VECTOR('',#9234,2.309401076758);
#1186=VECTOR('',#9235,2.);
#1187=VECTOR('',#9236,1.154700538379);
#1188=VECTOR('',#9237,0.4479582361222);
#1189=VECTOR('',#9238,3.80508148815475);
#1190=VECTOR('',#9243,4.81246855154003);
#1191=VECTOR('',#9244,8.757359312881);
#1192=VECTOR('',#9245,3.80508148815475);
#1193=VECTOR('',#9246,0.4479582361222);
#1194=VECTOR('',#9247,1.154700538379);
#1195=VECTOR('',#9248,2.);
#1196=VECTOR('',#9249,2.309401076758);
#1197=VECTOR('',#9250,2.);
#1198=VECTOR('',#9251,0.4114686544536);
#1199=VECTOR('',#9252,0.7272268451503);
#1200=VECTOR('',#9255,2.88560785949081);
#1201=VECTOR('',#9260,3.18710579504213);
#1202=VECTOR('',#9261,1.5);
#1203=VECTOR('',#9262,4.10025399152417);
#1204=VECTOR('',#9263,1.);
#1205=VECTOR('',#9264,0.657128090019728);
#1206=VECTOR('',#9269,1.053749408523);
#1207=VECTOR('',#9270,3.01663481304113);
#1208=VECTOR('',#9271,4.080887818594);
#1209=VECTOR('',#9272,7.);
#1210=VECTOR('',#9273,4.080887818594);
#1211=VECTOR('',#9274,3.01663481304113);
#1212=VECTOR('',#9275,1.053749408523);
#1213=VECTOR('',#9276,3.18710579504213);
#1214=VECTOR('',#9277,19.83822436281);
#1215=VECTOR('',#9278,3.18710579504213);
#1216=VECTOR('',#9279,1.053749408523);
#1217=VECTOR('',#9280,3.01663481304113);
#1218=VECTOR('',#9281,4.080887818594);
#1219=VECTOR('',#9282,7.);
#1220=VECTOR('',#9283,4.080887818594);
#1221=VECTOR('',#9284,3.01663481304113);
#1222=VECTOR('',#9285,1.053749408523);
#1223=VECTOR('',#9286,3.18710579504213);
#1224=VECTOR('',#9287,19.83822436281);
#1225=VECTOR('',#9288,8.9);
#1226=VECTOR('',#9291,5.);
#1227=VECTOR('',#9294,8.9);
#1228=VECTOR('',#9297,5.);
#1229=VECTOR('',#9302,4.5);
#1230=VECTOR('',#9303,10.);
#1231=VECTOR('',#9304,1.5);
#1232=VECTOR('',#9305,5.291502622129);
#1233=VECTOR('',#9306,1.5);
#1234=VECTOR('',#9307,10.);
#1235=VECTOR('',#9308,4.5);
#1236=VECTOR('',#9311,4.5);
#1237=VECTOR('',#9316,4.5);
#1238=VECTOR('',#9317,10.);
#1239=VECTOR('',#9320,4.5);
#1240=VECTOR('',#9325,4.5);
#1241=VECTOR('',#9326,10.);
#1242=VECTOR('',#9327,1.5);
#1243=VECTOR('',#9328,5.291502622129);
#1244=VECTOR('',#9329,1.5);
#1245=VECTOR('',#9330,10.);
#1246=VECTOR('',#9335,1.05);
#1247=VECTOR('',#9340,2.30940107675892);
#1248=VECTOR('',#9341,2.30940107675892);
#1249=VECTOR('',#9342,2.309401076759);
#1250=VECTOR('',#9343,2.30940107675892);
#1251=VECTOR('',#9344,2.30940107675892);
#1252=VECTOR('',#9345,2.309401076759);
#1253=VECTOR('',#9348,2.);
#1254=VECTOR('',#9349,2.);
#1255=VECTOR('',#9350,2.30940107675892);
#1256=VECTOR('',#9353,2.);
#1257=VECTOR('',#9354,2.30940107675892);
#1258=VECTOR('',#9357,2.);
#1259=VECTOR('',#9358,2.309401076759);
#1260=VECTOR('',#9361,2.);
#1261=VECTOR('',#9362,2.30940107675892);
#1262=VECTOR('',#9365,2.);
#1263=VECTOR('',#9366,2.30940107675892);
#1264=VECTOR('',#9369,2.309401076759);
#1265=VECTOR('',#9372,0.6756443470179);
#1266=VECTOR('',#9373,3.30495827718589);
#1267=VECTOR('',#9374,3.695041722814);
#1268=VECTOR('',#9375,2.30495827718592);
#1269=VECTOR('',#9376,2.407695154587);
#1270=VECTOR('',#9377,2.30495827718592);
#1271=VECTOR('',#9378,3.695041722814);
#1272=VECTOR('',#9379,3.30495827718589);
#1273=VECTOR('',#9380,2.309401076759);
#1274=VECTOR('',#9381,2.30940107675892);
#1275=VECTOR('',#9382,2.30940107675892);
#1276=VECTOR('',#9383,2.309401076759);
#1277=VECTOR('',#9384,2.30940107675892);
#1278=VECTOR('',#9385,2.30940107675892);
#1279=VECTOR('',#9388,0.6756443470179);
#1280=VECTOR('',#9389,3.30495827718589);
#1281=VECTOR('',#9390,3.695041722814);
#1282=VECTOR('',#9391,2.30495827718592);
#1283=VECTOR('',#9392,2.407695154587);
#1284=VECTOR('',#9393,2.30495827718592);
#1285=VECTOR('',#9394,3.695041722814);
#1286=VECTOR('',#9395,3.30495827718589);
#1287=VECTOR('',#9396,2.309401076759);
#1288=VECTOR('',#9397,2.30940107675892);
#1289=VECTOR('',#9398,2.30940107675892);
#1290=VECTOR('',#9399,2.309401076759);
#1291=VECTOR('',#9400,2.30940107675892);
#1292=VECTOR('',#9401,2.30940107675892);
#1293=VECTOR('',#9404,0.6756443470179);
#1294=VECTOR('',#9405,3.30495827718589);
#1295=VECTOR('',#9406,3.695041722814);
#1296=VECTOR('',#9407,2.30495827718592);
#1297=VECTOR('',#9408,2.407695154587);
#1298=VECTOR('',#9409,2.30495827718592);
#1299=VECTOR('',#9410,3.695041722814);
#1300=VECTOR('',#9411,3.30495827718589);
#1301=VECTOR('',#9412,2.309401076759);
#1302=VECTOR('',#9413,2.30940107675892);
#1303=VECTOR('',#9414,2.30940107675892);
#1304=VECTOR('',#9415,2.309401076759);
#1305=VECTOR('',#9416,2.30940107675892);
#1306=VECTOR('',#9417,2.30940107675792);
#1307=VECTOR('',#9420,0.6756443470179);
#1308=VECTOR('',#9421,3.30495827718589);
#1309=VECTOR('',#9422,3.695041722814);
#1310=VECTOR('',#9423,2.30495827718592);
#1311=VECTOR('',#9424,2.407695154587);
#1312=VECTOR('',#9425,2.30495827718592);
#1313=VECTOR('',#9426,3.695041722814);
#1314=VECTOR('',#9427,3.30495827718589);
#1315=VECTOR('',#9428,2.309401076759);
#1316=VECTOR('',#9429,2.30940107675892);
#1317=VECTOR('',#9430,2.30940107675892);
#1318=VECTOR('',#9431,2.309401076759);
#1319=VECTOR('',#9432,2.30940107675892);
#1320=VECTOR('',#9433,2.30940107675892);
#1321=VECTOR('',#9436,0.6756443470179);
#1322=VECTOR('',#9437,3.30495827718589);
#1323=VECTOR('',#9438,3.695041722814);
#1324=VECTOR('',#9439,2.30495827718592);
#1325=VECTOR('',#9440,2.407695154587);
#1326=VECTOR('',#9441,2.30495827718592);
#1327=VECTOR('',#9442,3.695041722814);
#1328=VECTOR('',#9443,3.30495827718589);
#1329=VECTOR('',#9446,0.6756443470179);
#1330=VECTOR('',#9447,3.30495827718589);
#1331=VECTOR('',#9448,3.695041722814);
#1332=VECTOR('',#9449,2.30495827718592);
#1333=VECTOR('',#9450,2.407695154587);
#1334=VECTOR('',#9451,2.30495827718592);
#1335=VECTOR('',#9452,3.695041722814);
#1336=VECTOR('',#9453,3.30495827718589);
#1337=VECTOR('',#9454,2.309401076759);
#1338=VECTOR('',#9455,2.30940107675892);
#1339=VECTOR('',#9456,2.30940107675892);
#1340=VECTOR('',#9457,2.309401076759);
#1341=VECTOR('',#9458,2.30940107675892);
#1342=VECTOR('',#9459,2.30940107675892);
#1343=VECTOR('',#9462,1.385640646055);
#1344=VECTOR('',#9463,1.91931763113094);
#1345=VECTOR('',#9464,0.6756443470179);
#1346=VECTOR('',#9465,3.30495827718589);
#1347=VECTOR('',#9466,3.695041722814);
#1348=VECTOR('',#9467,3.30495827718589);
#1349=VECTOR('',#9468,0.6756443470179);
#1350=VECTOR('',#9469,1.91931763113094);
#1351=VECTOR('',#9470,1.385640646055);
#1352=VECTOR('',#9471,2.30940107675892);
#1353=VECTOR('',#9472,2.30940107675892);
#1354=VECTOR('',#9473,2.309401076759);
#1355=VECTOR('',#9474,2.30940107675892);
#1356=VECTOR('',#9475,2.30940107675892);
#1357=VECTOR('',#9478,1.385640646055);
#1358=VECTOR('',#9479,1.91931763113094);
#1359=VECTOR('',#9480,0.6756443470179);
#1360=VECTOR('',#9481,3.30495827718589);
#1361=VECTOR('',#9482,3.695041722814);
#1362=VECTOR('',#9483,3.30495827718589);
#1363=VECTOR('',#9484,0.6756443470179);
#1364=VECTOR('',#9485,1.91931763113094);
#1365=VECTOR('',#9486,1.385640646055);
#1366=VECTOR('',#9487,2.30940107675892);
#1367=VECTOR('',#9488,2.30940107675892);
#1368=VECTOR('',#9489,2.309401076759);
#1369=VECTOR('',#9490,2.30940107675892);
#1370=VECTOR('',#9491,2.30940107675892);
#1371=VECTOR('',#9494,2.);
#1372=VECTOR('',#9495,2.309401076759);
#1373=VECTOR('',#9496,2.);
#1374=VECTOR('',#9499,2.);
#1375=VECTOR('',#9500,2.30940107675892);
#1376=VECTOR('',#9503,2.);
#1377=VECTOR('',#9504,2.30940107675892);
#1378=VECTOR('',#9507,2.);
#1379=VECTOR('',#9508,2.309401076759);
#1380=VECTOR('',#9511,2.);
#1381=VECTOR('',#9512,2.30940107675892);
#1382=VECTOR('',#9515,2.30940107675892);
#1383=VECTOR('',#9522,1.05);
#1384=VECTOR('',#9527,2.);
#1385=VECTOR('',#9528,2.309401076759);
#1386=VECTOR('',#9529,2.);
#1387=VECTOR('',#9532,2.);
#1388=VECTOR('',#9533,2.30940107675792);
#1389=VECTOR('',#9536,2.);
#1390=VECTOR('',#9537,2.30940107675892);
#1391=VECTOR('',#9540,2.);
#1392=VECTOR('',#9541,2.309401076759);
#1393=VECTOR('',#9544,2.);
#1394=VECTOR('',#9545,2.30940107675892);
#1395=VECTOR('',#9548,2.30940107675892);
#1396=VECTOR('',#9555,1.05);
#1397=VECTOR('',#9560,2.);
#1398=VECTOR('',#9561,2.309401076759);
#1399=VECTOR('',#9562,2.);
#1400=VECTOR('',#9565,2.);
#1401=VECTOR('',#9566,2.30940107675892);
#1402=VECTOR('',#9569,2.);
#1403=VECTOR('',#9570,2.30940107675892);
#1404=VECTOR('',#9573,2.);
#1405=VECTOR('',#9574,2.309401076759);
#1406=VECTOR('',#9577,2.);
#1407=VECTOR('',#9578,2.30940107675892);
#1408=VECTOR('',#9581,2.30940107675892);
#1409=VECTOR('',#9588,1.05);
#1410=VECTOR('',#9593,2.);
#1411=VECTOR('',#9594,2.309401076759);
#1412=VECTOR('',#9595,2.);
#1413=VECTOR('',#9598,2.);
#1414=VECTOR('',#9599,2.30940107675892);
#1415=VECTOR('',#9602,2.);
#1416=VECTOR('',#9603,2.30940107675892);
#1417=VECTOR('',#9606,2.);
#1418=VECTOR('',#9607,2.309401076759);
#1419=VECTOR('',#9610,2.);
#1420=VECTOR('',#9611,2.30940107675892);
#1421=VECTOR('',#9614,2.30940107675892);
#1422=VECTOR('',#9621,1.05);
#1423=VECTOR('',#9626,2.);
#1424=VECTOR('',#9627,2.309401076759);
#1425=VECTOR('',#9628,2.);
#1426=VECTOR('',#9631,2.);
#1427=VECTOR('',#9632,2.30940107675892);
#1428=VECTOR('',#9635,2.);
#1429=VECTOR('',#9636,2.30940107675892);
#1430=VECTOR('',#9639,2.);
#1431=VECTOR('',#9640,2.309401076759);
#1432=VECTOR('',#9643,2.);
#1433=VECTOR('',#9644,2.30940107675892);
#1434=VECTOR('',#9647,2.30940107675892);
#1435=VECTOR('',#9654,1.05);
#1436=VECTOR('',#9659,1.);
#1437=VECTOR('',#9660,7.324355652982);
#1438=VECTOR('',#9661,1.);
#1439=VECTOR('',#9662,1.);
#1440=VECTOR('',#9663,1.581290007897);
#1441=VECTOR('',#9664,1.5);
#1442=VECTOR('',#9665,1.5);
#1443=VECTOR('',#9666,1.581290007897);
#1444=VECTOR('',#9667,1.);
#1445=VECTOR('',#9668,1.);
#1446=VECTOR('',#9669,7.324355652982);
#1447=VECTOR('',#9670,1.);
#1448=VECTOR('',#9673,3.30495827718589);
#1449=VECTOR('',#9674,1.);
#1450=VECTOR('',#9677,3.695041722814);
#1451=VECTOR('',#9678,1.);
#1452=VECTOR('',#9681,0.0506170106236802);
#1453=VECTOR('',#9682,0.02530850531184);
#1454=VECTOR('',#9683,0.04383561706373);
#1455=VECTOR('',#9686,0.0506170106236683);
#1456=VECTOR('',#9687,0.04383561706373);
#1457=VECTOR('',#9688,0.02530850531183);
#1458=VECTOR('',#9691,0.0506170106236702);
#1459=VECTOR('',#9692,0.04383561706373);
#1460=VECTOR('',#9693,0.02530850531183);
#1461=VECTOR('',#9696,0.0506170106236827);
#1462=VECTOR('',#9697,0.02530850531183);
#1463=VECTOR('',#9698,0.04383561706373);
#1464=VECTOR('',#9701,3.30495827718589);
#1465=VECTOR('',#9702,3.695041722814);
#1466=VECTOR('',#9703,2.30495827718592);
#1467=VECTOR('',#9704,5.592304845413);
#1468=VECTOR('',#9705,2.30495827718592);
#1469=VECTOR('',#9706,3.695041722814);
#1470=VECTOR('',#9707,3.30495827718589);
#1471=VECTOR('',#9710,3.30495827718589);
#1472=VECTOR('',#9711,3.695041722814);
#1473=VECTOR('',#9712,2.30495827718592);
#1474=VECTOR('',#9713,5.064101615138);
#1475=VECTOR('',#9714,3.46410161513788);
#1476=VECTOR('',#9715,2.54864594283891);
#1477=VECTOR('',#9716,4.10025399152417);
#1478=VECTOR('',#9719,7.324355652982);
#1479=VECTOR('',#9720,3.30495827718589);
#1480=VECTOR('',#9721,3.695041722814);
#1481=VECTOR('',#9722,2.30495827718592);
#1482=VECTOR('',#9723,5.592304845413);
#1483=VECTOR('',#9724,2.30495827718592);
#1484=VECTOR('',#9725,3.695041722814);
#1485=VECTOR('',#9726,3.30495827718589);
#1486=VECTOR('',#9729,1.581290007897);
#1487=VECTOR('',#9730,4.10025399152417);
#1488=VECTOR('',#9731,2.54864594283891);
#1489=VECTOR('',#9732,3.46410161513788);
#1490=VECTOR('',#9733,5.064101615138);
#1491=VECTOR('',#9734,2.30495827718592);
#1492=VECTOR('',#9735,3.695041722814);
#1493=VECTOR('',#9736,3.30495827718589);
#1494=VECTOR('',#9739,3.30495827718589);
#1495=VECTOR('',#9740,3.695041722814);
#1496=VECTOR('',#9741,2.30495827718592);
#1497=VECTOR('',#9742,5.592304845413);
#1498=VECTOR('',#9743,2.30495827718592);
#1499=VECTOR('',#9746,4.10025399152417);
#1500=VECTOR('',#9747,2.54864594283891);
#1501=VECTOR('',#9748,3.46410161513788);
#1502=VECTOR('',#9749,5.064101615138);
#1503=VECTOR('',#9750,2.30495827718592);
#1504=VECTOR('',#9751,3.695041722814);
#1505=VECTOR('',#9752,3.30495827718589);
#1506=VECTOR('',#9755,7.324355652982);
#1507=VECTOR('',#9756,3.30495827718589);
#1508=VECTOR('',#9757,3.695041722814);
#1509=VECTOR('',#9758,2.30495827718592);
#1510=VECTOR('',#9759,5.592304845413);
#1511=VECTOR('',#9760,2.30495827718592);
#1512=VECTOR('',#9761,3.695041722814);
#1513=VECTOR('',#9762,3.30495827718589);
#1514=VECTOR('',#9765,1.581290007897);
#1515=VECTOR('',#9766,3.30495827718589);
#1516=VECTOR('',#9767,3.695041722814);
#1517=VECTOR('',#9768,2.30495827718592);
#1518=VECTOR('',#9769,5.064101615138);
#1519=VECTOR('',#9770,3.46410161513788);
#1520=VECTOR('',#9771,2.54864594283891);
#1521=VECTOR('',#9774,0.9596588155656);
#1522=VECTOR('',#9775,1.662177826491);
#1523=VECTOR('',#9776,1.91931763113094);
#1524=VECTOR('',#9779,0.9596588155656);
#1525=VECTOR('',#9780,1.91931763113094);
#1526=VECTOR('',#9781,1.662177826491);
#1527=VECTOR('',#9784,0.9596588155656);
#1528=VECTOR('',#9785,1.662177826491);
#1529=VECTOR('',#9786,1.91931763113094);
#1530=VECTOR('',#9789,0.9596588155656);
#1531=VECTOR('',#9790,1.91931763113094);
#1532=VECTOR('',#9791,1.662177826491);
#1533=VECTOR('',#9794,4.4);
#1534=VECTOR('',#9797,1.8);
#1535=VECTOR('',#9800,3.8);
#1536=VECTOR('',#9801,0.1);
#1537=VECTOR('',#9804,0.3);
#1538=VECTOR('',#9807,6.1);
#1539=VECTOR('',#9808,4.404393555644);
#1540=VECTOR('',#9809,4.7573820815442);
#1541=VECTOR('',#9810,1.743065645085);
#1542=VECTOR('',#9811,3.30495827718589);
#1543=VECTOR('',#9812,3.695041722814);
#1544=VECTOR('',#9813,3.30495827718589);
#1545=VECTOR('',#9814,1.743065645085);
#1546=VECTOR('',#9815,4.7573820815442);
#1547=VECTOR('',#9816,0.5);
#1548=VECTOR('',#9819,1.2);
#1549=VECTOR('',#9824,1.2);
#1550=VECTOR('',#9827,0.5);
#1551=VECTOR('',#9828,4.7573820815442);
#1552=VECTOR('',#9829,1.743065645085);
#1553=VECTOR('',#9830,3.30495827718589);
#1554=VECTOR('',#9831,3.695041722814);
#1555=VECTOR('',#9832,3.30495827718589);
#1556=VECTOR('',#9833,1.743065645085);
#1557=VECTOR('',#9834,4.7573820815442);
#1558=VECTOR('',#9835,4.404393555644);
#1559=VECTOR('',#9836,6.1);
#1560=VECTOR('',#9839,0.3);
#1561=VECTOR('',#9842,0.1);
#1562=VECTOR('',#9843,3.8);
#1563=VECTOR('',#9846,1.8);
#1564=VECTOR('',#9849,4.4);
#1565=VECTOR('',#9854,2.23606797750011);
#1566=VECTOR('',#9855,2.05061701062393);
#1567=VECTOR('',#9856,1.);
#1568=VECTOR('',#9859,0.786796564403547);
#1569=VECTOR('',#9862,30.88730162779);
#1570=VECTOR('',#9865,0.786796564403547);
#1571=VECTOR('',#9868,4.58578643762669);
#1572=VECTOR('',#9869,3.464101615138);
#1573=VECTOR('',#9870,1.);
#1574=VECTOR('',#9871,1.);
#1575=VECTOR('',#9872,1.);
#1576=VECTOR('',#9873,1.);
#1577=VECTOR('',#9874,1.);
#1578=VECTOR('',#9875,1.);
#1579=VECTOR('',#9876,1.);
#1580=VECTOR('',#9877,1.);
#1581=VECTOR('',#9878,3.464101615138);
#1582=VECTOR('',#9879,1.);
#1583=VECTOR('',#9880,4.58578643762669);
#1584=VECTOR('',#9881,6.313708498985);
#1585=VECTOR('',#9886,1.5);
#1586=VECTOR('',#9887,1.5);
#1587=VECTOR('',#9890,1.5);
#1588=VECTOR('',#9893,5.);
#1589=VECTOR('',#9894,1.);
#1590=VECTOR('',#9895,8.);
#1591=VECTOR('',#9896,1.);
#1592=VECTOR('',#9897,8.757359312881);
#1593=VECTOR('',#9898,5.);
#1594=VECTOR('',#9899,6.313708498985);
#1595=VECTOR('',#9900,1.5);
#1596=VECTOR('',#9901,12.4999999999996);
#1597=VECTOR('',#9904,12.4999999999996);
#1598=VECTOR('',#9917,1.05);
#1599=VECTOR('',#9920,1.05);
#1600=VECTOR('',#9923,1.05);
#1601=VECTOR('',#9926,1.05);
#1602=VECTOR('',#9929,1.05);
#1603=VECTOR('',#9932,1.05);
#1604=VECTOR('',#9935,0.85);
#1605=VECTOR('',#9938,0.85);
#1606=VECTOR('',#9941,0.85);
#1607=VECTOR('',#9944,0.85);
#1608=VECTOR('',#9947,1.5);
#1609=VECTOR('',#9950,1.5);
#1610=VECTOR('',#9953,1.5);
#1611=VECTOR('',#9956,1.5);
#1612=VECTOR('',#9961,3.);
#1613=VECTOR('',#9964,3.);
#1614=VECTOR('',#9967,3.);
#1615=VECTOR('',#9970,3.);
#1616=VECTOR('',#9977,1.5);
#1617=VECTOR('',#9978,0.786796564403603);
#1618=VECTOR('',#9979,1.5);
#1619=VECTOR('',#9986,4.58578643762669);
#1620=VECTOR('',#9987,1.);
#1621=VECTOR('',#9988,3.464101615138);
#1622=VECTOR('',#9989,1.);
#1623=VECTOR('',#9990,1.);
#1624=VECTOR('',#9991,1.);
#1625=VECTOR('',#9992,1.);
#1626=VECTOR('',#9993,1.);
#1627=VECTOR('',#9994,1.);
#1628=VECTOR('',#9995,1.);
#1629=VECTOR('',#9996,1.);
#1630=VECTOR('',#9997,3.464101615138);
#1631=VECTOR('',#9998,1.);
#1632=VECTOR('',#9999,4.58578643762669);
#1633=VECTOR('',#10002,0.786796564403547);
#1634=VECTOR('',#10005,30.88730162779);
#1635=VECTOR('',#10010,1.5);
#1636=VECTOR('',#10013,1.5);
#1637=VECTOR('',#10016,1.5);
#1638=VECTOR('',#10019,1.5);
#1639=VECTOR('',#10024,3.80508148815475);
#1640=VECTOR('',#10025,2.23606797750011);
#1641=VECTOR('',#10026,2.448227150735);
#1642=VECTOR('',#10027,1.00166506705005);
#1643=VECTOR('',#10030,1.00166506705005);
#1644=VECTOR('',#10031,2.448227150735);
#1645=VECTOR('',#10034,2.88560785949081);
#1646=VECTOR('',#10037,4.81246855154003);
#1647=VECTOR('',#10038,0.4479582361222);
#1648=VECTOR('',#10039,1.154700538379);
#1649=VECTOR('',#10040,2.);
#1650=VECTOR('',#10041,2.309401076758);
#1651=VECTOR('',#10042,2.);
#1652=VECTOR('',#10043,0.4114686544536);
#1653=VECTOR('',#10044,0.7272268451503);
#1654=VECTOR('',#10049,0.7272268451503);
#1655=VECTOR('',#10050,0.4114686544536);
#1656=VECTOR('',#10051,2.);
#1657=VECTOR('',#10052,2.309401076758);
#1658=VECTOR('',#10053,2.);
#1659=VECTOR('',#10054,1.154700538379);
#1660=VECTOR('',#10055,0.4479582361222);
#1661=VECTOR('',#10056,3.80508148815475);
#1662=VECTOR('',#10057,4.81246855153991);
#1663=VECTOR('',#10060,2.88560785949081);
#1664=VECTOR('',#10065,1.);
#1665=VECTOR('',#10066,1.);
#1666=VECTOR('',#10067,2.88560785949081);
#1667=VECTOR('',#10072,1.);
#1668=VECTOR('',#10075,4.81246855154003);
#1669=VECTOR('',#10078,1.780779450482);
#1670=VECTOR('',#10079,3.);
#1671=VECTOR('',#10080,7.07106781186453);
#1672=VECTOR('',#10085,2.88560785949081);
#1673=VECTOR('',#10088,4.81246855153991);
#1674=VECTOR('',#10089,7.07106781186453);
#1675=VECTOR('',#10090,3.);
#1676=VECTOR('',#10091,1.780779450482);
#1677=VECTOR('',#10096,1.5);
#1678=VECTOR('',#10105,0.657128090019728);
#1679=VECTOR('',#10106,1.);
#1680=VECTOR('',#10109,2.54864594283891);
#1681=VECTOR('',#10110,1.);
#1682=VECTOR('',#10113,3.46410161513788);
#1683=VECTOR('',#10116,2.30940107675892);
#1684=VECTOR('',#10117,2.30940107675892);
#1685=VECTOR('',#10118,2.309401076758);
#1686=VECTOR('',#10119,2.30940107675892);
#1687=VECTOR('',#10120,2.30940107675892);
#1688=VECTOR('',#10121,0.89591647224437);
#1689=VECTOR('',#10122,2.05061701062393);
#1690=VECTOR('',#10129,2.);
#1691=VECTOR('',#10130,2.30940107675892);
#1692=VECTOR('',#10133,2.30940107675892);
#1693=VECTOR('',#10134,2.30940107675892);
#1694=VECTOR('',#10135,2.30940107675892);
#1695=VECTOR('',#10136,2.309401076758);
#1696=VECTOR('',#10141,2.);
#1697=VECTOR('',#10142,2.);
#1698=VECTOR('',#10147,2.);
#1699=VECTOR('',#10152,1.05);
#1700=VECTOR('',#10157,1.5);
#1701=VECTOR('',#10158,1.5);
#1702=VECTOR('',#10159,1.);
#1703=VECTOR('',#10160,1.);
#1704=VECTOR('',#10163,1.5);
#1705=VECTOR('',#10164,1.);
#1706=VECTOR('',#10165,1.);
#1707=VECTOR('',#10168,2.);
#1708=VECTOR('',#10169,2.309401076759);
#1709=VECTOR('',#10170,2.);
#1710=VECTOR('',#10171,1.);
#1711=VECTOR('',#10172,1.5);
#1712=VECTOR('',#10173,1.);
#1713=VECTOR('',#10176,2.);
#1714=VECTOR('',#10177,2.30940107675892);
#1715=VECTOR('',#10180,2.30940107675892);
#1716=VECTOR('',#10181,2.309401076759);
#1717=VECTOR('',#10182,2.30940107675892);
#1718=VECTOR('',#10183,2.30940107675892);
#1719=VECTOR('',#10188,2.);
#1720=VECTOR('',#10191,2.);
#1721=VECTOR('',#10194,2.);
#1722=VECTOR('',#10199,1.05);
#1723=VECTOR('',#10206,1.);
#1724=VECTOR('',#10207,1.);
#1725=VECTOR('',#10208,1.5);
#1726=VECTOR('',#10211,1.5);
#1727=VECTOR('',#10212,1.5);
#1728=VECTOR('',#10213,1.);
#1729=VECTOR('',#10214,1.);
#1730=VECTOR('',#10221,1.);
#1731=VECTOR('',#10226,1.);
#1732=VECTOR('',#10229,1.);
#1733=VECTOR('',#10234,0.657128090019728);
#1734=VECTOR('',#10235,1.);
#1735=VECTOR('',#10236,1.5);
#1736=VECTOR('',#10239,1.);
#1737=VECTOR('',#10240,1.);
#1738=VECTOR('',#10241,1.);
#1739=VECTOR('',#10242,1.);
#1740=VECTOR('',#10243,1.);
#1741=VECTOR('',#10244,1.);
#1742=VECTOR('',#10247,1.);
#1743=VECTOR('',#10250,1.);
#1744=VECTOR('',#10255,1.);
#1745=VECTOR('',#10258,1.);
#1746=VECTOR('',#10263,1.);
#1747=VECTOR('',#10266,1.);
#1748=VECTOR('',#10271,1.);
#1749=VECTOR('',#10274,1.);
#1750=VECTOR('',#10279,1.);
#1751=VECTOR('',#10282,1.);
#1752=VECTOR('',#10287,1.);
#1753=VECTOR('',#10290,1.);
#1754=VECTOR('',#10295,2.54864594283891);
#1755=VECTOR('',#10296,1.);
#1756=VECTOR('',#10299,3.46410161513788);
#1757=VECTOR('',#10302,2.30940107675892);
#1758=VECTOR('',#10303,2.30940107675892);
#1759=VECTOR('',#10304,2.309401076758);
#1760=VECTOR('',#10305,2.30940107675892);
#1761=VECTOR('',#10306,2.30940107675892);
#1762=VECTOR('',#10307,0.89591647224437);
#1763=VECTOR('',#10308,2.448227150735);
#1764=VECTOR('',#10309,2.05061701062393);
#1765=VECTOR('',#10312,2.23606797750011);
#1766=VECTOR('',#10315,1.00166506705005);
#1767=VECTOR('',#10316,2.448227150735);
#1768=VECTOR('',#10317,2.23606797750011);
#1769=VECTOR('',#10320,1.00166506705005);
#1770=VECTOR('',#10323,2.05061701062393);
#1771=VECTOR('',#10326,0.657128090019728);
#1772=VECTOR('',#10327,2.54864594283891);
#1773=VECTOR('',#10328,3.46410161513788);
#1774=VECTOR('',#10329,0.89591647224437);
#1775=VECTOR('',#10330,2.30940107675892);
#1776=VECTOR('',#10331,2.30940107675892);
#1777=VECTOR('',#10332,2.309401076758);
#1778=VECTOR('',#10333,2.30940107675892);
#1779=VECTOR('',#10334,2.30940107675892);
#1780=VECTOR('',#10337,1.);
#1781=VECTOR('',#10342,1.);
#1782=VECTOR('',#10347,1.);
#1783=VECTOR('',#10350,1.);
#1784=VECTOR('',#10357,1.);
#1785=VECTOR('',#10362,2.);
#1786=VECTOR('',#10363,2.30940107675892);
#1787=VECTOR('',#10366,2.30940107675892);
#1788=VECTOR('',#10367,2.309401076758);
#1789=VECTOR('',#10368,2.30940107675892);
#1790=VECTOR('',#10369,2.30940107675892);
#1791=VECTOR('',#10374,2.);
#1792=VECTOR('',#10377,2.);
#1793=VECTOR('',#10380,2.);
#1794=VECTOR('',#10385,1.05);
#1795=VECTOR('',#10394,2.);
#1796=VECTOR('',#10395,2.30940107675892);
#1797=VECTOR('',#10398,2.30940107675892);
#1798=VECTOR('',#10399,2.30940107675892);
#1799=VECTOR('',#10400,2.30940107675892);
#1800=VECTOR('',#10401,2.309401076758);
#1801=VECTOR('',#10406,2.);
#1802=VECTOR('',#10407,2.);
#1803=VECTOR('',#10412,2.);
#1804=VECTOR('',#10417,1.05);
#1805=VECTOR('',#10422,1.);
#1806=VECTOR('',#10425,1.);
#1807=VECTOR('',#10432,2.);
#1808=VECTOR('',#10433,2.309401076759);
#1809=VECTOR('',#10434,2.);
#1810=VECTOR('',#10435,1.);
#1811=VECTOR('',#10436,1.);
#1812=VECTOR('',#10439,2.);
#1813=VECTOR('',#10440,2.30940107675892);
#1814=VECTOR('',#10443,2.30940107675892);
#1815=VECTOR('',#10444,2.30940107675892);
#1816=VECTOR('',#10445,2.30940107675892);
#1817=VECTOR('',#10446,2.309401076759);
#1818=VECTOR('',#10451,2.);
#1819=VECTOR('',#10452,2.);
#1820=VECTOR('',#10457,2.);
#1821=VECTOR('',#10462,1.05);
#1822=VECTOR('',#10471,1.);
#1823=VECTOR('',#10474,1.);
#1824=VECTOR('',#10489,3.);
#1825=VECTOR('',#10492,3.);
#1826=VECTOR('',#10495,3.);
#1827=VECTOR('',#10500,3.);
#1828=VECTOR('',#10501,10.);
#1829=VECTOR('',#10506,3.);
#1830=VECTOR('',#10509,3.);
#1831=VECTOR('',#10510,10.);
#1832=VECTOR('',#10513,3.);
#1833=VECTOR('',#10514,10.);
#1834=VECTOR('',#10517,3.);
#1835=VECTOR('',#10522,3.);
#1836=VECTOR('',#10523,10.);
#1837=VECTOR('',#10526,3.);
#1838=VECTOR('',#10531,3.);
#1839=VECTOR('',#10532,10.);
#1840=VECTOR('',#10535,3.);
#1841=VECTOR('',#10540,3.);
#1842=VECTOR('',#10541,10.);
#1843=VECTOR('',#10548,3.);
#1844=VECTOR('',#10549,10.);
#1845=VECTOR('',#10552,3.);
#1846=VECTOR('',#10553,10.);
#1847=VECTOR('',#10556,3.);
#1848=VECTOR('',#10561,10.);
#1849=VECTOR('',#10562,3.);
#1850=VECTOR('',#10567,3.);
#1851=VECTOR('',#10570,3.);
#1852=VECTOR('',#10571,10.);
#1853=VECTOR('',#10574,3.);
#1854=VECTOR('',#10575,10.);
#1855=VECTOR('',#10578,3.);
#1856=VECTOR('',#10583,3.);
#1857=VECTOR('',#10584,10.);
#1858=VECTOR('',#10587,3.);
#1859=VECTOR('',#10592,3.);
#1860=VECTOR('',#10593,10.);
#1861=VECTOR('',#10596,3.);
#1862=VECTOR('',#10601,10.);
#1863=VECTOR('',#10602,3.);
#1864=VECTOR('',#10609,10.);
#1865=VECTOR('',#10612,10.);
#1866=VECTOR('',#10615,2.54864594283891);
#1867=VECTOR('',#10616,3.46410161513788);
#1868=VECTOR('',#10617,0.89591647224437);
#1869=VECTOR('',#10618,2.30940107675892);
#1870=VECTOR('',#10619,2.30940107675892);
#1871=VECTOR('',#10620,2.309401076758);
#1872=VECTOR('',#10621,2.30940107675892);
#1873=VECTOR('',#10622,2.30940107675892);
#1874=VECTOR('',#10625,2.);
#1875=VECTOR('',#10626,2.30940107675892);
#1876=VECTOR('',#10629,2.30940107675892);
#1877=VECTOR('',#10630,2.309401076758);
#1878=VECTOR('',#10631,2.30940107675892);
#1879=VECTOR('',#10632,2.30940107675892);
#1880=VECTOR('',#10637,2.);
#1881=VECTOR('',#10640,2.);
#1882=VECTOR('',#10643,2.);
#1883=VECTOR('',#10648,1.05);
#1884=VECTOR('',#10655,1.);
#1885=VECTOR('',#10660,1.);
#1886=VECTOR('',#10663,1.);
#1887=VECTOR('',#10668,1.);
#1888=VECTOR('',#10671,1.);
#1889=VECTOR('',#10678,1.);
#1890=VECTOR('',#10681,1.);
#1891=VECTOR('',#10686,1.);
#1892=VECTOR('',#10689,1.);
#1893=VECTOR('',#10694,1.);
#1894=VECTOR('',#10697,1.);
#1895=VECTOR('',#10720,4.5);
#1896=VECTOR('',#10723,10.);
#1897=VECTOR('',#10724,4.5);
#1898=VECTOR('',#10731,10.);
#1899=VECTOR('',#10762,10.);
#1900=VECTOR('',#10767,1.375);
#1901=VECTOR('',#10770,10.);
#1902=VECTOR('',#10771,10.);
#1903=VECTOR('',#10786,1.6);
#1904=VECTOR('',#10795,22.5);
#1905=VECTOR('',#10800,27.5);
#1906=VECTOR('',#10805,10.);
#1907=VECTOR('',#10806,10.);
#1908=VECTOR('',#10807,10.);
#1909=VECTOR('',#10808,10.);
#1910=VECTOR('',#10813,10.);
#1911=VECTOR('',#10814,10.);
#1912=VECTOR('',#10815,10.);
#1913=VECTOR('',#10816,10.);
#1914=VECTOR('',#10819,10.);
#1915=VECTOR('',#10820,10.);
#1916=VECTOR('',#10823,10.);
#1917=VECTOR('',#10826,10.);
#1918=CYLINDRICAL_SURFACE('',#8021,1.375);
#1919=CYLINDRICAL_SURFACE('',#8034,0.4);
#1920=CYLINDRICAL_SURFACE('',#8037,0.4);
#1921=CYLINDRICAL_SURFACE('',#8080,27.5);
#1922=CYLINDRICAL_SURFACE('',#8091,4.);
#1923=CYLINDRICAL_SURFACE('',#8093,4.);
#1924=CYLINDRICAL_SURFACE('',#8104,1.05);
#1925=CYLINDRICAL_SURFACE('',#8106,1.05);
#1926=CYLINDRICAL_SURFACE('',#8120,1.9);
#1927=CYLINDRICAL_SURFACE('',#8133,1.9);
#1928=CYLINDRICAL_SURFACE('',#8134,1.9);
#1929=CYLINDRICAL_SURFACE('',#8135,1.9);
#1930=CYLINDRICAL_SURFACE('',#8140,2.9);
#1931=CYLINDRICAL_SURFACE('',#8145,2.9);
#1932=CYLINDRICAL_SURFACE('',#8150,2.9);
#1933=CYLINDRICAL_SURFACE('',#8155,2.9);
#1934=CYLINDRICAL_SURFACE('',#8167,1.9);
#1935=CYLINDRICAL_SURFACE('',#8180,1.9);
#1936=CYLINDRICAL_SURFACE('',#8181,1.9);
#1937=CYLINDRICAL_SURFACE('',#8182,1.9);
#1938=CYLINDRICAL_SURFACE('',#8187,2.9);
#1939=CYLINDRICAL_SURFACE('',#8196,2.9);
#1940=CYLINDRICAL_SURFACE('',#8201,2.9);
#1941=CYLINDRICAL_SURFACE('',#8206,2.9);
#1942=CYLINDRICAL_SURFACE('',#8220,5.);
#1943=CYLINDRICAL_SURFACE('',#8236,0.5);
#1944=CYLINDRICAL_SURFACE('',#8239,0.5);
#1945=CYLINDRICAL_SURFACE('',#8242,1.05);
#1946=CYLINDRICAL_SURFACE('',#8268,1.05);
#1947=CYLINDRICAL_SURFACE('',#8278,1.05);
#1948=CYLINDRICAL_SURFACE('',#8288,1.05);
#1949=CYLINDRICAL_SURFACE('',#8298,1.05);
#1950=CYLINDRICAL_SURFACE('',#8308,1.05);
#1951=CYLINDRICAL_SURFACE('',#8350,5.);
#1952=CYLINDRICAL_SURFACE('',#8358,1.05);
#1953=CYLINDRICAL_SURFACE('',#8359,1.05);
#1954=CYLINDRICAL_SURFACE('',#8360,1.05);
#1955=CYLINDRICAL_SURFACE('',#8361,1.05);
#1956=CYLINDRICAL_SURFACE('',#8362,1.05);
#1957=CYLINDRICAL_SURFACE('',#8363,1.05);
#1958=CYLINDRICAL_SURFACE('',#8364,0.85);
#1959=CYLINDRICAL_SURFACE('',#8365,0.85);
#1960=CYLINDRICAL_SURFACE('',#8366,0.85);
#1961=CYLINDRICAL_SURFACE('',#8367,0.85);
#1962=CYLINDRICAL_SURFACE('',#8368,5.);
#1963=CYLINDRICAL_SURFACE('',#8370,5.);
#1964=CYLINDRICAL_SURFACE('',#8372,5.);
#1965=CYLINDRICAL_SURFACE('',#8375,11.);
#1966=CYLINDRICAL_SURFACE('',#8376,11.);
#1967=CYLINDRICAL_SURFACE('',#8380,5.);
#1968=CYLINDRICAL_SURFACE('',#8386,5.);
#1969=CYLINDRICAL_SURFACE('',#8388,5.);
#1970=CYLINDRICAL_SURFACE('',#8390,5.);
#1971=CYLINDRICAL_SURFACE('',#8400,5.);
#1972=CYLINDRICAL_SURFACE('',#8410,5.);
#1973=CYLINDRICAL_SURFACE('',#8425,1.05);
#1974=CYLINDRICAL_SURFACE('',#8437,1.05);
#1975=CYLINDRICAL_SURFACE('',#8444,5.);
#1976=CYLINDRICAL_SURFACE('',#8447,5.);
#1977=CYLINDRICAL_SURFACE('',#8479,5.);
#1978=CYLINDRICAL_SURFACE('',#8482,5.);
#1979=CYLINDRICAL_SURFACE('',#8494,1.05);
#1980=CYLINDRICAL_SURFACE('',#8505,1.05);
#1981=CYLINDRICAL_SURFACE('',#8519,1.05);
#1982=CYLINDRICAL_SURFACE('',#8528,5.);
#1983=CYLINDRICAL_SURFACE('',#8533,1.);
#1984=CYLINDRICAL_SURFACE('',#8536,0.6);
#1985=CYLINDRICAL_SURFACE('',#8540,0.6);
#1986=CYLINDRICAL_SURFACE('',#8543,0.6);
#1987=CYLINDRICAL_SURFACE('',#8546,2.);
#1988=CYLINDRICAL_SURFACE('',#8549,1.);
#1989=CYLINDRICAL_SURFACE('',#8553,1.);
#1990=CYLINDRICAL_SURFACE('',#8556,0.6);
#1991=CYLINDRICAL_SURFACE('',#8560,0.6);
#1992=CYLINDRICAL_SURFACE('',#8563,0.6);
#1993=CYLINDRICAL_SURFACE('',#8566,2.);
#1994=CYLINDRICAL_SURFACE('',#8569,1.);
#1995=CYLINDRICAL_SURFACE('',#8581,1.05);
#1996=CYLINDRICAL_SURFACE('',#8602,4.);
#1997=CYLINDRICAL_SURFACE('',#8605,4.);
#1998=CYLINDRICAL_SURFACE('',#8610,0.5);
#1999=CYLINDRICAL_SURFACE('',#8613,0.5);
#2000=CYLINDRICAL_SURFACE('',#8632,1.375);
#2001=CYLINDRICAL_SURFACE('',#8634,0.4);
#2002=CYLINDRICAL_SURFACE('',#8638,0.4);
#2003=CYLINDRICAL_SURFACE('',#8639,1.8);
#2004=CYLINDRICAL_SURFACE('',#8646,27.5);
#2005=FACE_OUTER_BOUND('',#2428,.T.);
#2006=FACE_OUTER_BOUND('',#2429,.T.);
#2007=FACE_OUTER_BOUND('',#2430,.T.);
#2008=FACE_OUTER_BOUND('',#2431,.T.);
#2009=FACE_OUTER_BOUND('',#2432,.T.);
#2010=FACE_OUTER_BOUND('',#2433,.T.);
#2011=FACE_OUTER_BOUND('',#2434,.T.);
#2012=FACE_OUTER_BOUND('',#2435,.T.);
#2013=FACE_OUTER_BOUND('',#2436,.T.);
#2014=FACE_OUTER_BOUND('',#2437,.T.);
#2015=FACE_OUTER_BOUND('',#2438,.T.);
#2016=FACE_OUTER_BOUND('',#2439,.T.);
#2017=FACE_OUTER_BOUND('',#2441,.T.);
#2018=FACE_OUTER_BOUND('',#2442,.T.);
#2019=FACE_OUTER_BOUND('',#2443,.T.);
#2020=FACE_OUTER_BOUND('',#2444,.T.);
#2021=FACE_OUTER_BOUND('',#2445,.T.);
#2022=FACE_OUTER_BOUND('',#2446,.T.);
#2023=FACE_OUTER_BOUND('',#2447,.T.);
#2024=FACE_OUTER_BOUND('',#2448,.T.);
#2025=FACE_OUTER_BOUND('',#2449,.T.);
#2026=FACE_OUTER_BOUND('',#2450,.T.);
#2027=FACE_OUTER_BOUND('',#2451,.T.);
#2028=FACE_OUTER_BOUND('',#2452,.T.);
#2029=FACE_OUTER_BOUND('',#2453,.T.);
#2030=FACE_OUTER_BOUND('',#2454,.T.);
#2031=FACE_OUTER_BOUND('',#2455,.T.);
#2032=FACE_OUTER_BOUND('',#2456,.T.);
#2033=FACE_OUTER_BOUND('',#2457,.T.);
#2034=FACE_OUTER_BOUND('',#2458,.T.);
#2035=FACE_OUTER_BOUND('',#2459,.T.);
#2036=FACE_OUTER_BOUND('',#2460,.T.);
#2037=FACE_OUTER_BOUND('',#2461,.T.);
#2038=FACE_OUTER_BOUND('',#2462,.T.);
#2039=FACE_OUTER_BOUND('',#2463,.T.);
#2040=FACE_OUTER_BOUND('',#2464,.T.);
#2041=FACE_OUTER_BOUND('',#2465,.T.);
#2042=FACE_OUTER_BOUND('',#2466,.T.);
#2043=FACE_OUTER_BOUND('',#2474,.T.);
#2044=FACE_OUTER_BOUND('',#2475,.T.);
#2045=FACE_OUTER_BOUND('',#2476,.T.);
#2046=FACE_OUTER_BOUND('',#2484,.T.);
#2047=FACE_OUTER_BOUND('',#2485,.T.);
#2048=FACE_OUTER_BOUND('',#2486,.T.);
#2049=FACE_OUTER_BOUND('',#2488,.T.);
#2050=FACE_OUTER_BOUND('',#2490,.T.);
#2051=FACE_OUTER_BOUND('',#2492,.T.);
#2052=FACE_OUTER_BOUND('',#2494,.T.);
#2053=FACE_OUTER_BOUND('',#2495,.T.);
#2054=FACE_OUTER_BOUND('',#2497,.T.);
#2055=FACE_OUTER_BOUND('',#2499,.T.);
#2056=FACE_OUTER_BOUND('',#2501,.T.);
#2057=FACE_OUTER_BOUND('',#2503,.T.);
#2058=FACE_OUTER_BOUND('',#2504,.T.);
#2059=FACE_OUTER_BOUND('',#2505,.T.);
#2060=FACE_OUTER_BOUND('',#2506,.T.);
#2061=FACE_OUTER_BOUND('',#2507,.T.);
#2062=FACE_OUTER_BOUND('',#2508,.T.);
#2063=FACE_OUTER_BOUND('',#2509,.T.);
#2064=FACE_OUTER_BOUND('',#2510,.T.);
#2065=FACE_OUTER_BOUND('',#2511,.T.);
#2066=FACE_OUTER_BOUND('',#2512,.T.);
#2067=FACE_OUTER_BOUND('',#2513,.T.);
#2068=FACE_OUTER_BOUND('',#2514,.T.);
#2069=FACE_OUTER_BOUND('',#2516,.T.);
#2070=FACE_OUTER_BOUND('',#2518,.T.);
#2071=FACE_OUTER_BOUND('',#2520,.T.);
#2072=FACE_OUTER_BOUND('',#2522,.T.);
#2073=FACE_OUTER_BOUND('',#2523,.T.);
#2074=FACE_OUTER_BOUND('',#2525,.T.);
#2075=FACE_OUTER_BOUND('',#2527,.T.);
#2076=FACE_OUTER_BOUND('',#2529,.T.);
#2077=FACE_OUTER_BOUND('',#2531,.T.);
#2078=FACE_OUTER_BOUND('',#2532,.T.);
#2079=FACE_OUTER_BOUND('',#2533,.T.);
#2080=FACE_OUTER_BOUND('',#2534,.T.);
#2081=FACE_OUTER_BOUND('',#2535,.T.);
#2082=FACE_OUTER_BOUND('',#2536,.T.);
#2083=FACE_OUTER_BOUND('',#2544,.T.);
#2084=FACE_OUTER_BOUND('',#2545,.T.);
#2085=FACE_OUTER_BOUND('',#2546,.T.);
#2086=FACE_OUTER_BOUND('',#2547,.T.);
#2087=FACE_OUTER_BOUND('',#2548,.T.);
#2088=FACE_OUTER_BOUND('',#2549,.T.);
#2089=FACE_OUTER_BOUND('',#2550,.T.);
#2090=FACE_OUTER_BOUND('',#2551,.T.);
#2091=FACE_OUTER_BOUND('',#2552,.T.);
#2092=FACE_OUTER_BOUND('',#2553,.T.);
#2093=FACE_OUTER_BOUND('',#2554,.T.);
#2094=FACE_OUTER_BOUND('',#2555,.T.);
#2095=FACE_OUTER_BOUND('',#2556,.T.);
#2096=FACE_OUTER_BOUND('',#2557,.T.);
#2097=FACE_OUTER_BOUND('',#2558,.T.);
#2098=FACE_OUTER_BOUND('',#2559,.T.);
#2099=FACE_OUTER_BOUND('',#2560,.T.);
#2100=FACE_OUTER_BOUND('',#2562,.T.);
#2101=FACE_OUTER_BOUND('',#2563,.T.);
#2102=FACE_OUTER_BOUND('',#2564,.T.);
#2103=FACE_OUTER_BOUND('',#2565,.T.);
#2104=FACE_OUTER_BOUND('',#2566,.T.);
#2105=FACE_OUTER_BOUND('',#2567,.T.);
#2106=FACE_OUTER_BOUND('',#2568,.T.);
#2107=FACE_OUTER_BOUND('',#2570,.T.);
#2108=FACE_OUTER_BOUND('',#2571,.T.);
#2109=FACE_OUTER_BOUND('',#2572,.T.);
#2110=FACE_OUTER_BOUND('',#2573,.T.);
#2111=FACE_OUTER_BOUND('',#2574,.T.);
#2112=FACE_OUTER_BOUND('',#2575,.T.);
#2113=FACE_OUTER_BOUND('',#2576,.T.);
#2114=FACE_OUTER_BOUND('',#2578,.T.);
#2115=FACE_OUTER_BOUND('',#2580,.T.);
#2116=FACE_OUTER_BOUND('',#2582,.T.);
#2117=FACE_OUTER_BOUND('',#2584,.T.);
#2118=FACE_OUTER_BOUND('',#2586,.T.);
#2119=FACE_OUTER_BOUND('',#2588,.T.);
#2120=FACE_OUTER_BOUND('',#2589,.T.);
#2121=FACE_OUTER_BOUND('',#2590,.T.);
#2122=FACE_OUTER_BOUND('',#2591,.T.);
#2123=FACE_OUTER_BOUND('',#2592,.T.);
#2124=FACE_OUTER_BOUND('',#2593,.T.);
#2125=FACE_OUTER_BOUND('',#2594,.T.);
#2126=FACE_OUTER_BOUND('',#2595,.T.);
#2127=FACE_OUTER_BOUND('',#2596,.T.);
#2128=FACE_OUTER_BOUND('',#2598,.T.);
#2129=FACE_OUTER_BOUND('',#2599,.T.);
#2130=FACE_OUTER_BOUND('',#2600,.T.);
#2131=FACE_OUTER_BOUND('',#2601,.T.);
#2132=FACE_OUTER_BOUND('',#2602,.T.);
#2133=FACE_OUTER_BOUND('',#2603,.T.);
#2134=FACE_OUTER_BOUND('',#2604,.T.);
#2135=FACE_OUTER_BOUND('',#2605,.T.);
#2136=FACE_OUTER_BOUND('',#2607,.T.);
#2137=FACE_OUTER_BOUND('',#2608,.T.);
#2138=FACE_OUTER_BOUND('',#2609,.T.);
#2139=FACE_OUTER_BOUND('',#2610,.T.);
#2140=FACE_OUTER_BOUND('',#2611,.T.);
#2141=FACE_OUTER_BOUND('',#2612,.T.);
#2142=FACE_OUTER_BOUND('',#2613,.T.);
#2143=FACE_OUTER_BOUND('',#2614,.T.);
#2144=FACE_OUTER_BOUND('',#2616,.T.);
#2145=FACE_OUTER_BOUND('',#2617,.T.);
#2146=FACE_OUTER_BOUND('',#2618,.T.);
#2147=FACE_OUTER_BOUND('',#2619,.T.);
#2148=FACE_OUTER_BOUND('',#2620,.T.);
#2149=FACE_OUTER_BOUND('',#2621,.T.);
#2150=FACE_OUTER_BOUND('',#2622,.T.);
#2151=FACE_OUTER_BOUND('',#2623,.T.);
#2152=FACE_OUTER_BOUND('',#2625,.T.);
#2153=FACE_OUTER_BOUND('',#2626,.T.);
#2154=FACE_OUTER_BOUND('',#2627,.T.);
#2155=FACE_OUTER_BOUND('',#2628,.T.);
#2156=FACE_OUTER_BOUND('',#2629,.T.);
#2157=FACE_OUTER_BOUND('',#2630,.T.);
#2158=FACE_OUTER_BOUND('',#2631,.T.);
#2159=FACE_OUTER_BOUND('',#2632,.T.);
#2160=FACE_OUTER_BOUND('',#2634,.T.);
#2161=FACE_OUTER_BOUND('',#2635,.T.);
#2162=FACE_OUTER_BOUND('',#2636,.T.);
#2163=FACE_OUTER_BOUND('',#2637,.T.);
#2164=FACE_OUTER_BOUND('',#2638,.T.);
#2165=FACE_OUTER_BOUND('',#2639,.T.);
#2166=FACE_OUTER_BOUND('',#2640,.T.);
#2167=FACE_OUTER_BOUND('',#2641,.T.);
#2168=FACE_OUTER_BOUND('',#2642,.T.);
#2169=FACE_OUTER_BOUND('',#2643,.T.);
#2170=FACE_OUTER_BOUND('',#2644,.T.);
#2171=FACE_OUTER_BOUND('',#2645,.T.);
#2172=FACE_OUTER_BOUND('',#2646,.T.);
#2173=FACE_OUTER_BOUND('',#2647,.T.);
#2174=FACE_OUTER_BOUND('',#2648,.T.);
#2175=FACE_OUTER_BOUND('',#2649,.T.);
#2176=FACE_OUTER_BOUND('',#2650,.T.);
#2177=FACE_OUTER_BOUND('',#2651,.T.);
#2178=FACE_OUTER_BOUND('',#2652,.T.);
#2179=FACE_OUTER_BOUND('',#2653,.T.);
#2180=FACE_OUTER_BOUND('',#2654,.T.);
#2181=FACE_OUTER_BOUND('',#2655,.T.);
#2182=FACE_OUTER_BOUND('',#2656,.T.);
#2183=FACE_OUTER_BOUND('',#2657,.T.);
#2184=FACE_OUTER_BOUND('',#2658,.T.);
#2185=FACE_OUTER_BOUND('',#2659,.T.);
#2186=FACE_OUTER_BOUND('',#2660,.T.);
#2187=FACE_OUTER_BOUND('',#2668,.T.);
#2188=FACE_OUTER_BOUND('',#2669,.T.);
#2189=FACE_OUTER_BOUND('',#2670,.T.);
#2190=FACE_OUTER_BOUND('',#2671,.T.);
#2191=FACE_OUTER_BOUND('',#2672,.T.);
#2192=FACE_OUTER_BOUND('',#2673,.T.);
#2193=FACE_OUTER_BOUND('',#2674,.T.);
#2194=FACE_OUTER_BOUND('',#2675,.T.);
#2195=FACE_OUTER_BOUND('',#2676,.T.);
#2196=FACE_OUTER_BOUND('',#2677,.T.);
#2197=FACE_OUTER_BOUND('',#2678,.T.);
#2198=FACE_OUTER_BOUND('',#2679,.T.);
#2199=FACE_OUTER_BOUND('',#2680,.T.);
#2200=FACE_OUTER_BOUND('',#2681,.T.);
#2201=FACE_OUTER_BOUND('',#2682,.T.);
#2202=FACE_OUTER_BOUND('',#2683,.T.);
#2203=FACE_OUTER_BOUND('',#2684,.T.);
#2204=FACE_OUTER_BOUND('',#2685,.T.);
#2205=FACE_OUTER_BOUND('',#2686,.T.);
#2206=FACE_OUTER_BOUND('',#2687,.T.);
#2207=FACE_OUTER_BOUND('',#2688,.T.);
#2208=FACE_OUTER_BOUND('',#2689,.T.);
#2209=FACE_OUTER_BOUND('',#2690,.T.);
#2210=FACE_OUTER_BOUND('',#2691,.T.);
#2211=FACE_OUTER_BOUND('',#2692,.T.);
#2212=FACE_OUTER_BOUND('',#2693,.T.);
#2213=FACE_OUTER_BOUND('',#2694,.T.);
#2214=FACE_OUTER_BOUND('',#2695,.T.);
#2215=FACE_OUTER_BOUND('',#2696,.T.);
#2216=FACE_OUTER_BOUND('',#2697,.T.);
#2217=FACE_OUTER_BOUND('',#2698,.T.);
#2218=FACE_OUTER_BOUND('',#2699,.T.);
#2219=FACE_OUTER_BOUND('',#2700,.T.);
#2220=FACE_OUTER_BOUND('',#2701,.T.);
#2221=FACE_OUTER_BOUND('',#2702,.T.);
#2222=FACE_OUTER_BOUND('',#2703,.T.);
#2223=FACE_OUTER_BOUND('',#2704,.T.);
#2224=FACE_OUTER_BOUND('',#2705,.T.);
#2225=FACE_OUTER_BOUND('',#2706,.T.);
#2226=FACE_OUTER_BOUND('',#2707,.T.);
#2227=FACE_OUTER_BOUND('',#2708,.T.);
#2228=FACE_OUTER_BOUND('',#2709,.T.);
#2229=FACE_OUTER_BOUND('',#2710,.T.);
#2230=FACE_OUTER_BOUND('',#2711,.T.);
#2231=FACE_OUTER_BOUND('',#2712,.T.);
#2232=FACE_OUTER_BOUND('',#2713,.T.);
#2233=FACE_OUTER_BOUND('',#2714,.T.);
#2234=FACE_OUTER_BOUND('',#2715,.T.);
#2235=FACE_OUTER_BOUND('',#2717,.T.);
#2236=FACE_OUTER_BOUND('',#2718,.T.);
#2237=FACE_OUTER_BOUND('',#2719,.T.);
#2238=FACE_OUTER_BOUND('',#2720,.T.);
#2239=FACE_OUTER_BOUND('',#2721,.T.);
#2240=FACE_OUTER_BOUND('',#2722,.T.);
#2241=FACE_OUTER_BOUND('',#2723,.T.);
#2242=FACE_OUTER_BOUND('',#2724,.T.);
#2243=FACE_OUTER_BOUND('',#2725,.T.);
#2244=FACE_OUTER_BOUND('',#2726,.T.);
#2245=FACE_OUTER_BOUND('',#2728,.T.);
#2246=FACE_OUTER_BOUND('',#2729,.T.);
#2247=FACE_OUTER_BOUND('',#2730,.T.);
#2248=FACE_OUTER_BOUND('',#2731,.T.);
#2249=FACE_OUTER_BOUND('',#2732,.T.);
#2250=FACE_OUTER_BOUND('',#2733,.T.);
#2251=FACE_OUTER_BOUND('',#2734,.T.);
#2252=FACE_OUTER_BOUND('',#2735,.T.);
#2253=FACE_OUTER_BOUND('',#2736,.T.);
#2254=FACE_OUTER_BOUND('',#2737,.T.);
#2255=FACE_OUTER_BOUND('',#2738,.T.);
#2256=FACE_OUTER_BOUND('',#2739,.T.);
#2257=FACE_OUTER_BOUND('',#2740,.T.);
#2258=FACE_OUTER_BOUND('',#2741,.T.);
#2259=FACE_OUTER_BOUND('',#2742,.T.);
#2260=FACE_OUTER_BOUND('',#2743,.T.);
#2261=FACE_OUTER_BOUND('',#2744,.T.);
#2262=FACE_OUTER_BOUND('',#2745,.T.);
#2263=FACE_OUTER_BOUND('',#2746,.T.);
#2264=FACE_OUTER_BOUND('',#2747,.T.);
#2265=FACE_OUTER_BOUND('',#2748,.T.);
#2266=FACE_OUTER_BOUND('',#2749,.T.);
#2267=FACE_OUTER_BOUND('',#2750,.T.);
#2268=FACE_OUTER_BOUND('',#2751,.T.);
#2269=FACE_OUTER_BOUND('',#2752,.T.);
#2270=FACE_OUTER_BOUND('',#2753,.T.);
#2271=FACE_OUTER_BOUND('',#2754,.T.);
#2272=FACE_OUTER_BOUND('',#2755,.T.);
#2273=FACE_OUTER_BOUND('',#2756,.T.);
#2274=FACE_OUTER_BOUND('',#2757,.T.);
#2275=FACE_OUTER_BOUND('',#2758,.T.);
#2276=FACE_OUTER_BOUND('',#2759,.T.);
#2277=FACE_OUTER_BOUND('',#2760,.T.);
#2278=FACE_OUTER_BOUND('',#2761,.T.);
#2279=FACE_OUTER_BOUND('',#2762,.T.);
#2280=FACE_OUTER_BOUND('',#2763,.T.);
#2281=FACE_OUTER_BOUND('',#2764,.T.);
#2282=FACE_OUTER_BOUND('',#2765,.T.);
#2283=FACE_OUTER_BOUND('',#2766,.T.);
#2284=FACE_OUTER_BOUND('',#2767,.T.);
#2285=FACE_OUTER_BOUND('',#2768,.T.);
#2286=FACE_OUTER_BOUND('',#2769,.T.);
#2287=FACE_OUTER_BOUND('',#2770,.T.);
#2288=FACE_OUTER_BOUND('',#2771,.T.);
#2289=FACE_OUTER_BOUND('',#2772,.T.);
#2290=FACE_OUTER_BOUND('',#2773,.T.);
#2291=FACE_OUTER_BOUND('',#2774,.T.);
#2292=FACE_OUTER_BOUND('',#2775,.T.);
#2293=FACE_OUTER_BOUND('',#2776,.T.);
#2294=FACE_OUTER_BOUND('',#2777,.T.);
#2295=FACE_OUTER_BOUND('',#2778,.T.);
#2296=FACE_OUTER_BOUND('',#2780,.T.);
#2297=FACE_OUTER_BOUND('',#2781,.T.);
#2298=FACE_OUTER_BOUND('',#2782,.T.);
#2299=FACE_OUTER_BOUND('',#2783,.T.);
#2300=FACE_OUTER_BOUND('',#2784,.T.);
#2301=FACE_OUTER_BOUND('',#2785,.T.);
#2302=FACE_OUTER_BOUND('',#2786,.T.);
#2303=FACE_OUTER_BOUND('',#2787,.T.);
#2304=FACE_OUTER_BOUND('',#2788,.T.);
#2305=FACE_OUTER_BOUND('',#2790,.T.);
#2306=FACE_OUTER_BOUND('',#2791,.T.);
#2307=FACE_OUTER_BOUND('',#2792,.T.);
#2308=FACE_OUTER_BOUND('',#2793,.T.);
#2309=FACE_OUTER_BOUND('',#2794,.T.);
#2310=FACE_OUTER_BOUND('',#2795,.T.);
#2311=FACE_OUTER_BOUND('',#2796,.T.);
#2312=FACE_OUTER_BOUND('',#2797,.T.);
#2313=FACE_OUTER_BOUND('',#2798,.T.);
#2314=FACE_OUTER_BOUND('',#2799,.T.);
#2315=FACE_OUTER_BOUND('',#2800,.T.);
#2316=FACE_OUTER_BOUND('',#2801,.T.);
#2317=FACE_OUTER_BOUND('',#2803,.T.);
#2318=FACE_OUTER_BOUND('',#2804,.T.);
#2319=FACE_OUTER_BOUND('',#2805,.T.);
#2320=FACE_OUTER_BOUND('',#2806,.T.);
#2321=FACE_OUTER_BOUND('',#2807,.T.);
#2322=FACE_OUTER_BOUND('',#2808,.T.);
#2323=FACE_OUTER_BOUND('',#2809,.T.);
#2324=FACE_OUTER_BOUND('',#2810,.T.);
#2325=FACE_OUTER_BOUND('',#2811,.T.);
#2326=FACE_OUTER_BOUND('',#2812,.T.);
#2327=FACE_OUTER_BOUND('',#2813,.T.);
#2328=FACE_OUTER_BOUND('',#2814,.T.);
#2329=FACE_OUTER_BOUND('',#2815,.T.);
#2330=FACE_OUTER_BOUND('',#2816,.T.);
#2331=FACE_OUTER_BOUND('',#2817,.T.);
#2332=FACE_OUTER_BOUND('',#2818,.T.);
#2333=FACE_OUTER_BOUND('',#2819,.T.);
#2334=FACE_OUTER_BOUND('',#2820,.T.);
#2335=FACE_OUTER_BOUND('',#2821,.T.);
#2336=FACE_OUTER_BOUND('',#2822,.T.);
#2337=FACE_OUTER_BOUND('',#2823,.T.);
#2338=FACE_OUTER_BOUND('',#2824,.T.);
#2339=FACE_OUTER_BOUND('',#2825,.T.);
#2340=FACE_OUTER_BOUND('',#2826,.T.);
#2341=FACE_OUTER_BOUND('',#2827,.T.);
#2342=FACE_OUTER_BOUND('',#2828,.T.);
#2343=FACE_OUTER_BOUND('',#2829,.T.);
#2344=FACE_OUTER_BOUND('',#2830,.T.);
#2345=FACE_OUTER_BOUND('',#2831,.T.);
#2346=FACE_OUTER_BOUND('',#2832,.T.);
#2347=FACE_OUTER_BOUND('',#2833,.T.);
#2348=FACE_OUTER_BOUND('',#2834,.T.);
#2349=FACE_OUTER_BOUND('',#2835,.T.);
#2350=FACE_OUTER_BOUND('',#2836,.T.);
#2351=FACE_OUTER_BOUND('',#2837,.T.);
#2352=FACE_OUTER_BOUND('',#2838,.T.);
#2353=FACE_OUTER_BOUND('',#2839,.T.);
#2354=FACE_OUTER_BOUND('',#2840,.T.);
#2355=FACE_OUTER_BOUND('',#2841,.T.);
#2356=FACE_OUTER_BOUND('',#2842,.T.);
#2357=FACE_OUTER_BOUND('',#2843,.T.);
#2358=FACE_OUTER_BOUND('',#2844,.T.);
#2359=FACE_OUTER_BOUND('',#2845,.T.);
#2360=FACE_OUTER_BOUND('',#2846,.T.);
#2361=FACE_OUTER_BOUND('',#2847,.T.);
#2362=FACE_OUTER_BOUND('',#2848,.T.);
#2363=FACE_OUTER_BOUND('',#2849,.T.);
#2364=FACE_OUTER_BOUND('',#2851,.T.);
#2365=FACE_OUTER_BOUND('',#2852,.T.);
#2366=FACE_OUTER_BOUND('',#2853,.T.);
#2367=FACE_OUTER_BOUND('',#2854,.T.);
#2368=FACE_OUTER_BOUND('',#2855,.T.);
#2369=FACE_OUTER_BOUND('',#2856,.T.);
#2370=FACE_OUTER_BOUND('',#2857,.T.);
#2371=FACE_OUTER_BOUND('',#2858,.T.);
#2372=FACE_OUTER_BOUND('',#2859,.T.);
#2373=FACE_OUTER_BOUND('',#2860,.T.);
#2374=FACE_OUTER_BOUND('',#2861,.T.);
#2375=FACE_OUTER_BOUND('',#2862,.T.);
#2376=FACE_OUTER_BOUND('',#2863,.T.);
#2377=FACE_OUTER_BOUND('',#2864,.T.);
#2378=FACE_OUTER_BOUND('',#2865,.T.);
#2379=FACE_OUTER_BOUND('',#2866,.T.);
#2380=FACE_OUTER_BOUND('',#2867,.T.);
#2381=FACE_OUTER_BOUND('',#2868,.T.);
#2382=FACE_OUTER_BOUND('',#2869,.T.);
#2383=FACE_OUTER_BOUND('',#2870,.T.);
#2384=FACE_OUTER_BOUND('',#2871,.T.);
#2385=FACE_OUTER_BOUND('',#2872,.T.);
#2386=FACE_OUTER_BOUND('',#2873,.T.);
#2387=FACE_OUTER_BOUND('',#2874,.T.);
#2388=FACE_OUTER_BOUND('',#2875,.T.);
#2389=FACE_OUTER_BOUND('',#2876,.T.);
#2390=FACE_OUTER_BOUND('',#2877,.T.);
#2391=FACE_OUTER_BOUND('',#2878,.T.);
#2392=FACE_OUTER_BOUND('',#2879,.T.);
#2393=FACE_OUTER_BOUND('',#2880,.T.);
#2394=FACE_OUTER_BOUND('',#2881,.T.);
#2395=FACE_OUTER_BOUND('',#2882,.T.);
#2396=FACE_OUTER_BOUND('',#2883,.T.);
#2397=FACE_OUTER_BOUND('',#2884,.T.);
#2398=FACE_OUTER_BOUND('',#2885,.T.);
#2399=FACE_OUTER_BOUND('',#2886,.T.);
#2400=FACE_OUTER_BOUND('',#2887,.T.);
#2401=FACE_OUTER_BOUND('',#2888,.T.);
#2402=FACE_OUTER_BOUND('',#2889,.T.);
#2403=FACE_OUTER_BOUND('',#2890,.T.);
#2404=FACE_OUTER_BOUND('',#2891,.T.);
#2405=FACE_OUTER_BOUND('',#2892,.T.);
#2406=FACE_OUTER_BOUND('',#2893,.T.);
#2407=FACE_OUTER_BOUND('',#2894,.T.);
#2408=FACE_OUTER_BOUND('',#2895,.T.);
#2409=FACE_OUTER_BOUND('',#2896,.T.);
#2410=FACE_OUTER_BOUND('',#2897,.T.);
#2411=FACE_OUTER_BOUND('',#2898,.T.);
#2412=FACE_OUTER_BOUND('',#2899,.T.);
#2413=FACE_OUTER_BOUND('',#2900,.T.);
#2414=FACE_OUTER_BOUND('',#2901,.T.);
#2415=FACE_OUTER_BOUND('',#2902,.T.);
#2416=FACE_OUTER_BOUND('',#2903,.T.);
#2417=FACE_OUTER_BOUND('',#2904,.T.);
#2418=FACE_OUTER_BOUND('',#2905,.T.);
#2419=FACE_OUTER_BOUND('',#2906,.T.);
#2420=FACE_OUTER_BOUND('',#2907,.T.);
#2421=FACE_OUTER_BOUND('',#2908,.T.);
#2422=FACE_OUTER_BOUND('',#2910,.T.);
#2423=FACE_OUTER_BOUND('',#2911,.T.);
#2424=FACE_OUTER_BOUND('',#2913,.T.);
#2425=FACE_OUTER_BOUND('',#2914,.T.);
#2426=FACE_OUTER_BOUND('',#2915,.T.);
#2427=FACE_OUTER_BOUND('',#2916,.T.);
#2428=EDGE_LOOP('',(#5013));
#2429=EDGE_LOOP('',(#5014,#5015,#5016,#5017));
#2430=EDGE_LOOP('',(#5018));
#2431=EDGE_LOOP('',(#5019));
#2432=EDGE_LOOP('',(#5020,#5021,#5022,#5023,#5024,#5025,#5026,#5027));
#2433=EDGE_LOOP('',(#5028));
#2434=EDGE_LOOP('',(#5029,#5030,#5031,#5032));
#2435=EDGE_LOOP('',(#5033,#5034,#5035,#5036));
#2436=EDGE_LOOP('',(#5037,#5038,#5039,#5040));
#2437=EDGE_LOOP('',(#5041,#5042,#5043,#5044));
#2438=EDGE_LOOP('',(#5045,#5046,#5047,#5048,#5049));
#2439=EDGE_LOOP('',(#5050,#5051,#5052,#5053));
#2440=EDGE_LOOP('',(#5054));
#2441=EDGE_LOOP('',(#5055,#5056,#5057,#5058,#5059));
#2442=EDGE_LOOP('',(#5060,#5061,#5062,#5063,#5064,#5065,#5066,#5067,#5068,
#5069,#5070,#5071));
#2443=EDGE_LOOP('',(#5072,#5073,#5074,#5075,#5076,#5077,#5078,#5079));
#2444=EDGE_LOOP('',(#5080,#5081,#5082,#5083));
#2445=EDGE_LOOP('',(#5084,#5085,#5086,#5087));
#2446=EDGE_LOOP('',(#5088,#5089,#5090,#5091));
#2447=EDGE_LOOP('',(#5092,#5093,#5094,#5095,#5096));
#2448=EDGE_LOOP('',(#5097,#5098,#5099,#5100,#5101,#5102,#5103,#5104,#5105,
#5106,#5107,#5108,#5109,#5110,#5111,#5112));
#2449=EDGE_LOOP('',(#5113,#5114,#5115,#5116,#5117));
#2450=EDGE_LOOP('',(#5118,#5119,#5120,#5121));
#2451=EDGE_LOOP('',(#5122,#5123,#5124,#5125));
#2452=EDGE_LOOP('',(#5126,#5127,#5128,#5129));
#2453=EDGE_LOOP('',(#5130,#5131,#5132));
#2454=EDGE_LOOP('',(#5133,#5134));
#2455=EDGE_LOOP('',(#5135,#5136,#5137,#5138));
#2456=EDGE_LOOP('',(#5139,#5140,#5141,#5142));
#2457=EDGE_LOOP('',(#5143,#5144,#5145,#5146));
#2458=EDGE_LOOP('',(#5147,#5148,#5149,#5150,#5151));
#2459=EDGE_LOOP('',(#5152,#5153,#5154,#5155,#5156,#5157,#5158,#5159,#5160,
#5161,#5162,#5163,#5164,#5165,#5166,#5167));
#2460=EDGE_LOOP('',(#5168,#5169,#5170,#5171,#5172));
#2461=EDGE_LOOP('',(#5173,#5174,#5175,#5176));
#2462=EDGE_LOOP('',(#5177,#5178,#5179,#5180));
#2463=EDGE_LOOP('',(#5181,#5182,#5183,#5184));
#2464=EDGE_LOOP('',(#5185,#5186,#5187,#5188,#5189,#5190,#5191,#5192,#5193,
#5194,#5195,#5196,#5197,#5198,#5199,#5200,#5201,#5202,#5203,#5204,#5205,
#5206,#5207,#5208));
#2465=EDGE_LOOP('',(#5209,#5210,#5211,#5212,#5213,#5214,#5215,#5216));
#2466=EDGE_LOOP('',(#5217,#5218,#5219,#5220,#5221,#5222,#5223,#5224,#5225,
#5226));
#2467=EDGE_LOOP('',(#5227));
#2468=EDGE_LOOP('',(#5228));
#2469=EDGE_LOOP('',(#5229));
#2470=EDGE_LOOP('',(#5230));
#2471=EDGE_LOOP('',(#5231));
#2472=EDGE_LOOP('',(#5232));
#2473=EDGE_LOOP('',(#5233));
#2474=EDGE_LOOP('',(#5234,#5235,#5236,#5237));
#2475=EDGE_LOOP('',(#5238,#5239,#5240,#5241));
#2476=EDGE_LOOP('',(#5242,#5243,#5244,#5245,#5246,#5247,#5248,#5249,#5250,
#5251,#5252,#5253,#5254,#5255,#5256,#5257,#5258,#5259));
#2477=EDGE_LOOP('',(#5260));
#2478=EDGE_LOOP('',(#5261));
#2479=EDGE_LOOP('',(#5262));
#2480=EDGE_LOOP('',(#5263));
#2481=EDGE_LOOP('',(#5264));
#2482=EDGE_LOOP('',(#5265));
#2483=EDGE_LOOP('',(#5266));
#2484=EDGE_LOOP('',(#5267,#5268,#5269,#5270));
#2485=EDGE_LOOP('',(#5271,#5272,#5273,#5274));
#2486=EDGE_LOOP('',(#5275));
#2487=EDGE_LOOP('',(#5276));
#2488=EDGE_LOOP('',(#5277));
#2489=EDGE_LOOP('',(#5278));
#2490=EDGE_LOOP('',(#5279));
#2491=EDGE_LOOP('',(#5280));
#2492=EDGE_LOOP('',(#5281));
#2493=EDGE_LOOP('',(#5282));
#2494=EDGE_LOOP('',(#5283,#5284,#5285,#5286));
#2495=EDGE_LOOP('',(#5287));
#2496=EDGE_LOOP('',(#5288));
#2497=EDGE_LOOP('',(#5289));
#2498=EDGE_LOOP('',(#5290));
#2499=EDGE_LOOP('',(#5291));
#2500=EDGE_LOOP('',(#5292));
#2501=EDGE_LOOP('',(#5293));
#2502=EDGE_LOOP('',(#5294));
#2503=EDGE_LOOP('',(#5295,#5296,#5297,#5298));
#2504=EDGE_LOOP('',(#5299,#5300,#5301,#5302));
#2505=EDGE_LOOP('',(#5303,#5304,#5305,#5306));
#2506=EDGE_LOOP('',(#5307,#5308,#5309,#5310,#5311));
#2507=EDGE_LOOP('',(#5312,#5313,#5314,#5315,#5316));
#2508=EDGE_LOOP('',(#5317,#5318,#5319,#5320,#5321));
#2509=EDGE_LOOP('',(#5322,#5323,#5324,#5325,#5326));
#2510=EDGE_LOOP('',(#5327,#5328,#5329,#5330,#5331));
#2511=EDGE_LOOP('',(#5332,#5333,#5334,#5335,#5336));
#2512=EDGE_LOOP('',(#5337,#5338,#5339,#5340,#5341));
#2513=EDGE_LOOP('',(#5342,#5343,#5344,#5345,#5346));
#2514=EDGE_LOOP('',(#5347));
#2515=EDGE_LOOP('',(#5348));
#2516=EDGE_LOOP('',(#5349));
#2517=EDGE_LOOP('',(#5350));
#2518=EDGE_LOOP('',(#5351));
#2519=EDGE_LOOP('',(#5352));
#2520=EDGE_LOOP('',(#5353));
#2521=EDGE_LOOP('',(#5354));
#2522=EDGE_LOOP('',(#5355,#5356,#5357,#5358));
#2523=EDGE_LOOP('',(#5359));
#2524=EDGE_LOOP('',(#5360));
#2525=EDGE_LOOP('',(#5361));
#2526=EDGE_LOOP('',(#5362));
#2527=EDGE_LOOP('',(#5363));
#2528=EDGE_LOOP('',(#5364));
#2529=EDGE_LOOP('',(#5365));
#2530=EDGE_LOOP('',(#5366));
#2531=EDGE_LOOP('',(#5367,#5368,#5369,#5370));
#2532=EDGE_LOOP('',(#5371,#5372,#5373,#5374));
#2533=EDGE_LOOP('',(#5375,#5376,#5377,#5378));
#2534=EDGE_LOOP('',(#5379,#5380,#5381,#5382,#5383));
#2535=EDGE_LOOP('',(#5384,#5385,#5386,#5387,#5388));
#2536=EDGE_LOOP('',(#5389,#5390,#5391,#5392,#5393,#5394,#5395,#5396,#5397,
#5398));
#2537=EDGE_LOOP('',(#5399));
#2538=EDGE_LOOP('',(#5400));
#2539=EDGE_LOOP('',(#5401));
#2540=EDGE_LOOP('',(#5402));
#2541=EDGE_LOOP('',(#5403));
#2542=EDGE_LOOP('',(#5404));
#2543=EDGE_LOOP('',(#5405));
#2544=EDGE_LOOP('',(#5406,#5407,#5408,#5409,#5410));
#2545=EDGE_LOOP('',(#5411,#5412,#5413,#5414,#5415));
#2546=EDGE_LOOP('',(#5416,#5417,#5418,#5419,#5420));
#2547=EDGE_LOOP('',(#5421,#5422,#5423,#5424,#5425));
#2548=EDGE_LOOP('',(#5426,#5427,#5428,#5429,#5430));
#2549=EDGE_LOOP('',(#5431,#5432,#5433,#5434,#5435));
#2550=EDGE_LOOP('',(#5436,#5437,#5438,#5439));
#2551=EDGE_LOOP('',(#5440,#5441,#5442,#5443));
#2552=EDGE_LOOP('',(#5444,#5445,#5446,#5447,#5448,#5449,#5450,#5451,#5452,
#5453,#5454));
#2553=EDGE_LOOP('',(#5455,#5456,#5457,#5458,#5459,#5460,#5461,#5462,#5463,
#5464,#5465));
#2554=EDGE_LOOP('',(#5466,#5467,#5468,#5469));
#2555=EDGE_LOOP('',(#5470,#5471,#5472,#5473));
#2556=EDGE_LOOP('',(#5474,#5475,#5476,#5477));
#2557=EDGE_LOOP('',(#5478,#5479,#5480,#5481,#5482,#5483,#5484,#5485,#5486,
#5487,#5488,#5489,#5490));
#2558=EDGE_LOOP('',(#5491,#5492,#5493,#5494,#5495,#5496,#5497,#5498,#5499,
#5500,#5501,#5502,#5503));
#2559=EDGE_LOOP('',(#5504,#5505,#5506,#5507,#5508,#5509,#5510));
#2560=EDGE_LOOP('',(#5511,#5512,#5513,#5514,#5515,#5516,#5517,#5518,#5519,
#5520,#5521,#5522,#5523,#5524,#5525,#5526,#5527,#5528,#5529,#5530));
#2561=EDGE_LOOP('',(#5531,#5532,#5533,#5534,#5535,#5536,#5537,#5538));
#2562=EDGE_LOOP('',(#5539,#5540,#5541,#5542,#5543,#5544,#5545,#5546));
#2563=EDGE_LOOP('',(#5547,#5548,#5549,#5550));
#2564=EDGE_LOOP('',(#5551,#5552,#5553,#5554));
#2565=EDGE_LOOP('',(#5555,#5556,#5557,#5558));
#2566=EDGE_LOOP('',(#5559,#5560,#5561,#5562,#5563,#5564,#5565,#5566));
#2567=EDGE_LOOP('',(#5567,#5568,#5569,#5570));
#2568=EDGE_LOOP('',(#5571,#5572,#5573,#5574,#5575,#5576));
#2569=EDGE_LOOP('',(#5577));
#2570=EDGE_LOOP('',(#5578,#5579,#5580,#5581));
#2571=EDGE_LOOP('',(#5582,#5583,#5584,#5585));
#2572=EDGE_LOOP('',(#5586,#5587,#5588,#5589));
#2573=EDGE_LOOP('',(#5590,#5591,#5592,#5593));
#2574=EDGE_LOOP('',(#5594,#5595,#5596,#5597));
#2575=EDGE_LOOP('',(#5598,#5599,#5600,#5601));
#2576=EDGE_LOOP('',(#5602,#5603,#5604,#5605,#5606,#5607,#5608,#5609));
#2577=EDGE_LOOP('',(#5610,#5611,#5612,#5613,#5614,#5615));
#2578=EDGE_LOOP('',(#5616,#5617,#5618,#5619,#5620,#5621,#5622,#5623));
#2579=EDGE_LOOP('',(#5624,#5625,#5626,#5627,#5628,#5629));
#2580=EDGE_LOOP('',(#5630,#5631,#5632,#5633,#5634,#5635,#5636,#5637));
#2581=EDGE_LOOP('',(#5638,#5639,#5640,#5641,#5642,#5643));
#2582=EDGE_LOOP('',(#5644,#5645,#5646,#5647,#5648,#5649,#5650,#5651));
#2583=EDGE_LOOP('',(#5652,#5653,#5654,#5655,#5656,#5657));
#2584=EDGE_LOOP('',(#5658,#5659,#5660,#5661,#5662,#5663,#5664,#5665));
#2585=EDGE_LOOP('',(#5666,#5667,#5668,#5669,#5670,#5671));
#2586=EDGE_LOOP('',(#5672,#5673,#5674,#5675,#5676,#5677,#5678,#5679));
#2587=EDGE_LOOP('',(#5680,#5681,#5682,#5683,#5684,#5685));
#2588=EDGE_LOOP('',(#5686,#5687,#5688,#5689,#5690,#5691,#5692,#5693,#5694,
#5695,#5696,#5697,#5698,#5699));
#2589=EDGE_LOOP('',(#5700,#5701,#5702,#5703,#5704,#5705,#5706,#5707,#5708,
#5709,#5710,#5711,#5712,#5713));
#2590=EDGE_LOOP('',(#5714,#5715,#5716,#5717));
#2591=EDGE_LOOP('',(#5718,#5719,#5720,#5721));
#2592=EDGE_LOOP('',(#5722,#5723,#5724,#5725));
#2593=EDGE_LOOP('',(#5726,#5727,#5728,#5729));
#2594=EDGE_LOOP('',(#5730,#5731,#5732,#5733));
#2595=EDGE_LOOP('',(#5734,#5735,#5736,#5737));
#2596=EDGE_LOOP('',(#5738,#5739,#5740,#5741,#5742,#5743));
#2597=EDGE_LOOP('',(#5744));
#2598=EDGE_LOOP('',(#5745,#5746,#5747,#5748));
#2599=EDGE_LOOP('',(#5749,#5750,#5751,#5752));
#2600=EDGE_LOOP('',(#5753,#5754,#5755,#5756));
#2601=EDGE_LOOP('',(#5757,#5758,#5759,#5760));
#2602=EDGE_LOOP('',(#5761,#5762,#5763,#5764));
#2603=EDGE_LOOP('',(#5765,#5766,#5767,#5768));
#2604=EDGE_LOOP('',(#5769,#5770,#5771,#5772));
#2605=EDGE_LOOP('',(#5773,#5774,#5775,#5776,#5777,#5778));
#2606=EDGE_LOOP('',(#5779));
#2607=EDGE_LOOP('',(#5780,#5781,#5782,#5783));
#2608=EDGE_LOOP('',(#5784,#5785,#5786,#5787));
#2609=EDGE_LOOP('',(#5788,#5789,#5790,#5791));
#2610=EDGE_LOOP('',(#5792,#5793,#5794,#5795));
#2611=EDGE_LOOP('',(#5796,#5797,#5798,#5799));
#2612=EDGE_LOOP('',(#5800,#5801,#5802,#5803));
#2613=EDGE_LOOP('',(#5804,#5805,#5806,#5807));
#2614=EDGE_LOOP('',(#5808,#5809,#5810,#5811,#5812,#5813));
#2615=EDGE_LOOP('',(#5814));
#2616=EDGE_LOOP('',(#5815,#5816,#5817,#5818));
#2617=EDGE_LOOP('',(#5819,#5820,#5821,#5822));
#2618=EDGE_LOOP('',(#5823,#5824,#5825,#5826));
#2619=EDGE_LOOP('',(#5827,#5828,#5829,#5830));
#2620=EDGE_LOOP('',(#5831,#5832,#5833,#5834));
#2621=EDGE_LOOP('',(#5835,#5836,#5837,#5838));
#2622=EDGE_LOOP('',(#5839,#5840,#5841,#5842));
#2623=EDGE_LOOP('',(#5843,#5844,#5845,#5846,#5847,#5848));
#2624=EDGE_LOOP('',(#5849));
#2625=EDGE_LOOP('',(#5850,#5851,#5852,#5853));
#2626=EDGE_LOOP('',(#5854,#5855,#5856,#5857));
#2627=EDGE_LOOP('',(#5858,#5859,#5860,#5861));
#2628=EDGE_LOOP('',(#5862,#5863,#5864,#5865));
#2629=EDGE_LOOP('',(#5866,#5867,#5868,#5869));
#2630=EDGE_LOOP('',(#5870,#5871,#5872,#5873));
#2631=EDGE_LOOP('',(#5874,#5875,#5876,#5877));
#2632=EDGE_LOOP('',(#5878,#5879,#5880,#5881,#5882,#5883));
#2633=EDGE_LOOP('',(#5884));
#2634=EDGE_LOOP('',(#5885,#5886,#5887,#5888));
#2635=EDGE_LOOP('',(#5889,#5890,#5891,#5892,#5893,#5894,#5895,#5896,#5897,
#5898,#5899,#5900,#5901,#5902,#5903,#5904));
#2636=EDGE_LOOP('',(#5905,#5906,#5907,#5908));
#2637=EDGE_LOOP('',(#5909,#5910,#5911,#5912));
#2638=EDGE_LOOP('',(#5913,#5914,#5915));
#2639=EDGE_LOOP('',(#5916,#5917,#5918));
#2640=EDGE_LOOP('',(#5919,#5920,#5921));
#2641=EDGE_LOOP('',(#5922,#5923,#5924));
#2642=EDGE_LOOP('',(#5925,#5926,#5927,#5928,#5929,#5930,#5931,#5932));
#2643=EDGE_LOOP('',(#5933,#5934,#5935,#5936,#5937,#5938,#5939,#5940));
#2644=EDGE_LOOP('',(#5941,#5942,#5943,#5944,#5945,#5946,#5947,#5948));
#2645=EDGE_LOOP('',(#5949,#5950,#5951,#5952,#5953,#5954,#5955,#5956));
#2646=EDGE_LOOP('',(#5957,#5958,#5959,#5960,#5961,#5962,#5963,#5964));
#2647=EDGE_LOOP('',(#5965,#5966,#5967,#5968,#5969,#5970,#5971,#5972));
#2648=EDGE_LOOP('',(#5973,#5974,#5975,#5976,#5977,#5978,#5979,#5980));
#2649=EDGE_LOOP('',(#5981,#5982,#5983,#5984,#5985,#5986,#5987,#5988));
#2650=EDGE_LOOP('',(#5989,#5990,#5991));
#2651=EDGE_LOOP('',(#5992,#5993,#5994));
#2652=EDGE_LOOP('',(#5995,#5996,#5997));
#2653=EDGE_LOOP('',(#5998,#5999,#6000));
#2654=EDGE_LOOP('',(#6001,#6002,#6003,#6004,#6005,#6006,#6007,#6008,#6009,
#6010,#6011,#6012,#6013,#6014,#6015,#6016,#6017,#6018,#6019,#6020,#6021,
#6022,#6023));
#2655=EDGE_LOOP('',(#6024,#6025,#6026,#6027,#6028,#6029,#6030,#6031,#6032,
#6033,#6034,#6035,#6036,#6037,#6038,#6039,#6040,#6041,#6042,#6043,#6044,
#6045,#6046));
#2656=EDGE_LOOP('',(#6047,#6048,#6049,#6050));
#2657=EDGE_LOOP('',(#6051,#6052,#6053,#6054,#6055,#6056,#6057,#6058,#6059,
#6060,#6061,#6062,#6063,#6064,#6065,#6066,#6067,#6068,#6069,#6070,#6071,
#6072,#6073,#6074,#6075,#6076,#6077,#6078,#6079,#6080,#6081,#6082));
#2658=EDGE_LOOP('',(#6083,#6084,#6085,#6086));
#2659=EDGE_LOOP('',(#6087,#6088,#6089,#6090,#6091));
#2660=EDGE_LOOP('',(#6092,#6093,#6094,#6095,#6096,#6097,#6098,#6099,#6100,
#6101,#6102,#6103,#6104,#6105,#6106,#6107,#6108,#6109));
#2661=EDGE_LOOP('',(#6110));
#2662=EDGE_LOOP('',(#6111));
#2663=EDGE_LOOP('',(#6112));
#2664=EDGE_LOOP('',(#6113));
#2665=EDGE_LOOP('',(#6114));
#2666=EDGE_LOOP('',(#6115));
#2667=EDGE_LOOP('',(#6116));
#2668=EDGE_LOOP('',(#6117,#6118,#6119,#6120));
#2669=EDGE_LOOP('',(#6121,#6122,#6123,#6124));
#2670=EDGE_LOOP('',(#6125,#6126,#6127,#6128));
#2671=EDGE_LOOP('',(#6129,#6130,#6131,#6132));
#2672=EDGE_LOOP('',(#6133,#6134,#6135,#6136));
#2673=EDGE_LOOP('',(#6137,#6138,#6139,#6140));
#2674=EDGE_LOOP('',(#6141,#6142,#6143,#6144));
#2675=EDGE_LOOP('',(#6145,#6146,#6147,#6148));
#2676=EDGE_LOOP('',(#6149,#6150,#6151,#6152));
#2677=EDGE_LOOP('',(#6153,#6154,#6155,#6156));
#2678=EDGE_LOOP('',(#6157,#6158,#6159,#6160));
#2679=EDGE_LOOP('',(#6161,#6162,#6163,#6164));
#2680=EDGE_LOOP('',(#6165,#6166,#6167,#6168));
#2681=EDGE_LOOP('',(#6169,#6170,#6171,#6172));
#2682=EDGE_LOOP('',(#6173,#6174,#6175,#6176,#6177));
#2683=EDGE_LOOP('',(#6178,#6179,#6180,#6181));
#2684=EDGE_LOOP('',(#6182,#6183,#6184,#6185));
#2685=EDGE_LOOP('',(#6186,#6187,#6188,#6189));
#2686=EDGE_LOOP('',(#6190,#6191,#6192,#6193));
#2687=EDGE_LOOP('',(#6194,#6195,#6196,#6197));
#2688=EDGE_LOOP('',(#6198,#6199,#6200,#6201));
#2689=EDGE_LOOP('',(#6202,#6203,#6204,#6205));
#2690=EDGE_LOOP('',(#6206,#6207,#6208,#6209,#6210));
#2691=EDGE_LOOP('',(#6211,#6212,#6213,#6214,#6215,#6216,#6217,#6218,#6219,
#6220,#6221,#6222,#6223,#6224,#6225,#6226,#6227,#6228,#6229,#6230,#6231,
#6232,#6233,#6234,#6235,#6236,#6237,#6238,#6239,#6240,#6241,#6242));
#2692=EDGE_LOOP('',(#6243,#6244,#6245,#6246));
#2693=EDGE_LOOP('',(#6247,#6248,#6249,#6250));
#2694=EDGE_LOOP('',(#6251,#6252,#6253,#6254));
#2695=EDGE_LOOP('',(#6255,#6256,#6257,#6258));
#2696=EDGE_LOOP('',(#6259,#6260,#6261,#6262,#6263));
#2697=EDGE_LOOP('',(#6264,#6265,#6266,#6267,#6268,#6269,#6270));
#2698=EDGE_LOOP('',(#6271,#6272,#6273,#6274,#6275,#6276,#6277));
#2699=EDGE_LOOP('',(#6278,#6279,#6280,#6281,#6282,#6283,#6284,#6285,#6286,
#6287,#6288,#6289,#6290));
#2700=EDGE_LOOP('',(#6291,#6292,#6293,#6294,#6295,#6296,#6297,#6298,#6299,
#6300,#6301,#6302,#6303));
#2701=EDGE_LOOP('',(#6304,#6305,#6306,#6307));
#2702=EDGE_LOOP('',(#6308,#6309,#6310,#6311));
#2703=EDGE_LOOP('',(#6312,#6313,#6314,#6315));
#2704=EDGE_LOOP('',(#6316,#6317,#6318,#6319,#6320,#6321,#6322,#6323,#6324,
#6325,#6326));
#2705=EDGE_LOOP('',(#6327,#6328,#6329,#6330,#6331,#6332,#6333,#6334,#6335,
#6336,#6337));
#2706=EDGE_LOOP('',(#6338,#6339,#6340,#6341,#6342));
#2707=EDGE_LOOP('',(#6343,#6344,#6345,#6346,#6347,#6348));
#2708=EDGE_LOOP('',(#6349,#6350,#6351,#6352,#6353,#6354,#6355));
#2709=EDGE_LOOP('',(#6356,#6357,#6358,#6359));
#2710=EDGE_LOOP('',(#6360,#6361,#6362,#6363));
#2711=EDGE_LOOP('',(#6364,#6365,#6366,#6367,#6368,#6369,#6370,#6371,#6372,
#6373,#6374,#6375,#6376,#6377));
#2712=EDGE_LOOP('',(#6378,#6379,#6380,#6381));
#2713=EDGE_LOOP('',(#6382,#6383,#6384));
#2714=EDGE_LOOP('',(#6385,#6386,#6387,#6388));
#2715=EDGE_LOOP('',(#6389,#6390,#6391,#6392,#6393,#6394));
#2716=EDGE_LOOP('',(#6395));
#2717=EDGE_LOOP('',(#6396,#6397,#6398,#6399));
#2718=EDGE_LOOP('',(#6400,#6401,#6402,#6403));
#2719=EDGE_LOOP('',(#6404,#6405,#6406,#6407));
#2720=EDGE_LOOP('',(#6408,#6409,#6410,#6411));
#2721=EDGE_LOOP('',(#6412,#6413,#6414,#6415));
#2722=EDGE_LOOP('',(#6416,#6417,#6418,#6419,#6420,#6421,#6422,#6423));
#2723=EDGE_LOOP('',(#6424,#6425,#6426,#6427,#6428,#6429,#6430,#6431));
#2724=EDGE_LOOP('',(#6432,#6433,#6434,#6435,#6436,#6437,#6438,#6439,#6440,
#6441,#6442,#6443));
#2725=EDGE_LOOP('',(#6444,#6445,#6446,#6447));
#2726=EDGE_LOOP('',(#6448,#6449,#6450,#6451,#6452,#6453));
#2727=EDGE_LOOP('',(#6454));
#2728=EDGE_LOOP('',(#6455,#6456,#6457,#6458));
#2729=EDGE_LOOP('',(#6459,#6460,#6461,#6462));
#2730=EDGE_LOOP('',(#6463,#6464,#6465,#6466));
#2731=EDGE_LOOP('',(#6467,#6468,#6469,#6470));
#2732=EDGE_LOOP('',(#6471,#6472,#6473,#6474));
#2733=EDGE_LOOP('',(#6475,#6476,#6477,#6478));
#2734=EDGE_LOOP('',(#6479,#6480,#6481,#6482,#6483,#6484,#6485,#6486));
#2735=EDGE_LOOP('',(#6487,#6488,#6489,#6490,#6491,#6492,#6493,#6494));
#2736=EDGE_LOOP('',(#6495,#6496,#6497,#6498,#6499));
#2737=EDGE_LOOP('',(#6500,#6501,#6502,#6503,#6504,#6505));
#2738=EDGE_LOOP('',(#6506,#6507,#6508,#6509));
#2739=EDGE_LOOP('',(#6510,#6511,#6512,#6513));
#2740=EDGE_LOOP('',(#6514,#6515,#6516,#6517));
#2741=EDGE_LOOP('',(#6518,#6519,#6520,#6521,#6522,#6523,#6524));
#2742=EDGE_LOOP('',(#6525,#6526,#6527,#6528,#6529,#6530,#6531,#6532,#6533,
#6534,#6535,#6536,#6537,#6538,#6539,#6540));
#2743=EDGE_LOOP('',(#6541,#6542,#6543,#6544));
#2744=EDGE_LOOP('',(#6545,#6546,#6547,#6548));
#2745=EDGE_LOOP('',(#6549,#6550,#6551,#6552));
#2746=EDGE_LOOP('',(#6553,#6554,#6555,#6556));
#2747=EDGE_LOOP('',(#6557,#6558,#6559,#6560));
#2748=EDGE_LOOP('',(#6561,#6562,#6563,#6564));
#2749=EDGE_LOOP('',(#6565,#6566,#6567,#6568));
#2750=EDGE_LOOP('',(#6569,#6570,#6571,#6572));
#2751=EDGE_LOOP('',(#6573,#6574,#6575,#6576));
#2752=EDGE_LOOP('',(#6577,#6578,#6579,#6580));
#2753=EDGE_LOOP('',(#6581,#6582,#6583,#6584));
#2754=EDGE_LOOP('',(#6585,#6586,#6587,#6588));
#2755=EDGE_LOOP('',(#6589,#6590,#6591,#6592));
#2756=EDGE_LOOP('',(#6593,#6594,#6595,#6596));
#2757=EDGE_LOOP('',(#6597,#6598,#6599,#6600));
#2758=EDGE_LOOP('',(#6601,#6602,#6603,#6604));
#2759=EDGE_LOOP('',(#6605,#6606,#6607,#6608));
#2760=EDGE_LOOP('',(#6609,#6610,#6611,#6612));
#2761=EDGE_LOOP('',(#6613,#6614,#6615,#6616));
#2762=EDGE_LOOP('',(#6617,#6618,#6619,#6620));
#2763=EDGE_LOOP('',(#6621,#6622,#6623,#6624,#6625,#6626,#6627,#6628,#6629,
#6630,#6631,#6632,#6633,#6634));
#2764=EDGE_LOOP('',(#6635,#6636,#6637,#6638));
#2765=EDGE_LOOP('',(#6639,#6640,#6641,#6642,#6643,#6644,#6645));
#2766=EDGE_LOOP('',(#6646,#6647,#6648,#6649,#6650,#6651,#6652));
#2767=EDGE_LOOP('',(#6653,#6654,#6655,#6656));
#2768=EDGE_LOOP('',(#6657,#6658,#6659,#6660,#6661,#6662,#6663,#6664,#6665,
#6666,#6667,#6668,#6669,#6670));
#2769=EDGE_LOOP('',(#6671,#6672,#6673,#6674,#6675,#6676,#6677));
#2770=EDGE_LOOP('',(#6678,#6679,#6680,#6681,#6682,#6683));
#2771=EDGE_LOOP('',(#6684,#6685,#6686,#6687));
#2772=EDGE_LOOP('',(#6688,#6689,#6690,#6691));
#2773=EDGE_LOOP('',(#6692,#6693,#6694,#6695));
#2774=EDGE_LOOP('',(#6696,#6697,#6698,#6699,#6700));
#2775=EDGE_LOOP('',(#6701,#6702,#6703,#6704));
#2776=EDGE_LOOP('',(#6705,#6706,#6707,#6708));
#2777=EDGE_LOOP('',(#6709,#6710,#6711,#6712));
#2778=EDGE_LOOP('',(#6713,#6714,#6715,#6716,#6717,#6718));
#2779=EDGE_LOOP('',(#6719));
#2780=EDGE_LOOP('',(#6720,#6721,#6722,#6723));
#2781=EDGE_LOOP('',(#6724,#6725,#6726,#6727));
#2782=EDGE_LOOP('',(#6728,#6729,#6730,#6731));
#2783=EDGE_LOOP('',(#6732,#6733,#6734,#6735));
#2784=EDGE_LOOP('',(#6736,#6737,#6738,#6739));
#2785=EDGE_LOOP('',(#6740,#6741,#6742));
#2786=EDGE_LOOP('',(#6743,#6744,#6745));
#2787=EDGE_LOOP('',(#6746,#6747,#6748,#6749));
#2788=EDGE_LOOP('',(#6750,#6751,#6752,#6753,#6754,#6755));
#2789=EDGE_LOOP('',(#6756));
#2790=EDGE_LOOP('',(#6757,#6758,#6759,#6760));
#2791=EDGE_LOOP('',(#6761,#6762,#6763,#6764));
#2792=EDGE_LOOP('',(#6765,#6766,#6767,#6768));
#2793=EDGE_LOOP('',(#6769,#6770,#6771,#6772));
#2794=EDGE_LOOP('',(#6773,#6774,#6775,#6776));
#2795=EDGE_LOOP('',(#6777,#6778,#6779,#6780));
#2796=EDGE_LOOP('',(#6781,#6782,#6783,#6784));
#2797=EDGE_LOOP('',(#6785,#6786,#6787,#6788));
#2798=EDGE_LOOP('',(#6789,#6790,#6791,#6792));
#2799=EDGE_LOOP('',(#6793,#6794,#6795,#6796,#6797,#6798,#6799,#6800,#6801,
#6802,#6803,#6804));
#2800=EDGE_LOOP('',(#6805,#6806,#6807,#6808));
#2801=EDGE_LOOP('',(#6809,#6810,#6811,#6812,#6813,#6814));
#2802=EDGE_LOOP('',(#6815));
#2803=EDGE_LOOP('',(#6816,#6817,#6818,#6819));
#2804=EDGE_LOOP('',(#6820,#6821,#6822,#6823));
#2805=EDGE_LOOP('',(#6824,#6825,#6826,#6827));
#2806=EDGE_LOOP('',(#6828,#6829,#6830,#6831));
#2807=EDGE_LOOP('',(#6832,#6833,#6834,#6835));
#2808=EDGE_LOOP('',(#6836,#6837,#6838,#6839));
#2809=EDGE_LOOP('',(#6840,#6841,#6842,#6843));
#2810=EDGE_LOOP('',(#6844,#6845,#6846,#6847));
#2811=EDGE_LOOP('',(#6848,#6849,#6850,#6851));
#2812=EDGE_LOOP('',(#6852,#6853,#6854,#6855));
#2813=EDGE_LOOP('',(#6856,#6857,#6858,#6859,#6860));
#2814=EDGE_LOOP('',(#6861,#6862,#6863,#6864,#6865,#6866));
#2815=EDGE_LOOP('',(#6867,#6868,#6869,#6870));
#2816=EDGE_LOOP('',(#6871,#6872,#6873,#6874));
#2817=EDGE_LOOP('',(#6875,#6876,#6877,#6878));
#2818=EDGE_LOOP('',(#6879,#6880,#6881,#6882));
#2819=EDGE_LOOP('',(#6883,#6884,#6885,#6886));
#2820=EDGE_LOOP('',(#6887,#6888,#6889,#6890));
#2821=EDGE_LOOP('',(#6891,#6892,#6893,#6894));
#2822=EDGE_LOOP('',(#6895,#6896,#6897,#6898));
#2823=EDGE_LOOP('',(#6899,#6900,#6901,#6902));
#2824=EDGE_LOOP('',(#6903,#6904,#6905,#6906));
#2825=EDGE_LOOP('',(#6907,#6908,#6909,#6910));
#2826=EDGE_LOOP('',(#6911,#6912,#6913,#6914));
#2827=EDGE_LOOP('',(#6915,#6916,#6917,#6918));
#2828=EDGE_LOOP('',(#6919,#6920,#6921,#6922));
#2829=EDGE_LOOP('',(#6923,#6924,#6925,#6926));
#2830=EDGE_LOOP('',(#6927,#6928,#6929,#6930));
#2831=EDGE_LOOP('',(#6931,#6932,#6933,#6934));
#2832=EDGE_LOOP('',(#6935,#6936,#6937,#6938));
#2833=EDGE_LOOP('',(#6939,#6940,#6941,#6942));
#2834=EDGE_LOOP('',(#6943,#6944,#6945,#6946));
#2835=EDGE_LOOP('',(#6947,#6948,#6949,#6950));
#2836=EDGE_LOOP('',(#6951,#6952,#6953,#6954));
#2837=EDGE_LOOP('',(#6955,#6956,#6957,#6958));
#2838=EDGE_LOOP('',(#6959,#6960,#6961,#6962));
#2839=EDGE_LOOP('',(#6963,#6964,#6965,#6966));
#2840=EDGE_LOOP('',(#6967,#6968,#6969,#6970));
#2841=EDGE_LOOP('',(#6971,#6972,#6973,#6974));
#2842=EDGE_LOOP('',(#6975,#6976,#6977,#6978));
#2843=EDGE_LOOP('',(#6979,#6980,#6981,#6982));
#2844=EDGE_LOOP('',(#6983,#6984,#6985,#6986));
#2845=EDGE_LOOP('',(#6987,#6988,#6989,#6990));
#2846=EDGE_LOOP('',(#6991,#6992,#6993,#6994));
#2847=EDGE_LOOP('',(#6995,#6996,#6997,#6998,#6999,#7000,#7001,#7002,#7003,
#7004,#7005,#7006,#7007,#7008));
#2848=EDGE_LOOP('',(#7009,#7010,#7011,#7012));
#2849=EDGE_LOOP('',(#7013,#7014,#7015,#7016,#7017,#7018));
#2850=EDGE_LOOP('',(#7019));
#2851=EDGE_LOOP('',(#7020,#7021,#7022,#7023));
#2852=EDGE_LOOP('',(#7024,#7025,#7026,#7027));
#2853=EDGE_LOOP('',(#7028,#7029,#7030,#7031));
#2854=EDGE_LOOP('',(#7032,#7033,#7034,#7035));
#2855=EDGE_LOOP('',(#7036,#7037,#7038,#7039));
#2856=EDGE_LOOP('',(#7040,#7041,#7042));
#2857=EDGE_LOOP('',(#7043,#7044,#7045,#7046));
#2858=EDGE_LOOP('',(#7047,#7048,#7049,#7050));
#2859=EDGE_LOOP('',(#7051,#7052,#7053,#7054));
#2860=EDGE_LOOP('',(#7055,#7056,#7057,#7058));
#2861=EDGE_LOOP('',(#7059,#7060,#7061,#7062));
#2862=EDGE_LOOP('',(#7063,#7064,#7065,#7066));
#2863=EDGE_LOOP('',(#7067,#7068,#7069,#7070));
#2864=EDGE_LOOP('',(#7071,#7072,#7073,#7074));
#2865=EDGE_LOOP('',(#7075,#7076,#7077,#7078));
#2866=EDGE_LOOP('',(#7079,#7080,#7081,#7082));
#2867=EDGE_LOOP('',(#7083,#7084,#7085,#7086));
#2868=EDGE_LOOP('',(#7087,#7088,#7089,#7090));
#2869=EDGE_LOOP('',(#7091,#7092,#7093,#7094));
#2870=EDGE_LOOP('',(#7095,#7096,#7097,#7098));
#2871=EDGE_LOOP('',(#7099,#7100,#7101,#7102));
#2872=EDGE_LOOP('',(#7103,#7104,#7105,#7106));
#2873=EDGE_LOOP('',(#7107,#7108,#7109,#7110));
#2874=EDGE_LOOP('',(#7111,#7112,#7113,#7114));
#2875=EDGE_LOOP('',(#7115,#7116,#7117,#7118));
#2876=EDGE_LOOP('',(#7119,#7120,#7121,#7122));
#2877=EDGE_LOOP('',(#7123,#7124));
#2878=EDGE_LOOP('',(#7125,#7126));
#2879=EDGE_LOOP('',(#7127,#7128,#7129,#7130));
#2880=EDGE_LOOP('',(#7131,#7132,#7133,#7134));
#2881=EDGE_LOOP('',(#7135,#7136,#7137,#7138));
#2882=EDGE_LOOP('',(#7139,#7140,#7141,#7142,#7143,#7144,#7145,#7146,#7147,
#7148,#7149,#7150,#7151));
#2883=EDGE_LOOP('',(#7152));
#2884=EDGE_LOOP('',(#7153));
#2885=EDGE_LOOP('',(#7154));
#2886=EDGE_LOOP('',(#7155));
#2887=EDGE_LOOP('',(#7156));
#2888=EDGE_LOOP('',(#7157));
#2889=EDGE_LOOP('',(#7158));
#2890=EDGE_LOOP('',(#7159));
#2891=EDGE_LOOP('',(#7160));
#2892=EDGE_LOOP('',(#7161));
#2893=EDGE_LOOP('',(#7162));
#2894=EDGE_LOOP('',(#7163));
#2895=EDGE_LOOP('',(#7164,#7165,#7166,#7167,#7168,#7169,#7170,#7171,#7172,
#7173,#7174,#7175));
#2896=EDGE_LOOP('',(#7176,#7177,#7178,#7179,#7180,#7181,#7182,#7183,#7184,
#7185,#7186,#7187,#7188));
#2897=EDGE_LOOP('',(#7189,#7190,#7191,#7192,#7193,#7194,#7195,#7196));
#2898=EDGE_LOOP('',(#7197,#7198,#7199,#7200));
#2899=EDGE_LOOP('',(#7201,#7202,#7203,#7204));
#2900=EDGE_LOOP('',(#7205,#7206,#7207,#7208));
#2901=EDGE_LOOP('',(#7209,#7210,#7211,#7212));
#2902=EDGE_LOOP('',(#7213,#7214,#7215,#7216,#7217,#7218,#7219,#7220,#7221,
#7222,#7223,#7224));
#2903=EDGE_LOOP('',(#7225,#7226,#7227,#7228));
#2904=EDGE_LOOP('',(#7229,#7230,#7231,#7232));
#2905=EDGE_LOOP('',(#7233));
#2906=EDGE_LOOP('',(#7234,#7235,#7236,#7237));
#2907=EDGE_LOOP('',(#7238,#7239,#7240,#7241));
#2908=EDGE_LOOP('',(#7242));
#2909=EDGE_LOOP('',(#7243,#7244,#7245,#7246));
#2910=EDGE_LOOP('',(#7247));
#2911=EDGE_LOOP('',(#7248,#7249,#7250,#7251));
#2912=EDGE_LOOP('',(#7252));
#2913=EDGE_LOOP('',(#7253,#7254,#7255,#7256));
#2914=EDGE_LOOP('',(#7257,#7258,#7259,#7260));
#2915=EDGE_LOOP('',(#7261,#7262,#7263,#7264));
#2916=EDGE_LOOP('',(#7265,#7266,#7267,#7268));
#2917=CIRCLE('',#8020,1.375);
#2918=CIRCLE('',#8022,1.375);
#2919=CIRCLE('',#8025,27.5);
#2920=CIRCLE('',#8027,0.4);
#2921=CIRCLE('',#8028,0.4);
#2922=CIRCLE('',#8029,0.4);
#2923=CIRCLE('',#8030,0.4);
#2924=CIRCLE('',#8032,1.375);
#2925=CIRCLE('',#8035,0.4);
#2926=CIRCLE('',#8038,0.4);
#2927=CIRCLE('',#8041,1.375);
#2928=CIRCLE('',#8045,27.5);
#2929=CIRCLE('',#8046,27.5);
#2930=CIRCLE('',#8047,27.5);
#2931=CIRCLE('',#8048,27.5);
#2932=CIRCLE('',#8049,27.5);
#2933=CIRCLE('',#8050,5.);
#2934=CIRCLE('',#8051,5.);
#2935=CIRCLE('',#8052,5.);
#2936=CIRCLE('',#8053,5.);
#2937=CIRCLE('',#8054,5.);
#2938=CIRCLE('',#8055,5.);
#2939=CIRCLE('',#8056,27.5);
#2940=CIRCLE('',#8057,27.5);
#2941=CIRCLE('',#8058,27.5);
#2942=CIRCLE('',#8059,27.5);
#2943=CIRCLE('',#8061,27.5);
#2944=CIRCLE('',#8062,27.5);
#2945=CIRCLE('',#8064,27.5);
#2946=CIRCLE('',#8065,27.5);
#2947=CIRCLE('',#8066,27.5);
#2948=CIRCLE('',#8067,27.5);
#2949=CIRCLE('',#8068,27.5);
#2950=CIRCLE('',#8069,27.5);
#2951=CIRCLE('',#8070,5.);
#2952=CIRCLE('',#8071,5.);
#2953=CIRCLE('',#8072,5.);
#2954=CIRCLE('',#8073,5.);
#2955=CIRCLE('',#8074,5.);
#2956=CIRCLE('',#8075,5.);
#2957=CIRCLE('',#8076,27.5);
#2958=CIRCLE('',#8077,27.5);
#2959=CIRCLE('',#8078,27.5);
#2960=CIRCLE('',#8079,27.5);
#2961=CIRCLE('',#8083,11.);
#2962=CIRCLE('',#8084,4.);
#2963=CIRCLE('',#8085,2.9);
#2964=CIRCLE('',#8086,2.9);
#2965=CIRCLE('',#8087,2.9);
#2966=CIRCLE('',#8088,2.9);
#2967=CIRCLE('',#8089,0.85);
#2968=CIRCLE('',#8090,0.85);
#2969=CIRCLE('',#8092,4.);
#2970=CIRCLE('',#8094,4.);
#2971=CIRCLE('',#8095,4.);
#2972=CIRCLE('',#8097,11.);
#2973=CIRCLE('',#8098,1.05);
#2974=CIRCLE('',#8099,1.05);
#2975=CIRCLE('',#8100,1.05);
#2976=CIRCLE('',#8101,1.05);
#2977=CIRCLE('',#8102,0.85);
#2978=CIRCLE('',#8103,0.85);
#2979=CIRCLE('',#8105,1.05);
#2980=CIRCLE('',#8107,1.05);
#2981=CIRCLE('',#8108,1.05);
#2982=CIRCLE('',#8110,1.9);
#2983=CIRCLE('',#8111,1.05);
#2984=CIRCLE('',#8113,1.9);
#2985=CIRCLE('',#8115,1.9);
#2986=CIRCLE('',#8116,1.05);
#2987=CIRCLE('',#8118,1.9);
#2988=CIRCLE('',#8119,1.05);
#2989=CIRCLE('',#8121,1.9);
#2990=CIRCLE('',#8123,2.599998613124);
#2991=CIRCLE('',#8125,2.599998613124);
#2992=CIRCLE('',#8126,1.9);
#2993=CIRCLE('',#8128,2.599998613124);
#2994=CIRCLE('',#8129,1.9);
#2995=CIRCLE('',#8131,2.599998613124);
#2996=CIRCLE('',#8132,1.9);
#2997=CIRCLE('',#8137,0.3);
#2998=CIRCLE('',#8138,2.9);
#2999=CIRCLE('',#8139,2.9);
#3000=CIRCLE('',#8142,0.3);
#3001=CIRCLE('',#8143,2.9);
#3002=CIRCLE('',#8144,2.9);
#3003=CIRCLE('',#8147,0.3);
#3004=CIRCLE('',#8148,2.9);
#3005=CIRCLE('',#8149,2.9);
#3006=CIRCLE('',#8152,0.3);
#3007=CIRCLE('',#8153,2.9);
#3008=CIRCLE('',#8154,2.9);
#3009=CIRCLE('',#8157,1.9);
#3010=CIRCLE('',#8159,1.9);
#3011=CIRCLE('',#8160,1.05);
#3012=CIRCLE('',#8162,1.9);
#3013=CIRCLE('',#8163,1.05);
#3014=CIRCLE('',#8165,1.9);
#3015=CIRCLE('',#8166,1.05);
#3016=CIRCLE('',#8168,1.9);
#3017=CIRCLE('',#8170,2.599998613124);
#3018=CIRCLE('',#8172,2.599998613124);
#3019=CIRCLE('',#8173,1.9);
#3020=CIRCLE('',#8175,2.599998613124);
#3021=CIRCLE('',#8176,1.9);
#3022=CIRCLE('',#8178,2.599998613124);
#3023=CIRCLE('',#8179,1.9);
#3024=CIRCLE('',#8184,0.3);
#3025=CIRCLE('',#8185,2.9);
#3026=CIRCLE('',#8186,2.9);
#3027=CIRCLE('',#8188,2.9);
#3028=CIRCLE('',#8190,11.);
#3029=CIRCLE('',#8191,2.9);
#3030=CIRCLE('',#8192,2.9);
#3031=CIRCLE('',#8193,2.9);
#3032=CIRCLE('',#8194,0.85);
#3033=CIRCLE('',#8195,0.85);
#3034=CIRCLE('',#8197,2.9);
#3035=CIRCLE('',#8198,2.9);
#3036=CIRCLE('',#8200,0.3);
#3037=CIRCLE('',#8202,2.9);
#3038=CIRCLE('',#8203,2.9);
#3039=CIRCLE('',#8205,0.3);
#3040=CIRCLE('',#8207,2.9);
#3041=CIRCLE('',#8208,2.9);
#3042=CIRCLE('',#8210,0.3);
#3043=CIRCLE('',#8214,5.);
#3044=CIRCLE('',#8215,5.);
#3045=CIRCLE('',#8217,5.);
#3046=CIRCLE('',#8218,5.);
#3047=CIRCLE('',#8221,5.);
#3048=CIRCLE('',#8224,5.);
#3049=CIRCLE('',#8226,5.);
#3050=CIRCLE('',#8227,5.);
#3051=CIRCLE('',#8231,0.5);
#3052=CIRCLE('',#8232,0.5);
#3053=CIRCLE('',#8233,0.5);
#3054=CIRCLE('',#8234,0.5);
#3055=CIRCLE('',#8237,0.5);
#3056=CIRCLE('',#8240,0.5);
#3057=CIRCLE('',#8243,1.05);
#3058=CIRCLE('',#8244,1.05);
#3059=CIRCLE('',#8267,1.05);
#3060=CIRCLE('',#8269,1.05);
#3061=CIRCLE('',#8277,1.05);
#3062=CIRCLE('',#8279,1.05);
#3063=CIRCLE('',#8287,1.05);
#3064=CIRCLE('',#8289,1.05);
#3065=CIRCLE('',#8297,1.05);
#3066=CIRCLE('',#8299,1.05);
#3067=CIRCLE('',#8307,1.05);
#3068=CIRCLE('',#8309,1.05);
#3069=CIRCLE('',#8330,0.6);
#3070=CIRCLE('',#8331,0.6);
#3071=CIRCLE('',#8332,0.6);
#3072=CIRCLE('',#8333,1.);
#3073=CIRCLE('',#8334,1.);
#3074=CIRCLE('',#8335,2.);
#3075=CIRCLE('',#8337,1.);
#3076=CIRCLE('',#8338,1.);
#3077=CIRCLE('',#8339,0.6);
#3078=CIRCLE('',#8340,0.6);
#3079=CIRCLE('',#8341,0.6);
#3080=CIRCLE('',#8342,2.);
#3081=CIRCLE('',#8345,5.);
#3082=CIRCLE('',#8346,5.);
#3083=CIRCLE('',#8347,5.);
#3084=CIRCLE('',#8348,5.);
#3085=CIRCLE('',#8352,11.);
#3086=CIRCLE('',#8353,1.05);
#3087=CIRCLE('',#8354,1.05);
#3088=CIRCLE('',#8355,1.05);
#3089=CIRCLE('',#8356,0.85);
#3090=CIRCLE('',#8357,0.85);
#3091=CIRCLE('',#8381,5.);
#3092=CIRCLE('',#8383,5.);
#3093=CIRCLE('',#8384,5.);
#3094=CIRCLE('',#8385,5.);
#3095=CIRCLE('',#8394,5.);
#3096=CIRCLE('',#8395,5.);
#3097=CIRCLE('',#8397,5.);
#3098=CIRCLE('',#8398,5.);
#3099=CIRCLE('',#8401,5.);
#3100=CIRCLE('',#8404,5.);
#3101=CIRCLE('',#8406,5.);
#3102=CIRCLE('',#8407,5.);
#3103=CIRCLE('',#8420,1.05);
#3104=CIRCLE('',#8426,1.05);
#3105=CIRCLE('',#8432,1.05);
#3106=CIRCLE('',#8438,1.05);
#3107=CIRCLE('',#8489,1.05);
#3108=CIRCLE('',#8495,1.05);
#3109=CIRCLE('',#8500,1.05);
#3110=CIRCLE('',#8506,1.05);
#3111=CIRCLE('',#8514,1.05);
#3112=CIRCLE('',#8520,1.05);
#3113=CIRCLE('',#8534,1.);
#3114=CIRCLE('',#8537,0.6);
#3115=CIRCLE('',#8541,0.6);
#3116=CIRCLE('',#8544,0.6);
#3117=CIRCLE('',#8547,2.);
#3118=CIRCLE('',#8550,1.);
#3119=CIRCLE('',#8554,1.);
#3120=CIRCLE('',#8557,0.6);
#3121=CIRCLE('',#8561,0.6);
#3122=CIRCLE('',#8564,0.6);
#3123=CIRCLE('',#8567,2.);
#3124=CIRCLE('',#8570,1.);
#3125=CIRCLE('',#8576,1.05);
#3126=CIRCLE('',#8582,1.05);
#3127=CIRCLE('',#8603,4.);
#3128=CIRCLE('',#8604,4.);
#3129=CIRCLE('',#8606,4.);
#3130=CIRCLE('',#8607,4.);
#3131=CIRCLE('',#8611,0.5);
#3132=CIRCLE('',#8614,0.5);
#3133=CIRCLE('',#8635,0.4);
#3134=CIRCLE('',#8637,0.4);
#3135=CIRCLE('',#8640,1.8);
#3136=CIRCLE('',#8641,1.8);
#3137=CIRCLE('',#8644,17.5);
#3138=CIRCLE('',#8645,27.5);
#3139=CIRCLE('',#8647,27.5);
#3140=VERTEX_POINT('',#10834);
#3141=VERTEX_POINT('',#10837);
#3142=VERTEX_POINT('',#10842);
#3143=VERTEX_POINT('',#10845);
#3144=VERTEX_POINT('',#10846);
#3145=VERTEX_POINT('',#10848);
#3146=VERTEX_POINT('',#10850);
#3147=VERTEX_POINT('',#10852);
#3148=VERTEX_POINT('',#10854);
#3149=VERTEX_POINT('',#10856);
#3150=VERTEX_POINT('',#10858);
#3151=VERTEX_POINT('',#10862);
#3152=VERTEX_POINT('',#10865);
#3153=VERTEX_POINT('',#10867);
#3154=VERTEX_POINT('',#10871);
#3155=VERTEX_POINT('',#10875);
#3156=VERTEX_POINT('',#10879);
#3157=VERTEX_POINT('',#10883);
#3158=VERTEX_POINT('',#10884);
#3159=VERTEX_POINT('',#10886);
#3160=VERTEX_POINT('',#10888);
#3161=VERTEX_POINT('',#10890);
#3162=VERTEX_POINT('',#10894);
#3163=VERTEX_POINT('',#10896);
#3164=VERTEX_POINT('',#10899);
#3165=VERTEX_POINT('',#10902);
#3166=VERTEX_POINT('',#10903);
#3167=VERTEX_POINT('',#10906);
#3168=VERTEX_POINT('',#10911);
#3169=VERTEX_POINT('',#10913);
#3170=VERTEX_POINT('',#10915);
#3171=VERTEX_POINT('',#10917);
#3172=VERTEX_POINT('',#10919);
#3173=VERTEX_POINT('',#10921);
#3174=VERTEX_POINT('',#10923);
#3175=VERTEX_POINT('',#10925);
#3176=VERTEX_POINT('',#10929);
#3177=VERTEX_POINT('',#10932);
#3178=VERTEX_POINT('',#10951);
#3179=VERTEX_POINT('',#10952);
#3180=VERTEX_POINT('',#10954);
#3181=VERTEX_POINT('',#10956);
#3182=VERTEX_POINT('',#10975);
#3183=VERTEX_POINT('',#10977);
#3184=VERTEX_POINT('',#10996);
#3185=VERTEX_POINT('',#10998);
#3186=VERTEX_POINT('',#11017);
#3187=VERTEX_POINT('',#11019);
#3188=VERTEX_POINT('',#11021);
#3189=VERTEX_POINT('',#11144);
#3190=VERTEX_POINT('',#11146);
#3191=VERTEX_POINT('',#11148);
#3192=VERTEX_POINT('',#11150);
#3193=VERTEX_POINT('',#11152);
#3194=VERTEX_POINT('',#11154);
#3195=VERTEX_POINT('',#11156);
#3196=VERTEX_POINT('',#11158);
#3197=VERTEX_POINT('',#11160);
#3198=VERTEX_POINT('',#11162);
#3199=VERTEX_POINT('',#11164);
#3200=VERTEX_POINT('',#11166);
#3201=VERTEX_POINT('',#11168);
#3202=VERTEX_POINT('',#11187);
#3203=VERTEX_POINT('',#11189);
#3204=VERTEX_POINT('',#11208);
#3205=VERTEX_POINT('',#11210);
#3206=VERTEX_POINT('',#11229);
#3207=VERTEX_POINT('',#11249);
#3208=VERTEX_POINT('',#11253);
#3209=VERTEX_POINT('',#11255);
#3210=VERTEX_POINT('',#11259);
#3211=VERTEX_POINT('',#11278);
#3212=VERTEX_POINT('',#11298);
#3213=VERTEX_POINT('',#11300);
#3214=VERTEX_POINT('',#11319);
#3215=VERTEX_POINT('',#11321);
#3216=VERTEX_POINT('',#11340);
#3217=VERTEX_POINT('',#11342);
#3218=VERTEX_POINT('',#11344);
#3219=VERTEX_POINT('',#11427);
#3220=VERTEX_POINT('',#11429);
#3221=VERTEX_POINT('',#11431);
#3222=VERTEX_POINT('',#11433);
#3223=VERTEX_POINT('',#11435);
#3224=VERTEX_POINT('',#11437);
#3225=VERTEX_POINT('',#11439);
#3226=VERTEX_POINT('',#11441);
#3227=VERTEX_POINT('',#11443);
#3228=VERTEX_POINT('',#11445);
#3229=VERTEX_POINT('',#11447);
#3230=VERTEX_POINT('',#11449);
#3231=VERTEX_POINT('',#11451);
#3232=VERTEX_POINT('',#11470);
#3233=VERTEX_POINT('',#11472);
#3234=VERTEX_POINT('',#11491);
#3235=VERTEX_POINT('',#11493);
#3236=VERTEX_POINT('',#11512);
#3237=VERTEX_POINT('',#11514);
#3238=VERTEX_POINT('',#11534);
#3239=VERTEX_POINT('',#11541);
#3240=VERTEX_POINT('',#11543);
#3241=VERTEX_POINT('',#11545);
#3242=VERTEX_POINT('',#11548);
#3243=VERTEX_POINT('',#11550);
#3244=VERTEX_POINT('',#11552);
#3245=VERTEX_POINT('',#11555);
#3246=VERTEX_POINT('',#11557);
#3247=VERTEX_POINT('',#11559);
#3248=VERTEX_POINT('',#11561);
#3249=VERTEX_POINT('',#11563);
#3250=VERTEX_POINT('',#11565);
#3251=VERTEX_POINT('',#11567);
#3252=VERTEX_POINT('',#11570);
#3253=VERTEX_POINT('',#11574);
#3254=VERTEX_POINT('',#11576);
#3255=VERTEX_POINT('',#11580);
#3256=VERTEX_POINT('',#11582);
#3257=VERTEX_POINT('',#11584);
#3258=VERTEX_POINT('',#11586);
#3259=VERTEX_POINT('',#11588);
#3260=VERTEX_POINT('',#11590);
#3261=VERTEX_POINT('',#11592);
#3262=VERTEX_POINT('',#11594);
#3263=VERTEX_POINT('',#11596);
#3264=VERTEX_POINT('',#11598);
#3265=VERTEX_POINT('',#11600);
#3266=VERTEX_POINT('',#11602);
#3267=VERTEX_POINT('',#11605);
#3268=VERTEX_POINT('',#11607);
#3269=VERTEX_POINT('',#11610);
#3270=VERTEX_POINT('',#11612);
#3271=VERTEX_POINT('',#11614);
#3272=VERTEX_POINT('',#11616);
#3273=VERTEX_POINT('',#11618);
#3274=VERTEX_POINT('',#11620);
#3275=VERTEX_POINT('',#11623);
#3276=VERTEX_POINT('',#11627);
#3277=VERTEX_POINT('',#11629);
#3278=VERTEX_POINT('',#11633);
#3279=VERTEX_POINT('',#11635);
#3280=VERTEX_POINT('',#11638);
#3281=VERTEX_POINT('',#11641);
#3282=VERTEX_POINT('',#11643);
#3283=VERTEX_POINT('',#11646);
#3284=VERTEX_POINT('',#11648);
#3285=VERTEX_POINT('',#11651);
#3286=VERTEX_POINT('',#11655);
#3287=VERTEX_POINT('',#11658);
#3288=VERTEX_POINT('',#11660);
#3289=VERTEX_POINT('',#11663);
#3290=VERTEX_POINT('',#11665);
#3291=VERTEX_POINT('',#11668);
#3292=VERTEX_POINT('',#11670);
#3293=VERTEX_POINT('',#11679);
#3294=VERTEX_POINT('',#11681);
#3295=VERTEX_POINT('',#11687);
#3296=VERTEX_POINT('',#11689);
#3297=VERTEX_POINT('',#11695);
#3298=VERTEX_POINT('',#11697);
#3299=VERTEX_POINT('',#11703);
#3300=VERTEX_POINT('',#11705);
#3301=VERTEX_POINT('',#11711);
#3302=VERTEX_POINT('',#11714);
#3303=VERTEX_POINT('',#11716);
#3304=VERTEX_POINT('',#11719);
#3305=VERTEX_POINT('',#11721);
#3306=VERTEX_POINT('',#11724);
#3307=VERTEX_POINT('',#11726);
#3308=VERTEX_POINT('',#11729);
#3309=VERTEX_POINT('',#11733);
#3310=VERTEX_POINT('',#11736);
#3311=VERTEX_POINT('',#11738);
#3312=VERTEX_POINT('',#11741);
#3313=VERTEX_POINT('',#11743);
#3314=VERTEX_POINT('',#11746);
#3315=VERTEX_POINT('',#11748);
#3316=VERTEX_POINT('',#11757);
#3317=VERTEX_POINT('',#11759);
#3318=VERTEX_POINT('',#11763);
#3319=VERTEX_POINT('',#11767);
#3320=VERTEX_POINT('',#11768);
#3321=VERTEX_POINT('',#11770);
#3322=VERTEX_POINT('',#11773);
#3323=VERTEX_POINT('',#11775);
#3324=VERTEX_POINT('',#11778);
#3325=VERTEX_POINT('',#11781);
#3326=VERTEX_POINT('',#11783);
#3327=VERTEX_POINT('',#11785);
#3328=VERTEX_POINT('',#11787);
#3329=VERTEX_POINT('',#11789);
#3330=VERTEX_POINT('',#11792);
#3331=VERTEX_POINT('',#11793);
#3332=VERTEX_POINT('',#11800);
#3333=VERTEX_POINT('',#11801);
#3334=VERTEX_POINT('',#11808);
#3335=VERTEX_POINT('',#11809);
#3336=VERTEX_POINT('',#11816);
#3337=VERTEX_POINT('',#11818);
#3338=VERTEX_POINT('',#11825);
#3339=VERTEX_POINT('',#11826);
#3340=VERTEX_POINT('',#11828);
#3341=VERTEX_POINT('',#11832);
#3342=VERTEX_POINT('',#11834);
#3343=VERTEX_POINT('',#11836);
#3344=VERTEX_POINT('',#11840);
#3345=VERTEX_POINT('',#11841);
#3346=VERTEX_POINT('',#11843);
#3347=VERTEX_POINT('',#11845);
#3348=VERTEX_POINT('',#11847);
#3349=VERTEX_POINT('',#11849);
#3350=VERTEX_POINT('',#11852);
#3351=VERTEX_POINT('',#11854);
#3352=VERTEX_POINT('',#11858);
#3353=VERTEX_POINT('',#11860);
#3354=VERTEX_POINT('',#11864);
#3355=VERTEX_POINT('',#11870);
#3356=VERTEX_POINT('',#11871);
#3357=VERTEX_POINT('',#11873);
#3358=VERTEX_POINT('',#11875);
#3359=VERTEX_POINT('',#11877);
#3360=VERTEX_POINT('',#11879);
#3361=VERTEX_POINT('',#11881);
#3362=VERTEX_POINT('',#11883);
#3363=VERTEX_POINT('',#11888);
#3364=VERTEX_POINT('',#11889);
#3365=VERTEX_POINT('',#11891);
#3366=VERTEX_POINT('',#11893);
#3367=VERTEX_POINT('',#11895);
#3368=VERTEX_POINT('',#11897);
#3369=VERTEX_POINT('',#11899);
#3370=VERTEX_POINT('',#11901);
#3371=VERTEX_POINT('',#11903);
#3372=VERTEX_POINT('',#11905);
#3373=VERTEX_POINT('',#11907);
#3374=VERTEX_POINT('',#11909);
#3375=VERTEX_POINT('',#11911);
#3376=VERTEX_POINT('',#11915);
#3377=VERTEX_POINT('',#11916);
#3378=VERTEX_POINT('',#11918);
#3379=VERTEX_POINT('',#11920);
#3380=VERTEX_POINT('',#11922);
#3381=VERTEX_POINT('',#11927);
#3382=VERTEX_POINT('',#11929);
#3383=VERTEX_POINT('',#11931);
#3384=VERTEX_POINT('',#11933);
#3385=VERTEX_POINT('',#11935);
#3386=VERTEX_POINT('',#11937);
#3387=VERTEX_POINT('',#11939);
#3388=VERTEX_POINT('',#11941);
#3389=VERTEX_POINT('',#11943);
#3390=VERTEX_POINT('',#11945);
#3391=VERTEX_POINT('',#11947);
#3392=VERTEX_POINT('',#11949);
#3393=VERTEX_POINT('',#11951);
#3394=VERTEX_POINT('',#11953);
#3395=VERTEX_POINT('',#11955);
#3396=VERTEX_POINT('',#11957);
#3397=VERTEX_POINT('',#11959);
#3398=VERTEX_POINT('',#11961);
#3399=VERTEX_POINT('',#11964);
#3400=VERTEX_POINT('',#11965);
#3401=VERTEX_POINT('',#11967);
#3402=VERTEX_POINT('',#11969);
#3403=VERTEX_POINT('',#11971);
#3404=VERTEX_POINT('',#11973);
#3405=VERTEX_POINT('',#11975);
#3406=VERTEX_POINT('',#11977);
#3407=VERTEX_POINT('',#11981);
#3408=VERTEX_POINT('',#11983);
#3409=VERTEX_POINT('',#11985);
#3410=VERTEX_POINT('',#11987);
#3411=VERTEX_POINT('',#11989);
#3412=VERTEX_POINT('',#11991);
#3413=VERTEX_POINT('',#11995);
#3414=VERTEX_POINT('',#11999);
#3415=VERTEX_POINT('',#12003);
#3416=VERTEX_POINT('',#12007);
#3417=VERTEX_POINT('',#12009);
#3418=VERTEX_POINT('',#12011);
#3419=VERTEX_POINT('',#12013);
#3420=VERTEX_POINT('',#12015);
#3421=VERTEX_POINT('',#12019);
#3422=VERTEX_POINT('',#12021);
#3423=VERTEX_POINT('',#12025);
#3424=VERTEX_POINT('',#12026);
#3425=VERTEX_POINT('',#12028);
#3426=VERTEX_POINT('',#12030);
#3427=VERTEX_POINT('',#12032);
#3428=VERTEX_POINT('',#12034);
#3429=VERTEX_POINT('',#12038);
#3430=VERTEX_POINT('',#12040);
#3431=VERTEX_POINT('',#12044);
#3432=VERTEX_POINT('',#12048);
#3433=VERTEX_POINT('',#12052);
#3434=VERTEX_POINT('',#12056);
#3435=VERTEX_POINT('',#12062);
#3436=VERTEX_POINT('',#12063);
#3437=VERTEX_POINT('',#12065);
#3438=VERTEX_POINT('',#12067);
#3439=VERTEX_POINT('',#12069);
#3440=VERTEX_POINT('',#12071);
#3441=VERTEX_POINT('',#12073);
#3442=VERTEX_POINT('',#12075);
#3443=VERTEX_POINT('',#12078);
#3444=VERTEX_POINT('',#12079);
#3445=VERTEX_POINT('',#12081);
#3446=VERTEX_POINT('',#12083);
#3447=VERTEX_POINT('',#12085);
#3448=VERTEX_POINT('',#12087);
#3449=VERTEX_POINT('',#12091);
#3450=VERTEX_POINT('',#12092);
#3451=VERTEX_POINT('',#12094);
#3452=VERTEX_POINT('',#12096);
#3453=VERTEX_POINT('',#12098);
#3454=VERTEX_POINT('',#12100);
#3455=VERTEX_POINT('',#12102);
#3456=VERTEX_POINT('',#12104);
#3457=VERTEX_POINT('',#12107);
#3458=VERTEX_POINT('',#12108);
#3459=VERTEX_POINT('',#12110);
#3460=VERTEX_POINT('',#12112);
#3461=VERTEX_POINT('',#12114);
#3462=VERTEX_POINT('',#12116);
#3463=VERTEX_POINT('',#12120);
#3464=VERTEX_POINT('',#12121);
#3465=VERTEX_POINT('',#12123);
#3466=VERTEX_POINT('',#12125);
#3467=VERTEX_POINT('',#12127);
#3468=VERTEX_POINT('',#12129);
#3469=VERTEX_POINT('',#12131);
#3470=VERTEX_POINT('',#12133);
#3471=VERTEX_POINT('',#12136);
#3472=VERTEX_POINT('',#12137);
#3473=VERTEX_POINT('',#12139);
#3474=VERTEX_POINT('',#12141);
#3475=VERTEX_POINT('',#12143);
#3476=VERTEX_POINT('',#12145);
#3477=VERTEX_POINT('',#12149);
#3478=VERTEX_POINT('',#12150);
#3479=VERTEX_POINT('',#12152);
#3480=VERTEX_POINT('',#12154);
#3481=VERTEX_POINT('',#12156);
#3482=VERTEX_POINT('',#12158);
#3483=VERTEX_POINT('',#12160);
#3484=VERTEX_POINT('',#12162);
#3485=VERTEX_POINT('',#12165);
#3486=VERTEX_POINT('',#12166);
#3487=VERTEX_POINT('',#12168);
#3488=VERTEX_POINT('',#12170);
#3489=VERTEX_POINT('',#12172);
#3490=VERTEX_POINT('',#12174);
#3491=VERTEX_POINT('',#12178);
#3492=VERTEX_POINT('',#12179);
#3493=VERTEX_POINT('',#12181);
#3494=VERTEX_POINT('',#12183);
#3495=VERTEX_POINT('',#12185);
#3496=VERTEX_POINT('',#12187);
#3497=VERTEX_POINT('',#12189);
#3498=VERTEX_POINT('',#12191);
#3499=VERTEX_POINT('',#12195);
#3500=VERTEX_POINT('',#12196);
#3501=VERTEX_POINT('',#12198);
#3502=VERTEX_POINT('',#12200);
#3503=VERTEX_POINT('',#12202);
#3504=VERTEX_POINT('',#12204);
#3505=VERTEX_POINT('',#12206);
#3506=VERTEX_POINT('',#12208);
#3507=VERTEX_POINT('',#12211);
#3508=VERTEX_POINT('',#12212);
#3509=VERTEX_POINT('',#12214);
#3510=VERTEX_POINT('',#12216);
#3511=VERTEX_POINT('',#12218);
#3512=VERTEX_POINT('',#12220);
#3513=VERTEX_POINT('',#12224);
#3514=VERTEX_POINT('',#12225);
#3515=VERTEX_POINT('',#12227);
#3516=VERTEX_POINT('',#12229);
#3517=VERTEX_POINT('',#12231);
#3518=VERTEX_POINT('',#12233);
#3519=VERTEX_POINT('',#12235);
#3520=VERTEX_POINT('',#12237);
#3521=VERTEX_POINT('',#12239);
#3522=VERTEX_POINT('',#12241);
#3523=VERTEX_POINT('',#12243);
#3524=VERTEX_POINT('',#12245);
#3525=VERTEX_POINT('',#12247);
#3526=VERTEX_POINT('',#12249);
#3527=VERTEX_POINT('',#12253);
#3528=VERTEX_POINT('',#12254);
#3529=VERTEX_POINT('',#12256);
#3530=VERTEX_POINT('',#12258);
#3531=VERTEX_POINT('',#12260);
#3532=VERTEX_POINT('',#12262);
#3533=VERTEX_POINT('',#12264);
#3534=VERTEX_POINT('',#12266);
#3535=VERTEX_POINT('',#12268);
#3536=VERTEX_POINT('',#12270);
#3537=VERTEX_POINT('',#12272);
#3538=VERTEX_POINT('',#12274);
#3539=VERTEX_POINT('',#12276);
#3540=VERTEX_POINT('',#12278);
#3541=VERTEX_POINT('',#12282);
#3542=VERTEX_POINT('',#12284);
#3543=VERTEX_POINT('',#12288);
#3544=VERTEX_POINT('',#12292);
#3545=VERTEX_POINT('',#12296);
#3546=VERTEX_POINT('',#12300);
#3547=VERTEX_POINT('',#12306);
#3548=VERTEX_POINT('',#12309);
#3549=VERTEX_POINT('',#12313);
#3550=VERTEX_POINT('',#12315);
#3551=VERTEX_POINT('',#12319);
#3552=VERTEX_POINT('',#12323);
#3553=VERTEX_POINT('',#12327);
#3554=VERTEX_POINT('',#12331);
#3555=VERTEX_POINT('',#12337);
#3556=VERTEX_POINT('',#12340);
#3557=VERTEX_POINT('',#12344);
#3558=VERTEX_POINT('',#12346);
#3559=VERTEX_POINT('',#12350);
#3560=VERTEX_POINT('',#12354);
#3561=VERTEX_POINT('',#12358);
#3562=VERTEX_POINT('',#12362);
#3563=VERTEX_POINT('',#12368);
#3564=VERTEX_POINT('',#12371);
#3565=VERTEX_POINT('',#12375);
#3566=VERTEX_POINT('',#12377);
#3567=VERTEX_POINT('',#12381);
#3568=VERTEX_POINT('',#12385);
#3569=VERTEX_POINT('',#12389);
#3570=VERTEX_POINT('',#12393);
#3571=VERTEX_POINT('',#12399);
#3572=VERTEX_POINT('',#12402);
#3573=VERTEX_POINT('',#12406);
#3574=VERTEX_POINT('',#12408);
#3575=VERTEX_POINT('',#12412);
#3576=VERTEX_POINT('',#12416);
#3577=VERTEX_POINT('',#12420);
#3578=VERTEX_POINT('',#12424);
#3579=VERTEX_POINT('',#12430);
#3580=VERTEX_POINT('',#12433);
#3581=VERTEX_POINT('',#12437);
#3582=VERTEX_POINT('',#12439);
#3583=VERTEX_POINT('',#12442);
#3584=VERTEX_POINT('',#12444);
#3585=VERTEX_POINT('',#12447);
#3586=VERTEX_POINT('',#12449);
#3587=VERTEX_POINT('',#12452);
#3588=VERTEX_POINT('',#12454);
#3589=VERTEX_POINT('',#12458);
#3590=VERTEX_POINT('',#12462);
#3591=VERTEX_POINT('',#12466);
#3592=VERTEX_POINT('',#12467);
#3593=VERTEX_POINT('',#12469);
#3594=VERTEX_POINT('',#12473);
#3595=VERTEX_POINT('',#12474);
#3596=VERTEX_POINT('',#12476);
#3597=VERTEX_POINT('',#12480);
#3598=VERTEX_POINT('',#12481);
#3599=VERTEX_POINT('',#12483);
#3600=VERTEX_POINT('',#12487);
#3601=VERTEX_POINT('',#12488);
#3602=VERTEX_POINT('',#12490);
#3603=VERTEX_POINT('',#12494);
#3604=VERTEX_POINT('',#12496);
#3605=VERTEX_POINT('',#12498);
#3606=VERTEX_POINT('',#12500);
#3607=VERTEX_POINT('',#12502);
#3608=VERTEX_POINT('',#12504);
#3609=VERTEX_POINT('',#12508);
#3610=VERTEX_POINT('',#12510);
#3611=VERTEX_POINT('',#12512);
#3612=VERTEX_POINT('',#12514);
#3613=VERTEX_POINT('',#12516);
#3614=VERTEX_POINT('',#12518);
#3615=VERTEX_POINT('',#12522);
#3616=VERTEX_POINT('',#12523);
#3617=VERTEX_POINT('',#12525);
#3618=VERTEX_POINT('',#12527);
#3619=VERTEX_POINT('',#12529);
#3620=VERTEX_POINT('',#12531);
#3621=VERTEX_POINT('',#12533);
#3622=VERTEX_POINT('',#12535);
#3623=VERTEX_POINT('',#12539);
#3624=VERTEX_POINT('',#12540);
#3625=VERTEX_POINT('',#12542);
#3626=VERTEX_POINT('',#12544);
#3627=VERTEX_POINT('',#12546);
#3628=VERTEX_POINT('',#12548);
#3629=VERTEX_POINT('',#12550);
#3630=VERTEX_POINT('',#12552);
#3631=VERTEX_POINT('',#12556);
#3632=VERTEX_POINT('',#12558);
#3633=VERTEX_POINT('',#12560);
#3634=VERTEX_POINT('',#12562);
#3635=VERTEX_POINT('',#12566);
#3636=VERTEX_POINT('',#12568);
#3637=VERTEX_POINT('',#12570);
#3638=VERTEX_POINT('',#12572);
#3639=VERTEX_POINT('',#12574);
#3640=VERTEX_POINT('',#12576);
#3641=VERTEX_POINT('',#12580);
#3642=VERTEX_POINT('',#12581);
#3643=VERTEX_POINT('',#12583);
#3644=VERTEX_POINT('',#12585);
#3645=VERTEX_POINT('',#12587);
#3646=VERTEX_POINT('',#12589);
#3647=VERTEX_POINT('',#12591);
#3648=VERTEX_POINT('',#12593);
#3649=VERTEX_POINT('',#12597);
#3650=VERTEX_POINT('',#12599);
#3651=VERTEX_POINT('',#12601);
#3652=VERTEX_POINT('',#12603);
#3653=VERTEX_POINT('',#12605);
#3654=VERTEX_POINT('',#12607);
#3655=VERTEX_POINT('',#12611);
#3656=VERTEX_POINT('',#12612);
#3657=VERTEX_POINT('',#12614);
#3658=VERTEX_POINT('',#12618);
#3659=VERTEX_POINT('',#12619);
#3660=VERTEX_POINT('',#12621);
#3661=VERTEX_POINT('',#12625);
#3662=VERTEX_POINT('',#12626);
#3663=VERTEX_POINT('',#12628);
#3664=VERTEX_POINT('',#12632);
#3665=VERTEX_POINT('',#12633);
#3666=VERTEX_POINT('',#12635);
#3667=VERTEX_POINT('',#12639);
#3668=VERTEX_POINT('',#12640);
#3669=VERTEX_POINT('',#12642);
#3670=VERTEX_POINT('',#12644);
#3671=VERTEX_POINT('',#12646);
#3672=VERTEX_POINT('',#12648);
#3673=VERTEX_POINT('',#12650);
#3674=VERTEX_POINT('',#12652);
#3675=VERTEX_POINT('',#12654);
#3676=VERTEX_POINT('',#12656);
#3677=VERTEX_POINT('',#12658);
#3678=VERTEX_POINT('',#12660);
#3679=VERTEX_POINT('',#12662);
#3680=VERTEX_POINT('',#12664);
#3681=VERTEX_POINT('',#12666);
#3682=VERTEX_POINT('',#12668);
#3683=VERTEX_POINT('',#12670);
#3684=VERTEX_POINT('',#12672);
#3685=VERTEX_POINT('',#12675);
#3686=VERTEX_POINT('',#12677);
#3687=VERTEX_POINT('',#12679);
#3688=VERTEX_POINT('',#12683);
#3689=VERTEX_POINT('',#12684);
#3690=VERTEX_POINT('',#12686);
#3691=VERTEX_POINT('',#12689);
#3692=VERTEX_POINT('',#12691);
#3693=VERTEX_POINT('',#12693);
#3694=VERTEX_POINT('',#12695);
#3695=VERTEX_POINT('',#12697);
#3696=VERTEX_POINT('',#12699);
#3697=VERTEX_POINT('',#12701);
#3698=VERTEX_POINT('',#12703);
#3699=VERTEX_POINT('',#12705);
#3700=VERTEX_POINT('',#12707);
#3701=VERTEX_POINT('',#12709);
#3702=VERTEX_POINT('',#12711);
#3703=VERTEX_POINT('',#12713);
#3704=VERTEX_POINT('',#12715);
#3705=VERTEX_POINT('',#12717);
#3706=VERTEX_POINT('',#12719);
#3707=VERTEX_POINT('',#12721);
#3708=VERTEX_POINT('',#12723);
#3709=VERTEX_POINT('',#12727);
#3710=VERTEX_POINT('',#12729);
#3711=VERTEX_POINT('',#12733);
#3712=VERTEX_POINT('',#12734);
#3713=VERTEX_POINT('',#12736);
#3714=VERTEX_POINT('',#12738);
#3715=VERTEX_POINT('',#12740);
#3716=VERTEX_POINT('',#12742);
#3717=VERTEX_POINT('',#12746);
#3718=VERTEX_POINT('',#12755);
#3719=VERTEX_POINT('',#12757);
#3720=VERTEX_POINT('',#12760);
#3721=VERTEX_POINT('',#12762);
#3722=VERTEX_POINT('',#12773);
#3723=VERTEX_POINT('',#12775);
#3724=VERTEX_POINT('',#12777);
#3725=VERTEX_POINT('',#12779);
#3726=VERTEX_POINT('',#12781);
#3727=VERTEX_POINT('',#12784);
#3728=VERTEX_POINT('',#12786);
#3729=VERTEX_POINT('',#12789);
#3730=VERTEX_POINT('',#12791);
#3731=VERTEX_POINT('',#12793);
#3732=VERTEX_POINT('',#12795);
#3733=VERTEX_POINT('',#12797);
#3734=VERTEX_POINT('',#12839);
#3735=VERTEX_POINT('',#12841);
#3736=VERTEX_POINT('',#12848);
#3737=VERTEX_POINT('',#12850);
#3738=VERTEX_POINT('',#12859);
#3739=VERTEX_POINT('',#12861);
#3740=VERTEX_POINT('',#12865);
#3741=VERTEX_POINT('',#12867);
#3742=VERTEX_POINT('',#12869);
#3743=VERTEX_POINT('',#12871);
#3744=VERTEX_POINT('',#12884);
#3745=VERTEX_POINT('',#12886);
#3746=VERTEX_POINT('',#12888);
#3747=VERTEX_POINT('',#12892);
#3748=VERTEX_POINT('',#12896);
#3749=VERTEX_POINT('',#12897);
#3750=VERTEX_POINT('',#12899);
#3751=VERTEX_POINT('',#12902);
#3752=VERTEX_POINT('',#12904);
#3753=VERTEX_POINT('',#12906);
#3754=VERTEX_POINT('',#12908);
#3755=VERTEX_POINT('',#12910);
#3756=VERTEX_POINT('',#12912);
#3757=VERTEX_POINT('',#12914);
#3758=VERTEX_POINT('',#12918);
#3759=VERTEX_POINT('',#12919);
#3760=VERTEX_POINT('',#12921);
#3761=VERTEX_POINT('',#12923);
#3762=VERTEX_POINT('',#12925);
#3763=VERTEX_POINT('',#12927);
#3764=VERTEX_POINT('',#12929);
#3765=VERTEX_POINT('',#12931);
#3766=VERTEX_POINT('',#12934);
#3767=VERTEX_POINT('',#12936);
#3768=VERTEX_POINT('',#12938);
#3769=VERTEX_POINT('',#12942);
#3770=VERTEX_POINT('',#12944);
#3771=VERTEX_POINT('',#12948);
#3772=VERTEX_POINT('',#12954);
#3773=VERTEX_POINT('',#12960);
#3774=VERTEX_POINT('',#12961);
#3775=VERTEX_POINT('',#12963);
#3776=VERTEX_POINT('',#12966);
#3777=VERTEX_POINT('',#12969);
#3778=VERTEX_POINT('',#12978);
#3779=VERTEX_POINT('',#12982);
#3780=VERTEX_POINT('',#12988);
#3781=VERTEX_POINT('',#12990);
#3782=VERTEX_POINT('',#12992);
#3783=VERTEX_POINT('',#12994);
#3784=VERTEX_POINT('',#13002);
#3785=VERTEX_POINT('',#13006);
#3786=VERTEX_POINT('',#13007);
#3787=VERTEX_POINT('',#13010);
#3788=VERTEX_POINT('',#13013);
#3789=VERTEX_POINT('',#13023);
#3790=VERTEX_POINT('',#13036);
#3791=VERTEX_POINT('',#13038);
#3792=VERTEX_POINT('',#13045);
#3793=VERTEX_POINT('',#13049);
#3794=VERTEX_POINT('',#13051);
#3795=VERTEX_POINT('',#13053);
#3796=VERTEX_POINT('',#13056);
#3797=VERTEX_POINT('',#13066);
#3798=VERTEX_POINT('',#13090);
#3799=VERTEX_POINT('',#13132);
#3800=VERTEX_POINT('',#13138);
#3801=VERTEX_POINT('',#13140);
#3802=VERTEX_POINT('',#13142);
#3803=VERTEX_POINT('',#13144);
#3804=VERTEX_POINT('',#13147);
#3805=VERTEX_POINT('',#13149);
#3806=VERTEX_POINT('',#13155);
#3807=VERTEX_POINT('',#13157);
#3808=VERTEX_POINT('',#13165);
#3809=VERTEX_POINT('',#13167);
#3810=VERTEX_POINT('',#13171);
#3811=VERTEX_POINT('',#13173);
#3812=VERTEX_POINT('',#13175);
#3813=VERTEX_POINT('',#13177);
#3814=VERTEX_POINT('',#13196);
#3815=VERTEX_POINT('',#13200);
#3816=VERTEX_POINT('',#13202);
#3817=VERTEX_POINT('',#13204);
#3818=VERTEX_POINT('',#13207);
#3819=VERTEX_POINT('',#13217);
#3820=VERTEX_POINT('',#13223);
#3821=VERTEX_POINT('',#13227);
#3822=VERTEX_POINT('',#13228);
#3823=VERTEX_POINT('',#13231);
#3824=VERTEX_POINT('',#13234);
#3825=VERTEX_POINT('',#13244);
#3826=VERTEX_POINT('',#13254);
#3827=VERTEX_POINT('',#13256);
#3828=VERTEX_POINT('',#13262);
#3829=VERTEX_POINT('',#13266);
#3830=VERTEX_POINT('',#13267);
#3831=VERTEX_POINT('',#13270);
#3832=VERTEX_POINT('',#13273);
#3833=VERTEX_POINT('',#13283);
#3834=VERTEX_POINT('',#13303);
#3835=VERTEX_POINT('',#13307);
#3836=VERTEX_POINT('',#13311);
#3837=VERTEX_POINT('',#13315);
#3838=VERTEX_POINT('',#13319);
#3839=VERTEX_POINT('',#13323);
#3840=VERTEX_POINT('',#13327);
#3841=VERTEX_POINT('',#13331);
#3842=VERTEX_POINT('',#13335);
#3843=VERTEX_POINT('',#13339);
#3844=VERTEX_POINT('',#13343);
#3845=VERTEX_POINT('',#13349);
#3846=VERTEX_POINT('',#13353);
#3847=VERTEX_POINT('',#13357);
#3848=VERTEX_POINT('',#13361);
#3849=VERTEX_POINT('',#13365);
#3850=VERTEX_POINT('',#13369);
#3851=VERTEX_POINT('',#13373);
#3852=VERTEX_POINT('',#13377);
#3853=VERTEX_POINT('',#13381);
#3854=VERTEX_POINT('',#13385);
#3855=VERTEX_POINT('',#13389);
#3856=VERTEX_POINT('',#13393);
#3857=VERTEX_POINT('',#13397);
#3858=VERTEX_POINT('',#13407);
#3859=VERTEX_POINT('',#13411);
#3860=VERTEX_POINT('',#13413);
#3861=VERTEX_POINT('',#13415);
#3862=VERTEX_POINT('',#13417);
#3863=VERTEX_POINT('',#13421);
#3864=VERTEX_POINT('',#13425);
#3865=VERTEX_POINT('',#13427);
#3866=VERTEX_POINT('',#13429);
#3867=VERTEX_POINT('',#13432);
#3868=VERTEX_POINT('',#13442);
#3869=VERTEX_POINT('',#13484);
#3870=VERTEX_POINT('',#13488);
#3871=VERTEX_POINT('',#13515);
#3872=VERTEX_POINT('',#13524);
#3873=VERTEX_POINT('',#13526);
#3874=VERTEX_POINT('',#13531);
#3875=VERTEX_POINT('',#13533);
#3876=VERTEX_POINT('',#13537);
#3877=VERTEX_POINT('',#13541);
#3878=VERTEX_POINT('',#13542);
#3879=VERTEX_POINT('',#13544);
#3880=VERTEX_POINT('',#13546);
#3881=VERTEX_POINT('',#13551);
#3882=VERTEX_POINT('',#13552);
#3883=VERTEX_POINT('',#13554);
#3884=VERTEX_POINT('',#13556);
#3885=EDGE_CURVE('',#3140,#3140,#2917,.T.);
#3886=EDGE_CURVE('',#3141,#3141,#2918,.T.);
#3887=EDGE_CURVE('',#3141,#3140,#124,.T.);
#3888=EDGE_CURVE('',#3142,#3142,#2919,.T.);
#3889=EDGE_CURVE('',#3143,#3144,#125,.T.);
#3890=EDGE_CURVE('',#3145,#3143,#2920,.T.);
#3891=EDGE_CURVE('',#3146,#3145,#126,.T.);
#3892=EDGE_CURVE('',#3147,#3146,#2921,.T.);
#3893=EDGE_CURVE('',#3148,#3147,#127,.T.);
#3894=EDGE_CURVE('',#3149,#3148,#2922,.T.);
#3895=EDGE_CURVE('',#3150,#3149,#128,.T.);
#3896=EDGE_CURVE('',#3144,#3150,#2923,.T.);
#3897=EDGE_CURVE('',#3151,#3151,#2924,.T.);
#3898=EDGE_CURVE('',#3147,#3152,#129,.T.);
#3899=EDGE_CURVE('',#3153,#3152,#130,.T.);
#3900=EDGE_CURVE('',#3153,#3148,#131,.T.);
#3901=EDGE_CURVE('',#3154,#3146,#132,.T.);
#3902=EDGE_CURVE('',#3152,#3154,#2925,.T.);
#3903=EDGE_CURVE('',#3145,#3155,#133,.T.);
#3904=EDGE_CURVE('',#3155,#3154,#134,.T.);
#3905=EDGE_CURVE('',#3156,#3143,#135,.T.);
#3906=EDGE_CURVE('',#3155,#3156,#2926,.T.);
#3907=EDGE_CURVE('',#3157,#3158,#136,.T.);
#3908=EDGE_CURVE('',#3159,#3157,#137,.T.);
#3909=EDGE_CURVE('',#3160,#3159,#138,.T.);
#3910=EDGE_CURVE('',#3160,#3161,#139,.T.);
#3911=EDGE_CURVE('',#3158,#3161,#140,.T.);
#3912=EDGE_CURVE('',#3161,#3162,#141,.T.);
#3913=EDGE_CURVE('',#3163,#3160,#142,.T.);
#3914=EDGE_CURVE('',#3163,#3162,#143,.T.);
#3915=EDGE_CURVE('',#3164,#3164,#2927,.T.);
#3916=EDGE_CURVE('',#3165,#3166,#144,.T.);
#3917=EDGE_CURVE('',#3162,#3165,#145,.T.);
#3918=EDGE_CURVE('',#3167,#3163,#146,.T.);
#3919=EDGE_CURVE('',#3167,#3166,#147,.T.);
#3920=EDGE_CURVE('',#3166,#3157,#148,.T.);
#3921=EDGE_CURVE('',#3168,#3158,#149,.T.);
#3922=EDGE_CURVE('',#3169,#3168,#150,.T.);
#3923=EDGE_CURVE('',#3170,#3169,#151,.T.);
#3924=EDGE_CURVE('',#3171,#3170,#152,.T.);
#3925=EDGE_CURVE('',#3172,#3171,#153,.T.);
#3926=EDGE_CURVE('',#3173,#3172,#154,.T.);
#3927=EDGE_CURVE('',#3174,#3173,#155,.T.);
#3928=EDGE_CURVE('',#3175,#3174,#156,.T.);
#3929=EDGE_CURVE('',#3165,#3175,#157,.T.);
#3930=EDGE_CURVE('',#3149,#3176,#158,.T.);
#3931=EDGE_CURVE('',#3167,#3176,#159,.T.);
#3932=EDGE_CURVE('',#3177,#3159,#160,.T.);
#3933=EDGE_CURVE('',#3177,#3150,#161,.T.);
#3934=EDGE_CURVE('',#3178,#3179,#2928,.T.);
#3935=EDGE_CURVE('',#3179,#3180,#162,.T.);
#3936=EDGE_CURVE('',#3180,#3181,#163,.T.);
#3937=EDGE_CURVE('',#3178,#3181,#164,.T.);
#3938=EDGE_CURVE('',#3179,#3182,#2929,.T.);
#3939=EDGE_CURVE('',#3182,#3183,#165,.T.);
#3940=EDGE_CURVE('',#3183,#3180,#166,.T.);
#3941=EDGE_CURVE('',#3182,#3184,#2930,.T.);
#3942=EDGE_CURVE('',#3184,#3185,#167,.T.);
#3943=EDGE_CURVE('',#3183,#3185,#168,.T.);
#3944=EDGE_CURVE('',#3184,#3186,#2931,.T.);
#3945=EDGE_CURVE('',#3186,#3187,#169,.T.);
#3946=EDGE_CURVE('',#3187,#3188,#170,.T.);
#3947=EDGE_CURVE('',#3188,#3185,#171,.T.);
#3948=EDGE_CURVE('',#3186,#3189,#2932,.T.);
#3949=EDGE_CURVE('',#3189,#3190,#172,.T.);
#3950=EDGE_CURVE('',#3190,#3191,#173,.T.);
#3951=EDGE_CURVE('',#3191,#3192,#174,.T.);
#3952=EDGE_CURVE('',#3192,#3193,#2933,.T.);
#3953=EDGE_CURVE('',#3193,#3194,#2934,.T.);
#3954=EDGE_CURVE('',#3195,#3194,#175,.T.);
#3955=EDGE_CURVE('',#3195,#3196,#2935,.T.);
#3956=EDGE_CURVE('',#3197,#3196,#176,.T.);
#3957=EDGE_CURVE('',#3197,#3198,#2936,.T.);
#3958=EDGE_CURVE('',#3199,#3198,#177,.T.);
#3959=EDGE_CURVE('',#3199,#3200,#2937,.T.);
#3960=EDGE_CURVE('',#3200,#3201,#2938,.T.);
#3961=EDGE_CURVE('',#3188,#3201,#178,.T.);
#3962=EDGE_CURVE('',#3189,#3202,#2939,.T.);
#3963=EDGE_CURVE('',#3202,#3203,#179,.T.);
#3964=EDGE_CURVE('',#3203,#3191,#180,.T.);
#3965=EDGE_CURVE('',#3202,#3204,#2940,.T.);
#3966=EDGE_CURVE('',#3204,#3205,#181,.T.);
#3967=EDGE_CURVE('',#3205,#3203,#182,.T.);
#3968=EDGE_CURVE('',#3204,#3206,#2941,.T.);
#3969=EDGE_CURVE('',#3206,#3174,#183,.T.);
#3970=EDGE_CURVE('',#3174,#3205,#184,.T.);
#3971=EDGE_CURVE('',#3206,#3207,#2942,.T.);
#3972=EDGE_CURVE('',#3207,#3175,#185,.T.);
#3973=EDGE_CURVE('',#3208,#3207,#186,.T.);
#3974=EDGE_CURVE('',#3207,#3209,#2943,.T.);
#3975=EDGE_CURVE('',#3209,#3208,#2944,.T.);
#3976=EDGE_CURVE('',#3210,#3178,#187,.T.);
#3977=EDGE_CURVE('',#3210,#3178,#2945,.T.);
#3978=EDGE_CURVE('',#3208,#3211,#2946,.T.);
#3979=EDGE_CURVE('',#3211,#3169,#188,.T.);
#3980=EDGE_CURVE('',#3208,#3168,#189,.T.);
#3981=EDGE_CURVE('',#3211,#3212,#2947,.T.);
#3982=EDGE_CURVE('',#3212,#3213,#190,.T.);
#3983=EDGE_CURVE('',#3169,#3213,#191,.T.);
#3984=EDGE_CURVE('',#3212,#3214,#2948,.T.);
#3985=EDGE_CURVE('',#3214,#3215,#192,.T.);
#3986=EDGE_CURVE('',#3215,#3213,#193,.T.);
#3987=EDGE_CURVE('',#3214,#3216,#2949,.T.);
#3988=EDGE_CURVE('',#3216,#3217,#194,.T.);
#3989=EDGE_CURVE('',#3217,#3218,#195,.T.);
#3990=EDGE_CURVE('',#3215,#3218,#196,.T.);
#3991=EDGE_CURVE('',#3216,#3219,#2950,.T.);
#3992=EDGE_CURVE('',#3219,#3220,#197,.T.);
#3993=EDGE_CURVE('',#3220,#3221,#198,.T.);
#3994=EDGE_CURVE('',#3221,#3222,#199,.T.);
#3995=EDGE_CURVE('',#3222,#3223,#2951,.T.);
#3996=EDGE_CURVE('',#3223,#3224,#2952,.T.);
#3997=EDGE_CURVE('',#3225,#3224,#200,.T.);
#3998=EDGE_CURVE('',#3225,#3226,#2953,.T.);
#3999=EDGE_CURVE('',#3227,#3226,#201,.T.);
#4000=EDGE_CURVE('',#3227,#3228,#2954,.T.);
#4001=EDGE_CURVE('',#3229,#3228,#202,.T.);
#4002=EDGE_CURVE('',#3229,#3230,#2955,.T.);
#4003=EDGE_CURVE('',#3230,#3231,#2956,.T.);
#4004=EDGE_CURVE('',#3218,#3231,#203,.T.);
#4005=EDGE_CURVE('',#3219,#3232,#2957,.T.);
#4006=EDGE_CURVE('',#3232,#3233,#204,.T.);
#4007=EDGE_CURVE('',#3221,#3233,#205,.T.);
#4008=EDGE_CURVE('',#3232,#3234,#2958,.T.);
#4009=EDGE_CURVE('',#3234,#3235,#206,.T.);
#4010=EDGE_CURVE('',#3233,#3235,#207,.T.);
#4011=EDGE_CURVE('',#3234,#3236,#2959,.T.);
#4012=EDGE_CURVE('',#3236,#3237,#208,.T.);
#4013=EDGE_CURVE('',#3235,#3237,#209,.T.);
#4014=EDGE_CURVE('',#3236,#3210,#2960,.T.);
#4015=EDGE_CURVE('',#3210,#3238,#210,.T.);
#4016=EDGE_CURVE('',#3238,#3237,#211,.T.);
#4017=EDGE_CURVE('',#3209,#3142,#212,.T.);
#4018=EDGE_CURVE('',#3213,#3239,#213,.T.);
#4019=EDGE_CURVE('',#3240,#3215,#214,.T.);
#4020=EDGE_CURVE('',#3241,#3240,#2961,.T.);
#4021=EDGE_CURVE('',#3203,#3241,#215,.T.);
#4022=EDGE_CURVE('',#3242,#3205,#216,.T.);
#4023=EDGE_CURVE('',#3242,#3243,#217,.T.);
#4024=EDGE_CURVE('',#3244,#3243,#218,.T.);
#4025=EDGE_CURVE('',#3239,#3244,#219,.T.);
#4026=EDGE_CURVE('',#3245,#3245,#2962,.T.);
#4027=EDGE_CURVE('',#3246,#3246,#2963,.T.);
#4028=EDGE_CURVE('',#3247,#3247,#2964,.T.);
#4029=EDGE_CURVE('',#3248,#3248,#2965,.T.);
#4030=EDGE_CURVE('',#3249,#3249,#2966,.T.);
#4031=EDGE_CURVE('',#3250,#3250,#2967,.T.);
#4032=EDGE_CURVE('',#3251,#3251,#2968,.T.);
#4033=EDGE_CURVE('',#3245,#3252,#220,.T.);
#4034=EDGE_CURVE('',#3252,#3252,#2969,.T.);
#4035=EDGE_CURVE('',#3253,#3253,#2970,.T.);
#4036=EDGE_CURVE('',#3253,#3254,#221,.T.);
#4037=EDGE_CURVE('',#3254,#3254,#2971,.T.);
#4038=EDGE_CURVE('',#3255,#3231,#222,.T.);
#4039=EDGE_CURVE('',#3255,#3256,#223,.T.);
#4040=EDGE_CURVE('',#3256,#3257,#224,.T.);
#4041=EDGE_CURVE('',#3257,#3258,#225,.T.);
#4042=EDGE_CURVE('',#3258,#3259,#226,.T.);
#4043=EDGE_CURVE('',#3259,#3260,#227,.T.);
#4044=EDGE_CURVE('',#3260,#3261,#228,.T.);
#4045=EDGE_CURVE('',#3261,#3262,#229,.T.);
#4046=EDGE_CURVE('',#3263,#3262,#230,.T.);
#4047=EDGE_CURVE('',#3263,#3264,#231,.T.);
#4048=EDGE_CURVE('',#3264,#3265,#232,.T.);
#4049=EDGE_CURVE('',#3265,#3266,#233,.T.);
#4050=EDGE_CURVE('',#3192,#3266,#234,.T.);
#4051=EDGE_CURVE('',#3191,#3267,#235,.T.);
#4052=EDGE_CURVE('',#3267,#3268,#2972,.T.);
#4053=EDGE_CURVE('',#3268,#3218,#236,.T.);
#4054=EDGE_CURVE('',#3269,#3269,#2973,.T.);
#4055=EDGE_CURVE('',#3270,#3270,#2974,.T.);
#4056=EDGE_CURVE('',#3271,#3271,#2975,.T.);
#4057=EDGE_CURVE('',#3272,#3272,#2976,.T.);
#4058=EDGE_CURVE('',#3273,#3273,#2977,.T.);
#4059=EDGE_CURVE('',#3274,#3274,#2978,.T.);
#4060=EDGE_CURVE('',#3269,#3275,#237,.T.);
#4061=EDGE_CURVE('',#3275,#3275,#2979,.T.);
#4062=EDGE_CURVE('',#3276,#3276,#2980,.T.);
#4063=EDGE_CURVE('',#3276,#3277,#238,.T.);
#4064=EDGE_CURVE('',#3277,#3277,#2981,.T.);
#4065=EDGE_CURVE('',#3278,#3278,#2982,.T.);
#4066=EDGE_CURVE('',#3279,#3279,#2983,.T.);
#4067=EDGE_CURVE('',#3280,#3280,#2984,.T.);
#4068=EDGE_CURVE('',#3281,#3281,#2985,.T.);
#4069=EDGE_CURVE('',#3282,#3282,#2986,.T.);
#4070=EDGE_CURVE('',#3283,#3283,#2987,.T.);
#4071=EDGE_CURVE('',#3284,#3284,#2988,.T.);
#4072=EDGE_CURVE('',#3278,#3285,#239,.T.);
#4073=EDGE_CURVE('',#3285,#3285,#2989,.T.);
#4074=EDGE_CURVE('',#3286,#3286,#2990,.T.);
#4075=EDGE_CURVE('',#3287,#3287,#2991,.T.);
#4076=EDGE_CURVE('',#3288,#3288,#2992,.T.);
#4077=EDGE_CURVE('',#3289,#3289,#2993,.T.);
#4078=EDGE_CURVE('',#3290,#3290,#2994,.T.);
#4079=EDGE_CURVE('',#3291,#3291,#2995,.T.);
#4080=EDGE_CURVE('',#3292,#3292,#2996,.T.);
#4081=EDGE_CURVE('',#3280,#3288,#240,.T.);
#4082=EDGE_CURVE('',#3281,#3290,#241,.T.);
#4083=EDGE_CURVE('',#3283,#3292,#242,.T.);
#4084=EDGE_CURVE('',#3286,#3293,#2997,.T.);
#4085=EDGE_CURVE('',#3293,#3294,#2998,.T.);
#4086=EDGE_CURVE('',#3294,#3293,#2999,.T.);
#4087=EDGE_CURVE('',#3294,#3246,#243,.T.);
#4088=EDGE_CURVE('',#3287,#3295,#3000,.T.);
#4089=EDGE_CURVE('',#3295,#3296,#3001,.T.);
#4090=EDGE_CURVE('',#3296,#3295,#3002,.T.);
#4091=EDGE_CURVE('',#3296,#3247,#244,.T.);
#4092=EDGE_CURVE('',#3289,#3297,#3003,.T.);
#4093=EDGE_CURVE('',#3297,#3298,#3004,.T.);
#4094=EDGE_CURVE('',#3298,#3297,#3005,.T.);
#4095=EDGE_CURVE('',#3298,#3248,#245,.T.);
#4096=EDGE_CURVE('',#3291,#3299,#3006,.T.);
#4097=EDGE_CURVE('',#3299,#3300,#3007,.T.);
#4098=EDGE_CURVE('',#3300,#3299,#3008,.T.);
#4099=EDGE_CURVE('',#3300,#3249,#246,.T.);
#4100=EDGE_CURVE('',#3301,#3301,#3009,.T.);
#4101=EDGE_CURVE('',#3302,#3302,#3010,.T.);
#4102=EDGE_CURVE('',#3303,#3303,#3011,.T.);
#4103=EDGE_CURVE('',#3304,#3304,#3012,.T.);
#4104=EDGE_CURVE('',#3305,#3305,#3013,.T.);
#4105=EDGE_CURVE('',#3306,#3306,#3014,.T.);
#4106=EDGE_CURVE('',#3307,#3307,#3015,.T.);
#4107=EDGE_CURVE('',#3301,#3308,#247,.T.);
#4108=EDGE_CURVE('',#3308,#3308,#3016,.T.);
#4109=EDGE_CURVE('',#3309,#3309,#3017,.T.);
#4110=EDGE_CURVE('',#3310,#3310,#3018,.T.);
#4111=EDGE_CURVE('',#3311,#3311,#3019,.T.);
#4112=EDGE_CURVE('',#3312,#3312,#3020,.T.);
#4113=EDGE_CURVE('',#3313,#3313,#3021,.T.);
#4114=EDGE_CURVE('',#3314,#3314,#3022,.T.);
#4115=EDGE_CURVE('',#3315,#3315,#3023,.T.);
#4116=EDGE_CURVE('',#3302,#3311,#248,.T.);
#4117=EDGE_CURVE('',#3304,#3313,#249,.T.);
#4118=EDGE_CURVE('',#3306,#3315,#250,.T.);
#4119=EDGE_CURVE('',#3309,#3316,#3024,.T.);
#4120=EDGE_CURVE('',#3316,#3317,#3025,.T.);
#4121=EDGE_CURVE('',#3317,#3316,#3026,.T.);
#4122=EDGE_CURVE('',#3317,#3318,#251,.T.);
#4123=EDGE_CURVE('',#3318,#3318,#3027,.T.);
#4124=EDGE_CURVE('',#3319,#3320,#252,.T.);
#4125=EDGE_CURVE('',#3321,#3320,#253,.T.);
#4126=EDGE_CURVE('',#3321,#3183,#254,.T.);
#4127=EDGE_CURVE('',#3185,#3322,#255,.T.);
#4128=EDGE_CURVE('',#3322,#3323,#3028,.T.);
#4129=EDGE_CURVE('',#3323,#3233,#256,.T.);
#4130=EDGE_CURVE('',#3235,#3324,#257,.T.);
#4131=EDGE_CURVE('',#3324,#3319,#258,.T.);
#4132=EDGE_CURVE('',#3325,#3325,#3029,.T.);
#4133=EDGE_CURVE('',#3326,#3326,#3030,.T.);
#4134=EDGE_CURVE('',#3327,#3327,#3031,.T.);
#4135=EDGE_CURVE('',#3328,#3328,#3032,.T.);
#4136=EDGE_CURVE('',#3329,#3329,#3033,.T.);
#4137=EDGE_CURVE('',#3330,#3331,#3034,.T.);
#4138=EDGE_CURVE('',#3330,#3325,#259,.T.);
#4139=EDGE_CURVE('',#3331,#3330,#3035,.T.);
#4140=EDGE_CURVE('',#3310,#3331,#3036,.T.);
#4141=EDGE_CURVE('',#3332,#3333,#3037,.T.);
#4142=EDGE_CURVE('',#3332,#3326,#260,.T.);
#4143=EDGE_CURVE('',#3333,#3332,#3038,.T.);
#4144=EDGE_CURVE('',#3312,#3333,#3039,.T.);
#4145=EDGE_CURVE('',#3334,#3335,#3040,.T.);
#4146=EDGE_CURVE('',#3334,#3327,#261,.T.);
#4147=EDGE_CURVE('',#3335,#3334,#3041,.T.);
#4148=EDGE_CURVE('',#3314,#3335,#3042,.T.);
#4149=EDGE_CURVE('',#3336,#3320,#262,.T.);
#4150=EDGE_CURVE('',#3319,#3337,#263,.T.);
#4151=EDGE_CURVE('',#3337,#3336,#264,.T.);
#4152=EDGE_CURVE('',#3243,#3261,#265,.T.);
#4153=EDGE_CURVE('',#3260,#3244,#266,.T.);
#4154=EDGE_CURVE('',#3338,#3339,#267,.T.);
#4155=EDGE_CURVE('',#3338,#3340,#3043,.T.);
#4156=EDGE_CURVE('',#3340,#3262,#268,.T.);
#4157=EDGE_CURVE('',#3173,#3242,#269,.T.);
#4158=EDGE_CURVE('',#3173,#3341,#270,.T.);
#4159=EDGE_CURVE('',#3342,#3341,#271,.T.);
#4160=EDGE_CURVE('',#3342,#3343,#272,.T.);
#4161=EDGE_CURVE('',#3343,#3339,#3044,.T.);
#4162=EDGE_CURVE('',#3344,#3345,#273,.T.);
#4163=EDGE_CURVE('',#3345,#3346,#3045,.T.);
#4164=EDGE_CURVE('',#3346,#3347,#274,.T.);
#4165=EDGE_CURVE('',#3348,#3347,#275,.T.);
#4166=EDGE_CURVE('',#3349,#3348,#276,.T.);
#4167=EDGE_CURVE('',#3321,#3349,#277,.T.);
#4168=EDGE_CURVE('',#3350,#3336,#278,.T.);
#4169=EDGE_CURVE('',#3350,#3351,#279,.T.);
#4170=EDGE_CURVE('',#3351,#3344,#3046,.T.);
#4171=EDGE_CURVE('',#3338,#3352,#280,.T.);
#4172=EDGE_CURVE('',#3353,#3339,#281,.T.);
#4173=EDGE_CURVE('',#3352,#3353,#282,.T.);
#4174=EDGE_CURVE('',#3354,#3352,#3047,.T.);
#4175=EDGE_CURVE('',#3340,#3354,#283,.T.);
#4176=EDGE_CURVE('',#3354,#3263,#284,.T.);
#4177=EDGE_CURVE('',#3355,#3356,#285,.T.);
#4178=EDGE_CURVE('',#3356,#3357,#286,.T.);
#4179=EDGE_CURVE('',#3358,#3357,#287,.T.);
#4180=EDGE_CURVE('',#3358,#3359,#288,.T.);
#4181=EDGE_CURVE('',#3359,#3360,#289,.T.);
#4182=EDGE_CURVE('',#3361,#3360,#290,.T.);
#4183=EDGE_CURVE('',#3362,#3361,#291,.T.);
#4184=EDGE_CURVE('',#3362,#3264,#292,.T.);
#4185=EDGE_CURVE('',#3353,#3355,#3048,.T.);
#4186=EDGE_CURVE('',#3363,#3364,#293,.T.);
#4187=EDGE_CURVE('',#3365,#3363,#294,.T.);
#4188=EDGE_CURVE('',#3365,#3366,#295,.T.);
#4189=EDGE_CURVE('',#3366,#3367,#296,.T.);
#4190=EDGE_CURVE('',#3367,#3368,#297,.T.);
#4191=EDGE_CURVE('',#3368,#3369,#298,.T.);
#4192=EDGE_CURVE('',#3370,#3369,#299,.T.);
#4193=EDGE_CURVE('',#3371,#3370,#300,.T.);
#4194=EDGE_CURVE('',#3372,#3371,#301,.T.);
#4195=EDGE_CURVE('',#3373,#3372,#302,.T.);
#4196=EDGE_CURVE('',#3373,#3374,#3049,.T.);
#4197=EDGE_CURVE('',#3375,#3374,#303,.T.);
#4198=EDGE_CURVE('',#3375,#3364,#3050,.T.);
#4199=EDGE_CURVE('',#3376,#3377,#304,.T.);
#4200=EDGE_CURVE('',#3378,#3376,#305,.T.);
#4201=EDGE_CURVE('',#3378,#3379,#306,.T.);
#4202=EDGE_CURVE('',#3379,#3380,#307,.T.);
#4203=EDGE_CURVE('',#3380,#3356,#308,.T.);
#4204=EDGE_CURVE('',#3355,#3377,#23,.T.);
#4205=EDGE_CURVE('',#3377,#3381,#309,.T.);
#4206=EDGE_CURVE('',#3381,#3382,#310,.T.);
#4207=EDGE_CURVE('',#3382,#3383,#311,.T.);
#4208=EDGE_CURVE('',#3383,#3384,#312,.T.);
#4209=EDGE_CURVE('',#3384,#3385,#313,.T.);
#4210=EDGE_CURVE('',#3386,#3385,#314,.T.);
#4211=EDGE_CURVE('',#3386,#3387,#315,.T.);
#4212=EDGE_CURVE('',#3388,#3387,#316,.T.);
#4213=EDGE_CURVE('',#3388,#3389,#317,.T.);
#4214=EDGE_CURVE('',#3389,#3390,#318,.T.);
#4215=EDGE_CURVE('',#3390,#3391,#319,.T.);
#4216=EDGE_CURVE('',#3391,#3392,#320,.T.);
#4217=EDGE_CURVE('',#3392,#3393,#321,.T.);
#4218=EDGE_CURVE('',#3393,#3394,#322,.T.);
#4219=EDGE_CURVE('',#3394,#3395,#323,.T.);
#4220=EDGE_CURVE('',#3396,#3395,#324,.T.);
#4221=EDGE_CURVE('',#3396,#3397,#325,.T.);
#4222=EDGE_CURVE('',#3398,#3397,#326,.T.);
#4223=EDGE_CURVE('',#3398,#3376,#327,.T.);
#4224=EDGE_CURVE('',#3399,#3400,#328,.T.);
#4225=EDGE_CURVE('',#3399,#3401,#3051,.T.);
#4226=EDGE_CURVE('',#3402,#3401,#329,.T.);
#4227=EDGE_CURVE('',#3402,#3403,#3052,.T.);
#4228=EDGE_CURVE('',#3404,#3403,#330,.T.);
#4229=EDGE_CURVE('',#3404,#3405,#3053,.T.);
#4230=EDGE_CURVE('',#3406,#3405,#331,.T.);
#4231=EDGE_CURVE('',#3406,#3400,#3054,.T.);
#4232=EDGE_CURVE('',#3400,#3407,#332,.T.);
#4233=EDGE_CURVE('',#3408,#3407,#333,.T.);
#4234=EDGE_CURVE('',#3409,#3408,#334,.T.);
#4235=EDGE_CURVE('',#3409,#3410,#335,.T.);
#4236=EDGE_CURVE('',#3410,#3411,#336,.T.);
#4237=EDGE_CURVE('',#3412,#3411,#337,.T.);
#4238=EDGE_CURVE('',#3399,#3412,#338,.T.);
#4239=EDGE_CURVE('',#3406,#3413,#339,.T.);
#4240=EDGE_CURVE('',#3407,#3413,#3055,.T.);
#4241=EDGE_CURVE('',#3405,#3414,#340,.T.);
#4242=EDGE_CURVE('',#3413,#3414,#341,.T.);
#4243=EDGE_CURVE('',#3404,#3415,#342,.T.);
#4244=EDGE_CURVE('',#3414,#3415,#3056,.T.);
#4245=EDGE_CURVE('',#3403,#3416,#343,.T.);
#4246=EDGE_CURVE('',#3417,#3416,#344,.T.);
#4247=EDGE_CURVE('',#3418,#3417,#345,.T.);
#4248=EDGE_CURVE('',#3419,#3418,#346,.T.);
#4249=EDGE_CURVE('',#3419,#3420,#347,.T.);
#4250=EDGE_CURVE('',#3415,#3420,#348,.T.);
#4251=EDGE_CURVE('',#3421,#3421,#3057,.T.);
#4252=EDGE_CURVE('',#3421,#3422,#349,.T.);
#4253=EDGE_CURVE('',#3422,#3422,#3058,.T.);
#4254=EDGE_CURVE('',#3423,#3424,#350,.T.);
#4255=EDGE_CURVE('',#3424,#3425,#351,.T.);
#4256=EDGE_CURVE('',#3425,#3426,#352,.T.);
#4257=EDGE_CURVE('',#3426,#3427,#353,.T.);
#4258=EDGE_CURVE('',#3427,#3428,#354,.T.);
#4259=EDGE_CURVE('',#3428,#3423,#355,.T.);
#4260=EDGE_CURVE('',#3424,#3429,#356,.T.);
#4261=EDGE_CURVE('',#3430,#3423,#357,.T.);
#4262=EDGE_CURVE('',#3429,#3430,#358,.T.);
#4263=EDGE_CURVE('',#3425,#3431,#359,.T.);
#4264=EDGE_CURVE('',#3431,#3429,#360,.T.);
#4265=EDGE_CURVE('',#3426,#3432,#361,.T.);
#4266=EDGE_CURVE('',#3432,#3431,#362,.T.);
#4267=EDGE_CURVE('',#3427,#3433,#363,.T.);
#4268=EDGE_CURVE('',#3433,#3432,#364,.T.);
#4269=EDGE_CURVE('',#3428,#3434,#365,.T.);
#4270=EDGE_CURVE('',#3434,#3433,#366,.T.);
#4271=EDGE_CURVE('',#3430,#3434,#367,.T.);
#4272=EDGE_CURVE('',#3435,#3436,#368,.T.);
#4273=EDGE_CURVE('',#3435,#3437,#369,.T.);
#4274=EDGE_CURVE('',#3437,#3438,#370,.T.);
#4275=EDGE_CURVE('',#3438,#3439,#371,.T.);
#4276=EDGE_CURVE('',#3440,#3439,#372,.T.);
#4277=EDGE_CURVE('',#3440,#3441,#373,.T.);
#4278=EDGE_CURVE('',#3441,#3442,#374,.T.);
#4279=EDGE_CURVE('',#3442,#3436,#375,.T.);
#4280=EDGE_CURVE('',#3443,#3444,#376,.T.);
#4281=EDGE_CURVE('',#3444,#3445,#377,.T.);
#4282=EDGE_CURVE('',#3445,#3446,#378,.T.);
#4283=EDGE_CURVE('',#3446,#3447,#379,.T.);
#4284=EDGE_CURVE('',#3447,#3448,#380,.T.);
#4285=EDGE_CURVE('',#3448,#3443,#381,.T.);
#4286=EDGE_CURVE('',#3449,#3450,#382,.T.);
#4287=EDGE_CURVE('',#3450,#3451,#383,.T.);
#4288=EDGE_CURVE('',#3451,#3452,#384,.T.);
#4289=EDGE_CURVE('',#3452,#3453,#385,.T.);
#4290=EDGE_CURVE('',#3453,#3454,#386,.T.);
#4291=EDGE_CURVE('',#3454,#3455,#387,.T.);
#4292=EDGE_CURVE('',#3455,#3456,#388,.T.);
#4293=EDGE_CURVE('',#3456,#3449,#389,.T.);
#4294=EDGE_CURVE('',#3457,#3458,#390,.T.);
#4295=EDGE_CURVE('',#3458,#3459,#391,.T.);
#4296=EDGE_CURVE('',#3459,#3460,#392,.T.);
#4297=EDGE_CURVE('',#3460,#3461,#393,.T.);
#4298=EDGE_CURVE('',#3461,#3462,#394,.T.);
#4299=EDGE_CURVE('',#3462,#3457,#395,.T.);
#4300=EDGE_CURVE('',#3463,#3464,#396,.T.);
#4301=EDGE_CURVE('',#3464,#3465,#397,.T.);
#4302=EDGE_CURVE('',#3465,#3466,#398,.T.);
#4303=EDGE_CURVE('',#3466,#3467,#399,.T.);
#4304=EDGE_CURVE('',#3468,#3467,#400,.T.);
#4305=EDGE_CURVE('',#3468,#3469,#401,.T.);
#4306=EDGE_CURVE('',#3469,#3470,#402,.T.);
#4307=EDGE_CURVE('',#3470,#3463,#403,.T.);
#4308=EDGE_CURVE('',#3471,#3472,#404,.T.);
#4309=EDGE_CURVE('',#3472,#3473,#405,.T.);
#4310=EDGE_CURVE('',#3473,#3474,#406,.T.);
#4311=EDGE_CURVE('',#3474,#3475,#407,.T.);
#4312=EDGE_CURVE('',#3475,#3476,#408,.T.);
#4313=EDGE_CURVE('',#3476,#3471,#409,.T.);
#4314=EDGE_CURVE('',#3477,#3478,#410,.T.);
#4315=EDGE_CURVE('',#3478,#3479,#411,.T.);
#4316=EDGE_CURVE('',#3479,#3480,#412,.T.);
#4317=EDGE_CURVE('',#3480,#3481,#413,.T.);
#4318=EDGE_CURVE('',#3482,#3481,#414,.T.);
#4319=EDGE_CURVE('',#3482,#3483,#415,.T.);
#4320=EDGE_CURVE('',#3483,#3484,#416,.T.);
#4321=EDGE_CURVE('',#3484,#3477,#417,.T.);
#4322=EDGE_CURVE('',#3485,#3486,#418,.T.);
#4323=EDGE_CURVE('',#3486,#3487,#419,.T.);
#4324=EDGE_CURVE('',#3487,#3488,#420,.T.);
#4325=EDGE_CURVE('',#3488,#3489,#421,.T.);
#4326=EDGE_CURVE('',#3489,#3490,#422,.T.);
#4327=EDGE_CURVE('',#3490,#3485,#423,.T.);
#4328=EDGE_CURVE('',#3491,#3492,#424,.T.);
#4329=EDGE_CURVE('',#3492,#3493,#425,.T.);
#4330=EDGE_CURVE('',#3493,#3494,#426,.T.);
#4331=EDGE_CURVE('',#3494,#3495,#427,.T.);
#4332=EDGE_CURVE('',#3495,#3496,#428,.T.);
#4333=EDGE_CURVE('',#3496,#3497,#429,.T.);
#4334=EDGE_CURVE('',#3497,#3498,#430,.T.);
#4335=EDGE_CURVE('',#3498,#3491,#431,.T.);
#4336=EDGE_CURVE('',#3499,#3500,#432,.T.);
#4337=EDGE_CURVE('',#3499,#3501,#433,.T.);
#4338=EDGE_CURVE('',#3501,#3502,#434,.T.);
#4339=EDGE_CURVE('',#3502,#3503,#435,.T.);
#4340=EDGE_CURVE('',#3503,#3504,#436,.T.);
#4341=EDGE_CURVE('',#3504,#3505,#437,.T.);
#4342=EDGE_CURVE('',#3505,#3506,#438,.T.);
#4343=EDGE_CURVE('',#3506,#3500,#439,.T.);
#4344=EDGE_CURVE('',#3507,#3508,#440,.T.);
#4345=EDGE_CURVE('',#3508,#3509,#441,.T.);
#4346=EDGE_CURVE('',#3509,#3510,#442,.T.);
#4347=EDGE_CURVE('',#3510,#3511,#443,.T.);
#4348=EDGE_CURVE('',#3511,#3512,#444,.T.);
#4349=EDGE_CURVE('',#3512,#3507,#445,.T.);
#4350=EDGE_CURVE('',#3513,#3514,#446,.T.);
#4351=EDGE_CURVE('',#3513,#3515,#447,.T.);
#4352=EDGE_CURVE('',#3516,#3515,#448,.T.);
#4353=EDGE_CURVE('',#3516,#3517,#449,.T.);
#4354=EDGE_CURVE('',#3517,#3518,#450,.T.);
#4355=EDGE_CURVE('',#3518,#3519,#451,.T.);
#4356=EDGE_CURVE('',#3519,#3520,#452,.T.);
#4357=EDGE_CURVE('',#3520,#3521,#453,.T.);
#4358=EDGE_CURVE('',#3522,#3521,#454,.T.);
#4359=EDGE_CURVE('',#3522,#3523,#455,.T.);
#4360=EDGE_CURVE('',#3523,#3524,#456,.T.);
#4361=EDGE_CURVE('',#3524,#3525,#457,.T.);
#4362=EDGE_CURVE('',#3525,#3526,#458,.T.);
#4363=EDGE_CURVE('',#3526,#3514,#459,.T.);
#4364=EDGE_CURVE('',#3527,#3528,#460,.T.);
#4365=EDGE_CURVE('',#3527,#3529,#461,.T.);
#4366=EDGE_CURVE('',#3530,#3529,#462,.T.);
#4367=EDGE_CURVE('',#3530,#3531,#463,.T.);
#4368=EDGE_CURVE('',#3531,#3532,#464,.T.);
#4369=EDGE_CURVE('',#3532,#3533,#465,.T.);
#4370=EDGE_CURVE('',#3533,#3534,#466,.T.);
#4371=EDGE_CURVE('',#3534,#3535,#467,.T.);
#4372=EDGE_CURVE('',#3536,#3535,#468,.T.);
#4373=EDGE_CURVE('',#3536,#3537,#469,.T.);
#4374=EDGE_CURVE('',#3537,#3538,#470,.T.);
#4375=EDGE_CURVE('',#3538,#3539,#471,.T.);
#4376=EDGE_CURVE('',#3539,#3540,#472,.T.);
#4377=EDGE_CURVE('',#3540,#3528,#473,.T.);
#4378=EDGE_CURVE('',#3443,#3541,#474,.T.);
#4379=EDGE_CURVE('',#3542,#3541,#475,.T.);
#4380=EDGE_CURVE('',#3542,#3444,#476,.T.);
#4381=EDGE_CURVE('',#3543,#3448,#477,.T.);
#4382=EDGE_CURVE('',#3541,#3543,#478,.T.);
#4383=EDGE_CURVE('',#3544,#3447,#479,.T.);
#4384=EDGE_CURVE('',#3543,#3544,#480,.T.);
#4385=EDGE_CURVE('',#3545,#3446,#481,.T.);
#4386=EDGE_CURVE('',#3544,#3545,#482,.T.);
#4387=EDGE_CURVE('',#3546,#3445,#483,.T.);
#4388=EDGE_CURVE('',#3545,#3546,#484,.T.);
#4389=EDGE_CURVE('',#3546,#3542,#485,.T.);
#4390=EDGE_CURVE('',#3547,#3547,#3059,.T.);
#4391=EDGE_CURVE('',#3547,#3548,#486,.T.);
#4392=EDGE_CURVE('',#3548,#3548,#3060,.T.);
#4393=EDGE_CURVE('',#3471,#3549,#487,.T.);
#4394=EDGE_CURVE('',#3550,#3549,#488,.T.);
#4395=EDGE_CURVE('',#3550,#3472,#489,.T.);
#4396=EDGE_CURVE('',#3551,#3476,#490,.T.);
#4397=EDGE_CURVE('',#3549,#3551,#491,.T.);
#4398=EDGE_CURVE('',#3552,#3475,#492,.T.);
#4399=EDGE_CURVE('',#3551,#3552,#493,.T.);
#4400=EDGE_CURVE('',#3553,#3474,#494,.T.);
#4401=EDGE_CURVE('',#3552,#3553,#495,.T.);
#4402=EDGE_CURVE('',#3554,#3473,#496,.T.);
#4403=EDGE_CURVE('',#3553,#3554,#497,.T.);
#4404=EDGE_CURVE('',#3554,#3550,#498,.T.);
#4405=EDGE_CURVE('',#3555,#3555,#3061,.T.);
#4406=EDGE_CURVE('',#3555,#3556,#499,.T.);
#4407=EDGE_CURVE('',#3556,#3556,#3062,.T.);
#4408=EDGE_CURVE('',#3485,#3557,#500,.T.);
#4409=EDGE_CURVE('',#3558,#3557,#501,.T.);
#4410=EDGE_CURVE('',#3558,#3486,#502,.T.);
#4411=EDGE_CURVE('',#3559,#3490,#503,.T.);
#4412=EDGE_CURVE('',#3557,#3559,#504,.T.);
#4413=EDGE_CURVE('',#3560,#3489,#505,.T.);
#4414=EDGE_CURVE('',#3559,#3560,#506,.T.);
#4415=EDGE_CURVE('',#3561,#3488,#507,.T.);
#4416=EDGE_CURVE('',#3560,#3561,#508,.T.);
#4417=EDGE_CURVE('',#3562,#3487,#509,.T.);
#4418=EDGE_CURVE('',#3561,#3562,#510,.T.);
#4419=EDGE_CURVE('',#3562,#3558,#511,.T.);
#4420=EDGE_CURVE('',#3563,#3563,#3063,.T.);
#4421=EDGE_CURVE('',#3563,#3564,#512,.T.);
#4422=EDGE_CURVE('',#3564,#3564,#3064,.T.);
#4423=EDGE_CURVE('',#3507,#3565,#513,.T.);
#4424=EDGE_CURVE('',#3566,#3565,#514,.T.);
#4425=EDGE_CURVE('',#3566,#3508,#515,.T.);
#4426=EDGE_CURVE('',#3567,#3512,#516,.T.);
#4427=EDGE_CURVE('',#3565,#3567,#517,.T.);
#4428=EDGE_CURVE('',#3568,#3511,#518,.T.);
#4429=EDGE_CURVE('',#3567,#3568,#519,.T.);
#4430=EDGE_CURVE('',#3569,#3510,#520,.T.);
#4431=EDGE_CURVE('',#3568,#3569,#521,.T.);
#4432=EDGE_CURVE('',#3570,#3509,#522,.T.);
#4433=EDGE_CURVE('',#3569,#3570,#523,.T.);
#4434=EDGE_CURVE('',#3570,#3566,#524,.T.);
#4435=EDGE_CURVE('',#3571,#3571,#3065,.T.);
#4436=EDGE_CURVE('',#3571,#3572,#525,.T.);
#4437=EDGE_CURVE('',#3572,#3572,#3066,.T.);
#4438=EDGE_CURVE('',#3457,#3573,#526,.T.);
#4439=EDGE_CURVE('',#3574,#3573,#527,.T.);
#4440=EDGE_CURVE('',#3574,#3458,#528,.T.);
#4441=EDGE_CURVE('',#3575,#3462,#529,.T.);
#4442=EDGE_CURVE('',#3573,#3575,#530,.T.);
#4443=EDGE_CURVE('',#3576,#3461,#531,.T.);
#4444=EDGE_CURVE('',#3575,#3576,#532,.T.);
#4445=EDGE_CURVE('',#3577,#3460,#533,.T.);
#4446=EDGE_CURVE('',#3576,#3577,#534,.T.);
#4447=EDGE_CURVE('',#3578,#3459,#535,.T.);
#4448=EDGE_CURVE('',#3577,#3578,#536,.T.);
#4449=EDGE_CURVE('',#3578,#3574,#537,.T.);
#4450=EDGE_CURVE('',#3579,#3579,#3067,.T.);
#4451=EDGE_CURVE('',#3579,#3580,#538,.T.);
#4452=EDGE_CURVE('',#3580,#3580,#3068,.T.);
#4453=EDGE_CURVE('',#3581,#3463,#539,.T.);
#4454=EDGE_CURVE('',#3581,#3582,#540,.T.);
#4455=EDGE_CURVE('',#3582,#3435,#541,.T.);
#4456=EDGE_CURVE('',#3583,#3436,#542,.T.);
#4457=EDGE_CURVE('',#3583,#3584,#543,.T.);
#4458=EDGE_CURVE('',#3584,#3389,#544,.T.);
#4459=EDGE_CURVE('',#3585,#3388,#545,.T.);
#4460=EDGE_CURVE('',#3586,#3585,#546,.T.);
#4461=EDGE_CURVE('',#3586,#3478,#547,.T.);
#4462=EDGE_CURVE('',#3587,#3477,#548,.T.);
#4463=EDGE_CURVE('',#3588,#3587,#549,.T.);
#4464=EDGE_CURVE('',#3588,#3464,#550,.T.);
#4465=EDGE_CURVE('',#3588,#3589,#551,.T.);
#4466=EDGE_CURVE('',#3589,#3465,#552,.T.);
#4467=EDGE_CURVE('',#3589,#3590,#553,.T.);
#4468=EDGE_CURVE('',#3590,#3466,#554,.T.);
#4469=EDGE_CURVE('',#3591,#3592,#555,.T.);
#4470=EDGE_CURVE('',#3593,#3592,#556,.T.);
#4471=EDGE_CURVE('',#3591,#3593,#557,.T.);
#4472=EDGE_CURVE('',#3594,#3595,#558,.T.);
#4473=EDGE_CURVE('',#3596,#3594,#559,.T.);
#4474=EDGE_CURVE('',#3596,#3595,#560,.T.);
#4475=EDGE_CURVE('',#3597,#3598,#561,.T.);
#4476=EDGE_CURVE('',#3597,#3599,#562,.T.);
#4477=EDGE_CURVE('',#3598,#3599,#563,.T.);
#4478=EDGE_CURVE('',#3600,#3601,#564,.T.);
#4479=EDGE_CURVE('',#3601,#3602,#565,.T.);
#4480=EDGE_CURVE('',#3602,#3600,#566,.T.);
#4481=EDGE_CURVE('',#3603,#3581,#567,.T.);
#4482=EDGE_CURVE('',#3604,#3603,#568,.T.);
#4483=EDGE_CURVE('',#3605,#3604,#569,.T.);
#4484=EDGE_CURVE('',#3605,#3606,#570,.T.);
#4485=EDGE_CURVE('',#3607,#3606,#571,.T.);
#4486=EDGE_CURVE('',#3608,#3607,#572,.T.);
#4487=EDGE_CURVE('',#3582,#3608,#573,.T.);
#4488=EDGE_CURVE('',#3609,#3583,#574,.T.);
#4489=EDGE_CURVE('',#3610,#3609,#575,.T.);
#4490=EDGE_CURVE('',#3611,#3610,#576,.T.);
#4491=EDGE_CURVE('',#3611,#3612,#577,.T.);
#4492=EDGE_CURVE('',#3613,#3612,#578,.T.);
#4493=EDGE_CURVE('',#3614,#3613,#579,.T.);
#4494=EDGE_CURVE('',#3584,#3614,#580,.T.);
#4495=EDGE_CURVE('',#3615,#3616,#581,.T.);
#4496=EDGE_CURVE('',#3617,#3616,#582,.T.);
#4497=EDGE_CURVE('',#3618,#3617,#583,.T.);
#4498=EDGE_CURVE('',#3619,#3618,#584,.T.);
#4499=EDGE_CURVE('',#3620,#3619,#585,.T.);
#4500=EDGE_CURVE('',#3621,#3620,#586,.T.);
#4501=EDGE_CURVE('',#3622,#3621,#587,.T.);
#4502=EDGE_CURVE('',#3615,#3622,#588,.T.);
#4503=EDGE_CURVE('',#3623,#3624,#589,.T.);
#4504=EDGE_CURVE('',#3624,#3625,#590,.T.);
#4505=EDGE_CURVE('',#3625,#3626,#591,.T.);
#4506=EDGE_CURVE('',#3626,#3627,#592,.T.);
#4507=EDGE_CURVE('',#3628,#3627,#593,.T.);
#4508=EDGE_CURVE('',#3629,#3628,#594,.T.);
#4509=EDGE_CURVE('',#3630,#3629,#595,.T.);
#4510=EDGE_CURVE('',#3623,#3630,#596,.T.);
#4511=EDGE_CURVE('',#3631,#3587,#597,.T.);
#4512=EDGE_CURVE('',#3632,#3631,#598,.T.);
#4513=EDGE_CURVE('',#3633,#3632,#599,.T.);
#4514=EDGE_CURVE('',#3633,#3634,#600,.T.);
#4515=EDGE_CURVE('',#3590,#3634,#601,.T.);
#4516=EDGE_CURVE('',#3585,#3635,#602,.T.);
#4517=EDGE_CURVE('',#3635,#3636,#603,.T.);
#4518=EDGE_CURVE('',#3636,#3637,#604,.T.);
#4519=EDGE_CURVE('',#3637,#3638,#605,.T.);
#4520=EDGE_CURVE('',#3639,#3638,#606,.T.);
#4521=EDGE_CURVE('',#3640,#3639,#607,.T.);
#4522=EDGE_CURVE('',#3586,#3640,#608,.T.);
#4523=EDGE_CURVE('',#3641,#3642,#609,.T.);
#4524=EDGE_CURVE('',#3643,#3641,#610,.T.);
#4525=EDGE_CURVE('',#3644,#3643,#611,.T.);
#4526=EDGE_CURVE('',#3645,#3644,#612,.T.);
#4527=EDGE_CURVE('',#3646,#3645,#613,.T.);
#4528=EDGE_CURVE('',#3647,#3646,#614,.T.);
#4529=EDGE_CURVE('',#3648,#3647,#615,.T.);
#4530=EDGE_CURVE('',#3642,#3648,#616,.T.);
#4531=EDGE_CURVE('',#3649,#3378,#617,.T.);
#4532=EDGE_CURVE('',#3650,#3649,#618,.T.);
#4533=EDGE_CURVE('',#3651,#3650,#619,.T.);
#4534=EDGE_CURVE('',#3652,#3651,#620,.T.);
#4535=EDGE_CURVE('',#3653,#3652,#621,.T.);
#4536=EDGE_CURVE('',#3654,#3653,#622,.T.);
#4537=EDGE_CURVE('',#3379,#3654,#623,.T.);
#4538=EDGE_CURVE('',#3655,#3656,#624,.T.);
#4539=EDGE_CURVE('',#3657,#3655,#625,.T.);
#4540=EDGE_CURVE('',#3656,#3657,#626,.T.);
#4541=EDGE_CURVE('',#3658,#3659,#627,.T.);
#4542=EDGE_CURVE('',#3660,#3658,#628,.T.);
#4543=EDGE_CURVE('',#3660,#3659,#629,.T.);
#4544=EDGE_CURVE('',#3661,#3662,#630,.T.);
#4545=EDGE_CURVE('',#3663,#3661,#631,.T.);
#4546=EDGE_CURVE('',#3662,#3663,#632,.T.);
#4547=EDGE_CURVE('',#3664,#3665,#633,.T.);
#4548=EDGE_CURVE('',#3666,#3664,#634,.T.);
#4549=EDGE_CURVE('',#3666,#3665,#635,.T.);
#4550=EDGE_CURVE('',#3667,#3668,#636,.T.);
#4551=EDGE_CURVE('',#3668,#3669,#3069,.T.);
#4552=EDGE_CURVE('',#3669,#3670,#637,.T.);
#4553=EDGE_CURVE('',#3670,#3671,#3070,.T.);
#4554=EDGE_CURVE('',#3671,#3672,#638,.T.);
#4555=EDGE_CURVE('',#3672,#3673,#639,.T.);
#4556=EDGE_CURVE('',#3673,#3674,#3071,.T.);
#4557=EDGE_CURVE('',#3675,#3674,#640,.T.);
#4558=EDGE_CURVE('',#3675,#3676,#3072,.T.);
#4559=EDGE_CURVE('',#3676,#3677,#641,.T.);
#4560=EDGE_CURVE('',#3677,#3678,#642,.T.);
#4561=EDGE_CURVE('',#3678,#3679,#643,.T.);
#4562=EDGE_CURVE('',#3679,#3680,#644,.T.);
#4563=EDGE_CURVE('',#3681,#3680,#645,.T.);
#4564=EDGE_CURVE('',#3682,#3681,#646,.T.);
#4565=EDGE_CURVE('',#3683,#3682,#647,.T.);
#4566=EDGE_CURVE('',#3684,#3683,#648,.T.);
#4567=EDGE_CURVE('',#3342,#3684,#649,.T.);
#4568=EDGE_CURVE('',#3341,#3685,#650,.T.);
#4569=EDGE_CURVE('',#3685,#3686,#3073,.T.);
#4570=EDGE_CURVE('',#3686,#3687,#651,.T.);
#4571=EDGE_CURVE('',#3687,#3667,#3074,.T.);
#4572=EDGE_CURVE('',#3688,#3689,#652,.T.);
#4573=EDGE_CURVE('',#3689,#3690,#3075,.T.);
#4574=EDGE_CURVE('',#3690,#3348,#653,.T.);
#4575=EDGE_CURVE('',#3347,#3691,#654,.T.);
#4576=EDGE_CURVE('',#3691,#3692,#655,.T.);
#4577=EDGE_CURVE('',#3693,#3692,#656,.T.);
#4578=EDGE_CURVE('',#3694,#3693,#657,.T.);
#4579=EDGE_CURVE('',#3695,#3694,#658,.T.);
#4580=EDGE_CURVE('',#3696,#3695,#659,.T.);
#4581=EDGE_CURVE('',#3697,#3696,#660,.T.);
#4582=EDGE_CURVE('',#3697,#3698,#661,.T.);
#4583=EDGE_CURVE('',#3698,#3699,#662,.T.);
#4584=EDGE_CURVE('',#3699,#3700,#3076,.T.);
#4585=EDGE_CURVE('',#3701,#3700,#663,.T.);
#4586=EDGE_CURVE('',#3701,#3702,#3077,.T.);
#4587=EDGE_CURVE('',#3702,#3703,#664,.T.);
#4588=EDGE_CURVE('',#3703,#3704,#665,.T.);
#4589=EDGE_CURVE('',#3704,#3705,#3078,.T.);
#4590=EDGE_CURVE('',#3705,#3706,#666,.T.);
#4591=EDGE_CURVE('',#3706,#3707,#3079,.T.);
#4592=EDGE_CURVE('',#3707,#3708,#667,.T.);
#4593=EDGE_CURVE('',#3708,#3688,#3080,.T.);
#4594=EDGE_CURVE('',#3591,#3709,#668,.T.);
#4595=EDGE_CURVE('',#3710,#3709,#669,.T.);
#4596=EDGE_CURVE('',#3592,#3710,#670,.T.);
#4597=EDGE_CURVE('',#3711,#3712,#671,.T.);
#4598=EDGE_CURVE('',#3712,#3713,#3081,.T.);
#4599=EDGE_CURVE('',#3713,#3714,#672,.T.);
#4600=EDGE_CURVE('',#3714,#3715,#3082,.T.);
#4601=EDGE_CURVE('',#3715,#3716,#673,.T.);
#4602=EDGE_CURVE('',#3716,#3266,#3083,.T.);
#4603=EDGE_CURVE('',#3593,#3265,#674,.T.);
#4604=EDGE_CURVE('',#3717,#3710,#675,.T.);
#4605=EDGE_CURVE('',#3653,#3717,#676,.T.);
#4606=EDGE_CURVE('',#3652,#3504,#677,.T.);
#4607=EDGE_CURVE('',#3646,#3503,#678,.T.);
#4608=EDGE_CURVE('',#3645,#3496,#679,.T.);
#4609=EDGE_CURVE('',#3620,#3495,#680,.T.);
#4610=EDGE_CURVE('',#3619,#3454,#681,.T.);
#4611=EDGE_CURVE('',#3628,#3453,#682,.T.);
#4612=EDGE_CURVE('',#3627,#3718,#683,.T.);
#4613=EDGE_CURVE('',#3718,#3719,#684,.T.);
#4614=EDGE_CURVE('',#3598,#3719,#685,.T.);
#4615=EDGE_CURVE('',#3720,#3599,#686,.T.);
#4616=EDGE_CURVE('',#3721,#3720,#687,.T.);
#4617=EDGE_CURVE('',#3721,#3711,#3084,.T.);
#4618=EDGE_CURVE('',#3711,#3199,#688,.T.);
#4619=EDGE_CURVE('',#3198,#3712,#689,.T.);
#4620=EDGE_CURVE('',#3721,#3201,#690,.T.);
#4621=EDGE_CURVE('',#3365,#3720,#691,.T.);
#4622=EDGE_CURVE('',#3363,#3350,#692,.T.);
#4623=EDGE_CURVE('',#3337,#3722,#693,.T.);
#4624=EDGE_CURVE('',#3723,#3722,#694,.T.);
#4625=EDGE_CURVE('',#3723,#3724,#695,.T.);
#4626=EDGE_CURVE('',#3725,#3724,#696,.T.);
#4627=EDGE_CURVE('',#3725,#3726,#697,.T.);
#4628=EDGE_CURVE('',#3222,#3726,#698,.T.);
#4629=EDGE_CURVE('',#3727,#3221,#699,.T.);
#4630=EDGE_CURVE('',#3728,#3727,#3085,.T.);
#4631=EDGE_CURVE('',#3188,#3728,#700,.T.);
#4632=EDGE_CURVE('',#3729,#3729,#3086,.T.);
#4633=EDGE_CURVE('',#3730,#3730,#3087,.T.);
#4634=EDGE_CURVE('',#3731,#3731,#3088,.T.);
#4635=EDGE_CURVE('',#3732,#3732,#3089,.T.);
#4636=EDGE_CURVE('',#3733,#3733,#3090,.T.);
#4637=EDGE_CURVE('',#3270,#3282,#701,.T.);
#4638=EDGE_CURVE('',#3307,#3729,#702,.T.);
#4639=EDGE_CURVE('',#3271,#3284,#703,.T.);
#4640=EDGE_CURVE('',#3305,#3730,#704,.T.);
#4641=EDGE_CURVE('',#3272,#3279,#705,.T.);
#4642=EDGE_CURVE('',#3303,#3731,#706,.T.);
#4643=EDGE_CURVE('',#3250,#3273,#707,.T.);
#4644=EDGE_CURVE('',#3732,#3328,#708,.T.);
#4645=EDGE_CURVE('',#3251,#3274,#709,.T.);
#4646=EDGE_CURVE('',#3733,#3329,#710,.T.);
#4647=EDGE_CURVE('',#3197,#3713,#711,.T.);
#4648=EDGE_CURVE('',#3196,#3714,#712,.T.);
#4649=EDGE_CURVE('',#3195,#3715,#713,.T.);
#4650=EDGE_CURVE('',#3194,#3716,#714,.T.);
#4651=EDGE_CURVE('',#3241,#3267,#715,.T.);
#4652=EDGE_CURVE('',#3728,#3322,#716,.T.);
#4653=EDGE_CURVE('',#3240,#3268,#717,.T.);
#4654=EDGE_CURVE('',#3727,#3323,#718,.T.);
#4655=EDGE_CURVE('',#3224,#3734,#719,.T.);
#4656=EDGE_CURVE('',#3735,#3734,#720,.T.);
#4657=EDGE_CURVE('',#3225,#3735,#721,.T.);
#4658=EDGE_CURVE('',#3734,#3726,#3091,.T.);
#4659=EDGE_CURVE('',#3725,#3602,#722,.T.);
#4660=EDGE_CURVE('',#3601,#3736,#723,.T.);
#4661=EDGE_CURVE('',#3737,#3736,#724,.T.);
#4662=EDGE_CURVE('',#3612,#3737,#725,.T.);
#4663=EDGE_CURVE('',#3611,#3440,#726,.T.);
#4664=EDGE_CURVE('',#3606,#3439,#727,.T.);
#4665=EDGE_CURVE('',#3605,#3468,#728,.T.);
#4666=EDGE_CURVE('',#3634,#3467,#729,.T.);
#4667=EDGE_CURVE('',#3633,#3482,#730,.T.);
#4668=EDGE_CURVE('',#3638,#3481,#731,.T.);
#4669=EDGE_CURVE('',#3637,#3738,#732,.T.);
#4670=EDGE_CURVE('',#3738,#3739,#733,.T.);
#4671=EDGE_CURVE('',#3595,#3739,#734,.T.);
#4672=EDGE_CURVE('',#3596,#3256,#735,.T.);
#4673=EDGE_CURVE('',#3255,#3740,#3092,.T.);
#4674=EDGE_CURVE('',#3740,#3741,#736,.T.);
#4675=EDGE_CURVE('',#3741,#3742,#3093,.T.);
#4676=EDGE_CURVE('',#3742,#3743,#737,.T.);
#4677=EDGE_CURVE('',#3743,#3735,#3094,.T.);
#4678=EDGE_CURVE('',#3226,#3743,#738,.T.);
#4679=EDGE_CURVE('',#3227,#3742,#739,.T.);
#4680=EDGE_CURVE('',#3228,#3741,#740,.T.);
#4681=EDGE_CURVE('',#3740,#3229,#741,.T.);
#4682=EDGE_CURVE('',#3744,#3257,#742,.T.);
#4683=EDGE_CURVE('',#3594,#3745,#743,.T.);
#4684=EDGE_CURVE('',#3745,#3746,#744,.T.);
#4685=EDGE_CURVE('',#3744,#3746,#745,.T.);
#4686=EDGE_CURVE('',#3362,#3747,#746,.T.);
#4687=EDGE_CURVE('',#3709,#3747,#747,.T.);
#4688=EDGE_CURVE('',#3748,#3749,#748,.T.);
#4689=EDGE_CURVE('',#3748,#3750,#3095,.T.);
#4690=EDGE_CURVE('',#3258,#3750,#749,.T.);
#4691=EDGE_CURVE('',#3744,#3751,#750,.T.);
#4692=EDGE_CURVE('',#3751,#3752,#751,.T.);
#4693=EDGE_CURVE('',#3752,#3753,#752,.T.);
#4694=EDGE_CURVE('',#3754,#3753,#753,.T.);
#4695=EDGE_CURVE('',#3755,#3754,#754,.T.);
#4696=EDGE_CURVE('',#3756,#3755,#755,.T.);
#4697=EDGE_CURVE('',#3756,#3757,#756,.T.);
#4698=EDGE_CURVE('',#3757,#3749,#3096,.T.);
#4699=EDGE_CURVE('',#3758,#3759,#757,.T.);
#4700=EDGE_CURVE('',#3759,#3760,#758,.T.);
#4701=EDGE_CURVE('',#3761,#3760,#759,.T.);
#4702=EDGE_CURVE('',#3761,#3762,#760,.T.);
#4703=EDGE_CURVE('',#3762,#3763,#761,.T.);
#4704=EDGE_CURVE('',#3764,#3763,#762,.T.);
#4705=EDGE_CURVE('',#3765,#3764,#763,.T.);
#4706=EDGE_CURVE('',#3724,#3765,#764,.T.);
#4707=EDGE_CURVE('',#3766,#3723,#765,.T.);
#4708=EDGE_CURVE('',#3766,#3767,#3097,.T.);
#4709=EDGE_CURVE('',#3767,#3768,#766,.T.);
#4710=EDGE_CURVE('',#3768,#3758,#3098,.T.);
#4711=EDGE_CURVE('',#3748,#3769,#767,.T.);
#4712=EDGE_CURVE('',#3770,#3749,#768,.T.);
#4713=EDGE_CURVE('',#3769,#3770,#769,.T.);
#4714=EDGE_CURVE('',#3771,#3769,#3099,.T.);
#4715=EDGE_CURVE('',#3750,#3771,#770,.T.);
#4716=EDGE_CURVE('',#3259,#3771,#771,.T.);
#4717=EDGE_CURVE('',#3772,#3678,#772,.T.);
#4718=EDGE_CURVE('',#3170,#3677,#773,.T.);
#4719=EDGE_CURVE('',#3170,#3239,#774,.T.);
#4720=EDGE_CURVE('',#3770,#3772,#3100,.T.);
#4721=EDGE_CURVE('',#3773,#3774,#775,.T.);
#4722=EDGE_CURVE('',#3773,#3775,#3101,.T.);
#4723=EDGE_CURVE('',#3775,#3722,#776,.T.);
#4724=EDGE_CURVE('',#3324,#3776,#777,.T.);
#4725=EDGE_CURVE('',#3776,#3698,#778,.T.);
#4726=EDGE_CURVE('',#3777,#3697,#779,.T.);
#4727=EDGE_CURVE('',#3777,#3774,#3102,.T.);
#4728=EDGE_CURVE('',#3679,#3385,#780,.T.);
#4729=EDGE_CURVE('',#3772,#3386,#24,.T.);
#4730=EDGE_CURVE('',#3387,#3757,#25,.T.);
#4731=EDGE_CURVE('',#3778,#3756,#781,.T.);
#4732=EDGE_CURVE('',#3635,#3778,#782,.T.);
#4733=EDGE_CURVE('',#3778,#3779,#783,.T.);
#4734=EDGE_CURVE('',#3636,#3779,#784,.T.);
#4735=EDGE_CURVE('',#3779,#3738,#785,.T.);
#4736=EDGE_CURVE('',#3780,#3755,#786,.T.);
#4737=EDGE_CURVE('',#3781,#3780,#787,.T.);
#4738=EDGE_CURVE('',#3782,#3781,#788,.T.);
#4739=EDGE_CURVE('',#3783,#3782,#789,.T.);
#4740=EDGE_CURVE('',#3752,#3783,#790,.T.);
#4741=EDGE_CURVE('',#3746,#3751,#791,.T.);
#4742=EDGE_CURVE('',#3739,#3745,#792,.T.);
#4743=EDGE_CURVE('',#3783,#3784,#793,.T.);
#4744=EDGE_CURVE('',#3753,#3784,#794,.T.);
#4745=EDGE_CURVE('',#3785,#3786,#795,.T.);
#4746=EDGE_CURVE('',#3786,#3754,#796,.T.);
#4747=EDGE_CURVE('',#3784,#3787,#797,.T.);
#4748=EDGE_CURVE('',#3787,#3785,#798,.T.);
#4749=EDGE_CURVE('',#3788,#3788,#3103,.T.);
#4750=EDGE_CURVE('',#3780,#3786,#799,.T.);
#4751=EDGE_CURVE('',#3785,#3781,#800,.T.);
#4752=EDGE_CURVE('',#3782,#3787,#801,.T.);
#4753=EDGE_CURVE('',#3788,#3789,#802,.T.);
#4754=EDGE_CURVE('',#3789,#3789,#3104,.T.);
#4755=EDGE_CURVE('',#3655,#3393,#803,.T.);
#4756=EDGE_CURVE('',#3696,#3392,#804,.T.);
#4757=EDGE_CURVE('',#3695,#3516,#805,.T.);
#4758=EDGE_CURVE('',#3657,#3515,#806,.T.);
#4759=EDGE_CURVE('',#3665,#3384,#807,.T.);
#4760=EDGE_CURVE('',#3666,#3534,#808,.T.);
#4761=EDGE_CURVE('',#3680,#3533,#809,.T.);
#4762=EDGE_CURVE('',#3514,#3790,#810,.T.);
#4763=EDGE_CURVE('',#3791,#3790,#811,.T.);
#4764=EDGE_CURVE('',#3791,#3522,#812,.T.);
#4765=EDGE_CURVE('',#3658,#3521,#813,.T.);
#4766=EDGE_CURVE('',#3659,#3394,#814,.T.);
#4767=EDGE_CURVE('',#3656,#3513,#815,.T.);
#4768=EDGE_CURVE('',#3792,#3526,#816,.T.);
#4769=EDGE_CURVE('',#3790,#3792,#817,.T.);
#4770=EDGE_CURVE('',#3792,#3793,#818,.T.);
#4771=EDGE_CURVE('',#3793,#3794,#819,.T.);
#4772=EDGE_CURVE('',#3794,#3795,#820,.T.);
#4773=EDGE_CURVE('',#3795,#3791,#821,.T.);
#4774=EDGE_CURVE('',#3796,#3796,#3105,.T.);
#4775=EDGE_CURVE('',#3795,#3523,#822,.T.);
#4776=EDGE_CURVE('',#3794,#3524,#823,.T.);
#4777=EDGE_CURVE('',#3793,#3525,#824,.T.);
#4778=EDGE_CURVE('',#3796,#3797,#825,.T.);
#4779=EDGE_CURVE('',#3797,#3797,#3106,.T.);
#4780=EDGE_CURVE('',#3660,#3520,#826,.T.);
#4781=EDGE_CURVE('',#3692,#3519,#827,.T.);
#4782=EDGE_CURVE('',#3691,#3395,#828,.T.);
#4783=EDGE_CURVE('',#3661,#3383,#829,.T.);
#4784=EDGE_CURVE('',#3684,#3382,#830,.T.);
#4785=EDGE_CURVE('',#3683,#3530,#831,.T.);
#4786=EDGE_CURVE('',#3663,#3529,#832,.T.);
#4787=EDGE_CURVE('',#3346,#3396,#26,.T.);
#4788=EDGE_CURVE('',#3345,#3374,#833,.T.);
#4789=EDGE_CURVE('',#3397,#3373,#27,.T.);
#4790=EDGE_CURVE('',#3375,#3344,#834,.T.);
#4791=EDGE_CURVE('',#3364,#3351,#835,.T.);
#4792=EDGE_CURVE('',#3798,#3372,#836,.T.);
#4793=EDGE_CURVE('',#3625,#3798,#837,.T.);
#4794=EDGE_CURVE('',#3624,#3398,#838,.T.);
#4795=EDGE_CURVE('',#3623,#3450,#839,.T.);
#4796=EDGE_CURVE('',#3616,#3449,#840,.T.);
#4797=EDGE_CURVE('',#3615,#3492,#841,.T.);
#4798=EDGE_CURVE('',#3641,#3491,#842,.T.);
#4799=EDGE_CURVE('',#3642,#3499,#843,.T.);
#4800=EDGE_CURVE('',#3649,#3500,#844,.T.);
#4801=EDGE_CURVE('',#3650,#3506,#845,.T.);
#4802=EDGE_CURVE('',#3651,#3505,#846,.T.);
#4803=EDGE_CURVE('',#3648,#3501,#847,.T.);
#4804=EDGE_CURVE('',#3647,#3502,#848,.T.);
#4805=EDGE_CURVE('',#3643,#3498,#849,.T.);
#4806=EDGE_CURVE('',#3644,#3497,#850,.T.);
#4807=EDGE_CURVE('',#3622,#3493,#851,.T.);
#4808=EDGE_CURVE('',#3621,#3494,#852,.T.);
#4809=EDGE_CURVE('',#3617,#3456,#853,.T.);
#4810=EDGE_CURVE('',#3618,#3455,#854,.T.);
#4811=EDGE_CURVE('',#3630,#3451,#855,.T.);
#4812=EDGE_CURVE('',#3629,#3452,#856,.T.);
#4813=EDGE_CURVE('',#3798,#3799,#857,.T.);
#4814=EDGE_CURVE('',#3626,#3799,#858,.T.);
#4815=EDGE_CURVE('',#3799,#3718,#859,.T.);
#4816=EDGE_CURVE('',#3800,#3371,#860,.T.);
#4817=EDGE_CURVE('',#3801,#3800,#861,.T.);
#4818=EDGE_CURVE('',#3802,#3801,#862,.T.);
#4819=EDGE_CURVE('',#3803,#3802,#863,.T.);
#4820=EDGE_CURVE('',#3368,#3803,#864,.T.);
#4821=EDGE_CURVE('',#3804,#3367,#865,.T.);
#4822=EDGE_CURVE('',#3805,#3804,#866,.T.);
#4823=EDGE_CURVE('',#3719,#3805,#867,.T.);
#4824=EDGE_CURVE('',#3597,#3805,#868,.T.);
#4825=EDGE_CURVE('',#3765,#3806,#869,.T.);
#4826=EDGE_CURVE('',#3807,#3806,#870,.T.);
#4827=EDGE_CURVE('',#3600,#3807,#871,.T.);
#4828=EDGE_CURVE('',#3366,#3804,#872,.T.);
#4829=EDGE_CURVE('',#3736,#3807,#873,.T.);
#4830=EDGE_CURVE('',#3808,#3759,#874,.T.);
#4831=EDGE_CURVE('',#3808,#3809,#875,.T.);
#4832=EDGE_CURVE('',#3809,#3737,#876,.T.);
#4833=EDGE_CURVE('',#3806,#3764,#877,.T.);
#4834=EDGE_CURVE('',#3763,#3810,#878,.T.);
#4835=EDGE_CURVE('',#3810,#3811,#879,.T.);
#4836=EDGE_CURVE('',#3811,#3812,#880,.T.);
#4837=EDGE_CURVE('',#3812,#3813,#881,.T.);
#4838=EDGE_CURVE('',#3813,#3760,#882,.T.);
#4839=EDGE_CURVE('',#3614,#3808,#883,.T.);
#4840=EDGE_CURVE('',#3758,#3390,#28,.T.);
#4841=EDGE_CURVE('',#3768,#3774,#884,.T.);
#4842=EDGE_CURVE('',#3391,#3777,#29,.T.);
#4843=EDGE_CURVE('',#3773,#3767,#885,.T.);
#4844=EDGE_CURVE('',#3775,#3766,#886,.T.);
#4845=EDGE_CURVE('',#3613,#3809,#887,.T.);
#4846=EDGE_CURVE('',#3814,#3813,#888,.T.);
#4847=EDGE_CURVE('',#3814,#3761,#889,.T.);
#4848=EDGE_CURVE('',#3815,#3814,#890,.T.);
#4849=EDGE_CURVE('',#3816,#3815,#891,.T.);
#4850=EDGE_CURVE('',#3817,#3816,#892,.T.);
#4851=EDGE_CURVE('',#3762,#3817,#893,.T.);
#4852=EDGE_CURVE('',#3818,#3818,#3107,.T.);
#4853=EDGE_CURVE('',#3812,#3815,#894,.T.);
#4854=EDGE_CURVE('',#3816,#3811,#895,.T.);
#4855=EDGE_CURVE('',#3817,#3810,#896,.T.);
#4856=EDGE_CURVE('',#3818,#3819,#897,.T.);
#4857=EDGE_CURVE('',#3819,#3819,#3108,.T.);
#4858=EDGE_CURVE('',#3803,#3820,#898,.T.);
#4859=EDGE_CURVE('',#3369,#3820,#899,.T.);
#4860=EDGE_CURVE('',#3821,#3822,#900,.T.);
#4861=EDGE_CURVE('',#3822,#3370,#901,.T.);
#4862=EDGE_CURVE('',#3820,#3823,#902,.T.);
#4863=EDGE_CURVE('',#3823,#3821,#903,.T.);
#4864=EDGE_CURVE('',#3824,#3824,#3109,.T.);
#4865=EDGE_CURVE('',#3800,#3822,#904,.T.);
#4866=EDGE_CURVE('',#3821,#3801,#905,.T.);
#4867=EDGE_CURVE('',#3802,#3823,#906,.T.);
#4868=EDGE_CURVE('',#3824,#3825,#907,.T.);
#4869=EDGE_CURVE('',#3825,#3825,#3110,.T.);
#4870=EDGE_CURVE('',#3693,#3518,#908,.T.);
#4871=EDGE_CURVE('',#3694,#3517,#909,.T.);
#4872=EDGE_CURVE('',#3826,#3528,#910,.T.);
#4873=EDGE_CURVE('',#3827,#3826,#911,.T.);
#4874=EDGE_CURVE('',#3827,#3536,#912,.T.);
#4875=EDGE_CURVE('',#3664,#3535,#913,.T.);
#4876=EDGE_CURVE('',#3662,#3527,#914,.T.);
#4877=EDGE_CURVE('',#3828,#3540,#915,.T.);
#4878=EDGE_CURVE('',#3826,#3828,#916,.T.);
#4879=EDGE_CURVE('',#3829,#3830,#917,.T.);
#4880=EDGE_CURVE('',#3830,#3827,#918,.T.);
#4881=EDGE_CURVE('',#3828,#3831,#919,.T.);
#4882=EDGE_CURVE('',#3831,#3829,#920,.T.);
#4883=EDGE_CURVE('',#3832,#3832,#3111,.T.);
#4884=EDGE_CURVE('',#3830,#3537,#921,.T.);
#4885=EDGE_CURVE('',#3538,#3829,#922,.T.);
#4886=EDGE_CURVE('',#3831,#3539,#923,.T.);
#4887=EDGE_CURVE('',#3832,#3833,#924,.T.);
#4888=EDGE_CURVE('',#3833,#3833,#3112,.T.);
#4889=EDGE_CURVE('',#3682,#3531,#925,.T.);
#4890=EDGE_CURVE('',#3681,#3532,#926,.T.);
#4891=EDGE_CURVE('',#3381,#3343,#30,.T.);
#4892=EDGE_CURVE('',#3676,#3171,#927,.T.);
#4893=EDGE_CURVE('',#3172,#3685,#928,.T.);
#4894=EDGE_CURVE('',#3675,#3834,#929,.T.);
#4895=EDGE_CURVE('',#3171,#3834,#3113,.T.);
#4896=EDGE_CURVE('',#3835,#3674,#930,.T.);
#4897=EDGE_CURVE('',#3834,#3835,#931,.T.);
#4898=EDGE_CURVE('',#3835,#3836,#3114,.T.);
#4899=EDGE_CURVE('',#3836,#3673,#932,.T.);
#4900=EDGE_CURVE('',#3672,#3837,#933,.T.);
#4901=EDGE_CURVE('',#3836,#3837,#934,.T.);
#4902=EDGE_CURVE('',#3838,#3671,#935,.T.);
#4903=EDGE_CURVE('',#3837,#3838,#936,.T.);
#4904=EDGE_CURVE('',#3839,#3670,#937,.T.);
#4905=EDGE_CURVE('',#3838,#3839,#3115,.T.);
#4906=EDGE_CURVE('',#3840,#3669,#938,.T.);
#4907=EDGE_CURVE('',#3839,#3840,#939,.T.);
#4908=EDGE_CURVE('',#3841,#3668,#940,.T.);
#4909=EDGE_CURVE('',#3840,#3841,#3116,.T.);
#4910=EDGE_CURVE('',#3842,#3667,#941,.T.);
#4911=EDGE_CURVE('',#3841,#3842,#942,.T.);
#4912=EDGE_CURVE('',#3843,#3687,#943,.T.);
#4913=EDGE_CURVE('',#3842,#3843,#3117,.T.);
#4914=EDGE_CURVE('',#3844,#3686,#944,.T.);
#4915=EDGE_CURVE('',#3843,#3844,#945,.T.);
#4916=EDGE_CURVE('',#3844,#3172,#3118,.T.);
#4917=EDGE_CURVE('',#3845,#3699,#946,.T.);
#4918=EDGE_CURVE('',#3776,#3845,#947,.T.);
#4919=EDGE_CURVE('',#3690,#3846,#948,.T.);
#4920=EDGE_CURVE('',#3846,#3349,#949,.T.);
#4921=EDGE_CURVE('',#3847,#3700,#950,.T.);
#4922=EDGE_CURVE('',#3847,#3845,#3119,.T.);
#4923=EDGE_CURVE('',#3848,#3847,#951,.T.);
#4924=EDGE_CURVE('',#3848,#3701,#952,.T.);
#4925=EDGE_CURVE('',#3849,#3848,#3120,.T.);
#4926=EDGE_CURVE('',#3849,#3702,#953,.T.);
#4927=EDGE_CURVE('',#3703,#3850,#954,.T.);
#4928=EDGE_CURVE('',#3850,#3849,#955,.T.);
#4929=EDGE_CURVE('',#3851,#3704,#956,.T.);
#4930=EDGE_CURVE('',#3851,#3850,#957,.T.);
#4931=EDGE_CURVE('',#3852,#3705,#958,.T.);
#4932=EDGE_CURVE('',#3852,#3851,#3121,.T.);
#4933=EDGE_CURVE('',#3853,#3706,#959,.T.);
#4934=EDGE_CURVE('',#3853,#3852,#960,.T.);
#4935=EDGE_CURVE('',#3854,#3707,#961,.T.);
#4936=EDGE_CURVE('',#3854,#3853,#3122,.T.);
#4937=EDGE_CURVE('',#3855,#3708,#962,.T.);
#4938=EDGE_CURVE('',#3855,#3854,#963,.T.);
#4939=EDGE_CURVE('',#3856,#3688,#964,.T.);
#4940=EDGE_CURVE('',#3856,#3855,#3123,.T.);
#4941=EDGE_CURVE('',#3857,#3856,#965,.T.);
#4942=EDGE_CURVE('',#3689,#3857,#966,.T.);
#4943=EDGE_CURVE('',#3846,#3857,#3124,.T.);
#4944=EDGE_CURVE('',#3237,#3776,#967,.T.);
#4945=EDGE_CURVE('',#3349,#3180,#968,.T.);
#4946=EDGE_CURVE('',#3380,#3858,#969,.T.);
#4947=EDGE_CURVE('',#3858,#3717,#970,.T.);
#4948=EDGE_CURVE('',#3747,#3361,#971,.T.);
#4949=EDGE_CURVE('',#3360,#3859,#972,.T.);
#4950=EDGE_CURVE('',#3859,#3860,#973,.T.);
#4951=EDGE_CURVE('',#3860,#3861,#974,.T.);
#4952=EDGE_CURVE('',#3861,#3862,#975,.T.);
#4953=EDGE_CURVE('',#3862,#3357,#976,.T.);
#4954=EDGE_CURVE('',#3863,#3862,#977,.T.);
#4955=EDGE_CURVE('',#3863,#3358,#978,.T.);
#4956=EDGE_CURVE('',#3864,#3863,#979,.T.);
#4957=EDGE_CURVE('',#3865,#3864,#980,.T.);
#4958=EDGE_CURVE('',#3866,#3865,#981,.T.);
#4959=EDGE_CURVE('',#3359,#3866,#982,.T.);
#4960=EDGE_CURVE('',#3867,#3867,#3125,.T.);
#4961=EDGE_CURVE('',#3861,#3864,#983,.T.);
#4962=EDGE_CURVE('',#3865,#3860,#984,.T.);
#4963=EDGE_CURVE('',#3866,#3859,#985,.T.);
#4964=EDGE_CURVE('',#3867,#3868,#986,.T.);
#4965=EDGE_CURVE('',#3868,#3868,#3126,.T.);
#4966=EDGE_CURVE('',#3654,#3858,#987,.T.);
#4967=EDGE_CURVE('',#3639,#3480,#988,.T.);
#4968=EDGE_CURVE('',#3640,#3479,#989,.T.);
#4969=EDGE_CURVE('',#3632,#3483,#990,.T.);
#4970=EDGE_CURVE('',#3631,#3484,#991,.T.);
#4971=EDGE_CURVE('',#3604,#3469,#992,.T.);
#4972=EDGE_CURVE('',#3603,#3470,#993,.T.);
#4973=EDGE_CURVE('',#3607,#3438,#994,.T.);
#4974=EDGE_CURVE('',#3608,#3437,#995,.T.);
#4975=EDGE_CURVE('',#3610,#3441,#996,.T.);
#4976=EDGE_CURVE('',#3609,#3442,#997,.T.);
#4977=EDGE_CURVE('',#3420,#3417,#3127,.T.);
#4978=EDGE_CURVE('',#3418,#3419,#3128,.T.);
#4979=EDGE_CURVE('',#3409,#3410,#3129,.T.);
#4980=EDGE_CURVE('',#3411,#3408,#3130,.T.);
#4981=EDGE_CURVE('',#3869,#3412,#3131,.T.);
#4982=EDGE_CURVE('',#3401,#3869,#998,.T.);
#4983=EDGE_CURVE('',#3870,#3869,#999,.T.);
#4984=EDGE_CURVE('',#3402,#3870,#1000,.T.);
#4985=EDGE_CURVE('',#3416,#3870,#3132,.T.);
#4986=EDGE_CURVE('',#3845,#3846,#1001,.T.);
#4987=EDGE_CURVE('',#3181,#3238,#1002,.T.);
#4988=EDGE_CURVE('',#3151,#3164,#1003,.T.);
#4989=EDGE_CURVE('',#3144,#3871,#1004,.T.);
#4990=EDGE_CURVE('',#3156,#3871,#1005,.T.);
#4991=EDGE_CURVE('',#3176,#3153,#3133,.T.);
#4992=EDGE_CURVE('',#3871,#3177,#3134,.T.);
#4993=EDGE_CURVE('',#3872,#3872,#3135,.F.);
#4994=EDGE_CURVE('',#3872,#3873,#1006,.T.);
#4995=EDGE_CURVE('',#3873,#3873,#3136,.F.);
#4996=EDGE_CURVE('',#3874,#3874,#3137,.T.);
#4997=EDGE_CURVE('',#3874,#3875,#1007,.T.);
#4998=EDGE_CURVE('',#3875,#3875,#3138,.T.);
#4999=EDGE_CURVE('',#3875,#3876,#1008,.T.);
#5000=EDGE_CURVE('',#3876,#3876,#3139,.T.);
#5001=EDGE_CURVE('',#3877,#3878,#1009,.T.);
#5002=EDGE_CURVE('',#3878,#3879,#1010,.T.);
#5003=EDGE_CURVE('',#3879,#3880,#1011,.T.);
#5004=EDGE_CURVE('',#3880,#3877,#1012,.T.);
#5005=EDGE_CURVE('',#3881,#3882,#1013,.T.);
#5006=EDGE_CURVE('',#3882,#3883,#1014,.T.);
#5007=EDGE_CURVE('',#3883,#3884,#1015,.T.);
#5008=EDGE_CURVE('',#3884,#3881,#1016,.T.);
#5009=EDGE_CURVE('',#3881,#3877,#1017,.T.);
#5010=EDGE_CURVE('',#3882,#3880,#1018,.T.);
#5011=EDGE_CURVE('',#3883,#3879,#1019,.T.);
#5012=EDGE_CURVE('',#3884,#3878,#1020,.T.);
#5013=ORIENTED_EDGE('',*,*,#3885,.F.);
#5014=ORIENTED_EDGE('',*,*,#3886,.T.);
#5015=ORIENTED_EDGE('',*,*,#3887,.T.);
#5016=ORIENTED_EDGE('',*,*,#3885,.T.);
#5017=ORIENTED_EDGE('',*,*,#3887,.F.);
#5018=ORIENTED_EDGE('',*,*,#3886,.F.);
#5019=ORIENTED_EDGE('',*,*,#3888,.F.);
#5020=ORIENTED_EDGE('',*,*,#3889,.F.);
#5021=ORIENTED_EDGE('',*,*,#3890,.F.);
#5022=ORIENTED_EDGE('',*,*,#3891,.F.);
#5023=ORIENTED_EDGE('',*,*,#3892,.F.);
#5024=ORIENTED_EDGE('',*,*,#3893,.F.);
#5025=ORIENTED_EDGE('',*,*,#3894,.F.);
#5026=ORIENTED_EDGE('',*,*,#3895,.F.);
#5027=ORIENTED_EDGE('',*,*,#3896,.F.);
#5028=ORIENTED_EDGE('',*,*,#3897,.F.);
#5029=ORIENTED_EDGE('',*,*,#3893,.T.);
#5030=ORIENTED_EDGE('',*,*,#3898,.T.);
#5031=ORIENTED_EDGE('',*,*,#3899,.F.);
#5032=ORIENTED_EDGE('',*,*,#3900,.T.);
#5033=ORIENTED_EDGE('',*,*,#3892,.T.);
#5034=ORIENTED_EDGE('',*,*,#3901,.F.);
#5035=ORIENTED_EDGE('',*,*,#3902,.F.);
#5036=ORIENTED_EDGE('',*,*,#3898,.F.);
#5037=ORIENTED_EDGE('',*,*,#3891,.T.);
#5038=ORIENTED_EDGE('',*,*,#3903,.T.);
#5039=ORIENTED_EDGE('',*,*,#3904,.T.);
#5040=ORIENTED_EDGE('',*,*,#3901,.T.);
#5041=ORIENTED_EDGE('',*,*,#3890,.T.);
#5042=ORIENTED_EDGE('',*,*,#3905,.F.);
#5043=ORIENTED_EDGE('',*,*,#3906,.F.);
#5044=ORIENTED_EDGE('',*,*,#3903,.F.);
#5045=ORIENTED_EDGE('',*,*,#3907,.F.);
#5046=ORIENTED_EDGE('',*,*,#3908,.F.);
#5047=ORIENTED_EDGE('',*,*,#3909,.F.);
#5048=ORIENTED_EDGE('',*,*,#3910,.T.);
#5049=ORIENTED_EDGE('',*,*,#3911,.F.);
#5050=ORIENTED_EDGE('',*,*,#3912,.F.);
#5051=ORIENTED_EDGE('',*,*,#3910,.F.);
#5052=ORIENTED_EDGE('',*,*,#3913,.F.);
#5053=ORIENTED_EDGE('',*,*,#3914,.T.);
#5054=ORIENTED_EDGE('',*,*,#3915,.F.);
#5055=ORIENTED_EDGE('',*,*,#3916,.F.);
#5056=ORIENTED_EDGE('',*,*,#3917,.F.);
#5057=ORIENTED_EDGE('',*,*,#3914,.F.);
#5058=ORIENTED_EDGE('',*,*,#3918,.F.);
#5059=ORIENTED_EDGE('',*,*,#3919,.T.);
#5060=ORIENTED_EDGE('',*,*,#3916,.T.);
#5061=ORIENTED_EDGE('',*,*,#3920,.T.);
#5062=ORIENTED_EDGE('',*,*,#3907,.T.);
#5063=ORIENTED_EDGE('',*,*,#3921,.F.);
#5064=ORIENTED_EDGE('',*,*,#3922,.F.);
#5065=ORIENTED_EDGE('',*,*,#3923,.F.);
#5066=ORIENTED_EDGE('',*,*,#3924,.F.);
#5067=ORIENTED_EDGE('',*,*,#3925,.F.);
#5068=ORIENTED_EDGE('',*,*,#3926,.F.);
#5069=ORIENTED_EDGE('',*,*,#3927,.F.);
#5070=ORIENTED_EDGE('',*,*,#3928,.F.);
#5071=ORIENTED_EDGE('',*,*,#3929,.F.);
#5072=ORIENTED_EDGE('',*,*,#3895,.T.);
#5073=ORIENTED_EDGE('',*,*,#3930,.T.);
#5074=ORIENTED_EDGE('',*,*,#3931,.F.);
#5075=ORIENTED_EDGE('',*,*,#3918,.T.);
#5076=ORIENTED_EDGE('',*,*,#3913,.T.);
#5077=ORIENTED_EDGE('',*,*,#3909,.T.);
#5078=ORIENTED_EDGE('',*,*,#3932,.F.);
#5079=ORIENTED_EDGE('',*,*,#3933,.T.);
#5080=ORIENTED_EDGE('',*,*,#3934,.T.);
#5081=ORIENTED_EDGE('',*,*,#3935,.T.);
#5082=ORIENTED_EDGE('',*,*,#3936,.T.);
#5083=ORIENTED_EDGE('',*,*,#3937,.F.);
#5084=ORIENTED_EDGE('',*,*,#3938,.T.);
#5085=ORIENTED_EDGE('',*,*,#3939,.T.);
#5086=ORIENTED_EDGE('',*,*,#3940,.T.);
#5087=ORIENTED_EDGE('',*,*,#3935,.F.);
#5088=ORIENTED_EDGE('',*,*,#3941,.T.);
#5089=ORIENTED_EDGE('',*,*,#3942,.T.);
#5090=ORIENTED_EDGE('',*,*,#3943,.F.);
#5091=ORIENTED_EDGE('',*,*,#3939,.F.);
#5092=ORIENTED_EDGE('',*,*,#3944,.T.);
#5093=ORIENTED_EDGE('',*,*,#3945,.T.);
#5094=ORIENTED_EDGE('',*,*,#3946,.T.);
#5095=ORIENTED_EDGE('',*,*,#3947,.T.);
#5096=ORIENTED_EDGE('',*,*,#3942,.F.);
#5097=ORIENTED_EDGE('',*,*,#3948,.T.);
#5098=ORIENTED_EDGE('',*,*,#3949,.T.);
#5099=ORIENTED_EDGE('',*,*,#3950,.T.);
#5100=ORIENTED_EDGE('',*,*,#3951,.T.);
#5101=ORIENTED_EDGE('',*,*,#3952,.T.);
#5102=ORIENTED_EDGE('',*,*,#3953,.T.);
#5103=ORIENTED_EDGE('',*,*,#3954,.F.);
#5104=ORIENTED_EDGE('',*,*,#3955,.T.);
#5105=ORIENTED_EDGE('',*,*,#3956,.F.);
#5106=ORIENTED_EDGE('',*,*,#3957,.T.);
#5107=ORIENTED_EDGE('',*,*,#3958,.F.);
#5108=ORIENTED_EDGE('',*,*,#3959,.T.);
#5109=ORIENTED_EDGE('',*,*,#3960,.T.);
#5110=ORIENTED_EDGE('',*,*,#3961,.F.);
#5111=ORIENTED_EDGE('',*,*,#3946,.F.);
#5112=ORIENTED_EDGE('',*,*,#3945,.F.);
#5113=ORIENTED_EDGE('',*,*,#3962,.T.);
#5114=ORIENTED_EDGE('',*,*,#3963,.T.);
#5115=ORIENTED_EDGE('',*,*,#3964,.T.);
#5116=ORIENTED_EDGE('',*,*,#3950,.F.);
#5117=ORIENTED_EDGE('',*,*,#3949,.F.);
#5118=ORIENTED_EDGE('',*,*,#3965,.T.);
#5119=ORIENTED_EDGE('',*,*,#3966,.T.);
#5120=ORIENTED_EDGE('',*,*,#3967,.T.);
#5121=ORIENTED_EDGE('',*,*,#3963,.F.);
#5122=ORIENTED_EDGE('',*,*,#3968,.T.);
#5123=ORIENTED_EDGE('',*,*,#3969,.T.);
#5124=ORIENTED_EDGE('',*,*,#3970,.T.);
#5125=ORIENTED_EDGE('',*,*,#3966,.F.);
#5126=ORIENTED_EDGE('',*,*,#3971,.T.);
#5127=ORIENTED_EDGE('',*,*,#3972,.T.);
#5128=ORIENTED_EDGE('',*,*,#3928,.T.);
#5129=ORIENTED_EDGE('',*,*,#3969,.F.);
#5130=ORIENTED_EDGE('',*,*,#3973,.T.);
#5131=ORIENTED_EDGE('',*,*,#3974,.T.);
#5132=ORIENTED_EDGE('',*,*,#3975,.T.);
#5133=ORIENTED_EDGE('',*,*,#3976,.F.);
#5134=ORIENTED_EDGE('',*,*,#3977,.T.);
#5135=ORIENTED_EDGE('',*,*,#3978,.T.);
#5136=ORIENTED_EDGE('',*,*,#3979,.T.);
#5137=ORIENTED_EDGE('',*,*,#3922,.T.);
#5138=ORIENTED_EDGE('',*,*,#3980,.F.);
#5139=ORIENTED_EDGE('',*,*,#3981,.T.);
#5140=ORIENTED_EDGE('',*,*,#3982,.T.);
#5141=ORIENTED_EDGE('',*,*,#3983,.F.);
#5142=ORIENTED_EDGE('',*,*,#3979,.F.);
#5143=ORIENTED_EDGE('',*,*,#3984,.T.);
#5144=ORIENTED_EDGE('',*,*,#3985,.T.);
#5145=ORIENTED_EDGE('',*,*,#3986,.T.);
#5146=ORIENTED_EDGE('',*,*,#3982,.F.);
#5147=ORIENTED_EDGE('',*,*,#3987,.T.);
#5148=ORIENTED_EDGE('',*,*,#3988,.T.);
#5149=ORIENTED_EDGE('',*,*,#3989,.T.);
#5150=ORIENTED_EDGE('',*,*,#3990,.F.);
#5151=ORIENTED_EDGE('',*,*,#3985,.F.);
#5152=ORIENTED_EDGE('',*,*,#3991,.T.);
#5153=ORIENTED_EDGE('',*,*,#3992,.T.);
#5154=ORIENTED_EDGE('',*,*,#3993,.T.);
#5155=ORIENTED_EDGE('',*,*,#3994,.T.);
#5156=ORIENTED_EDGE('',*,*,#3995,.T.);
#5157=ORIENTED_EDGE('',*,*,#3996,.T.);
#5158=ORIENTED_EDGE('',*,*,#3997,.F.);
#5159=ORIENTED_EDGE('',*,*,#3998,.T.);
#5160=ORIENTED_EDGE('',*,*,#3999,.F.);
#5161=ORIENTED_EDGE('',*,*,#4000,.T.);
#5162=ORIENTED_EDGE('',*,*,#4001,.F.);
#5163=ORIENTED_EDGE('',*,*,#4002,.T.);
#5164=ORIENTED_EDGE('',*,*,#4003,.T.);
#5165=ORIENTED_EDGE('',*,*,#4004,.F.);
#5166=ORIENTED_EDGE('',*,*,#3989,.F.);
#5167=ORIENTED_EDGE('',*,*,#3988,.F.);
#5168=ORIENTED_EDGE('',*,*,#4005,.T.);
#5169=ORIENTED_EDGE('',*,*,#4006,.T.);
#5170=ORIENTED_EDGE('',*,*,#4007,.F.);
#5171=ORIENTED_EDGE('',*,*,#3993,.F.);
#5172=ORIENTED_EDGE('',*,*,#3992,.F.);
#5173=ORIENTED_EDGE('',*,*,#4008,.T.);
#5174=ORIENTED_EDGE('',*,*,#4009,.T.);
#5175=ORIENTED_EDGE('',*,*,#4010,.F.);
#5176=ORIENTED_EDGE('',*,*,#4006,.F.);
#5177=ORIENTED_EDGE('',*,*,#4011,.T.);
#5178=ORIENTED_EDGE('',*,*,#4012,.T.);
#5179=ORIENTED_EDGE('',*,*,#4013,.F.);
#5180=ORIENTED_EDGE('',*,*,#4009,.F.);
#5181=ORIENTED_EDGE('',*,*,#4014,.T.);
#5182=ORIENTED_EDGE('',*,*,#4015,.T.);
#5183=ORIENTED_EDGE('',*,*,#4016,.T.);
#5184=ORIENTED_EDGE('',*,*,#4012,.F.);
#5185=ORIENTED_EDGE('',*,*,#3977,.F.);
#5186=ORIENTED_EDGE('',*,*,#4014,.F.);
#5187=ORIENTED_EDGE('',*,*,#4011,.F.);
#5188=ORIENTED_EDGE('',*,*,#4008,.F.);
#5189=ORIENTED_EDGE('',*,*,#4005,.F.);
#5190=ORIENTED_EDGE('',*,*,#3991,.F.);
#5191=ORIENTED_EDGE('',*,*,#3987,.F.);
#5192=ORIENTED_EDGE('',*,*,#3984,.F.);
#5193=ORIENTED_EDGE('',*,*,#3981,.F.);
#5194=ORIENTED_EDGE('',*,*,#3978,.F.);
#5195=ORIENTED_EDGE('',*,*,#3975,.F.);
#5196=ORIENTED_EDGE('',*,*,#4017,.T.);
#5197=ORIENTED_EDGE('',*,*,#3888,.T.);
#5198=ORIENTED_EDGE('',*,*,#4017,.F.);
#5199=ORIENTED_EDGE('',*,*,#3974,.F.);
#5200=ORIENTED_EDGE('',*,*,#3971,.F.);
#5201=ORIENTED_EDGE('',*,*,#3968,.F.);
#5202=ORIENTED_EDGE('',*,*,#3965,.F.);
#5203=ORIENTED_EDGE('',*,*,#3962,.F.);
#5204=ORIENTED_EDGE('',*,*,#3948,.F.);
#5205=ORIENTED_EDGE('',*,*,#3944,.F.);
#5206=ORIENTED_EDGE('',*,*,#3941,.F.);
#5207=ORIENTED_EDGE('',*,*,#3938,.F.);
#5208=ORIENTED_EDGE('',*,*,#3934,.F.);
#5209=ORIENTED_EDGE('',*,*,#3917,.T.);
#5210=ORIENTED_EDGE('',*,*,#3929,.T.);
#5211=ORIENTED_EDGE('',*,*,#3972,.F.);
#5212=ORIENTED_EDGE('',*,*,#3973,.F.);
#5213=ORIENTED_EDGE('',*,*,#3980,.T.);
#5214=ORIENTED_EDGE('',*,*,#3921,.T.);
#5215=ORIENTED_EDGE('',*,*,#3911,.T.);
#5216=ORIENTED_EDGE('',*,*,#3912,.T.);
#5217=ORIENTED_EDGE('',*,*,#4018,.F.);
#5218=ORIENTED_EDGE('',*,*,#3986,.F.);
#5219=ORIENTED_EDGE('',*,*,#4019,.F.);
#5220=ORIENTED_EDGE('',*,*,#4020,.F.);
#5221=ORIENTED_EDGE('',*,*,#4021,.F.);
#5222=ORIENTED_EDGE('',*,*,#3967,.F.);
#5223=ORIENTED_EDGE('',*,*,#4022,.F.);
#5224=ORIENTED_EDGE('',*,*,#4023,.T.);
#5225=ORIENTED_EDGE('',*,*,#4024,.F.);
#5226=ORIENTED_EDGE('',*,*,#4025,.F.);
#5227=ORIENTED_EDGE('',*,*,#4026,.T.);
#5228=ORIENTED_EDGE('',*,*,#4027,.F.);
#5229=ORIENTED_EDGE('',*,*,#4028,.F.);
#5230=ORIENTED_EDGE('',*,*,#4029,.F.);
#5231=ORIENTED_EDGE('',*,*,#4030,.F.);
#5232=ORIENTED_EDGE('',*,*,#4031,.T.);
#5233=ORIENTED_EDGE('',*,*,#4032,.T.);
#5234=ORIENTED_EDGE('',*,*,#4026,.F.);
#5235=ORIENTED_EDGE('',*,*,#4033,.T.);
#5236=ORIENTED_EDGE('',*,*,#4034,.T.);
#5237=ORIENTED_EDGE('',*,*,#4033,.F.);
#5238=ORIENTED_EDGE('',*,*,#4035,.F.);
#5239=ORIENTED_EDGE('',*,*,#4036,.T.);
#5240=ORIENTED_EDGE('',*,*,#4037,.T.);
#5241=ORIENTED_EDGE('',*,*,#4036,.F.);
#5242=ORIENTED_EDGE('',*,*,#4038,.F.);
#5243=ORIENTED_EDGE('',*,*,#4039,.T.);
#5244=ORIENTED_EDGE('',*,*,#4040,.T.);
#5245=ORIENTED_EDGE('',*,*,#4041,.T.);
#5246=ORIENTED_EDGE('',*,*,#4042,.T.);
#5247=ORIENTED_EDGE('',*,*,#4043,.T.);
#5248=ORIENTED_EDGE('',*,*,#4044,.T.);
#5249=ORIENTED_EDGE('',*,*,#4045,.T.);
#5250=ORIENTED_EDGE('',*,*,#4046,.F.);
#5251=ORIENTED_EDGE('',*,*,#4047,.T.);
#5252=ORIENTED_EDGE('',*,*,#4048,.T.);
#5253=ORIENTED_EDGE('',*,*,#4049,.T.);
#5254=ORIENTED_EDGE('',*,*,#4050,.F.);
#5255=ORIENTED_EDGE('',*,*,#3951,.F.);
#5256=ORIENTED_EDGE('',*,*,#4051,.T.);
#5257=ORIENTED_EDGE('',*,*,#4052,.T.);
#5258=ORIENTED_EDGE('',*,*,#4053,.T.);
#5259=ORIENTED_EDGE('',*,*,#4004,.T.);
#5260=ORIENTED_EDGE('',*,*,#4034,.F.);
#5261=ORIENTED_EDGE('',*,*,#4054,.T.);
#5262=ORIENTED_EDGE('',*,*,#4055,.T.);
#5263=ORIENTED_EDGE('',*,*,#4056,.T.);
#5264=ORIENTED_EDGE('',*,*,#4057,.T.);
#5265=ORIENTED_EDGE('',*,*,#4058,.F.);
#5266=ORIENTED_EDGE('',*,*,#4059,.F.);
#5267=ORIENTED_EDGE('',*,*,#4054,.F.);
#5268=ORIENTED_EDGE('',*,*,#4060,.T.);
#5269=ORIENTED_EDGE('',*,*,#4061,.T.);
#5270=ORIENTED_EDGE('',*,*,#4060,.F.);
#5271=ORIENTED_EDGE('',*,*,#4062,.F.);
#5272=ORIENTED_EDGE('',*,*,#4063,.T.);
#5273=ORIENTED_EDGE('',*,*,#4064,.T.);
#5274=ORIENTED_EDGE('',*,*,#4063,.F.);
#5275=ORIENTED_EDGE('',*,*,#4065,.T.);
#5276=ORIENTED_EDGE('',*,*,#4066,.F.);
#5277=ORIENTED_EDGE('',*,*,#4067,.T.);
#5278=ORIENTED_EDGE('',*,*,#4061,.F.);
#5279=ORIENTED_EDGE('',*,*,#4068,.T.);
#5280=ORIENTED_EDGE('',*,*,#4069,.F.);
#5281=ORIENTED_EDGE('',*,*,#4070,.T.);
#5282=ORIENTED_EDGE('',*,*,#4071,.F.);
#5283=ORIENTED_EDGE('',*,*,#4065,.F.);
#5284=ORIENTED_EDGE('',*,*,#4072,.T.);
#5285=ORIENTED_EDGE('',*,*,#4073,.F.);
#5286=ORIENTED_EDGE('',*,*,#4072,.F.);
#5287=ORIENTED_EDGE('',*,*,#4074,.T.);
#5288=ORIENTED_EDGE('',*,*,#4073,.T.);
#5289=ORIENTED_EDGE('',*,*,#4075,.T.);
#5290=ORIENTED_EDGE('',*,*,#4076,.T.);
#5291=ORIENTED_EDGE('',*,*,#4077,.T.);
#5292=ORIENTED_EDGE('',*,*,#4078,.T.);
#5293=ORIENTED_EDGE('',*,*,#4079,.T.);
#5294=ORIENTED_EDGE('',*,*,#4080,.T.);
#5295=ORIENTED_EDGE('',*,*,#4067,.F.);
#5296=ORIENTED_EDGE('',*,*,#4081,.T.);
#5297=ORIENTED_EDGE('',*,*,#4076,.F.);
#5298=ORIENTED_EDGE('',*,*,#4081,.F.);
#5299=ORIENTED_EDGE('',*,*,#4068,.F.);
#5300=ORIENTED_EDGE('',*,*,#4082,.T.);
#5301=ORIENTED_EDGE('',*,*,#4078,.F.);
#5302=ORIENTED_EDGE('',*,*,#4082,.F.);
#5303=ORIENTED_EDGE('',*,*,#4070,.F.);
#5304=ORIENTED_EDGE('',*,*,#4083,.T.);
#5305=ORIENTED_EDGE('',*,*,#4080,.F.);
#5306=ORIENTED_EDGE('',*,*,#4083,.F.);
#5307=ORIENTED_EDGE('',*,*,#4074,.F.);
#5308=ORIENTED_EDGE('',*,*,#4084,.T.);
#5309=ORIENTED_EDGE('',*,*,#4085,.T.);
#5310=ORIENTED_EDGE('',*,*,#4086,.T.);
#5311=ORIENTED_EDGE('',*,*,#4084,.F.);
#5312=ORIENTED_EDGE('',*,*,#4085,.F.);
#5313=ORIENTED_EDGE('',*,*,#4086,.F.);
#5314=ORIENTED_EDGE('',*,*,#4087,.T.);
#5315=ORIENTED_EDGE('',*,*,#4027,.T.);
#5316=ORIENTED_EDGE('',*,*,#4087,.F.);
#5317=ORIENTED_EDGE('',*,*,#4075,.F.);
#5318=ORIENTED_EDGE('',*,*,#4088,.T.);
#5319=ORIENTED_EDGE('',*,*,#4089,.T.);
#5320=ORIENTED_EDGE('',*,*,#4090,.T.);
#5321=ORIENTED_EDGE('',*,*,#4088,.F.);
#5322=ORIENTED_EDGE('',*,*,#4089,.F.);
#5323=ORIENTED_EDGE('',*,*,#4090,.F.);
#5324=ORIENTED_EDGE('',*,*,#4091,.T.);
#5325=ORIENTED_EDGE('',*,*,#4028,.T.);
#5326=ORIENTED_EDGE('',*,*,#4091,.F.);
#5327=ORIENTED_EDGE('',*,*,#4077,.F.);
#5328=ORIENTED_EDGE('',*,*,#4092,.T.);
#5329=ORIENTED_EDGE('',*,*,#4093,.T.);
#5330=ORIENTED_EDGE('',*,*,#4094,.T.);
#5331=ORIENTED_EDGE('',*,*,#4092,.F.);
#5332=ORIENTED_EDGE('',*,*,#4093,.F.);
#5333=ORIENTED_EDGE('',*,*,#4094,.F.);
#5334=ORIENTED_EDGE('',*,*,#4095,.T.);
#5335=ORIENTED_EDGE('',*,*,#4029,.T.);
#5336=ORIENTED_EDGE('',*,*,#4095,.F.);
#5337=ORIENTED_EDGE('',*,*,#4079,.F.);
#5338=ORIENTED_EDGE('',*,*,#4096,.T.);
#5339=ORIENTED_EDGE('',*,*,#4097,.T.);
#5340=ORIENTED_EDGE('',*,*,#4098,.T.);
#5341=ORIENTED_EDGE('',*,*,#4096,.F.);
#5342=ORIENTED_EDGE('',*,*,#4097,.F.);
#5343=ORIENTED_EDGE('',*,*,#4098,.F.);
#5344=ORIENTED_EDGE('',*,*,#4099,.T.);
#5345=ORIENTED_EDGE('',*,*,#4030,.T.);
#5346=ORIENTED_EDGE('',*,*,#4099,.F.);
#5347=ORIENTED_EDGE('',*,*,#4100,.T.);
#5348=ORIENTED_EDGE('',*,*,#4062,.T.);
#5349=ORIENTED_EDGE('',*,*,#4101,.T.);
#5350=ORIENTED_EDGE('',*,*,#4102,.T.);
#5351=ORIENTED_EDGE('',*,*,#4103,.T.);
#5352=ORIENTED_EDGE('',*,*,#4104,.T.);
#5353=ORIENTED_EDGE('',*,*,#4105,.T.);
#5354=ORIENTED_EDGE('',*,*,#4106,.T.);
#5355=ORIENTED_EDGE('',*,*,#4100,.F.);
#5356=ORIENTED_EDGE('',*,*,#4107,.T.);
#5357=ORIENTED_EDGE('',*,*,#4108,.F.);
#5358=ORIENTED_EDGE('',*,*,#4107,.F.);
#5359=ORIENTED_EDGE('',*,*,#4109,.T.);
#5360=ORIENTED_EDGE('',*,*,#4108,.T.);
#5361=ORIENTED_EDGE('',*,*,#4110,.T.);
#5362=ORIENTED_EDGE('',*,*,#4111,.T.);
#5363=ORIENTED_EDGE('',*,*,#4112,.T.);
#5364=ORIENTED_EDGE('',*,*,#4113,.T.);
#5365=ORIENTED_EDGE('',*,*,#4114,.T.);
#5366=ORIENTED_EDGE('',*,*,#4115,.T.);
#5367=ORIENTED_EDGE('',*,*,#4101,.F.);
#5368=ORIENTED_EDGE('',*,*,#4116,.T.);
#5369=ORIENTED_EDGE('',*,*,#4111,.F.);
#5370=ORIENTED_EDGE('',*,*,#4116,.F.);
#5371=ORIENTED_EDGE('',*,*,#4103,.F.);
#5372=ORIENTED_EDGE('',*,*,#4117,.T.);
#5373=ORIENTED_EDGE('',*,*,#4113,.F.);
#5374=ORIENTED_EDGE('',*,*,#4117,.F.);
#5375=ORIENTED_EDGE('',*,*,#4105,.F.);
#5376=ORIENTED_EDGE('',*,*,#4118,.T.);
#5377=ORIENTED_EDGE('',*,*,#4115,.F.);
#5378=ORIENTED_EDGE('',*,*,#4118,.F.);
#5379=ORIENTED_EDGE('',*,*,#4109,.F.);
#5380=ORIENTED_EDGE('',*,*,#4119,.T.);
#5381=ORIENTED_EDGE('',*,*,#4120,.T.);
#5382=ORIENTED_EDGE('',*,*,#4121,.T.);
#5383=ORIENTED_EDGE('',*,*,#4119,.F.);
#5384=ORIENTED_EDGE('',*,*,#4120,.F.);
#5385=ORIENTED_EDGE('',*,*,#4121,.F.);
#5386=ORIENTED_EDGE('',*,*,#4122,.T.);
#5387=ORIENTED_EDGE('',*,*,#4123,.T.);
#5388=ORIENTED_EDGE('',*,*,#4122,.F.);
#5389=ORIENTED_EDGE('',*,*,#4124,.T.);
#5390=ORIENTED_EDGE('',*,*,#4125,.F.);
#5391=ORIENTED_EDGE('',*,*,#4126,.T.);
#5392=ORIENTED_EDGE('',*,*,#3943,.T.);
#5393=ORIENTED_EDGE('',*,*,#4127,.T.);
#5394=ORIENTED_EDGE('',*,*,#4128,.T.);
#5395=ORIENTED_EDGE('',*,*,#4129,.T.);
#5396=ORIENTED_EDGE('',*,*,#4010,.T.);
#5397=ORIENTED_EDGE('',*,*,#4130,.T.);
#5398=ORIENTED_EDGE('',*,*,#4131,.T.);
#5399=ORIENTED_EDGE('',*,*,#4037,.F.);
#5400=ORIENTED_EDGE('',*,*,#4123,.F.);
#5401=ORIENTED_EDGE('',*,*,#4132,.F.);
#5402=ORIENTED_EDGE('',*,*,#4133,.F.);
#5403=ORIENTED_EDGE('',*,*,#4134,.F.);
#5404=ORIENTED_EDGE('',*,*,#4135,.F.);
#5405=ORIENTED_EDGE('',*,*,#4136,.F.);
#5406=ORIENTED_EDGE('',*,*,#4137,.F.);
#5407=ORIENTED_EDGE('',*,*,#4138,.T.);
#5408=ORIENTED_EDGE('',*,*,#4132,.T.);
#5409=ORIENTED_EDGE('',*,*,#4138,.F.);
#5410=ORIENTED_EDGE('',*,*,#4139,.F.);
#5411=ORIENTED_EDGE('',*,*,#4110,.F.);
#5412=ORIENTED_EDGE('',*,*,#4140,.T.);
#5413=ORIENTED_EDGE('',*,*,#4139,.T.);
#5414=ORIENTED_EDGE('',*,*,#4137,.T.);
#5415=ORIENTED_EDGE('',*,*,#4140,.F.);
#5416=ORIENTED_EDGE('',*,*,#4141,.F.);
#5417=ORIENTED_EDGE('',*,*,#4142,.T.);
#5418=ORIENTED_EDGE('',*,*,#4133,.T.);
#5419=ORIENTED_EDGE('',*,*,#4142,.F.);
#5420=ORIENTED_EDGE('',*,*,#4143,.F.);
#5421=ORIENTED_EDGE('',*,*,#4112,.F.);
#5422=ORIENTED_EDGE('',*,*,#4144,.T.);
#5423=ORIENTED_EDGE('',*,*,#4143,.T.);
#5424=ORIENTED_EDGE('',*,*,#4141,.T.);
#5425=ORIENTED_EDGE('',*,*,#4144,.F.);
#5426=ORIENTED_EDGE('',*,*,#4145,.F.);
#5427=ORIENTED_EDGE('',*,*,#4146,.T.);
#5428=ORIENTED_EDGE('',*,*,#4134,.T.);
#5429=ORIENTED_EDGE('',*,*,#4146,.F.);
#5430=ORIENTED_EDGE('',*,*,#4147,.F.);
#5431=ORIENTED_EDGE('',*,*,#4114,.F.);
#5432=ORIENTED_EDGE('',*,*,#4148,.T.);
#5433=ORIENTED_EDGE('',*,*,#4147,.T.);
#5434=ORIENTED_EDGE('',*,*,#4145,.T.);
#5435=ORIENTED_EDGE('',*,*,#4148,.F.);
#5436=ORIENTED_EDGE('',*,*,#4149,.T.);
#5437=ORIENTED_EDGE('',*,*,#4124,.F.);
#5438=ORIENTED_EDGE('',*,*,#4150,.T.);
#5439=ORIENTED_EDGE('',*,*,#4151,.T.);
#5440=ORIENTED_EDGE('',*,*,#4152,.T.);
#5441=ORIENTED_EDGE('',*,*,#4044,.F.);
#5442=ORIENTED_EDGE('',*,*,#4153,.T.);
#5443=ORIENTED_EDGE('',*,*,#4024,.T.);
#5444=ORIENTED_EDGE('',*,*,#4154,.F.);
#5445=ORIENTED_EDGE('',*,*,#4155,.T.);
#5446=ORIENTED_EDGE('',*,*,#4156,.T.);
#5447=ORIENTED_EDGE('',*,*,#4045,.F.);
#5448=ORIENTED_EDGE('',*,*,#4152,.F.);
#5449=ORIENTED_EDGE('',*,*,#4023,.F.);
#5450=ORIENTED_EDGE('',*,*,#4157,.F.);
#5451=ORIENTED_EDGE('',*,*,#4158,.T.);
#5452=ORIENTED_EDGE('',*,*,#4159,.F.);
#5453=ORIENTED_EDGE('',*,*,#4160,.T.);
#5454=ORIENTED_EDGE('',*,*,#4161,.T.);
#5455=ORIENTED_EDGE('',*,*,#4162,.T.);
#5456=ORIENTED_EDGE('',*,*,#4163,.T.);
#5457=ORIENTED_EDGE('',*,*,#4164,.T.);
#5458=ORIENTED_EDGE('',*,*,#4165,.F.);
#5459=ORIENTED_EDGE('',*,*,#4166,.F.);
#5460=ORIENTED_EDGE('',*,*,#4167,.F.);
#5461=ORIENTED_EDGE('',*,*,#4125,.T.);
#5462=ORIENTED_EDGE('',*,*,#4149,.F.);
#5463=ORIENTED_EDGE('',*,*,#4168,.F.);
#5464=ORIENTED_EDGE('',*,*,#4169,.T.);
#5465=ORIENTED_EDGE('',*,*,#4170,.T.);
#5466=ORIENTED_EDGE('',*,*,#4171,.F.);
#5467=ORIENTED_EDGE('',*,*,#4154,.T.);
#5468=ORIENTED_EDGE('',*,*,#4172,.F.);
#5469=ORIENTED_EDGE('',*,*,#4173,.F.);
#5470=ORIENTED_EDGE('',*,*,#4171,.T.);
#5471=ORIENTED_EDGE('',*,*,#4174,.F.);
#5472=ORIENTED_EDGE('',*,*,#4175,.F.);
#5473=ORIENTED_EDGE('',*,*,#4155,.F.);
#5474=ORIENTED_EDGE('',*,*,#4175,.T.);
#5475=ORIENTED_EDGE('',*,*,#4176,.T.);
#5476=ORIENTED_EDGE('',*,*,#4046,.T.);
#5477=ORIENTED_EDGE('',*,*,#4156,.F.);
#5478=ORIENTED_EDGE('',*,*,#4177,.T.);
#5479=ORIENTED_EDGE('',*,*,#4178,.T.);
#5480=ORIENTED_EDGE('',*,*,#4179,.F.);
#5481=ORIENTED_EDGE('',*,*,#4180,.T.);
#5482=ORIENTED_EDGE('',*,*,#4181,.T.);
#5483=ORIENTED_EDGE('',*,*,#4182,.F.);
#5484=ORIENTED_EDGE('',*,*,#4183,.F.);
#5485=ORIENTED_EDGE('',*,*,#4184,.T.);
#5486=ORIENTED_EDGE('',*,*,#4047,.F.);
#5487=ORIENTED_EDGE('',*,*,#4176,.F.);
#5488=ORIENTED_EDGE('',*,*,#4174,.T.);
#5489=ORIENTED_EDGE('',*,*,#4173,.T.);
#5490=ORIENTED_EDGE('',*,*,#4185,.T.);
#5491=ORIENTED_EDGE('',*,*,#4186,.F.);
#5492=ORIENTED_EDGE('',*,*,#4187,.F.);
#5493=ORIENTED_EDGE('',*,*,#4188,.T.);
#5494=ORIENTED_EDGE('',*,*,#4189,.T.);
#5495=ORIENTED_EDGE('',*,*,#4190,.T.);
#5496=ORIENTED_EDGE('',*,*,#4191,.T.);
#5497=ORIENTED_EDGE('',*,*,#4192,.F.);
#5498=ORIENTED_EDGE('',*,*,#4193,.F.);
#5499=ORIENTED_EDGE('',*,*,#4194,.F.);
#5500=ORIENTED_EDGE('',*,*,#4195,.F.);
#5501=ORIENTED_EDGE('',*,*,#4196,.T.);
#5502=ORIENTED_EDGE('',*,*,#4197,.F.);
#5503=ORIENTED_EDGE('',*,*,#4198,.T.);
#5504=ORIENTED_EDGE('',*,*,#4199,.F.);
#5505=ORIENTED_EDGE('',*,*,#4200,.F.);
#5506=ORIENTED_EDGE('',*,*,#4201,.T.);
#5507=ORIENTED_EDGE('',*,*,#4202,.T.);
#5508=ORIENTED_EDGE('',*,*,#4203,.T.);
#5509=ORIENTED_EDGE('',*,*,#4177,.F.);
#5510=ORIENTED_EDGE('',*,*,#4204,.T.);
#5511=ORIENTED_EDGE('',*,*,#4205,.T.);
#5512=ORIENTED_EDGE('',*,*,#4206,.T.);
#5513=ORIENTED_EDGE('',*,*,#4207,.T.);
#5514=ORIENTED_EDGE('',*,*,#4208,.T.);
#5515=ORIENTED_EDGE('',*,*,#4209,.T.);
#5516=ORIENTED_EDGE('',*,*,#4210,.F.);
#5517=ORIENTED_EDGE('',*,*,#4211,.T.);
#5518=ORIENTED_EDGE('',*,*,#4212,.F.);
#5519=ORIENTED_EDGE('',*,*,#4213,.T.);
#5520=ORIENTED_EDGE('',*,*,#4214,.T.);
#5521=ORIENTED_EDGE('',*,*,#4215,.T.);
#5522=ORIENTED_EDGE('',*,*,#4216,.T.);
#5523=ORIENTED_EDGE('',*,*,#4217,.T.);
#5524=ORIENTED_EDGE('',*,*,#4218,.T.);
#5525=ORIENTED_EDGE('',*,*,#4219,.T.);
#5526=ORIENTED_EDGE('',*,*,#4220,.F.);
#5527=ORIENTED_EDGE('',*,*,#4221,.T.);
#5528=ORIENTED_EDGE('',*,*,#4222,.F.);
#5529=ORIENTED_EDGE('',*,*,#4223,.T.);
#5530=ORIENTED_EDGE('',*,*,#4199,.T.);
#5531=ORIENTED_EDGE('',*,*,#4224,.F.);
#5532=ORIENTED_EDGE('',*,*,#4225,.T.);
#5533=ORIENTED_EDGE('',*,*,#4226,.F.);
#5534=ORIENTED_EDGE('',*,*,#4227,.T.);
#5535=ORIENTED_EDGE('',*,*,#4228,.F.);
#5536=ORIENTED_EDGE('',*,*,#4229,.T.);
#5537=ORIENTED_EDGE('',*,*,#4230,.F.);
#5538=ORIENTED_EDGE('',*,*,#4231,.T.);
#5539=ORIENTED_EDGE('',*,*,#4232,.T.);
#5540=ORIENTED_EDGE('',*,*,#4233,.F.);
#5541=ORIENTED_EDGE('',*,*,#4234,.F.);
#5542=ORIENTED_EDGE('',*,*,#4235,.T.);
#5543=ORIENTED_EDGE('',*,*,#4236,.T.);
#5544=ORIENTED_EDGE('',*,*,#4237,.F.);
#5545=ORIENTED_EDGE('',*,*,#4238,.F.);
#5546=ORIENTED_EDGE('',*,*,#4224,.T.);
#5547=ORIENTED_EDGE('',*,*,#4239,.T.);
#5548=ORIENTED_EDGE('',*,*,#4240,.F.);
#5549=ORIENTED_EDGE('',*,*,#4232,.F.);
#5550=ORIENTED_EDGE('',*,*,#4231,.F.);
#5551=ORIENTED_EDGE('',*,*,#4241,.T.);
#5552=ORIENTED_EDGE('',*,*,#4242,.F.);
#5553=ORIENTED_EDGE('',*,*,#4239,.F.);
#5554=ORIENTED_EDGE('',*,*,#4230,.T.);
#5555=ORIENTED_EDGE('',*,*,#4243,.T.);
#5556=ORIENTED_EDGE('',*,*,#4244,.F.);
#5557=ORIENTED_EDGE('',*,*,#4241,.F.);
#5558=ORIENTED_EDGE('',*,*,#4229,.F.);
#5559=ORIENTED_EDGE('',*,*,#4243,.F.);
#5560=ORIENTED_EDGE('',*,*,#4228,.T.);
#5561=ORIENTED_EDGE('',*,*,#4245,.T.);
#5562=ORIENTED_EDGE('',*,*,#4246,.F.);
#5563=ORIENTED_EDGE('',*,*,#4247,.F.);
#5564=ORIENTED_EDGE('',*,*,#4248,.F.);
#5565=ORIENTED_EDGE('',*,*,#4249,.T.);
#5566=ORIENTED_EDGE('',*,*,#4250,.F.);
#5567=ORIENTED_EDGE('',*,*,#4251,.F.);
#5568=ORIENTED_EDGE('',*,*,#4252,.T.);
#5569=ORIENTED_EDGE('',*,*,#4253,.F.);
#5570=ORIENTED_EDGE('',*,*,#4252,.F.);
#5571=ORIENTED_EDGE('',*,*,#4254,.T.);
#5572=ORIENTED_EDGE('',*,*,#4255,.T.);
#5573=ORIENTED_EDGE('',*,*,#4256,.T.);
#5574=ORIENTED_EDGE('',*,*,#4257,.T.);
#5575=ORIENTED_EDGE('',*,*,#4258,.T.);
#5576=ORIENTED_EDGE('',*,*,#4259,.T.);
#5577=ORIENTED_EDGE('',*,*,#4251,.T.);
#5578=ORIENTED_EDGE('',*,*,#4260,.F.);
#5579=ORIENTED_EDGE('',*,*,#4254,.F.);
#5580=ORIENTED_EDGE('',*,*,#4261,.F.);
#5581=ORIENTED_EDGE('',*,*,#4262,.F.);
#5582=ORIENTED_EDGE('',*,*,#4263,.F.);
#5583=ORIENTED_EDGE('',*,*,#4255,.F.);
#5584=ORIENTED_EDGE('',*,*,#4260,.T.);
#5585=ORIENTED_EDGE('',*,*,#4264,.F.);
#5586=ORIENTED_EDGE('',*,*,#4265,.F.);
#5587=ORIENTED_EDGE('',*,*,#4256,.F.);
#5588=ORIENTED_EDGE('',*,*,#4263,.T.);
#5589=ORIENTED_EDGE('',*,*,#4266,.F.);
#5590=ORIENTED_EDGE('',*,*,#4267,.F.);
#5591=ORIENTED_EDGE('',*,*,#4257,.F.);
#5592=ORIENTED_EDGE('',*,*,#4265,.T.);
#5593=ORIENTED_EDGE('',*,*,#4268,.F.);
#5594=ORIENTED_EDGE('',*,*,#4269,.F.);
#5595=ORIENTED_EDGE('',*,*,#4258,.F.);
#5596=ORIENTED_EDGE('',*,*,#4267,.T.);
#5597=ORIENTED_EDGE('',*,*,#4270,.F.);
#5598=ORIENTED_EDGE('',*,*,#4261,.T.);
#5599=ORIENTED_EDGE('',*,*,#4259,.F.);
#5600=ORIENTED_EDGE('',*,*,#4269,.T.);
#5601=ORIENTED_EDGE('',*,*,#4271,.F.);
#5602=ORIENTED_EDGE('',*,*,#4272,.F.);
#5603=ORIENTED_EDGE('',*,*,#4273,.T.);
#5604=ORIENTED_EDGE('',*,*,#4274,.T.);
#5605=ORIENTED_EDGE('',*,*,#4275,.T.);
#5606=ORIENTED_EDGE('',*,*,#4276,.F.);
#5607=ORIENTED_EDGE('',*,*,#4277,.T.);
#5608=ORIENTED_EDGE('',*,*,#4278,.T.);
#5609=ORIENTED_EDGE('',*,*,#4279,.T.);
#5610=ORIENTED_EDGE('',*,*,#4280,.T.);
#5611=ORIENTED_EDGE('',*,*,#4281,.T.);
#5612=ORIENTED_EDGE('',*,*,#4282,.T.);
#5613=ORIENTED_EDGE('',*,*,#4283,.T.);
#5614=ORIENTED_EDGE('',*,*,#4284,.T.);
#5615=ORIENTED_EDGE('',*,*,#4285,.T.);
#5616=ORIENTED_EDGE('',*,*,#4286,.T.);
#5617=ORIENTED_EDGE('',*,*,#4287,.T.);
#5618=ORIENTED_EDGE('',*,*,#4288,.T.);
#5619=ORIENTED_EDGE('',*,*,#4289,.T.);
#5620=ORIENTED_EDGE('',*,*,#4290,.T.);
#5621=ORIENTED_EDGE('',*,*,#4291,.T.);
#5622=ORIENTED_EDGE('',*,*,#4292,.T.);
#5623=ORIENTED_EDGE('',*,*,#4293,.T.);
#5624=ORIENTED_EDGE('',*,*,#4294,.T.);
#5625=ORIENTED_EDGE('',*,*,#4295,.T.);
#5626=ORIENTED_EDGE('',*,*,#4296,.T.);
#5627=ORIENTED_EDGE('',*,*,#4297,.T.);
#5628=ORIENTED_EDGE('',*,*,#4298,.T.);
#5629=ORIENTED_EDGE('',*,*,#4299,.T.);
#5630=ORIENTED_EDGE('',*,*,#4300,.T.);
#5631=ORIENTED_EDGE('',*,*,#4301,.T.);
#5632=ORIENTED_EDGE('',*,*,#4302,.T.);
#5633=ORIENTED_EDGE('',*,*,#4303,.T.);
#5634=ORIENTED_EDGE('',*,*,#4304,.F.);
#5635=ORIENTED_EDGE('',*,*,#4305,.T.);
#5636=ORIENTED_EDGE('',*,*,#4306,.T.);
#5637=ORIENTED_EDGE('',*,*,#4307,.T.);
#5638=ORIENTED_EDGE('',*,*,#4308,.T.);
#5639=ORIENTED_EDGE('',*,*,#4309,.T.);
#5640=ORIENTED_EDGE('',*,*,#4310,.T.);
#5641=ORIENTED_EDGE('',*,*,#4311,.T.);
#5642=ORIENTED_EDGE('',*,*,#4312,.T.);
#5643=ORIENTED_EDGE('',*,*,#4313,.T.);
#5644=ORIENTED_EDGE('',*,*,#4314,.T.);
#5645=ORIENTED_EDGE('',*,*,#4315,.T.);
#5646=ORIENTED_EDGE('',*,*,#4316,.T.);
#5647=ORIENTED_EDGE('',*,*,#4317,.T.);
#5648=ORIENTED_EDGE('',*,*,#4318,.F.);
#5649=ORIENTED_EDGE('',*,*,#4319,.T.);
#5650=ORIENTED_EDGE('',*,*,#4320,.T.);
#5651=ORIENTED_EDGE('',*,*,#4321,.T.);
#5652=ORIENTED_EDGE('',*,*,#4322,.T.);
#5653=ORIENTED_EDGE('',*,*,#4323,.T.);
#5654=ORIENTED_EDGE('',*,*,#4324,.T.);
#5655=ORIENTED_EDGE('',*,*,#4325,.T.);
#5656=ORIENTED_EDGE('',*,*,#4326,.T.);
#5657=ORIENTED_EDGE('',*,*,#4327,.T.);
#5658=ORIENTED_EDGE('',*,*,#4328,.T.);
#5659=ORIENTED_EDGE('',*,*,#4329,.T.);
#5660=ORIENTED_EDGE('',*,*,#4330,.T.);
#5661=ORIENTED_EDGE('',*,*,#4331,.T.);
#5662=ORIENTED_EDGE('',*,*,#4332,.T.);
#5663=ORIENTED_EDGE('',*,*,#4333,.T.);
#5664=ORIENTED_EDGE('',*,*,#4334,.T.);
#5665=ORIENTED_EDGE('',*,*,#4335,.T.);
#5666=ORIENTED_EDGE('',*,*,#4271,.T.);
#5667=ORIENTED_EDGE('',*,*,#4270,.T.);
#5668=ORIENTED_EDGE('',*,*,#4268,.T.);
#5669=ORIENTED_EDGE('',*,*,#4266,.T.);
#5670=ORIENTED_EDGE('',*,*,#4264,.T.);
#5671=ORIENTED_EDGE('',*,*,#4262,.T.);
#5672=ORIENTED_EDGE('',*,*,#4336,.F.);
#5673=ORIENTED_EDGE('',*,*,#4337,.T.);
#5674=ORIENTED_EDGE('',*,*,#4338,.T.);
#5675=ORIENTED_EDGE('',*,*,#4339,.T.);
#5676=ORIENTED_EDGE('',*,*,#4340,.T.);
#5677=ORIENTED_EDGE('',*,*,#4341,.T.);
#5678=ORIENTED_EDGE('',*,*,#4342,.T.);
#5679=ORIENTED_EDGE('',*,*,#4343,.T.);
#5680=ORIENTED_EDGE('',*,*,#4344,.T.);
#5681=ORIENTED_EDGE('',*,*,#4345,.T.);
#5682=ORIENTED_EDGE('',*,*,#4346,.T.);
#5683=ORIENTED_EDGE('',*,*,#4347,.T.);
#5684=ORIENTED_EDGE('',*,*,#4348,.T.);
#5685=ORIENTED_EDGE('',*,*,#4349,.T.);
#5686=ORIENTED_EDGE('',*,*,#4350,.F.);
#5687=ORIENTED_EDGE('',*,*,#4351,.T.);
#5688=ORIENTED_EDGE('',*,*,#4352,.F.);
#5689=ORIENTED_EDGE('',*,*,#4353,.T.);
#5690=ORIENTED_EDGE('',*,*,#4354,.T.);
#5691=ORIENTED_EDGE('',*,*,#4355,.T.);
#5692=ORIENTED_EDGE('',*,*,#4356,.T.);
#5693=ORIENTED_EDGE('',*,*,#4357,.T.);
#5694=ORIENTED_EDGE('',*,*,#4358,.F.);
#5695=ORIENTED_EDGE('',*,*,#4359,.T.);
#5696=ORIENTED_EDGE('',*,*,#4360,.T.);
#5697=ORIENTED_EDGE('',*,*,#4361,.T.);
#5698=ORIENTED_EDGE('',*,*,#4362,.T.);
#5699=ORIENTED_EDGE('',*,*,#4363,.T.);
#5700=ORIENTED_EDGE('',*,*,#4364,.F.);
#5701=ORIENTED_EDGE('',*,*,#4365,.T.);
#5702=ORIENTED_EDGE('',*,*,#4366,.F.);
#5703=ORIENTED_EDGE('',*,*,#4367,.T.);
#5704=ORIENTED_EDGE('',*,*,#4368,.T.);
#5705=ORIENTED_EDGE('',*,*,#4369,.T.);
#5706=ORIENTED_EDGE('',*,*,#4370,.T.);
#5707=ORIENTED_EDGE('',*,*,#4371,.T.);
#5708=ORIENTED_EDGE('',*,*,#4372,.F.);
#5709=ORIENTED_EDGE('',*,*,#4373,.T.);
#5710=ORIENTED_EDGE('',*,*,#4374,.T.);
#5711=ORIENTED_EDGE('',*,*,#4375,.T.);
#5712=ORIENTED_EDGE('',*,*,#4376,.T.);
#5713=ORIENTED_EDGE('',*,*,#4377,.T.);
#5714=ORIENTED_EDGE('',*,*,#4378,.T.);
#5715=ORIENTED_EDGE('',*,*,#4379,.F.);
#5716=ORIENTED_EDGE('',*,*,#4380,.T.);
#5717=ORIENTED_EDGE('',*,*,#4280,.F.);
#5718=ORIENTED_EDGE('',*,*,#4381,.F.);
#5719=ORIENTED_EDGE('',*,*,#4382,.F.);
#5720=ORIENTED_EDGE('',*,*,#4378,.F.);
#5721=ORIENTED_EDGE('',*,*,#4285,.F.);
#5722=ORIENTED_EDGE('',*,*,#4383,.F.);
#5723=ORIENTED_EDGE('',*,*,#4384,.F.);
#5724=ORIENTED_EDGE('',*,*,#4381,.T.);
#5725=ORIENTED_EDGE('',*,*,#4284,.F.);
#5726=ORIENTED_EDGE('',*,*,#4385,.F.);
#5727=ORIENTED_EDGE('',*,*,#4386,.F.);
#5728=ORIENTED_EDGE('',*,*,#4383,.T.);
#5729=ORIENTED_EDGE('',*,*,#4283,.F.);
#5730=ORIENTED_EDGE('',*,*,#4387,.F.);
#5731=ORIENTED_EDGE('',*,*,#4388,.F.);
#5732=ORIENTED_EDGE('',*,*,#4385,.T.);
#5733=ORIENTED_EDGE('',*,*,#4282,.F.);
#5734=ORIENTED_EDGE('',*,*,#4380,.F.);
#5735=ORIENTED_EDGE('',*,*,#4389,.F.);
#5736=ORIENTED_EDGE('',*,*,#4387,.T.);
#5737=ORIENTED_EDGE('',*,*,#4281,.F.);
#5738=ORIENTED_EDGE('',*,*,#4382,.T.);
#5739=ORIENTED_EDGE('',*,*,#4384,.T.);
#5740=ORIENTED_EDGE('',*,*,#4386,.T.);
#5741=ORIENTED_EDGE('',*,*,#4388,.T.);
#5742=ORIENTED_EDGE('',*,*,#4389,.T.);
#5743=ORIENTED_EDGE('',*,*,#4379,.T.);
#5744=ORIENTED_EDGE('',*,*,#4390,.T.);
#5745=ORIENTED_EDGE('',*,*,#4390,.F.);
#5746=ORIENTED_EDGE('',*,*,#4391,.T.);
#5747=ORIENTED_EDGE('',*,*,#4392,.F.);
#5748=ORIENTED_EDGE('',*,*,#4391,.F.);
#5749=ORIENTED_EDGE('',*,*,#4393,.T.);
#5750=ORIENTED_EDGE('',*,*,#4394,.F.);
#5751=ORIENTED_EDGE('',*,*,#4395,.T.);
#5752=ORIENTED_EDGE('',*,*,#4308,.F.);
#5753=ORIENTED_EDGE('',*,*,#4396,.F.);
#5754=ORIENTED_EDGE('',*,*,#4397,.F.);
#5755=ORIENTED_EDGE('',*,*,#4393,.F.);
#5756=ORIENTED_EDGE('',*,*,#4313,.F.);
#5757=ORIENTED_EDGE('',*,*,#4398,.F.);
#5758=ORIENTED_EDGE('',*,*,#4399,.F.);
#5759=ORIENTED_EDGE('',*,*,#4396,.T.);
#5760=ORIENTED_EDGE('',*,*,#4312,.F.);
#5761=ORIENTED_EDGE('',*,*,#4400,.F.);
#5762=ORIENTED_EDGE('',*,*,#4401,.F.);
#5763=ORIENTED_EDGE('',*,*,#4398,.T.);
#5764=ORIENTED_EDGE('',*,*,#4311,.F.);
#5765=ORIENTED_EDGE('',*,*,#4402,.F.);
#5766=ORIENTED_EDGE('',*,*,#4403,.F.);
#5767=ORIENTED_EDGE('',*,*,#4400,.T.);
#5768=ORIENTED_EDGE('',*,*,#4310,.F.);
#5769=ORIENTED_EDGE('',*,*,#4395,.F.);
#5770=ORIENTED_EDGE('',*,*,#4404,.F.);
#5771=ORIENTED_EDGE('',*,*,#4402,.T.);
#5772=ORIENTED_EDGE('',*,*,#4309,.F.);
#5773=ORIENTED_EDGE('',*,*,#4397,.T.);
#5774=ORIENTED_EDGE('',*,*,#4399,.T.);
#5775=ORIENTED_EDGE('',*,*,#4401,.T.);
#5776=ORIENTED_EDGE('',*,*,#4403,.T.);
#5777=ORIENTED_EDGE('',*,*,#4404,.T.);
#5778=ORIENTED_EDGE('',*,*,#4394,.T.);
#5779=ORIENTED_EDGE('',*,*,#4405,.T.);
#5780=ORIENTED_EDGE('',*,*,#4405,.F.);
#5781=ORIENTED_EDGE('',*,*,#4406,.T.);
#5782=ORIENTED_EDGE('',*,*,#4407,.F.);
#5783=ORIENTED_EDGE('',*,*,#4406,.F.);
#5784=ORIENTED_EDGE('',*,*,#4408,.T.);
#5785=ORIENTED_EDGE('',*,*,#4409,.F.);
#5786=ORIENTED_EDGE('',*,*,#4410,.T.);
#5787=ORIENTED_EDGE('',*,*,#4322,.F.);
#5788=ORIENTED_EDGE('',*,*,#4411,.F.);
#5789=ORIENTED_EDGE('',*,*,#4412,.F.);
#5790=ORIENTED_EDGE('',*,*,#4408,.F.);
#5791=ORIENTED_EDGE('',*,*,#4327,.F.);
#5792=ORIENTED_EDGE('',*,*,#4413,.F.);
#5793=ORIENTED_EDGE('',*,*,#4414,.F.);
#5794=ORIENTED_EDGE('',*,*,#4411,.T.);
#5795=ORIENTED_EDGE('',*,*,#4326,.F.);
#5796=ORIENTED_EDGE('',*,*,#4415,.F.);
#5797=ORIENTED_EDGE('',*,*,#4416,.F.);
#5798=ORIENTED_EDGE('',*,*,#4413,.T.);
#5799=ORIENTED_EDGE('',*,*,#4325,.F.);
#5800=ORIENTED_EDGE('',*,*,#4417,.F.);
#5801=ORIENTED_EDGE('',*,*,#4418,.F.);
#5802=ORIENTED_EDGE('',*,*,#4415,.T.);
#5803=ORIENTED_EDGE('',*,*,#4324,.F.);
#5804=ORIENTED_EDGE('',*,*,#4410,.F.);
#5805=ORIENTED_EDGE('',*,*,#4419,.F.);
#5806=ORIENTED_EDGE('',*,*,#4417,.T.);
#5807=ORIENTED_EDGE('',*,*,#4323,.F.);
#5808=ORIENTED_EDGE('',*,*,#4412,.T.);
#5809=ORIENTED_EDGE('',*,*,#4414,.T.);
#5810=ORIENTED_EDGE('',*,*,#4416,.T.);
#5811=ORIENTED_EDGE('',*,*,#4418,.T.);
#5812=ORIENTED_EDGE('',*,*,#4419,.T.);
#5813=ORIENTED_EDGE('',*,*,#4409,.T.);
#5814=ORIENTED_EDGE('',*,*,#4420,.T.);
#5815=ORIENTED_EDGE('',*,*,#4420,.F.);
#5816=ORIENTED_EDGE('',*,*,#4421,.T.);
#5817=ORIENTED_EDGE('',*,*,#4422,.F.);
#5818=ORIENTED_EDGE('',*,*,#4421,.F.);
#5819=ORIENTED_EDGE('',*,*,#4423,.T.);
#5820=ORIENTED_EDGE('',*,*,#4424,.F.);
#5821=ORIENTED_EDGE('',*,*,#4425,.T.);
#5822=ORIENTED_EDGE('',*,*,#4344,.F.);
#5823=ORIENTED_EDGE('',*,*,#4426,.F.);
#5824=ORIENTED_EDGE('',*,*,#4427,.F.);
#5825=ORIENTED_EDGE('',*,*,#4423,.F.);
#5826=ORIENTED_EDGE('',*,*,#4349,.F.);
#5827=ORIENTED_EDGE('',*,*,#4428,.F.);
#5828=ORIENTED_EDGE('',*,*,#4429,.F.);
#5829=ORIENTED_EDGE('',*,*,#4426,.T.);
#5830=ORIENTED_EDGE('',*,*,#4348,.F.);
#5831=ORIENTED_EDGE('',*,*,#4430,.F.);
#5832=ORIENTED_EDGE('',*,*,#4431,.F.);
#5833=ORIENTED_EDGE('',*,*,#4428,.T.);
#5834=ORIENTED_EDGE('',*,*,#4347,.F.);
#5835=ORIENTED_EDGE('',*,*,#4432,.F.);
#5836=ORIENTED_EDGE('',*,*,#4433,.F.);
#5837=ORIENTED_EDGE('',*,*,#4430,.T.);
#5838=ORIENTED_EDGE('',*,*,#4346,.F.);
#5839=ORIENTED_EDGE('',*,*,#4425,.F.);
#5840=ORIENTED_EDGE('',*,*,#4434,.F.);
#5841=ORIENTED_EDGE('',*,*,#4432,.T.);
#5842=ORIENTED_EDGE('',*,*,#4345,.F.);
#5843=ORIENTED_EDGE('',*,*,#4427,.T.);
#5844=ORIENTED_EDGE('',*,*,#4429,.T.);
#5845=ORIENTED_EDGE('',*,*,#4431,.T.);
#5846=ORIENTED_EDGE('',*,*,#4433,.T.);
#5847=ORIENTED_EDGE('',*,*,#4434,.T.);
#5848=ORIENTED_EDGE('',*,*,#4424,.T.);
#5849=ORIENTED_EDGE('',*,*,#4435,.T.);
#5850=ORIENTED_EDGE('',*,*,#4435,.F.);
#5851=ORIENTED_EDGE('',*,*,#4436,.T.);
#5852=ORIENTED_EDGE('',*,*,#4437,.F.);
#5853=ORIENTED_EDGE('',*,*,#4436,.F.);
#5854=ORIENTED_EDGE('',*,*,#4438,.T.);
#5855=ORIENTED_EDGE('',*,*,#4439,.F.);
#5856=ORIENTED_EDGE('',*,*,#4440,.T.);
#5857=ORIENTED_EDGE('',*,*,#4294,.F.);
#5858=ORIENTED_EDGE('',*,*,#4441,.F.);
#5859=ORIENTED_EDGE('',*,*,#4442,.F.);
#5860=ORIENTED_EDGE('',*,*,#4438,.F.);
#5861=ORIENTED_EDGE('',*,*,#4299,.F.);
#5862=ORIENTED_EDGE('',*,*,#4443,.F.);
#5863=ORIENTED_EDGE('',*,*,#4444,.F.);
#5864=ORIENTED_EDGE('',*,*,#4441,.T.);
#5865=ORIENTED_EDGE('',*,*,#4298,.F.);
#5866=ORIENTED_EDGE('',*,*,#4445,.F.);
#5867=ORIENTED_EDGE('',*,*,#4446,.F.);
#5868=ORIENTED_EDGE('',*,*,#4443,.T.);
#5869=ORIENTED_EDGE('',*,*,#4297,.F.);
#5870=ORIENTED_EDGE('',*,*,#4447,.F.);
#5871=ORIENTED_EDGE('',*,*,#4448,.F.);
#5872=ORIENTED_EDGE('',*,*,#4445,.T.);
#5873=ORIENTED_EDGE('',*,*,#4296,.F.);
#5874=ORIENTED_EDGE('',*,*,#4440,.F.);
#5875=ORIENTED_EDGE('',*,*,#4449,.F.);
#5876=ORIENTED_EDGE('',*,*,#4447,.T.);
#5877=ORIENTED_EDGE('',*,*,#4295,.F.);
#5878=ORIENTED_EDGE('',*,*,#4442,.T.);
#5879=ORIENTED_EDGE('',*,*,#4444,.T.);
#5880=ORIENTED_EDGE('',*,*,#4446,.T.);
#5881=ORIENTED_EDGE('',*,*,#4448,.T.);
#5882=ORIENTED_EDGE('',*,*,#4449,.T.);
#5883=ORIENTED_EDGE('',*,*,#4439,.T.);
#5884=ORIENTED_EDGE('',*,*,#4450,.T.);
#5885=ORIENTED_EDGE('',*,*,#4450,.F.);
#5886=ORIENTED_EDGE('',*,*,#4451,.T.);
#5887=ORIENTED_EDGE('',*,*,#4452,.F.);
#5888=ORIENTED_EDGE('',*,*,#4451,.F.);
#5889=ORIENTED_EDGE('',*,*,#4300,.F.);
#5890=ORIENTED_EDGE('',*,*,#4453,.F.);
#5891=ORIENTED_EDGE('',*,*,#4454,.T.);
#5892=ORIENTED_EDGE('',*,*,#4455,.T.);
#5893=ORIENTED_EDGE('',*,*,#4272,.T.);
#5894=ORIENTED_EDGE('',*,*,#4456,.F.);
#5895=ORIENTED_EDGE('',*,*,#4457,.T.);
#5896=ORIENTED_EDGE('',*,*,#4458,.T.);
#5897=ORIENTED_EDGE('',*,*,#4213,.F.);
#5898=ORIENTED_EDGE('',*,*,#4459,.F.);
#5899=ORIENTED_EDGE('',*,*,#4460,.F.);
#5900=ORIENTED_EDGE('',*,*,#4461,.T.);
#5901=ORIENTED_EDGE('',*,*,#4314,.F.);
#5902=ORIENTED_EDGE('',*,*,#4462,.F.);
#5903=ORIENTED_EDGE('',*,*,#4463,.F.);
#5904=ORIENTED_EDGE('',*,*,#4464,.T.);
#5905=ORIENTED_EDGE('',*,*,#4464,.F.);
#5906=ORIENTED_EDGE('',*,*,#4465,.T.);
#5907=ORIENTED_EDGE('',*,*,#4466,.T.);
#5908=ORIENTED_EDGE('',*,*,#4301,.F.);
#5909=ORIENTED_EDGE('',*,*,#4467,.T.);
#5910=ORIENTED_EDGE('',*,*,#4468,.T.);
#5911=ORIENTED_EDGE('',*,*,#4302,.F.);
#5912=ORIENTED_EDGE('',*,*,#4466,.F.);
#5913=ORIENTED_EDGE('',*,*,#4469,.T.);
#5914=ORIENTED_EDGE('',*,*,#4470,.F.);
#5915=ORIENTED_EDGE('',*,*,#4471,.F.);
#5916=ORIENTED_EDGE('',*,*,#4472,.F.);
#5917=ORIENTED_EDGE('',*,*,#4473,.F.);
#5918=ORIENTED_EDGE('',*,*,#4474,.T.);
#5919=ORIENTED_EDGE('',*,*,#4475,.F.);
#5920=ORIENTED_EDGE('',*,*,#4476,.T.);
#5921=ORIENTED_EDGE('',*,*,#4477,.F.);
#5922=ORIENTED_EDGE('',*,*,#4478,.T.);
#5923=ORIENTED_EDGE('',*,*,#4479,.T.);
#5924=ORIENTED_EDGE('',*,*,#4480,.T.);
#5925=ORIENTED_EDGE('',*,*,#4454,.F.);
#5926=ORIENTED_EDGE('',*,*,#4481,.F.);
#5927=ORIENTED_EDGE('',*,*,#4482,.F.);
#5928=ORIENTED_EDGE('',*,*,#4483,.F.);
#5929=ORIENTED_EDGE('',*,*,#4484,.T.);
#5930=ORIENTED_EDGE('',*,*,#4485,.F.);
#5931=ORIENTED_EDGE('',*,*,#4486,.F.);
#5932=ORIENTED_EDGE('',*,*,#4487,.F.);
#5933=ORIENTED_EDGE('',*,*,#4457,.F.);
#5934=ORIENTED_EDGE('',*,*,#4488,.F.);
#5935=ORIENTED_EDGE('',*,*,#4489,.F.);
#5936=ORIENTED_EDGE('',*,*,#4490,.F.);
#5937=ORIENTED_EDGE('',*,*,#4491,.T.);
#5938=ORIENTED_EDGE('',*,*,#4492,.F.);
#5939=ORIENTED_EDGE('',*,*,#4493,.F.);
#5940=ORIENTED_EDGE('',*,*,#4494,.F.);
#5941=ORIENTED_EDGE('',*,*,#4495,.T.);
#5942=ORIENTED_EDGE('',*,*,#4496,.F.);
#5943=ORIENTED_EDGE('',*,*,#4497,.F.);
#5944=ORIENTED_EDGE('',*,*,#4498,.F.);
#5945=ORIENTED_EDGE('',*,*,#4499,.F.);
#5946=ORIENTED_EDGE('',*,*,#4500,.F.);
#5947=ORIENTED_EDGE('',*,*,#4501,.F.);
#5948=ORIENTED_EDGE('',*,*,#4502,.F.);
#5949=ORIENTED_EDGE('',*,*,#4503,.T.);
#5950=ORIENTED_EDGE('',*,*,#4504,.T.);
#5951=ORIENTED_EDGE('',*,*,#4505,.T.);
#5952=ORIENTED_EDGE('',*,*,#4506,.T.);
#5953=ORIENTED_EDGE('',*,*,#4507,.F.);
#5954=ORIENTED_EDGE('',*,*,#4508,.F.);
#5955=ORIENTED_EDGE('',*,*,#4509,.F.);
#5956=ORIENTED_EDGE('',*,*,#4510,.F.);
#5957=ORIENTED_EDGE('',*,*,#4463,.T.);
#5958=ORIENTED_EDGE('',*,*,#4511,.F.);
#5959=ORIENTED_EDGE('',*,*,#4512,.F.);
#5960=ORIENTED_EDGE('',*,*,#4513,.F.);
#5961=ORIENTED_EDGE('',*,*,#4514,.T.);
#5962=ORIENTED_EDGE('',*,*,#4515,.F.);
#5963=ORIENTED_EDGE('',*,*,#4467,.F.);
#5964=ORIENTED_EDGE('',*,*,#4465,.F.);
#5965=ORIENTED_EDGE('',*,*,#4460,.T.);
#5966=ORIENTED_EDGE('',*,*,#4516,.T.);
#5967=ORIENTED_EDGE('',*,*,#4517,.T.);
#5968=ORIENTED_EDGE('',*,*,#4518,.T.);
#5969=ORIENTED_EDGE('',*,*,#4519,.T.);
#5970=ORIENTED_EDGE('',*,*,#4520,.F.);
#5971=ORIENTED_EDGE('',*,*,#4521,.F.);
#5972=ORIENTED_EDGE('',*,*,#4522,.F.);
#5973=ORIENTED_EDGE('',*,*,#4523,.F.);
#5974=ORIENTED_EDGE('',*,*,#4524,.F.);
#5975=ORIENTED_EDGE('',*,*,#4525,.F.);
#5976=ORIENTED_EDGE('',*,*,#4526,.F.);
#5977=ORIENTED_EDGE('',*,*,#4527,.F.);
#5978=ORIENTED_EDGE('',*,*,#4528,.F.);
#5979=ORIENTED_EDGE('',*,*,#4529,.F.);
#5980=ORIENTED_EDGE('',*,*,#4530,.F.);
#5981=ORIENTED_EDGE('',*,*,#4531,.F.);
#5982=ORIENTED_EDGE('',*,*,#4532,.F.);
#5983=ORIENTED_EDGE('',*,*,#4533,.F.);
#5984=ORIENTED_EDGE('',*,*,#4534,.F.);
#5985=ORIENTED_EDGE('',*,*,#4535,.F.);
#5986=ORIENTED_EDGE('',*,*,#4536,.F.);
#5987=ORIENTED_EDGE('',*,*,#4537,.F.);
#5988=ORIENTED_EDGE('',*,*,#4201,.F.);
#5989=ORIENTED_EDGE('',*,*,#4538,.F.);
#5990=ORIENTED_EDGE('',*,*,#4539,.F.);
#5991=ORIENTED_EDGE('',*,*,#4540,.F.);
#5992=ORIENTED_EDGE('',*,*,#4541,.F.);
#5993=ORIENTED_EDGE('',*,*,#4542,.F.);
#5994=ORIENTED_EDGE('',*,*,#4543,.T.);
#5995=ORIENTED_EDGE('',*,*,#4544,.F.);
#5996=ORIENTED_EDGE('',*,*,#4545,.F.);
#5997=ORIENTED_EDGE('',*,*,#4546,.F.);
#5998=ORIENTED_EDGE('',*,*,#4547,.F.);
#5999=ORIENTED_EDGE('',*,*,#4548,.F.);
#6000=ORIENTED_EDGE('',*,*,#4549,.T.);
#6001=ORIENTED_EDGE('',*,*,#4550,.T.);
#6002=ORIENTED_EDGE('',*,*,#4551,.T.);
#6003=ORIENTED_EDGE('',*,*,#4552,.T.);
#6004=ORIENTED_EDGE('',*,*,#4553,.T.);
#6005=ORIENTED_EDGE('',*,*,#4554,.T.);
#6006=ORIENTED_EDGE('',*,*,#4555,.T.);
#6007=ORIENTED_EDGE('',*,*,#4556,.T.);
#6008=ORIENTED_EDGE('',*,*,#4557,.F.);
#6009=ORIENTED_EDGE('',*,*,#4558,.T.);
#6010=ORIENTED_EDGE('',*,*,#4559,.T.);
#6011=ORIENTED_EDGE('',*,*,#4560,.T.);
#6012=ORIENTED_EDGE('',*,*,#4561,.T.);
#6013=ORIENTED_EDGE('',*,*,#4562,.T.);
#6014=ORIENTED_EDGE('',*,*,#4563,.F.);
#6015=ORIENTED_EDGE('',*,*,#4564,.F.);
#6016=ORIENTED_EDGE('',*,*,#4565,.F.);
#6017=ORIENTED_EDGE('',*,*,#4566,.F.);
#6018=ORIENTED_EDGE('',*,*,#4567,.F.);
#6019=ORIENTED_EDGE('',*,*,#4159,.T.);
#6020=ORIENTED_EDGE('',*,*,#4568,.T.);
#6021=ORIENTED_EDGE('',*,*,#4569,.T.);
#6022=ORIENTED_EDGE('',*,*,#4570,.T.);
#6023=ORIENTED_EDGE('',*,*,#4571,.T.);
#6024=ORIENTED_EDGE('',*,*,#4572,.T.);
#6025=ORIENTED_EDGE('',*,*,#4573,.T.);
#6026=ORIENTED_EDGE('',*,*,#4574,.T.);
#6027=ORIENTED_EDGE('',*,*,#4165,.T.);
#6028=ORIENTED_EDGE('',*,*,#4575,.T.);
#6029=ORIENTED_EDGE('',*,*,#4576,.T.);
#6030=ORIENTED_EDGE('',*,*,#4577,.F.);
#6031=ORIENTED_EDGE('',*,*,#4578,.F.);
#6032=ORIENTED_EDGE('',*,*,#4579,.F.);
#6033=ORIENTED_EDGE('',*,*,#4580,.F.);
#6034=ORIENTED_EDGE('',*,*,#4581,.F.);
#6035=ORIENTED_EDGE('',*,*,#4582,.T.);
#6036=ORIENTED_EDGE('',*,*,#4583,.T.);
#6037=ORIENTED_EDGE('',*,*,#4584,.T.);
#6038=ORIENTED_EDGE('',*,*,#4585,.F.);
#6039=ORIENTED_EDGE('',*,*,#4586,.T.);
#6040=ORIENTED_EDGE('',*,*,#4587,.T.);
#6041=ORIENTED_EDGE('',*,*,#4588,.T.);
#6042=ORIENTED_EDGE('',*,*,#4589,.T.);
#6043=ORIENTED_EDGE('',*,*,#4590,.T.);
#6044=ORIENTED_EDGE('',*,*,#4591,.T.);
#6045=ORIENTED_EDGE('',*,*,#4592,.T.);
#6046=ORIENTED_EDGE('',*,*,#4593,.T.);
#6047=ORIENTED_EDGE('',*,*,#4469,.F.);
#6048=ORIENTED_EDGE('',*,*,#4594,.T.);
#6049=ORIENTED_EDGE('',*,*,#4595,.F.);
#6050=ORIENTED_EDGE('',*,*,#4596,.F.);
#6051=ORIENTED_EDGE('',*,*,#4597,.T.);
#6052=ORIENTED_EDGE('',*,*,#4598,.T.);
#6053=ORIENTED_EDGE('',*,*,#4599,.T.);
#6054=ORIENTED_EDGE('',*,*,#4600,.T.);
#6055=ORIENTED_EDGE('',*,*,#4601,.T.);
#6056=ORIENTED_EDGE('',*,*,#4602,.T.);
#6057=ORIENTED_EDGE('',*,*,#4049,.F.);
#6058=ORIENTED_EDGE('',*,*,#4603,.F.);
#6059=ORIENTED_EDGE('',*,*,#4470,.T.);
#6060=ORIENTED_EDGE('',*,*,#4596,.T.);
#6061=ORIENTED_EDGE('',*,*,#4604,.F.);
#6062=ORIENTED_EDGE('',*,*,#4605,.F.);
#6063=ORIENTED_EDGE('',*,*,#4535,.T.);
#6064=ORIENTED_EDGE('',*,*,#4606,.T.);
#6065=ORIENTED_EDGE('',*,*,#4340,.F.);
#6066=ORIENTED_EDGE('',*,*,#4607,.F.);
#6067=ORIENTED_EDGE('',*,*,#4527,.T.);
#6068=ORIENTED_EDGE('',*,*,#4608,.T.);
#6069=ORIENTED_EDGE('',*,*,#4332,.F.);
#6070=ORIENTED_EDGE('',*,*,#4609,.F.);
#6071=ORIENTED_EDGE('',*,*,#4499,.T.);
#6072=ORIENTED_EDGE('',*,*,#4610,.T.);
#6073=ORIENTED_EDGE('',*,*,#4290,.F.);
#6074=ORIENTED_EDGE('',*,*,#4611,.F.);
#6075=ORIENTED_EDGE('',*,*,#4507,.T.);
#6076=ORIENTED_EDGE('',*,*,#4612,.T.);
#6077=ORIENTED_EDGE('',*,*,#4613,.T.);
#6078=ORIENTED_EDGE('',*,*,#4614,.F.);
#6079=ORIENTED_EDGE('',*,*,#4477,.T.);
#6080=ORIENTED_EDGE('',*,*,#4615,.F.);
#6081=ORIENTED_EDGE('',*,*,#4616,.F.);
#6082=ORIENTED_EDGE('',*,*,#4617,.T.);
#6083=ORIENTED_EDGE('',*,*,#4618,.T.);
#6084=ORIENTED_EDGE('',*,*,#3958,.T.);
#6085=ORIENTED_EDGE('',*,*,#4619,.T.);
#6086=ORIENTED_EDGE('',*,*,#4597,.F.);
#6087=ORIENTED_EDGE('',*,*,#4620,.T.);
#6088=ORIENTED_EDGE('',*,*,#3960,.F.);
#6089=ORIENTED_EDGE('',*,*,#3959,.F.);
#6090=ORIENTED_EDGE('',*,*,#4618,.F.);
#6091=ORIENTED_EDGE('',*,*,#4617,.F.);
#6092=ORIENTED_EDGE('',*,*,#4620,.F.);
#6093=ORIENTED_EDGE('',*,*,#4616,.T.);
#6094=ORIENTED_EDGE('',*,*,#4621,.F.);
#6095=ORIENTED_EDGE('',*,*,#4187,.T.);
#6096=ORIENTED_EDGE('',*,*,#4622,.T.);
#6097=ORIENTED_EDGE('',*,*,#4168,.T.);
#6098=ORIENTED_EDGE('',*,*,#4151,.F.);
#6099=ORIENTED_EDGE('',*,*,#4623,.T.);
#6100=ORIENTED_EDGE('',*,*,#4624,.F.);
#6101=ORIENTED_EDGE('',*,*,#4625,.T.);
#6102=ORIENTED_EDGE('',*,*,#4626,.F.);
#6103=ORIENTED_EDGE('',*,*,#4627,.T.);
#6104=ORIENTED_EDGE('',*,*,#4628,.F.);
#6105=ORIENTED_EDGE('',*,*,#3994,.F.);
#6106=ORIENTED_EDGE('',*,*,#4629,.F.);
#6107=ORIENTED_EDGE('',*,*,#4630,.F.);
#6108=ORIENTED_EDGE('',*,*,#4631,.F.);
#6109=ORIENTED_EDGE('',*,*,#3961,.T.);
#6110=ORIENTED_EDGE('',*,*,#4035,.T.);
#6111=ORIENTED_EDGE('',*,*,#4064,.F.);
#6112=ORIENTED_EDGE('',*,*,#4632,.F.);
#6113=ORIENTED_EDGE('',*,*,#4633,.F.);
#6114=ORIENTED_EDGE('',*,*,#4634,.F.);
#6115=ORIENTED_EDGE('',*,*,#4635,.T.);
#6116=ORIENTED_EDGE('',*,*,#4636,.T.);
#6117=ORIENTED_EDGE('',*,*,#4055,.F.);
#6118=ORIENTED_EDGE('',*,*,#4637,.T.);
#6119=ORIENTED_EDGE('',*,*,#4069,.T.);
#6120=ORIENTED_EDGE('',*,*,#4637,.F.);
#6121=ORIENTED_EDGE('',*,*,#4106,.F.);
#6122=ORIENTED_EDGE('',*,*,#4638,.T.);
#6123=ORIENTED_EDGE('',*,*,#4632,.T.);
#6124=ORIENTED_EDGE('',*,*,#4638,.F.);
#6125=ORIENTED_EDGE('',*,*,#4056,.F.);
#6126=ORIENTED_EDGE('',*,*,#4639,.T.);
#6127=ORIENTED_EDGE('',*,*,#4071,.T.);
#6128=ORIENTED_EDGE('',*,*,#4639,.F.);
#6129=ORIENTED_EDGE('',*,*,#4104,.F.);
#6130=ORIENTED_EDGE('',*,*,#4640,.T.);
#6131=ORIENTED_EDGE('',*,*,#4633,.T.);
#6132=ORIENTED_EDGE('',*,*,#4640,.F.);
#6133=ORIENTED_EDGE('',*,*,#4057,.F.);
#6134=ORIENTED_EDGE('',*,*,#4641,.T.);
#6135=ORIENTED_EDGE('',*,*,#4066,.T.);
#6136=ORIENTED_EDGE('',*,*,#4641,.F.);
#6137=ORIENTED_EDGE('',*,*,#4102,.F.);
#6138=ORIENTED_EDGE('',*,*,#4642,.T.);
#6139=ORIENTED_EDGE('',*,*,#4634,.T.);
#6140=ORIENTED_EDGE('',*,*,#4642,.F.);
#6141=ORIENTED_EDGE('',*,*,#4031,.F.);
#6142=ORIENTED_EDGE('',*,*,#4643,.T.);
#6143=ORIENTED_EDGE('',*,*,#4058,.T.);
#6144=ORIENTED_EDGE('',*,*,#4643,.F.);
#6145=ORIENTED_EDGE('',*,*,#4635,.F.);
#6146=ORIENTED_EDGE('',*,*,#4644,.T.);
#6147=ORIENTED_EDGE('',*,*,#4135,.T.);
#6148=ORIENTED_EDGE('',*,*,#4644,.F.);
#6149=ORIENTED_EDGE('',*,*,#4032,.F.);
#6150=ORIENTED_EDGE('',*,*,#4645,.T.);
#6151=ORIENTED_EDGE('',*,*,#4059,.T.);
#6152=ORIENTED_EDGE('',*,*,#4645,.F.);
#6153=ORIENTED_EDGE('',*,*,#4636,.F.);
#6154=ORIENTED_EDGE('',*,*,#4646,.T.);
#6155=ORIENTED_EDGE('',*,*,#4136,.T.);
#6156=ORIENTED_EDGE('',*,*,#4646,.F.);
#6157=ORIENTED_EDGE('',*,*,#4647,.T.);
#6158=ORIENTED_EDGE('',*,*,#4598,.F.);
#6159=ORIENTED_EDGE('',*,*,#4619,.F.);
#6160=ORIENTED_EDGE('',*,*,#3957,.F.);
#6161=ORIENTED_EDGE('',*,*,#4647,.F.);
#6162=ORIENTED_EDGE('',*,*,#3956,.T.);
#6163=ORIENTED_EDGE('',*,*,#4648,.T.);
#6164=ORIENTED_EDGE('',*,*,#4599,.F.);
#6165=ORIENTED_EDGE('',*,*,#4649,.T.);
#6166=ORIENTED_EDGE('',*,*,#4600,.F.);
#6167=ORIENTED_EDGE('',*,*,#4648,.F.);
#6168=ORIENTED_EDGE('',*,*,#3955,.F.);
#6169=ORIENTED_EDGE('',*,*,#4650,.T.);
#6170=ORIENTED_EDGE('',*,*,#4601,.F.);
#6171=ORIENTED_EDGE('',*,*,#4649,.F.);
#6172=ORIENTED_EDGE('',*,*,#3954,.T.);
#6173=ORIENTED_EDGE('',*,*,#4050,.T.);
#6174=ORIENTED_EDGE('',*,*,#4602,.F.);
#6175=ORIENTED_EDGE('',*,*,#4650,.F.);
#6176=ORIENTED_EDGE('',*,*,#3953,.F.);
#6177=ORIENTED_EDGE('',*,*,#3952,.F.);
#6178=ORIENTED_EDGE('',*,*,#4051,.F.);
#6179=ORIENTED_EDGE('',*,*,#3964,.F.);
#6180=ORIENTED_EDGE('',*,*,#4021,.T.);
#6181=ORIENTED_EDGE('',*,*,#4651,.T.);
#6182=ORIENTED_EDGE('',*,*,#4631,.T.);
#6183=ORIENTED_EDGE('',*,*,#4652,.T.);
#6184=ORIENTED_EDGE('',*,*,#4127,.F.);
#6185=ORIENTED_EDGE('',*,*,#3947,.F.);
#6186=ORIENTED_EDGE('',*,*,#4052,.F.);
#6187=ORIENTED_EDGE('',*,*,#4651,.F.);
#6188=ORIENTED_EDGE('',*,*,#4020,.T.);
#6189=ORIENTED_EDGE('',*,*,#4653,.T.);
#6190=ORIENTED_EDGE('',*,*,#4630,.T.);
#6191=ORIENTED_EDGE('',*,*,#4654,.T.);
#6192=ORIENTED_EDGE('',*,*,#4128,.F.);
#6193=ORIENTED_EDGE('',*,*,#4652,.F.);
#6194=ORIENTED_EDGE('',*,*,#4053,.F.);
#6195=ORIENTED_EDGE('',*,*,#4653,.F.);
#6196=ORIENTED_EDGE('',*,*,#4019,.T.);
#6197=ORIENTED_EDGE('',*,*,#3990,.T.);
#6198=ORIENTED_EDGE('',*,*,#4629,.T.);
#6199=ORIENTED_EDGE('',*,*,#4007,.T.);
#6200=ORIENTED_EDGE('',*,*,#4129,.F.);
#6201=ORIENTED_EDGE('',*,*,#4654,.F.);
#6202=ORIENTED_EDGE('',*,*,#4655,.T.);
#6203=ORIENTED_EDGE('',*,*,#4656,.F.);
#6204=ORIENTED_EDGE('',*,*,#4657,.F.);
#6205=ORIENTED_EDGE('',*,*,#3997,.T.);
#6206=ORIENTED_EDGE('',*,*,#4628,.T.);
#6207=ORIENTED_EDGE('',*,*,#4658,.F.);
#6208=ORIENTED_EDGE('',*,*,#4655,.F.);
#6209=ORIENTED_EDGE('',*,*,#3996,.F.);
#6210=ORIENTED_EDGE('',*,*,#3995,.F.);
#6211=ORIENTED_EDGE('',*,*,#4627,.F.);
#6212=ORIENTED_EDGE('',*,*,#4659,.T.);
#6213=ORIENTED_EDGE('',*,*,#4479,.F.);
#6214=ORIENTED_EDGE('',*,*,#4660,.T.);
#6215=ORIENTED_EDGE('',*,*,#4661,.F.);
#6216=ORIENTED_EDGE('',*,*,#4662,.F.);
#6217=ORIENTED_EDGE('',*,*,#4491,.F.);
#6218=ORIENTED_EDGE('',*,*,#4663,.T.);
#6219=ORIENTED_EDGE('',*,*,#4276,.T.);
#6220=ORIENTED_EDGE('',*,*,#4664,.F.);
#6221=ORIENTED_EDGE('',*,*,#4484,.F.);
#6222=ORIENTED_EDGE('',*,*,#4665,.T.);
#6223=ORIENTED_EDGE('',*,*,#4304,.T.);
#6224=ORIENTED_EDGE('',*,*,#4666,.F.);
#6225=ORIENTED_EDGE('',*,*,#4514,.F.);
#6226=ORIENTED_EDGE('',*,*,#4667,.T.);
#6227=ORIENTED_EDGE('',*,*,#4318,.T.);
#6228=ORIENTED_EDGE('',*,*,#4668,.F.);
#6229=ORIENTED_EDGE('',*,*,#4519,.F.);
#6230=ORIENTED_EDGE('',*,*,#4669,.T.);
#6231=ORIENTED_EDGE('',*,*,#4670,.T.);
#6232=ORIENTED_EDGE('',*,*,#4671,.F.);
#6233=ORIENTED_EDGE('',*,*,#4474,.F.);
#6234=ORIENTED_EDGE('',*,*,#4672,.T.);
#6235=ORIENTED_EDGE('',*,*,#4039,.F.);
#6236=ORIENTED_EDGE('',*,*,#4673,.T.);
#6237=ORIENTED_EDGE('',*,*,#4674,.T.);
#6238=ORIENTED_EDGE('',*,*,#4675,.T.);
#6239=ORIENTED_EDGE('',*,*,#4676,.T.);
#6240=ORIENTED_EDGE('',*,*,#4677,.T.);
#6241=ORIENTED_EDGE('',*,*,#4656,.T.);
#6242=ORIENTED_EDGE('',*,*,#4658,.T.);
#6243=ORIENTED_EDGE('',*,*,#4657,.T.);
#6244=ORIENTED_EDGE('',*,*,#4677,.F.);
#6245=ORIENTED_EDGE('',*,*,#4678,.F.);
#6246=ORIENTED_EDGE('',*,*,#3998,.F.);
#6247=ORIENTED_EDGE('',*,*,#4678,.T.);
#6248=ORIENTED_EDGE('',*,*,#4676,.F.);
#6249=ORIENTED_EDGE('',*,*,#4679,.F.);
#6250=ORIENTED_EDGE('',*,*,#3999,.T.);
#6251=ORIENTED_EDGE('',*,*,#4679,.T.);
#6252=ORIENTED_EDGE('',*,*,#4675,.F.);
#6253=ORIENTED_EDGE('',*,*,#4680,.F.);
#6254=ORIENTED_EDGE('',*,*,#4000,.F.);
#6255=ORIENTED_EDGE('',*,*,#4681,.T.);
#6256=ORIENTED_EDGE('',*,*,#4001,.T.);
#6257=ORIENTED_EDGE('',*,*,#4680,.T.);
#6258=ORIENTED_EDGE('',*,*,#4674,.F.);
#6259=ORIENTED_EDGE('',*,*,#4038,.T.);
#6260=ORIENTED_EDGE('',*,*,#4003,.F.);
#6261=ORIENTED_EDGE('',*,*,#4002,.F.);
#6262=ORIENTED_EDGE('',*,*,#4681,.F.);
#6263=ORIENTED_EDGE('',*,*,#4673,.F.);
#6264=ORIENTED_EDGE('',*,*,#4682,.T.);
#6265=ORIENTED_EDGE('',*,*,#4040,.F.);
#6266=ORIENTED_EDGE('',*,*,#4672,.F.);
#6267=ORIENTED_EDGE('',*,*,#4473,.T.);
#6268=ORIENTED_EDGE('',*,*,#4683,.T.);
#6269=ORIENTED_EDGE('',*,*,#4684,.T.);
#6270=ORIENTED_EDGE('',*,*,#4685,.F.);
#6271=ORIENTED_EDGE('',*,*,#4184,.F.);
#6272=ORIENTED_EDGE('',*,*,#4686,.T.);
#6273=ORIENTED_EDGE('',*,*,#4687,.F.);
#6274=ORIENTED_EDGE('',*,*,#4594,.F.);
#6275=ORIENTED_EDGE('',*,*,#4471,.T.);
#6276=ORIENTED_EDGE('',*,*,#4603,.T.);
#6277=ORIENTED_EDGE('',*,*,#4048,.F.);
#6278=ORIENTED_EDGE('',*,*,#4688,.F.);
#6279=ORIENTED_EDGE('',*,*,#4689,.T.);
#6280=ORIENTED_EDGE('',*,*,#4690,.F.);
#6281=ORIENTED_EDGE('',*,*,#4041,.F.);
#6282=ORIENTED_EDGE('',*,*,#4682,.F.);
#6283=ORIENTED_EDGE('',*,*,#4691,.T.);
#6284=ORIENTED_EDGE('',*,*,#4692,.T.);
#6285=ORIENTED_EDGE('',*,*,#4693,.T.);
#6286=ORIENTED_EDGE('',*,*,#4694,.F.);
#6287=ORIENTED_EDGE('',*,*,#4695,.F.);
#6288=ORIENTED_EDGE('',*,*,#4696,.F.);
#6289=ORIENTED_EDGE('',*,*,#4697,.T.);
#6290=ORIENTED_EDGE('',*,*,#4698,.T.);
#6291=ORIENTED_EDGE('',*,*,#4699,.T.);
#6292=ORIENTED_EDGE('',*,*,#4700,.T.);
#6293=ORIENTED_EDGE('',*,*,#4701,.F.);
#6294=ORIENTED_EDGE('',*,*,#4702,.T.);
#6295=ORIENTED_EDGE('',*,*,#4703,.T.);
#6296=ORIENTED_EDGE('',*,*,#4704,.F.);
#6297=ORIENTED_EDGE('',*,*,#4705,.F.);
#6298=ORIENTED_EDGE('',*,*,#4706,.F.);
#6299=ORIENTED_EDGE('',*,*,#4625,.F.);
#6300=ORIENTED_EDGE('',*,*,#4707,.F.);
#6301=ORIENTED_EDGE('',*,*,#4708,.T.);
#6302=ORIENTED_EDGE('',*,*,#4709,.T.);
#6303=ORIENTED_EDGE('',*,*,#4710,.T.);
#6304=ORIENTED_EDGE('',*,*,#4711,.F.);
#6305=ORIENTED_EDGE('',*,*,#4688,.T.);
#6306=ORIENTED_EDGE('',*,*,#4712,.F.);
#6307=ORIENTED_EDGE('',*,*,#4713,.F.);
#6308=ORIENTED_EDGE('',*,*,#4711,.T.);
#6309=ORIENTED_EDGE('',*,*,#4714,.F.);
#6310=ORIENTED_EDGE('',*,*,#4715,.F.);
#6311=ORIENTED_EDGE('',*,*,#4689,.F.);
#6312=ORIENTED_EDGE('',*,*,#4715,.T.);
#6313=ORIENTED_EDGE('',*,*,#4716,.F.);
#6314=ORIENTED_EDGE('',*,*,#4042,.F.);
#6315=ORIENTED_EDGE('',*,*,#4690,.T.);
#6316=ORIENTED_EDGE('',*,*,#4717,.T.);
#6317=ORIENTED_EDGE('',*,*,#4560,.F.);
#6318=ORIENTED_EDGE('',*,*,#4718,.F.);
#6319=ORIENTED_EDGE('',*,*,#4719,.T.);
#6320=ORIENTED_EDGE('',*,*,#4025,.T.);
#6321=ORIENTED_EDGE('',*,*,#4153,.F.);
#6322=ORIENTED_EDGE('',*,*,#4043,.F.);
#6323=ORIENTED_EDGE('',*,*,#4716,.T.);
#6324=ORIENTED_EDGE('',*,*,#4714,.T.);
#6325=ORIENTED_EDGE('',*,*,#4713,.T.);
#6326=ORIENTED_EDGE('',*,*,#4720,.T.);
#6327=ORIENTED_EDGE('',*,*,#4721,.F.);
#6328=ORIENTED_EDGE('',*,*,#4722,.T.);
#6329=ORIENTED_EDGE('',*,*,#4723,.T.);
#6330=ORIENTED_EDGE('',*,*,#4623,.F.);
#6331=ORIENTED_EDGE('',*,*,#4150,.F.);
#6332=ORIENTED_EDGE('',*,*,#4131,.F.);
#6333=ORIENTED_EDGE('',*,*,#4724,.T.);
#6334=ORIENTED_EDGE('',*,*,#4725,.T.);
#6335=ORIENTED_EDGE('',*,*,#4582,.F.);
#6336=ORIENTED_EDGE('',*,*,#4726,.F.);
#6337=ORIENTED_EDGE('',*,*,#4727,.T.);
#6338=ORIENTED_EDGE('',*,*,#4210,.T.);
#6339=ORIENTED_EDGE('',*,*,#4728,.F.);
#6340=ORIENTED_EDGE('',*,*,#4561,.F.);
#6341=ORIENTED_EDGE('',*,*,#4717,.F.);
#6342=ORIENTED_EDGE('',*,*,#4729,.T.);
#6343=ORIENTED_EDGE('',*,*,#4712,.T.);
#6344=ORIENTED_EDGE('',*,*,#4698,.F.);
#6345=ORIENTED_EDGE('',*,*,#4730,.F.);
#6346=ORIENTED_EDGE('',*,*,#4211,.F.);
#6347=ORIENTED_EDGE('',*,*,#4729,.F.);
#6348=ORIENTED_EDGE('',*,*,#4720,.F.);
#6349=ORIENTED_EDGE('',*,*,#4697,.F.);
#6350=ORIENTED_EDGE('',*,*,#4731,.F.);
#6351=ORIENTED_EDGE('',*,*,#4732,.F.);
#6352=ORIENTED_EDGE('',*,*,#4516,.F.);
#6353=ORIENTED_EDGE('',*,*,#4459,.T.);
#6354=ORIENTED_EDGE('',*,*,#4212,.T.);
#6355=ORIENTED_EDGE('',*,*,#4730,.T.);
#6356=ORIENTED_EDGE('',*,*,#4732,.T.);
#6357=ORIENTED_EDGE('',*,*,#4733,.T.);
#6358=ORIENTED_EDGE('',*,*,#4734,.F.);
#6359=ORIENTED_EDGE('',*,*,#4517,.F.);
#6360=ORIENTED_EDGE('',*,*,#4518,.F.);
#6361=ORIENTED_EDGE('',*,*,#4734,.T.);
#6362=ORIENTED_EDGE('',*,*,#4735,.T.);
#6363=ORIENTED_EDGE('',*,*,#4669,.F.);
#6364=ORIENTED_EDGE('',*,*,#4731,.T.);
#6365=ORIENTED_EDGE('',*,*,#4696,.T.);
#6366=ORIENTED_EDGE('',*,*,#4736,.F.);
#6367=ORIENTED_EDGE('',*,*,#4737,.F.);
#6368=ORIENTED_EDGE('',*,*,#4738,.F.);
#6369=ORIENTED_EDGE('',*,*,#4739,.F.);
#6370=ORIENTED_EDGE('',*,*,#4740,.F.);
#6371=ORIENTED_EDGE('',*,*,#4692,.F.);
#6372=ORIENTED_EDGE('',*,*,#4741,.F.);
#6373=ORIENTED_EDGE('',*,*,#4684,.F.);
#6374=ORIENTED_EDGE('',*,*,#4742,.F.);
#6375=ORIENTED_EDGE('',*,*,#4670,.F.);
#6376=ORIENTED_EDGE('',*,*,#4735,.F.);
#6377=ORIENTED_EDGE('',*,*,#4733,.F.);
#6378=ORIENTED_EDGE('',*,*,#4472,.T.);
#6379=ORIENTED_EDGE('',*,*,#4671,.T.);
#6380=ORIENTED_EDGE('',*,*,#4742,.T.);
#6381=ORIENTED_EDGE('',*,*,#4683,.F.);
#6382=ORIENTED_EDGE('',*,*,#4691,.F.);
#6383=ORIENTED_EDGE('',*,*,#4685,.T.);
#6384=ORIENTED_EDGE('',*,*,#4741,.T.);
#6385=ORIENTED_EDGE('',*,*,#4693,.F.);
#6386=ORIENTED_EDGE('',*,*,#4740,.T.);
#6387=ORIENTED_EDGE('',*,*,#4743,.T.);
#6388=ORIENTED_EDGE('',*,*,#4744,.F.);
#6389=ORIENTED_EDGE('',*,*,#4745,.T.);
#6390=ORIENTED_EDGE('',*,*,#4746,.T.);
#6391=ORIENTED_EDGE('',*,*,#4694,.T.);
#6392=ORIENTED_EDGE('',*,*,#4744,.T.);
#6393=ORIENTED_EDGE('',*,*,#4747,.T.);
#6394=ORIENTED_EDGE('',*,*,#4748,.T.);
#6395=ORIENTED_EDGE('',*,*,#4749,.T.);
#6396=ORIENTED_EDGE('',*,*,#4750,.T.);
#6397=ORIENTED_EDGE('',*,*,#4745,.F.);
#6398=ORIENTED_EDGE('',*,*,#4751,.T.);
#6399=ORIENTED_EDGE('',*,*,#4737,.T.);
#6400=ORIENTED_EDGE('',*,*,#4736,.T.);
#6401=ORIENTED_EDGE('',*,*,#4695,.T.);
#6402=ORIENTED_EDGE('',*,*,#4746,.F.);
#6403=ORIENTED_EDGE('',*,*,#4750,.F.);
#6404=ORIENTED_EDGE('',*,*,#4751,.F.);
#6405=ORIENTED_EDGE('',*,*,#4748,.F.);
#6406=ORIENTED_EDGE('',*,*,#4752,.F.);
#6407=ORIENTED_EDGE('',*,*,#4738,.T.);
#6408=ORIENTED_EDGE('',*,*,#4752,.T.);
#6409=ORIENTED_EDGE('',*,*,#4747,.F.);
#6410=ORIENTED_EDGE('',*,*,#4743,.F.);
#6411=ORIENTED_EDGE('',*,*,#4739,.T.);
#6412=ORIENTED_EDGE('',*,*,#4749,.F.);
#6413=ORIENTED_EDGE('',*,*,#4753,.T.);
#6414=ORIENTED_EDGE('',*,*,#4754,.F.);
#6415=ORIENTED_EDGE('',*,*,#4753,.F.);
#6416=ORIENTED_EDGE('',*,*,#4755,.T.);
#6417=ORIENTED_EDGE('',*,*,#4217,.F.);
#6418=ORIENTED_EDGE('',*,*,#4756,.F.);
#6419=ORIENTED_EDGE('',*,*,#4580,.T.);
#6420=ORIENTED_EDGE('',*,*,#4757,.T.);
#6421=ORIENTED_EDGE('',*,*,#4352,.T.);
#6422=ORIENTED_EDGE('',*,*,#4758,.F.);
#6423=ORIENTED_EDGE('',*,*,#4539,.T.);
#6424=ORIENTED_EDGE('',*,*,#4759,.F.);
#6425=ORIENTED_EDGE('',*,*,#4549,.F.);
#6426=ORIENTED_EDGE('',*,*,#4760,.T.);
#6427=ORIENTED_EDGE('',*,*,#4370,.F.);
#6428=ORIENTED_EDGE('',*,*,#4761,.F.);
#6429=ORIENTED_EDGE('',*,*,#4562,.F.);
#6430=ORIENTED_EDGE('',*,*,#4728,.T.);
#6431=ORIENTED_EDGE('',*,*,#4209,.F.);
#6432=ORIENTED_EDGE('',*,*,#4762,.T.);
#6433=ORIENTED_EDGE('',*,*,#4763,.F.);
#6434=ORIENTED_EDGE('',*,*,#4764,.T.);
#6435=ORIENTED_EDGE('',*,*,#4358,.T.);
#6436=ORIENTED_EDGE('',*,*,#4765,.F.);
#6437=ORIENTED_EDGE('',*,*,#4541,.T.);
#6438=ORIENTED_EDGE('',*,*,#4766,.T.);
#6439=ORIENTED_EDGE('',*,*,#4218,.F.);
#6440=ORIENTED_EDGE('',*,*,#4755,.F.);
#6441=ORIENTED_EDGE('',*,*,#4538,.T.);
#6442=ORIENTED_EDGE('',*,*,#4767,.T.);
#6443=ORIENTED_EDGE('',*,*,#4350,.T.);
#6444=ORIENTED_EDGE('',*,*,#4363,.F.);
#6445=ORIENTED_EDGE('',*,*,#4768,.F.);
#6446=ORIENTED_EDGE('',*,*,#4769,.F.);
#6447=ORIENTED_EDGE('',*,*,#4762,.F.);
#6448=ORIENTED_EDGE('',*,*,#4769,.T.);
#6449=ORIENTED_EDGE('',*,*,#4770,.T.);
#6450=ORIENTED_EDGE('',*,*,#4771,.T.);
#6451=ORIENTED_EDGE('',*,*,#4772,.T.);
#6452=ORIENTED_EDGE('',*,*,#4773,.T.);
#6453=ORIENTED_EDGE('',*,*,#4763,.T.);
#6454=ORIENTED_EDGE('',*,*,#4774,.T.);
#6455=ORIENTED_EDGE('',*,*,#4359,.F.);
#6456=ORIENTED_EDGE('',*,*,#4764,.F.);
#6457=ORIENTED_EDGE('',*,*,#4773,.F.);
#6458=ORIENTED_EDGE('',*,*,#4775,.T.);
#6459=ORIENTED_EDGE('',*,*,#4775,.F.);
#6460=ORIENTED_EDGE('',*,*,#4772,.F.);
#6461=ORIENTED_EDGE('',*,*,#4776,.T.);
#6462=ORIENTED_EDGE('',*,*,#4360,.F.);
#6463=ORIENTED_EDGE('',*,*,#4776,.F.);
#6464=ORIENTED_EDGE('',*,*,#4771,.F.);
#6465=ORIENTED_EDGE('',*,*,#4777,.T.);
#6466=ORIENTED_EDGE('',*,*,#4361,.F.);
#6467=ORIENTED_EDGE('',*,*,#4777,.F.);
#6468=ORIENTED_EDGE('',*,*,#4770,.F.);
#6469=ORIENTED_EDGE('',*,*,#4768,.T.);
#6470=ORIENTED_EDGE('',*,*,#4362,.F.);
#6471=ORIENTED_EDGE('',*,*,#4774,.F.);
#6472=ORIENTED_EDGE('',*,*,#4778,.T.);
#6473=ORIENTED_EDGE('',*,*,#4779,.F.);
#6474=ORIENTED_EDGE('',*,*,#4778,.F.);
#6475=ORIENTED_EDGE('',*,*,#4767,.F.);
#6476=ORIENTED_EDGE('',*,*,#4540,.T.);
#6477=ORIENTED_EDGE('',*,*,#4758,.T.);
#6478=ORIENTED_EDGE('',*,*,#4351,.F.);
#6479=ORIENTED_EDGE('',*,*,#4766,.F.);
#6480=ORIENTED_EDGE('',*,*,#4543,.F.);
#6481=ORIENTED_EDGE('',*,*,#4780,.T.);
#6482=ORIENTED_EDGE('',*,*,#4356,.F.);
#6483=ORIENTED_EDGE('',*,*,#4781,.F.);
#6484=ORIENTED_EDGE('',*,*,#4576,.F.);
#6485=ORIENTED_EDGE('',*,*,#4782,.T.);
#6486=ORIENTED_EDGE('',*,*,#4219,.F.);
#6487=ORIENTED_EDGE('',*,*,#4783,.T.);
#6488=ORIENTED_EDGE('',*,*,#4207,.F.);
#6489=ORIENTED_EDGE('',*,*,#4784,.F.);
#6490=ORIENTED_EDGE('',*,*,#4566,.T.);
#6491=ORIENTED_EDGE('',*,*,#4785,.T.);
#6492=ORIENTED_EDGE('',*,*,#4366,.T.);
#6493=ORIENTED_EDGE('',*,*,#4786,.F.);
#6494=ORIENTED_EDGE('',*,*,#4545,.T.);
#6495=ORIENTED_EDGE('',*,*,#4220,.T.);
#6496=ORIENTED_EDGE('',*,*,#4782,.F.);
#6497=ORIENTED_EDGE('',*,*,#4575,.F.);
#6498=ORIENTED_EDGE('',*,*,#4164,.F.);
#6499=ORIENTED_EDGE('',*,*,#4787,.T.);
#6500=ORIENTED_EDGE('',*,*,#4788,.T.);
#6501=ORIENTED_EDGE('',*,*,#4196,.F.);
#6502=ORIENTED_EDGE('',*,*,#4789,.F.);
#6503=ORIENTED_EDGE('',*,*,#4221,.F.);
#6504=ORIENTED_EDGE('',*,*,#4787,.F.);
#6505=ORIENTED_EDGE('',*,*,#4163,.F.);
#6506=ORIENTED_EDGE('',*,*,#4790,.F.);
#6507=ORIENTED_EDGE('',*,*,#4197,.T.);
#6508=ORIENTED_EDGE('',*,*,#4788,.F.);
#6509=ORIENTED_EDGE('',*,*,#4162,.F.);
#6510=ORIENTED_EDGE('',*,*,#4790,.T.);
#6511=ORIENTED_EDGE('',*,*,#4170,.F.);
#6512=ORIENTED_EDGE('',*,*,#4791,.F.);
#6513=ORIENTED_EDGE('',*,*,#4198,.F.);
#6514=ORIENTED_EDGE('',*,*,#4791,.T.);
#6515=ORIENTED_EDGE('',*,*,#4169,.F.);
#6516=ORIENTED_EDGE('',*,*,#4622,.F.);
#6517=ORIENTED_EDGE('',*,*,#4186,.T.);
#6518=ORIENTED_EDGE('',*,*,#4195,.T.);
#6519=ORIENTED_EDGE('',*,*,#4792,.F.);
#6520=ORIENTED_EDGE('',*,*,#4793,.F.);
#6521=ORIENTED_EDGE('',*,*,#4504,.F.);
#6522=ORIENTED_EDGE('',*,*,#4794,.T.);
#6523=ORIENTED_EDGE('',*,*,#4222,.T.);
#6524=ORIENTED_EDGE('',*,*,#4789,.T.);
#6525=ORIENTED_EDGE('',*,*,#4223,.F.);
#6526=ORIENTED_EDGE('',*,*,#4794,.F.);
#6527=ORIENTED_EDGE('',*,*,#4503,.F.);
#6528=ORIENTED_EDGE('',*,*,#4795,.T.);
#6529=ORIENTED_EDGE('',*,*,#4286,.F.);
#6530=ORIENTED_EDGE('',*,*,#4796,.F.);
#6531=ORIENTED_EDGE('',*,*,#4495,.F.);
#6532=ORIENTED_EDGE('',*,*,#4797,.T.);
#6533=ORIENTED_EDGE('',*,*,#4328,.F.);
#6534=ORIENTED_EDGE('',*,*,#4798,.F.);
#6535=ORIENTED_EDGE('',*,*,#4523,.T.);
#6536=ORIENTED_EDGE('',*,*,#4799,.T.);
#6537=ORIENTED_EDGE('',*,*,#4336,.T.);
#6538=ORIENTED_EDGE('',*,*,#4800,.F.);
#6539=ORIENTED_EDGE('',*,*,#4531,.T.);
#6540=ORIENTED_EDGE('',*,*,#4200,.T.);
#6541=ORIENTED_EDGE('',*,*,#4800,.T.);
#6542=ORIENTED_EDGE('',*,*,#4343,.F.);
#6543=ORIENTED_EDGE('',*,*,#4801,.F.);
#6544=ORIENTED_EDGE('',*,*,#4532,.T.);
#6545=ORIENTED_EDGE('',*,*,#4533,.T.);
#6546=ORIENTED_EDGE('',*,*,#4801,.T.);
#6547=ORIENTED_EDGE('',*,*,#4342,.F.);
#6548=ORIENTED_EDGE('',*,*,#4802,.F.);
#6549=ORIENTED_EDGE('',*,*,#4606,.F.);
#6550=ORIENTED_EDGE('',*,*,#4534,.T.);
#6551=ORIENTED_EDGE('',*,*,#4802,.T.);
#6552=ORIENTED_EDGE('',*,*,#4341,.F.);
#6553=ORIENTED_EDGE('',*,*,#4799,.F.);
#6554=ORIENTED_EDGE('',*,*,#4530,.T.);
#6555=ORIENTED_EDGE('',*,*,#4803,.T.);
#6556=ORIENTED_EDGE('',*,*,#4337,.F.);
#6557=ORIENTED_EDGE('',*,*,#4529,.T.);
#6558=ORIENTED_EDGE('',*,*,#4804,.T.);
#6559=ORIENTED_EDGE('',*,*,#4338,.F.);
#6560=ORIENTED_EDGE('',*,*,#4803,.F.);
#6561=ORIENTED_EDGE('',*,*,#4607,.T.);
#6562=ORIENTED_EDGE('',*,*,#4339,.F.);
#6563=ORIENTED_EDGE('',*,*,#4804,.F.);
#6564=ORIENTED_EDGE('',*,*,#4528,.T.);
#6565=ORIENTED_EDGE('',*,*,#4798,.T.);
#6566=ORIENTED_EDGE('',*,*,#4335,.F.);
#6567=ORIENTED_EDGE('',*,*,#4805,.F.);
#6568=ORIENTED_EDGE('',*,*,#4524,.T.);
#6569=ORIENTED_EDGE('',*,*,#4525,.T.);
#6570=ORIENTED_EDGE('',*,*,#4805,.T.);
#6571=ORIENTED_EDGE('',*,*,#4334,.F.);
#6572=ORIENTED_EDGE('',*,*,#4806,.F.);
#6573=ORIENTED_EDGE('',*,*,#4608,.F.);
#6574=ORIENTED_EDGE('',*,*,#4526,.T.);
#6575=ORIENTED_EDGE('',*,*,#4806,.T.);
#6576=ORIENTED_EDGE('',*,*,#4333,.F.);
#6577=ORIENTED_EDGE('',*,*,#4797,.F.);
#6578=ORIENTED_EDGE('',*,*,#4502,.T.);
#6579=ORIENTED_EDGE('',*,*,#4807,.T.);
#6580=ORIENTED_EDGE('',*,*,#4329,.F.);
#6581=ORIENTED_EDGE('',*,*,#4501,.T.);
#6582=ORIENTED_EDGE('',*,*,#4808,.T.);
#6583=ORIENTED_EDGE('',*,*,#4330,.F.);
#6584=ORIENTED_EDGE('',*,*,#4807,.F.);
#6585=ORIENTED_EDGE('',*,*,#4609,.T.);
#6586=ORIENTED_EDGE('',*,*,#4331,.F.);
#6587=ORIENTED_EDGE('',*,*,#4808,.F.);
#6588=ORIENTED_EDGE('',*,*,#4500,.T.);
#6589=ORIENTED_EDGE('',*,*,#4796,.T.);
#6590=ORIENTED_EDGE('',*,*,#4293,.F.);
#6591=ORIENTED_EDGE('',*,*,#4809,.F.);
#6592=ORIENTED_EDGE('',*,*,#4496,.T.);
#6593=ORIENTED_EDGE('',*,*,#4497,.T.);
#6594=ORIENTED_EDGE('',*,*,#4809,.T.);
#6595=ORIENTED_EDGE('',*,*,#4292,.F.);
#6596=ORIENTED_EDGE('',*,*,#4810,.F.);
#6597=ORIENTED_EDGE('',*,*,#4610,.F.);
#6598=ORIENTED_EDGE('',*,*,#4498,.T.);
#6599=ORIENTED_EDGE('',*,*,#4810,.T.);
#6600=ORIENTED_EDGE('',*,*,#4291,.F.);
#6601=ORIENTED_EDGE('',*,*,#4795,.F.);
#6602=ORIENTED_EDGE('',*,*,#4510,.T.);
#6603=ORIENTED_EDGE('',*,*,#4811,.T.);
#6604=ORIENTED_EDGE('',*,*,#4287,.F.);
#6605=ORIENTED_EDGE('',*,*,#4509,.T.);
#6606=ORIENTED_EDGE('',*,*,#4812,.T.);
#6607=ORIENTED_EDGE('',*,*,#4288,.F.);
#6608=ORIENTED_EDGE('',*,*,#4811,.F.);
#6609=ORIENTED_EDGE('',*,*,#4611,.T.);
#6610=ORIENTED_EDGE('',*,*,#4289,.F.);
#6611=ORIENTED_EDGE('',*,*,#4812,.F.);
#6612=ORIENTED_EDGE('',*,*,#4508,.T.);
#6613=ORIENTED_EDGE('',*,*,#4793,.T.);
#6614=ORIENTED_EDGE('',*,*,#4813,.T.);
#6615=ORIENTED_EDGE('',*,*,#4814,.F.);
#6616=ORIENTED_EDGE('',*,*,#4505,.F.);
#6617=ORIENTED_EDGE('',*,*,#4506,.F.);
#6618=ORIENTED_EDGE('',*,*,#4814,.T.);
#6619=ORIENTED_EDGE('',*,*,#4815,.T.);
#6620=ORIENTED_EDGE('',*,*,#4612,.F.);
#6621=ORIENTED_EDGE('',*,*,#4792,.T.);
#6622=ORIENTED_EDGE('',*,*,#4194,.T.);
#6623=ORIENTED_EDGE('',*,*,#4816,.F.);
#6624=ORIENTED_EDGE('',*,*,#4817,.F.);
#6625=ORIENTED_EDGE('',*,*,#4818,.F.);
#6626=ORIENTED_EDGE('',*,*,#4819,.F.);
#6627=ORIENTED_EDGE('',*,*,#4820,.F.);
#6628=ORIENTED_EDGE('',*,*,#4190,.F.);
#6629=ORIENTED_EDGE('',*,*,#4821,.F.);
#6630=ORIENTED_EDGE('',*,*,#4822,.F.);
#6631=ORIENTED_EDGE('',*,*,#4823,.F.);
#6632=ORIENTED_EDGE('',*,*,#4613,.F.);
#6633=ORIENTED_EDGE('',*,*,#4815,.F.);
#6634=ORIENTED_EDGE('',*,*,#4813,.F.);
#6635=ORIENTED_EDGE('',*,*,#4475,.T.);
#6636=ORIENTED_EDGE('',*,*,#4614,.T.);
#6637=ORIENTED_EDGE('',*,*,#4823,.T.);
#6638=ORIENTED_EDGE('',*,*,#4824,.F.);
#6639=ORIENTED_EDGE('',*,*,#4706,.T.);
#6640=ORIENTED_EDGE('',*,*,#4825,.T.);
#6641=ORIENTED_EDGE('',*,*,#4826,.F.);
#6642=ORIENTED_EDGE('',*,*,#4827,.F.);
#6643=ORIENTED_EDGE('',*,*,#4480,.F.);
#6644=ORIENTED_EDGE('',*,*,#4659,.F.);
#6645=ORIENTED_EDGE('',*,*,#4626,.T.);
#6646=ORIENTED_EDGE('',*,*,#4188,.F.);
#6647=ORIENTED_EDGE('',*,*,#4621,.T.);
#6648=ORIENTED_EDGE('',*,*,#4615,.T.);
#6649=ORIENTED_EDGE('',*,*,#4476,.F.);
#6650=ORIENTED_EDGE('',*,*,#4824,.T.);
#6651=ORIENTED_EDGE('',*,*,#4822,.T.);
#6652=ORIENTED_EDGE('',*,*,#4828,.F.);
#6653=ORIENTED_EDGE('',*,*,#4478,.F.);
#6654=ORIENTED_EDGE('',*,*,#4827,.T.);
#6655=ORIENTED_EDGE('',*,*,#4829,.F.);
#6656=ORIENTED_EDGE('',*,*,#4660,.F.);
#6657=ORIENTED_EDGE('',*,*,#4830,.F.);
#6658=ORIENTED_EDGE('',*,*,#4831,.T.);
#6659=ORIENTED_EDGE('',*,*,#4832,.T.);
#6660=ORIENTED_EDGE('',*,*,#4661,.T.);
#6661=ORIENTED_EDGE('',*,*,#4829,.T.);
#6662=ORIENTED_EDGE('',*,*,#4826,.T.);
#6663=ORIENTED_EDGE('',*,*,#4833,.T.);
#6664=ORIENTED_EDGE('',*,*,#4704,.T.);
#6665=ORIENTED_EDGE('',*,*,#4834,.T.);
#6666=ORIENTED_EDGE('',*,*,#4835,.T.);
#6667=ORIENTED_EDGE('',*,*,#4836,.T.);
#6668=ORIENTED_EDGE('',*,*,#4837,.T.);
#6669=ORIENTED_EDGE('',*,*,#4838,.T.);
#6670=ORIENTED_EDGE('',*,*,#4700,.F.);
#6671=ORIENTED_EDGE('',*,*,#4214,.F.);
#6672=ORIENTED_EDGE('',*,*,#4458,.F.);
#6673=ORIENTED_EDGE('',*,*,#4494,.T.);
#6674=ORIENTED_EDGE('',*,*,#4839,.T.);
#6675=ORIENTED_EDGE('',*,*,#4830,.T.);
#6676=ORIENTED_EDGE('',*,*,#4699,.F.);
#6677=ORIENTED_EDGE('',*,*,#4840,.T.);
#6678=ORIENTED_EDGE('',*,*,#4841,.T.);
#6679=ORIENTED_EDGE('',*,*,#4727,.F.);
#6680=ORIENTED_EDGE('',*,*,#4842,.F.);
#6681=ORIENTED_EDGE('',*,*,#4215,.F.);
#6682=ORIENTED_EDGE('',*,*,#4840,.F.);
#6683=ORIENTED_EDGE('',*,*,#4710,.F.);
#6684=ORIENTED_EDGE('',*,*,#4841,.F.);
#6685=ORIENTED_EDGE('',*,*,#4709,.F.);
#6686=ORIENTED_EDGE('',*,*,#4843,.F.);
#6687=ORIENTED_EDGE('',*,*,#4721,.T.);
#6688=ORIENTED_EDGE('',*,*,#4843,.T.);
#6689=ORIENTED_EDGE('',*,*,#4708,.F.);
#6690=ORIENTED_EDGE('',*,*,#4844,.F.);
#6691=ORIENTED_EDGE('',*,*,#4722,.F.);
#6692=ORIENTED_EDGE('',*,*,#4844,.T.);
#6693=ORIENTED_EDGE('',*,*,#4707,.T.);
#6694=ORIENTED_EDGE('',*,*,#4624,.T.);
#6695=ORIENTED_EDGE('',*,*,#4723,.F.);
#6696=ORIENTED_EDGE('',*,*,#4726,.T.);
#6697=ORIENTED_EDGE('',*,*,#4581,.T.);
#6698=ORIENTED_EDGE('',*,*,#4756,.T.);
#6699=ORIENTED_EDGE('',*,*,#4216,.F.);
#6700=ORIENTED_EDGE('',*,*,#4842,.T.);
#6701=ORIENTED_EDGE('',*,*,#4839,.F.);
#6702=ORIENTED_EDGE('',*,*,#4493,.T.);
#6703=ORIENTED_EDGE('',*,*,#4845,.T.);
#6704=ORIENTED_EDGE('',*,*,#4831,.F.);
#6705=ORIENTED_EDGE('',*,*,#4492,.T.);
#6706=ORIENTED_EDGE('',*,*,#4662,.T.);
#6707=ORIENTED_EDGE('',*,*,#4832,.F.);
#6708=ORIENTED_EDGE('',*,*,#4845,.F.);
#6709=ORIENTED_EDGE('',*,*,#4838,.F.);
#6710=ORIENTED_EDGE('',*,*,#4846,.F.);
#6711=ORIENTED_EDGE('',*,*,#4847,.T.);
#6712=ORIENTED_EDGE('',*,*,#4701,.T.);
#6713=ORIENTED_EDGE('',*,*,#4848,.F.);
#6714=ORIENTED_EDGE('',*,*,#4849,.F.);
#6715=ORIENTED_EDGE('',*,*,#4850,.F.);
#6716=ORIENTED_EDGE('',*,*,#4851,.F.);
#6717=ORIENTED_EDGE('',*,*,#4702,.F.);
#6718=ORIENTED_EDGE('',*,*,#4847,.F.);
#6719=ORIENTED_EDGE('',*,*,#4852,.T.);
#6720=ORIENTED_EDGE('',*,*,#4853,.T.);
#6721=ORIENTED_EDGE('',*,*,#4848,.T.);
#6722=ORIENTED_EDGE('',*,*,#4846,.T.);
#6723=ORIENTED_EDGE('',*,*,#4837,.F.);
#6724=ORIENTED_EDGE('',*,*,#4854,.F.);
#6725=ORIENTED_EDGE('',*,*,#4849,.T.);
#6726=ORIENTED_EDGE('',*,*,#4853,.F.);
#6727=ORIENTED_EDGE('',*,*,#4836,.F.);
#6728=ORIENTED_EDGE('',*,*,#4855,.F.);
#6729=ORIENTED_EDGE('',*,*,#4850,.T.);
#6730=ORIENTED_EDGE('',*,*,#4854,.T.);
#6731=ORIENTED_EDGE('',*,*,#4835,.F.);
#6732=ORIENTED_EDGE('',*,*,#4703,.F.);
#6733=ORIENTED_EDGE('',*,*,#4851,.T.);
#6734=ORIENTED_EDGE('',*,*,#4855,.T.);
#6735=ORIENTED_EDGE('',*,*,#4834,.F.);
#6736=ORIENTED_EDGE('',*,*,#4852,.F.);
#6737=ORIENTED_EDGE('',*,*,#4856,.T.);
#6738=ORIENTED_EDGE('',*,*,#4857,.F.);
#6739=ORIENTED_EDGE('',*,*,#4856,.F.);
#6740=ORIENTED_EDGE('',*,*,#4705,.T.);
#6741=ORIENTED_EDGE('',*,*,#4833,.F.);
#6742=ORIENTED_EDGE('',*,*,#4825,.F.);
#6743=ORIENTED_EDGE('',*,*,#4189,.F.);
#6744=ORIENTED_EDGE('',*,*,#4828,.T.);
#6745=ORIENTED_EDGE('',*,*,#4821,.T.);
#6746=ORIENTED_EDGE('',*,*,#4191,.F.);
#6747=ORIENTED_EDGE('',*,*,#4820,.T.);
#6748=ORIENTED_EDGE('',*,*,#4858,.T.);
#6749=ORIENTED_EDGE('',*,*,#4859,.F.);
#6750=ORIENTED_EDGE('',*,*,#4860,.T.);
#6751=ORIENTED_EDGE('',*,*,#4861,.T.);
#6752=ORIENTED_EDGE('',*,*,#4192,.T.);
#6753=ORIENTED_EDGE('',*,*,#4859,.T.);
#6754=ORIENTED_EDGE('',*,*,#4862,.T.);
#6755=ORIENTED_EDGE('',*,*,#4863,.T.);
#6756=ORIENTED_EDGE('',*,*,#4864,.T.);
#6757=ORIENTED_EDGE('',*,*,#4865,.T.);
#6758=ORIENTED_EDGE('',*,*,#4860,.F.);
#6759=ORIENTED_EDGE('',*,*,#4866,.T.);
#6760=ORIENTED_EDGE('',*,*,#4817,.T.);
#6761=ORIENTED_EDGE('',*,*,#4816,.T.);
#6762=ORIENTED_EDGE('',*,*,#4193,.T.);
#6763=ORIENTED_EDGE('',*,*,#4861,.F.);
#6764=ORIENTED_EDGE('',*,*,#4865,.F.);
#6765=ORIENTED_EDGE('',*,*,#4866,.F.);
#6766=ORIENTED_EDGE('',*,*,#4863,.F.);
#6767=ORIENTED_EDGE('',*,*,#4867,.F.);
#6768=ORIENTED_EDGE('',*,*,#4818,.T.);
#6769=ORIENTED_EDGE('',*,*,#4867,.T.);
#6770=ORIENTED_EDGE('',*,*,#4862,.F.);
#6771=ORIENTED_EDGE('',*,*,#4858,.F.);
#6772=ORIENTED_EDGE('',*,*,#4819,.T.);
#6773=ORIENTED_EDGE('',*,*,#4864,.F.);
#6774=ORIENTED_EDGE('',*,*,#4868,.T.);
#6775=ORIENTED_EDGE('',*,*,#4869,.F.);
#6776=ORIENTED_EDGE('',*,*,#4868,.F.);
#6777=ORIENTED_EDGE('',*,*,#4781,.T.);
#6778=ORIENTED_EDGE('',*,*,#4355,.F.);
#6779=ORIENTED_EDGE('',*,*,#4870,.F.);
#6780=ORIENTED_EDGE('',*,*,#4577,.T.);
#6781=ORIENTED_EDGE('',*,*,#4578,.T.);
#6782=ORIENTED_EDGE('',*,*,#4870,.T.);
#6783=ORIENTED_EDGE('',*,*,#4354,.F.);
#6784=ORIENTED_EDGE('',*,*,#4871,.F.);
#6785=ORIENTED_EDGE('',*,*,#4757,.F.);
#6786=ORIENTED_EDGE('',*,*,#4579,.T.);
#6787=ORIENTED_EDGE('',*,*,#4871,.T.);
#6788=ORIENTED_EDGE('',*,*,#4353,.F.);
#6789=ORIENTED_EDGE('',*,*,#4765,.T.);
#6790=ORIENTED_EDGE('',*,*,#4357,.F.);
#6791=ORIENTED_EDGE('',*,*,#4780,.F.);
#6792=ORIENTED_EDGE('',*,*,#4542,.T.);
#6793=ORIENTED_EDGE('',*,*,#4872,.F.);
#6794=ORIENTED_EDGE('',*,*,#4873,.F.);
#6795=ORIENTED_EDGE('',*,*,#4874,.T.);
#6796=ORIENTED_EDGE('',*,*,#4372,.T.);
#6797=ORIENTED_EDGE('',*,*,#4875,.F.);
#6798=ORIENTED_EDGE('',*,*,#4547,.T.);
#6799=ORIENTED_EDGE('',*,*,#4759,.T.);
#6800=ORIENTED_EDGE('',*,*,#4208,.F.);
#6801=ORIENTED_EDGE('',*,*,#4783,.F.);
#6802=ORIENTED_EDGE('',*,*,#4544,.T.);
#6803=ORIENTED_EDGE('',*,*,#4876,.T.);
#6804=ORIENTED_EDGE('',*,*,#4364,.T.);
#6805=ORIENTED_EDGE('',*,*,#4377,.F.);
#6806=ORIENTED_EDGE('',*,*,#4877,.F.);
#6807=ORIENTED_EDGE('',*,*,#4878,.F.);
#6808=ORIENTED_EDGE('',*,*,#4872,.T.);
#6809=ORIENTED_EDGE('',*,*,#4879,.T.);
#6810=ORIENTED_EDGE('',*,*,#4880,.T.);
#6811=ORIENTED_EDGE('',*,*,#4873,.T.);
#6812=ORIENTED_EDGE('',*,*,#4878,.T.);
#6813=ORIENTED_EDGE('',*,*,#4881,.T.);
#6814=ORIENTED_EDGE('',*,*,#4882,.T.);
#6815=ORIENTED_EDGE('',*,*,#4883,.T.);
#6816=ORIENTED_EDGE('',*,*,#4884,.F.);
#6817=ORIENTED_EDGE('',*,*,#4879,.F.);
#6818=ORIENTED_EDGE('',*,*,#4885,.F.);
#6819=ORIENTED_EDGE('',*,*,#4374,.F.);
#6820=ORIENTED_EDGE('',*,*,#4373,.F.);
#6821=ORIENTED_EDGE('',*,*,#4874,.F.);
#6822=ORIENTED_EDGE('',*,*,#4880,.F.);
#6823=ORIENTED_EDGE('',*,*,#4884,.T.);
#6824=ORIENTED_EDGE('',*,*,#4885,.T.);
#6825=ORIENTED_EDGE('',*,*,#4882,.F.);
#6826=ORIENTED_EDGE('',*,*,#4886,.T.);
#6827=ORIENTED_EDGE('',*,*,#4375,.F.);
#6828=ORIENTED_EDGE('',*,*,#4886,.F.);
#6829=ORIENTED_EDGE('',*,*,#4881,.F.);
#6830=ORIENTED_EDGE('',*,*,#4877,.T.);
#6831=ORIENTED_EDGE('',*,*,#4376,.F.);
#6832=ORIENTED_EDGE('',*,*,#4883,.F.);
#6833=ORIENTED_EDGE('',*,*,#4887,.T.);
#6834=ORIENTED_EDGE('',*,*,#4888,.F.);
#6835=ORIENTED_EDGE('',*,*,#4887,.F.);
#6836=ORIENTED_EDGE('',*,*,#4876,.F.);
#6837=ORIENTED_EDGE('',*,*,#4546,.T.);
#6838=ORIENTED_EDGE('',*,*,#4786,.T.);
#6839=ORIENTED_EDGE('',*,*,#4365,.F.);
#6840=ORIENTED_EDGE('',*,*,#4875,.T.);
#6841=ORIENTED_EDGE('',*,*,#4371,.F.);
#6842=ORIENTED_EDGE('',*,*,#4760,.F.);
#6843=ORIENTED_EDGE('',*,*,#4548,.T.);
#6844=ORIENTED_EDGE('',*,*,#4785,.F.);
#6845=ORIENTED_EDGE('',*,*,#4565,.T.);
#6846=ORIENTED_EDGE('',*,*,#4889,.T.);
#6847=ORIENTED_EDGE('',*,*,#4367,.F.);
#6848=ORIENTED_EDGE('',*,*,#4564,.T.);
#6849=ORIENTED_EDGE('',*,*,#4890,.T.);
#6850=ORIENTED_EDGE('',*,*,#4368,.F.);
#6851=ORIENTED_EDGE('',*,*,#4889,.F.);
#6852=ORIENTED_EDGE('',*,*,#4761,.T.);
#6853=ORIENTED_EDGE('',*,*,#4369,.F.);
#6854=ORIENTED_EDGE('',*,*,#4890,.F.);
#6855=ORIENTED_EDGE('',*,*,#4563,.T.);
#6856=ORIENTED_EDGE('',*,*,#4160,.F.);
#6857=ORIENTED_EDGE('',*,*,#4567,.T.);
#6858=ORIENTED_EDGE('',*,*,#4784,.T.);
#6859=ORIENTED_EDGE('',*,*,#4206,.F.);
#6860=ORIENTED_EDGE('',*,*,#4891,.T.);
#6861=ORIENTED_EDGE('',*,*,#4172,.T.);
#6862=ORIENTED_EDGE('',*,*,#4161,.F.);
#6863=ORIENTED_EDGE('',*,*,#4891,.F.);
#6864=ORIENTED_EDGE('',*,*,#4205,.F.);
#6865=ORIENTED_EDGE('',*,*,#4204,.F.);
#6866=ORIENTED_EDGE('',*,*,#4185,.F.);
#6867=ORIENTED_EDGE('',*,*,#4157,.T.);
#6868=ORIENTED_EDGE('',*,*,#4022,.T.);
#6869=ORIENTED_EDGE('',*,*,#3970,.F.);
#6870=ORIENTED_EDGE('',*,*,#3927,.T.);
#6871=ORIENTED_EDGE('',*,*,#4719,.F.);
#6872=ORIENTED_EDGE('',*,*,#3923,.T.);
#6873=ORIENTED_EDGE('',*,*,#3983,.T.);
#6874=ORIENTED_EDGE('',*,*,#4018,.T.);
#6875=ORIENTED_EDGE('',*,*,#4892,.T.);
#6876=ORIENTED_EDGE('',*,*,#3924,.T.);
#6877=ORIENTED_EDGE('',*,*,#4718,.T.);
#6878=ORIENTED_EDGE('',*,*,#4559,.F.);
#6879=ORIENTED_EDGE('',*,*,#4893,.T.);
#6880=ORIENTED_EDGE('',*,*,#4568,.F.);
#6881=ORIENTED_EDGE('',*,*,#4158,.F.);
#6882=ORIENTED_EDGE('',*,*,#3926,.T.);
#6883=ORIENTED_EDGE('',*,*,#4894,.T.);
#6884=ORIENTED_EDGE('',*,*,#4895,.F.);
#6885=ORIENTED_EDGE('',*,*,#4892,.F.);
#6886=ORIENTED_EDGE('',*,*,#4558,.F.);
#6887=ORIENTED_EDGE('',*,*,#4894,.F.);
#6888=ORIENTED_EDGE('',*,*,#4557,.T.);
#6889=ORIENTED_EDGE('',*,*,#4896,.F.);
#6890=ORIENTED_EDGE('',*,*,#4897,.F.);
#6891=ORIENTED_EDGE('',*,*,#4898,.F.);
#6892=ORIENTED_EDGE('',*,*,#4896,.T.);
#6893=ORIENTED_EDGE('',*,*,#4556,.F.);
#6894=ORIENTED_EDGE('',*,*,#4899,.F.);
#6895=ORIENTED_EDGE('',*,*,#4900,.T.);
#6896=ORIENTED_EDGE('',*,*,#4901,.F.);
#6897=ORIENTED_EDGE('',*,*,#4899,.T.);
#6898=ORIENTED_EDGE('',*,*,#4555,.F.);
#6899=ORIENTED_EDGE('',*,*,#4902,.F.);
#6900=ORIENTED_EDGE('',*,*,#4903,.F.);
#6901=ORIENTED_EDGE('',*,*,#4900,.F.);
#6902=ORIENTED_EDGE('',*,*,#4554,.F.);
#6903=ORIENTED_EDGE('',*,*,#4902,.T.);
#6904=ORIENTED_EDGE('',*,*,#4553,.F.);
#6905=ORIENTED_EDGE('',*,*,#4904,.F.);
#6906=ORIENTED_EDGE('',*,*,#4905,.F.);
#6907=ORIENTED_EDGE('',*,*,#4906,.F.);
#6908=ORIENTED_EDGE('',*,*,#4907,.F.);
#6909=ORIENTED_EDGE('',*,*,#4904,.T.);
#6910=ORIENTED_EDGE('',*,*,#4552,.F.);
#6911=ORIENTED_EDGE('',*,*,#4906,.T.);
#6912=ORIENTED_EDGE('',*,*,#4551,.F.);
#6913=ORIENTED_EDGE('',*,*,#4908,.F.);
#6914=ORIENTED_EDGE('',*,*,#4909,.F.);
#6915=ORIENTED_EDGE('',*,*,#4910,.F.);
#6916=ORIENTED_EDGE('',*,*,#4911,.F.);
#6917=ORIENTED_EDGE('',*,*,#4908,.T.);
#6918=ORIENTED_EDGE('',*,*,#4550,.F.);
#6919=ORIENTED_EDGE('',*,*,#4910,.T.);
#6920=ORIENTED_EDGE('',*,*,#4571,.F.);
#6921=ORIENTED_EDGE('',*,*,#4912,.F.);
#6922=ORIENTED_EDGE('',*,*,#4913,.F.);
#6923=ORIENTED_EDGE('',*,*,#4912,.T.);
#6924=ORIENTED_EDGE('',*,*,#4570,.F.);
#6925=ORIENTED_EDGE('',*,*,#4914,.F.);
#6926=ORIENTED_EDGE('',*,*,#4915,.F.);
#6927=ORIENTED_EDGE('',*,*,#4914,.T.);
#6928=ORIENTED_EDGE('',*,*,#4569,.F.);
#6929=ORIENTED_EDGE('',*,*,#4893,.F.);
#6930=ORIENTED_EDGE('',*,*,#4916,.F.);
#6931=ORIENTED_EDGE('',*,*,#4917,.T.);
#6932=ORIENTED_EDGE('',*,*,#4583,.F.);
#6933=ORIENTED_EDGE('',*,*,#4725,.F.);
#6934=ORIENTED_EDGE('',*,*,#4918,.T.);
#6935=ORIENTED_EDGE('',*,*,#4919,.T.);
#6936=ORIENTED_EDGE('',*,*,#4920,.T.);
#6937=ORIENTED_EDGE('',*,*,#4166,.T.);
#6938=ORIENTED_EDGE('',*,*,#4574,.F.);
#6939=ORIENTED_EDGE('',*,*,#4921,.T.);
#6940=ORIENTED_EDGE('',*,*,#4584,.F.);
#6941=ORIENTED_EDGE('',*,*,#4917,.F.);
#6942=ORIENTED_EDGE('',*,*,#4922,.F.);
#6943=ORIENTED_EDGE('',*,*,#4921,.F.);
#6944=ORIENTED_EDGE('',*,*,#4923,.F.);
#6945=ORIENTED_EDGE('',*,*,#4924,.T.);
#6946=ORIENTED_EDGE('',*,*,#4585,.T.);
#6947=ORIENTED_EDGE('',*,*,#4925,.F.);
#6948=ORIENTED_EDGE('',*,*,#4926,.T.);
#6949=ORIENTED_EDGE('',*,*,#4586,.F.);
#6950=ORIENTED_EDGE('',*,*,#4924,.F.);
#6951=ORIENTED_EDGE('',*,*,#4927,.F.);
#6952=ORIENTED_EDGE('',*,*,#4587,.F.);
#6953=ORIENTED_EDGE('',*,*,#4926,.F.);
#6954=ORIENTED_EDGE('',*,*,#4928,.F.);
#6955=ORIENTED_EDGE('',*,*,#4929,.T.);
#6956=ORIENTED_EDGE('',*,*,#4588,.F.);
#6957=ORIENTED_EDGE('',*,*,#4927,.T.);
#6958=ORIENTED_EDGE('',*,*,#4930,.F.);
#6959=ORIENTED_EDGE('',*,*,#4931,.T.);
#6960=ORIENTED_EDGE('',*,*,#4589,.F.);
#6961=ORIENTED_EDGE('',*,*,#4929,.F.);
#6962=ORIENTED_EDGE('',*,*,#4932,.F.);
#6963=ORIENTED_EDGE('',*,*,#4933,.T.);
#6964=ORIENTED_EDGE('',*,*,#4590,.F.);
#6965=ORIENTED_EDGE('',*,*,#4931,.F.);
#6966=ORIENTED_EDGE('',*,*,#4934,.F.);
#6967=ORIENTED_EDGE('',*,*,#4935,.T.);
#6968=ORIENTED_EDGE('',*,*,#4591,.F.);
#6969=ORIENTED_EDGE('',*,*,#4933,.F.);
#6970=ORIENTED_EDGE('',*,*,#4936,.F.);
#6971=ORIENTED_EDGE('',*,*,#4937,.T.);
#6972=ORIENTED_EDGE('',*,*,#4592,.F.);
#6973=ORIENTED_EDGE('',*,*,#4935,.F.);
#6974=ORIENTED_EDGE('',*,*,#4938,.F.);
#6975=ORIENTED_EDGE('',*,*,#4939,.T.);
#6976=ORIENTED_EDGE('',*,*,#4593,.F.);
#6977=ORIENTED_EDGE('',*,*,#4937,.F.);
#6978=ORIENTED_EDGE('',*,*,#4940,.F.);
#6979=ORIENTED_EDGE('',*,*,#4939,.F.);
#6980=ORIENTED_EDGE('',*,*,#4941,.F.);
#6981=ORIENTED_EDGE('',*,*,#4942,.F.);
#6982=ORIENTED_EDGE('',*,*,#4572,.F.);
#6983=ORIENTED_EDGE('',*,*,#4942,.T.);
#6984=ORIENTED_EDGE('',*,*,#4943,.F.);
#6985=ORIENTED_EDGE('',*,*,#4919,.F.);
#6986=ORIENTED_EDGE('',*,*,#4573,.F.);
#6987=ORIENTED_EDGE('',*,*,#4724,.F.);
#6988=ORIENTED_EDGE('',*,*,#4130,.F.);
#6989=ORIENTED_EDGE('',*,*,#4013,.T.);
#6990=ORIENTED_EDGE('',*,*,#4944,.T.);
#6991=ORIENTED_EDGE('',*,*,#4167,.T.);
#6992=ORIENTED_EDGE('',*,*,#4945,.T.);
#6993=ORIENTED_EDGE('',*,*,#3940,.F.);
#6994=ORIENTED_EDGE('',*,*,#4126,.F.);
#6995=ORIENTED_EDGE('',*,*,#4203,.F.);
#6996=ORIENTED_EDGE('',*,*,#4946,.T.);
#6997=ORIENTED_EDGE('',*,*,#4947,.T.);
#6998=ORIENTED_EDGE('',*,*,#4604,.T.);
#6999=ORIENTED_EDGE('',*,*,#4595,.T.);
#7000=ORIENTED_EDGE('',*,*,#4687,.T.);
#7001=ORIENTED_EDGE('',*,*,#4948,.T.);
#7002=ORIENTED_EDGE('',*,*,#4182,.T.);
#7003=ORIENTED_EDGE('',*,*,#4949,.T.);
#7004=ORIENTED_EDGE('',*,*,#4950,.T.);
#7005=ORIENTED_EDGE('',*,*,#4951,.T.);
#7006=ORIENTED_EDGE('',*,*,#4952,.T.);
#7007=ORIENTED_EDGE('',*,*,#4953,.T.);
#7008=ORIENTED_EDGE('',*,*,#4178,.F.);
#7009=ORIENTED_EDGE('',*,*,#4953,.F.);
#7010=ORIENTED_EDGE('',*,*,#4954,.F.);
#7011=ORIENTED_EDGE('',*,*,#4955,.T.);
#7012=ORIENTED_EDGE('',*,*,#4179,.T.);
#7013=ORIENTED_EDGE('',*,*,#4956,.F.);
#7014=ORIENTED_EDGE('',*,*,#4957,.F.);
#7015=ORIENTED_EDGE('',*,*,#4958,.F.);
#7016=ORIENTED_EDGE('',*,*,#4959,.F.);
#7017=ORIENTED_EDGE('',*,*,#4180,.F.);
#7018=ORIENTED_EDGE('',*,*,#4955,.F.);
#7019=ORIENTED_EDGE('',*,*,#4960,.T.);
#7020=ORIENTED_EDGE('',*,*,#4961,.T.);
#7021=ORIENTED_EDGE('',*,*,#4956,.T.);
#7022=ORIENTED_EDGE('',*,*,#4954,.T.);
#7023=ORIENTED_EDGE('',*,*,#4952,.F.);
#7024=ORIENTED_EDGE('',*,*,#4962,.F.);
#7025=ORIENTED_EDGE('',*,*,#4957,.T.);
#7026=ORIENTED_EDGE('',*,*,#4961,.F.);
#7027=ORIENTED_EDGE('',*,*,#4951,.F.);
#7028=ORIENTED_EDGE('',*,*,#4963,.F.);
#7029=ORIENTED_EDGE('',*,*,#4958,.T.);
#7030=ORIENTED_EDGE('',*,*,#4962,.T.);
#7031=ORIENTED_EDGE('',*,*,#4950,.F.);
#7032=ORIENTED_EDGE('',*,*,#4181,.F.);
#7033=ORIENTED_EDGE('',*,*,#4959,.T.);
#7034=ORIENTED_EDGE('',*,*,#4963,.T.);
#7035=ORIENTED_EDGE('',*,*,#4949,.F.);
#7036=ORIENTED_EDGE('',*,*,#4960,.F.);
#7037=ORIENTED_EDGE('',*,*,#4964,.T.);
#7038=ORIENTED_EDGE('',*,*,#4965,.F.);
#7039=ORIENTED_EDGE('',*,*,#4964,.F.);
#7040=ORIENTED_EDGE('',*,*,#4183,.T.);
#7041=ORIENTED_EDGE('',*,*,#4948,.F.);
#7042=ORIENTED_EDGE('',*,*,#4686,.F.);
#7043=ORIENTED_EDGE('',*,*,#4536,.T.);
#7044=ORIENTED_EDGE('',*,*,#4605,.T.);
#7045=ORIENTED_EDGE('',*,*,#4947,.F.);
#7046=ORIENTED_EDGE('',*,*,#4966,.F.);
#7047=ORIENTED_EDGE('',*,*,#4202,.F.);
#7048=ORIENTED_EDGE('',*,*,#4537,.T.);
#7049=ORIENTED_EDGE('',*,*,#4966,.T.);
#7050=ORIENTED_EDGE('',*,*,#4946,.F.);
#7051=ORIENTED_EDGE('',*,*,#4668,.T.);
#7052=ORIENTED_EDGE('',*,*,#4317,.F.);
#7053=ORIENTED_EDGE('',*,*,#4967,.F.);
#7054=ORIENTED_EDGE('',*,*,#4520,.T.);
#7055=ORIENTED_EDGE('',*,*,#4521,.T.);
#7056=ORIENTED_EDGE('',*,*,#4967,.T.);
#7057=ORIENTED_EDGE('',*,*,#4316,.F.);
#7058=ORIENTED_EDGE('',*,*,#4968,.F.);
#7059=ORIENTED_EDGE('',*,*,#4461,.F.);
#7060=ORIENTED_EDGE('',*,*,#4522,.T.);
#7061=ORIENTED_EDGE('',*,*,#4968,.T.);
#7062=ORIENTED_EDGE('',*,*,#4315,.F.);
#7063=ORIENTED_EDGE('',*,*,#4667,.F.);
#7064=ORIENTED_EDGE('',*,*,#4513,.T.);
#7065=ORIENTED_EDGE('',*,*,#4969,.T.);
#7066=ORIENTED_EDGE('',*,*,#4319,.F.);
#7067=ORIENTED_EDGE('',*,*,#4512,.T.);
#7068=ORIENTED_EDGE('',*,*,#4970,.T.);
#7069=ORIENTED_EDGE('',*,*,#4320,.F.);
#7070=ORIENTED_EDGE('',*,*,#4969,.F.);
#7071=ORIENTED_EDGE('',*,*,#4462,.T.);
#7072=ORIENTED_EDGE('',*,*,#4321,.F.);
#7073=ORIENTED_EDGE('',*,*,#4970,.F.);
#7074=ORIENTED_EDGE('',*,*,#4511,.T.);
#7075=ORIENTED_EDGE('',*,*,#4666,.T.);
#7076=ORIENTED_EDGE('',*,*,#4303,.F.);
#7077=ORIENTED_EDGE('',*,*,#4468,.F.);
#7078=ORIENTED_EDGE('',*,*,#4515,.T.);
#7079=ORIENTED_EDGE('',*,*,#4665,.F.);
#7080=ORIENTED_EDGE('',*,*,#4483,.T.);
#7081=ORIENTED_EDGE('',*,*,#4971,.T.);
#7082=ORIENTED_EDGE('',*,*,#4305,.F.);
#7083=ORIENTED_EDGE('',*,*,#4482,.T.);
#7084=ORIENTED_EDGE('',*,*,#4972,.T.);
#7085=ORIENTED_EDGE('',*,*,#4306,.F.);
#7086=ORIENTED_EDGE('',*,*,#4971,.F.);
#7087=ORIENTED_EDGE('',*,*,#4453,.T.);
#7088=ORIENTED_EDGE('',*,*,#4307,.F.);
#7089=ORIENTED_EDGE('',*,*,#4972,.F.);
#7090=ORIENTED_EDGE('',*,*,#4481,.T.);
#7091=ORIENTED_EDGE('',*,*,#4664,.T.);
#7092=ORIENTED_EDGE('',*,*,#4275,.F.);
#7093=ORIENTED_EDGE('',*,*,#4973,.F.);
#7094=ORIENTED_EDGE('',*,*,#4485,.T.);
#7095=ORIENTED_EDGE('',*,*,#4486,.T.);
#7096=ORIENTED_EDGE('',*,*,#4973,.T.);
#7097=ORIENTED_EDGE('',*,*,#4274,.F.);
#7098=ORIENTED_EDGE('',*,*,#4974,.F.);
#7099=ORIENTED_EDGE('',*,*,#4455,.F.);
#7100=ORIENTED_EDGE('',*,*,#4487,.T.);
#7101=ORIENTED_EDGE('',*,*,#4974,.T.);
#7102=ORIENTED_EDGE('',*,*,#4273,.F.);
#7103=ORIENTED_EDGE('',*,*,#4663,.F.);
#7104=ORIENTED_EDGE('',*,*,#4490,.T.);
#7105=ORIENTED_EDGE('',*,*,#4975,.T.);
#7106=ORIENTED_EDGE('',*,*,#4277,.F.);
#7107=ORIENTED_EDGE('',*,*,#4489,.T.);
#7108=ORIENTED_EDGE('',*,*,#4976,.T.);
#7109=ORIENTED_EDGE('',*,*,#4278,.F.);
#7110=ORIENTED_EDGE('',*,*,#4975,.F.);
#7111=ORIENTED_EDGE('',*,*,#4456,.T.);
#7112=ORIENTED_EDGE('',*,*,#4279,.F.);
#7113=ORIENTED_EDGE('',*,*,#4976,.F.);
#7114=ORIENTED_EDGE('',*,*,#4488,.T.);
#7115=ORIENTED_EDGE('',*,*,#4977,.F.);
#7116=ORIENTED_EDGE('',*,*,#4249,.F.);
#7117=ORIENTED_EDGE('',*,*,#4978,.F.);
#7118=ORIENTED_EDGE('',*,*,#4247,.T.);
#7119=ORIENTED_EDGE('',*,*,#4979,.F.);
#7120=ORIENTED_EDGE('',*,*,#4234,.T.);
#7121=ORIENTED_EDGE('',*,*,#4980,.F.);
#7122=ORIENTED_EDGE('',*,*,#4236,.F.);
#7123=ORIENTED_EDGE('',*,*,#4248,.T.);
#7124=ORIENTED_EDGE('',*,*,#4978,.T.);
#7125=ORIENTED_EDGE('',*,*,#4235,.F.);
#7126=ORIENTED_EDGE('',*,*,#4979,.T.);
#7127=ORIENTED_EDGE('',*,*,#4238,.T.);
#7128=ORIENTED_EDGE('',*,*,#4981,.F.);
#7129=ORIENTED_EDGE('',*,*,#4982,.F.);
#7130=ORIENTED_EDGE('',*,*,#4225,.F.);
#7131=ORIENTED_EDGE('',*,*,#4982,.T.);
#7132=ORIENTED_EDGE('',*,*,#4983,.F.);
#7133=ORIENTED_EDGE('',*,*,#4984,.F.);
#7134=ORIENTED_EDGE('',*,*,#4226,.T.);
#7135=ORIENTED_EDGE('',*,*,#4984,.T.);
#7136=ORIENTED_EDGE('',*,*,#4985,.F.);
#7137=ORIENTED_EDGE('',*,*,#4245,.F.);
#7138=ORIENTED_EDGE('',*,*,#4227,.F.);
#7139=ORIENTED_EDGE('',*,*,#4943,.T.);
#7140=ORIENTED_EDGE('',*,*,#4941,.T.);
#7141=ORIENTED_EDGE('',*,*,#4940,.T.);
#7142=ORIENTED_EDGE('',*,*,#4938,.T.);
#7143=ORIENTED_EDGE('',*,*,#4936,.T.);
#7144=ORIENTED_EDGE('',*,*,#4934,.T.);
#7145=ORIENTED_EDGE('',*,*,#4932,.T.);
#7146=ORIENTED_EDGE('',*,*,#4930,.T.);
#7147=ORIENTED_EDGE('',*,*,#4928,.T.);
#7148=ORIENTED_EDGE('',*,*,#4925,.T.);
#7149=ORIENTED_EDGE('',*,*,#4923,.T.);
#7150=ORIENTED_EDGE('',*,*,#4922,.T.);
#7151=ORIENTED_EDGE('',*,*,#4986,.T.);
#7152=ORIENTED_EDGE('',*,*,#4965,.T.);
#7153=ORIENTED_EDGE('',*,*,#4888,.T.);
#7154=ORIENTED_EDGE('',*,*,#4869,.T.);
#7155=ORIENTED_EDGE('',*,*,#4857,.T.);
#7156=ORIENTED_EDGE('',*,*,#4779,.T.);
#7157=ORIENTED_EDGE('',*,*,#4754,.T.);
#7158=ORIENTED_EDGE('',*,*,#4452,.T.);
#7159=ORIENTED_EDGE('',*,*,#4437,.T.);
#7160=ORIENTED_EDGE('',*,*,#4422,.T.);
#7161=ORIENTED_EDGE('',*,*,#4407,.T.);
#7162=ORIENTED_EDGE('',*,*,#4392,.T.);
#7163=ORIENTED_EDGE('',*,*,#4253,.T.);
#7164=ORIENTED_EDGE('',*,*,#4246,.T.);
#7165=ORIENTED_EDGE('',*,*,#4985,.T.);
#7166=ORIENTED_EDGE('',*,*,#4983,.T.);
#7167=ORIENTED_EDGE('',*,*,#4981,.T.);
#7168=ORIENTED_EDGE('',*,*,#4237,.T.);
#7169=ORIENTED_EDGE('',*,*,#4980,.T.);
#7170=ORIENTED_EDGE('',*,*,#4233,.T.);
#7171=ORIENTED_EDGE('',*,*,#4240,.T.);
#7172=ORIENTED_EDGE('',*,*,#4242,.T.);
#7173=ORIENTED_EDGE('',*,*,#4244,.T.);
#7174=ORIENTED_EDGE('',*,*,#4250,.T.);
#7175=ORIENTED_EDGE('',*,*,#4977,.T.);
#7176=ORIENTED_EDGE('',*,*,#4916,.T.);
#7177=ORIENTED_EDGE('',*,*,#3925,.T.);
#7178=ORIENTED_EDGE('',*,*,#4895,.T.);
#7179=ORIENTED_EDGE('',*,*,#4897,.T.);
#7180=ORIENTED_EDGE('',*,*,#4898,.T.);
#7181=ORIENTED_EDGE('',*,*,#4901,.T.);
#7182=ORIENTED_EDGE('',*,*,#4903,.T.);
#7183=ORIENTED_EDGE('',*,*,#4905,.T.);
#7184=ORIENTED_EDGE('',*,*,#4907,.T.);
#7185=ORIENTED_EDGE('',*,*,#4909,.T.);
#7186=ORIENTED_EDGE('',*,*,#4911,.T.);
#7187=ORIENTED_EDGE('',*,*,#4913,.T.);
#7188=ORIENTED_EDGE('',*,*,#4915,.T.);
#7189=ORIENTED_EDGE('',*,*,#4016,.F.);
#7190=ORIENTED_EDGE('',*,*,#4987,.F.);
#7191=ORIENTED_EDGE('',*,*,#3936,.F.);
#7192=ORIENTED_EDGE('',*,*,#4945,.F.);
#7193=ORIENTED_EDGE('',*,*,#4920,.F.);
#7194=ORIENTED_EDGE('',*,*,#4986,.F.);
#7195=ORIENTED_EDGE('',*,*,#4918,.F.);
#7196=ORIENTED_EDGE('',*,*,#4944,.F.);
#7197=ORIENTED_EDGE('',*,*,#3976,.T.);
#7198=ORIENTED_EDGE('',*,*,#3937,.T.);
#7199=ORIENTED_EDGE('',*,*,#4987,.T.);
#7200=ORIENTED_EDGE('',*,*,#4015,.F.);
#7201=ORIENTED_EDGE('',*,*,#3897,.T.);
#7202=ORIENTED_EDGE('',*,*,#4988,.T.);
#7203=ORIENTED_EDGE('',*,*,#3915,.T.);
#7204=ORIENTED_EDGE('',*,*,#4988,.F.);
#7205=ORIENTED_EDGE('',*,*,#3889,.T.);
#7206=ORIENTED_EDGE('',*,*,#4989,.T.);
#7207=ORIENTED_EDGE('',*,*,#4990,.F.);
#7208=ORIENTED_EDGE('',*,*,#3905,.T.);
#7209=ORIENTED_EDGE('',*,*,#3894,.T.);
#7210=ORIENTED_EDGE('',*,*,#3900,.F.);
#7211=ORIENTED_EDGE('',*,*,#4991,.F.);
#7212=ORIENTED_EDGE('',*,*,#3930,.F.);
#7213=ORIENTED_EDGE('',*,*,#4991,.T.);
#7214=ORIENTED_EDGE('',*,*,#3899,.T.);
#7215=ORIENTED_EDGE('',*,*,#3902,.T.);
#7216=ORIENTED_EDGE('',*,*,#3904,.F.);
#7217=ORIENTED_EDGE('',*,*,#3906,.T.);
#7218=ORIENTED_EDGE('',*,*,#4990,.T.);
#7219=ORIENTED_EDGE('',*,*,#4992,.T.);
#7220=ORIENTED_EDGE('',*,*,#3932,.T.);
#7221=ORIENTED_EDGE('',*,*,#3908,.T.);
#7222=ORIENTED_EDGE('',*,*,#3920,.F.);
#7223=ORIENTED_EDGE('',*,*,#3919,.F.);
#7224=ORIENTED_EDGE('',*,*,#3931,.T.);
#7225=ORIENTED_EDGE('',*,*,#3896,.T.);
#7226=ORIENTED_EDGE('',*,*,#3933,.F.);
#7227=ORIENTED_EDGE('',*,*,#4992,.F.);
#7228=ORIENTED_EDGE('',*,*,#4989,.F.);
#7229=ORIENTED_EDGE('',*,*,#4993,.F.);
#7230=ORIENTED_EDGE('',*,*,#4994,.T.);
#7231=ORIENTED_EDGE('',*,*,#4995,.T.);
#7232=ORIENTED_EDGE('',*,*,#4994,.F.);
#7233=ORIENTED_EDGE('',*,*,#4995,.F.);
#7234=ORIENTED_EDGE('',*,*,#4996,.T.);
#7235=ORIENTED_EDGE('',*,*,#4997,.T.);
#7236=ORIENTED_EDGE('',*,*,#4998,.T.);
#7237=ORIENTED_EDGE('',*,*,#4997,.F.);
#7238=ORIENTED_EDGE('',*,*,#4998,.F.);
#7239=ORIENTED_EDGE('',*,*,#4999,.T.);
#7240=ORIENTED_EDGE('',*,*,#5000,.T.);
#7241=ORIENTED_EDGE('',*,*,#4999,.F.);
#7242=ORIENTED_EDGE('',*,*,#4996,.F.);
#7243=ORIENTED_EDGE('',*,*,#5001,.T.);
#7244=ORIENTED_EDGE('',*,*,#5002,.T.);
#7245=ORIENTED_EDGE('',*,*,#5003,.T.);
#7246=ORIENTED_EDGE('',*,*,#5004,.T.);
#7247=ORIENTED_EDGE('',*,*,#5000,.F.);
#7248=ORIENTED_EDGE('',*,*,#5005,.T.);
#7249=ORIENTED_EDGE('',*,*,#5006,.T.);
#7250=ORIENTED_EDGE('',*,*,#5007,.T.);
#7251=ORIENTED_EDGE('',*,*,#5008,.T.);
#7252=ORIENTED_EDGE('',*,*,#4993,.T.);
#7253=ORIENTED_EDGE('',*,*,#5005,.F.);
#7254=ORIENTED_EDGE('',*,*,#5009,.T.);
#7255=ORIENTED_EDGE('',*,*,#5004,.F.);
#7256=ORIENTED_EDGE('',*,*,#5010,.F.);
#7257=ORIENTED_EDGE('',*,*,#5006,.F.);
#7258=ORIENTED_EDGE('',*,*,#5010,.T.);
#7259=ORIENTED_EDGE('',*,*,#5003,.F.);
#7260=ORIENTED_EDGE('',*,*,#5011,.F.);
#7261=ORIENTED_EDGE('',*,*,#5007,.F.);
#7262=ORIENTED_EDGE('',*,*,#5011,.T.);
#7263=ORIENTED_EDGE('',*,*,#5002,.F.);
#7264=ORIENTED_EDGE('',*,*,#5012,.F.);
#7265=ORIENTED_EDGE('',*,*,#5008,.F.);
#7266=ORIENTED_EDGE('',*,*,#5012,.T.);
#7267=ORIENTED_EDGE('',*,*,#5001,.F.);
#7268=ORIENTED_EDGE('',*,*,#5009,.F.);
#7269=PLANE('',#8019);
#7270=PLANE('',#8023);
#7271=PLANE('',#8024);
#7272=PLANE('',#8026);
#7273=PLANE('',#8031);
#7274=PLANE('',#8033);
#7275=PLANE('',#8036);
#7276=PLANE('',#8039);
#7277=PLANE('',#8040);
#7278=PLANE('',#8042);
#7279=PLANE('',#8043);
#7280=PLANE('',#8044);
#7281=PLANE('',#8060);
#7282=PLANE('',#8063);
#7283=PLANE('',#8081);
#7284=PLANE('',#8082);
#7285=PLANE('',#8096);
#7286=PLANE('',#8109);
#7287=PLANE('',#8112);
#7288=PLANE('',#8114);
#7289=PLANE('',#8117);
#7290=PLANE('',#8122);
#7291=PLANE('',#8124);
#7292=PLANE('',#8127);
#7293=PLANE('',#8130);
#7294=PLANE('',#8156);
#7295=PLANE('',#8158);
#7296=PLANE('',#8161);
#7297=PLANE('',#8164);
#7298=PLANE('',#8169);
#7299=PLANE('',#8171);
#7300=PLANE('',#8174);
#7301=PLANE('',#8177);
#7302=PLANE('',#8189);
#7303=PLANE('',#8211);
#7304=PLANE('',#8212);
#7305=PLANE('',#8213);
#7306=PLANE('',#8216);
#7307=PLANE('',#8219);
#7308=PLANE('',#8222);
#7309=PLANE('',#8223);
#7310=PLANE('',#8225);
#7311=PLANE('',#8228);
#7312=PLANE('',#8230);
#7313=PLANE('',#8235);
#7314=PLANE('',#8238);
#7315=PLANE('',#8241);
#7316=PLANE('',#8245);
#7317=PLANE('',#8246);
#7318=PLANE('',#8247);
#7319=PLANE('',#8248);
#7320=PLANE('',#8249);
#7321=PLANE('',#8250);
#7322=PLANE('',#8251);
#7323=PLANE('',#8252);
#7324=PLANE('',#8253);
#7325=PLANE('',#8254);
#7326=PLANE('',#8255);
#7327=PLANE('',#8256);
#7328=PLANE('',#8257);
#7329=PLANE('',#8258);
#7330=PLANE('',#8259);
#7331=PLANE('',#8260);
#7332=PLANE('',#8261);
#7333=PLANE('',#8262);
#7334=PLANE('',#8263);
#7335=PLANE('',#8264);
#7336=PLANE('',#8265);
#7337=PLANE('',#8266);
#7338=PLANE('',#8270);
#7339=PLANE('',#8271);
#7340=PLANE('',#8272);
#7341=PLANE('',#8273);
#7342=PLANE('',#8274);
#7343=PLANE('',#8275);
#7344=PLANE('',#8276);
#7345=PLANE('',#8280);
#7346=PLANE('',#8281);
#7347=PLANE('',#8282);
#7348=PLANE('',#8283);
#7349=PLANE('',#8284);
#7350=PLANE('',#8285);
#7351=PLANE('',#8286);
#7352=PLANE('',#8290);
#7353=PLANE('',#8291);
#7354=PLANE('',#8292);
#7355=PLANE('',#8293);
#7356=PLANE('',#8294);
#7357=PLANE('',#8295);
#7358=PLANE('',#8296);
#7359=PLANE('',#8300);
#7360=PLANE('',#8301);
#7361=PLANE('',#8302);
#7362=PLANE('',#8303);
#7363=PLANE('',#8304);
#7364=PLANE('',#8305);
#7365=PLANE('',#8306);
#7366=PLANE('',#8310);
#7367=PLANE('',#8311);
#7368=PLANE('',#8312);
#7369=PLANE('',#8313);
#7370=PLANE('',#8314);
#7371=PLANE('',#8315);
#7372=PLANE('',#8316);
#7373=PLANE('',#8317);
#7374=PLANE('',#8318);
#7375=PLANE('',#8319);
#7376=PLANE('',#8320);
#7377=PLANE('',#8321);
#7378=PLANE('',#8322);
#7379=PLANE('',#8323);
#7380=PLANE('',#8324);
#7381=PLANE('',#8325);
#7382=PLANE('',#8326);
#7383=PLANE('',#8327);
#7384=PLANE('',#8328);
#7385=PLANE('',#8329);
#7386=PLANE('',#8336);
#7387=PLANE('',#8343);
#7388=PLANE('',#8344);
#7389=PLANE('',#8349);
#7390=PLANE('',#8351);
#7391=PLANE('',#8369);
#7392=PLANE('',#8371);
#7393=PLANE('',#8373);
#7394=PLANE('',#8374);
#7395=PLANE('',#8377);
#7396=PLANE('',#8378);
#7397=PLANE('',#8379);
#7398=PLANE('',#8382);
#7399=PLANE('',#8387);
#7400=PLANE('',#8389);
#7401=PLANE('',#8391);
#7402=PLANE('',#8392);
#7403=PLANE('',#8393);
#7404=PLANE('',#8396);
#7405=PLANE('',#8399);
#7406=PLANE('',#8402);
#7407=PLANE('',#8403);
#7408=PLANE('',#8405);
#7409=PLANE('',#8408);
#7410=PLANE('',#8412);
#7411=PLANE('',#8413);
#7412=PLANE('',#8414);
#7413=PLANE('',#8415);
#7414=PLANE('',#8416);
#7415=PLANE('',#8417);
#7416=PLANE('',#8418);
#7417=PLANE('',#8419);
#7418=PLANE('',#8421);
#7419=PLANE('',#8422);
#7420=PLANE('',#8423);
#7421=PLANE('',#8424);
#7422=PLANE('',#8427);
#7423=PLANE('',#8428);
#7424=PLANE('',#8429);
#7425=PLANE('',#8430);
#7426=PLANE('',#8431);
#7427=PLANE('',#8433);
#7428=PLANE('',#8434);
#7429=PLANE('',#8435);
#7430=PLANE('',#8436);
#7431=PLANE('',#8439);
#7432=PLANE('',#8440);
#7433=PLANE('',#8441);
#7434=PLANE('',#8442);
#7435=PLANE('',#8446);
#7436=PLANE('',#8448);
#7437=PLANE('',#8449);
#7438=PLANE('',#8450);
#7439=PLANE('',#8451);
#7440=PLANE('',#8452);
#7441=PLANE('',#8453);
#7442=PLANE('',#8454);
#7443=PLANE('',#8455);
#7444=PLANE('',#8456);
#7445=PLANE('',#8457);
#7446=PLANE('',#8458);
#7447=PLANE('',#8459);
#7448=PLANE('',#8460);
#7449=PLANE('',#8461);
#7450=PLANE('',#8462);
#7451=PLANE('',#8463);
#7452=PLANE('',#8464);
#7453=PLANE('',#8465);
#7454=PLANE('',#8466);
#7455=PLANE('',#8467);
#7456=PLANE('',#8468);
#7457=PLANE('',#8469);
#7458=PLANE('',#8470);
#7459=PLANE('',#8471);
#7460=PLANE('',#8472);
#7461=PLANE('',#8473);
#7462=PLANE('',#8474);
#7463=PLANE('',#8475);
#7464=PLANE('',#8476);
#7465=PLANE('',#8477);
#7466=PLANE('',#8481);
#7467=PLANE('',#8483);
#7468=PLANE('',#8484);
#7469=PLANE('',#8485);
#7470=PLANE('',#8486);
#7471=PLANE('',#8487);
#7472=PLANE('',#8488);
#7473=PLANE('',#8490);
#7474=PLANE('',#8491);
#7475=PLANE('',#8492);
#7476=PLANE('',#8493);
#7477=PLANE('',#8496);
#7478=PLANE('',#8497);
#7479=PLANE('',#8498);
#7480=PLANE('',#8499);
#7481=PLANE('',#8501);
#7482=PLANE('',#8502);
#7483=PLANE('',#8503);
#7484=PLANE('',#8504);
#7485=PLANE('',#8507);
#7486=PLANE('',#8508);
#7487=PLANE('',#8509);
#7488=PLANE('',#8510);
#7489=PLANE('',#8511);
#7490=PLANE('',#8512);
#7491=PLANE('',#8513);
#7492=PLANE('',#8515);
#7493=PLANE('',#8516);
#7494=PLANE('',#8517);
#7495=PLANE('',#8518);
#7496=PLANE('',#8521);
#7497=PLANE('',#8522);
#7498=PLANE('',#8523);
#7499=PLANE('',#8524);
#7500=PLANE('',#8525);
#7501=PLANE('',#8526);
#7502=PLANE('',#8529);
#7503=PLANE('',#8530);
#7504=PLANE('',#8531);
#7505=PLANE('',#8532);
#7506=PLANE('',#8535);
#7507=PLANE('',#8538);
#7508=PLANE('',#8539);
#7509=PLANE('',#8542);
#7510=PLANE('',#8545);
#7511=PLANE('',#8548);
#7512=PLANE('',#8551);
#7513=PLANE('',#8552);
#7514=PLANE('',#8555);
#7515=PLANE('',#8558);
#7516=PLANE('',#8559);
#7517=PLANE('',#8562);
#7518=PLANE('',#8565);
#7519=PLANE('',#8568);
#7520=PLANE('',#8571);
#7521=PLANE('',#8572);
#7522=PLANE('',#8573);
#7523=PLANE('',#8574);
#7524=PLANE('',#8575);
#7525=PLANE('',#8577);
#7526=PLANE('',#8578);
#7527=PLANE('',#8579);
#7528=PLANE('',#8580);
#7529=PLANE('',#8583);
#7530=PLANE('',#8584);
#7531=PLANE('',#8585);
#7532=PLANE('',#8586);
#7533=PLANE('',#8587);
#7534=PLANE('',#8588);
#7535=PLANE('',#8589);
#7536=PLANE('',#8590);
#7537=PLANE('',#8591);
#7538=PLANE('',#8592);
#7539=PLANE('',#8593);
#7540=PLANE('',#8594);
#7541=PLANE('',#8595);
#7542=PLANE('',#8596);
#7543=PLANE('',#8597);
#7544=PLANE('',#8598);
#7545=PLANE('',#8599);
#7546=PLANE('',#8600);
#7547=PLANE('',#8601);
#7548=PLANE('',#8608);
#7549=PLANE('',#8609);
#7550=PLANE('',#8612);
#7551=PLANE('',#8615);
#7552=PLANE('',#8616);
#7553=PLANE('',#8617);
#7554=PLANE('',#8618);
#7555=PLANE('',#8619);
#7556=PLANE('',#8620);
#7557=PLANE('',#8621);
#7558=PLANE('',#8622);
#7559=PLANE('',#8623);
#7560=PLANE('',#8624);
#7561=PLANE('',#8625);
#7562=PLANE('',#8626);
#7563=PLANE('',#8627);
#7564=PLANE('',#8628);
#7565=PLANE('',#8629);
#7566=PLANE('',#8630);
#7567=PLANE('',#8631);
#7568=PLANE('',#8633);
#7569=PLANE('',#8636);
#7570=PLANE('',#8642);
#7571=PLANE('',#8648);
#7572=PLANE('',#8649);
#7573=PLANE('',#8650);
#7574=PLANE('',#8651);
#7575=PLANE('',#8652);
#7576=PLANE('',#8653);
#7577=PLANE('',#8654);
#7578=ADVANCED_FACE('',(#2005),#7269,.T.);
#7579=ADVANCED_FACE('',(#2006),#1918,.F.);
#7580=ADVANCED_FACE('',(#2007),#7270,.F.);
#7581=ADVANCED_FACE('',(#2008),#7271,.T.);
#7582=ADVANCED_FACE('',(#2009),#7272,.F.);
#7583=ADVANCED_FACE('',(#2010),#7273,.F.);
#7584=ADVANCED_FACE('',(#2011),#7274,.F.);
#7585=ADVANCED_FACE('',(#2012),#1919,.F.);
#7586=ADVANCED_FACE('',(#2013),#7275,.F.);
#7587=ADVANCED_FACE('',(#2014),#1920,.F.);
#7588=ADVANCED_FACE('',(#2015),#7276,.F.);
#7589=ADVANCED_FACE('',(#2016,#57),#7277,.F.);
#7590=ADVANCED_FACE('',(#2017),#7278,.F.);
#7591=ADVANCED_FACE('',(#2018),#7279,.F.);
#7592=ADVANCED_FACE('',(#2019),#7280,.F.);
#7593=ADVANCED_FACE('',(#2020),#39,.T.);
#7594=ADVANCED_FACE('',(#2021),#40,.T.);
#7595=ADVANCED_FACE('',(#2022),#41,.T.);
#7596=ADVANCED_FACE('',(#2023),#42,.T.);
#7597=ADVANCED_FACE('',(#2024),#43,.T.);
#7598=ADVANCED_FACE('',(#2025),#44,.T.);
#7599=ADVANCED_FACE('',(#2026),#45,.T.);
#7600=ADVANCED_FACE('',(#2027),#46,.T.);
#7601=ADVANCED_FACE('',(#2028),#47,.T.);
#7602=ADVANCED_FACE('',(#2029),#7281,.F.);
#7603=ADVANCED_FACE('',(#2030),#7282,.F.);
#7604=ADVANCED_FACE('',(#2031),#48,.T.);
#7605=ADVANCED_FACE('',(#2032),#49,.T.);
#7606=ADVANCED_FACE('',(#2033),#50,.T.);
#7607=ADVANCED_FACE('',(#2034),#51,.T.);
#7608=ADVANCED_FACE('',(#2035),#52,.T.);
#7609=ADVANCED_FACE('',(#2036),#53,.T.);
#7610=ADVANCED_FACE('',(#2037),#54,.T.);
#7611=ADVANCED_FACE('',(#2038),#55,.T.);
#7612=ADVANCED_FACE('',(#2039),#56,.T.);
#7613=ADVANCED_FACE('',(#2040),#1921,.T.);
#7614=ADVANCED_FACE('',(#2041),#7283,.T.);
#7615=ADVANCED_FACE('',(#2042,#58,#59,#60,#61,#62,#63,#64),#7284,.F.);
#7616=ADVANCED_FACE('',(#2043),#1922,.F.);
#7617=ADVANCED_FACE('',(#2044),#1923,.F.);
#7618=ADVANCED_FACE('',(#2045,#65,#66,#67,#68,#69,#70,#71),#7285,.T.);
#7619=ADVANCED_FACE('',(#2046),#1924,.F.);
#7620=ADVANCED_FACE('',(#2047),#1925,.F.);
#7621=ADVANCED_FACE('',(#2048,#72),#7286,.T.);
#7622=ADVANCED_FACE('',(#2049,#73),#7287,.T.);
#7623=ADVANCED_FACE('',(#2050,#74),#7288,.T.);
#7624=ADVANCED_FACE('',(#2051,#75),#7289,.T.);
#7625=ADVANCED_FACE('',(#2052),#1926,.F.);
#7626=ADVANCED_FACE('',(#2053,#76),#7290,.T.);
#7627=ADVANCED_FACE('',(#2054,#77),#7291,.T.);
#7628=ADVANCED_FACE('',(#2055,#78),#7292,.T.);
#7629=ADVANCED_FACE('',(#2056,#79),#7293,.T.);
#7630=ADVANCED_FACE('',(#2057),#1927,.F.);
#7631=ADVANCED_FACE('',(#2058),#1928,.F.);
#7632=ADVANCED_FACE('',(#2059),#1929,.F.);
#7633=ADVANCED_FACE('',(#2060),#31,.T.);
#7634=ADVANCED_FACE('',(#2061),#1930,.T.);
#7635=ADVANCED_FACE('',(#2062),#32,.T.);
#7636=ADVANCED_FACE('',(#2063),#1931,.T.);
#7637=ADVANCED_FACE('',(#2064),#33,.T.);
#7638=ADVANCED_FACE('',(#2065),#1932,.T.);
#7639=ADVANCED_FACE('',(#2066),#34,.T.);
#7640=ADVANCED_FACE('',(#2067),#1933,.T.);
#7641=ADVANCED_FACE('',(#2068,#80),#7294,.T.);
#7642=ADVANCED_FACE('',(#2069,#81),#7295,.T.);
#7643=ADVANCED_FACE('',(#2070,#82),#7296,.T.);
#7644=ADVANCED_FACE('',(#2071,#83),#7297,.T.);
#7645=ADVANCED_FACE('',(#2072),#1934,.F.);
#7646=ADVANCED_FACE('',(#2073,#84),#7298,.T.);
#7647=ADVANCED_FACE('',(#2074,#85),#7299,.T.);
#7648=ADVANCED_FACE('',(#2075,#86),#7300,.T.);
#7649=ADVANCED_FACE('',(#2076,#87),#7301,.T.);
#7650=ADVANCED_FACE('',(#2077),#1935,.F.);
#7651=ADVANCED_FACE('',(#2078),#1936,.F.);
#7652=ADVANCED_FACE('',(#2079),#1937,.F.);
#7653=ADVANCED_FACE('',(#2080),#35,.T.);
#7654=ADVANCED_FACE('',(#2081),#1938,.T.);
#7655=ADVANCED_FACE('',(#2082,#88,#89,#90,#91,#92,#93,#94),#7302,.T.);
#7656=ADVANCED_FACE('',(#2083),#1939,.T.);
#7657=ADVANCED_FACE('',(#2084),#36,.T.);
#7658=ADVANCED_FACE('',(#2085),#1940,.T.);
#7659=ADVANCED_FACE('',(#2086),#37,.T.);
#7660=ADVANCED_FACE('',(#2087),#1941,.T.);
#7661=ADVANCED_FACE('',(#2088),#38,.T.);
#7662=ADVANCED_FACE('',(#2089),#7303,.T.);
#7663=ADVANCED_FACE('',(#2090),#7304,.T.);
#7664=ADVANCED_FACE('',(#2091),#7305,.F.);
#7665=ADVANCED_FACE('',(#2092),#7306,.F.);
#7666=ADVANCED_FACE('',(#2093),#7307,.T.);
#7667=ADVANCED_FACE('',(#2094),#1942,.F.);
#7668=ADVANCED_FACE('',(#2095),#7308,.T.);
#7669=ADVANCED_FACE('',(#2096),#7309,.F.);
#7670=ADVANCED_FACE('',(#2097),#7310,.F.);
#7671=ADVANCED_FACE('',(#2098),#7311,.T.);
#7672=ADVANCED_FACE('',(#2099,#95),#7312,.T.);
#7673=ADVANCED_FACE('',(#2100),#7313,.F.);
#7674=ADVANCED_FACE('',(#2101),#1943,.F.);
#7675=ADVANCED_FACE('',(#2102),#7314,.F.);
#7676=ADVANCED_FACE('',(#2103),#1944,.F.);
#7677=ADVANCED_FACE('',(#2104),#7315,.F.);
#7678=ADVANCED_FACE('',(#2105),#1945,.F.);
#7679=ADVANCED_FACE('',(#2106,#96),#7316,.T.);
#7680=ADVANCED_FACE('',(#2107),#7317,.F.);
#7681=ADVANCED_FACE('',(#2108),#7318,.F.);
#7682=ADVANCED_FACE('',(#2109),#7319,.F.);
#7683=ADVANCED_FACE('',(#2110),#7320,.F.);
#7684=ADVANCED_FACE('',(#2111),#7321,.F.);
#7685=ADVANCED_FACE('',(#2112),#7322,.F.);
#7686=ADVANCED_FACE('',(#2113,#97),#7323,.T.);
#7687=ADVANCED_FACE('',(#2114,#98),#7324,.T.);
#7688=ADVANCED_FACE('',(#2115,#99),#7325,.T.);
#7689=ADVANCED_FACE('',(#2116,#100),#7326,.T.);
#7690=ADVANCED_FACE('',(#2117,#101),#7327,.T.);
#7691=ADVANCED_FACE('',(#2118,#102),#7328,.T.);
#7692=ADVANCED_FACE('',(#2119),#7329,.T.);
#7693=ADVANCED_FACE('',(#2120),#7330,.T.);
#7694=ADVANCED_FACE('',(#2121),#7331,.F.);
#7695=ADVANCED_FACE('',(#2122),#7332,.F.);
#7696=ADVANCED_FACE('',(#2123),#7333,.F.);
#7697=ADVANCED_FACE('',(#2124),#7334,.F.);
#7698=ADVANCED_FACE('',(#2125),#7335,.F.);
#7699=ADVANCED_FACE('',(#2126),#7336,.F.);
#7700=ADVANCED_FACE('',(#2127,#103),#7337,.T.);
#7701=ADVANCED_FACE('',(#2128),#1946,.F.);
#7702=ADVANCED_FACE('',(#2129),#7338,.F.);
#7703=ADVANCED_FACE('',(#2130),#7339,.F.);
#7704=ADVANCED_FACE('',(#2131),#7340,.F.);
#7705=ADVANCED_FACE('',(#2132),#7341,.F.);
#7706=ADVANCED_FACE('',(#2133),#7342,.F.);
#7707=ADVANCED_FACE('',(#2134),#7343,.F.);
#7708=ADVANCED_FACE('',(#2135,#104),#7344,.T.);
#7709=ADVANCED_FACE('',(#2136),#1947,.F.);
#7710=ADVANCED_FACE('',(#2137),#7345,.F.);
#7711=ADVANCED_FACE('',(#2138),#7346,.F.);
#7712=ADVANCED_FACE('',(#2139),#7347,.F.);
#7713=ADVANCED_FACE('',(#2140),#7348,.F.);
#7714=ADVANCED_FACE('',(#2141),#7349,.F.);
#7715=ADVANCED_FACE('',(#2142),#7350,.F.);
#7716=ADVANCED_FACE('',(#2143,#105),#7351,.T.);
#7717=ADVANCED_FACE('',(#2144),#1948,.F.);
#7718=ADVANCED_FACE('',(#2145),#7352,.F.);
#7719=ADVANCED_FACE('',(#2146),#7353,.F.);
#7720=ADVANCED_FACE('',(#2147),#7354,.F.);
#7721=ADVANCED_FACE('',(#2148),#7355,.F.);
#7722=ADVANCED_FACE('',(#2149),#7356,.F.);
#7723=ADVANCED_FACE('',(#2150),#7357,.F.);
#7724=ADVANCED_FACE('',(#2151,#106),#7358,.T.);
#7725=ADVANCED_FACE('',(#2152),#1949,.F.);
#7726=ADVANCED_FACE('',(#2153),#7359,.F.);
#7727=ADVANCED_FACE('',(#2154),#7360,.F.);
#7728=ADVANCED_FACE('',(#2155),#7361,.F.);
#7729=ADVANCED_FACE('',(#2156),#7362,.F.);
#7730=ADVANCED_FACE('',(#2157),#7363,.F.);
#7731=ADVANCED_FACE('',(#2158),#7364,.F.);
#7732=ADVANCED_FACE('',(#2159,#107),#7365,.T.);
#7733=ADVANCED_FACE('',(#2160),#1950,.F.);
#7734=ADVANCED_FACE('',(#2161),#7366,.T.);
#7735=ADVANCED_FACE('',(#2162),#7367,.T.);
#7736=ADVANCED_FACE('',(#2163),#7368,.T.);
#7737=ADVANCED_FACE('',(#2164),#7369,.F.);
#7738=ADVANCED_FACE('',(#2165),#7370,.F.);
#7739=ADVANCED_FACE('',(#2166),#7371,.F.);
#7740=ADVANCED_FACE('',(#2167),#7372,.F.);
#7741=ADVANCED_FACE('',(#2168),#7373,.F.);
#7742=ADVANCED_FACE('',(#2169),#7374,.F.);
#7743=ADVANCED_FACE('',(#2170),#7375,.F.);
#7744=ADVANCED_FACE('',(#2171),#7376,.F.);
#7745=ADVANCED_FACE('',(#2172),#7377,.F.);
#7746=ADVANCED_FACE('',(#2173),#7378,.F.);
#7747=ADVANCED_FACE('',(#2174),#7379,.F.);
#7748=ADVANCED_FACE('',(#2175),#7380,.F.);
#7749=ADVANCED_FACE('',(#2176),#7381,.F.);
#7750=ADVANCED_FACE('',(#2177),#7382,.F.);
#7751=ADVANCED_FACE('',(#2178),#7383,.F.);
#7752=ADVANCED_FACE('',(#2179),#7384,.F.);
#7753=ADVANCED_FACE('',(#2180),#7385,.F.);
#7754=ADVANCED_FACE('',(#2181),#7386,.F.);
#7755=ADVANCED_FACE('',(#2182),#7387,.T.);
#7756=ADVANCED_FACE('',(#2183),#7388,.T.);
#7757=ADVANCED_FACE('',(#2184),#7389,.T.);
#7758=ADVANCED_FACE('',(#2185),#1951,.F.);
#7759=ADVANCED_FACE('',(#2186,#108,#109,#110,#111,#112,#113,#114),#7390,
 .F.);
#7760=ADVANCED_FACE('',(#2187),#1952,.F.);
#7761=ADVANCED_FACE('',(#2188),#1953,.F.);
#7762=ADVANCED_FACE('',(#2189),#1954,.F.);
#7763=ADVANCED_FACE('',(#2190),#1955,.F.);
#7764=ADVANCED_FACE('',(#2191),#1956,.F.);
#7765=ADVANCED_FACE('',(#2192),#1957,.F.);
#7766=ADVANCED_FACE('',(#2193),#1958,.F.);
#7767=ADVANCED_FACE('',(#2194),#1959,.F.);
#7768=ADVANCED_FACE('',(#2195),#1960,.F.);
#7769=ADVANCED_FACE('',(#2196),#1961,.F.);
#7770=ADVANCED_FACE('',(#2197),#1962,.F.);
#7771=ADVANCED_FACE('',(#2198),#7391,.T.);
#7772=ADVANCED_FACE('',(#2199),#1963,.F.);
#7773=ADVANCED_FACE('',(#2200),#7392,.T.);
#7774=ADVANCED_FACE('',(#2201),#1964,.F.);
#7775=ADVANCED_FACE('',(#2202),#7393,.T.);
#7776=ADVANCED_FACE('',(#2203),#7394,.T.);
#7777=ADVANCED_FACE('',(#2204),#1965,.T.);
#7778=ADVANCED_FACE('',(#2205),#1966,.T.);
#7779=ADVANCED_FACE('',(#2206),#7395,.T.);
#7780=ADVANCED_FACE('',(#2207),#7396,.T.);
#7781=ADVANCED_FACE('',(#2208),#7397,.T.);
#7782=ADVANCED_FACE('',(#2209),#1967,.F.);
#7783=ADVANCED_FACE('',(#2210),#7398,.T.);
#7784=ADVANCED_FACE('',(#2211),#1968,.F.);
#7785=ADVANCED_FACE('',(#2212),#7399,.T.);
#7786=ADVANCED_FACE('',(#2213),#1969,.F.);
#7787=ADVANCED_FACE('',(#2214),#7400,.T.);
#7788=ADVANCED_FACE('',(#2215),#1970,.F.);
#7789=ADVANCED_FACE('',(#2216),#7401,.T.);
#7790=ADVANCED_FACE('',(#2217),#7402,.T.);
#7791=ADVANCED_FACE('',(#2218),#7403,.T.);
#7792=ADVANCED_FACE('',(#2219),#7404,.T.);
#7793=ADVANCED_FACE('',(#2220),#7405,.F.);
#7794=ADVANCED_FACE('',(#2221),#1971,.F.);
#7795=ADVANCED_FACE('',(#2222),#7406,.T.);
#7796=ADVANCED_FACE('',(#2223),#7407,.F.);
#7797=ADVANCED_FACE('',(#2224),#7408,.F.);
#7798=ADVANCED_FACE('',(#2225),#7409,.F.);
#7799=ADVANCED_FACE('',(#2226),#1972,.F.);
#7800=ADVANCED_FACE('',(#2227),#7410,.F.);
#7801=ADVANCED_FACE('',(#2228),#7411,.F.);
#7802=ADVANCED_FACE('',(#2229),#7412,.F.);
#7803=ADVANCED_FACE('',(#2230),#7413,.F.);
#7804=ADVANCED_FACE('',(#2231),#7414,.F.);
#7805=ADVANCED_FACE('',(#2232),#7415,.F.);
#7806=ADVANCED_FACE('',(#2233),#7416,.T.);
#7807=ADVANCED_FACE('',(#2234,#115),#7417,.T.);
#7808=ADVANCED_FACE('',(#2235),#7418,.T.);
#7809=ADVANCED_FACE('',(#2236),#7419,.T.);
#7810=ADVANCED_FACE('',(#2237),#7420,.T.);
#7811=ADVANCED_FACE('',(#2238),#7421,.T.);
#7812=ADVANCED_FACE('',(#2239),#1973,.F.);
#7813=ADVANCED_FACE('',(#2240),#7422,.T.);
#7814=ADVANCED_FACE('',(#2241),#7423,.T.);
#7815=ADVANCED_FACE('',(#2242),#7424,.F.);
#7816=ADVANCED_FACE('',(#2243),#7425,.F.);
#7817=ADVANCED_FACE('',(#2244,#116),#7426,.T.);
#7818=ADVANCED_FACE('',(#2245),#7427,.F.);
#7819=ADVANCED_FACE('',(#2246),#7428,.F.);
#7820=ADVANCED_FACE('',(#2247),#7429,.F.);
#7821=ADVANCED_FACE('',(#2248),#7430,.F.);
#7822=ADVANCED_FACE('',(#2249),#1974,.F.);
#7823=ADVANCED_FACE('',(#2250),#7431,.T.);
#7824=ADVANCED_FACE('',(#2251),#7432,.F.);
#7825=ADVANCED_FACE('',(#2252),#7433,.F.);
#7826=ADVANCED_FACE('',(#2253),#7434,.F.);
#7827=ADVANCED_FACE('',(#2254),#1975,.F.);
#7828=ADVANCED_FACE('',(#2255),#7435,.F.);
#7829=ADVANCED_FACE('',(#2256),#1976,.F.);
#7830=ADVANCED_FACE('',(#2257),#7436,.T.);
#7831=ADVANCED_FACE('',(#2258),#7437,.F.);
#7832=ADVANCED_FACE('',(#2259),#7438,.F.);
#7833=ADVANCED_FACE('',(#2260),#7439,.T.);
#7834=ADVANCED_FACE('',(#2261),#7440,.T.);
#7835=ADVANCED_FACE('',(#2262),#7441,.T.);
#7836=ADVANCED_FACE('',(#2263),#7442,.T.);
#7837=ADVANCED_FACE('',(#2264),#7443,.T.);
#7838=ADVANCED_FACE('',(#2265),#7444,.T.);
#7839=ADVANCED_FACE('',(#2266),#7445,.T.);
#7840=ADVANCED_FACE('',(#2267),#7446,.T.);
#7841=ADVANCED_FACE('',(#2268),#7447,.T.);
#7842=ADVANCED_FACE('',(#2269),#7448,.T.);
#7843=ADVANCED_FACE('',(#2270),#7449,.T.);
#7844=ADVANCED_FACE('',(#2271),#7450,.T.);
#7845=ADVANCED_FACE('',(#2272),#7451,.T.);
#7846=ADVANCED_FACE('',(#2273),#7452,.T.);
#7847=ADVANCED_FACE('',(#2274),#7453,.T.);
#7848=ADVANCED_FACE('',(#2275),#7454,.T.);
#7849=ADVANCED_FACE('',(#2276),#7455,.T.);
#7850=ADVANCED_FACE('',(#2277),#7456,.T.);
#7851=ADVANCED_FACE('',(#2278),#7457,.F.);
#7852=ADVANCED_FACE('',(#2279),#7458,.F.);
#7853=ADVANCED_FACE('',(#2280),#7459,.F.);
#7854=ADVANCED_FACE('',(#2281),#7460,.F.);
#7855=ADVANCED_FACE('',(#2282),#7461,.T.);
#7856=ADVANCED_FACE('',(#2283),#7462,.T.);
#7857=ADVANCED_FACE('',(#2284),#7463,.T.);
#7858=ADVANCED_FACE('',(#2285),#7464,.T.);
#7859=ADVANCED_FACE('',(#2286),#7465,.T.);
#7860=ADVANCED_FACE('',(#2287),#1977,.F.);
#7861=ADVANCED_FACE('',(#2288),#7466,.T.);
#7862=ADVANCED_FACE('',(#2289),#1978,.F.);
#7863=ADVANCED_FACE('',(#2290),#7467,.T.);
#7864=ADVANCED_FACE('',(#2291),#7468,.T.);
#7865=ADVANCED_FACE('',(#2292),#7469,.T.);
#7866=ADVANCED_FACE('',(#2293),#7470,.T.);
#7867=ADVANCED_FACE('',(#2294),#7471,.F.);
#7868=ADVANCED_FACE('',(#2295,#117),#7472,.F.);
#7869=ADVANCED_FACE('',(#2296),#7473,.F.);
#7870=ADVANCED_FACE('',(#2297),#7474,.F.);
#7871=ADVANCED_FACE('',(#2298),#7475,.F.);
#7872=ADVANCED_FACE('',(#2299),#7476,.F.);
#7873=ADVANCED_FACE('',(#2300),#1979,.F.);
#7874=ADVANCED_FACE('',(#2301),#7477,.T.);
#7875=ADVANCED_FACE('',(#2302),#7478,.F.);
#7876=ADVANCED_FACE('',(#2303),#7479,.T.);
#7877=ADVANCED_FACE('',(#2304,#118),#7480,.T.);
#7878=ADVANCED_FACE('',(#2305),#7481,.T.);
#7879=ADVANCED_FACE('',(#2306),#7482,.T.);
#7880=ADVANCED_FACE('',(#2307),#7483,.T.);
#7881=ADVANCED_FACE('',(#2308),#7484,.T.);
#7882=ADVANCED_FACE('',(#2309),#1980,.F.);
#7883=ADVANCED_FACE('',(#2310),#7485,.T.);
#7884=ADVANCED_FACE('',(#2311),#7486,.T.);
#7885=ADVANCED_FACE('',(#2312),#7487,.T.);
#7886=ADVANCED_FACE('',(#2313),#7488,.T.);
#7887=ADVANCED_FACE('',(#2314),#7489,.F.);
#7888=ADVANCED_FACE('',(#2315),#7490,.F.);
#7889=ADVANCED_FACE('',(#2316,#119),#7491,.T.);
#7890=ADVANCED_FACE('',(#2317),#7492,.F.);
#7891=ADVANCED_FACE('',(#2318),#7493,.F.);
#7892=ADVANCED_FACE('',(#2319),#7494,.F.);
#7893=ADVANCED_FACE('',(#2320),#7495,.F.);
#7894=ADVANCED_FACE('',(#2321),#1981,.F.);
#7895=ADVANCED_FACE('',(#2322),#7496,.T.);
#7896=ADVANCED_FACE('',(#2323),#7497,.T.);
#7897=ADVANCED_FACE('',(#2324),#7498,.T.);
#7898=ADVANCED_FACE('',(#2325),#7499,.T.);
#7899=ADVANCED_FACE('',(#2326),#7500,.T.);
#7900=ADVANCED_FACE('',(#2327),#7501,.T.);
#7901=ADVANCED_FACE('',(#2328),#1982,.F.);
#7902=ADVANCED_FACE('',(#2329),#7502,.F.);
#7903=ADVANCED_FACE('',(#2330),#7503,.F.);
#7904=ADVANCED_FACE('',(#2331),#7504,.F.);
#7905=ADVANCED_FACE('',(#2332),#7505,.F.);
#7906=ADVANCED_FACE('',(#2333),#1983,.T.);
#7907=ADVANCED_FACE('',(#2334),#7506,.F.);
#7908=ADVANCED_FACE('',(#2335),#1984,.T.);
#7909=ADVANCED_FACE('',(#2336),#7507,.T.);
#7910=ADVANCED_FACE('',(#2337),#7508,.F.);
#7911=ADVANCED_FACE('',(#2338),#1985,.F.);
#7912=ADVANCED_FACE('',(#2339),#7509,.F.);
#7913=ADVANCED_FACE('',(#2340),#1986,.F.);
#7914=ADVANCED_FACE('',(#2341),#7510,.F.);
#7915=ADVANCED_FACE('',(#2342),#1987,.F.);
#7916=ADVANCED_FACE('',(#2343),#7511,.F.);
#7917=ADVANCED_FACE('',(#2344),#1988,.T.);
#7918=ADVANCED_FACE('',(#2345),#7512,.F.);
#7919=ADVANCED_FACE('',(#2346),#7513,.F.);
#7920=ADVANCED_FACE('',(#2347),#1989,.T.);
#7921=ADVANCED_FACE('',(#2348),#7514,.F.);
#7922=ADVANCED_FACE('',(#2349),#1990,.T.);
#7923=ADVANCED_FACE('',(#2350),#7515,.T.);
#7924=ADVANCED_FACE('',(#2351),#7516,.F.);
#7925=ADVANCED_FACE('',(#2352),#1991,.F.);
#7926=ADVANCED_FACE('',(#2353),#7517,.F.);
#7927=ADVANCED_FACE('',(#2354),#1992,.F.);
#7928=ADVANCED_FACE('',(#2355),#7518,.F.);
#7929=ADVANCED_FACE('',(#2356),#1993,.F.);
#7930=ADVANCED_FACE('',(#2357),#7519,.F.);
#7931=ADVANCED_FACE('',(#2358),#1994,.T.);
#7932=ADVANCED_FACE('',(#2359),#7520,.F.);
#7933=ADVANCED_FACE('',(#2360),#7521,.F.);
#7934=ADVANCED_FACE('',(#2361),#7522,.T.);
#7935=ADVANCED_FACE('',(#2362),#7523,.F.);
#7936=ADVANCED_FACE('',(#2363,#120),#7524,.F.);
#7937=ADVANCED_FACE('',(#2364),#7525,.F.);
#7938=ADVANCED_FACE('',(#2365),#7526,.F.);
#7939=ADVANCED_FACE('',(#2366),#7527,.F.);
#7940=ADVANCED_FACE('',(#2367),#7528,.F.);
#7941=ADVANCED_FACE('',(#2368),#1995,.F.);
#7942=ADVANCED_FACE('',(#2369),#7529,.T.);
#7943=ADVANCED_FACE('',(#2370),#7530,.T.);
#7944=ADVANCED_FACE('',(#2371),#7531,.T.);
#7945=ADVANCED_FACE('',(#2372),#7532,.T.);
#7946=ADVANCED_FACE('',(#2373),#7533,.T.);
#7947=ADVANCED_FACE('',(#2374),#7534,.T.);
#7948=ADVANCED_FACE('',(#2375),#7535,.T.);
#7949=ADVANCED_FACE('',(#2376),#7536,.T.);
#7950=ADVANCED_FACE('',(#2377),#7537,.T.);
#7951=ADVANCED_FACE('',(#2378),#7538,.T.);
#7952=ADVANCED_FACE('',(#2379),#7539,.T.);
#7953=ADVANCED_FACE('',(#2380),#7540,.T.);
#7954=ADVANCED_FACE('',(#2381),#7541,.T.);
#7955=ADVANCED_FACE('',(#2382),#7542,.T.);
#7956=ADVANCED_FACE('',(#2383),#7543,.T.);
#7957=ADVANCED_FACE('',(#2384),#7544,.T.);
#7958=ADVANCED_FACE('',(#2385),#7545,.T.);
#7959=ADVANCED_FACE('',(#2386),#7546,.T.);
#7960=ADVANCED_FACE('',(#2387),#7547,.T.);
#7961=ADVANCED_FACE('',(#2388),#1996,.F.);
#7962=ADVANCED_FACE('',(#2389),#1997,.F.);
#7963=ADVANCED_FACE('',(#2390),#7548,.F.);
#7964=ADVANCED_FACE('',(#2391),#7549,.F.);
#7965=ADVANCED_FACE('',(#2392),#1998,.F.);
#7966=ADVANCED_FACE('',(#2393),#7550,.F.);
#7967=ADVANCED_FACE('',(#2394),#1999,.F.);
#7968=ADVANCED_FACE('',(#2395),#7551,.F.);
#7969=ADVANCED_FACE('',(#2396),#7552,.F.);
#7970=ADVANCED_FACE('',(#2397),#7553,.F.);
#7971=ADVANCED_FACE('',(#2398),#7554,.F.);
#7972=ADVANCED_FACE('',(#2399),#7555,.F.);
#7973=ADVANCED_FACE('',(#2400),#7556,.F.);
#7974=ADVANCED_FACE('',(#2401),#7557,.F.);
#7975=ADVANCED_FACE('',(#2402),#7558,.F.);
#7976=ADVANCED_FACE('',(#2403),#7559,.F.);
#7977=ADVANCED_FACE('',(#2404),#7560,.F.);
#7978=ADVANCED_FACE('',(#2405),#7561,.F.);
#7979=ADVANCED_FACE('',(#2406),#7562,.F.);
#7980=ADVANCED_FACE('',(#2407),#7563,.F.);
#7981=ADVANCED_FACE('',(#2408),#7564,.F.);
#7982=ADVANCED_FACE('',(#2409),#7565,.F.);
#7983=ADVANCED_FACE('',(#2410),#7566,.F.);
#7984=ADVANCED_FACE('',(#2411),#7567,.T.);
#7985=ADVANCED_FACE('',(#2412),#2000,.F.);
#7986=ADVANCED_FACE('',(#2413),#7568,.T.);
#7987=ADVANCED_FACE('',(#2414),#2001,.F.);
#7988=ADVANCED_FACE('',(#2415),#7569,.F.);
#7989=ADVANCED_FACE('',(#2416),#2002,.F.);
#7990=ADVANCED_FACE('',(#2417),#2003,.F.);
#7991=ADVANCED_FACE('',(#2418),#7570,.F.);
#7992=ADVANCED_FACE('',(#2419),#16,.T.);
#7993=ADVANCED_FACE('',(#2420),#2004,.T.);
#7994=ADVANCED_FACE('',(#2421,#121),#7571,.T.);
#7995=ADVANCED_FACE('',(#2422),#7572,.T.);
#7996=ADVANCED_FACE('',(#2423,#122),#7573,.F.);
#7997=ADVANCED_FACE('',(#2424),#7574,.T.);
#7998=ADVANCED_FACE('',(#2425),#7575,.T.);
#7999=ADVANCED_FACE('',(#2426),#7576,.T.);
#8000=ADVANCED_FACE('',(#2427),#7577,.T.);
#8001=CLOSED_SHELL('',(#7578,#7579,#7580));
#8002=CLOSED_SHELL('',(#7581,#7582,#7583,#7584,#7585,#7586,#7587,#7588,
#7589,#7590,#7591,#7592,#7593,#7594,#7595,#7596,#7597,#7598,#7599,#7600,
#7601,#7602,#7603,#7604,#7605,#7606,#7607,#7608,#7609,#7610,#7611,#7612,
#7613,#7614,#7615,#7616,#7617,#7618,#7619,#7620,#7621,#7622,#7623,#7624,
#7625,#7626,#7627,#7628,#7629,#7630,#7631,#7632,#7633,#7634,#7635,#7636,
#7637,#7638,#7639,#7640,#7641,#7642,#7643,#7644,#7645,#7646,#7647,#7648,
#7649,#7650,#7651,#7652,#7653,#7654,#7655,#7656,#7657,#7658,#7659,#7660,
#7661,#7662,#7663,#7664,#7665,#7666,#7667,#7668,#7669,#7670,#7671,#7672,
#7673,#7674,#7675,#7676,#7677,#7678,#7679,#7680,#7681,#7682,#7683,#7684,
#7685,#7686,#7687,#7688,#7689,#7690,#7691,#7692,#7693,#7694,#7695,#7696,
#7697,#7698,#7699,#7700,#7701,#7702,#7703,#7704,#7705,#7706,#7707,#7708,
#7709,#7710,#7711,#7712,#7713,#7714,#7715,#7716,#7717,#7718,#7719,#7720,
#7721,#7722,#7723,#7724,#7725,#7726,#7727,#7728,#7729,#7730,#7731,#7732,
#7733,#7734,#7735,#7736,#7737,#7738,#7739,#7740,#7741,#7742,#7743,#7744,
#7745,#7746,#7747,#7748,#7749,#7750,#7751,#7752,#7753,#7754,#7755,#7756,
#7757,#7758,#7759,#7760,#7761,#7762,#7763,#7764,#7765,#7766,#7767,#7768,
#7769,#7770,#7771,#7772,#7773,#7774,#7775,#7776,#7777,#7778,#7779,#7780,
#7781,#7782,#7783,#7784,#7785,#7786,#7787,#7788,#7789,#7790,#7791,#7792,
#7793,#7794,#7795,#7796,#7797,#7798,#7799,#7800,#7801,#7802,#7803,#7804,
#7805,#7806,#7807,#7808,#7809,#7810,#7811,#7812,#7813,#7814,#7815,#7816,
#7817,#7818,#7819,#7820,#7821,#7822,#7823,#7824,#7825,#7826,#7827,#7828,
#7829,#7830,#7831,#7832,#7833,#7834,#7835,#7836,#7837,#7838,#7839,#7840,
#7841,#7842,#7843,#7844,#7845,#7846,#7847,#7848,#7849,#7850,#7851,#7852,
#7853,#7854,#7855,#7856,#7857,#7858,#7859,#7860,#7861,#7862,#7863,#7864,
#7865,#7866,#7867,#7868,#7869,#7870,#7871,#7872,#7873,#7874,#7875,#7876,
#7877,#7878,#7879,#7880,#7881,#7882,#7883,#7884,#7885,#7886,#7887,#7888,
#7889,#7890,#7891,#7892,#7893,#7894,#7895,#7896,#7897,#7898,#7899,#7900,
#7901,#7902,#7903,#7904,#7905,#7906,#7907,#7908,#7909,#7910,#7911,#7912,
#7913,#7914,#7915,#7916,#7917,#7918,#7919,#7920,#7921,#7922,#7923,#7924,
#7925,#7926,#7927,#7928,#7929,#7930,#7931,#7932,#7933,#7934,#7935,#7936,
#7937,#7938,#7939,#7940,#7941,#7942,#7943,#7944,#7945,#7946,#7947,#7948,
#7949,#7950,#7951,#7952,#7953,#7954,#7955,#7956,#7957,#7958,#7959,#7960,
#7961,#7962,#7963,#7964,#7965,#7966,#7967,#7968,#7969,#7970,#7971,#7972,
#7973,#7974,#7975,#7976,#7977,#7978,#7979,#7980,#7981,#7982,#7983,#7984,
#7985,#7986,#7987,#7988,#7989));
#8003=CLOSED_SHELL('',(#7990,#7991,#7992,#7993,#7994,#7995,#7996,#7997,
#7998,#7999,#8000));
#8004=BREP_WITH_VOIDS('Body1',#8002,(#123));
#8005=DERIVED_UNIT_ELEMENT(#8007,1.);
#8006=DERIVED_UNIT_ELEMENT(#13575,-3.);
#8007=(
MASS_UNIT()
NAMED_UNIT(*)
SI_UNIT(.KILO.,.GRAM.)
);
#8008=DERIVED_UNIT((#8005,#8006));
#8009=MEASURE_REPRESENTATION_ITEM('density measure',
POSITIVE_RATIO_MEASURE(7850.),#8008);
#8010=PROPERTY_DEFINITION_REPRESENTATION(#8015,#8012);
#8011=PROPERTY_DEFINITION_REPRESENTATION(#8016,#8013);
#8012=REPRESENTATION('material name',(#8014),#13572);
#8013=REPRESENTATION('density',(#8009),#13572);
#8014=DESCRIPTIVE_REPRESENTATION_ITEM('Steel','Steel');
#8015=PROPERTY_DEFINITION('material property','material name',#13587);
#8016=PROPERTY_DEFINITION('material property','density of part',#13587);
#8017=AXIS2_PLACEMENT_3D('',#10831,#8656,#8657);
#8018=AXIS2_PLACEMENT_3D('',#10832,#8658,#8659);
#8019=AXIS2_PLACEMENT_3D('',#10833,#8660,#8661);
#8020=AXIS2_PLACEMENT_3D('',#10835,#8662,#8663);
#8021=AXIS2_PLACEMENT_3D('',#10836,#8664,#8665);
#8022=AXIS2_PLACEMENT_3D('',#10838,#8666,#8667);
#8023=AXIS2_PLACEMENT_3D('',#10840,#8669,#8670);
#8024=AXIS2_PLACEMENT_3D('',#10841,#8671,#8672);
#8025=AXIS2_PLACEMENT_3D('',#10843,#8673,#8674);
#8026=AXIS2_PLACEMENT_3D('',#10844,#8675,#8676);
#8027=AXIS2_PLACEMENT_3D('',#10849,#8678,#8679);
#8028=AXIS2_PLACEMENT_3D('',#10853,#8681,#8682);
#8029=AXIS2_PLACEMENT_3D('',#10857,#8684,#8685);
#8030=AXIS2_PLACEMENT_3D('',#10860,#8687,#8688);
#8031=AXIS2_PLACEMENT_3D('',#10861,#8689,#8690);
#8032=AXIS2_PLACEMENT_3D('',#10863,#8691,#8692);
#8033=AXIS2_PLACEMENT_3D('',#10864,#8693,#8694);
#8034=AXIS2_PLACEMENT_3D('',#10870,#8698,#8699);
#8035=AXIS2_PLACEMENT_3D('',#10873,#8701,#8702);
#8036=AXIS2_PLACEMENT_3D('',#10874,#8703,#8704);
#8037=AXIS2_PLACEMENT_3D('',#10878,#8707,#8708);
#8038=AXIS2_PLACEMENT_3D('',#10881,#8710,#8711);
#8039=AXIS2_PLACEMENT_3D('',#10882,#8712,#8713);
#8040=AXIS2_PLACEMENT_3D('',#10893,#8719,#8720);
#8041=AXIS2_PLACEMENT_3D('',#10900,#8724,#8725);
#8042=AXIS2_PLACEMENT_3D('',#10901,#8726,#8727);
#8043=AXIS2_PLACEMENT_3D('',#10909,#8732,#8733);
#8044=AXIS2_PLACEMENT_3D('',#10928,#8744,#8745);
#8045=AXIS2_PLACEMENT_3D('',#10953,#8750,#8751);
#8046=AXIS2_PLACEMENT_3D('',#10976,#8755,#8756);
#8047=AXIS2_PLACEMENT_3D('',#10997,#8759,#8760);
#8048=AXIS2_PLACEMENT_3D('',#11018,#8763,#8764);
#8049=AXIS2_PLACEMENT_3D('',#11145,#8768,#8769);
#8050=AXIS2_PLACEMENT_3D('',#11153,#8773,#8774);
#8051=AXIS2_PLACEMENT_3D('',#11155,#8775,#8776);
#8052=AXIS2_PLACEMENT_3D('',#11159,#8778,#8779);
#8053=AXIS2_PLACEMENT_3D('',#11163,#8781,#8782);
#8054=AXIS2_PLACEMENT_3D('',#11167,#8784,#8785);
#8055=AXIS2_PLACEMENT_3D('',#11169,#8786,#8787);
#8056=AXIS2_PLACEMENT_3D('',#11188,#8789,#8790);
#8057=AXIS2_PLACEMENT_3D('',#11209,#8793,#8794);
#8058=AXIS2_PLACEMENT_3D('',#11230,#8797,#8798);
#8059=AXIS2_PLACEMENT_3D('',#11250,#8801,#8802);
#8060=AXIS2_PLACEMENT_3D('',#11252,#8804,#8805);
#8061=AXIS2_PLACEMENT_3D('',#11256,#8807,#8808);
#8062=AXIS2_PLACEMENT_3D('',#11257,#8809,#8810);
#8063=AXIS2_PLACEMENT_3D('',#11258,#8811,#8812);
#8064=AXIS2_PLACEMENT_3D('',#11261,#8814,#8815);
#8065=AXIS2_PLACEMENT_3D('',#11279,#8816,#8817);
#8066=AXIS2_PLACEMENT_3D('',#11299,#8820,#8821);
#8067=AXIS2_PLACEMENT_3D('',#11320,#8824,#8825);
#8068=AXIS2_PLACEMENT_3D('',#11341,#8828,#8829);
#8069=AXIS2_PLACEMENT_3D('',#11428,#8833,#8834);
#8070=AXIS2_PLACEMENT_3D('',#11436,#8838,#8839);
#8071=AXIS2_PLACEMENT_3D('',#11438,#8840,#8841);
#8072=AXIS2_PLACEMENT_3D('',#11442,#8843,#8844);
#8073=AXIS2_PLACEMENT_3D('',#11446,#8846,#8847);
#8074=AXIS2_PLACEMENT_3D('',#11450,#8849,#8850);
#8075=AXIS2_PLACEMENT_3D('',#11452,#8851,#8852);
#8076=AXIS2_PLACEMENT_3D('',#11471,#8854,#8855);
#8077=AXIS2_PLACEMENT_3D('',#11492,#8858,#8859);
#8078=AXIS2_PLACEMENT_3D('',#11513,#8862,#8863);
#8079=AXIS2_PLACEMENT_3D('',#11533,#8866,#8867);
#8080=AXIS2_PLACEMENT_3D('',#11537,#8870,#8871);
#8081=AXIS2_PLACEMENT_3D('',#11539,#8873,#8874);
#8082=AXIS2_PLACEMENT_3D('',#11540,#8875,#8876);
#8083=AXIS2_PLACEMENT_3D('',#11546,#8879,#8880);
#8084=AXIS2_PLACEMENT_3D('',#11556,#8886,#8887);
#8085=AXIS2_PLACEMENT_3D('',#11558,#8888,#8889);
#8086=AXIS2_PLACEMENT_3D('',#11560,#8890,#8891);
#8087=AXIS2_PLACEMENT_3D('',#11562,#8892,#8893);
#8088=AXIS2_PLACEMENT_3D('',#11564,#8894,#8895);
#8089=AXIS2_PLACEMENT_3D('',#11566,#8896,#8897);
#8090=AXIS2_PLACEMENT_3D('',#11568,#8898,#8899);
#8091=AXIS2_PLACEMENT_3D('',#11569,#8900,#8901);
#8092=AXIS2_PLACEMENT_3D('',#11572,#8903,#8904);
#8093=AXIS2_PLACEMENT_3D('',#11573,#8905,#8906);
#8094=AXIS2_PLACEMENT_3D('',#11575,#8907,#8908);
#8095=AXIS2_PLACEMENT_3D('',#11578,#8910,#8911);
#8096=AXIS2_PLACEMENT_3D('',#11579,#8912,#8913);
#8097=AXIS2_PLACEMENT_3D('',#11608,#8928,#8929);
#8098=AXIS2_PLACEMENT_3D('',#11611,#8931,#8932);
#8099=AXIS2_PLACEMENT_3D('',#11613,#8933,#8934);
#8100=AXIS2_PLACEMENT_3D('',#11615,#8935,#8936);
#8101=AXIS2_PLACEMENT_3D('',#11617,#8937,#8938);
#8102=AXIS2_PLACEMENT_3D('',#11619,#8939,#8940);
#8103=AXIS2_PLACEMENT_3D('',#11621,#8941,#8942);
#8104=AXIS2_PLACEMENT_3D('',#11622,#8943,#8944);
#8105=AXIS2_PLACEMENT_3D('',#11625,#8946,#8947);
#8106=AXIS2_PLACEMENT_3D('',#11626,#8948,#8949);
#8107=AXIS2_PLACEMENT_3D('',#11628,#8950,#8951);
#8108=AXIS2_PLACEMENT_3D('',#11631,#8953,#8954);
#8109=AXIS2_PLACEMENT_3D('',#11632,#8955,#8956);
#8110=AXIS2_PLACEMENT_3D('',#11634,#8957,#8958);
#8111=AXIS2_PLACEMENT_3D('',#11636,#8959,#8960);
#8112=AXIS2_PLACEMENT_3D('',#11637,#8961,#8962);
#8113=AXIS2_PLACEMENT_3D('',#11639,#8963,#8964);
#8114=AXIS2_PLACEMENT_3D('',#11640,#8965,#8966);
#8115=AXIS2_PLACEMENT_3D('',#11642,#8967,#8968);
#8116=AXIS2_PLACEMENT_3D('',#11644,#8969,#8970);
#8117=AXIS2_PLACEMENT_3D('',#11645,#8971,#8972);
#8118=AXIS2_PLACEMENT_3D('',#11647,#8973,#8974);
#8119=AXIS2_PLACEMENT_3D('',#11649,#8975,#8976);
#8120=AXIS2_PLACEMENT_3D('',#11650,#8977,#8978);
#8121=AXIS2_PLACEMENT_3D('',#11653,#8980,#8981);
#8122=AXIS2_PLACEMENT_3D('',#11654,#8982,#8983);
#8123=AXIS2_PLACEMENT_3D('',#11656,#8984,#8985);
#8124=AXIS2_PLACEMENT_3D('',#11657,#8986,#8987);
#8125=AXIS2_PLACEMENT_3D('',#11659,#8988,#8989);
#8126=AXIS2_PLACEMENT_3D('',#11661,#8990,#8991);
#8127=AXIS2_PLACEMENT_3D('',#11662,#8992,#8993);
#8128=AXIS2_PLACEMENT_3D('',#11664,#8994,#8995);
#8129=AXIS2_PLACEMENT_3D('',#11666,#8996,#8997);
#8130=AXIS2_PLACEMENT_3D('',#11667,#8998,#8999);
#8131=AXIS2_PLACEMENT_3D('',#11669,#9000,#9001);
#8132=AXIS2_PLACEMENT_3D('',#11671,#9002,#9003);
#8133=AXIS2_PLACEMENT_3D('',#11672,#9004,#9005);
#8134=AXIS2_PLACEMENT_3D('',#11674,#9007,#9008);
#8135=AXIS2_PLACEMENT_3D('',#11676,#9010,#9011);
#8136=AXIS2_PLACEMENT_3D('',#11678,#9013,#9014);
#8137=AXIS2_PLACEMENT_3D('',#11680,#9015,#9016);
#8138=AXIS2_PLACEMENT_3D('',#11682,#9017,#9018);
#8139=AXIS2_PLACEMENT_3D('',#11683,#9019,#9020);
#8140=AXIS2_PLACEMENT_3D('',#11684,#9021,#9022);
#8141=AXIS2_PLACEMENT_3D('',#11686,#9024,#9025);
#8142=AXIS2_PLACEMENT_3D('',#11688,#9026,#9027);
#8143=AXIS2_PLACEMENT_3D('',#11690,#9028,#9029);
#8144=AXIS2_PLACEMENT_3D('',#11691,#9030,#9031);
#8145=AXIS2_PLACEMENT_3D('',#11692,#9032,#9033);
#8146=AXIS2_PLACEMENT_3D('',#11694,#9035,#9036);
#8147=AXIS2_PLACEMENT_3D('',#11696,#9037,#9038);
#8148=AXIS2_PLACEMENT_3D('',#11698,#9039,#9040);
#8149=AXIS2_PLACEMENT_3D('',#11699,#9041,#9042);
#8150=AXIS2_PLACEMENT_3D('',#11700,#9043,#9044);
#8151=AXIS2_PLACEMENT_3D('',#11702,#9046,#9047);
#8152=AXIS2_PLACEMENT_3D('',#11704,#9048,#9049);
#8153=AXIS2_PLACEMENT_3D('',#11706,#9050,#9051);
#8154=AXIS2_PLACEMENT_3D('',#11707,#9052,#9053);
#8155=AXIS2_PLACEMENT_3D('',#11708,#9054,#9055);
#8156=AXIS2_PLACEMENT_3D('',#11710,#9057,#9058);
#8157=AXIS2_PLACEMENT_3D('',#11712,#9059,#9060);
#8158=AXIS2_PLACEMENT_3D('',#11713,#9061,#9062);
#8159=AXIS2_PLACEMENT_3D('',#11715,#9063,#9064);
#8160=AXIS2_PLACEMENT_3D('',#11717,#9065,#9066);
#8161=AXIS2_PLACEMENT_3D('',#11718,#9067,#9068);
#8162=AXIS2_PLACEMENT_3D('',#11720,#9069,#9070);
#8163=AXIS2_PLACEMENT_3D('',#11722,#9071,#9072);
#8164=AXIS2_PLACEMENT_3D('',#11723,#9073,#9074);
#8165=AXIS2_PLACEMENT_3D('',#11725,#9075,#9076);
#8166=AXIS2_PLACEMENT_3D('',#11727,#9077,#9078);
#8167=AXIS2_PLACEMENT_3D('',#11728,#9079,#9080);
#8168=AXIS2_PLACEMENT_3D('',#11731,#9082,#9083);
#8169=AXIS2_PLACEMENT_3D('',#11732,#9084,#9085);
#8170=AXIS2_PLACEMENT_3D('',#11734,#9086,#9087);
#8171=AXIS2_PLACEMENT_3D('',#11735,#9088,#9089);
#8172=AXIS2_PLACEMENT_3D('',#11737,#9090,#9091);
#8173=AXIS2_PLACEMENT_3D('',#11739,#9092,#9093);
#8174=AXIS2_PLACEMENT_3D('',#11740,#9094,#9095);
#8175=AXIS2_PLACEMENT_3D('',#11742,#9096,#9097);
#8176=AXIS2_PLACEMENT_3D('',#11744,#9098,#9099);
#8177=AXIS2_PLACEMENT_3D('',#11745,#9100,#9101);
#8178=AXIS2_PLACEMENT_3D('',#11747,#9102,#9103);
#8179=AXIS2_PLACEMENT_3D('',#11749,#9104,#9105);
#8180=AXIS2_PLACEMENT_3D('',#11750,#9106,#9107);
#8181=AXIS2_PLACEMENT_3D('',#11752,#9109,#9110);
#8182=AXIS2_PLACEMENT_3D('',#11754,#9112,#9113);
#8183=AXIS2_PLACEMENT_3D('',#11756,#9115,#9116);
#8184=AXIS2_PLACEMENT_3D('',#11758,#9117,#9118);
#8185=AXIS2_PLACEMENT_3D('',#11760,#9119,#9120);
#8186=AXIS2_PLACEMENT_3D('',#11761,#9121,#9122);
#8187=AXIS2_PLACEMENT_3D('',#11762,#9123,#9124);
#8188=AXIS2_PLACEMENT_3D('',#11765,#9126,#9127);
#8189=AXIS2_PLACEMENT_3D('',#11766,#9128,#9129);
#8190=AXIS2_PLACEMENT_3D('',#11776,#9134,#9135);
#8191=AXIS2_PLACEMENT_3D('',#11782,#9139,#9140);
#8192=AXIS2_PLACEMENT_3D('',#11784,#9141,#9142);
#8193=AXIS2_PLACEMENT_3D('',#11786,#9143,#9144);
#8194=AXIS2_PLACEMENT_3D('',#11788,#9145,#9146);
#8195=AXIS2_PLACEMENT_3D('',#11790,#9147,#9148);
#8196=AXIS2_PLACEMENT_3D('',#11791,#9149,#9150);
#8197=AXIS2_PLACEMENT_3D('',#11794,#9151,#9152);
#8198=AXIS2_PLACEMENT_3D('',#11796,#9154,#9155);
#8199=AXIS2_PLACEMENT_3D('',#11797,#9156,#9157);
#8200=AXIS2_PLACEMENT_3D('',#11798,#9158,#9159);
#8201=AXIS2_PLACEMENT_3D('',#11799,#9160,#9161);
#8202=AXIS2_PLACEMENT_3D('',#11802,#9162,#9163);
#8203=AXIS2_PLACEMENT_3D('',#11804,#9165,#9166);
#8204=AXIS2_PLACEMENT_3D('',#11805,#9167,#9168);
#8205=AXIS2_PLACEMENT_3D('',#11806,#9169,#9170);
#8206=AXIS2_PLACEMENT_3D('',#11807,#9171,#9172);
#8207=AXIS2_PLACEMENT_3D('',#11810,#9173,#9174);
#8208=AXIS2_PLACEMENT_3D('',#11812,#9176,#9177);
#8209=AXIS2_PLACEMENT_3D('',#11813,#9178,#9179);
#8210=AXIS2_PLACEMENT_3D('',#11814,#9180,#9181);
#8211=AXIS2_PLACEMENT_3D('',#11815,#9182,#9183);
#8212=AXIS2_PLACEMENT_3D('',#11821,#9187,#9188);
#8213=AXIS2_PLACEMENT_3D('',#11824,#9191,#9192);
#8214=AXIS2_PLACEMENT_3D('',#11829,#9194,#9195);
#8215=AXIS2_PLACEMENT_3D('',#11838,#9201,#9202);
#8216=AXIS2_PLACEMENT_3D('',#11839,#9203,#9204);
#8217=AXIS2_PLACEMENT_3D('',#11844,#9206,#9207);
#8218=AXIS2_PLACEMENT_3D('',#11856,#9214,#9215);
#8219=AXIS2_PLACEMENT_3D('',#11857,#9216,#9217);
#8220=AXIS2_PLACEMENT_3D('',#11863,#9221,#9222);
#8221=AXIS2_PLACEMENT_3D('',#11865,#9223,#9224);
#8222=AXIS2_PLACEMENT_3D('',#11867,#9226,#9227);
#8223=AXIS2_PLACEMENT_3D('',#11869,#9229,#9230);
#8224=AXIS2_PLACEMENT_3D('',#11886,#9239,#9240);
#8225=AXIS2_PLACEMENT_3D('',#11887,#9241,#9242);
#8226=AXIS2_PLACEMENT_3D('',#11910,#9253,#9254);
#8227=AXIS2_PLACEMENT_3D('',#11913,#9256,#9257);
#8228=AXIS2_PLACEMENT_3D('',#11914,#9258,#9259);
#8229=AXIS2_PLACEMENT_3D('',#11925,#9265,#9266);
#8230=AXIS2_PLACEMENT_3D('',#11926,#9267,#9268);
#8231=AXIS2_PLACEMENT_3D('',#11968,#9289,#9290);
#8232=AXIS2_PLACEMENT_3D('',#11972,#9292,#9293);
#8233=AXIS2_PLACEMENT_3D('',#11976,#9295,#9296);
#8234=AXIS2_PLACEMENT_3D('',#11979,#9298,#9299);
#8235=AXIS2_PLACEMENT_3D('',#11980,#9300,#9301);
#8236=AXIS2_PLACEMENT_3D('',#11994,#9309,#9310);
#8237=AXIS2_PLACEMENT_3D('',#11997,#9312,#9313);
#8238=AXIS2_PLACEMENT_3D('',#11998,#9314,#9315);
#8239=AXIS2_PLACEMENT_3D('',#12002,#9318,#9319);
#8240=AXIS2_PLACEMENT_3D('',#12005,#9321,#9322);
#8241=AXIS2_PLACEMENT_3D('',#12006,#9323,#9324);
#8242=AXIS2_PLACEMENT_3D('',#12018,#9331,#9332);
#8243=AXIS2_PLACEMENT_3D('',#12020,#9333,#9334);
#8244=AXIS2_PLACEMENT_3D('',#12023,#9336,#9337);
#8245=AXIS2_PLACEMENT_3D('',#12024,#9338,#9339);
#8246=AXIS2_PLACEMENT_3D('',#12037,#9346,#9347);
#8247=AXIS2_PLACEMENT_3D('',#12043,#9351,#9352);
#8248=AXIS2_PLACEMENT_3D('',#12047,#9355,#9356);
#8249=AXIS2_PLACEMENT_3D('',#12051,#9359,#9360);
#8250=AXIS2_PLACEMENT_3D('',#12055,#9363,#9364);
#8251=AXIS2_PLACEMENT_3D('',#12059,#9367,#9368);
#8252=AXIS2_PLACEMENT_3D('',#12061,#9370,#9371);
#8253=AXIS2_PLACEMENT_3D('',#12090,#9386,#9387);
#8254=AXIS2_PLACEMENT_3D('',#12119,#9402,#9403);
#8255=AXIS2_PLACEMENT_3D('',#12148,#9418,#9419);
#8256=AXIS2_PLACEMENT_3D('',#12177,#9434,#9435);
#8257=AXIS2_PLACEMENT_3D('',#12194,#9444,#9445);
#8258=AXIS2_PLACEMENT_3D('',#12223,#9460,#9461);
#8259=AXIS2_PLACEMENT_3D('',#12252,#9476,#9477);
#8260=AXIS2_PLACEMENT_3D('',#12281,#9492,#9493);
#8261=AXIS2_PLACEMENT_3D('',#12287,#9497,#9498);
#8262=AXIS2_PLACEMENT_3D('',#12291,#9501,#9502);
#8263=AXIS2_PLACEMENT_3D('',#12295,#9505,#9506);
#8264=AXIS2_PLACEMENT_3D('',#12299,#9509,#9510);
#8265=AXIS2_PLACEMENT_3D('',#12303,#9513,#9514);
#8266=AXIS2_PLACEMENT_3D('',#12305,#9516,#9517);
#8267=AXIS2_PLACEMENT_3D('',#12307,#9518,#9519);
#8268=AXIS2_PLACEMENT_3D('',#12308,#9520,#9521);
#8269=AXIS2_PLACEMENT_3D('',#12311,#9523,#9524);
#8270=AXIS2_PLACEMENT_3D('',#12312,#9525,#9526);
#8271=AXIS2_PLACEMENT_3D('',#12318,#9530,#9531);
#8272=AXIS2_PLACEMENT_3D('',#12322,#9534,#9535);
#8273=AXIS2_PLACEMENT_3D('',#12326,#9538,#9539);
#8274=AXIS2_PLACEMENT_3D('',#12330,#9542,#9543);
#8275=AXIS2_PLACEMENT_3D('',#12334,#9546,#9547);
#8276=AXIS2_PLACEMENT_3D('',#12336,#9549,#9550);
#8277=AXIS2_PLACEMENT_3D('',#12338,#9551,#9552);
#8278=AXIS2_PLACEMENT_3D('',#12339,#9553,#9554);
#8279=AXIS2_PLACEMENT_3D('',#12342,#9556,#9557);
#8280=AXIS2_PLACEMENT_3D('',#12343,#9558,#9559);
#8281=AXIS2_PLACEMENT_3D('',#12349,#9563,#9564);
#8282=AXIS2_PLACEMENT_3D('',#12353,#9567,#9568);
#8283=AXIS2_PLACEMENT_3D('',#12357,#9571,#9572);
#8284=AXIS2_PLACEMENT_3D('',#12361,#9575,#9576);
#8285=AXIS2_PLACEMENT_3D('',#12365,#9579,#9580);
#8286=AXIS2_PLACEMENT_3D('',#12367,#9582,#9583);
#8287=AXIS2_PLACEMENT_3D('',#12369,#9584,#9585);
#8288=AXIS2_PLACEMENT_3D('',#12370,#9586,#9587);
#8289=AXIS2_PLACEMENT_3D('',#12373,#9589,#9590);
#8290=AXIS2_PLACEMENT_3D('',#12374,#9591,#9592);
#8291=AXIS2_PLACEMENT_3D('',#12380,#9596,#9597);
#8292=AXIS2_PLACEMENT_3D('',#12384,#9600,#9601);
#8293=AXIS2_PLACEMENT_3D('',#12388,#9604,#9605);
#8294=AXIS2_PLACEMENT_3D('',#12392,#9608,#9609);
#8295=AXIS2_PLACEMENT_3D('',#12396,#9612,#9613);
#8296=AXIS2_PLACEMENT_3D('',#12398,#9615,#9616);
#8297=AXIS2_PLACEMENT_3D('',#12400,#9617,#9618);
#8298=AXIS2_PLACEMENT_3D('',#12401,#9619,#9620);
#8299=AXIS2_PLACEMENT_3D('',#12404,#9622,#9623);
#8300=AXIS2_PLACEMENT_3D('',#12405,#9624,#9625);
#8301=AXIS2_PLACEMENT_3D('',#12411,#9629,#9630);
#8302=AXIS2_PLACEMENT_3D('',#12415,#9633,#9634);
#8303=AXIS2_PLACEMENT_3D('',#12419,#9637,#9638);
#8304=AXIS2_PLACEMENT_3D('',#12423,#9641,#9642);
#8305=AXIS2_PLACEMENT_3D('',#12427,#9645,#9646);
#8306=AXIS2_PLACEMENT_3D('',#12429,#9648,#9649);
#8307=AXIS2_PLACEMENT_3D('',#12431,#9650,#9651);
#8308=AXIS2_PLACEMENT_3D('',#12432,#9652,#9653);
#8309=AXIS2_PLACEMENT_3D('',#12435,#9655,#9656);
#8310=AXIS2_PLACEMENT_3D('',#12436,#9657,#9658);
#8311=AXIS2_PLACEMENT_3D('',#12457,#9671,#9672);
#8312=AXIS2_PLACEMENT_3D('',#12461,#9675,#9676);
#8313=AXIS2_PLACEMENT_3D('',#12465,#9679,#9680);
#8314=AXIS2_PLACEMENT_3D('',#12472,#9684,#9685);
#8315=AXIS2_PLACEMENT_3D('',#12479,#9689,#9690);
#8316=AXIS2_PLACEMENT_3D('',#12486,#9694,#9695);
#8317=AXIS2_PLACEMENT_3D('',#12493,#9699,#9700);
#8318=AXIS2_PLACEMENT_3D('',#12507,#9708,#9709);
#8319=AXIS2_PLACEMENT_3D('',#12521,#9717,#9718);
#8320=AXIS2_PLACEMENT_3D('',#12538,#9727,#9728);
#8321=AXIS2_PLACEMENT_3D('',#12555,#9737,#9738);
#8322=AXIS2_PLACEMENT_3D('',#12565,#9744,#9745);
#8323=AXIS2_PLACEMENT_3D('',#12579,#9753,#9754);
#8324=AXIS2_PLACEMENT_3D('',#12596,#9763,#9764);
#8325=AXIS2_PLACEMENT_3D('',#12610,#9772,#9773);
#8326=AXIS2_PLACEMENT_3D('',#12617,#9777,#9778);
#8327=AXIS2_PLACEMENT_3D('',#12624,#9782,#9783);
#8328=AXIS2_PLACEMENT_3D('',#12631,#9787,#9788);
#8329=AXIS2_PLACEMENT_3D('',#12638,#9792,#9793);
#8330=AXIS2_PLACEMENT_3D('',#12643,#9795,#9796);
#8331=AXIS2_PLACEMENT_3D('',#12647,#9798,#9799);
#8332=AXIS2_PLACEMENT_3D('',#12653,#9802,#9803);
#8333=AXIS2_PLACEMENT_3D('',#12657,#9805,#9806);
#8334=AXIS2_PLACEMENT_3D('',#12678,#9817,#9818);
#8335=AXIS2_PLACEMENT_3D('',#12681,#9820,#9821);
#8336=AXIS2_PLACEMENT_3D('',#12682,#9822,#9823);
#8337=AXIS2_PLACEMENT_3D('',#12687,#9825,#9826);
#8338=AXIS2_PLACEMENT_3D('',#12708,#9837,#9838);
#8339=AXIS2_PLACEMENT_3D('',#12712,#9840,#9841);
#8340=AXIS2_PLACEMENT_3D('',#12718,#9844,#9845);
#8341=AXIS2_PLACEMENT_3D('',#12722,#9847,#9848);
#8342=AXIS2_PLACEMENT_3D('',#12725,#9850,#9851);
#8343=AXIS2_PLACEMENT_3D('',#12726,#9852,#9853);
#8344=AXIS2_PLACEMENT_3D('',#12732,#9857,#9858);
#8345=AXIS2_PLACEMENT_3D('',#12737,#9860,#9861);
#8346=AXIS2_PLACEMENT_3D('',#12741,#9863,#9864);
#8347=AXIS2_PLACEMENT_3D('',#12744,#9866,#9867);
#8348=AXIS2_PLACEMENT_3D('',#12764,#9882,#9883);
#8349=AXIS2_PLACEMENT_3D('',#12765,#9884,#9885);
#8350=AXIS2_PLACEMENT_3D('',#12768,#9888,#9889);
#8351=AXIS2_PLACEMENT_3D('',#12770,#9891,#9892);
#8352=AXIS2_PLACEMENT_3D('',#12787,#9902,#9903);
#8353=AXIS2_PLACEMENT_3D('',#12790,#9905,#9906);
#8354=AXIS2_PLACEMENT_3D('',#12792,#9907,#9908);
#8355=AXIS2_PLACEMENT_3D('',#12794,#9909,#9910);
#8356=AXIS2_PLACEMENT_3D('',#12796,#9911,#9912);
#8357=AXIS2_PLACEMENT_3D('',#12798,#9913,#9914);
#8358=AXIS2_PLACEMENT_3D('',#12799,#9915,#9916);
#8359=AXIS2_PLACEMENT_3D('',#12801,#9918,#9919);
#8360=AXIS2_PLACEMENT_3D('',#12803,#9921,#9922);
#8361=AXIS2_PLACEMENT_3D('',#12805,#9924,#9925);
#8362=AXIS2_PLACEMENT_3D('',#12807,#9927,#9928);
#8363=AXIS2_PLACEMENT_3D('',#12809,#9930,#9931);
#8364=AXIS2_PLACEMENT_3D('',#12811,#9933,#9934);
#8365=AXIS2_PLACEMENT_3D('',#12813,#9936,#9937);
#8366=AXIS2_PLACEMENT_3D('',#12815,#9939,#9940);
#8367=AXIS2_PLACEMENT_3D('',#12817,#9942,#9943);
#8368=AXIS2_PLACEMENT_3D('',#12819,#9945,#9946);
#8369=AXIS2_PLACEMENT_3D('',#12821,#9948,#9949);
#8370=AXIS2_PLACEMENT_3D('',#12823,#9951,#9952);
#8371=AXIS2_PLACEMENT_3D('',#12825,#9954,#9955);
#8372=AXIS2_PLACEMENT_3D('',#12827,#9957,#9958);
#8373=AXIS2_PLACEMENT_3D('',#12828,#9959,#9960);
#8374=AXIS2_PLACEMENT_3D('',#12830,#9962,#9963);
#8375=AXIS2_PLACEMENT_3D('',#12832,#9965,#9966);
#8376=AXIS2_PLACEMENT_3D('',#12834,#9968,#9969);
#8377=AXIS2_PLACEMENT_3D('',#12836,#9971,#9972);
#8378=AXIS2_PLACEMENT_3D('',#12837,#9973,#9974);
#8379=AXIS2_PLACEMENT_3D('',#12838,#9975,#9976);
#8380=AXIS2_PLACEMENT_3D('',#12844,#9980,#9981);
#8381=AXIS2_PLACEMENT_3D('',#12845,#9982,#9983);
#8382=AXIS2_PLACEMENT_3D('',#12846,#9984,#9985);
#8383=AXIS2_PLACEMENT_3D('',#12866,#10000,#10001);
#8384=AXIS2_PLACEMENT_3D('',#12870,#10003,#10004);
#8385=AXIS2_PLACEMENT_3D('',#12873,#10006,#10007);
#8386=AXIS2_PLACEMENT_3D('',#12874,#10008,#10009);
#8387=AXIS2_PLACEMENT_3D('',#12876,#10011,#10012);
#8388=AXIS2_PLACEMENT_3D('',#12878,#10014,#10015);
#8389=AXIS2_PLACEMENT_3D('',#12880,#10017,#10018);
#8390=AXIS2_PLACEMENT_3D('',#12882,#10020,#10021);
#8391=AXIS2_PLACEMENT_3D('',#12883,#10022,#10023);
#8392=AXIS2_PLACEMENT_3D('',#12891,#10028,#10029);
#8393=AXIS2_PLACEMENT_3D('',#12895,#10032,#10033);
#8394=AXIS2_PLACEMENT_3D('',#12900,#10035,#10036);
#8395=AXIS2_PLACEMENT_3D('',#12916,#10045,#10046);
#8396=AXIS2_PLACEMENT_3D('',#12917,#10047,#10048);
#8397=AXIS2_PLACEMENT_3D('',#12937,#10058,#10059);
#8398=AXIS2_PLACEMENT_3D('',#12940,#10061,#10062);
#8399=AXIS2_PLACEMENT_3D('',#12941,#10063,#10064);
#8400=AXIS2_PLACEMENT_3D('',#12947,#10068,#10069);
#8401=AXIS2_PLACEMENT_3D('',#12949,#10070,#10071);
#8402=AXIS2_PLACEMENT_3D('',#12951,#10073,#10074);
#8403=AXIS2_PLACEMENT_3D('',#12953,#10076,#10077);
#8404=AXIS2_PLACEMENT_3D('',#12958,#10081,#10082);
#8405=AXIS2_PLACEMENT_3D('',#12959,#10083,#10084);
#8406=AXIS2_PLACEMENT_3D('',#12964,#10086,#10087);
#8407=AXIS2_PLACEMENT_3D('',#12971,#10092,#10093);
#8408=AXIS2_PLACEMENT_3D('',#12972,#10094,#10095);
#8409=AXIS2_PLACEMENT_3D('',#12974,#10097,#10098);
#8410=AXIS2_PLACEMENT_3D('',#12975,#10099,#10100);
#8411=AXIS2_PLACEMENT_3D('',#12976,#10101,#10102);
#8412=AXIS2_PLACEMENT_3D('',#12977,#10103,#10104);
#8413=AXIS2_PLACEMENT_3D('',#12981,#10107,#10108);
#8414=AXIS2_PLACEMENT_3D('',#12985,#10111,#10112);
#8415=AXIS2_PLACEMENT_3D('',#12987,#10114,#10115);
#8416=AXIS2_PLACEMENT_3D('',#12999,#10123,#10124);
#8417=AXIS2_PLACEMENT_3D('',#13000,#10125,#10126);
#8418=AXIS2_PLACEMENT_3D('',#13001,#10127,#10128);
#8419=AXIS2_PLACEMENT_3D('',#13005,#10131,#10132);
#8420=AXIS2_PLACEMENT_3D('',#13014,#10137,#10138);
#8421=AXIS2_PLACEMENT_3D('',#13015,#10139,#10140);
#8422=AXIS2_PLACEMENT_3D('',#13018,#10143,#10144);
#8423=AXIS2_PLACEMENT_3D('',#13019,#10145,#10146);
#8424=AXIS2_PLACEMENT_3D('',#13021,#10148,#10149);
#8425=AXIS2_PLACEMENT_3D('',#13022,#10150,#10151);
#8426=AXIS2_PLACEMENT_3D('',#13025,#10153,#10154);
#8427=AXIS2_PLACEMENT_3D('',#13026,#10155,#10156);
#8428=AXIS2_PLACEMENT_3D('',#13031,#10161,#10162);
#8429=AXIS2_PLACEMENT_3D('',#13035,#10166,#10167);
#8430=AXIS2_PLACEMENT_3D('',#13044,#10174,#10175);
#8431=AXIS2_PLACEMENT_3D('',#13048,#10178,#10179);
#8432=AXIS2_PLACEMENT_3D('',#13057,#10184,#10185);
#8433=AXIS2_PLACEMENT_3D('',#13058,#10186,#10187);
#8434=AXIS2_PLACEMENT_3D('',#13060,#10189,#10190);
#8435=AXIS2_PLACEMENT_3D('',#13062,#10192,#10193);
#8436=AXIS2_PLACEMENT_3D('',#13064,#10195,#10196);
#8437=AXIS2_PLACEMENT_3D('',#13065,#10197,#10198);
#8438=AXIS2_PLACEMENT_3D('',#13068,#10200,#10201);
#8439=AXIS2_PLACEMENT_3D('',#13069,#10202,#10203);
#8440=AXIS2_PLACEMENT_3D('',#13070,#10204,#10205);
#8441=AXIS2_PLACEMENT_3D('',#13074,#10209,#10210);
#8442=AXIS2_PLACEMENT_3D('',#13079,#10215,#10216);
#8443=AXIS2_PLACEMENT_3D('',#13080,#10217,#10218);
#8444=AXIS2_PLACEMENT_3D('',#13081,#10219,#10220);
#8445=AXIS2_PLACEMENT_3D('',#13083,#10222,#10223);
#8446=AXIS2_PLACEMENT_3D('',#13084,#10224,#10225);
#8447=AXIS2_PLACEMENT_3D('',#13086,#10227,#10228);
#8448=AXIS2_PLACEMENT_3D('',#13088,#10230,#10231);
#8449=AXIS2_PLACEMENT_3D('',#13089,#10232,#10233);
#8450=AXIS2_PLACEMENT_3D('',#13094,#10237,#10238);
#8451=AXIS2_PLACEMENT_3D('',#13101,#10245,#10246);
#8452=AXIS2_PLACEMENT_3D('',#13103,#10248,#10249);
#8453=AXIS2_PLACEMENT_3D('',#13105,#10251,#10252);
#8454=AXIS2_PLACEMENT_3D('',#13106,#10253,#10254);
#8455=AXIS2_PLACEMENT_3D('',#13108,#10256,#10257);
#8456=AXIS2_PLACEMENT_3D('',#13110,#10259,#10260);
#8457=AXIS2_PLACEMENT_3D('',#13111,#10261,#10262);
#8458=AXIS2_PLACEMENT_3D('',#13113,#10264,#10265);
#8459=AXIS2_PLACEMENT_3D('',#13115,#10267,#10268);
#8460=AXIS2_PLACEMENT_3D('',#13116,#10269,#10270);
#8461=AXIS2_PLACEMENT_3D('',#13118,#10272,#10273);
#8462=AXIS2_PLACEMENT_3D('',#13120,#10275,#10276);
#8463=AXIS2_PLACEMENT_3D('',#13121,#10277,#10278);
#8464=AXIS2_PLACEMENT_3D('',#13123,#10280,#10281);
#8465=AXIS2_PLACEMENT_3D('',#13125,#10283,#10284);
#8466=AXIS2_PLACEMENT_3D('',#13126,#10285,#10286);
#8467=AXIS2_PLACEMENT_3D('',#13128,#10288,#10289);
#8468=AXIS2_PLACEMENT_3D('',#13130,#10291,#10292);
#8469=AXIS2_PLACEMENT_3D('',#13131,#10293,#10294);
#8470=AXIS2_PLACEMENT_3D('',#13135,#10297,#10298);
#8471=AXIS2_PLACEMENT_3D('',#13137,#10300,#10301);
#8472=AXIS2_PLACEMENT_3D('',#13152,#10310,#10311);
#8473=AXIS2_PLACEMENT_3D('',#13154,#10313,#10314);
#8474=AXIS2_PLACEMENT_3D('',#13160,#10318,#10319);
#8475=AXIS2_PLACEMENT_3D('',#13162,#10321,#10322);
#8476=AXIS2_PLACEMENT_3D('',#13164,#10324,#10325);
#8477=AXIS2_PLACEMENT_3D('',#13180,#10335,#10336);
#8478=AXIS2_PLACEMENT_3D('',#13182,#10338,#10339);
#8479=AXIS2_PLACEMENT_3D('',#13183,#10340,#10341);
#8480=AXIS2_PLACEMENT_3D('',#13185,#10343,#10344);
#8481=AXIS2_PLACEMENT_3D('',#13186,#10345,#10346);
#8482=AXIS2_PLACEMENT_3D('',#13188,#10348,#10349);
#8483=AXIS2_PLACEMENT_3D('',#13190,#10351,#10352);
#8484=AXIS2_PLACEMENT_3D('',#13191,#10353,#10354);
#8485=AXIS2_PLACEMENT_3D('',#13192,#10355,#10356);
#8486=AXIS2_PLACEMENT_3D('',#13194,#10358,#10359);
#8487=AXIS2_PLACEMENT_3D('',#13195,#10360,#10361);
#8488=AXIS2_PLACEMENT_3D('',#13199,#10364,#10365);
#8489=AXIS2_PLACEMENT_3D('',#13208,#10370,#10371);
#8490=AXIS2_PLACEMENT_3D('',#13209,#10372,#10373);
#8491=AXIS2_PLACEMENT_3D('',#13211,#10375,#10376);
#8492=AXIS2_PLACEMENT_3D('',#13213,#10378,#10379);
#8493=AXIS2_PLACEMENT_3D('',#13215,#10381,#10382);
#8494=AXIS2_PLACEMENT_3D('',#13216,#10383,#10384);
#8495=AXIS2_PLACEMENT_3D('',#13219,#10386,#10387);
#8496=AXIS2_PLACEMENT_3D('',#13220,#10388,#10389);
#8497=AXIS2_PLACEMENT_3D('',#13221,#10390,#10391);
#8498=AXIS2_PLACEMENT_3D('',#13222,#10392,#10393);
#8499=AXIS2_PLACEMENT_3D('',#13226,#10396,#10397);
#8500=AXIS2_PLACEMENT_3D('',#13235,#10402,#10403);
#8501=AXIS2_PLACEMENT_3D('',#13236,#10404,#10405);
#8502=AXIS2_PLACEMENT_3D('',#13239,#10408,#10409);
#8503=AXIS2_PLACEMENT_3D('',#13240,#10410,#10411);
#8504=AXIS2_PLACEMENT_3D('',#13242,#10413,#10414);
#8505=AXIS2_PLACEMENT_3D('',#13243,#10415,#10416);
#8506=AXIS2_PLACEMENT_3D('',#13246,#10418,#10419);
#8507=AXIS2_PLACEMENT_3D('',#13247,#10420,#10421);
#8508=AXIS2_PLACEMENT_3D('',#13249,#10423,#10424);
#8509=AXIS2_PLACEMENT_3D('',#13251,#10426,#10427);
#8510=AXIS2_PLACEMENT_3D('',#13252,#10428,#10429);
#8511=AXIS2_PLACEMENT_3D('',#13253,#10430,#10431);
#8512=AXIS2_PLACEMENT_3D('',#13261,#10437,#10438);
#8513=AXIS2_PLACEMENT_3D('',#13265,#10441,#10442);
#8514=AXIS2_PLACEMENT_3D('',#13274,#10447,#10448);
#8515=AXIS2_PLACEMENT_3D('',#13275,#10449,#10450);
#8516=AXIS2_PLACEMENT_3D('',#13278,#10453,#10454);
#8517=AXIS2_PLACEMENT_3D('',#13279,#10455,#10456);
#8518=AXIS2_PLACEMENT_3D('',#13281,#10458,#10459);
#8519=AXIS2_PLACEMENT_3D('',#13282,#10460,#10461);
#8520=AXIS2_PLACEMENT_3D('',#13285,#10463,#10464);
#8521=AXIS2_PLACEMENT_3D('',#13286,#10465,#10466);
#8522=AXIS2_PLACEMENT_3D('',#13287,#10467,#10468);
#8523=AXIS2_PLACEMENT_3D('',#13288,#10469,#10470);
#8524=AXIS2_PLACEMENT_3D('',#13290,#10472,#10473);
#8525=AXIS2_PLACEMENT_3D('',#13292,#10475,#10476);
#8526=AXIS2_PLACEMENT_3D('',#13293,#10477,#10478);
#8527=AXIS2_PLACEMENT_3D('',#13294,#10479,#10480);
#8528=AXIS2_PLACEMENT_3D('',#13295,#10481,#10482);
#8529=AXIS2_PLACEMENT_3D('',#13296,#10483,#10484);
#8530=AXIS2_PLACEMENT_3D('',#13297,#10485,#10486);
#8531=AXIS2_PLACEMENT_3D('',#13298,#10487,#10488);
#8532=AXIS2_PLACEMENT_3D('',#13300,#10490,#10491);
#8533=AXIS2_PLACEMENT_3D('',#13302,#10493,#10494);
#8534=AXIS2_PLACEMENT_3D('',#13305,#10496,#10497);
#8535=AXIS2_PLACEMENT_3D('',#13306,#10498,#10499);
#8536=AXIS2_PLACEMENT_3D('',#13310,#10502,#10503);
#8537=AXIS2_PLACEMENT_3D('',#13312,#10504,#10505);
#8538=AXIS2_PLACEMENT_3D('',#13314,#10507,#10508);
#8539=AXIS2_PLACEMENT_3D('',#13318,#10511,#10512);
#8540=AXIS2_PLACEMENT_3D('',#13322,#10515,#10516);
#8541=AXIS2_PLACEMENT_3D('',#13325,#10518,#10519);
#8542=AXIS2_PLACEMENT_3D('',#13326,#10520,#10521);
#8543=AXIS2_PLACEMENT_3D('',#13330,#10524,#10525);
#8544=AXIS2_PLACEMENT_3D('',#13333,#10527,#10528);
#8545=AXIS2_PLACEMENT_3D('',#13334,#10529,#10530);
#8546=AXIS2_PLACEMENT_3D('',#13338,#10533,#10534);
#8547=AXIS2_PLACEMENT_3D('',#13341,#10536,#10537);
#8548=AXIS2_PLACEMENT_3D('',#13342,#10538,#10539);
#8549=AXIS2_PLACEMENT_3D('',#13346,#10542,#10543);
#8550=AXIS2_PLACEMENT_3D('',#13347,#10544,#10545);
#8551=AXIS2_PLACEMENT_3D('',#13348,#10546,#10547);
#8552=AXIS2_PLACEMENT_3D('',#13352,#10550,#10551);
#8553=AXIS2_PLACEMENT_3D('',#13356,#10554,#10555);
#8554=AXIS2_PLACEMENT_3D('',#13359,#10557,#10558);
#8555=AXIS2_PLACEMENT_3D('',#13360,#10559,#10560);
#8556=AXIS2_PLACEMENT_3D('',#13364,#10563,#10564);
#8557=AXIS2_PLACEMENT_3D('',#13366,#10565,#10566);
#8558=AXIS2_PLACEMENT_3D('',#13368,#10568,#10569);
#8559=AXIS2_PLACEMENT_3D('',#13372,#10572,#10573);
#8560=AXIS2_PLACEMENT_3D('',#13376,#10576,#10577);
#8561=AXIS2_PLACEMENT_3D('',#13379,#10579,#10580);
#8562=AXIS2_PLACEMENT_3D('',#13380,#10581,#10582);
#8563=AXIS2_PLACEMENT_3D('',#13384,#10585,#10586);
#8564=AXIS2_PLACEMENT_3D('',#13387,#10588,#10589);
#8565=AXIS2_PLACEMENT_3D('',#13388,#10590,#10591);
#8566=AXIS2_PLACEMENT_3D('',#13392,#10594,#10595);
#8567=AXIS2_PLACEMENT_3D('',#13395,#10597,#10598);
#8568=AXIS2_PLACEMENT_3D('',#13396,#10599,#10600);
#8569=AXIS2_PLACEMENT_3D('',#13400,#10603,#10604);
#8570=AXIS2_PLACEMENT_3D('',#13401,#10605,#10606);
#8571=AXIS2_PLACEMENT_3D('',#13402,#10607,#10608);
#8572=AXIS2_PLACEMENT_3D('',#13404,#10610,#10611);
#8573=AXIS2_PLACEMENT_3D('',#13406,#10613,#10614);
#8574=AXIS2_PLACEMENT_3D('',#13420,#10623,#10624);
#8575=AXIS2_PLACEMENT_3D('',#13424,#10627,#10628);
#8576=AXIS2_PLACEMENT_3D('',#13433,#10633,#10634);
#8577=AXIS2_PLACEMENT_3D('',#13434,#10635,#10636);
#8578=AXIS2_PLACEMENT_3D('',#13436,#10638,#10639);
#8579=AXIS2_PLACEMENT_3D('',#13438,#10641,#10642);
#8580=AXIS2_PLACEMENT_3D('',#13440,#10644,#10645);
#8581=AXIS2_PLACEMENT_3D('',#13441,#10646,#10647);
#8582=AXIS2_PLACEMENT_3D('',#13444,#10649,#10650);
#8583=AXIS2_PLACEMENT_3D('',#13445,#10651,#10652);
#8584=AXIS2_PLACEMENT_3D('',#13446,#10653,#10654);
#8585=AXIS2_PLACEMENT_3D('',#13448,#10656,#10657);
#8586=AXIS2_PLACEMENT_3D('',#13449,#10658,#10659);
#8587=AXIS2_PLACEMENT_3D('',#13451,#10661,#10662);
#8588=AXIS2_PLACEMENT_3D('',#13453,#10664,#10665);
#8589=AXIS2_PLACEMENT_3D('',#13454,#10666,#10667);
#8590=AXIS2_PLACEMENT_3D('',#13456,#10669,#10670);
#8591=AXIS2_PLACEMENT_3D('',#13458,#10672,#10673);
#8592=AXIS2_PLACEMENT_3D('',#13459,#10674,#10675);
#8593=AXIS2_PLACEMENT_3D('',#13460,#10676,#10677);
#8594=AXIS2_PLACEMENT_3D('',#13462,#10679,#10680);
#8595=AXIS2_PLACEMENT_3D('',#13464,#10682,#10683);
#8596=AXIS2_PLACEMENT_3D('',#13465,#10684,#10685);
#8597=AXIS2_PLACEMENT_3D('',#13467,#10687,#10688);
#8598=AXIS2_PLACEMENT_3D('',#13469,#10690,#10691);
#8599=AXIS2_PLACEMENT_3D('',#13470,#10692,#10693);
#8600=AXIS2_PLACEMENT_3D('',#13472,#10695,#10696);
#8601=AXIS2_PLACEMENT_3D('',#13474,#10698,#10699);
#8602=AXIS2_PLACEMENT_3D('',#13475,#10700,#10701);
#8603=AXIS2_PLACEMENT_3D('',#13476,#10702,#10703);
#8604=AXIS2_PLACEMENT_3D('',#13477,#10704,#10705);
#8605=AXIS2_PLACEMENT_3D('',#13478,#10706,#10707);
#8606=AXIS2_PLACEMENT_3D('',#13479,#10708,#10709);
#8607=AXIS2_PLACEMENT_3D('',#13480,#10710,#10711);
#8608=AXIS2_PLACEMENT_3D('',#13481,#10712,#10713);
#8609=AXIS2_PLACEMENT_3D('',#13482,#10714,#10715);
#8610=AXIS2_PLACEMENT_3D('',#13483,#10716,#10717);
#8611=AXIS2_PLACEMENT_3D('',#13485,#10718,#10719);
#8612=AXIS2_PLACEMENT_3D('',#13487,#10721,#10722);
#8613=AXIS2_PLACEMENT_3D('',#13491,#10725,#10726);
#8614=AXIS2_PLACEMENT_3D('',#13492,#10727,#10728);
#8615=AXIS2_PLACEMENT_3D('',#13493,#10729,#10730);
#8616=AXIS2_PLACEMENT_3D('',#13495,#10732,#10733);
#8617=AXIS2_PLACEMENT_3D('',#13496,#10734,#10735);
#8618=AXIS2_PLACEMENT_3D('',#13497,#10736,#10737);
#8619=AXIS2_PLACEMENT_3D('',#13498,#10738,#10739);
#8620=AXIS2_PLACEMENT_3D('',#13499,#10740,#10741);
#8621=AXIS2_PLACEMENT_3D('',#13500,#10742,#10743);
#8622=AXIS2_PLACEMENT_3D('',#13501,#10744,#10745);
#8623=AXIS2_PLACEMENT_3D('',#13502,#10746,#10747);
#8624=AXIS2_PLACEMENT_3D('',#13503,#10748,#10749);
#8625=AXIS2_PLACEMENT_3D('',#13504,#10750,#10751);
#8626=AXIS2_PLACEMENT_3D('',#13505,#10752,#10753);
#8627=AXIS2_PLACEMENT_3D('',#13506,#10754,#10755);
#8628=AXIS2_PLACEMENT_3D('',#13507,#10756,#10757);
#8629=AXIS2_PLACEMENT_3D('',#13508,#10758,#10759);
#8630=AXIS2_PLACEMENT_3D('',#13509,#10760,#10761);
#8631=AXIS2_PLACEMENT_3D('',#13511,#10763,#10764);
#8632=AXIS2_PLACEMENT_3D('',#13512,#10765,#10766);
#8633=AXIS2_PLACEMENT_3D('',#13514,#10768,#10769);
#8634=AXIS2_PLACEMENT_3D('',#13518,#10772,#10773);
#8635=AXIS2_PLACEMENT_3D('',#13519,#10774,#10775);
#8636=AXIS2_PLACEMENT_3D('',#13520,#10776,#10777);
#8637=AXIS2_PLACEMENT_3D('',#13521,#10778,#10779);
#8638=AXIS2_PLACEMENT_3D('',#13522,#10780,#10781);
#8639=AXIS2_PLACEMENT_3D('',#13523,#10782,#10783);
#8640=AXIS2_PLACEMENT_3D('',#13525,#10784,#10785);
#8641=AXIS2_PLACEMENT_3D('',#13528,#10787,#10788);
#8642=AXIS2_PLACEMENT_3D('',#13529,#10789,#10790);
#8643=AXIS2_PLACEMENT_3D('',#13530,#10791,#10792);
#8644=AXIS2_PLACEMENT_3D('',#13532,#10793,#10794);
#8645=AXIS2_PLACEMENT_3D('',#13535,#10796,#10797);
#8646=AXIS2_PLACEMENT_3D('',#13536,#10798,#10799);
#8647=AXIS2_PLACEMENT_3D('',#13539,#10801,#10802);
#8648=AXIS2_PLACEMENT_3D('',#13540,#10803,#10804);
#8649=AXIS2_PLACEMENT_3D('',#13549,#10809,#10810);
#8650=AXIS2_PLACEMENT_3D('',#13550,#10811,#10812);
#8651=AXIS2_PLACEMENT_3D('',#13559,#10817,#10818);
#8652=AXIS2_PLACEMENT_3D('',#13562,#10821,#10822);
#8653=AXIS2_PLACEMENT_3D('',#13564,#10824,#10825);
#8654=AXIS2_PLACEMENT_3D('',#13566,#10827,#10828);
#8655=AXIS2_PLACEMENT_3D('',#13567,#10829,#10830);
#8656=DIRECTION('axis',(0.,0.,1.));
#8657=DIRECTION('refdir',(1.,0.,0.));
#8658=DIRECTION('axis',(0.,0.,1.));
#8659=DIRECTION('refdir',(1.,0.,0.));
#8660=DIRECTION('center_axis',(-9.98226842316442E-18,1.,4.33680868994201E-19));
#8661=DIRECTION('ref_axis',(0.,-4.33680868994201E-19,1.));
#8662=DIRECTION('center_axis',(9.98226842316442E-18,-1.,-4.33680868994201E-19));
#8663=DIRECTION('ref_axis',(-1.,0.,3.37037740267766E-34));
#8664=DIRECTION('center_axis',(0.,-1.,0.));
#8665=DIRECTION('ref_axis',(-1.,0.,3.37037740267766E-34));
#8666=DIRECTION('center_axis',(1.00237049844497E-53,1.,-2.31678796088914E-88));
#8667=DIRECTION('ref_axis',(-1.,0.,3.37037740267766E-34));
#8668=DIRECTION('',(0.,-1.,0.));
#8669=DIRECTION('center_axis',(1.00237049844497E-53,1.,-2.31678796088914E-88));
#8670=DIRECTION('ref_axis',(1.,-1.00237049844497E-53,0.));
#8671=DIRECTION('center_axis',(5.32951571473716E-17,1.,4.33680868993819E-19));
#8672=DIRECTION('ref_axis',(0.,-4.33680868993819E-19,1.));
#8673=DIRECTION('center_axis',(-5.32951571473716E-17,-1.,-4.33680868993819E-19));
#8674=DIRECTION('ref_axis',(1.,0.,0.));
#8675=DIRECTION('center_axis',(1.00237049844497E-53,1.,-2.31678796088914E-88));
#8676=DIRECTION('ref_axis',(1.,-1.00237049844497E-53,0.));
#8677=DIRECTION('',(-1.,1.00237049844497E-53,-3.25260651745651E-19));
#8678=DIRECTION('center_axis',(1.00237049844497E-53,1.,-2.31678796088914E-88));
#8679=DIRECTION('ref_axis',(0.707106781186548,1.01197365501103E-17,-0.707106781186548));
#8680=DIRECTION('',(3.25260651745651E-19,-3.26031681614825E-72,-1.));
#8681=DIRECTION('center_axis',(1.00237049844497E-53,1.,-2.31678796088914E-88));
#8682=DIRECTION('ref_axis',(0.707106781186548,9.50641918343696E-18,0.707106781186548));
#8683=DIRECTION('',(1.,-1.00237049844497E-53,3.25260651745651E-19));
#8684=DIRECTION('center_axis',(1.00237049844497E-53,1.,-2.31678796088914E-88));
#8685=DIRECTION('ref_axis',(-0.707106781186548,-1.01197365501103E-17,0.707106781186548));
#8686=DIRECTION('',(-3.25260651745651E-19,3.26031681614825E-72,1.));
#8687=DIRECTION('center_axis',(1.00237049844497E-53,1.,-2.31678796088914E-88));
#8688=DIRECTION('ref_axis',(-0.707106781186548,-9.50641918343696E-18,-0.707106781186548));
#8689=DIRECTION('center_axis',(1.00237049844497E-53,1.,-2.31678796088914E-88));
#8690=DIRECTION('ref_axis',(1.,-1.00237049844497E-53,0.));
#8691=DIRECTION('center_axis',(1.00237049844497E-53,1.,-2.31678796088914E-88));
#8692=DIRECTION('ref_axis',(-1.,0.,3.37037740267766E-34));
#8693=DIRECTION('center_axis',(-3.25260651745651E-19,-4.33680868994201E-19,
1.));
#8694=DIRECTION('ref_axis',(1.,1.38777878078145E-17,3.25260651745651E-19));
#8695=DIRECTION('',(1.38777878078145E-17,-1.,-4.33680868994201E-19));
#8696=DIRECTION('',(1.,9.98226842316442E-18,3.25260651745651E-19));
#8697=DIRECTION('',(-1.38777878078145E-17,1.,4.33680868994201E-19));
#8698=DIRECTION('center_axis',(-1.38777878078145E-17,1.,4.33680868994201E-19));
#8699=DIRECTION('ref_axis',(0.707106781186548,9.50641918343696E-18,0.707106781186548));
#8700=DIRECTION('',(-1.38777878078145E-17,1.,4.33680868994201E-19));
#8701=DIRECTION('center_axis',(-9.98226842316442E-18,1.,4.33680868994201E-19));
#8702=DIRECTION('ref_axis',(0.707106781186548,9.50641918343696E-18,0.707106781186548));
#8703=DIRECTION('center_axis',(1.,1.38777878078145E-17,3.25260651745651E-19));
#8704=DIRECTION('ref_axis',(-1.38777878078145E-17,1.,4.33680868994201E-19));
#8705=DIRECTION('',(1.38777878078145E-17,-1.,-4.33680868994201E-19));
#8706=DIRECTION('',(-3.25260651745651E-19,-4.33680868994201E-19,1.));
#8707=DIRECTION('center_axis',(1.38777878078145E-17,-1.,-4.33680868994201E-19));
#8708=DIRECTION('ref_axis',(0.707106781186548,1.01197365501103E-17,-0.707106781186548));
#8709=DIRECTION('',(-1.38777878078145E-17,1.,4.33680868994201E-19));
#8710=DIRECTION('center_axis',(-9.98226842316442E-18,1.,4.33680868994201E-19));
#8711=DIRECTION('ref_axis',(0.707106781186548,1.01197365501103E-17,-0.707106781186548));
#8712=DIRECTION('center_axis',(5.4030853865091E-15,3.96508223080382E-16,
-1.));
#8713=DIRECTION('ref_axis',(-5.47094283242613E-15,-1.,-3.96508223080412E-16));
#8714=DIRECTION('',(-0.707101492027012,0.70711207030652,-3.540153987834E-15));
#8715=DIRECTION('',(-1.,5.47710025481744E-15,-5.40308538650909E-15));
#8716=DIRECTION('',(1.38777878078145E-17,-1.,-3.96508223080382E-16));
#8717=DIRECTION('',(-1.,5.47710025481744E-15,-5.40308538650909E-15));
#8718=DIRECTION('',(5.22254737554385E-19,1.,3.96508223080382E-16));
#8719=DIRECTION('center_axis',(5.47710025481744E-15,1.,-9.28204129575522E-31));
#8720=DIRECTION('ref_axis',(5.39513071402741E-15,-3.04778759381485E-29,
-1.));
#8721=DIRECTION('',(-9.54770789752277E-17,1.45114166315997E-30,1.));
#8722=DIRECTION('',(3.25260651745651E-19,-9.2998561477408E-31,-1.));
#8723=DIRECTION('',(-1.,5.47710025481744E-15,-5.40308538650909E-15));
#8724=DIRECTION('center_axis',(-5.47710025481744E-15,-1.,9.28204129575522E-31));
#8725=DIRECTION('ref_axis',(-1.,0.,3.37037740267766E-34));
#8726=DIRECTION('center_axis',(-5.40308538650909E-15,3.05213954965464E-29,
1.));
#8727=DIRECTION('ref_axis',(5.47094283242613E-15,1.,-9.61424228238103E-31));
#8728=DIRECTION('',(0.707101492027012,-0.70711207030652,3.82052973834995E-15));
#8729=DIRECTION('',(-5.22254737554422E-19,-1.,3.05185737096059E-29));
#8730=DIRECTION('',(-1.38777878078145E-17,1.,-3.05963783690479E-29));
#8731=DIRECTION('',(-1.,5.47710025481744E-15,-5.40308538650909E-15));
#8732=DIRECTION('center_axis',(0.707106781186542,0.707096202986158,0.00386778005653153));
#8733=DIRECTION('ref_axis',(0.707106781186553,-0.707096202986147,-0.0038677800565314));
#8734=DIRECTION('',(0.00546978518636591,3.52871236910026E-16,-0.999985040613116));
#8735=DIRECTION('',(-9.5478507317892E-17,-0.00546986701222292,0.999985040165536));
#8736=DIRECTION('',(-0.707106781186553,0.707096202986147,0.00386778005653133));
#8737=DIRECTION('',(1.04877269701144E-16,0.00546986701222291,-0.999985040165536));
#8738=DIRECTION('',(1.04877269701144E-16,0.00546986701222291,-0.999985040165536));
#8739=DIRECTION('',(1.04877269701144E-16,0.00546986701222291,-0.999985040165536));
#8740=DIRECTION('',(1.04877269701144E-16,0.00546986701222291,-0.999985040165536));
#8741=DIRECTION('',(1.04877269701144E-16,0.00546986701222291,-0.999985040165536));
#8742=DIRECTION('',(0.707106781186553,-0.707096202986147,-0.00386778005653136));
#8743=DIRECTION('',(-9.5478507317892E-17,-0.00546986701222292,0.999985040165536));
#8744=DIRECTION('center_axis',(-1.,-1.38777878078145E-17,-3.25260651745651E-19));
#8745=DIRECTION('ref_axis',(1.38777878078145E-17,-1.,-4.33680868994201E-19));
#8746=DIRECTION('',(1.38777878078145E-17,-1.,-4.33680868994201E-19));
#8747=DIRECTION('',(-3.25260651745651E-19,-4.33680868994201E-19,1.));
#8748=DIRECTION('',(-3.25260651745651E-19,-4.33680868994201E-19,1.));
#8749=DIRECTION('',(-1.38777878078145E-17,1.,4.33680868994201E-19));
#8750=DIRECTION('center_axis',(0.,-1.,0.));
#8751=DIRECTION('ref_axis',(1.,0.,0.));
#8752=DIRECTION('',(-0.182212571648746,-0.94815329624336,-0.260391830816562));
#8753=DIRECTION('',(0.707106781186541,0.707096202986159,0.0038677800565315));
#8754=DIRECTION('',(-2.67987700097586E-14,-0.996041291502169,-0.0888917635255949));
#8755=DIRECTION('center_axis',(0.,-1.,0.));
#8756=DIRECTION('ref_axis',(1.,0.,0.));
#8757=DIRECTION('',(0.212916450750394,-0.921791817605878,-0.323985231136708));
#8758=DIRECTION('',(-0.707106781186548,0.707096202986153,0.00386778005653135));
#8759=DIRECTION('center_axis',(0.,-1.,0.));
#8760=DIRECTION('ref_axis',(1.,0.,0.));
#8761=DIRECTION('',(0.267554858163995,-0.909385333589609,-0.318485027787742));
#8762=DIRECTION('',(7.57533842391259E-17,-0.999985040165536,-0.00546986701222291));
#8763=DIRECTION('center_axis',(0.,-1.,0.));
#8764=DIRECTION('ref_axis',(1.,0.,0.));
#8765=DIRECTION('',(0.219474649483825,-0.912371980817403,-0.345554983835107));
#8766=DIRECTION('',(0.219474649483825,-0.912371980817403,-0.345554983835107));
#8767=DIRECTION('',(1.,7.52299962434832E-17,9.58914399127424E-17));
#8768=DIRECTION('center_axis',(0.,-1.,0.));
#8769=DIRECTION('ref_axis',(1.,0.,0.));
#8770=DIRECTION('',(-0.219474649483821,-0.912371980817405,-0.345554983835105));
#8771=DIRECTION('',(-0.219474649483821,-0.912371980817405,-0.345554983835105));
#8772=DIRECTION('',(-7.57533842391259E-17,0.999985040165536,0.00546986701222291));
#8773=DIRECTION('center_axis',(9.54785073178929E-17,0.00546986701222291,
-0.999985040165536));
#8774=DIRECTION('ref_axis',(-1.,-7.52299962434832E-17,-9.58914399127423E-17));
#8775=DIRECTION('center_axis',(9.54785073178929E-17,0.00546986701222291,
-0.999985040165536));
#8776=DIRECTION('ref_axis',(-1.,-7.52299962434832E-17,-9.58914399127423E-17));
#8777=DIRECTION('',(-0.707106781186547,-0.707096202986153,-0.00386778005653149));
#8778=DIRECTION('center_axis',(9.54785073178929E-17,0.00546986701222291,
-0.999985040165536));
#8779=DIRECTION('ref_axis',(-0.707106781186548,0.707096202986153,0.00386778005653135));
#8780=DIRECTION('',(-1.,-7.52299962434832E-17,-9.58914399127423E-17));
#8781=DIRECTION('center_axis',(9.54785073178929E-17,0.00546986701222291,
-0.999985040165536));
#8782=DIRECTION('ref_axis',(-7.57533842391259E-17,0.999985040165536,0.00546986701222291));
#8783=DIRECTION('',(-0.707106781186548,0.707096202986153,0.00386778005653135));
#8784=DIRECTION('center_axis',(9.54785073178929E-17,0.00546986701222291,
-0.999985040165536));
#8785=DIRECTION('ref_axis',(0.707106781186548,0.707096202986153,0.00386778005653149));
#8786=DIRECTION('center_axis',(9.54785073178929E-17,0.00546986701222291,
-0.999985040165536));
#8787=DIRECTION('ref_axis',(0.707106781186548,0.707096202986153,0.00386778005653149));
#8788=DIRECTION('',(-7.57533842391259E-17,0.999985040165536,0.00546986701222291));
#8789=DIRECTION('center_axis',(0.,-1.,0.));
#8790=DIRECTION('ref_axis',(1.,0.,0.));
#8791=DIRECTION('',(-0.267554858163992,-0.909385333589611,-0.31848502778774));
#8792=DIRECTION('',(1.,7.52299962434832E-17,9.58914399127424E-17));
#8793=DIRECTION('center_axis',(0.,-1.,0.));
#8794=DIRECTION('ref_axis',(1.,0.,0.));
#8795=DIRECTION('',(-0.21291645075039,-0.921791817605881,-0.323985231136703));
#8796=DIRECTION('',(7.57533842391259E-17,-0.999985040165536,-0.00546986701222291));
#8797=DIRECTION('center_axis',(0.,-1.,0.));
#8798=DIRECTION('ref_axis',(1.,0.,0.));
#8799=DIRECTION('',(0.182212571648732,-0.948153296243365,-0.260391830816556));
#8800=DIRECTION('',(-0.707106781186547,-0.707096202986153,-0.00386778005653149));
#8801=DIRECTION('center_axis',(0.,-1.,0.));
#8802=DIRECTION('ref_axis',(1.,0.,0.));
#8803=DIRECTION('',(8.7864819704123E-16,-0.99604129150217,-0.0888917635255854));
#8804=DIRECTION('center_axis',(0.,1.,0.));
#8805=DIRECTION('ref_axis',(1.,0.,0.));
#8806=DIRECTION('',(0.,0.,1.));
#8807=DIRECTION('center_axis',(0.,-1.,0.));
#8808=DIRECTION('ref_axis',(1.,0.,0.));
#8809=DIRECTION('center_axis',(0.,-1.,0.));
#8810=DIRECTION('ref_axis',(1.,0.,0.));
#8811=DIRECTION('center_axis',(0.,1.,0.));
#8812=DIRECTION('ref_axis',(1.,0.,0.));
#8813=DIRECTION('',(-9.54770789752277E-17,0.,1.));
#8814=DIRECTION('center_axis',(0.,-1.,0.));
#8815=DIRECTION('ref_axis',(1.,0.,0.));
#8816=DIRECTION('center_axis',(0.,-1.,0.));
#8817=DIRECTION('ref_axis',(1.,0.,0.));
#8818=DIRECTION('',(0.183710672958228,-0.947273439873456,0.26253270034711));
#8819=DIRECTION('',(-2.84862476905746E-14,-0.995425375502023,0.0955422514213315));
#8820=DIRECTION('center_axis',(0.,-1.,0.));
#8821=DIRECTION('ref_axis',(1.,0.,0.));
#8822=DIRECTION('',(-0.214331645573547,-0.921595806828204,0.323609509351018));
#8823=DIRECTION('',(-0.707106781186547,-0.707096202986153,-0.00386778005653149));
#8824=DIRECTION('center_axis',(0.,-1.,0.));
#8825=DIRECTION('ref_axis',(1.,0.,0.));
#8826=DIRECTION('',(-0.268989921890461,-0.910104966302781,0.315203699585487));
#8827=DIRECTION('',(-7.57533842391259E-17,0.999985040165536,0.00546986701222291));
#8828=DIRECTION('center_axis',(0.,-1.,0.));
#8829=DIRECTION('ref_axis',(1.,0.,0.));
#8830=DIRECTION('',(-0.220688545145775,-0.913245914349893,0.342459436962495));
#8831=DIRECTION('',(-0.220688545145775,-0.913245914349893,0.342459436962495));
#8832=DIRECTION('',(1.,7.52299962434832E-17,9.58914399127424E-17));
#8833=DIRECTION('center_axis',(0.,-1.,0.));
#8834=DIRECTION('ref_axis',(1.,0.,0.));
#8835=DIRECTION('',(0.220688545145778,-0.913245914349891,0.342459436962497));
#8836=DIRECTION('',(0.220688545145778,-0.913245914349891,0.342459436962497));
#8837=DIRECTION('',(-7.57533842391259E-17,0.999985040165536,0.00546986701222291));
#8838=DIRECTION('center_axis',(-9.54785073178929E-17,-0.00546986701222291,
0.999985040165536));
#8839=DIRECTION('ref_axis',(1.,7.52299962434832E-17,9.58914399127423E-17));
#8840=DIRECTION('center_axis',(-9.54785073178929E-17,-0.00546986701222291,
0.999985040165536));
#8841=DIRECTION('ref_axis',(1.,7.52299962434832E-17,9.58914399127423E-17));
#8842=DIRECTION('',(0.707106781186498,-0.707096202986202,-0.00386778005653163));
#8843=DIRECTION('center_axis',(-9.54785073178929E-17,-0.00546986701222291,
0.999985040165536));
#8844=DIRECTION('ref_axis',(0.707106781186548,0.707096202986153,0.00386778005653149));
#8845=DIRECTION('',(1.,7.52299962434832E-17,9.58914399127423E-17));
#8846=DIRECTION('center_axis',(-9.54785073178929E-17,-0.00546986701222291,
0.999985040165536));
#8847=DIRECTION('ref_axis',(-7.57533842391259E-17,0.999985040165536,0.00546986701222291));
#8848=DIRECTION('',(0.707106781186547,0.707096202986153,0.00386778005653149));
#8849=DIRECTION('center_axis',(-9.54785073178929E-17,-0.00546986701222291,
0.999985040165536));
#8850=DIRECTION('ref_axis',(-0.707106781186548,0.707096202986153,0.00386778005653135));
#8851=DIRECTION('center_axis',(-9.54785073178929E-17,-0.00546986701222291,
0.999985040165536));
#8852=DIRECTION('ref_axis',(-0.707106781186548,0.707096202986153,0.00386778005653135));
#8853=DIRECTION('',(-7.57533842391259E-17,0.999985040165536,0.00546986701222291));
#8854=DIRECTION('center_axis',(0.,-1.,0.));
#8855=DIRECTION('ref_axis',(1.,0.,0.));
#8856=DIRECTION('',(0.268989921890465,-0.910104966302779,0.315203699585489));
#8857=DIRECTION('',(1.,7.52299962434832E-17,9.58914399127424E-17));
#8858=DIRECTION('center_axis',(0.,-1.,0.));
#8859=DIRECTION('ref_axis',(1.,0.,0.));
#8860=DIRECTION('',(0.214331645573551,-0.921595806828201,0.323609509351023));
#8861=DIRECTION('',(-7.57533842391259E-17,0.999985040165536,0.00546986701222291));
#8862=DIRECTION('center_axis',(0.,-1.,0.));
#8863=DIRECTION('ref_axis',(1.,0.,0.));
#8864=DIRECTION('',(-0.183710672958245,-0.947273439873451,0.262532700347114));
#8865=DIRECTION('',(-0.707106781186548,0.707096202986153,0.00386778005653135));
#8866=DIRECTION('center_axis',(0.,-1.,0.));
#8867=DIRECTION('ref_axis',(1.,0.,0.));
#8868=DIRECTION('',(0.,-0.995425375502022,0.0955422514213426));
#8869=DIRECTION('',(-0.707106781186541,-0.707096202986159,-0.00386778005653153));
#8870=DIRECTION('center_axis',(0.,-1.,0.));
#8871=DIRECTION('ref_axis',(1.,0.,0.));
#8872=DIRECTION('',(0.,1.,0.));
#8873=DIRECTION('center_axis',(-1.,5.22254737554422E-19,-9.54770789752277E-17));
#8874=DIRECTION('ref_axis',(-9.5478507317892E-17,-0.00546986701222291,0.999985040165536));
#8875=DIRECTION('center_axis',(1.,7.52299962434832E-17,9.58914399127423E-17));
#8876=DIRECTION('ref_axis',(-9.54785073178929E-17,-0.00546986701222291,
0.999985040165536));
#8877=DIRECTION('',(-9.54785073178929E-17,-0.00546986701222291,0.999985040165536));
#8878=DIRECTION('',(-6.2999326538513E-17,0.992565189748248,-0.121714190216357));
#8879=DIRECTION('center_axis',(1.,7.52299962434832E-17,9.58914399127423E-17));
#8880=DIRECTION('ref_axis',(-8.50722550693972E-17,-0.1325651437122,0.991174294800144));
#8881=DIRECTION('',(8.72779009872544E-17,-0.991174294800145,-0.1325651437122));
#8882=DIRECTION('',(-9.54785073178929E-17,-0.00546986701222291,0.999985040165536));
#8883=DIRECTION('',(7.57533842391259E-17,-0.999985040165536,-0.00546986701222291));
#8884=DIRECTION('',(-9.54785073178929E-17,-0.00546986701222291,0.999985040165536));
#8885=DIRECTION('',(7.57533842391259E-17,-0.999985040165536,-0.00546986701222291));
#8886=DIRECTION('center_axis',(1.,7.52299962434832E-17,9.58914399127423E-17));
#8887=DIRECTION('ref_axis',(7.57533842391259E-17,-0.999985040165536,-0.00546986701222291));
#8888=DIRECTION('center_axis',(-1.,-7.52299962434832E-17,-9.58914399127423E-17));
#8889=DIRECTION('ref_axis',(7.57533842391259E-17,-0.999985040165536,-0.00546986701222291));
#8890=DIRECTION('center_axis',(-1.,-7.52299962434832E-17,-9.58914399127423E-17));
#8891=DIRECTION('ref_axis',(7.57533842391259E-17,-0.999985040165536,-0.00546986701222291));
#8892=DIRECTION('center_axis',(-1.,-7.52299962434832E-17,-9.58914399127423E-17));
#8893=DIRECTION('ref_axis',(7.57533842391259E-17,-0.999985040165536,-0.00546986701222291));
#8894=DIRECTION('center_axis',(-1.,-7.52299962434832E-17,-9.58914399127423E-17));
#8895=DIRECTION('ref_axis',(7.57533842391259E-17,-0.999985040165536,-0.00546986701222291));
#8896=DIRECTION('center_axis',(1.,7.52299962434832E-17,9.58914399127423E-17));
#8897=DIRECTION('ref_axis',(-9.54785073178929E-17,-0.00546986701222291,
0.999985040165536));
#8898=DIRECTION('center_axis',(1.,7.52299962434832E-17,9.58914399127423E-17));
#8899=DIRECTION('ref_axis',(-9.54785073178929E-17,-0.00546986701222291,
0.999985040165536));
#8900=DIRECTION('center_axis',(1.,7.52299962434832E-17,9.58914399127423E-17));
#8901=DIRECTION('ref_axis',(7.57533842391259E-17,-0.999985040165536,-0.00546986701222291));
#8902=DIRECTION('',(1.,7.52299962434832E-17,9.58914399127423E-17));
#8903=DIRECTION('center_axis',(1.,7.52299962434832E-17,9.58914399127423E-17));
#8904=DIRECTION('ref_axis',(7.57533842391259E-17,-0.999985040165536,-0.00546986701222291));
#8905=DIRECTION('center_axis',(1.,7.52299962434832E-17,9.58914399127423E-17));
#8906=DIRECTION('ref_axis',(7.57533842391259E-17,-0.999985040165536,-0.00546986701222291));
#8907=DIRECTION('center_axis',(1.,7.52299962434832E-17,9.58914399127423E-17));
#8908=DIRECTION('ref_axis',(7.57533842391259E-17,-0.999985040165536,-0.00546986701222291));
#8909=DIRECTION('',(1.,7.52299962434832E-17,9.58914399127423E-17));
#8910=DIRECTION('center_axis',(1.,7.52299962434832E-17,9.58914399127423E-17));
#8911=DIRECTION('ref_axis',(7.57533842391259E-17,-0.999985040165536,-0.00546986701222291));
#8912=DIRECTION('center_axis',(1.,7.52299962434832E-17,9.58914399127423E-17));
#8913=DIRECTION('ref_axis',(-9.54785073178929E-17,-0.00546986701222291,
0.999985040165536));
#8914=DIRECTION('',(9.54785073178929E-17,0.00546986701222291,-0.999985040165536));
#8915=DIRECTION('',(-7.57533842391259E-17,0.999985040165536,0.00546986701222291));
#8916=DIRECTION('',(-9.54785073178929E-17,-0.00546986701222291,0.999985040165536));
#8917=DIRECTION('',(7.57533842391259E-17,-0.999985040165536,-0.00546986701222291));
#8918=DIRECTION('',(-9.54785073178929E-17,-0.00546986701222291,0.999985040165536));
#8919=DIRECTION('',(-7.57533842391259E-17,0.999985040165536,0.00546986701222291));
#8920=DIRECTION('',(-9.54785073178929E-17,-0.00546986701222291,0.999985040165536));
#8921=DIRECTION('',(7.57533842391259E-17,-0.999985040165536,-0.00546986701222291));
#8922=DIRECTION('',(9.54785073178929E-17,0.00546986701222291,-0.999985040165536));
#8923=DIRECTION('',(-7.57533842391259E-17,0.999985040165536,0.00546986701222291));
#8924=DIRECTION('',(-9.54785073178929E-17,-0.00546986701222291,0.999985040165536));
#8925=DIRECTION('',(7.57533842391259E-17,-0.999985040165536,-0.00546986701222291));
#8926=DIRECTION('',(9.54785073178929E-17,0.00546986701222291,-0.999985040165536));
#8927=DIRECTION('',(8.72779009872544E-17,-0.991174294800145,-0.1325651437122));
#8928=DIRECTION('center_axis',(1.,7.52299962434832E-17,9.58914399127423E-17));
#8929=DIRECTION('ref_axis',(-8.50722550693972E-17,-0.1325651437122,0.991174294800144));
#8930=DIRECTION('',(-6.2999326538513E-17,0.992565189748248,-0.121714190216357));
#8931=DIRECTION('center_axis',(-1.,-7.52299962434832E-17,-9.58914399127423E-17));
#8932=DIRECTION('ref_axis',(-9.54785073178929E-17,-0.00546986701222291,
0.999985040165536));
#8933=DIRECTION('center_axis',(-1.,-7.52299962434832E-17,-9.58914399127423E-17));
#8934=DIRECTION('ref_axis',(-9.54785073178929E-17,-0.00546986701222291,
0.999985040165536));
#8935=DIRECTION('center_axis',(-1.,-7.52299962434832E-17,-9.58914399127423E-17));
#8936=DIRECTION('ref_axis',(-9.54785073178929E-17,-0.00546986701222291,
0.999985040165536));
#8937=DIRECTION('center_axis',(-1.,-7.52299962434832E-17,-9.58914399127423E-17));
#8938=DIRECTION('ref_axis',(-9.54785073178929E-17,-0.00546986701222291,
0.999985040165536));
#8939=DIRECTION('center_axis',(1.,7.52299962434832E-17,9.58914399127423E-17));
#8940=DIRECTION('ref_axis',(-9.54785073178929E-17,-0.00546986701222291,
0.999985040165536));
#8941=DIRECTION('center_axis',(1.,7.52299962434832E-17,9.58914399127423E-17));
#8942=DIRECTION('ref_axis',(-9.54785073178929E-17,-0.00546986701222291,
0.999985040165536));
#8943=DIRECTION('center_axis',(-1.,-7.52299962434832E-17,-9.58914399127423E-17));
#8944=DIRECTION('ref_axis',(-9.54785073178929E-17,-0.00546986701222291,
0.999985040165536));
#8945=DIRECTION('',(-1.,-7.52299962434832E-17,-9.58914399127423E-17));
#8946=DIRECTION('center_axis',(-1.,-7.52299962434832E-17,-9.58914399127423E-17));
#8947=DIRECTION('ref_axis',(-9.54785073178929E-17,-0.00546986701222291,
0.999985040165536));
#8948=DIRECTION('center_axis',(-1.,-7.52299962434832E-17,-9.58914399127423E-17));
#8949=DIRECTION('ref_axis',(-9.54785073178929E-17,-0.00546986701222291,
0.999985040165536));
#8950=DIRECTION('center_axis',(-1.,-7.52299962434832E-17,-9.58914399127423E-17));
#8951=DIRECTION('ref_axis',(-9.54785073178929E-17,-0.00546986701222291,
0.999985040165536));
#8952=DIRECTION('',(-1.,-7.52299962434832E-17,-9.58914399127423E-17));
#8953=DIRECTION('center_axis',(-1.,-7.52299962434832E-17,-9.58914399127423E-17));
#8954=DIRECTION('ref_axis',(-9.54785073178929E-17,-0.00546986701222291,
0.999985040165536));
#8955=DIRECTION('center_axis',(-1.,-7.52299962434832E-17,-9.58914399127423E-17));
#8956=DIRECTION('ref_axis',(7.57533842391259E-17,-0.999985040165536,-0.00546986701222291));
#8957=DIRECTION('center_axis',(-1.,-7.52299962434832E-17,-9.58914399127423E-17));
#8958=DIRECTION('ref_axis',(7.57533842391259E-17,-0.999985040165536,-0.00546986701222291));
#8959=DIRECTION('center_axis',(-1.,-7.52299962434832E-17,-9.58914399127423E-17));
#8960=DIRECTION('ref_axis',(-9.54785073178929E-17,-0.00546986701222291,
0.999985040165536));
#8961=DIRECTION('center_axis',(-1.,-7.52299962434832E-17,-9.58914399127423E-17));
#8962=DIRECTION('ref_axis',(7.57533842391259E-17,-0.999985040165536,-0.00546986701222291));
#8963=DIRECTION('center_axis',(-1.,-7.52299962434832E-17,-9.58914399127423E-17));
#8964=DIRECTION('ref_axis',(7.57533842391259E-17,-0.999985040165536,-0.00546986701222291));
#8965=DIRECTION('center_axis',(-1.,-7.52299962434832E-17,-9.58914399127423E-17));
#8966=DIRECTION('ref_axis',(7.57533842391259E-17,-0.999985040165536,-0.00546986701222291));
#8967=DIRECTION('center_axis',(-1.,-7.52299962434832E-17,-9.58914399127423E-17));
#8968=DIRECTION('ref_axis',(7.57533842391259E-17,-0.999985040165536,-0.00546986701222291));
#8969=DIRECTION('center_axis',(-1.,-7.52299962434832E-17,-9.58914399127423E-17));
#8970=DIRECTION('ref_axis',(-9.54785073178929E-17,-0.00546986701222291,
0.999985040165536));
#8971=DIRECTION('center_axis',(-1.,-7.52299962434832E-17,-9.58914399127423E-17));
#8972=DIRECTION('ref_axis',(7.57533842391259E-17,-0.999985040165536,-0.00546986701222291));
#8973=DIRECTION('center_axis',(-1.,-7.52299962434832E-17,-9.58914399127423E-17));
#8974=DIRECTION('ref_axis',(7.57533842391259E-17,-0.999985040165536,-0.00546986701222291));
#8975=DIRECTION('center_axis',(-1.,-7.52299962434832E-17,-9.58914399127423E-17));
#8976=DIRECTION('ref_axis',(-9.54785073178929E-17,-0.00546986701222291,
0.999985040165536));
#8977=DIRECTION('center_axis',(-1.,-7.52299962434832E-17,-9.58914399127423E-17));
#8978=DIRECTION('ref_axis',(7.57533842391259E-17,-0.999985040165536,-0.00546986701222291));
#8979=DIRECTION('',(-1.,-7.52299962434832E-17,-9.58914399127423E-17));
#8980=DIRECTION('center_axis',(1.,7.52299962434832E-17,9.58914399127423E-17));
#8981=DIRECTION('ref_axis',(7.57533842391259E-17,-0.999985040165536,-0.00546986701222291));
#8982=DIRECTION('center_axis',(-1.,-7.52299962434832E-17,-9.58914399127423E-17));
#8983=DIRECTION('ref_axis',(7.57533842391259E-17,-0.999985040165536,-0.00546986701222291));
#8984=DIRECTION('center_axis',(-1.,-7.52299962434832E-17,-9.58914399127423E-17));
#8985=DIRECTION('ref_axis',(-7.57533842391259E-17,0.999985040165536,0.00546986701222291));
#8986=DIRECTION('center_axis',(-1.,-7.52299962434832E-17,-9.58914399127423E-17));
#8987=DIRECTION('ref_axis',(7.57533842391259E-17,-0.999985040165536,-0.00546986701222291));
#8988=DIRECTION('center_axis',(-1.,-7.52299962434832E-17,-9.58914399127423E-17));
#8989=DIRECTION('ref_axis',(-7.57533842391259E-17,0.999985040165536,0.00546986701222291));
#8990=DIRECTION('center_axis',(1.,7.52299962434832E-17,9.58914399127423E-17));
#8991=DIRECTION('ref_axis',(7.57533842391259E-17,-0.999985040165536,-0.00546986701222291));
#8992=DIRECTION('center_axis',(-1.,-7.52299962434832E-17,-9.58914399127423E-17));
#8993=DIRECTION('ref_axis',(7.57533842391259E-17,-0.999985040165536,-0.00546986701222291));
#8994=DIRECTION('center_axis',(-1.,-7.52299962434832E-17,-9.58914399127423E-17));
#8995=DIRECTION('ref_axis',(-7.57533842391259E-17,0.999985040165536,0.00546986701222291));
#8996=DIRECTION('center_axis',(1.,7.52299962434832E-17,9.58914399127423E-17));
#8997=DIRECTION('ref_axis',(7.57533842391259E-17,-0.999985040165536,-0.00546986701222291));
#8998=DIRECTION('center_axis',(-1.,-7.52299962434832E-17,-9.58914399127423E-17));
#8999=DIRECTION('ref_axis',(7.57533842391259E-17,-0.999985040165536,-0.00546986701222291));
#9000=DIRECTION('center_axis',(-1.,-7.52299962434832E-17,-9.58914399127423E-17));
#9001=DIRECTION('ref_axis',(-7.57533842391259E-17,0.999985040165536,0.00546986701222291));
#9002=DIRECTION('center_axis',(1.,7.52299962434832E-17,9.58914399127423E-17));
#9003=DIRECTION('ref_axis',(7.57533842391259E-17,-0.999985040165536,-0.00546986701222291));
#9004=DIRECTION('center_axis',(-1.,-7.52299962434832E-17,-9.58914399127423E-17));
#9005=DIRECTION('ref_axis',(7.57533842391259E-17,-0.999985040165536,-0.00546986701222291));
#9006=DIRECTION('',(-1.,-7.52299962434832E-17,-9.58914399127423E-17));
#9007=DIRECTION('center_axis',(-1.,-7.52299962434832E-17,-9.58914399127423E-17));
#9008=DIRECTION('ref_axis',(7.57533842391259E-17,-0.999985040165536,-0.00546986701222291));
#9009=DIRECTION('',(-1.,-7.52299962434832E-17,-9.58914399127423E-17));
#9010=DIRECTION('center_axis',(-1.,-7.52299962434832E-17,-9.58914399127423E-17));
#9011=DIRECTION('ref_axis',(7.57533842391259E-17,-0.999985040165536,-0.00546986701222291));
#9012=DIRECTION('',(-1.,-7.52299962434832E-17,-9.58914399127423E-17));
#9013=DIRECTION('center_axis',(-1.,-7.52299962434832E-17,-9.58914399127423E-17));
#9014=DIRECTION('ref_axis',(0.,0.99917828692029,0.0405308641288924));
#9015=DIRECTION('center_axis',(-9.27635079061721E-17,-0.0405308641288925,
0.99917828692029));
#9016=DIRECTION('ref_axis',(0.,-0.99917828692029,-0.0405308641288925));
#9017=DIRECTION('center_axis',(-1.,-7.52299962434832E-17,-9.58914399127423E-17));
#9018=DIRECTION('ref_axis',(-7.57533842391259E-17,0.999985040165536,0.00546986701222291));
#9019=DIRECTION('center_axis',(-1.,-7.52299962434832E-17,-9.58914399127423E-17));
#9020=DIRECTION('ref_axis',(-7.57533842391259E-17,0.999985040165536,0.00546986701222291));
#9021=DIRECTION('center_axis',(-1.,-7.52299962434832E-17,-9.58914399127423E-17));
#9022=DIRECTION('ref_axis',(7.57533842391259E-17,-0.999985040165536,-0.00546986701222291));
#9023=DIRECTION('',(1.,7.52299962434832E-17,9.58914399127423E-17));
#9024=DIRECTION('center_axis',(-1.,-7.52299962434832E-17,-9.58914399127423E-17));
#9025=DIRECTION('ref_axis',(0.,0.99917828692029,0.0405308641288925));
#9026=DIRECTION('center_axis',(-9.27635079061721E-17,-0.0405308641288924,
0.99917828692029));
#9027=DIRECTION('ref_axis',(0.,-0.99917828692029,-0.0405308641288924));
#9028=DIRECTION('center_axis',(-1.,-7.52299962434832E-17,-9.58914399127423E-17));
#9029=DIRECTION('ref_axis',(-7.57533842391259E-17,0.999985040165536,0.00546986701222291));
#9030=DIRECTION('center_axis',(-1.,-7.52299962434832E-17,-9.58914399127423E-17));
#9031=DIRECTION('ref_axis',(-7.57533842391259E-17,0.999985040165536,0.00546986701222291));
#9032=DIRECTION('center_axis',(-1.,-7.52299962434832E-17,-9.58914399127423E-17));
#9033=DIRECTION('ref_axis',(7.57533842391259E-17,-0.999985040165536,-0.00546986701222291));
#9034=DIRECTION('',(1.,7.52299962434832E-17,9.58914399127423E-17));
#9035=DIRECTION('center_axis',(-1.,-7.52299962434832E-17,-9.58914399127423E-17));
#9036=DIRECTION('ref_axis',(0.,0.99917828692029,0.0405308641288924));
#9037=DIRECTION('center_axis',(-9.27635079061721E-17,-0.0405308641288925,
0.99917828692029));
#9038=DIRECTION('ref_axis',(0.,-0.99917828692029,-0.0405308641288925));
#9039=DIRECTION('center_axis',(-1.,-7.52299962434832E-17,-9.58914399127423E-17));
#9040=DIRECTION('ref_axis',(-7.57533842391259E-17,0.999985040165536,0.00546986701222291));
#9041=DIRECTION('center_axis',(-1.,-7.52299962434832E-17,-9.58914399127423E-17));
#9042=DIRECTION('ref_axis',(-7.57533842391259E-17,0.999985040165536,0.00546986701222291));
#9043=DIRECTION('center_axis',(-1.,-7.52299962434832E-17,-9.58914399127423E-17));
#9044=DIRECTION('ref_axis',(7.57533842391259E-17,-0.999985040165536,-0.00546986701222291));
#9045=DIRECTION('',(1.,7.52299962434832E-17,9.58914399127423E-17));
#9046=DIRECTION('center_axis',(-1.,-7.52299962434832E-17,-9.58914399127423E-17));
#9047=DIRECTION('ref_axis',(0.,0.99917828692029,0.0405308641288925));
#9048=DIRECTION('center_axis',(-9.27635079061721E-17,-0.0405308641288924,
0.99917828692029));
#9049=DIRECTION('ref_axis',(0.,-0.99917828692029,-0.0405308641288924));
#9050=DIRECTION('center_axis',(-1.,-7.52299962434832E-17,-9.58914399127423E-17));
#9051=DIRECTION('ref_axis',(-7.57533842391259E-17,0.999985040165536,0.00546986701222291));
#9052=DIRECTION('center_axis',(-1.,-7.52299962434832E-17,-9.58914399127423E-17));
#9053=DIRECTION('ref_axis',(-7.57533842391259E-17,0.999985040165536,0.00546986701222291));
#9054=DIRECTION('center_axis',(-1.,-7.52299962434832E-17,-9.58914399127423E-17));
#9055=DIRECTION('ref_axis',(7.57533842391259E-17,-0.999985040165536,-0.00546986701222291));
#9056=DIRECTION('',(1.,7.52299962434832E-17,9.58914399127423E-17));
#9057=DIRECTION('center_axis',(1.,7.52299962434832E-17,9.58914399127423E-17));
#9058=DIRECTION('ref_axis',(9.54785073178929E-17,0.00546986701222291,-0.999985040165536));
#9059=DIRECTION('center_axis',(1.,7.52299962434832E-17,9.58914399127423E-17));
#9060=DIRECTION('ref_axis',(9.54785073178929E-17,0.00546986701222291,-0.999985040165536));
#9061=DIRECTION('center_axis',(1.,7.52299962434832E-17,9.58914399127423E-17));
#9062=DIRECTION('ref_axis',(9.54785073178929E-17,0.00546986701222291,-0.999985040165536));
#9063=DIRECTION('center_axis',(1.,7.52299962434832E-17,9.58914399127423E-17));
#9064=DIRECTION('ref_axis',(9.54785073178929E-17,0.00546986701222291,-0.999985040165536));
#9065=DIRECTION('center_axis',(-1.,-7.52299962434832E-17,-9.58914399127423E-17));
#9066=DIRECTION('ref_axis',(-9.54785073178929E-17,-0.00546986701222291,
0.999985040165536));
#9067=DIRECTION('center_axis',(1.,7.52299962434832E-17,9.58914399127423E-17));
#9068=DIRECTION('ref_axis',(9.54785073178929E-17,0.00546986701222291,-0.999985040165536));
#9069=DIRECTION('center_axis',(1.,7.52299962434832E-17,9.58914399127423E-17));
#9070=DIRECTION('ref_axis',(9.54785073178929E-17,0.00546986701222291,-0.999985040165536));
#9071=DIRECTION('center_axis',(-1.,-7.52299962434832E-17,-9.58914399127423E-17));
#9072=DIRECTION('ref_axis',(-9.54785073178929E-17,-0.00546986701222291,
0.999985040165536));
#9073=DIRECTION('center_axis',(1.,7.52299962434832E-17,9.58914399127423E-17));
#9074=DIRECTION('ref_axis',(9.54785073178929E-17,0.00546986701222291,-0.999985040165536));
#9075=DIRECTION('center_axis',(1.,7.52299962434832E-17,9.58914399127423E-17));
#9076=DIRECTION('ref_axis',(9.54785073178929E-17,0.00546986701222291,-0.999985040165536));
#9077=DIRECTION('center_axis',(-1.,-7.52299962434832E-17,-9.58914399127423E-17));
#9078=DIRECTION('ref_axis',(-9.54785073178929E-17,-0.00546986701222291,
0.999985040165536));
#9079=DIRECTION('center_axis',(1.,7.52299962434832E-17,9.58914399127423E-17));
#9080=DIRECTION('ref_axis',(9.54785073178929E-17,0.00546986701222291,-0.999985040165536));
#9081=DIRECTION('',(1.,7.52299962434832E-17,9.58914399127423E-17));
#9082=DIRECTION('center_axis',(-1.,-7.52299962434832E-17,-9.58914399127423E-17));
#9083=DIRECTION('ref_axis',(9.54785073178929E-17,0.00546986701222291,-0.999985040165536));
#9084=DIRECTION('center_axis',(1.,7.52299962434832E-17,9.58914399127423E-17));
#9085=DIRECTION('ref_axis',(9.54785073178929E-17,0.00546986701222291,-0.999985040165536));
#9086=DIRECTION('center_axis',(1.,7.52299962434832E-17,9.58914399127423E-17));
#9087=DIRECTION('ref_axis',(-9.54785073178929E-17,-0.00546986701222291,
0.999985040165536));
#9088=DIRECTION('center_axis',(1.,7.52299962434832E-17,9.58914399127423E-17));
#9089=DIRECTION('ref_axis',(9.54785073178929E-17,0.00546986701222291,-0.999985040165536));
#9090=DIRECTION('center_axis',(1.,7.52299962434832E-17,9.58914399127423E-17));
#9091=DIRECTION('ref_axis',(-9.54785073178929E-17,-0.00546986701222291,
0.999985040165536));
#9092=DIRECTION('center_axis',(-1.,-7.52299962434832E-17,-9.58914399127423E-17));
#9093=DIRECTION('ref_axis',(9.54785073178929E-17,0.00546986701222291,-0.999985040165536));
#9094=DIRECTION('center_axis',(1.,7.52299962434832E-17,9.58914399127423E-17));
#9095=DIRECTION('ref_axis',(9.54785073178929E-17,0.00546986701222291,-0.999985040165536));
#9096=DIRECTION('center_axis',(1.,7.52299962434832E-17,9.58914399127423E-17));
#9097=DIRECTION('ref_axis',(-9.54785073178929E-17,-0.00546986701222291,
0.999985040165536));
#9098=DIRECTION('center_axis',(-1.,-7.52299962434832E-17,-9.58914399127423E-17));
#9099=DIRECTION('ref_axis',(9.54785073178929E-17,0.00546986701222291,-0.999985040165536));
#9100=DIRECTION('center_axis',(1.,7.52299962434832E-17,9.58914399127423E-17));
#9101=DIRECTION('ref_axis',(9.54785073178929E-17,0.00546986701222291,-0.999985040165536));
#9102=DIRECTION('center_axis',(1.,7.52299962434832E-17,9.58914399127423E-17));
#9103=DIRECTION('ref_axis',(-9.54785073178929E-17,-0.00546986701222291,
0.999985040165536));
#9104=DIRECTION('center_axis',(-1.,-7.52299962434832E-17,-9.58914399127423E-17));
#9105=DIRECTION('ref_axis',(9.54785073178929E-17,0.00546986701222291,-0.999985040165536));
#9106=DIRECTION('center_axis',(1.,7.52299962434832E-17,9.58914399127423E-17));
#9107=DIRECTION('ref_axis',(9.54785073178929E-17,0.00546986701222291,-0.999985040165536));
#9108=DIRECTION('',(1.,7.52299962434832E-17,9.58914399127423E-17));
#9109=DIRECTION('center_axis',(1.,7.52299962434832E-17,9.58914399127423E-17));
#9110=DIRECTION('ref_axis',(9.54785073178929E-17,0.00546986701222291,-0.999985040165536));
#9111=DIRECTION('',(1.,7.52299962434832E-17,9.58914399127423E-17));
#9112=DIRECTION('center_axis',(1.,7.52299962434832E-17,9.58914399127423E-17));
#9113=DIRECTION('ref_axis',(9.54785073178929E-17,0.00546986701222291,-0.999985040165536));
#9114=DIRECTION('',(1.,7.52299962434832E-17,9.58914399127423E-17));
#9115=DIRECTION('center_axis',(1.,7.52299962434832E-17,9.58914399127423E-17));
#9116=DIRECTION('ref_axis',(0.,0.0295978576271836,0.999561887440633));
#9117=DIRECTION('center_axis',(-7.23588558510848E-17,0.999561887440633,
-0.0295978576271834));
#9118=DIRECTION('ref_axis',(0.,-0.0295978576271834,-0.999561887440633));
#9119=DIRECTION('center_axis',(1.,7.52299962434832E-17,9.58914399127423E-17));
#9120=DIRECTION('ref_axis',(-9.54785073178929E-17,-0.00546986701222291,
0.999985040165536));
#9121=DIRECTION('center_axis',(1.,7.52299962434832E-17,9.58914399127423E-17));
#9122=DIRECTION('ref_axis',(-9.54785073178929E-17,-0.00546986701222291,
0.999985040165536));
#9123=DIRECTION('center_axis',(1.,7.52299962434832E-17,9.58914399127423E-17));
#9124=DIRECTION('ref_axis',(9.54785073178929E-17,0.00546986701222291,-0.999985040165536));
#9125=DIRECTION('',(-1.,-7.52299962434832E-17,-9.58914399127423E-17));
#9126=DIRECTION('center_axis',(1.,7.52299962434832E-17,9.58914399127423E-17));
#9127=DIRECTION('ref_axis',(9.54785073178929E-17,0.00546986701222291,-0.999985040165536));
#9128=DIRECTION('center_axis',(1.,7.52299962434832E-17,9.58914399127423E-17));
#9129=DIRECTION('ref_axis',(-9.54785073178929E-17,-0.00546986701222291,
0.999985040165536));
#9130=DIRECTION('',(-9.54785073178929E-17,-0.00546986701222291,0.999985040165536));
#9131=DIRECTION('',(7.57533842391259E-17,-0.999985040165536,-0.00546986701222291));
#9132=DIRECTION('',(-9.54785073178929E-17,-0.00546986701222291,0.999985040165536));
#9133=DIRECTION('',(8.72779009872544E-17,-0.991174294800145,-0.1325651437122));
#9134=DIRECTION('center_axis',(1.,7.52299962434832E-17,9.58914399127423E-17));
#9135=DIRECTION('ref_axis',(-8.50722550693972E-17,-0.1325651437122,0.991174294800144));
#9136=DIRECTION('',(-6.2999326538513E-17,0.992565189748248,-0.121714190216357));
#9137=DIRECTION('',(-9.54785073178929E-17,-0.00546986701222291,0.999985040165536));
#9138=DIRECTION('',(7.57533842391259E-17,-0.999985040165536,-0.00546986701222291));
#9139=DIRECTION('center_axis',(1.,7.52299962434832E-17,9.58914399127423E-17));
#9140=DIRECTION('ref_axis',(9.54785073178929E-17,0.00546986701222291,-0.999985040165536));
#9141=DIRECTION('center_axis',(1.,7.52299962434832E-17,9.58914399127423E-17));
#9142=DIRECTION('ref_axis',(9.54785073178929E-17,0.00546986701222291,-0.999985040165536));
#9143=DIRECTION('center_axis',(1.,7.52299962434832E-17,9.58914399127423E-17));
#9144=DIRECTION('ref_axis',(9.54785073178929E-17,0.00546986701222291,-0.999985040165536));
#9145=DIRECTION('center_axis',(1.,7.52299962434832E-17,9.58914399127423E-17));
#9146=DIRECTION('ref_axis',(-9.54785073178929E-17,-0.00546986701222291,
0.999985040165536));
#9147=DIRECTION('center_axis',(1.,7.52299962434832E-17,9.58914399127423E-17));
#9148=DIRECTION('ref_axis',(-9.54785073178929E-17,-0.00546986701222291,
0.999985040165536));
#9149=DIRECTION('center_axis',(1.,7.52299962434832E-17,9.58914399127423E-17));
#9150=DIRECTION('ref_axis',(9.54785073178929E-17,0.00546986701222291,-0.999985040165536));
#9151=DIRECTION('center_axis',(1.,7.52299962434832E-17,9.58914399127423E-17));
#9152=DIRECTION('ref_axis',(9.54785073178929E-17,0.00546986701222291,-0.999985040165536));
#9153=DIRECTION('',(-1.,-7.52299962434832E-17,-9.58914399127423E-17));
#9154=DIRECTION('center_axis',(1.,7.52299962434832E-17,9.58914399127423E-17));
#9155=DIRECTION('ref_axis',(9.54785073178929E-17,0.00546986701222291,-0.999985040165536));
#9156=DIRECTION('center_axis',(1.,7.52299962434832E-17,9.58914399127423E-17));
#9157=DIRECTION('ref_axis',(0.,-0.0295978576271835,-0.999561887440633));
#9158=DIRECTION('center_axis',(7.23588558510848E-17,-0.999561887440633,
0.0295978576271834));
#9159=DIRECTION('ref_axis',(0.,0.0295978576271834,0.999561887440633));
#9160=DIRECTION('center_axis',(1.,7.52299962434832E-17,9.58914399127423E-17));
#9161=DIRECTION('ref_axis',(9.54785073178929E-17,0.00546986701222291,-0.999985040165536));
#9162=DIRECTION('center_axis',(1.,7.52299962434832E-17,9.58914399127423E-17));
#9163=DIRECTION('ref_axis',(9.54785073178929E-17,0.00546986701222291,-0.999985040165536));
#9164=DIRECTION('',(-1.,-7.52299962434832E-17,-9.58914399127423E-17));
#9165=DIRECTION('center_axis',(1.,7.52299962434832E-17,9.58914399127423E-17));
#9166=DIRECTION('ref_axis',(9.54785073178929E-17,0.00546986701222291,-0.999985040165536));
#9167=DIRECTION('center_axis',(1.,7.52299962434832E-17,9.58914399127423E-17));
#9168=DIRECTION('ref_axis',(0.,-0.0295978576271833,-0.999561887440633));
#9169=DIRECTION('center_axis',(7.23588558510848E-17,-0.999561887440633,
0.0295978576271834));
#9170=DIRECTION('ref_axis',(0.,0.0295978576271834,0.999561887440633));
#9171=DIRECTION('center_axis',(1.,7.52299962434832E-17,9.58914399127423E-17));
#9172=DIRECTION('ref_axis',(9.54785073178929E-17,0.00546986701222291,-0.999985040165536));
#9173=DIRECTION('center_axis',(1.,7.52299962434832E-17,9.58914399127423E-17));
#9174=DIRECTION('ref_axis',(9.54785073178929E-17,0.00546986701222291,-0.999985040165536));
#9175=DIRECTION('',(-1.,-7.52299962434832E-17,-9.58914399127423E-17));
#9176=DIRECTION('center_axis',(1.,7.52299962434832E-17,9.58914399127423E-17));
#9177=DIRECTION('ref_axis',(9.54785073178929E-17,0.00546986701222291,-0.999985040165536));
#9178=DIRECTION('center_axis',(1.,7.52299962434832E-17,9.58914399127423E-17));
#9179=DIRECTION('ref_axis',(0.,-0.0295978576271836,-0.999561887440633));
#9180=DIRECTION('center_axis',(7.23588558510848E-17,-0.999561887440633,
0.0295978576271834));
#9181=DIRECTION('ref_axis',(0.,0.0295978576271834,0.999561887440633));
#9182=DIRECTION('center_axis',(-7.57533842391259E-17,0.999985040165536,
0.00546986701222291));
#9183=DIRECTION('ref_axis',(-1.,-7.52299962434832E-17,-9.58914399127423E-17));
#9184=DIRECTION('',(1.,7.52299962434832E-17,9.58914399127424E-17));
#9185=DIRECTION('',(-1.,-7.52299962434832E-17,-9.58914399127424E-17));
#9186=DIRECTION('',(-9.54785073178929E-17,-0.00546986701222291,0.999985040165536));
#9187=DIRECTION('center_axis',(-7.57533842391259E-17,0.999985040165536,
0.00546986701222291));
#9188=DIRECTION('ref_axis',(-1.,-7.52299962434832E-17,-9.58914399127423E-17));
#9189=DIRECTION('',(1.,7.52299962434832E-17,9.58914399127424E-17));
#9190=DIRECTION('',(-1.,-7.52299962434832E-17,-9.58914399127424E-17));
#9191=DIRECTION('center_axis',(-9.54785073178929E-17,-0.00546986701222291,
0.999985040165536));
#9192=DIRECTION('ref_axis',(1.,7.52299962434832E-17,9.58914399127423E-17));
#9193=DIRECTION('',(0.707106781186547,0.707096202986153,0.00386778005653149));
#9194=DIRECTION('center_axis',(-9.54785073178929E-17,-0.00546986701222291,
0.999985040165536));
#9195=DIRECTION('ref_axis',(-0.707106781186548,0.707096202986153,0.00386778005653135));
#9196=DIRECTION('',(-0.241976907558599,-0.970267493339463,-0.00530731355138194));
#9197=DIRECTION('',(-0.707106781186547,-0.707096202986153,-0.00386778005653149));
#9198=DIRECTION('',(7.57533842391259E-17,-0.999985040165536,-0.00546986701222291));
#9199=DIRECTION('',(-1.,-7.52299962434832E-17,-9.58914399127423E-17));
#9200=DIRECTION('',(7.57533842391259E-17,-0.999985040165536,-0.00546986701222291));
#9201=DIRECTION('center_axis',(-9.54785073178929E-17,-0.00546986701222291,
0.999985040165536));
#9202=DIRECTION('ref_axis',(-0.330391126091901,0.943829990151959,0.00516270176144259));
#9203=DIRECTION('center_axis',(-9.54785073178929E-17,-0.00546986701222291,
0.999985040165536));
#9204=DIRECTION('ref_axis',(1.,7.52299962434832E-17,9.58914399127423E-17));
#9205=DIRECTION('',(-0.707106781186548,0.707096202986153,0.00386778005653135));
#9206=DIRECTION('center_axis',(-9.54785073178929E-17,-0.00546986701222291,
0.999985040165536));
#9207=DIRECTION('ref_axis',(0.707106781186548,0.707096202986153,0.00386778005653149));
#9208=DIRECTION('',(-7.57533842391259E-17,0.999985040165536,0.00546986701222291));
#9209=DIRECTION('',(-1.,-7.52299962434832E-17,-9.58914399127423E-17));
#9210=DIRECTION('',(7.57533842391259E-17,-0.999985040165536,-0.00546986701222291));
#9211=DIRECTION('',(-0.707106781186548,0.707096202986153,0.00386778005653135));
#9212=DIRECTION('',(-7.57533842391259E-17,0.999985040165536,0.00546986701222291));
#9213=DIRECTION('',(-0.241976907558599,0.970267493339463,0.00530731355138189));
#9214=DIRECTION('center_axis',(-9.54785073178929E-17,-0.00546986701222291,
0.999985040165536));
#9215=DIRECTION('ref_axis',(0.970282008597695,0.241973287624118,0.00132358150437459));
#9216=DIRECTION('center_axis',(0.707106781186548,-0.707096202986153,-0.00386778005653135));
#9217=DIRECTION('ref_axis',(0.707106781186548,0.707096202986153,0.00386778005653149));
#9218=DIRECTION('',(-9.54785073178929E-17,-0.00546986701222291,0.999985040165536));
#9219=DIRECTION('',(9.54785073178929E-17,0.00546986701222291,-0.999985040165536));
#9220=DIRECTION('',(0.707106781186547,0.707096202986153,0.00386778005653149));
#9221=DIRECTION('center_axis',(-9.54785073178929E-17,-0.00546986701222291,
0.999985040165536));
#9222=DIRECTION('ref_axis',(-0.707106781186548,0.707096202986153,0.00386778005653135));
#9223=DIRECTION('center_axis',(9.54785073178929E-17,0.00546986701222291,
-0.999985040165536));
#9224=DIRECTION('ref_axis',(-0.970282008597695,0.241973287624117,0.0013235815043744));
#9225=DIRECTION('',(-9.54785073178929E-17,-0.00546986701222291,0.999985040165536));
#9226=DIRECTION('center_axis',(0.970282008597719,-0.241973287624023,-0.00132358150437388));
#9227=DIRECTION('ref_axis',(-0.241976907558505,-0.970267493339486,-0.00530731355138207));
#9228=DIRECTION('',(-0.241976907558599,-0.970267493339463,-0.00530731355138194));
#9229=DIRECTION('center_axis',(9.54785073178929E-17,0.00546986701222291,
-0.999985040165536));
#9230=DIRECTION('ref_axis',(-1.,-7.52299962434832E-17,-9.58914399127423E-17));
#9231=DIRECTION('',(-7.57533842391259E-17,0.999985040165536,0.00546986701222291));
#9232=DIRECTION('',(-1.,-7.52299962434832E-17,-9.58914399127424E-17));
#9233=DIRECTION('',(7.57533842391259E-17,-0.999985040165536,-0.00546986701222291));
#9234=DIRECTION('',(-1.,-7.52299962434832E-17,-9.58914399127423E-17));
#9235=DIRECTION('',(7.57533842391259E-17,-0.999985040165536,-0.00546986701222291));
#9236=DIRECTION('',(1.,7.52299962434832E-17,9.58914399127423E-17));
#9237=DIRECTION('',(7.57533842391259E-17,-0.999985040165536,-0.00546986701222291));
#9238=DIRECTION('',(-0.707106781186548,-0.707096202986153,-0.00386778005653149));
#9239=DIRECTION('center_axis',(9.54785073178929E-17,0.00546986701222291,
-0.999985040165536));
#9240=DIRECTION('ref_axis',(-0.707106781186548,0.707096202986153,0.00386778005653135));
#9241=DIRECTION('center_axis',(9.54785073178929E-17,0.00546986701222291,
-0.999985040165536));
#9242=DIRECTION('ref_axis',(-1.,-7.52299962434832E-17,-9.58914399127423E-17));
#9243=DIRECTION('',(-0.241976907558599,0.970267493339463,0.00530731355138189));
#9244=DIRECTION('',(7.57533842391259E-17,-0.999985040165536,-0.00546986701222291));
#9245=DIRECTION('',(-0.707106781186548,0.707096202986153,0.00386778005653135));
#9246=DIRECTION('',(7.57533842391259E-17,-0.999985040165536,-0.00546986701222291));
#9247=DIRECTION('',(-1.,-7.52299962434832E-17,-9.58914399127423E-17));
#9248=DIRECTION('',(-7.57533842391259E-17,0.999985040165536,0.00546986701222291));
#9249=DIRECTION('',(1.,7.52299962434832E-17,9.58914399127423E-17));
#9250=DIRECTION('',(-7.57533842391259E-17,0.999985040165536,0.00546986701222291));
#9251=DIRECTION('',(1.,7.52299962434832E-17,9.58914399127424E-17));
#9252=DIRECTION('',(-7.57533842391259E-17,0.999985040165536,0.00546986701222291));
#9253=DIRECTION('center_axis',(9.54785073178929E-17,0.00546986701222291,
-0.999985040165536));
#9254=DIRECTION('ref_axis',(0.298035998654217,0.954540350990687,0.00522128688730719));
#9255=DIRECTION('',(-0.707106781186548,0.707096202986153,0.00386778005653135));
#9256=DIRECTION('center_axis',(9.54785073178929E-17,0.00546986701222291,
-0.999985040165536));
#9257=DIRECTION('ref_axis',(0.707106781186548,0.707096202986153,0.00386778005653149));
#9258=DIRECTION('center_axis',(0.315299459721587,-0.005190861288254,0.948978032231707));
#9259=DIRECTION('ref_axis',(-0.94899222899836,-0.00172464611370289,0.315294742893863));
#9260=DIRECTION('',(-0.94899222899836,-0.00172464611370289,0.315294742893863));
#9261=DIRECTION('',(7.57533842391259E-17,-0.999985040165536,-0.00546986701222291));
#9262=DIRECTION('',(-0.94899222899836,-0.00172464611370289,0.315294742893863));
#9263=DIRECTION('',(7.57533842391259E-17,-0.999985040165536,-0.00546986701222291));
#9264=DIRECTION('',(-0.94899222899836,-0.00172464611370289,0.315294742893863));
#9265=DIRECTION('center_axis',(-0.315299459721587,0.005190861288254,-0.948978032231707));
#9266=DIRECTION('ref_axis',(-0.94899222899836,-0.00172464611370289,0.315294742893863));
#9267=DIRECTION('center_axis',(7.57533842391259E-17,-0.999985040165536,
-0.00546986701222291));
#9268=DIRECTION('ref_axis',(1.,7.52299962434832E-17,9.58914399127423E-17));
#9269=DIRECTION('',(9.54785073178929E-17,0.00546986701222291,-0.999985040165536));
#9270=DIRECTION('',(0.94899222899836,0.00172464611370289,-0.315294742893863));
#9271=DIRECTION('',(1.,7.52299962434832E-17,9.58914399127424E-17));
#9272=DIRECTION('',(9.54785073178929E-17,0.00546986701222291,-0.999985040165536));
#9273=DIRECTION('',(-1.,-7.52299962434832E-17,-9.58914399127424E-17));
#9274=DIRECTION('',(0.94899222899836,-0.00172464611370274,0.315294742893863));
#9275=DIRECTION('',(9.54785073178929E-17,0.00546986701222291,-0.999985040165536));
#9276=DIRECTION('',(-0.94899222899836,0.00172464611370274,-0.315294742893863));
#9277=DIRECTION('',(1.,7.52299962434832E-17,9.58914399127423E-17));
#9278=DIRECTION('',(0.94899222899836,0.00172464611370289,-0.315294742893863));
#9279=DIRECTION('',(-9.54785073178929E-17,-0.00546986701222291,0.999985040165536));
#9280=DIRECTION('',(-0.94899222899836,-0.00172464611370289,0.315294742893863));
#9281=DIRECTION('',(-1.,-7.52299962434832E-17,-9.58914399127424E-17));
#9282=DIRECTION('',(-9.54785073178929E-17,-0.00546986701222291,0.999985040165536));
#9283=DIRECTION('',(1.,7.52299962434832E-17,9.58914399127424E-17));
#9284=DIRECTION('',(-0.94899222899836,0.00172464611370274,-0.315294742893863));
#9285=DIRECTION('',(-9.54785073178929E-17,-0.00546986701222291,0.999985040165536));
#9286=DIRECTION('',(0.94899222899836,-0.00172464611370274,0.315294742893863));
#9287=DIRECTION('',(-1.,-7.52299962434832E-17,-9.58914399127423E-17));
#9288=DIRECTION('',(1.,7.52299962434832E-17,9.58914399127423E-17));
#9289=DIRECTION('center_axis',(-7.57533842391259E-17,0.999985040165536,
0.00546986701222291));
#9290=DIRECTION('ref_axis',(9.54785073178929E-17,0.00546986701222291,-0.999985040165536));
#9291=DIRECTION('',(9.54785073178929E-17,0.00546986701222291,-0.999985040165536));
#9292=DIRECTION('center_axis',(-7.57533842391259E-17,0.999985040165536,
0.00546986701222291));
#9293=DIRECTION('ref_axis',(-1.,-7.52299962434832E-17,-9.58914399127423E-17));
#9294=DIRECTION('',(-1.,-7.52299962434832E-17,-9.58914399127423E-17));
#9295=DIRECTION('center_axis',(-7.57533842391259E-17,0.999985040165536,
0.00546986701222291));
#9296=DIRECTION('ref_axis',(-9.54785073178929E-17,-0.00546986701222291,
0.999985040165536));
#9297=DIRECTION('',(-9.54785073178929E-17,-0.00546986701222291,0.999985040165536));
#9298=DIRECTION('center_axis',(-7.57533842391259E-17,0.999985040165536,
0.00546986701222291));
#9299=DIRECTION('ref_axis',(1.,7.52299962434832E-17,9.58914399127423E-17));
#9300=DIRECTION('center_axis',(9.54785073178929E-17,0.00546986701222291,
-0.999985040165536));
#9301=DIRECTION('ref_axis',(1.,7.52299962434832E-17,9.58914399127423E-17));
#9302=DIRECTION('',(-7.57533842391259E-17,0.999985040165536,0.00546986701222291));
#9303=DIRECTION('',(1.,7.52299962434832E-17,9.58914399127424E-17));
#9304=DIRECTION('',(-7.57533842391259E-17,0.999985040165536,0.00546986701222291));
#9305=DIRECTION('',(-1.,-7.52299962434832E-17,-9.58914399127423E-17));
#9306=DIRECTION('',(-7.57533842391259E-17,0.999985040165536,0.00546986701222291));
#9307=DIRECTION('',(1.,7.52299962434832E-17,9.58914399127424E-17));
#9308=DIRECTION('',(-7.57533842391259E-17,0.999985040165536,0.00546986701222291));
#9309=DIRECTION('center_axis',(-7.57533842391259E-17,0.999985040165536,
0.00546986701222291));
#9310=DIRECTION('ref_axis',(1.,7.52299962434832E-17,9.58914399127423E-17));
#9311=DIRECTION('',(-7.57533842391259E-17,0.999985040165536,0.00546986701222291));
#9312=DIRECTION('center_axis',(7.57533842391259E-17,-0.999985040165536,
-0.00546986701222291));
#9313=DIRECTION('ref_axis',(1.,7.52299962434832E-17,9.58914399127423E-17));
#9314=DIRECTION('center_axis',(1.,7.52299962434832E-17,9.58914399127423E-17));
#9315=DIRECTION('ref_axis',(-9.54785073178929E-17,-0.00546986701222291,
0.999985040165536));
#9316=DIRECTION('',(-7.57533842391259E-17,0.999985040165536,0.00546986701222291));
#9317=DIRECTION('',(-9.54785073178929E-17,-0.00546986701222291,0.999985040165536));
#9318=DIRECTION('center_axis',(-7.57533842391259E-17,0.999985040165536,
0.00546986701222291));
#9319=DIRECTION('ref_axis',(-9.54785073178929E-17,-0.00546986701222291,
0.999985040165536));
#9320=DIRECTION('',(-7.57533842391259E-17,0.999985040165536,0.00546986701222291));
#9321=DIRECTION('center_axis',(7.57533842391259E-17,-0.999985040165536,
-0.00546986701222291));
#9322=DIRECTION('ref_axis',(-9.54785073178929E-17,-0.00546986701222291,
0.999985040165536));
#9323=DIRECTION('center_axis',(-9.54785073178929E-17,-0.00546986701222291,
0.999985040165536));
#9324=DIRECTION('ref_axis',(-1.,-7.52299962434832E-17,-9.58914399127423E-17));
#9325=DIRECTION('',(-7.57533842391259E-17,0.999985040165536,0.00546986701222291));
#9326=DIRECTION('',(-1.,-7.52299962434832E-17,-9.58914399127424E-17));
#9327=DIRECTION('',(-7.57533842391259E-17,0.999985040165536,0.00546986701222291));
#9328=DIRECTION('',(-1.,-7.52299962434832E-17,-9.58914399127423E-17));
#9329=DIRECTION('',(-7.57533842391259E-17,0.999985040165536,0.00546986701222291));
#9330=DIRECTION('',(-1.,-7.52299962434832E-17,-9.58914399127424E-17));
#9331=DIRECTION('center_axis',(-7.57533842391259E-17,0.999985040165536,
0.00546986701222291));
#9332=DIRECTION('ref_axis',(-9.54785073178929E-17,-0.00546986701222291,
0.999985040165536));
#9333=DIRECTION('center_axis',(-7.57533842391259E-17,0.999985040165536,
0.00546986701222291));
#9334=DIRECTION('ref_axis',(-9.54785073178929E-17,-0.00546986701222291,
0.999985040165536));
#9335=DIRECTION('',(-7.57533842391259E-17,0.999985040165536,0.00546986701222291));
#9336=DIRECTION('center_axis',(7.57533842391259E-17,-0.999985040165536,
-0.00546986701222291));
#9337=DIRECTION('ref_axis',(-9.54785073178929E-17,-0.00546986701222291,
0.999985040165536));
#9338=DIRECTION('center_axis',(7.57533842391259E-17,-0.999985040165536,
-0.00546986701222291));
#9339=DIRECTION('ref_axis',(-9.54785073178929E-17,-0.00546986701222291,
0.999985040165536));
#9340=DIRECTION('',(0.866025403784429,0.00273493350611161,-0.499992520082785));
#9341=DIRECTION('',(0.866025403784429,-0.00273493350611148,0.499992520082785));
#9342=DIRECTION('',(-9.54785073178929E-17,-0.00546986701222291,0.999985040165536));
#9343=DIRECTION('',(-0.866025403784429,-0.00273493350611161,0.499992520082785));
#9344=DIRECTION('',(-0.866025403784429,0.00273493350611148,-0.499992520082785));
#9345=DIRECTION('',(9.54785073178929E-17,0.00546986701222291,-0.999985040165536));
#9346=DIRECTION('center_axis',(-0.500000000000017,0.00473704378790744,-0.866012448187747));
#9347=DIRECTION('ref_axis',(0.866025403784429,0.00273493350611161,-0.499992520082785));
#9348=DIRECTION('',(7.57533842391259E-17,-0.999985040165536,-0.00546986701222291));
#9349=DIRECTION('',(-7.57533842391259E-17,0.999985040165536,0.00546986701222291));
#9350=DIRECTION('',(-0.866025403784429,-0.00273493350611161,0.499992520082785));
#9351=DIRECTION('center_axis',(0.500000000000017,0.00473704378790751,-0.866012448187747));
#9352=DIRECTION('ref_axis',(0.866025403784429,-0.00273493350611148,0.499992520082785));
#9353=DIRECTION('',(7.57533842391259E-17,-0.999985040165536,-0.00546986701222291));
#9354=DIRECTION('',(-0.866025403784429,0.00273493350611148,-0.499992520082785));
#9355=DIRECTION('center_axis',(1.,7.52299962434832E-17,9.58914399127423E-17));
#9356=DIRECTION('ref_axis',(-9.54785073178929E-17,-0.00546986701222291,
0.999985040165536));
#9357=DIRECTION('',(7.57533842391259E-17,-0.999985040165536,-0.00546986701222291));
#9358=DIRECTION('',(9.54785073178929E-17,0.00546986701222291,-0.999985040165536));
#9359=DIRECTION('center_axis',(0.500000000000017,-0.00473704378790744,0.866012448187747));
#9360=DIRECTION('ref_axis',(-0.866025403784429,-0.00273493350611161,0.499992520082785));
#9361=DIRECTION('',(7.57533842391259E-17,-0.999985040165536,-0.00546986701222291));
#9362=DIRECTION('',(0.866025403784429,0.00273493350611161,-0.499992520082785));
#9363=DIRECTION('center_axis',(-0.500000000000017,-0.00473704378790751,
0.866012448187747));
#9364=DIRECTION('ref_axis',(-0.866025403784429,0.00273493350611148,-0.499992520082785));
#9365=DIRECTION('',(7.57533842391259E-17,-0.999985040165536,-0.00546986701222291));
#9366=DIRECTION('',(0.866025403784429,-0.00273493350611148,0.499992520082785));
#9367=DIRECTION('center_axis',(-1.,-7.52299962434832E-17,-9.58914399127423E-17));
#9368=DIRECTION('ref_axis',(9.54785073178929E-17,0.00546986701222291,-0.999985040165536));
#9369=DIRECTION('',(-9.54785073178929E-17,-0.00546986701222291,0.999985040165536));
#9370=DIRECTION('center_axis',(7.57533842391259E-17,-0.999985040165536,
-0.00546986701222291));
#9371=DIRECTION('ref_axis',(-9.54785073178929E-17,-0.00546986701222291,
0.999985040165536));
#9372=DIRECTION('',(1.,7.52299962434832E-17,9.58914399127423E-17));
#9373=DIRECTION('',(-0.866025403784429,0.00273493350611148,-0.499992520082785));
#9374=DIRECTION('',(9.54785073178929E-17,0.00546986701222291,-0.999985040165536));
#9375=DIRECTION('',(0.866025403784429,0.00273493350611161,-0.499992520082785));
#9376=DIRECTION('',(-1.,-7.52299962434832E-17,-9.58914399127424E-17));
#9377=DIRECTION('',(0.866025403784429,-0.00273493350611148,0.499992520082785));
#9378=DIRECTION('',(-9.54785073178929E-17,-0.00546986701222291,0.999985040165536));
#9379=DIRECTION('',(-0.866025403784429,-0.00273493350611161,0.499992520082785));
#9380=DIRECTION('',(-9.54785073178929E-17,-0.00546986701222291,0.999985040165536));
#9381=DIRECTION('',(0.866025403784429,-0.00273493350611148,0.499992520082785));
#9382=DIRECTION('',(0.866025403784429,0.00273493350611161,-0.499992520082785));
#9383=DIRECTION('',(9.54785073178929E-17,0.00546986701222291,-0.999985040165536));
#9384=DIRECTION('',(-0.866025403784429,0.00273493350611148,-0.499992520082785));
#9385=DIRECTION('',(-0.866025403784429,-0.00273493350611161,0.499992520082785));
#9386=DIRECTION('center_axis',(7.57533842391259E-17,-0.999985040165536,
-0.00546986701222291));
#9387=DIRECTION('ref_axis',(-9.54785073178929E-17,-0.00546986701222291,
0.999985040165536));
#9388=DIRECTION('',(1.,7.52299962434832E-17,9.58914399127423E-17));
#9389=DIRECTION('',(0.866025403784429,-0.00273493350611148,0.499992520082785));
#9390=DIRECTION('',(-9.54785073178929E-17,-0.00546986701222291,0.999985040165536));
#9391=DIRECTION('',(-0.866025403784429,-0.00273493350611161,0.499992520082785));
#9392=DIRECTION('',(-1.,-7.52299962434832E-17,-9.58914399127424E-17));
#9393=DIRECTION('',(-0.866025403784429,0.00273493350611148,-0.499992520082785));
#9394=DIRECTION('',(9.54785073178929E-17,0.00546986701222291,-0.999985040165536));
#9395=DIRECTION('',(0.866025403784429,0.00273493350611161,-0.499992520082785));
#9396=DIRECTION('',(-9.54785073178929E-17,-0.00546986701222291,0.999985040165536));
#9397=DIRECTION('',(0.866025403784429,-0.00273493350611148,0.499992520082785));
#9398=DIRECTION('',(0.866025403784429,0.00273493350611161,-0.499992520082785));
#9399=DIRECTION('',(9.54785073178929E-17,0.00546986701222291,-0.999985040165536));
#9400=DIRECTION('',(-0.866025403784429,0.00273493350611148,-0.499992520082785));
#9401=DIRECTION('',(-0.866025403784429,-0.00273493350611161,0.499992520082785));
#9402=DIRECTION('center_axis',(7.57533842391259E-17,-0.999985040165536,
-0.00546986701222291));
#9403=DIRECTION('ref_axis',(-9.54785073178929E-17,-0.00546986701222291,
0.999985040165536));
#9404=DIRECTION('',(-1.,-7.52299962434832E-17,-9.58914399127423E-17));
#9405=DIRECTION('',(-0.866025403784429,0.00273493350611148,-0.499992520082785));
#9406=DIRECTION('',(9.54785073178929E-17,0.00546986701222291,-0.999985040165536));
#9407=DIRECTION('',(0.866025403784429,0.00273493350611161,-0.499992520082785));
#9408=DIRECTION('',(-1.,-7.52299962434832E-17,-9.58914399127424E-17));
#9409=DIRECTION('',(0.866025403784429,-0.00273493350611148,0.499992520082785));
#9410=DIRECTION('',(-9.54785073178929E-17,-0.00546986701222291,0.999985040165536));
#9411=DIRECTION('',(-0.866025403784429,-0.00273493350611161,0.499992520082785));
#9412=DIRECTION('',(-9.54785073178929E-17,-0.00546986701222291,0.999985040165536));
#9413=DIRECTION('',(0.866025403784429,-0.00273493350611148,0.499992520082785));
#9414=DIRECTION('',(0.866025403784429,0.00273493350611161,-0.499992520082785));
#9415=DIRECTION('',(9.54785073178929E-17,0.00546986701222291,-0.999985040165536));
#9416=DIRECTION('',(-0.866025403784429,0.00273493350611148,-0.499992520082785));
#9417=DIRECTION('',(-0.866025403784429,-0.00273493350611161,0.499992520082785));
#9418=DIRECTION('center_axis',(7.57533842391259E-17,-0.999985040165536,
-0.00546986701222291));
#9419=DIRECTION('ref_axis',(-9.54785073178929E-17,-0.00546986701222291,
0.999985040165536));
#9420=DIRECTION('',(-1.,-7.52299962434832E-17,-9.58914399127423E-17));
#9421=DIRECTION('',(-0.866025403784429,0.00273493350611148,-0.499992520082785));
#9422=DIRECTION('',(9.54785073178929E-17,0.00546986701222291,-0.999985040165536));
#9423=DIRECTION('',(0.866025403784429,0.00273493350611161,-0.499992520082785));
#9424=DIRECTION('',(-1.,-7.52299962434832E-17,-9.58914399127424E-17));
#9425=DIRECTION('',(0.866025403784429,-0.00273493350611148,0.499992520082785));
#9426=DIRECTION('',(-9.54785073178929E-17,-0.00546986701222291,0.999985040165536));
#9427=DIRECTION('',(-0.866025403784429,-0.00273493350611161,0.499992520082785));
#9428=DIRECTION('',(-9.54785073178929E-17,-0.00546986701222291,0.999985040165536));
#9429=DIRECTION('',(0.866025403784429,-0.00273493350611148,0.499992520082785));
#9430=DIRECTION('',(0.866025403784429,0.00273493350611161,-0.499992520082785));
#9431=DIRECTION('',(9.54785073178929E-17,0.00546986701222291,-0.999985040165536));
#9432=DIRECTION('',(-0.866025403784429,0.00273493350611148,-0.499992520082785));
#9433=DIRECTION('',(-0.866025403784429,-0.00273493350611161,0.499992520082785));
#9434=DIRECTION('center_axis',(7.57533842391259E-17,-0.999985040165536,
-0.00546986701222291));
#9435=DIRECTION('ref_axis',(-9.54785073178929E-17,-0.00546986701222291,
0.999985040165536));
#9436=DIRECTION('',(1.,7.52299962434832E-17,9.58914399127423E-17));
#9437=DIRECTION('',(0.866025403784429,-0.00273493350611148,0.499992520082785));
#9438=DIRECTION('',(-9.54785073178929E-17,-0.00546986701222291,0.999985040165536));
#9439=DIRECTION('',(-0.866025403784429,-0.00273493350611161,0.499992520082785));
#9440=DIRECTION('',(-1.,-7.52299962434832E-17,-9.58914399127424E-17));
#9441=DIRECTION('',(-0.866025403784429,0.00273493350611148,-0.499992520082785));
#9442=DIRECTION('',(9.54785073178929E-17,0.00546986701222291,-0.999985040165536));
#9443=DIRECTION('',(0.866025403784429,0.00273493350611161,-0.499992520082785));
#9444=DIRECTION('center_axis',(7.57533842391259E-17,-0.999985040165536,
-0.00546986701222291));
#9445=DIRECTION('ref_axis',(-9.54785073178929E-17,-0.00546986701222291,
0.999985040165536));
#9446=DIRECTION('',(-1.,-7.52299962434832E-17,-9.58914399127423E-17));
#9447=DIRECTION('',(0.866025403784429,-0.00273493350611148,0.499992520082785));
#9448=DIRECTION('',(-9.54785073178929E-17,-0.00546986701222291,0.999985040165536));
#9449=DIRECTION('',(-0.866025403784429,-0.00273493350611161,0.499992520082785));
#9450=DIRECTION('',(-1.,-7.52299962434832E-17,-9.58914399127424E-17));
#9451=DIRECTION('',(-0.866025403784429,0.00273493350611148,-0.499992520082785));
#9452=DIRECTION('',(9.54785073178929E-17,0.00546986701222291,-0.999985040165536));
#9453=DIRECTION('',(0.866025403784429,0.00273493350611161,-0.499992520082785));
#9454=DIRECTION('',(-9.54785073178929E-17,-0.00546986701222291,0.999985040165536));
#9455=DIRECTION('',(0.866025403784429,-0.00273493350611148,0.499992520082785));
#9456=DIRECTION('',(0.866025403784429,0.00273493350611161,-0.499992520082785));
#9457=DIRECTION('',(9.54785073178929E-17,0.00546986701222291,-0.999985040165536));
#9458=DIRECTION('',(-0.866025403784429,0.00273493350611148,-0.499992520082785));
#9459=DIRECTION('',(-0.866025403784429,-0.00273493350611161,0.499992520082785));
#9460=DIRECTION('center_axis',(7.57533842391259E-17,-0.999985040165536,
-0.00546986701222291));
#9461=DIRECTION('ref_axis',(-9.54785073178929E-17,-0.00546986701222291,
0.999985040165536));
#9462=DIRECTION('',(-9.54785073178929E-17,-0.00546986701222291,0.999985040165536));
#9463=DIRECTION('',(0.866025403784429,0.00273493350611161,-0.499992520082785));
#9464=DIRECTION('',(-1.,-7.52299962434832E-17,-9.58914399127423E-17));
#9465=DIRECTION('',(0.866025403784429,-0.00273493350611148,0.499992520082785));
#9466=DIRECTION('',(-9.54785073178929E-17,-0.00546986701222291,0.999985040165536));
#9467=DIRECTION('',(-0.866025403784429,-0.00273493350611161,0.499992520082785));
#9468=DIRECTION('',(-1.,-7.52299962434832E-17,-9.58914399127423E-17));
#9469=DIRECTION('',(-0.866025403784429,0.00273493350611148,-0.499992520082785));
#9470=DIRECTION('',(-9.54785073178929E-17,-0.00546986701222291,0.999985040165536));
#9471=DIRECTION('',(0.866025403784429,-0.00273493350611148,0.499992520082785));
#9472=DIRECTION('',(0.866025403784429,0.00273493350611161,-0.499992520082785));
#9473=DIRECTION('',(9.54785073178929E-17,0.00546986701222291,-0.999985040165536));
#9474=DIRECTION('',(-0.866025403784429,0.00273493350611148,-0.499992520082785));
#9475=DIRECTION('',(-0.866025403784429,-0.00273493350611161,0.499992520082785));
#9476=DIRECTION('center_axis',(7.57533842391259E-17,-0.999985040165536,
-0.00546986701222291));
#9477=DIRECTION('ref_axis',(-9.54785073178929E-17,-0.00546986701222291,
0.999985040165536));
#9478=DIRECTION('',(9.54785073178929E-17,0.00546986701222291,-0.999985040165536));
#9479=DIRECTION('',(-0.866025403784429,-0.00273493350611161,0.499992520082785));
#9480=DIRECTION('',(1.,7.52299962434832E-17,9.58914399127423E-17));
#9481=DIRECTION('',(-0.866025403784429,0.00273493350611148,-0.499992520082785));
#9482=DIRECTION('',(9.54785073178929E-17,0.00546986701222291,-0.999985040165536));
#9483=DIRECTION('',(0.866025403784429,0.00273493350611161,-0.499992520082785));
#9484=DIRECTION('',(1.,7.52299962434832E-17,9.58914399127423E-17));
#9485=DIRECTION('',(0.866025403784429,-0.00273493350611148,0.499992520082785));
#9486=DIRECTION('',(9.54785073178929E-17,0.00546986701222291,-0.999985040165536));
#9487=DIRECTION('',(-0.866025403784429,0.00273493350611148,-0.499992520082785));
#9488=DIRECTION('',(-0.866025403784429,-0.00273493350611161,0.499992520082785));
#9489=DIRECTION('',(-9.54785073178929E-17,-0.00546986701222291,0.999985040165536));
#9490=DIRECTION('',(0.866025403784429,-0.00273493350611148,0.499992520082785));
#9491=DIRECTION('',(0.866025403784429,0.00273493350611161,-0.499992520082785));
#9492=DIRECTION('center_axis',(-1.,-7.52299962434832E-17,-9.58914399127423E-17));
#9493=DIRECTION('ref_axis',(9.54785073178929E-17,0.00546986701222291,-0.999985040165536));
#9494=DIRECTION('',(-7.57533842391259E-17,0.999985040165536,0.00546986701222291));
#9495=DIRECTION('',(9.54785073178929E-17,0.00546986701222291,-0.999985040165536));
#9496=DIRECTION('',(7.57533842391259E-17,-0.999985040165536,-0.00546986701222291));
#9497=DIRECTION('center_axis',(-0.500000000000017,0.00473704378790744,-0.866012448187747));
#9498=DIRECTION('ref_axis',(0.866025403784429,0.00273493350611161,-0.499992520082785));
#9499=DIRECTION('',(7.57533842391259E-17,-0.999985040165536,-0.00546986701222291));
#9500=DIRECTION('',(0.866025403784429,0.00273493350611161,-0.499992520082785));
#9501=DIRECTION('center_axis',(0.500000000000017,0.00473704378790751,-0.866012448187747));
#9502=DIRECTION('ref_axis',(0.866025403784429,-0.00273493350611148,0.499992520082785));
#9503=DIRECTION('',(7.57533842391259E-17,-0.999985040165536,-0.00546986701222291));
#9504=DIRECTION('',(0.866025403784429,-0.00273493350611148,0.499992520082785));
#9505=DIRECTION('center_axis',(1.,7.52299962434832E-17,9.58914399127423E-17));
#9506=DIRECTION('ref_axis',(-9.54785073178929E-17,-0.00546986701222291,
0.999985040165536));
#9507=DIRECTION('',(7.57533842391259E-17,-0.999985040165536,-0.00546986701222291));
#9508=DIRECTION('',(-9.54785073178929E-17,-0.00546986701222291,0.999985040165536));
#9509=DIRECTION('center_axis',(0.500000000000017,-0.00473704378790744,0.866012448187747));
#9510=DIRECTION('ref_axis',(-0.866025403784429,-0.00273493350611161,0.499992520082785));
#9511=DIRECTION('',(7.57533842391259E-17,-0.999985040165536,-0.00546986701222291));
#9512=DIRECTION('',(-0.866025403784429,-0.00273493350611161,0.499992520082785));
#9513=DIRECTION('center_axis',(-0.500000000000017,-0.00473704378790751,
0.866012448187747));
#9514=DIRECTION('ref_axis',(-0.866025403784429,0.00273493350611148,-0.499992520082785));
#9515=DIRECTION('',(-0.866025403784429,0.00273493350611148,-0.499992520082785));
#9516=DIRECTION('center_axis',(7.57533842391259E-17,-0.999985040165536,
-0.00546986701222291));
#9517=DIRECTION('ref_axis',(-9.54785073178929E-17,-0.00546986701222291,
0.999985040165536));
#9518=DIRECTION('center_axis',(-7.57533842391259E-17,0.999985040165536,
0.00546986701222291));
#9519=DIRECTION('ref_axis',(9.54785073178929E-17,0.00546986701222291,-0.999985040165536));
#9520=DIRECTION('center_axis',(-7.57533842391259E-17,0.999985040165536,
0.00546986701222291));
#9521=DIRECTION('ref_axis',(-9.54785073178929E-17,-0.00546986701222291,
0.999985040165536));
#9522=DIRECTION('',(-7.57533842391259E-17,0.999985040165536,0.00546986701222291));
#9523=DIRECTION('center_axis',(7.57533842391259E-17,-0.999985040165536,
-0.00546986701222291));
#9524=DIRECTION('ref_axis',(-9.54785073178929E-17,-0.00546986701222291,
0.999985040165536));
#9525=DIRECTION('center_axis',(-1.,-7.52299962434832E-17,-9.58914399127423E-17));
#9526=DIRECTION('ref_axis',(9.54785073178929E-17,0.00546986701222291,-0.999985040165536));
#9527=DIRECTION('',(-7.57533842391259E-17,0.999985040165536,0.00546986701222291));
#9528=DIRECTION('',(9.54785073178929E-17,0.00546986701222291,-0.999985040165536));
#9529=DIRECTION('',(7.57533842391259E-17,-0.999985040165536,-0.00546986701222291));
#9530=DIRECTION('center_axis',(-0.500000000000017,0.00473704378790744,-0.866012448187747));
#9531=DIRECTION('ref_axis',(0.866025403784429,0.00273493350611161,-0.499992520082785));
#9532=DIRECTION('',(7.57533842391259E-17,-0.999985040165536,-0.00546986701222291));
#9533=DIRECTION('',(0.866025403784429,0.00273493350611161,-0.499992520082785));
#9534=DIRECTION('center_axis',(0.500000000000017,0.00473704378790751,-0.866012448187747));
#9535=DIRECTION('ref_axis',(0.866025403784429,-0.00273493350611148,0.499992520082785));
#9536=DIRECTION('',(7.57533842391259E-17,-0.999985040165536,-0.00546986701222291));
#9537=DIRECTION('',(0.866025403784429,-0.00273493350611148,0.499992520082785));
#9538=DIRECTION('center_axis',(1.,7.52299962434832E-17,9.58914399127423E-17));
#9539=DIRECTION('ref_axis',(-9.54785073178929E-17,-0.00546986701222291,
0.999985040165536));
#9540=DIRECTION('',(7.57533842391259E-17,-0.999985040165536,-0.00546986701222291));
#9541=DIRECTION('',(-9.54785073178929E-17,-0.00546986701222291,0.999985040165536));
#9542=DIRECTION('center_axis',(0.500000000000017,-0.00473704378790744,0.866012448187747));
#9543=DIRECTION('ref_axis',(-0.866025403784429,-0.00273493350611161,0.499992520082785));
#9544=DIRECTION('',(7.57533842391259E-17,-0.999985040165536,-0.00546986701222291));
#9545=DIRECTION('',(-0.866025403784429,-0.00273493350611161,0.499992520082785));
#9546=DIRECTION('center_axis',(-0.500000000000017,-0.00473704378790751,
0.866012448187747));
#9547=DIRECTION('ref_axis',(-0.866025403784429,0.00273493350611148,-0.499992520082785));
#9548=DIRECTION('',(-0.866025403784429,0.00273493350611148,-0.499992520082785));
#9549=DIRECTION('center_axis',(7.57533842391259E-17,-0.999985040165536,
-0.00546986701222291));
#9550=DIRECTION('ref_axis',(-9.54785073178929E-17,-0.00546986701222291,
0.999985040165536));
#9551=DIRECTION('center_axis',(-7.57533842391259E-17,0.999985040165536,
0.00546986701222291));
#9552=DIRECTION('ref_axis',(9.54785073178929E-17,0.00546986701222291,-0.999985040165536));
#9553=DIRECTION('center_axis',(-7.57533842391259E-17,0.999985040165536,
0.00546986701222291));
#9554=DIRECTION('ref_axis',(-9.54785073178929E-17,-0.00546986701222291,
0.999985040165536));
#9555=DIRECTION('',(-7.57533842391259E-17,0.999985040165536,0.00546986701222291));
#9556=DIRECTION('center_axis',(7.57533842391259E-17,-0.999985040165536,
-0.00546986701222291));
#9557=DIRECTION('ref_axis',(-9.54785073178929E-17,-0.00546986701222291,
0.999985040165536));
#9558=DIRECTION('center_axis',(-1.,-7.52299962434832E-17,-9.58914399127423E-17));
#9559=DIRECTION('ref_axis',(9.54785073178929E-17,0.00546986701222291,-0.999985040165536));
#9560=DIRECTION('',(-7.57533842391259E-17,0.999985040165536,0.00546986701222291));
#9561=DIRECTION('',(9.54785073178929E-17,0.00546986701222291,-0.999985040165536));
#9562=DIRECTION('',(7.57533842391259E-17,-0.999985040165536,-0.00546986701222291));
#9563=DIRECTION('center_axis',(-0.500000000000017,0.00473704378790744,-0.866012448187747));
#9564=DIRECTION('ref_axis',(0.866025403784429,0.00273493350611161,-0.499992520082785));
#9565=DIRECTION('',(7.57533842391259E-17,-0.999985040165536,-0.00546986701222291));
#9566=DIRECTION('',(0.866025403784429,0.00273493350611161,-0.499992520082785));
#9567=DIRECTION('center_axis',(0.500000000000017,0.00473704378790751,-0.866012448187747));
#9568=DIRECTION('ref_axis',(0.866025403784429,-0.00273493350611148,0.499992520082785));
#9569=DIRECTION('',(7.57533842391259E-17,-0.999985040165536,-0.00546986701222291));
#9570=DIRECTION('',(0.866025403784429,-0.00273493350611148,0.499992520082785));
#9571=DIRECTION('center_axis',(1.,7.52299962434832E-17,9.58914399127423E-17));
#9572=DIRECTION('ref_axis',(-9.54785073178929E-17,-0.00546986701222291,
0.999985040165536));
#9573=DIRECTION('',(7.57533842391259E-17,-0.999985040165536,-0.00546986701222291));
#9574=DIRECTION('',(-9.54785073178929E-17,-0.00546986701222291,0.999985040165536));
#9575=DIRECTION('center_axis',(0.500000000000017,-0.00473704378790744,0.866012448187747));
#9576=DIRECTION('ref_axis',(-0.866025403784429,-0.00273493350611161,0.499992520082785));
#9577=DIRECTION('',(7.57533842391259E-17,-0.999985040165536,-0.00546986701222291));
#9578=DIRECTION('',(-0.866025403784429,-0.00273493350611161,0.499992520082785));
#9579=DIRECTION('center_axis',(-0.500000000000017,-0.00473704378790751,
0.866012448187747));
#9580=DIRECTION('ref_axis',(-0.866025403784429,0.00273493350611148,-0.499992520082785));
#9581=DIRECTION('',(-0.866025403784429,0.00273493350611148,-0.499992520082785));
#9582=DIRECTION('center_axis',(7.57533842391259E-17,-0.999985040165536,
-0.00546986701222291));
#9583=DIRECTION('ref_axis',(-9.54785073178929E-17,-0.00546986701222291,
0.999985040165536));
#9584=DIRECTION('center_axis',(-7.57533842391259E-17,0.999985040165536,
0.00546986701222291));
#9585=DIRECTION('ref_axis',(9.54785073178929E-17,0.00546986701222291,-0.999985040165536));
#9586=DIRECTION('center_axis',(-7.57533842391259E-17,0.999985040165536,
0.00546986701222291));
#9587=DIRECTION('ref_axis',(-9.54785073178929E-17,-0.00546986701222291,
0.999985040165536));
#9588=DIRECTION('',(-7.57533842391259E-17,0.999985040165536,0.00546986701222291));
#9589=DIRECTION('center_axis',(7.57533842391259E-17,-0.999985040165536,
-0.00546986701222291));
#9590=DIRECTION('ref_axis',(-9.54785073178929E-17,-0.00546986701222291,
0.999985040165536));
#9591=DIRECTION('center_axis',(-1.,-7.52299962434832E-17,-9.58914399127423E-17));
#9592=DIRECTION('ref_axis',(9.54785073178929E-17,0.00546986701222291,-0.999985040165536));
#9593=DIRECTION('',(-7.57533842391259E-17,0.999985040165536,0.00546986701222291));
#9594=DIRECTION('',(9.54785073178929E-17,0.00546986701222291,-0.999985040165536));
#9595=DIRECTION('',(7.57533842391259E-17,-0.999985040165536,-0.00546986701222291));
#9596=DIRECTION('center_axis',(-0.500000000000017,0.00473704378790744,-0.866012448187747));
#9597=DIRECTION('ref_axis',(0.866025403784429,0.00273493350611161,-0.499992520082785));
#9598=DIRECTION('',(7.57533842391259E-17,-0.999985040165536,-0.00546986701222291));
#9599=DIRECTION('',(0.866025403784429,0.00273493350611161,-0.499992520082785));
#9600=DIRECTION('center_axis',(0.500000000000017,0.00473704378790751,-0.866012448187747));
#9601=DIRECTION('ref_axis',(0.866025403784429,-0.00273493350611148,0.499992520082785));
#9602=DIRECTION('',(7.57533842391259E-17,-0.999985040165536,-0.00546986701222291));
#9603=DIRECTION('',(0.866025403784429,-0.00273493350611148,0.499992520082785));
#9604=DIRECTION('center_axis',(1.,7.52299962434832E-17,9.58914399127423E-17));
#9605=DIRECTION('ref_axis',(-9.54785073178929E-17,-0.00546986701222291,
0.999985040165536));
#9606=DIRECTION('',(7.57533842391259E-17,-0.999985040165536,-0.00546986701222291));
#9607=DIRECTION('',(-9.54785073178929E-17,-0.00546986701222291,0.999985040165536));
#9608=DIRECTION('center_axis',(0.500000000000017,-0.00473704378790744,0.866012448187747));
#9609=DIRECTION('ref_axis',(-0.866025403784429,-0.00273493350611161,0.499992520082785));
#9610=DIRECTION('',(7.57533842391259E-17,-0.999985040165536,-0.00546986701222291));
#9611=DIRECTION('',(-0.866025403784429,-0.00273493350611161,0.499992520082785));
#9612=DIRECTION('center_axis',(-0.500000000000017,-0.00473704378790751,
0.866012448187747));
#9613=DIRECTION('ref_axis',(-0.866025403784429,0.00273493350611148,-0.499992520082785));
#9614=DIRECTION('',(-0.866025403784429,0.00273493350611148,-0.499992520082785));
#9615=DIRECTION('center_axis',(7.57533842391259E-17,-0.999985040165536,
-0.00546986701222291));
#9616=DIRECTION('ref_axis',(-9.54785073178929E-17,-0.00546986701222291,
0.999985040165536));
#9617=DIRECTION('center_axis',(-7.57533842391259E-17,0.999985040165536,
0.00546986701222291));
#9618=DIRECTION('ref_axis',(9.54785073178929E-17,0.00546986701222291,-0.999985040165536));
#9619=DIRECTION('center_axis',(-7.57533842391259E-17,0.999985040165536,
0.00546986701222291));
#9620=DIRECTION('ref_axis',(-9.54785073178929E-17,-0.00546986701222291,
0.999985040165536));
#9621=DIRECTION('',(-7.57533842391259E-17,0.999985040165536,0.00546986701222291));
#9622=DIRECTION('center_axis',(7.57533842391259E-17,-0.999985040165536,
-0.00546986701222291));
#9623=DIRECTION('ref_axis',(-9.54785073178929E-17,-0.00546986701222291,
0.999985040165536));
#9624=DIRECTION('center_axis',(-1.,-7.52299962434832E-17,-9.58914399127423E-17));
#9625=DIRECTION('ref_axis',(9.54785073178929E-17,0.00546986701222291,-0.999985040165536));
#9626=DIRECTION('',(-7.57533842391259E-17,0.999985040165536,0.00546986701222291));
#9627=DIRECTION('',(9.54785073178929E-17,0.00546986701222291,-0.999985040165536));
#9628=DIRECTION('',(7.57533842391259E-17,-0.999985040165536,-0.00546986701222291));
#9629=DIRECTION('center_axis',(-0.500000000000017,0.00473704378790744,-0.866012448187747));
#9630=DIRECTION('ref_axis',(0.866025403784429,0.00273493350611161,-0.499992520082785));
#9631=DIRECTION('',(7.57533842391259E-17,-0.999985040165536,-0.00546986701222291));
#9632=DIRECTION('',(0.866025403784429,0.00273493350611161,-0.499992520082785));
#9633=DIRECTION('center_axis',(0.500000000000017,0.00473704378790751,-0.866012448187747));
#9634=DIRECTION('ref_axis',(0.866025403784429,-0.00273493350611148,0.499992520082785));
#9635=DIRECTION('',(7.57533842391259E-17,-0.999985040165536,-0.00546986701222291));
#9636=DIRECTION('',(0.866025403784429,-0.00273493350611148,0.499992520082785));
#9637=DIRECTION('center_axis',(1.,7.52299962434832E-17,9.58914399127423E-17));
#9638=DIRECTION('ref_axis',(-9.54785073178929E-17,-0.00546986701222291,
0.999985040165536));
#9639=DIRECTION('',(7.57533842391259E-17,-0.999985040165536,-0.00546986701222291));
#9640=DIRECTION('',(-9.54785073178929E-17,-0.00546986701222291,0.999985040165536));
#9641=DIRECTION('center_axis',(0.500000000000017,-0.00473704378790744,0.866012448187747));
#9642=DIRECTION('ref_axis',(-0.866025403784429,-0.00273493350611161,0.499992520082785));
#9643=DIRECTION('',(7.57533842391259E-17,-0.999985040165536,-0.00546986701222291));
#9644=DIRECTION('',(-0.866025403784429,-0.00273493350611161,0.499992520082785));
#9645=DIRECTION('center_axis',(-0.500000000000017,-0.00473704378790751,
0.866012448187747));
#9646=DIRECTION('ref_axis',(-0.866025403784429,0.00273493350611148,-0.499992520082785));
#9647=DIRECTION('',(-0.866025403784429,0.00273493350611148,-0.499992520082785));
#9648=DIRECTION('center_axis',(7.57533842391259E-17,-0.999985040165536,
-0.00546986701222291));
#9649=DIRECTION('ref_axis',(-9.54785073178929E-17,-0.00546986701222291,
0.999985040165536));
#9650=DIRECTION('center_axis',(-7.57533842391259E-17,0.999985040165536,
0.00546986701222291));
#9651=DIRECTION('ref_axis',(9.54785073178929E-17,0.00546986701222291,-0.999985040165536));
#9652=DIRECTION('center_axis',(-7.57533842391259E-17,0.999985040165536,
0.00546986701222291));
#9653=DIRECTION('ref_axis',(-9.54785073178929E-17,-0.00546986701222291,
0.999985040165536));
#9654=DIRECTION('',(-7.57533842391259E-17,0.999985040165536,0.00546986701222291));
#9655=DIRECTION('center_axis',(7.57533842391259E-17,-0.999985040165536,
-0.00546986701222291));
#9656=DIRECTION('ref_axis',(-9.54785073178929E-17,-0.00546986701222291,
0.999985040165536));
#9657=DIRECTION('center_axis',(9.54785073178929E-17,0.00546986701222291,
-0.999985040165536));
#9658=DIRECTION('ref_axis',(1.,7.52299962434832E-17,9.58914399127423E-17));
#9659=DIRECTION('',(7.57533842391259E-17,-0.999985040165536,-0.00546986701222291));
#9660=DIRECTION('',(1.,7.52299962434832E-17,9.58914399127423E-17));
#9661=DIRECTION('',(7.57533842391259E-17,-0.999985040165536,-0.00546986701222291));
#9662=DIRECTION('',(7.57533842391259E-17,-0.999985040165536,-0.00546986701222291));
#9663=DIRECTION('',(1.,7.52299962434832E-17,9.58914399127423E-17));
#9664=DIRECTION('',(7.57533842391259E-17,-0.999985040165536,-0.00546986701222291));
#9665=DIRECTION('',(7.57533842391259E-17,-0.999985040165536,-0.00546986701222291));
#9666=DIRECTION('',(-1.,-7.52299962434832E-17,-9.58914399127423E-17));
#9667=DIRECTION('',(7.57533842391259E-17,-0.999985040165536,-0.00546986701222291));
#9668=DIRECTION('',(7.57533842391259E-17,-0.999985040165536,-0.00546986701222291));
#9669=DIRECTION('',(-1.,-7.52299962434832E-17,-9.58914399127423E-17));
#9670=DIRECTION('',(7.57533842391259E-17,-0.999985040165536,-0.00546986701222291));
#9671=DIRECTION('center_axis',(-0.500000000000017,-0.00473704378790751,
0.866012448187747));
#9672=DIRECTION('ref_axis',(-0.866025403784429,0.00273493350611148,-0.499992520082785));
#9673=DIRECTION('',(-0.866025403784429,0.00273493350611148,-0.499992520082785));
#9674=DIRECTION('',(7.57533842391259E-17,-0.999985040165536,-0.00546986701222291));
#9675=DIRECTION('center_axis',(-1.,-7.52299962434832E-17,-9.58914399127423E-17));
#9676=DIRECTION('ref_axis',(9.54785073178929E-17,0.00546986701222291,-0.999985040165536));
#9677=DIRECTION('',(9.54785073178929E-17,0.00546986701222291,-0.999985040165536));
#9678=DIRECTION('',(7.57533842391259E-17,-0.999985040165536,-0.00546986701222291));
#9679=DIRECTION('center_axis',(-7.57533842391259E-17,0.999985040165536,
0.00546986701222291));
#9680=DIRECTION('ref_axis',(-9.54785073178929E-17,-0.00546986701222291,
0.999985040165536));
#9681=DIRECTION('',(0.499999999999898,-0.00473704378790781,0.866012448187815));
#9682=DIRECTION('',(1.,7.52299962434831E-17,9.58914399127423E-17));
#9683=DIRECTION('',(-9.54785073178929E-17,-0.00546986701222291,0.999985040165536));
#9684=DIRECTION('center_axis',(-7.57533842391259E-17,0.999985040165536,
0.00546986701222291));
#9685=DIRECTION('ref_axis',(-9.54785073178929E-17,-0.00546986701222291,
0.999985040165536));
#9686=DIRECTION('',(0.500000000000017,0.00473704378790751,-0.866012448187747));
#9687=DIRECTION('',(-9.54785073178929E-17,-0.00546986701222291,0.999985040165536));
#9688=DIRECTION('',(1.,7.52299962434832E-17,9.58914399127423E-17));
#9689=DIRECTION('center_axis',(-7.57533842391259E-17,0.999985040165536,
0.00546986701222291));
#9690=DIRECTION('ref_axis',(-9.54785073178929E-17,-0.00546986701222291,
0.999985040165536));
#9691=DIRECTION('',(-0.499999999999898,-0.00473704378790789,0.866012448187815));
#9692=DIRECTION('',(-9.54785073178929E-17,-0.00546986701222291,0.999985040165536));
#9693=DIRECTION('',(1.,7.52299962434832E-17,9.58914399127423E-17));
#9694=DIRECTION('center_axis',(-7.57533842391259E-17,0.999985040165536,
0.00546986701222291));
#9695=DIRECTION('ref_axis',(-9.54785073178929E-17,-0.00546986701222291,
0.999985040165536));
#9696=DIRECTION('',(-0.499999999999973,0.00473704378790757,-0.866012448187772));
#9697=DIRECTION('',(1.,7.52299962434832E-17,9.58914399127423E-17));
#9698=DIRECTION('',(-9.54785073178929E-17,-0.00546986701222291,0.999985040165536));
#9699=DIRECTION('center_axis',(-7.57533842391259E-17,0.999985040165536,
0.00546986701222291));
#9700=DIRECTION('ref_axis',(-9.54785073178929E-17,-0.00546986701222291,
0.999985040165536));
#9701=DIRECTION('',(-0.866025403784429,-0.00273493350611161,0.499992520082785));
#9702=DIRECTION('',(-9.54785073178929E-17,-0.00546986701222291,0.999985040165536));
#9703=DIRECTION('',(0.866025403784429,-0.00273493350611148,0.499992520082785));
#9704=DIRECTION('',(1.,7.52299962434832E-17,9.58914399127424E-17));
#9705=DIRECTION('',(0.866025403784429,0.00273493350611161,-0.499992520082785));
#9706=DIRECTION('',(9.54785073178929E-17,0.00546986701222291,-0.999985040165536));
#9707=DIRECTION('',(-0.866025403784429,0.00273493350611148,-0.499992520082785));
#9708=DIRECTION('center_axis',(-7.57533842391259E-17,0.999985040165536,
0.00546986701222291));
#9709=DIRECTION('ref_axis',(-9.54785073178929E-17,-0.00546986701222291,
0.999985040165536));
#9710=DIRECTION('',(-0.866025403784429,-0.00273493350611161,0.499992520082785));
#9711=DIRECTION('',(-9.54785073178929E-17,-0.00546986701222291,0.999985040165536));
#9712=DIRECTION('',(0.866025403784429,-0.00273493350611148,0.499992520082785));
#9713=DIRECTION('',(1.,7.52299962434832E-17,9.58914399127423E-17));
#9714=DIRECTION('',(0.500000000000017,0.00473704378790751,-0.866012448187747));
#9715=DIRECTION('',(-0.500000000000017,0.00473704378790744,-0.866012448187747));
#9716=DIRECTION('',(0.94899222899836,0.00172464611370289,-0.315294742893863));
#9717=DIRECTION('center_axis',(-7.57533842391259E-17,0.999985040165536,
0.00546986701222291));
#9718=DIRECTION('ref_axis',(-9.54785073178929E-17,-0.00546986701222291,
0.999985040165536));
#9719=DIRECTION('',(1.,7.52299962434832E-17,9.58914399127423E-17));
#9720=DIRECTION('',(0.866025403784429,0.00273493350611161,-0.499992520082785));
#9721=DIRECTION('',(9.54785073178929E-17,0.00546986701222291,-0.999985040165536));
#9722=DIRECTION('',(-0.866025403784429,0.00273493350611148,-0.499992520082785));
#9723=DIRECTION('',(1.,7.52299962434832E-17,9.58914399127424E-17));
#9724=DIRECTION('',(-0.866025403784429,-0.00273493350611161,0.499992520082785));
#9725=DIRECTION('',(-9.54785073178929E-17,-0.00546986701222291,0.999985040165536));
#9726=DIRECTION('',(0.866025403784429,-0.00273493350611148,0.499992520082785));
#9727=DIRECTION('center_axis',(-7.57533842391259E-17,0.999985040165536,
0.00546986701222291));
#9728=DIRECTION('ref_axis',(-9.54785073178929E-17,-0.00546986701222291,
0.999985040165536));
#9729=DIRECTION('',(1.,7.52299962434832E-17,9.58914399127423E-17));
#9730=DIRECTION('',(0.94899222899836,-0.00172464611370274,0.315294742893863));
#9731=DIRECTION('',(-0.500000000000017,-0.00473704378790751,0.866012448187747));
#9732=DIRECTION('',(0.500000000000017,-0.00473704378790744,0.866012448187747));
#9733=DIRECTION('',(1.,7.52299962434832E-17,9.58914399127423E-17));
#9734=DIRECTION('',(-0.866025403784429,-0.00273493350611161,0.499992520082785));
#9735=DIRECTION('',(-9.54785073178929E-17,-0.00546986701222291,0.999985040165536));
#9736=DIRECTION('',(0.866025403784429,-0.00273493350611148,0.499992520082785));
#9737=DIRECTION('center_axis',(-7.57533842391259E-17,0.999985040165536,
0.00546986701222291));
#9738=DIRECTION('ref_axis',(-9.54785073178929E-17,-0.00546986701222291,
0.999985040165536));
#9739=DIRECTION('',(-0.866025403784429,-0.00273493350611161,0.499992520082785));
#9740=DIRECTION('',(-9.54785073178929E-17,-0.00546986701222291,0.999985040165536));
#9741=DIRECTION('',(0.866025403784429,-0.00273493350611148,0.499992520082785));
#9742=DIRECTION('',(1.,7.52299962434832E-17,9.58914399127424E-17));
#9743=DIRECTION('',(0.866025403784429,0.00273493350611161,-0.499992520082785));
#9744=DIRECTION('center_axis',(-7.57533842391259E-17,0.999985040165536,
0.00546986701222291));
#9745=DIRECTION('ref_axis',(-9.54785073178929E-17,-0.00546986701222291,
0.999985040165536));
#9746=DIRECTION('',(-0.94899222899836,0.00172464611370274,-0.315294742893863));
#9747=DIRECTION('',(0.500000000000017,0.00473704378790751,-0.866012448187747));
#9748=DIRECTION('',(-0.500000000000017,0.00473704378790744,-0.866012448187747));
#9749=DIRECTION('',(1.,7.52299962434832E-17,9.58914399127423E-17));
#9750=DIRECTION('',(0.866025403784429,0.00273493350611161,-0.499992520082785));
#9751=DIRECTION('',(9.54785073178929E-17,0.00546986701222291,-0.999985040165536));
#9752=DIRECTION('',(-0.866025403784429,0.00273493350611148,-0.499992520082785));
#9753=DIRECTION('center_axis',(-7.57533842391259E-17,0.999985040165536,
0.00546986701222291));
#9754=DIRECTION('ref_axis',(-9.54785073178929E-17,-0.00546986701222291,
0.999985040165536));
#9755=DIRECTION('',(-1.,-7.52299962434832E-17,-9.58914399127423E-17));
#9756=DIRECTION('',(0.866025403784429,0.00273493350611161,-0.499992520082785));
#9757=DIRECTION('',(9.54785073178929E-17,0.00546986701222291,-0.999985040165536));
#9758=DIRECTION('',(-0.866025403784429,0.00273493350611148,-0.499992520082785));
#9759=DIRECTION('',(1.,7.52299962434832E-17,9.58914399127424E-17));
#9760=DIRECTION('',(-0.866025403784429,-0.00273493350611161,0.499992520082785));
#9761=DIRECTION('',(-9.54785073178929E-17,-0.00546986701222291,0.999985040165536));
#9762=DIRECTION('',(0.866025403784429,-0.00273493350611148,0.499992520082785));
#9763=DIRECTION('center_axis',(-7.57533842391259E-17,0.999985040165536,
0.00546986701222291));
#9764=DIRECTION('ref_axis',(-9.54785073178929E-17,-0.00546986701222291,
0.999985040165536));
#9765=DIRECTION('',(-1.,-7.52299962434832E-17,-9.58914399127423E-17));
#9766=DIRECTION('',(0.866025403784429,0.00273493350611161,-0.499992520082785));
#9767=DIRECTION('',(9.54785073178929E-17,0.00546986701222291,-0.999985040165536));
#9768=DIRECTION('',(-0.866025403784429,0.00273493350611148,-0.499992520082785));
#9769=DIRECTION('',(1.,7.52299962434832E-17,9.58914399127423E-17));
#9770=DIRECTION('',(-0.500000000000017,-0.00473704378790751,0.866012448187747));
#9771=DIRECTION('',(0.500000000000017,-0.00473704378790744,0.866012448187747));
#9772=DIRECTION('center_axis',(-7.57533842391259E-17,0.999985040165536,
0.00546986701222291));
#9773=DIRECTION('ref_axis',(-9.54785073178929E-17,-0.00546986701222291,
0.999985040165536));
#9774=DIRECTION('',(-9.54785073178929E-17,-0.00546986701222291,0.999985040165536));
#9775=DIRECTION('',(-1.,-7.52299962434832E-17,-9.58914399127423E-17));
#9776=DIRECTION('',(0.866025403784429,0.00273493350611161,-0.499992520082785));
#9777=DIRECTION('center_axis',(-7.57533842391259E-17,0.999985040165536,
0.00546986701222291));
#9778=DIRECTION('ref_axis',(-9.54785073178929E-17,-0.00546986701222291,
0.999985040165536));
#9779=DIRECTION('',(-9.54785073178929E-17,-0.00546986701222291,0.999985040165536));
#9780=DIRECTION('',(-0.866025403784429,0.00273493350611148,-0.499992520082785));
#9781=DIRECTION('',(-1.,-7.52299962434832E-17,-9.58914399127423E-17));
#9782=DIRECTION('center_axis',(-7.57533842391259E-17,0.999985040165536,
0.00546986701222291));
#9783=DIRECTION('ref_axis',(-9.54785073178929E-17,-0.00546986701222291,
0.999985040165536));
#9784=DIRECTION('',(9.54785073178929E-17,0.00546986701222291,-0.999985040165536));
#9785=DIRECTION('',(1.,7.52299962434832E-17,9.58914399127423E-17));
#9786=DIRECTION('',(-0.866025403784429,-0.00273493350611161,0.499992520082785));
#9787=DIRECTION('center_axis',(-7.57533842391259E-17,0.999985040165536,
0.00546986701222291));
#9788=DIRECTION('ref_axis',(-9.54785073178929E-17,-0.00546986701222291,
0.999985040165536));
#9789=DIRECTION('',(9.54785073178929E-17,0.00546986701222291,-0.999985040165536));
#9790=DIRECTION('',(0.866025403784429,-0.00273493350611148,0.499992520082785));
#9791=DIRECTION('',(1.,7.52299962434832E-17,9.58914399127423E-17));
#9792=DIRECTION('center_axis',(-7.57533842391259E-17,0.999985040165536,
0.00546986701222291));
#9793=DIRECTION('ref_axis',(-9.54785073178929E-17,-0.00546986701222291,
0.999985040165536));
#9794=DIRECTION('',(9.54785073178929E-17,0.00546986701222291,-0.999985040165536));
#9795=DIRECTION('center_axis',(-7.57533842391259E-17,0.999985040165536,
0.00546986701222291));
#9796=DIRECTION('ref_axis',(1.,7.52299962434832E-17,9.58914399127423E-17));
#9797=DIRECTION('',(-1.,-7.52299962434832E-17,-9.58914399127423E-17));
#9798=DIRECTION('center_axis',(-7.57533842391259E-17,0.999985040165536,
0.00546986701222291));
#9799=DIRECTION('ref_axis',(9.54785073178929E-17,0.00546986701222291,-0.999985040165536));
#9800=DIRECTION('',(-9.54785073178929E-17,-0.00546986701222291,0.999985040165536));
#9801=DIRECTION('',(1.,7.52299962434831E-17,9.58914399127424E-17));
#9802=DIRECTION('center_axis',(7.57533842391259E-17,-0.999985040165536,
-0.00546986701222291));
#9803=DIRECTION('ref_axis',(9.54785073178929E-17,0.00546986701222291,-0.999985040165536));
#9804=DIRECTION('',(1.,7.52299962434832E-17,9.58914399127423E-17));
#9805=DIRECTION('center_axis',(7.57533842391259E-17,-0.999985040165536,
-0.00546986701222291));
#9806=DIRECTION('ref_axis',(-9.54785073178929E-17,-0.00546986701222291,
0.999985040165536));
#9807=DIRECTION('',(9.54785073178929E-17,0.00546986701222291,-0.999985040165536));
#9808=DIRECTION('',(1.,7.52299962434832E-17,9.58914399127423E-17));
#9809=DIRECTION('',(0.94899222899836,-0.00172464611370274,0.315294742893863));
#9810=DIRECTION('',(1.,7.52299962434832E-17,9.58914399127423E-17));
#9811=DIRECTION('',(0.866025403784429,0.00273493350611161,-0.499992520082785));
#9812=DIRECTION('',(9.54785073178929E-17,0.00546986701222291,-0.999985040165536));
#9813=DIRECTION('',(-0.866025403784429,0.00273493350611148,-0.499992520082785));
#9814=DIRECTION('',(1.,7.52299962434832E-17,9.58914399127423E-17));
#9815=DIRECTION('',(0.94899222899836,0.00172464611370289,-0.315294742893863));
#9816=DIRECTION('',(9.54785073178929E-17,0.00546986701222291,-0.999985040165536));
#9817=DIRECTION('center_axis',(7.57533842391259E-17,-0.999985040165536,
-0.00546986701222291));
#9818=DIRECTION('ref_axis',(-1.,-7.52299962434832E-17,-9.58914399127423E-17));
#9819=DIRECTION('',(1.,7.52299962434832E-17,9.58914399127423E-17));
#9820=DIRECTION('center_axis',(-7.57533842391259E-17,0.999985040165536,
0.00546986701222291));
#9821=DIRECTION('ref_axis',(-9.54785073178929E-17,-0.00546986701222291,
0.999985040165536));
#9822=DIRECTION('center_axis',(-7.57533842391259E-17,0.999985040165536,
0.00546986701222291));
#9823=DIRECTION('ref_axis',(-9.54785073178929E-17,-0.00546986701222291,
0.999985040165536));
#9824=DIRECTION('',(1.,7.52299962434832E-17,9.58914399127423E-17));
#9825=DIRECTION('center_axis',(7.57533842391259E-17,-0.999985040165536,
-0.00546986701222291));
#9826=DIRECTION('ref_axis',(9.54785073178929E-17,0.00546986701222291,-0.999985040165536));
#9827=DIRECTION('',(-9.54785073178929E-17,-0.00546986701222291,0.999985040165536));
#9828=DIRECTION('',(-0.94899222899836,0.00172464611370274,-0.315294742893863));
#9829=DIRECTION('',(-1.,-7.52299962434832E-17,-9.58914399127423E-17));
#9830=DIRECTION('',(-0.866025403784429,-0.00273493350611161,0.499992520082785));
#9831=DIRECTION('',(-9.54785073178929E-17,-0.00546986701222291,0.999985040165536));
#9832=DIRECTION('',(0.866025403784429,-0.00273493350611148,0.499992520082785));
#9833=DIRECTION('',(-1.,-7.52299962434832E-17,-9.58914399127423E-17));
#9834=DIRECTION('',(-0.94899222899836,-0.00172464611370289,0.315294742893863));
#9835=DIRECTION('',(1.,7.52299962434832E-17,9.58914399127423E-17));
#9836=DIRECTION('',(-9.54785073178929E-17,-0.00546986701222291,0.999985040165536));
#9837=DIRECTION('center_axis',(7.57533842391259E-17,-0.999985040165536,
-0.00546986701222291));
#9838=DIRECTION('ref_axis',(1.,7.52299962434832E-17,9.58914399127423E-17));
#9839=DIRECTION('',(1.,7.52299962434832E-17,9.58914399127423E-17));
#9840=DIRECTION('center_axis',(7.57533842391259E-17,-0.999985040165536,
-0.00546986701222291));
#9841=DIRECTION('ref_axis',(-9.54785073178929E-17,-0.00546986701222291,
0.999985040165536));
#9842=DIRECTION('',(1.,7.52299962434831E-17,9.58914399127424E-17));
#9843=DIRECTION('',(9.54785073178929E-17,0.00546986701222291,-0.999985040165536));
#9844=DIRECTION('center_axis',(-7.57533842391259E-17,0.999985040165536,
0.00546986701222291));
#9845=DIRECTION('ref_axis',(1.,7.52299962434832E-17,9.58914399127423E-17));
#9846=DIRECTION('',(-1.,-7.52299962434832E-17,-9.58914399127423E-17));
#9847=DIRECTION('center_axis',(-7.57533842391259E-17,0.999985040165536,
0.00546986701222291));
#9848=DIRECTION('ref_axis',(9.54785073178929E-17,0.00546986701222291,-0.999985040165536));
#9849=DIRECTION('',(-9.54785073178929E-17,-0.00546986701222291,0.999985040165536));
#9850=DIRECTION('center_axis',(-7.57533842391259E-17,0.999985040165536,
0.00546986701222291));
#9851=DIRECTION('ref_axis',(-1.,-7.52299962434832E-17,-9.58914399127423E-17));
#9852=DIRECTION('center_axis',(-0.866025403784429,-0.00273493350611161,
0.499992520082785));
#9853=DIRECTION('ref_axis',(-0.500000000000017,0.00473704378790744,-0.866012448187747));
#9854=DIRECTION('',(-0.447213595499977,-0.442969964489757,-0.777031280296956));
#9855=DIRECTION('',(-0.500000000000017,0.00473704378790744,-0.866012448187747));
#9856=DIRECTION('',(7.57533842391259E-17,-0.999985040165536,-0.00546986701222291));
#9857=DIRECTION('center_axis',(9.54785073178929E-17,0.00546986701222291,
-0.999985040165536));
#9858=DIRECTION('ref_axis',(7.57533842391259E-17,-0.999985040165536,-0.00546986701222291));
#9859=DIRECTION('',(-0.707106781186548,0.707096202986153,0.00386778005653135));
#9860=DIRECTION('center_axis',(-9.54785073178929E-17,-0.00546986701222291,
0.999985040165536));
#9861=DIRECTION('ref_axis',(0.707106781186548,0.707096202986153,0.00386778005653149));
#9862=DIRECTION('',(-1.,-7.52299962434832E-17,-9.58914399127423E-17));
#9863=DIRECTION('center_axis',(-9.54785073178929E-17,-0.00546986701222291,
0.999985040165536));
#9864=DIRECTION('ref_axis',(-7.57533842391259E-17,0.999985040165536,0.00546986701222291));
#9865=DIRECTION('',(-0.707106781186547,-0.707096202986153,-0.00386778005653149));
#9866=DIRECTION('center_axis',(-9.54785073178929E-17,-0.00546986701222291,
0.999985040165536));
#9867=DIRECTION('ref_axis',(-0.707106781186548,0.707096202986153,0.00386778005653135));
#9868=DIRECTION('',(-0.707106781186547,-0.707096202986153,-0.00386778005653149));
#9869=DIRECTION('',(-1.,-7.52299962434832E-17,-9.58914399127423E-17));
#9870=DIRECTION('',(7.57533842391259E-17,-0.999985040165536,-0.00546986701222291));
#9871=DIRECTION('',(7.57533842391259E-17,-0.999985040165536,-0.00546986701222291));
#9872=DIRECTION('',(7.57533842391259E-17,-0.999985040165536,-0.00546986701222291));
#9873=DIRECTION('',(7.57533842391259E-17,-0.999985040165536,-0.00546986701222291));
#9874=DIRECTION('',(7.57533842391259E-17,-0.999985040165536,-0.00546986701222291));
#9875=DIRECTION('',(7.57533842391259E-17,-0.999985040165536,-0.00546986701222291));
#9876=DIRECTION('',(7.57533842391259E-17,-0.999985040165536,-0.00546986701222291));
#9877=DIRECTION('',(7.57533842391259E-17,-0.999985040165536,-0.00546986701222291));
#9878=DIRECTION('',(1.,7.52299962434832E-17,9.58914399127423E-17));
#9879=DIRECTION('',(7.57533842391259E-17,-0.999985040165536,-0.00546986701222291));
#9880=DIRECTION('',(-0.707106781186547,0.707096202986153,0.00386778005653135));
#9881=DIRECTION('',(-7.57533842391259E-17,0.999985040165536,0.00546986701222291));
#9882=DIRECTION('center_axis',(-9.54785073178929E-17,-0.00546986701222291,
0.999985040165536));
#9883=DIRECTION('ref_axis',(1.,7.52299962434832E-17,9.58914399127423E-17));
#9884=DIRECTION('center_axis',(-0.707106781186548,-0.707096202986153,-0.00386778005653149));
#9885=DIRECTION('ref_axis',(-0.707106781186548,0.707096202986153,0.00386778005653135));
#9886=DIRECTION('',(-9.54785073178929E-17,-0.00546986701222291,0.999985040165536));
#9887=DIRECTION('',(9.54785073178929E-17,0.00546986701222291,-0.999985040165536));
#9888=DIRECTION('center_axis',(-9.54785073178929E-17,-0.00546986701222291,
0.999985040165536));
#9889=DIRECTION('ref_axis',(1.,7.52299962434832E-17,9.58914399127423E-17));
#9890=DIRECTION('',(-9.54785073178929E-17,-0.00546986701222291,0.999985040165536));
#9891=DIRECTION('center_axis',(1.,7.52299962434832E-17,9.58914399127423E-17));
#9892=DIRECTION('ref_axis',(-9.54785073178929E-17,-0.00546986701222291,
0.999985040165536));
#9893=DIRECTION('',(-9.54785073178929E-17,-0.00546986701222291,0.999985040165536));
#9894=DIRECTION('',(9.54785073178929E-17,0.00546986701222291,-0.999985040165536));
#9895=DIRECTION('',(7.57533842391259E-17,-0.999985040165536,-0.00546986701222291));
#9896=DIRECTION('',(-9.54785073178929E-17,-0.00546986701222291,0.999985040165536));
#9897=DIRECTION('',(-7.57533842391259E-17,0.999985040165536,0.00546986701222291));
#9898=DIRECTION('',(-9.54785073178929E-17,-0.00546986701222291,0.999985040165536));
#9899=DIRECTION('',(7.57533842391259E-17,-0.999985040165536,-0.00546986701222291));
#9900=DIRECTION('',(-9.54785073178929E-17,-0.00546986701222291,0.999985040165536));
#9901=DIRECTION('',(-6.2999326538513E-17,0.992565189748248,-0.121714190216357));
#9902=DIRECTION('center_axis',(1.,7.52299962434832E-17,9.58914399127423E-17));
#9903=DIRECTION('ref_axis',(-8.50722550693972E-17,-0.1325651437122,0.991174294800144));
#9904=DIRECTION('',(8.72779009872544E-17,-0.991174294800145,-0.1325651437122));
#9905=DIRECTION('center_axis',(-1.,-7.52299962434832E-17,-9.58914399127423E-17));
#9906=DIRECTION('ref_axis',(-9.54785073178929E-17,-0.00546986701222291,
0.999985040165536));
#9907=DIRECTION('center_axis',(-1.,-7.52299962434832E-17,-9.58914399127423E-17));
#9908=DIRECTION('ref_axis',(-9.54785073178929E-17,-0.00546986701222291,
0.999985040165536));
#9909=DIRECTION('center_axis',(-1.,-7.52299962434832E-17,-9.58914399127423E-17));
#9910=DIRECTION('ref_axis',(-9.54785073178929E-17,-0.00546986701222291,
0.999985040165536));
#9911=DIRECTION('center_axis',(1.,7.52299962434832E-17,9.58914399127423E-17));
#9912=DIRECTION('ref_axis',(-9.54785073178929E-17,-0.00546986701222291,
0.999985040165536));
#9913=DIRECTION('center_axis',(1.,7.52299962434832E-17,9.58914399127423E-17));
#9914=DIRECTION('ref_axis',(-9.54785073178929E-17,-0.00546986701222291,
0.999985040165536));
#9915=DIRECTION('center_axis',(-1.,-7.52299962434832E-17,-9.58914399127423E-17));
#9916=DIRECTION('ref_axis',(-9.54785073178929E-17,-0.00546986701222291,
0.999985040165536));
#9917=DIRECTION('',(-1.,-7.52299962434832E-17,-9.58914399127423E-17));
#9918=DIRECTION('center_axis',(-1.,-7.52299962434832E-17,-9.58914399127423E-17));
#9919=DIRECTION('ref_axis',(-9.54785073178929E-17,-0.00546986701222291,
0.999985040165536));
#9920=DIRECTION('',(-1.,-7.52299962434832E-17,-9.58914399127423E-17));
#9921=DIRECTION('center_axis',(-1.,-7.52299962434832E-17,-9.58914399127423E-17));
#9922=DIRECTION('ref_axis',(-9.54785073178929E-17,-0.00546986701222291,
0.999985040165536));
#9923=DIRECTION('',(-1.,-7.52299962434832E-17,-9.58914399127423E-17));
#9924=DIRECTION('center_axis',(-1.,-7.52299962434832E-17,-9.58914399127423E-17));
#9925=DIRECTION('ref_axis',(-9.54785073178929E-17,-0.00546986701222291,
0.999985040165536));
#9926=DIRECTION('',(-1.,-7.52299962434832E-17,-9.58914399127423E-17));
#9927=DIRECTION('center_axis',(-1.,-7.52299962434832E-17,-9.58914399127423E-17));
#9928=DIRECTION('ref_axis',(-9.54785073178929E-17,-0.00546986701222291,
0.999985040165536));
#9929=DIRECTION('',(-1.,-7.52299962434832E-17,-9.58914399127423E-17));
#9930=DIRECTION('center_axis',(-1.,-7.52299962434832E-17,-9.58914399127423E-17));
#9931=DIRECTION('ref_axis',(-9.54785073178929E-17,-0.00546986701222291,
0.999985040165536));
#9932=DIRECTION('',(-1.,-7.52299962434832E-17,-9.58914399127423E-17));
#9933=DIRECTION('center_axis',(1.,7.52299962434832E-17,9.58914399127423E-17));
#9934=DIRECTION('ref_axis',(-9.54785073178929E-17,-0.00546986701222291,
0.999985040165536));
#9935=DIRECTION('',(1.,7.52299962434831E-17,9.58914399127423E-17));
#9936=DIRECTION('center_axis',(1.,7.52299962434832E-17,9.58914399127423E-17));
#9937=DIRECTION('ref_axis',(-9.54785073178929E-17,-0.00546986701222291,
0.999985040165536));
#9938=DIRECTION('',(1.,7.52299962434831E-17,9.58914399127423E-17));
#9939=DIRECTION('center_axis',(1.,7.52299962434832E-17,9.58914399127423E-17));
#9940=DIRECTION('ref_axis',(-9.54785073178929E-17,-0.00546986701222291,
0.999985040165536));
#9941=DIRECTION('',(1.,7.52299962434831E-17,9.58914399127423E-17));
#9942=DIRECTION('center_axis',(1.,7.52299962434832E-17,9.58914399127423E-17));
#9943=DIRECTION('ref_axis',(-9.54785073178929E-17,-0.00546986701222291,
0.999985040165536));
#9944=DIRECTION('',(1.,7.52299962434831E-17,9.58914399127423E-17));
#9945=DIRECTION('center_axis',(9.54785073178929E-17,0.00546986701222291,
-0.999985040165536));
#9946=DIRECTION('ref_axis',(-7.57533842391259E-17,0.999985040165536,0.00546986701222291));
#9947=DIRECTION('',(9.54785073178929E-17,0.00546986701222291,-0.999985040165536));
#9948=DIRECTION('center_axis',(7.57533842391259E-17,-0.999985040165536,
-0.00546986701222291));
#9949=DIRECTION('ref_axis',(-1.,-7.52299962434832E-17,-9.58914399127423E-17));
#9950=DIRECTION('',(9.54785073178929E-17,0.00546986701222291,-0.999985040165536));
#9951=DIRECTION('center_axis',(9.54785073178929E-17,0.00546986701222291,
-0.999985040165536));
#9952=DIRECTION('ref_axis',(-0.707106781186548,0.707096202986153,0.00386778005653135));
#9953=DIRECTION('',(9.54785073178929E-17,0.00546986701222291,-0.999985040165536));
#9954=DIRECTION('center_axis',(0.707106781186548,-0.707096202986153,-0.00386778005653135));
#9955=DIRECTION('ref_axis',(-0.707106781186548,-0.707096202986153,-0.00386778005653149));
#9956=DIRECTION('',(9.54785073178929E-17,0.00546986701222291,-0.999985040165536));
#9957=DIRECTION('center_axis',(9.54785073178929E-17,0.00546986701222291,
-0.999985040165536));
#9958=DIRECTION('ref_axis',(-1.,-7.52299962434832E-17,-9.58914399127423E-17));
#9959=DIRECTION('center_axis',(-8.50722550693972E-17,-0.1325651437122,0.991174294800145));
#9960=DIRECTION('ref_axis',(8.72779009872544E-17,-0.991174294800144,-0.1325651437122));
#9961=DIRECTION('',(1.,7.52299962434832E-17,9.58914399127424E-17));
#9962=DIRECTION('center_axis',(-8.50722550693972E-17,-0.1325651437122,0.991174294800145));
#9963=DIRECTION('ref_axis',(8.72779009872544E-17,-0.991174294800144,-0.1325651437122));
#9964=DIRECTION('',(1.,7.52299962434832E-17,9.58914399127424E-17));
#9965=DIRECTION('center_axis',(1.,7.52299962434832E-17,9.58914399127423E-17));
#9966=DIRECTION('ref_axis',(-9.54785073178929E-17,-0.00546986701222291,
0.999985040165536));
#9967=DIRECTION('',(1.,7.52299962434832E-17,9.58914399127424E-17));
#9968=DIRECTION('center_axis',(1.,7.52299962434832E-17,9.58914399127423E-17));
#9969=DIRECTION('ref_axis',(-9.54785073178929E-17,-0.00546986701222291,
0.999985040165536));
#9970=DIRECTION('',(1.,7.52299962434832E-17,9.58914399127424E-17));
#9971=DIRECTION('center_axis',(1.04335063324979E-16,-0.121714190216357,
-0.992565189748249));
#9972=DIRECTION('ref_axis',(-6.2999326538513E-17,0.992565189748249,-0.121714190216357));
#9973=DIRECTION('center_axis',(1.04335063324979E-16,-0.121714190216357,
-0.992565189748249));
#9974=DIRECTION('ref_axis',(-6.2999326538513E-17,0.992565189748249,-0.121714190216357));
#9975=DIRECTION('center_axis',(-0.707106781186548,-0.707096202986153,-0.00386778005653149));
#9976=DIRECTION('ref_axis',(0.707106781186548,-0.707096202986153,-0.00386778005653135));
#9977=DIRECTION('',(-9.54785073178929E-17,-0.00546986701222291,0.999985040165536));
#9978=DIRECTION('',(0.707106781186498,-0.707096202986202,-0.00386778005653163));
#9979=DIRECTION('',(-9.54785073178929E-17,-0.00546986701222291,0.999985040165536));
#9980=DIRECTION('center_axis',(-9.54785073178929E-17,-0.00546986701222291,
0.999985040165536));
#9981=DIRECTION('ref_axis',(1.,7.52299962434832E-17,9.58914399127423E-17));
#9982=DIRECTION('center_axis',(9.54785073178929E-17,0.00546986701222291,
-0.999985040165536));
#9983=DIRECTION('ref_axis',(0.707106781186548,0.707096202986153,0.00386778005653149));
#9984=DIRECTION('center_axis',(-9.54785073178929E-17,-0.00546986701222291,
0.999985040165536));
#9985=DIRECTION('ref_axis',(-7.57533842391259E-17,0.999985040165536,0.00546986701222291));
#9986=DIRECTION('',(-0.707106781186547,0.707096202986153,0.00386778005653135));
#9987=DIRECTION('',(7.57533842391259E-17,-0.999985040165536,-0.00546986701222291));
#9988=DIRECTION('',(1.,7.52299962434832E-17,9.58914399127423E-17));
#9989=DIRECTION('',(7.57533842391259E-17,-0.999985040165536,-0.00546986701222291));
#9990=DIRECTION('',(7.57533842391259E-17,-0.999985040165536,-0.00546986701222291));
#9991=DIRECTION('',(7.57533842391259E-17,-0.999985040165536,-0.00546986701222291));
#9992=DIRECTION('',(7.57533842391259E-17,-0.999985040165536,-0.00546986701222291));
#9993=DIRECTION('',(7.57533842391259E-17,-0.999985040165536,-0.00546986701222291));
#9994=DIRECTION('',(7.57533842391259E-17,-0.999985040165536,-0.00546986701222291));
#9995=DIRECTION('',(7.57533842391259E-17,-0.999985040165536,-0.00546986701222291));
#9996=DIRECTION('',(7.57533842391259E-17,-0.999985040165536,-0.00546986701222291));
#9997=DIRECTION('',(-1.,-7.52299962434832E-17,-9.58914399127423E-17));
#9998=DIRECTION('',(7.57533842391259E-17,-0.999985040165536,-0.00546986701222291));
#9999=DIRECTION('',(-0.707106781186547,-0.707096202986153,-0.00386778005653149));
#10000=DIRECTION('center_axis',(9.54785073178929E-17,0.00546986701222291,
-0.999985040165536));
#10001=DIRECTION('ref_axis',(-1.,-7.52299962434832E-17,-9.58914399127423E-17));
#10002=DIRECTION('',(0.707106781186547,0.707096202986153,0.00386778005653149));
#10003=DIRECTION('center_axis',(9.54785073178929E-17,0.00546986701222291,
-0.999985040165536));
#10004=DIRECTION('ref_axis',(-0.707106781186548,0.707096202986153,0.00386778005653135));
#10005=DIRECTION('',(1.,7.52299962434832E-17,9.58914399127423E-17));
#10006=DIRECTION('center_axis',(9.54785073178929E-17,0.00546986701222291,
-0.999985040165536));
#10007=DIRECTION('ref_axis',(-7.57533842391259E-17,0.999985040165536,0.00546986701222291));
#10008=DIRECTION('center_axis',(-9.54785073178929E-17,-0.00546986701222291,
0.999985040165536));
#10009=DIRECTION('ref_axis',(0.707106781186548,0.707096202986153,0.00386778005653149));
#10010=DIRECTION('',(-9.54785073178929E-17,-0.00546986701222291,0.999985040165536));
#10011=DIRECTION('center_axis',(7.57533842391259E-17,-0.999985040165536,
-0.00546986701222291));
#10012=DIRECTION('ref_axis',(1.,7.52299962434832E-17,9.58914399127423E-17));
#10013=DIRECTION('',(-9.54785073178929E-17,-0.00546986701222291,0.999985040165536));
#10014=DIRECTION('center_axis',(-9.54785073178929E-17,-0.00546986701222291,
0.999985040165536));
#10015=DIRECTION('ref_axis',(-7.57533842391259E-17,0.999985040165536,0.00546986701222291));
#10016=DIRECTION('',(-9.54785073178929E-17,-0.00546986701222291,0.999985040165536));
#10017=DIRECTION('center_axis',(0.707106781186548,-0.707096202986153,-0.00386778005653135));
#10018=DIRECTION('ref_axis',(0.707106781186548,0.707096202986153,0.00386778005653149));
#10019=DIRECTION('',(9.54785073178929E-17,0.00546986701222291,-0.999985040165536));
#10020=DIRECTION('center_axis',(9.54785073178929E-17,0.00546986701222291,
-0.999985040165536));
#10021=DIRECTION('ref_axis',(-1.,-7.52299962434832E-17,-9.58914399127423E-17));
#10022=DIRECTION('center_axis',(0.707106781186548,-0.707096202986153,-0.00386778005653135));
#10023=DIRECTION('ref_axis',(-0.707106781186548,-0.707096202986153,-0.00386778005653149));
#10024=DIRECTION('',(-0.707106781186548,-0.707096202986153,-0.00386778005653149));
#10025=DIRECTION('',(-0.447213595499977,-0.45144384602748,0.77213888251007));
#10026=DIRECTION('',(-9.54785073178929E-17,-0.00546986701222291,0.999985040165536));
#10027=DIRECTION('',(-0.447213595499977,-0.442969964489757,-0.777031280296956));
#10028=DIRECTION('center_axis',(0.707106781186548,-0.707096202986153,-0.00386778005653135));
#10029=DIRECTION('ref_axis',(-0.707106781186548,-0.707096202986153,-0.00386778005653149));
#10030=DIRECTION('',(-0.447213595499978,-0.45144384602748,0.77213888251007));
#10031=DIRECTION('',(9.54785073178929E-17,0.00546986701222291,-0.999985040165536));
#10032=DIRECTION('center_axis',(9.54785073178929E-17,0.00546986701222291,
-0.999985040165536));
#10033=DIRECTION('ref_axis',(-1.,-7.52299962434832E-17,-9.58914399127423E-17));
#10034=DIRECTION('',(0.707106781186547,0.707096202986153,0.00386778005653149));
#10035=DIRECTION('center_axis',(-9.54785073178929E-17,-0.00546986701222291,
0.999985040165536));
#10036=DIRECTION('ref_axis',(-0.707106781186498,0.707096202986203,0.00386778005653163));
#10037=DIRECTION('',(0.241976907558599,0.970267493339463,0.00530731355138194));
#10038=DIRECTION('',(7.57533842391259E-17,-0.999985040165536,-0.00546986701222291));
#10039=DIRECTION('',(1.,7.52299962434832E-17,9.58914399127423E-17));
#10040=DIRECTION('',(-7.57533842391259E-17,0.999985040165536,0.00546986701222291));
#10041=DIRECTION('',(-1.,-7.52299962434832E-17,-9.58914399127423E-17));
#10042=DIRECTION('',(-7.57533842391259E-17,0.999985040165536,0.00546986701222291));
#10043=DIRECTION('',(-1.,-7.52299962434832E-17,-9.58914399127424E-17));
#10044=DIRECTION('',(7.57533842391259E-17,-0.999985040165536,-0.00546986701222291));
#10045=DIRECTION('center_axis',(-9.54785073178929E-17,-0.00546986701222291,
0.999985040165536));
#10046=DIRECTION('ref_axis',(-0.298035998654217,0.954540350990687,0.00522128688730713));
#10047=DIRECTION('center_axis',(9.54785073178929E-17,0.00546986701222291,
-0.999985040165536));
#10048=DIRECTION('ref_axis',(-1.,-7.52299962434832E-17,-9.58914399127423E-17));
#10049=DIRECTION('',(-7.57533842391259E-17,0.999985040165536,0.00546986701222291));
#10050=DIRECTION('',(1.,7.52299962434832E-17,9.58914399127424E-17));
#10051=DIRECTION('',(7.57533842391259E-17,-0.999985040165536,-0.00546986701222291));
#10052=DIRECTION('',(1.,7.52299962434832E-17,9.58914399127423E-17));
#10053=DIRECTION('',(7.57533842391259E-17,-0.999985040165536,-0.00546986701222291));
#10054=DIRECTION('',(-1.,-7.52299962434832E-17,-9.58914399127423E-17));
#10055=DIRECTION('',(7.57533842391259E-17,-0.999985040165536,-0.00546986701222291));
#10056=DIRECTION('',(-0.707106781186548,0.707096202986153,0.00386778005653135));
#10057=DIRECTION('',(0.241976907558505,-0.970267493339486,-0.00530731355138202));
#10058=DIRECTION('center_axis',(-9.54785073178929E-17,-0.00546986701222291,
0.999985040165536));
#10059=DIRECTION('ref_axis',(0.970282008597718,0.241973287624024,0.00132358150437407));
#10060=DIRECTION('',(-0.707106781186548,0.707096202986153,0.00386778005653135));
#10061=DIRECTION('center_axis',(-9.54785073178929E-17,-0.00546986701222291,
0.999985040165536));
#10062=DIRECTION('ref_axis',(0.707106781186548,0.707096202986153,0.00386778005653149));
#10063=DIRECTION('center_axis',(-0.707106781186548,0.707096202986153,0.00386778005653135));
#10064=DIRECTION('ref_axis',(0.707106781186548,0.707096202986153,0.00386778005653149));
#10065=DIRECTION('',(-9.54785073178929E-17,-0.00546986701222291,0.999985040165536));
#10066=DIRECTION('',(9.54785073178929E-17,0.00546986701222291,-0.999985040165536));
#10067=DIRECTION('',(0.707106781186547,0.707096202986153,0.00386778005653149));
#10068=DIRECTION('center_axis',(-9.54785073178929E-17,-0.00546986701222291,
0.999985040165536));
#10069=DIRECTION('ref_axis',(-0.707106781186548,0.707096202986153,0.00386778005653135));
#10070=DIRECTION('center_axis',(9.54785073178929E-17,0.00546986701222291,
-0.999985040165536));
#10071=DIRECTION('ref_axis',(-0.970282008597718,0.241973287624023,0.00132358150437388));
#10072=DIRECTION('',(-9.54785073178929E-17,-0.00546986701222291,0.999985040165536));
#10073=DIRECTION('center_axis',(0.970282008597719,-0.241973287624023,-0.00132358150437388));
#10074=DIRECTION('ref_axis',(0.241976907558505,0.970267493339486,0.00530731355138207));
#10075=DIRECTION('',(0.241976907558599,0.970267493339463,0.00530731355138194));
#10076=DIRECTION('center_axis',(9.54785073178929E-17,0.00546986701222291,
-0.999985040165536));
#10077=DIRECTION('ref_axis',(-1.,-7.52299962434832E-17,-9.58914399127423E-17));
#10078=DIRECTION('',(-7.57533842391259E-17,0.999985040165536,0.00546986701222291));
#10079=DIRECTION('',(7.57533842391259E-17,-0.999985040165536,-0.00546986701222291));
#10080=DIRECTION('',(-0.707106781186547,-0.707096202986153,-0.00386778005653149));
#10081=DIRECTION('center_axis',(9.54785073178929E-17,0.00546986701222291,
-0.999985040165536));
#10082=DIRECTION('ref_axis',(-0.707106781186548,0.707096202986153,0.00386778005653135));
#10083=DIRECTION('center_axis',(9.54785073178929E-17,0.00546986701222291,
-0.999985040165536));
#10084=DIRECTION('ref_axis',(-1.,-7.52299962434832E-17,-9.58914399127423E-17));
#10085=DIRECTION('',(-0.707106781186548,0.707096202986153,0.00386778005653135));
#10086=DIRECTION('center_axis',(9.54785073178929E-17,0.00546986701222291,
-0.999985040165536));
#10087=DIRECTION('ref_axis',(0.707106781186548,0.707096202986153,0.00386778005653149));
#10088=DIRECTION('',(0.241976907558505,-0.970267493339486,-0.00530731355138202));
#10089=DIRECTION('',(-0.707106781186548,0.707096202986153,0.00386778005653135));
#10090=DIRECTION('',(7.57533842391259E-17,-0.999985040165536,-0.00546986701222291));
#10091=DIRECTION('',(-7.57533842391259E-17,0.999985040165536,0.00546986701222291));
#10092=DIRECTION('center_axis',(9.54785073178929E-17,0.00546986701222291,
-0.999985040165536));
#10093=DIRECTION('ref_axis',(0.330391126091901,0.943829990151959,0.00516270176144265));
#10094=DIRECTION('center_axis',(0.315299459721587,0.00519086128825404,-0.948978032231707));
#10095=DIRECTION('ref_axis',(0.94899222899836,-0.00172464611370274,0.315294742893863));
#10096=DIRECTION('',(7.57533842391259E-17,-0.999985040165536,-0.00546986701222291));
#10097=DIRECTION('center_axis',(0.315299459721587,0.00519086128825404,-0.948978032231707));
#10098=DIRECTION('ref_axis',(-0.94899222899836,0.00172464611370274,-0.315294742893863));
#10099=DIRECTION('center_axis',(9.54785073178929E-17,0.00546986701222291,
-0.999985040165536));
#10100=DIRECTION('ref_axis',(-0.707106781186548,0.707096202986153,0.00386778005653135));
#10101=DIRECTION('center_axis',(-0.315299459721587,-0.00519086128825404,
0.948978032231707));
#10102=DIRECTION('ref_axis',(-0.94899222899836,0.00172464611370274,-0.315294742893863));
#10103=DIRECTION('center_axis',(-0.315299459721587,-0.00519086128825404,
0.948978032231707));
#10104=DIRECTION('ref_axis',(-0.94899222899836,0.00172464611370274,-0.315294742893863));
#10105=DIRECTION('',(-0.94899222899836,0.00172464611370274,-0.315294742893863));
#10106=DIRECTION('',(7.57533842391259E-17,-0.999985040165536,-0.00546986701222291));
#10107=DIRECTION('center_axis',(-0.866025403784429,0.00273493350611148,
-0.499992520082785));
#10108=DIRECTION('ref_axis',(0.500000000000017,0.00473704378790751,-0.866012448187747));
#10109=DIRECTION('',(0.500000000000017,0.00473704378790751,-0.866012448187747));
#10110=DIRECTION('',(7.57533842391259E-17,-0.999985040165536,-0.00546986701222291));
#10111=DIRECTION('center_axis',(-0.866025403784429,-0.00273493350611161,
0.499992520082785));
#10112=DIRECTION('ref_axis',(-0.500000000000017,0.00473704378790744,-0.866012448187747));
#10113=DIRECTION('',(-0.500000000000017,0.00473704378790744,-0.866012448187747));
#10114=DIRECTION('center_axis',(-7.57533842391259E-17,0.999985040165536,
0.00546986701222291));
#10115=DIRECTION('ref_axis',(-1.,-7.52299962434832E-17,-9.58914399127423E-17));
#10116=DIRECTION('',(-0.500000000000017,-0.00473704378790751,0.866012448187747));
#10117=DIRECTION('',(0.500000000000017,-0.00473704378790744,0.866012448187747));
#10118=DIRECTION('',(1.,7.52299962434832E-17,9.58914399127423E-17));
#10119=DIRECTION('',(0.500000000000017,0.00473704378790751,-0.866012448187747));
#10120=DIRECTION('',(-0.500000000000017,0.00473704378790744,-0.866012448187747));
#10121=DIRECTION('',(0.500000000000017,-0.00473704378790744,0.866012448187747));
#10122=DIRECTION('',(-0.500000000000017,-0.00473704378790751,0.866012448187747));
#10123=DIRECTION('center_axis',(0.866025403784429,-0.00273493350611148,
0.499992520082785));
#10124=DIRECTION('ref_axis',(-0.500000000000017,-0.00473704378790751,0.866012448187747));
#10125=DIRECTION('center_axis',(0.866025403784429,0.00273493350611161,-0.499992520082785));
#10126=DIRECTION('ref_axis',(0.500000000000017,-0.00473704378790744,0.866012448187747));
#10127=DIRECTION('center_axis',(0.866025403784429,0.00273493350611161,-0.499992520082785));
#10128=DIRECTION('ref_axis',(-0.500000000000017,0.00473704378790744,-0.866012448187747));
#10129=DIRECTION('',(-7.57533842391259E-17,0.999985040165536,0.00546986701222291));
#10130=DIRECTION('',(-0.500000000000017,0.00473704378790744,-0.866012448187747));
#10131=DIRECTION('center_axis',(7.57533842391259E-17,-0.999985040165536,
-0.00546986701222291));
#10132=DIRECTION('ref_axis',(-1.,-7.52299962434832E-17,-9.58914399127423E-17));
#10133=DIRECTION('',(0.500000000000017,-0.00473704378790744,0.866012448187747));
#10134=DIRECTION('',(-0.500000000000017,-0.00473704378790751,0.866012448187747));
#10135=DIRECTION('',(0.500000000000017,0.00473704378790751,-0.866012448187747));
#10136=DIRECTION('',(1.,7.52299962434832E-17,9.58914399127423E-17));
#10137=DIRECTION('center_axis',(-7.57533842391259E-17,0.999985040165536,
0.00546986701222291));
#10138=DIRECTION('ref_axis',(-1.,-7.52299962434832E-17,-9.58914399127423E-17));
#10139=DIRECTION('center_axis',(-0.866025403784429,-0.00273493350611161,
0.499992520082785));
#10140=DIRECTION('ref_axis',(0.500000000000017,-0.00473704378790744,0.866012448187747));
#10141=DIRECTION('',(-7.57533842391259E-17,0.999985040165536,0.00546986701222291));
#10142=DIRECTION('',(7.57533842391259E-17,-0.999985040165536,-0.00546986701222291));
#10143=DIRECTION('center_axis',(-0.866025403784429,0.00273493350611148,
-0.499992520082785));
#10144=DIRECTION('ref_axis',(-0.500000000000017,-0.00473704378790751,0.866012448187747));
#10145=DIRECTION('center_axis',(-9.54785073178929E-17,-0.00546986701222291,
0.999985040165536));
#10146=DIRECTION('ref_axis',(1.,7.52299962434832E-17,9.58914399127423E-17));
#10147=DIRECTION('',(-7.57533842391259E-17,0.999985040165536,0.00546986701222291));
#10148=DIRECTION('center_axis',(0.866025403784429,-0.00273493350611148,
0.499992520082785));
#10149=DIRECTION('ref_axis',(0.500000000000017,0.00473704378790751,-0.866012448187747));
#10150=DIRECTION('center_axis',(-7.57533842391259E-17,0.999985040165536,
0.00546986701222291));
#10151=DIRECTION('ref_axis',(-1.,-7.52299962434832E-17,-9.58914399127423E-17));
#10152=DIRECTION('',(-7.57533842391259E-17,0.999985040165536,0.00546986701222291));
#10153=DIRECTION('center_axis',(7.57533842391259E-17,-0.999985040165536,
-0.00546986701222291));
#10154=DIRECTION('ref_axis',(-1.,-7.52299962434832E-17,-9.58914399127423E-17));
#10155=DIRECTION('center_axis',(-9.54785073178929E-17,-0.00546986701222291,
0.999985040165536));
#10156=DIRECTION('ref_axis',(-1.,-7.52299962434832E-17,-9.58914399127423E-17));
#10157=DIRECTION('',(7.57533842391259E-17,-0.999985040165536,-0.00546986701222291));
#10158=DIRECTION('',(7.57533842391259E-17,-0.999985040165536,-0.00546986701222291));
#10159=DIRECTION('',(7.57533842391259E-17,-0.999985040165536,-0.00546986701222291));
#10160=DIRECTION('',(7.57533842391259E-17,-0.999985040165536,-0.00546986701222291));
#10161=DIRECTION('center_axis',(-9.54785073178929E-17,-0.00546986701222291,
0.999985040165536));
#10162=DIRECTION('ref_axis',(-1.,-7.52299962434832E-17,-9.58914399127423E-17));
#10163=DIRECTION('',(7.57533842391259E-17,-0.999985040165536,-0.00546986701222291));
#10164=DIRECTION('',(7.57533842391259E-17,-0.999985040165536,-0.00546986701222291));
#10165=DIRECTION('',(7.57533842391259E-17,-0.999985040165536,-0.00546986701222291));
#10166=DIRECTION('center_axis',(-1.,-7.52299962434832E-17,-9.58914399127423E-17));
#10167=DIRECTION('ref_axis',(9.54785073178929E-17,0.00546986701222291,-0.999985040165536));
#10168=DIRECTION('',(-7.57533842391259E-17,0.999985040165536,0.00546986701222291));
#10169=DIRECTION('',(9.54785073178929E-17,0.00546986701222291,-0.999985040165536));
#10170=DIRECTION('',(7.57533842391259E-17,-0.999985040165536,-0.00546986701222291));
#10171=DIRECTION('',(7.57533842391259E-17,-0.999985040165536,-0.00546986701222291));
#10172=DIRECTION('',(7.57533842391259E-17,-0.999985040165536,-0.00546986701222291));
#10173=DIRECTION('',(7.57533842391259E-17,-0.999985040165536,-0.00546986701222291));
#10174=DIRECTION('center_axis',(-0.500000000000017,0.00473704378790744,
-0.866012448187747));
#10175=DIRECTION('ref_axis',(0.866025403784429,0.00273493350611161,-0.499992520082785));
#10176=DIRECTION('',(7.57533842391259E-17,-0.999985040165536,-0.00546986701222291));
#10177=DIRECTION('',(0.866025403784429,0.00273493350611161,-0.499992520082785));
#10178=DIRECTION('center_axis',(7.57533842391259E-17,-0.999985040165536,
-0.00546986701222291));
#10179=DIRECTION('ref_axis',(-9.54785073178929E-17,-0.00546986701222291,
0.999985040165536));
#10180=DIRECTION('',(0.866025403784429,-0.00273493350611148,0.499992520082785));
#10181=DIRECTION('',(-9.54785073178929E-17,-0.00546986701222291,0.999985040165536));
#10182=DIRECTION('',(-0.866025403784429,-0.00273493350611161,0.499992520082785));
#10183=DIRECTION('',(-0.866025403784429,0.00273493350611148,-0.499992520082785));
#10184=DIRECTION('center_axis',(-7.57533842391259E-17,0.999985040165536,
0.00546986701222291));
#10185=DIRECTION('ref_axis',(9.54785073178929E-17,0.00546986701222291,-0.999985040165536));
#10186=DIRECTION('center_axis',(-0.500000000000017,-0.00473704378790751,
0.866012448187747));
#10187=DIRECTION('ref_axis',(-0.866025403784429,0.00273493350611148,-0.499992520082785));
#10188=DIRECTION('',(7.57533842391259E-17,-0.999985040165536,-0.00546986701222291));
#10189=DIRECTION('center_axis',(0.500000000000017,-0.00473704378790744,
0.866012448187747));
#10190=DIRECTION('ref_axis',(-0.866025403784429,-0.00273493350611161,0.499992520082785));
#10191=DIRECTION('',(7.57533842391259E-17,-0.999985040165536,-0.00546986701222291));
#10192=DIRECTION('center_axis',(1.,7.52299962434832E-17,9.58914399127423E-17));
#10193=DIRECTION('ref_axis',(-9.54785073178929E-17,-0.00546986701222291,
0.999985040165536));
#10194=DIRECTION('',(7.57533842391259E-17,-0.999985040165536,-0.00546986701222291));
#10195=DIRECTION('center_axis',(0.500000000000017,0.00473704378790751,-0.866012448187747));
#10196=DIRECTION('ref_axis',(0.866025403784429,-0.00273493350611148,0.499992520082785));
#10197=DIRECTION('center_axis',(-7.57533842391259E-17,0.999985040165536,
0.00546986701222291));
#10198=DIRECTION('ref_axis',(-9.54785073178929E-17,-0.00546986701222291,
0.999985040165536));
#10199=DIRECTION('',(-7.57533842391259E-17,0.999985040165536,0.00546986701222291));
#10200=DIRECTION('center_axis',(7.57533842391259E-17,-0.999985040165536,
-0.00546986701222291));
#10201=DIRECTION('ref_axis',(-9.54785073178929E-17,-0.00546986701222291,
0.999985040165536));
#10202=DIRECTION('center_axis',(-0.500000000000017,0.00473704378790744,
-0.866012448187747));
#10203=DIRECTION('ref_axis',(0.866025403784429,0.00273493350611161,-0.499992520082785));
#10204=DIRECTION('center_axis',(-9.54785073178929E-17,-0.00546986701222291,
0.999985040165536));
#10205=DIRECTION('ref_axis',(-1.,-7.52299962434832E-17,-9.58914399127423E-17));
#10206=DIRECTION('',(7.57533842391259E-17,-0.999985040165536,-0.00546986701222291));
#10207=DIRECTION('',(7.57533842391259E-17,-0.999985040165536,-0.00546986701222291));
#10208=DIRECTION('',(7.57533842391259E-17,-0.999985040165536,-0.00546986701222291));
#10209=DIRECTION('center_axis',(-9.54785073178929E-17,-0.00546986701222291,
0.999985040165536));
#10210=DIRECTION('ref_axis',(-1.,-7.52299962434832E-17,-9.58914399127423E-17));
#10211=DIRECTION('',(7.57533842391259E-17,-0.999985040165536,-0.00546986701222291));
#10212=DIRECTION('',(7.57533842391259E-17,-0.999985040165536,-0.00546986701222291));
#10213=DIRECTION('',(7.57533842391259E-17,-0.999985040165536,-0.00546986701222291));
#10214=DIRECTION('',(7.57533842391259E-17,-0.999985040165536,-0.00546986701222291));
#10215=DIRECTION('center_axis',(-0.315299459721587,-0.00519086128825404,
0.948978032231707));
#10216=DIRECTION('ref_axis',(-0.94899222899836,0.00172464611370274,-0.315294742893863));
#10217=DIRECTION('center_axis',(-0.315299459721587,-0.00519086128825404,
0.948978032231707));
#10218=DIRECTION('ref_axis',(0.94899222899836,-0.00172464611370274,0.315294742893863));
#10219=DIRECTION('center_axis',(-9.54785073178929E-17,-0.00546986701222291,
0.999985040165536));
#10220=DIRECTION('ref_axis',(0.707106781186548,0.707096202986153,0.00386778005653149));
#10221=DIRECTION('',(-9.54785073178929E-17,-0.00546986701222291,0.999985040165536));
#10222=DIRECTION('center_axis',(0.315299459721587,0.00519086128825404,-0.948978032231707));
#10223=DIRECTION('ref_axis',(0.94899222899836,-0.00172464611370274,0.315294742893863));
#10224=DIRECTION('center_axis',(0.707106781186548,0.707096202986153,0.00386778005653149));
#10225=DIRECTION('ref_axis',(-0.707106781186548,0.707096202986153,0.00386778005653135));
#10226=DIRECTION('',(9.54785073178929E-17,0.00546986701222291,-0.999985040165536));
#10227=DIRECTION('center_axis',(9.54785073178929E-17,0.00546986701222291,
-0.999985040165536));
#10228=DIRECTION('ref_axis',(0.707106781186548,0.707096202986153,0.00386778005653149));
#10229=DIRECTION('',(9.54785073178929E-17,0.00546986701222291,-0.999985040165536));
#10230=DIRECTION('center_axis',(-0.970282008597718,-0.241973287624024,-0.00132358150437407));
#10231=DIRECTION('ref_axis',(-0.241976907558505,0.970267493339486,0.00530731355138203));
#10232=DIRECTION('center_axis',(0.315299459721587,0.00519086128825404,-0.948978032231707));
#10233=DIRECTION('ref_axis',(0.94899222899836,-0.00172464611370274,0.315294742893863));
#10234=DIRECTION('',(0.94899222899836,-0.00172464611370274,0.315294742893863));
#10235=DIRECTION('',(7.57533842391259E-17,-0.999985040165536,-0.00546986701222291));
#10236=DIRECTION('',(7.57533842391259E-17,-0.999985040165536,-0.00546986701222291));
#10237=DIRECTION('center_axis',(9.54785073178929E-17,0.00546986701222291,
-0.999985040165536));
#10238=DIRECTION('ref_axis',(1.,7.52299962434832E-17,9.58914399127423E-17));
#10239=DIRECTION('',(7.57533842391259E-17,-0.999985040165536,-0.00546986701222291));
#10240=DIRECTION('',(7.57533842391259E-17,-0.999985040165536,-0.00546986701222291));
#10241=DIRECTION('',(7.57533842391259E-17,-0.999985040165536,-0.00546986701222291));
#10242=DIRECTION('',(7.57533842391259E-17,-0.999985040165536,-0.00546986701222291));
#10243=DIRECTION('',(7.57533842391259E-17,-0.999985040165536,-0.00546986701222291));
#10244=DIRECTION('',(7.57533842391259E-17,-0.999985040165536,-0.00546986701222291));
#10245=DIRECTION('center_axis',(-0.500000000000017,0.00473704378790744,
-0.866012448187747));
#10246=DIRECTION('ref_axis',(0.866025403784429,0.00273493350611161,-0.499992520082785));
#10247=DIRECTION('',(7.57533842391259E-17,-0.999985040165536,-0.00546986701222291));
#10248=DIRECTION('center_axis',(-1.,-7.52299962434832E-17,-9.58914399127423E-17));
#10249=DIRECTION('ref_axis',(9.54785073178929E-17,0.00546986701222291,-0.999985040165536));
#10250=DIRECTION('',(7.57533842391259E-17,-0.999985040165536,-0.00546986701222291));
#10251=DIRECTION('center_axis',(-0.500000000000017,-0.00473704378790751,
0.866012448187747));
#10252=DIRECTION('ref_axis',(-0.866025403784429,0.00273493350611148,-0.499992520082785));
#10253=DIRECTION('center_axis',(0.500000000000017,0.00473704378790751,-0.866012448187747));
#10254=DIRECTION('ref_axis',(0.866025403784429,-0.00273493350611148,0.499992520082785));
#10255=DIRECTION('',(7.57533842391259E-17,-0.999985040165536,-0.00546986701222291));
#10256=DIRECTION('center_axis',(1.,7.52299962434832E-17,9.58914399127423E-17));
#10257=DIRECTION('ref_axis',(-9.54785073178929E-17,-0.00546986701222291,
0.999985040165536));
#10258=DIRECTION('',(7.57533842391259E-17,-0.999985040165536,-0.00546986701222291));
#10259=DIRECTION('center_axis',(0.500000000000017,-0.00473704378790744,
0.866012448187747));
#10260=DIRECTION('ref_axis',(-0.866025403784429,-0.00273493350611161,0.499992520082785));
#10261=DIRECTION('center_axis',(-0.500000000000017,0.00473704378790744,
-0.866012448187747));
#10262=DIRECTION('ref_axis',(0.866025403784429,0.00273493350611161,-0.499992520082785));
#10263=DIRECTION('',(7.57533842391259E-17,-0.999985040165536,-0.00546986701222291));
#10264=DIRECTION('center_axis',(-1.,-7.52299962434832E-17,-9.58914399127423E-17));
#10265=DIRECTION('ref_axis',(9.54785073178929E-17,0.00546986701222291,-0.999985040165536));
#10266=DIRECTION('',(7.57533842391259E-17,-0.999985040165536,-0.00546986701222291));
#10267=DIRECTION('center_axis',(-0.500000000000017,-0.00473704378790751,
0.866012448187747));
#10268=DIRECTION('ref_axis',(-0.866025403784429,0.00273493350611148,-0.499992520082785));
#10269=DIRECTION('center_axis',(0.500000000000017,0.00473704378790751,-0.866012448187747));
#10270=DIRECTION('ref_axis',(0.866025403784429,-0.00273493350611148,0.499992520082785));
#10271=DIRECTION('',(7.57533842391259E-17,-0.999985040165536,-0.00546986701222291));
#10272=DIRECTION('center_axis',(1.,7.52299962434832E-17,9.58914399127423E-17));
#10273=DIRECTION('ref_axis',(-9.54785073178929E-17,-0.00546986701222291,
0.999985040165536));
#10274=DIRECTION('',(7.57533842391259E-17,-0.999985040165536,-0.00546986701222291));
#10275=DIRECTION('center_axis',(0.500000000000017,-0.00473704378790744,
0.866012448187747));
#10276=DIRECTION('ref_axis',(-0.866025403784429,-0.00273493350611161,0.499992520082785));
#10277=DIRECTION('center_axis',(-0.500000000000017,0.00473704378790744,
-0.866012448187747));
#10278=DIRECTION('ref_axis',(0.866025403784429,0.00273493350611161,-0.499992520082785));
#10279=DIRECTION('',(7.57533842391259E-17,-0.999985040165536,-0.00546986701222291));
#10280=DIRECTION('center_axis',(-1.,-7.52299962434832E-17,-9.58914399127423E-17));
#10281=DIRECTION('ref_axis',(9.54785073178929E-17,0.00546986701222291,-0.999985040165536));
#10282=DIRECTION('',(7.57533842391259E-17,-0.999985040165536,-0.00546986701222291));
#10283=DIRECTION('center_axis',(-0.500000000000017,-0.00473704378790751,
0.866012448187747));
#10284=DIRECTION('ref_axis',(-0.866025403784429,0.00273493350611148,-0.499992520082785));
#10285=DIRECTION('center_axis',(0.500000000000017,0.00473704378790751,-0.866012448187747));
#10286=DIRECTION('ref_axis',(0.866025403784429,-0.00273493350611148,0.499992520082785));
#10287=DIRECTION('',(7.57533842391259E-17,-0.999985040165536,-0.00546986701222291));
#10288=DIRECTION('center_axis',(1.,7.52299962434832E-17,9.58914399127423E-17));
#10289=DIRECTION('ref_axis',(-9.54785073178929E-17,-0.00546986701222291,
0.999985040165536));
#10290=DIRECTION('',(7.57533842391259E-17,-0.999985040165536,-0.00546986701222291));
#10291=DIRECTION('center_axis',(0.500000000000017,-0.00473704378790744,
0.866012448187747));
#10292=DIRECTION('ref_axis',(-0.866025403784429,-0.00273493350611161,0.499992520082785));
#10293=DIRECTION('center_axis',(0.866025403784429,-0.00273493350611148,
0.499992520082785));
#10294=DIRECTION('ref_axis',(-0.500000000000017,-0.00473704378790751,0.866012448187747));
#10295=DIRECTION('',(-0.500000000000017,-0.00473704378790751,0.866012448187747));
#10296=DIRECTION('',(7.57533842391259E-17,-0.999985040165536,-0.00546986701222291));
#10297=DIRECTION('center_axis',(0.866025403784429,0.00273493350611161,-0.499992520082785));
#10298=DIRECTION('ref_axis',(0.500000000000017,-0.00473704378790744,0.866012448187747));
#10299=DIRECTION('',(0.500000000000017,-0.00473704378790744,0.866012448187747));
#10300=DIRECTION('center_axis',(-7.57533842391259E-17,0.999985040165536,
0.00546986701222291));
#10301=DIRECTION('ref_axis',(1.,7.52299962434832E-17,9.58914399127423E-17));
#10302=DIRECTION('',(0.500000000000017,0.00473704378790751,-0.866012448187747));
#10303=DIRECTION('',(-0.500000000000017,0.00473704378790744,-0.866012448187747));
#10304=DIRECTION('',(-1.,-7.52299962434832E-17,-9.58914399127423E-17));
#10305=DIRECTION('',(-0.500000000000017,-0.00473704378790751,0.866012448187747));
#10306=DIRECTION('',(0.500000000000017,-0.00473704378790744,0.866012448187747));
#10307=DIRECTION('',(-0.500000000000017,0.00473704378790744,-0.866012448187747));
#10308=DIRECTION('',(9.54785073178929E-17,0.00546986701222291,-0.999985040165536));
#10309=DIRECTION('',(0.500000000000017,0.00473704378790751,-0.866012448187747));
#10310=DIRECTION('center_axis',(-0.866025403784429,0.00273493350611148,
-0.499992520082785));
#10311=DIRECTION('ref_axis',(0.500000000000017,0.00473704378790751,-0.866012448187747));
#10312=DIRECTION('',(0.447213595499978,-0.442969964489757,-0.777031280296956));
#10313=DIRECTION('center_axis',(-0.707106781186548,-0.707096202986153,-0.00386778005653149));
#10314=DIRECTION('ref_axis',(-0.707106781186548,0.707096202986153,0.00386778005653135));
#10315=DIRECTION('',(0.447213595499978,-0.442969964489757,-0.777031280296956));
#10316=DIRECTION('',(-9.54785073178929E-17,-0.00546986701222291,0.999985040165536));
#10317=DIRECTION('',(0.447213595499977,-0.45144384602748,0.77213888251007));
#10318=DIRECTION('center_axis',(-0.707106781186548,-0.707096202986153,-0.00386778005653149));
#10319=DIRECTION('ref_axis',(-0.707106781186548,0.707096202986153,0.00386778005653135));
#10320=DIRECTION('',(0.447213595499977,-0.45144384602748,0.77213888251007));
#10321=DIRECTION('center_axis',(0.866025403784429,0.00273493350611161,-0.499992520082785));
#10322=DIRECTION('ref_axis',(0.500000000000017,-0.00473704378790744,0.866012448187747));
#10323=DIRECTION('',(0.500000000000017,-0.00473704378790744,0.866012448187747));
#10324=DIRECTION('center_axis',(7.57533842391259E-17,-0.999985040165536,
-0.00546986701222291));
#10325=DIRECTION('ref_axis',(1.,7.52299962434832E-17,9.58914399127423E-17));
#10326=DIRECTION('',(0.94899222899836,0.00172464611370289,-0.315294742893863));
#10327=DIRECTION('',(-0.500000000000017,0.00473704378790744,-0.866012448187747));
#10328=DIRECTION('',(0.500000000000017,0.00473704378790751,-0.866012448187747));
#10329=DIRECTION('',(-0.500000000000017,-0.00473704378790751,0.866012448187747));
#10330=DIRECTION('',(0.500000000000017,0.00473704378790751,-0.866012448187747));
#10331=DIRECTION('',(-0.500000000000017,0.00473704378790744,-0.866012448187747));
#10332=DIRECTION('',(-1.,-7.52299962434832E-17,-9.58914399127423E-17));
#10333=DIRECTION('',(-0.500000000000017,-0.00473704378790751,0.866012448187747));
#10334=DIRECTION('',(0.500000000000017,-0.00473704378790744,0.866012448187747));
#10335=DIRECTION('center_axis',(-0.315299459721587,0.005190861288254,-0.948978032231707));
#10336=DIRECTION('ref_axis',(0.94899222899836,0.00172464611370289,-0.315294742893863));
#10337=DIRECTION('',(7.57533842391259E-17,-0.999985040165536,-0.00546986701222291));
#10338=DIRECTION('center_axis',(0.315299459721587,-0.005190861288254,0.948978032231707));
#10339=DIRECTION('ref_axis',(0.94899222899836,0.00172464611370289,-0.315294742893863));
#10340=DIRECTION('center_axis',(-9.54785073178929E-17,-0.00546986701222291,
0.999985040165536));
#10341=DIRECTION('ref_axis',(0.707106781186548,0.707096202986153,0.00386778005653149));
#10342=DIRECTION('',(-9.54785073178929E-17,-0.00546986701222291,0.999985040165536));
#10343=DIRECTION('center_axis',(-0.315299459721587,0.005190861288254,-0.948978032231707));
#10344=DIRECTION('ref_axis',(0.94899222899836,0.00172464611370289,-0.315294742893863));
#10345=DIRECTION('center_axis',(-0.707106781186548,-0.707096202986153,-0.00386778005653149));
#10346=DIRECTION('ref_axis',(-0.707106781186548,0.707096202986153,0.00386778005653135));
#10347=DIRECTION('',(9.54785073178929E-17,0.00546986701222291,-0.999985040165536));
#10348=DIRECTION('center_axis',(9.54785073178929E-17,0.00546986701222291,
-0.999985040165536));
#10349=DIRECTION('ref_axis',(0.707106781186548,0.707096202986153,0.00386778005653149));
#10350=DIRECTION('',(9.54785073178929E-17,0.00546986701222291,-0.999985040165536));
#10351=DIRECTION('center_axis',(-0.970282008597718,-0.241973287624024,-0.00132358150437407));
#10352=DIRECTION('ref_axis',(0.241976907558505,-0.970267493339486,-0.00530731355138203));
#10353=DIRECTION('center_axis',(0.315299459721587,-0.005190861288254,0.948978032231707));
#10354=DIRECTION('ref_axis',(-0.94899222899836,-0.00172464611370289,0.315294742893863));
#10355=DIRECTION('center_axis',(-0.866025403784429,-0.00273493350611161,
0.499992520082785));
#10356=DIRECTION('ref_axis',(-0.500000000000017,0.00473704378790744,-0.866012448187747));
#10357=DIRECTION('',(7.57533842391259E-17,-0.999985040165536,-0.00546986701222291));
#10358=DIRECTION('center_axis',(-0.866025403784429,0.00273493350611148,
-0.499992520082785));
#10359=DIRECTION('ref_axis',(0.500000000000017,0.00473704378790751,-0.866012448187747));
#10360=DIRECTION('center_axis',(-0.866025403784429,-0.00273493350611161,
0.499992520082785));
#10361=DIRECTION('ref_axis',(0.500000000000017,-0.00473704378790744,0.866012448187747));
#10362=DIRECTION('',(7.57533842391259E-17,-0.999985040165536,-0.00546986701222291));
#10363=DIRECTION('',(0.500000000000017,-0.00473704378790744,0.866012448187747));
#10364=DIRECTION('center_axis',(-7.57533842391259E-17,0.999985040165536,
0.00546986701222291));
#10365=DIRECTION('ref_axis',(1.,7.52299962434832E-17,9.58914399127423E-17));
#10366=DIRECTION('',(-0.500000000000017,-0.00473704378790751,0.866012448187747));
#10367=DIRECTION('',(-1.,-7.52299962434832E-17,-9.58914399127423E-17));
#10368=DIRECTION('',(-0.500000000000017,0.00473704378790744,-0.866012448187747));
#10369=DIRECTION('',(0.500000000000017,0.00473704378790751,-0.866012448187747));
#10370=DIRECTION('center_axis',(-7.57533842391259E-17,0.999985040165536,
0.00546986701222291));
#10371=DIRECTION('ref_axis',(-1.,-7.52299962434832E-17,-9.58914399127423E-17));
#10372=DIRECTION('center_axis',(-0.866025403784429,0.00273493350611148,
-0.499992520082785));
#10373=DIRECTION('ref_axis',(-0.500000000000017,-0.00473704378790751,0.866012448187747));
#10374=DIRECTION('',(-7.57533842391259E-17,0.999985040165536,0.00546986701222291));
#10375=DIRECTION('center_axis',(9.54785073178929E-17,0.00546986701222291,
-0.999985040165536));
#10376=DIRECTION('ref_axis',(-1.,-7.52299962434832E-17,-9.58914399127423E-17));
#10377=DIRECTION('',(7.57533842391259E-17,-0.999985040165536,-0.00546986701222291));
#10378=DIRECTION('center_axis',(0.866025403784429,0.00273493350611161,-0.499992520082785));
#10379=DIRECTION('ref_axis',(-0.500000000000017,0.00473704378790744,-0.866012448187747));
#10380=DIRECTION('',(7.57533842391259E-17,-0.999985040165536,-0.00546986701222291));
#10381=DIRECTION('center_axis',(0.866025403784429,-0.00273493350611148,
0.499992520082785));
#10382=DIRECTION('ref_axis',(0.500000000000017,0.00473704378790751,-0.866012448187747));
#10383=DIRECTION('center_axis',(-7.57533842391259E-17,0.999985040165536,
0.00546986701222291));
#10384=DIRECTION('ref_axis',(-1.,-7.52299962434832E-17,-9.58914399127423E-17));
#10385=DIRECTION('',(-7.57533842391259E-17,0.999985040165536,0.00546986701222291));
#10386=DIRECTION('center_axis',(7.57533842391259E-17,-0.999985040165536,
-0.00546986701222291));
#10387=DIRECTION('ref_axis',(-1.,-7.52299962434832E-17,-9.58914399127423E-17));
#10388=DIRECTION('center_axis',(0.866025403784429,-0.00273493350611148,
0.499992520082785));
#10389=DIRECTION('ref_axis',(-0.500000000000017,-0.00473704378790751,0.866012448187747));
#10390=DIRECTION('center_axis',(-0.866025403784429,-0.00273493350611161,
0.499992520082785));
#10391=DIRECTION('ref_axis',(-0.500000000000017,0.00473704378790744,-0.866012448187747));
#10392=DIRECTION('center_axis',(-0.866025403784429,-0.00273493350611161,
0.499992520082785));
#10393=DIRECTION('ref_axis',(0.500000000000017,-0.00473704378790744,0.866012448187747));
#10394=DIRECTION('',(-7.57533842391259E-17,0.999985040165536,0.00546986701222291));
#10395=DIRECTION('',(0.500000000000017,-0.00473704378790744,0.866012448187747));
#10396=DIRECTION('center_axis',(7.57533842391259E-17,-0.999985040165536,
-0.00546986701222291));
#10397=DIRECTION('ref_axis',(1.,7.52299962434832E-17,9.58914399127423E-17));
#10398=DIRECTION('',(-0.500000000000017,0.00473704378790744,-0.866012448187747));
#10399=DIRECTION('',(0.500000000000017,0.00473704378790751,-0.866012448187747));
#10400=DIRECTION('',(-0.500000000000017,-0.00473704378790751,0.866012448187747));
#10401=DIRECTION('',(-1.,-7.52299962434832E-17,-9.58914399127423E-17));
#10402=DIRECTION('center_axis',(-7.57533842391259E-17,0.999985040165536,
0.00546986701222291));
#10403=DIRECTION('ref_axis',(-1.,-7.52299962434832E-17,-9.58914399127423E-17));
#10404=DIRECTION('center_axis',(0.866025403784429,0.00273493350611161,-0.499992520082785));
#10405=DIRECTION('ref_axis',(-0.500000000000017,0.00473704378790744,-0.866012448187747));
#10406=DIRECTION('',(-7.57533842391259E-17,0.999985040165536,0.00546986701222291));
#10407=DIRECTION('',(7.57533842391259E-17,-0.999985040165536,-0.00546986701222291));
#10408=DIRECTION('center_axis',(0.866025403784429,-0.00273493350611148,
0.499992520082785));
#10409=DIRECTION('ref_axis',(0.500000000000017,0.00473704378790751,-0.866012448187747));
#10410=DIRECTION('center_axis',(9.54785073178929E-17,0.00546986701222291,
-0.999985040165536));
#10411=DIRECTION('ref_axis',(-1.,-7.52299962434832E-17,-9.58914399127423E-17));
#10412=DIRECTION('',(-7.57533842391259E-17,0.999985040165536,0.00546986701222291));
#10413=DIRECTION('center_axis',(-0.866025403784429,0.00273493350611148,
-0.499992520082785));
#10414=DIRECTION('ref_axis',(-0.500000000000017,-0.00473704378790751,0.866012448187747));
#10415=DIRECTION('center_axis',(-7.57533842391259E-17,0.999985040165536,
0.00546986701222291));
#10416=DIRECTION('ref_axis',(-1.,-7.52299962434832E-17,-9.58914399127423E-17));
#10417=DIRECTION('',(-7.57533842391259E-17,0.999985040165536,0.00546986701222291));
#10418=DIRECTION('center_axis',(7.57533842391259E-17,-0.999985040165536,
-0.00546986701222291));
#10419=DIRECTION('ref_axis',(-1.,-7.52299962434832E-17,-9.58914399127423E-17));
#10420=DIRECTION('center_axis',(0.500000000000017,-0.00473704378790744,
0.866012448187747));
#10421=DIRECTION('ref_axis',(-0.866025403784429,-0.00273493350611161,0.499992520082785));
#10422=DIRECTION('',(7.57533842391259E-17,-0.999985040165536,-0.00546986701222291));
#10423=DIRECTION('center_axis',(1.,7.52299962434832E-17,9.58914399127423E-17));
#10424=DIRECTION('ref_axis',(-9.54785073178929E-17,-0.00546986701222291,
0.999985040165536));
#10425=DIRECTION('',(7.57533842391259E-17,-0.999985040165536,-0.00546986701222291));
#10426=DIRECTION('center_axis',(0.500000000000017,0.00473704378790751,-0.866012448187747));
#10427=DIRECTION('ref_axis',(0.866025403784429,-0.00273493350611148,0.499992520082785));
#10428=DIRECTION('center_axis',(-0.500000000000017,-0.00473704378790751,
0.866012448187747));
#10429=DIRECTION('ref_axis',(-0.866025403784429,0.00273493350611148,-0.499992520082785));
#10430=DIRECTION('center_axis',(1.,7.52299962434832E-17,9.58914399127423E-17));
#10431=DIRECTION('ref_axis',(-9.54785073178929E-17,-0.00546986701222291,
0.999985040165536));
#10432=DIRECTION('',(7.57533842391259E-17,-0.999985040165536,-0.00546986701222291));
#10433=DIRECTION('',(-9.54785073178929E-17,-0.00546986701222291,0.999985040165536));
#10434=DIRECTION('',(7.57533842391259E-17,-0.999985040165536,-0.00546986701222291));
#10435=DIRECTION('',(7.57533842391259E-17,-0.999985040165536,-0.00546986701222291));
#10436=DIRECTION('',(7.57533842391259E-17,-0.999985040165536,-0.00546986701222291));
#10437=DIRECTION('center_axis',(0.500000000000017,-0.00473704378790744,
0.866012448187747));
#10438=DIRECTION('ref_axis',(-0.866025403784429,-0.00273493350611161,0.499992520082785));
#10439=DIRECTION('',(7.57533842391259E-17,-0.999985040165536,-0.00546986701222291));
#10440=DIRECTION('',(-0.866025403784429,-0.00273493350611161,0.499992520082785));
#10441=DIRECTION('center_axis',(7.57533842391259E-17,-0.999985040165536,
-0.00546986701222291));
#10442=DIRECTION('ref_axis',(-9.54785073178929E-17,-0.00546986701222291,
0.999985040165536));
#10443=DIRECTION('',(0.866025403784429,0.00273493350611161,-0.499992520082785));
#10444=DIRECTION('',(0.866025403784429,-0.00273493350611148,0.499992520082785));
#10445=DIRECTION('',(-0.866025403784429,0.00273493350611148,-0.499992520082785));
#10446=DIRECTION('',(9.54785073178929E-17,0.00546986701222291,-0.999985040165536));
#10447=DIRECTION('center_axis',(-7.57533842391259E-17,0.999985040165536,
0.00546986701222291));
#10448=DIRECTION('ref_axis',(9.54785073178929E-17,0.00546986701222291,-0.999985040165536));
#10449=DIRECTION('center_axis',(-0.500000000000017,0.00473704378790744,
-0.866012448187747));
#10450=DIRECTION('ref_axis',(0.866025403784429,0.00273493350611161,-0.499992520082785));
#10451=DIRECTION('',(7.57533842391259E-17,-0.999985040165536,-0.00546986701222291));
#10452=DIRECTION('',(-7.57533842391259E-17,0.999985040165536,0.00546986701222291));
#10453=DIRECTION('center_axis',(0.500000000000017,0.00473704378790751,-0.866012448187747));
#10454=DIRECTION('ref_axis',(0.866025403784429,-0.00273493350611148,0.499992520082785));
#10455=DIRECTION('center_axis',(-1.,-7.52299962434832E-17,-9.58914399127423E-17));
#10456=DIRECTION('ref_axis',(9.54785073178929E-17,0.00546986701222291,-0.999985040165536));
#10457=DIRECTION('',(7.57533842391259E-17,-0.999985040165536,-0.00546986701222291));
#10458=DIRECTION('center_axis',(-0.500000000000017,-0.00473704378790751,
0.866012448187747));
#10459=DIRECTION('ref_axis',(-0.866025403784429,0.00273493350611148,-0.499992520082785));
#10460=DIRECTION('center_axis',(-7.57533842391259E-17,0.999985040165536,
0.00546986701222291));
#10461=DIRECTION('ref_axis',(-9.54785073178929E-17,-0.00546986701222291,
0.999985040165536));
#10462=DIRECTION('',(-7.57533842391259E-17,0.999985040165536,0.00546986701222291));
#10463=DIRECTION('center_axis',(7.57533842391259E-17,-0.999985040165536,
-0.00546986701222291));
#10464=DIRECTION('ref_axis',(-9.54785073178929E-17,-0.00546986701222291,
0.999985040165536));
#10465=DIRECTION('center_axis',(0.500000000000017,-0.00473704378790744,
0.866012448187747));
#10466=DIRECTION('ref_axis',(-0.866025403784429,-0.00273493350611161,0.499992520082785));
#10467=DIRECTION('center_axis',(0.500000000000017,0.00473704378790751,-0.866012448187747));
#10468=DIRECTION('ref_axis',(0.866025403784429,-0.00273493350611148,0.499992520082785));
#10469=DIRECTION('center_axis',(-0.500000000000017,-0.00473704378790751,
0.866012448187747));
#10470=DIRECTION('ref_axis',(-0.866025403784429,0.00273493350611148,-0.499992520082785));
#10471=DIRECTION('',(7.57533842391259E-17,-0.999985040165536,-0.00546986701222291));
#10472=DIRECTION('center_axis',(-1.,-7.52299962434832E-17,-9.58914399127423E-17));
#10473=DIRECTION('ref_axis',(9.54785073178929E-17,0.00546986701222291,-0.999985040165536));
#10474=DIRECTION('',(7.57533842391259E-17,-0.999985040165536,-0.00546986701222291));
#10475=DIRECTION('center_axis',(-0.500000000000017,0.00473704378790744,
-0.866012448187747));
#10476=DIRECTION('ref_axis',(0.866025403784429,0.00273493350611161,-0.499992520082785));
#10477=DIRECTION('center_axis',(-0.315299459721587,0.005190861288254,-0.948978032231707));
#10478=DIRECTION('ref_axis',(0.94899222899836,0.00172464611370289,-0.315294742893863));
#10479=DIRECTION('center_axis',(0.315299459721587,-0.005190861288254,0.948978032231707));
#10480=DIRECTION('ref_axis',(-0.94899222899836,-0.00172464611370289,0.315294742893863));
#10481=DIRECTION('center_axis',(9.54785073178929E-17,0.00546986701222291,
-0.999985040165536));
#10482=DIRECTION('ref_axis',(-0.707106781186548,0.707096202986153,0.00386778005653135));
#10483=DIRECTION('center_axis',(0.707106781186548,-0.707096202986153,-0.00386778005653135));
#10484=DIRECTION('ref_axis',(-0.707106781186548,-0.707096202986153,-0.00386778005653149));
#10485=DIRECTION('center_axis',(0.707106781186548,-0.707096202986153,-0.00386778005653135));
#10486=DIRECTION('ref_axis',(-0.707106781186548,-0.707096202986153,-0.00386778005653149));
#10487=DIRECTION('center_axis',(1.,7.52299962434832E-17,9.58914399127423E-17));
#10488=DIRECTION('ref_axis',(9.54785073178929E-17,0.00546986701222291,-0.999985040165536));
#10489=DIRECTION('',(-7.57533842391259E-17,0.999985040165536,0.00546986701222291));
#10490=DIRECTION('center_axis',(1.,7.52299962434832E-17,9.58914399127423E-17));
#10491=DIRECTION('ref_axis',(9.54785073178929E-17,0.00546986701222291,-0.999985040165536));
#10492=DIRECTION('',(7.57533842391259E-17,-0.999985040165536,-0.00546986701222291));
#10493=DIRECTION('center_axis',(-7.57533842391259E-17,0.999985040165536,
0.00546986701222291));
#10494=DIRECTION('ref_axis',(-1.,-7.52299962434832E-17,-9.58914399127423E-17));
#10495=DIRECTION('',(-7.57533842391259E-17,0.999985040165536,0.00546986701222291));
#10496=DIRECTION('center_axis',(-7.57533842391259E-17,0.999985040165536,
0.00546986701222291));
#10497=DIRECTION('ref_axis',(-1.,-7.52299962434832E-17,-9.58914399127423E-17));
#10498=DIRECTION('center_axis',(9.54785073178929E-17,0.00546986701222291,
-0.999985040165536));
#10499=DIRECTION('ref_axis',(-1.,-7.52299962434832E-17,-9.58914399127423E-17));
#10500=DIRECTION('',(7.57533842391259E-17,-0.999985040165536,-0.00546986701222291));
#10501=DIRECTION('',(1.,7.52299962434832E-17,9.58914399127424E-17));
#10502=DIRECTION('center_axis',(7.57533842391259E-17,-0.999985040165536,
-0.00546986701222291));
#10503=DIRECTION('ref_axis',(1.,7.58998617563112E-17,-2.65714079506538E-17));
#10504=DIRECTION('center_axis',(-7.57533842391259E-17,0.999985040165536,
0.00546986701222291));
#10505=DIRECTION('ref_axis',(-1.,-7.52299962434832E-17,-9.58914399127423E-17));
#10506=DIRECTION('',(7.57533842391259E-17,-0.999985040165536,-0.00546986701222291));
#10507=DIRECTION('center_axis',(9.54785073178929E-17,0.00546986701222291,
-0.999985040165536));
#10508=DIRECTION('ref_axis',(1.,7.52299962434832E-17,9.58914399127423E-17));
#10509=DIRECTION('',(-7.57533842391259E-17,0.999985040165536,0.00546986701222291));
#10510=DIRECTION('',(-1.,-7.52299962434832E-17,-9.58914399127424E-17));
#10511=DIRECTION('center_axis',(-1.,-7.52299962434832E-17,-9.58914399127423E-17));
#10512=DIRECTION('ref_axis',(-9.54785073178929E-17,-0.00546986701222291,
0.999985040165536));
#10513=DIRECTION('',(7.57533842391259E-17,-0.999985040165536,-0.00546986701222291));
#10514=DIRECTION('',(9.54785073178929E-17,0.00546986701222291,-0.999985040165536));
#10515=DIRECTION('center_axis',(7.57533842391259E-17,-0.999985040165536,
-0.00546986701222291));
#10516=DIRECTION('ref_axis',(-1.,-7.52299962434832E-17,-9.58914399127423E-17));
#10517=DIRECTION('',(7.57533842391259E-17,-0.999985040165536,-0.00546986701222291));
#10518=DIRECTION('center_axis',(7.57533842391259E-17,-0.999985040165536,
-0.00546986701222291));
#10519=DIRECTION('ref_axis',(-1.,-7.52299962434832E-17,-9.58914399127423E-17));
#10520=DIRECTION('center_axis',(9.54785073178929E-17,0.00546986701222291,
-0.999985040165536));
#10521=DIRECTION('ref_axis',(-1.,-7.52299962434832E-17,-9.58914399127423E-17));
#10522=DIRECTION('',(7.57533842391259E-17,-0.999985040165536,-0.00546986701222291));
#10523=DIRECTION('',(1.,7.52299962434832E-17,9.58914399127424E-17));
#10524=DIRECTION('center_axis',(7.57533842391259E-17,-0.999985040165536,
-0.00546986701222291));
#10525=DIRECTION('ref_axis',(9.54785073178929E-17,0.00546986701222291,-0.999985040165536));
#10526=DIRECTION('',(7.57533842391259E-17,-0.999985040165536,-0.00546986701222291));
#10527=DIRECTION('center_axis',(7.57533842391259E-17,-0.999985040165536,
-0.00546986701222291));
#10528=DIRECTION('ref_axis',(9.54785073178929E-17,0.00546986701222291,-0.999985040165536));
#10529=DIRECTION('center_axis',(1.,7.52299962434832E-17,9.58914399127423E-17));
#10530=DIRECTION('ref_axis',(9.54785073178929E-17,0.00546986701222291,-0.999985040165536));
#10531=DIRECTION('',(7.57533842391259E-17,-0.999985040165536,-0.00546986701222291));
#10532=DIRECTION('',(-9.54785073178929E-17,-0.00546986701222291,0.999985040165536));
#10533=DIRECTION('center_axis',(7.57533842391259E-17,-0.999985040165536,
-0.00546986701222291));
#10534=DIRECTION('ref_axis',(1.,7.52299962434832E-17,9.58914399127423E-17));
#10535=DIRECTION('',(7.57533842391259E-17,-0.999985040165536,-0.00546986701222291));
#10536=DIRECTION('center_axis',(7.57533842391259E-17,-0.999985040165536,
-0.00546986701222291));
#10537=DIRECTION('ref_axis',(1.,7.52299962434832E-17,9.58914399127423E-17));
#10538=DIRECTION('center_axis',(-9.54785073178929E-17,-0.00546986701222291,
0.999985040165536));
#10539=DIRECTION('ref_axis',(1.,7.52299962434832E-17,9.58914399127423E-17));
#10540=DIRECTION('',(7.57533842391259E-17,-0.999985040165536,-0.00546986701222291));
#10541=DIRECTION('',(-1.,-7.52299962434832E-17,-9.58914399127424E-17));
#10542=DIRECTION('center_axis',(7.57533842391259E-17,-0.999985040165536,
-0.00546986701222291));
#10543=DIRECTION('ref_axis',(-1.,-7.52299962434832E-17,-9.58914399127423E-17));
#10544=DIRECTION('center_axis',(-7.57533842391259E-17,0.999985040165536,
0.00546986701222291));
#10545=DIRECTION('ref_axis',(-1.,-7.52299962434832E-17,-9.58914399127423E-17));
#10546=DIRECTION('center_axis',(-1.,-7.52299962434832E-17,-9.58914399127423E-17));
#10547=DIRECTION('ref_axis',(-9.54785073178929E-17,-0.00546986701222291,
0.999985040165536));
#10548=DIRECTION('',(7.57533842391259E-17,-0.999985040165536,-0.00546986701222291));
#10549=DIRECTION('',(1.05490587067815E-16,-0.00546986701222291,0.999985040165536));
#10550=DIRECTION('center_axis',(-1.,-7.52299962434832E-17,-9.58914399127423E-17));
#10551=DIRECTION('ref_axis',(-9.54785073178929E-17,-0.00546986701222291,
0.999985040165536));
#10552=DIRECTION('',(-7.57533842391259E-17,0.999985040165536,0.00546986701222291));
#10553=DIRECTION('',(1.05490587067815E-16,-0.00546986701222291,0.999985040165536));
#10554=DIRECTION('center_axis',(7.57533842391259E-17,-0.999985040165536,
-0.00546986701222291));
#10555=DIRECTION('ref_axis',(1.,7.52299962434832E-17,9.58914399127423E-17));
#10556=DIRECTION('',(7.57533842391259E-17,-0.999985040165536,-0.00546986701222291));
#10557=DIRECTION('center_axis',(-7.57533842391259E-17,0.999985040165536,
0.00546986701222291));
#10558=DIRECTION('ref_axis',(1.,7.52299962434832E-17,9.58914399127423E-17));
#10559=DIRECTION('center_axis',(9.54785073178929E-17,0.00546986701222291,
-0.999985040165536));
#10560=DIRECTION('ref_axis',(-1.,-7.52299962434832E-17,-9.58914399127423E-17));
#10561=DIRECTION('',(1.,7.52299962434832E-17,9.58914399127424E-17));
#10562=DIRECTION('',(7.57533842391259E-17,-0.999985040165536,-0.00546986701222291));
#10563=DIRECTION('center_axis',(7.57533842391259E-17,-0.999985040165536,
-0.00546986701222291));
#10564=DIRECTION('ref_axis',(-1.,-7.52299962434832E-17,-9.58914399127423E-17));
#10565=DIRECTION('center_axis',(-7.57533842391259E-17,0.999985040165536,
0.00546986701222291));
#10566=DIRECTION('ref_axis',(-1.,-7.52299962434832E-17,-9.58914399127423E-17));
#10567=DIRECTION('',(7.57533842391259E-17,-0.999985040165536,-0.00546986701222291));
#10568=DIRECTION('center_axis',(9.54785073178929E-17,0.00546986701222291,
-0.999985040165536));
#10569=DIRECTION('ref_axis',(1.,7.52299962434832E-17,9.58914399127423E-17));
#10570=DIRECTION('',(-7.57533842391259E-17,0.999985040165536,0.00546986701222291));
#10571=DIRECTION('',(-1.,-7.52299962434832E-17,-9.58914399127424E-17));
#10572=DIRECTION('center_axis',(1.,7.52299962434832E-17,9.58914399127423E-17));
#10573=DIRECTION('ref_axis',(9.54785073178929E-17,0.00546986701222291,-0.999985040165536));
#10574=DIRECTION('',(7.57533842391259E-17,-0.999985040165536,-0.00546986701222291));
#10575=DIRECTION('',(-9.54785073178929E-17,-0.00546986701222291,0.999985040165536));
#10576=DIRECTION('center_axis',(7.57533842391259E-17,-0.999985040165536,
-0.00546986701222291));
#10577=DIRECTION('ref_axis',(9.54785073178929E-17,0.00546986701222291,-0.999985040165536));
#10578=DIRECTION('',(7.57533842391259E-17,-0.999985040165536,-0.00546986701222291));
#10579=DIRECTION('center_axis',(7.57533842391259E-17,-0.999985040165536,
-0.00546986701222291));
#10580=DIRECTION('ref_axis',(9.54785073178929E-17,0.00546986701222291,-0.999985040165536));
#10581=DIRECTION('center_axis',(9.54785073178929E-17,0.00546986701222291,
-0.999985040165536));
#10582=DIRECTION('ref_axis',(-1.,-7.52299962434832E-17,-9.58914399127423E-17));
#10583=DIRECTION('',(7.57533842391259E-17,-0.999985040165536,-0.00546986701222291));
#10584=DIRECTION('',(1.,7.52299962434832E-17,9.58914399127424E-17));
#10585=DIRECTION('center_axis',(7.57533842391259E-17,-0.999985040165536,
-0.00546986701222291));
#10586=DIRECTION('ref_axis',(-1.,-7.52299962434832E-17,-9.58914399127423E-17));
#10587=DIRECTION('',(7.57533842391259E-17,-0.999985040165536,-0.00546986701222291));
#10588=DIRECTION('center_axis',(7.57533842391259E-17,-0.999985040165536,
-0.00546986701222291));
#10589=DIRECTION('ref_axis',(-1.,-7.52299962434832E-17,-9.58914399127423E-17));
#10590=DIRECTION('center_axis',(-1.,-7.52299962434832E-17,-9.58914399127423E-17));
#10591=DIRECTION('ref_axis',(-9.54785073178929E-17,-0.00546986701222291,
0.999985040165536));
#10592=DIRECTION('',(7.57533842391259E-17,-0.999985040165536,-0.00546986701222291));
#10593=DIRECTION('',(9.54785073178929E-17,0.00546986701222291,-0.999985040165536));
#10594=DIRECTION('center_axis',(7.57533842391259E-17,-0.999985040165536,
-0.00546986701222291));
#10595=DIRECTION('ref_axis',(-9.54785073178929E-17,-0.00546986701222291,
0.999985040165536));
#10596=DIRECTION('',(7.57533842391259E-17,-0.999985040165536,-0.00546986701222291));
#10597=DIRECTION('center_axis',(7.57533842391259E-17,-0.999985040165536,
-0.00546986701222291));
#10598=DIRECTION('ref_axis',(-9.54785073178929E-17,-0.00546986701222291,
0.999985040165536));
#10599=DIRECTION('center_axis',(-9.54785073178929E-17,-0.00546986701222291,
0.999985040165536));
#10600=DIRECTION('ref_axis',(1.,7.52299962434832E-17,9.58914399127423E-17));
#10601=DIRECTION('',(-1.,-7.52299962434832E-17,-9.58914399127424E-17));
#10602=DIRECTION('',(-7.57533842391259E-17,0.999985040165536,0.00546986701222291));
#10603=DIRECTION('center_axis',(-7.57533842391259E-17,0.999985040165536,
0.00546986701222291));
#10604=DIRECTION('ref_axis',(1.,7.52299962434832E-17,9.58914399127423E-17));
#10605=DIRECTION('center_axis',(-7.57533842391259E-17,0.999985040165536,
0.00546986701222291));
#10606=DIRECTION('ref_axis',(1.,7.52299962434832E-17,9.58914399127423E-17));
#10607=DIRECTION('center_axis',(-0.707106781186548,-0.707096202986153,-0.00386778005653149));
#10608=DIRECTION('ref_axis',(-0.707106781186548,0.707096202986153,0.00386778005653135));
#10609=DIRECTION('',(1.05490587067815E-16,-0.00546986701222291,0.999985040165536));
#10610=DIRECTION('center_axis',(-0.707106781186548,-0.707096202986153,-0.00386778005653149));
#10611=DIRECTION('ref_axis',(-0.707106781186548,0.707096202986153,0.00386778005653135));
#10612=DIRECTION('',(1.05490587067815E-16,-0.00546986701222291,0.999985040165536));
#10613=DIRECTION('center_axis',(7.57533842391259E-17,-0.999985040165536,
-0.00546986701222291));
#10614=DIRECTION('ref_axis',(-1.,-7.52299962434832E-17,-9.58914399127423E-17));
#10615=DIRECTION('',(0.500000000000017,-0.00473704378790744,0.866012448187747));
#10616=DIRECTION('',(-0.500000000000017,-0.00473704378790751,0.866012448187747));
#10617=DIRECTION('',(0.500000000000017,0.00473704378790751,-0.866012448187747));
#10618=DIRECTION('',(-0.500000000000017,-0.00473704378790751,0.866012448187747));
#10619=DIRECTION('',(0.500000000000017,-0.00473704378790744,0.866012448187747));
#10620=DIRECTION('',(1.,7.52299962434832E-17,9.58914399127423E-17));
#10621=DIRECTION('',(0.500000000000017,0.00473704378790751,-0.866012448187747));
#10622=DIRECTION('',(-0.500000000000017,0.00473704378790744,-0.866012448187747));
#10623=DIRECTION('center_axis',(0.866025403784429,0.00273493350611161,-0.499992520082785));
#10624=DIRECTION('ref_axis',(-0.500000000000017,0.00473704378790744,-0.866012448187747));
#10625=DIRECTION('',(7.57533842391259E-17,-0.999985040165536,-0.00546986701222291));
#10626=DIRECTION('',(-0.500000000000017,0.00473704378790744,-0.866012448187747));
#10627=DIRECTION('center_axis',(-7.57533842391259E-17,0.999985040165536,
0.00546986701222291));
#10628=DIRECTION('ref_axis',(-1.,-7.52299962434832E-17,-9.58914399127423E-17));
#10629=DIRECTION('',(0.500000000000017,0.00473704378790751,-0.866012448187747));
#10630=DIRECTION('',(1.,7.52299962434832E-17,9.58914399127423E-17));
#10631=DIRECTION('',(0.500000000000017,-0.00473704378790744,0.866012448187747));
#10632=DIRECTION('',(-0.500000000000017,-0.00473704378790751,0.866012448187747));
#10633=DIRECTION('center_axis',(-7.57533842391259E-17,0.999985040165536,
0.00546986701222291));
#10634=DIRECTION('ref_axis',(-1.,-7.52299962434832E-17,-9.58914399127423E-17));
#10635=DIRECTION('center_axis',(0.866025403784429,-0.00273493350611148,
0.499992520082785));
#10636=DIRECTION('ref_axis',(0.500000000000017,0.00473704378790751,-0.866012448187747));
#10637=DIRECTION('',(-7.57533842391259E-17,0.999985040165536,0.00546986701222291));
#10638=DIRECTION('center_axis',(-9.54785073178929E-17,-0.00546986701222291,
0.999985040165536));
#10639=DIRECTION('ref_axis',(1.,7.52299962434832E-17,9.58914399127423E-17));
#10640=DIRECTION('',(7.57533842391259E-17,-0.999985040165536,-0.00546986701222291));
#10641=DIRECTION('center_axis',(-0.866025403784429,-0.00273493350611161,
0.499992520082785));
#10642=DIRECTION('ref_axis',(0.500000000000017,-0.00473704378790744,0.866012448187747));
#10643=DIRECTION('',(7.57533842391259E-17,-0.999985040165536,-0.00546986701222291));
#10644=DIRECTION('center_axis',(-0.866025403784429,0.00273493350611148,
-0.499992520082785));
#10645=DIRECTION('ref_axis',(-0.500000000000017,-0.00473704378790751,0.866012448187747));
#10646=DIRECTION('center_axis',(-7.57533842391259E-17,0.999985040165536,
0.00546986701222291));
#10647=DIRECTION('ref_axis',(-1.,-7.52299962434832E-17,-9.58914399127423E-17));
#10648=DIRECTION('',(-7.57533842391259E-17,0.999985040165536,0.00546986701222291));
#10649=DIRECTION('center_axis',(7.57533842391259E-17,-0.999985040165536,
-0.00546986701222291));
#10650=DIRECTION('ref_axis',(-1.,-7.52299962434832E-17,-9.58914399127423E-17));
#10651=DIRECTION('center_axis',(-0.866025403784429,0.00273493350611148,
-0.499992520082785));
#10652=DIRECTION('ref_axis',(0.500000000000017,0.00473704378790751,-0.866012448187747));
#10653=DIRECTION('center_axis',(0.866025403784429,-0.00273493350611148,
0.499992520082785));
#10654=DIRECTION('ref_axis',(-0.500000000000017,-0.00473704378790751,0.866012448187747));
#10655=DIRECTION('',(7.57533842391259E-17,-0.999985040165536,-0.00546986701222291));
#10656=DIRECTION('center_axis',(0.866025403784429,0.00273493350611161,-0.499992520082785));
#10657=DIRECTION('ref_axis',(0.500000000000017,-0.00473704378790744,0.866012448187747));
#10658=DIRECTION('center_axis',(-0.500000000000017,0.00473704378790744,
-0.866012448187747));
#10659=DIRECTION('ref_axis',(0.866025403784429,0.00273493350611161,-0.499992520082785));
#10660=DIRECTION('',(7.57533842391259E-17,-0.999985040165536,-0.00546986701222291));
#10661=DIRECTION('center_axis',(-1.,-7.52299962434832E-17,-9.58914399127423E-17));
#10662=DIRECTION('ref_axis',(9.54785073178929E-17,0.00546986701222291,-0.999985040165536));
#10663=DIRECTION('',(7.57533842391259E-17,-0.999985040165536,-0.00546986701222291));
#10664=DIRECTION('center_axis',(-0.500000000000017,-0.00473704378790751,
0.866012448187747));
#10665=DIRECTION('ref_axis',(-0.866025403784429,0.00273493350611148,-0.499992520082785));
#10666=DIRECTION('center_axis',(0.500000000000017,0.00473704378790751,-0.866012448187747));
#10667=DIRECTION('ref_axis',(0.866025403784429,-0.00273493350611148,0.499992520082785));
#10668=DIRECTION('',(7.57533842391259E-17,-0.999985040165536,-0.00546986701222291));
#10669=DIRECTION('center_axis',(1.,7.52299962434832E-17,9.58914399127423E-17));
#10670=DIRECTION('ref_axis',(-9.54785073178929E-17,-0.00546986701222291,
0.999985040165536));
#10671=DIRECTION('',(7.57533842391259E-17,-0.999985040165536,-0.00546986701222291));
#10672=DIRECTION('center_axis',(0.500000000000017,-0.00473704378790744,
0.866012448187747));
#10673=DIRECTION('ref_axis',(-0.866025403784429,-0.00273493350611161,0.499992520082785));
#10674=DIRECTION('center_axis',(-0.500000000000017,0.00473704378790744,
-0.866012448187747));
#10675=DIRECTION('ref_axis',(0.866025403784429,0.00273493350611161,-0.499992520082785));
#10676=DIRECTION('center_axis',(0.500000000000017,0.00473704378790751,-0.866012448187747));
#10677=DIRECTION('ref_axis',(0.866025403784429,-0.00273493350611148,0.499992520082785));
#10678=DIRECTION('',(7.57533842391259E-17,-0.999985040165536,-0.00546986701222291));
#10679=DIRECTION('center_axis',(1.,7.52299962434832E-17,9.58914399127423E-17));
#10680=DIRECTION('ref_axis',(-9.54785073178929E-17,-0.00546986701222291,
0.999985040165536));
#10681=DIRECTION('',(7.57533842391259E-17,-0.999985040165536,-0.00546986701222291));
#10682=DIRECTION('center_axis',(0.500000000000017,-0.00473704378790744,
0.866012448187747));
#10683=DIRECTION('ref_axis',(-0.866025403784429,-0.00273493350611161,0.499992520082785));
#10684=DIRECTION('center_axis',(-0.500000000000017,0.00473704378790744,
-0.866012448187747));
#10685=DIRECTION('ref_axis',(0.866025403784429,0.00273493350611161,-0.499992520082785));
#10686=DIRECTION('',(7.57533842391259E-17,-0.999985040165536,-0.00546986701222291));
#10687=DIRECTION('center_axis',(-1.,-7.52299962434832E-17,-9.58914399127423E-17));
#10688=DIRECTION('ref_axis',(9.54785073178929E-17,0.00546986701222291,-0.999985040165536));
#10689=DIRECTION('',(7.57533842391259E-17,-0.999985040165536,-0.00546986701222291));
#10690=DIRECTION('center_axis',(-0.500000000000017,-0.00473704378790751,
0.866012448187747));
#10691=DIRECTION('ref_axis',(-0.866025403784429,0.00273493350611148,-0.499992520082785));
#10692=DIRECTION('center_axis',(0.500000000000017,0.00473704378790751,-0.866012448187747));
#10693=DIRECTION('ref_axis',(0.866025403784429,-0.00273493350611148,0.499992520082785));
#10694=DIRECTION('',(7.57533842391259E-17,-0.999985040165536,-0.00546986701222291));
#10695=DIRECTION('center_axis',(1.,7.52299962434832E-17,9.58914399127423E-17));
#10696=DIRECTION('ref_axis',(-9.54785073178929E-17,-0.00546986701222291,
0.999985040165536));
#10697=DIRECTION('',(7.57533842391259E-17,-0.999985040165536,-0.00546986701222291));
#10698=DIRECTION('center_axis',(0.500000000000017,-0.00473704378790744,
0.866012448187747));
#10699=DIRECTION('ref_axis',(-0.866025403784429,-0.00273493350611161,0.499992520082785));
#10700=DIRECTION('center_axis',(-7.57533842391259E-17,0.999985040165536,
0.00546986701222291));
#10701=DIRECTION('ref_axis',(-9.54785073178929E-17,-0.00546986701222291,
0.999985040165536));
#10702=DIRECTION('center_axis',(7.57533842391259E-17,-0.999985040165536,
-0.00546986701222291));
#10703=DIRECTION('ref_axis',(-9.54785073178929E-17,-0.00546986701222291,
0.999985040165536));
#10704=DIRECTION('center_axis',(-7.57533842391259E-17,0.999985040165536,
0.00546986701222291));
#10705=DIRECTION('ref_axis',(-0.661437827766121,-0.00410240025916736,0.749988780124176));
#10706=DIRECTION('center_axis',(-7.57533842391259E-17,0.999985040165536,
0.00546986701222291));
#10707=DIRECTION('ref_axis',(2.17943187232628E-16,0.00546986701222291,-0.999985040165536));
#10708=DIRECTION('center_axis',(-7.57533842391259E-17,0.999985040165536,
0.00546986701222291));
#10709=DIRECTION('ref_axis',(0.661437827766121,0.00410240025916736,-0.749988780124176));
#10710=DIRECTION('center_axis',(7.57533842391259E-17,-0.999985040165536,
-0.00546986701222291));
#10711=DIRECTION('ref_axis',(-9.54785073178929E-17,-0.00546986701222291,
0.999985040165536));
#10712=DIRECTION('center_axis',(7.57533842391259E-17,-0.999985040165536,
-0.00546986701222291));
#10713=DIRECTION('ref_axis',(-1.,-7.52299962434832E-17,-9.58914399127423E-17));
#10714=DIRECTION('center_axis',(7.57533842391259E-17,-0.999985040165536,
-0.00546986701222291));
#10715=DIRECTION('ref_axis',(-1.,-7.52299962434832E-17,-9.58914399127423E-17));
#10716=DIRECTION('center_axis',(-7.57533842391259E-17,0.999985040165536,
0.00546986701222291));
#10717=DIRECTION('ref_axis',(9.54785073178929E-17,0.00546986701222291,-0.999985040165536));
#10718=DIRECTION('center_axis',(7.57533842391259E-17,-0.999985040165536,
-0.00546986701222291));
#10719=DIRECTION('ref_axis',(9.54785073178929E-17,0.00546986701222291,-0.999985040165536));
#10720=DIRECTION('',(-7.57533842391259E-17,0.999985040165536,0.00546986701222291));
#10721=DIRECTION('center_axis',(-1.,-7.52299962434832E-17,-9.58914399127423E-17));
#10722=DIRECTION('ref_axis',(9.54785073178929E-17,0.00546986701222291,-0.999985040165536));
#10723=DIRECTION('',(9.54785073178929E-17,0.00546986701222291,-0.999985040165536));
#10724=DIRECTION('',(-7.57533842391259E-17,0.999985040165536,0.00546986701222291));
#10725=DIRECTION('center_axis',(-7.57533842391259E-17,0.999985040165536,
0.00546986701222291));
#10726=DIRECTION('ref_axis',(-1.,-7.52299962434832E-17,-9.58914399127423E-17));
#10727=DIRECTION('center_axis',(7.57533842391259E-17,-0.999985040165536,
-0.00546986701222291));
#10728=DIRECTION('ref_axis',(-1.,-7.52299962434832E-17,-9.58914399127423E-17));
#10729=DIRECTION('center_axis',(-7.57533842391259E-17,0.999985040165536,
0.00546986701222291));
#10730=DIRECTION('ref_axis',(-9.5478507317892E-17,-0.00546986701222291,
0.999985040165536));
#10731=DIRECTION('',(1.05490587067815E-16,-0.00546986701222291,0.999985040165536));
#10732=DIRECTION('center_axis',(-7.57533842391259E-17,0.999985040165536,
0.00546986701222291));
#10733=DIRECTION('ref_axis',(-9.5478507317892E-17,-0.00546986701222291,
0.999985040165536));
#10734=DIRECTION('center_axis',(-7.57533842391259E-17,0.999985040165536,
0.00546986701222291));
#10735=DIRECTION('ref_axis',(-9.5478507317892E-17,-0.00546986701222291,
0.999985040165536));
#10736=DIRECTION('center_axis',(-7.57533842391259E-17,0.999985040165536,
0.00546986701222291));
#10737=DIRECTION('ref_axis',(-9.5478507317892E-17,-0.00546986701222291,
0.999985040165536));
#10738=DIRECTION('center_axis',(-7.57533842391259E-17,0.999985040165536,
0.00546986701222291));
#10739=DIRECTION('ref_axis',(-9.5478507317892E-17,-0.00546986701222291,
0.999985040165536));
#10740=DIRECTION('center_axis',(-7.57533842391259E-17,0.999985040165536,
0.00546986701222291));
#10741=DIRECTION('ref_axis',(-9.5478507317892E-17,-0.00546986701222291,
0.999985040165536));
#10742=DIRECTION('center_axis',(-7.57533842391259E-17,0.999985040165536,
0.00546986701222291));
#10743=DIRECTION('ref_axis',(-9.5478507317892E-17,-0.00546986701222291,
0.999985040165536));
#10744=DIRECTION('center_axis',(-7.57533842391259E-17,0.999985040165536,
0.00546986701222291));
#10745=DIRECTION('ref_axis',(-9.5478507317892E-17,-0.00546986701222291,
0.999985040165536));
#10746=DIRECTION('center_axis',(-7.57533842391259E-17,0.999985040165536,
0.00546986701222291));
#10747=DIRECTION('ref_axis',(-9.5478507317892E-17,-0.00546986701222291,
0.999985040165536));
#10748=DIRECTION('center_axis',(-7.57533842391259E-17,0.999985040165536,
0.00546986701222291));
#10749=DIRECTION('ref_axis',(-9.5478507317892E-17,-0.00546986701222291,
0.999985040165536));
#10750=DIRECTION('center_axis',(-7.57533842391259E-17,0.999985040165536,
0.00546986701222291));
#10751=DIRECTION('ref_axis',(-9.5478507317892E-17,-0.00546986701222291,
0.999985040165536));
#10752=DIRECTION('center_axis',(-7.57533842391259E-17,0.999985040165536,
0.00546986701222291));
#10753=DIRECTION('ref_axis',(-9.5478507317892E-17,-0.00546986701222291,
0.999985040165536));
#10754=DIRECTION('center_axis',(-7.57533842391259E-17,0.999985040165536,
0.00546986701222291));
#10755=DIRECTION('ref_axis',(-9.5478507317892E-17,-0.00546986701222291,
0.999985040165536));
#10756=DIRECTION('center_axis',(-7.57533842391259E-17,0.999985040165536,
0.00546986701222291));
#10757=DIRECTION('ref_axis',(-9.5478507317892E-17,-0.00546986701222291,
0.999985040165536));
#10758=DIRECTION('center_axis',(-7.57533842391259E-17,0.999985040165536,
0.00546986701222291));
#10759=DIRECTION('ref_axis',(-9.5478507317892E-17,-0.00546986701222291,
0.999985040165536));
#10760=DIRECTION('center_axis',(-0.707106781186554,0.707096202986146,0.00386778005653146));
#10761=DIRECTION('ref_axis',(0.707106781186541,0.707096202986159,0.00386778005653091));
#10762=DIRECTION('',(9.5478507317892E-17,0.00546986701222311,-0.999985040165536));
#10763=DIRECTION('center_axis',(1.,-5.22254737554422E-19,9.54770789752277E-17));
#10764=DIRECTION('ref_axis',(9.5478507317892E-17,0.00546986701222291,-0.999985040165536));
#10765=DIRECTION('center_axis',(0.,-1.,0.));
#10766=DIRECTION('ref_axis',(-1.,0.,3.37037740267766E-34));
#10767=DIRECTION('',(0.,-1.,0.));
#10768=DIRECTION('center_axis',(-3.25260651745651E-19,-4.33680868994201E-19,
1.));
#10769=DIRECTION('ref_axis',(1.,1.38777878078145E-17,3.25260651745651E-19));
#10770=DIRECTION('',(1.38777878078145E-17,-1.,-4.33680868994201E-19));
#10771=DIRECTION('',(-1.,-9.98226842316442E-18,-3.25260651745651E-19));
#10772=DIRECTION('center_axis',(1.38777878078145E-17,-1.,-4.33680868994201E-19));
#10773=DIRECTION('ref_axis',(-0.707106781186548,-1.01197365501103E-17,0.707106781186548));
#10774=DIRECTION('center_axis',(-9.98226842316442E-18,1.,4.33680868994201E-19));
#10775=DIRECTION('ref_axis',(-0.707106781186548,-1.01197365501103E-17,0.707106781186548));
#10776=DIRECTION('center_axis',(9.98226842316442E-18,-1.,-4.33680868994201E-19));
#10777=DIRECTION('ref_axis',(1.,9.98226842316442E-18,3.25260651745651E-19));
#10778=DIRECTION('center_axis',(-9.98226842316442E-18,1.,4.33680868994201E-19));
#10779=DIRECTION('ref_axis',(-0.707106781186548,-9.50641918343696E-18,-0.707106781186548));
#10780=DIRECTION('center_axis',(-1.38777878078145E-17,1.,4.33680868994201E-19));
#10781=DIRECTION('ref_axis',(-0.707106781186548,-9.50641918343696E-18,-0.707106781186548));
#10782=DIRECTION('center_axis',(0.,-1.,0.));
#10783=DIRECTION('ref_axis',(1.,0.,0.));
#10784=DIRECTION('center_axis',(9.42273162875578E-33,1.,3.5409457624173E-29));
#10785=DIRECTION('ref_axis',(1.,0.,0.));
#10786=DIRECTION('',(0.,-1.,0.));
#10787=DIRECTION('center_axis',(0.,1.,3.53985923778374E-29));
#10788=DIRECTION('ref_axis',(1.,0.,0.));
#10789=DIRECTION('center_axis',(0.,-1.,-3.53985923778374E-29));
#10790=DIRECTION('ref_axis',(1.,0.,0.));
#10791=DIRECTION('center_axis',(0.,-1.,0.));
#10792=DIRECTION('ref_axis',(-1.,0.,4.97407194257532E-17));
#10793=DIRECTION('center_axis',(0.,-1.,0.));
#10794=DIRECTION('ref_axis',(-1.,0.,4.97407194257532E-17));
#10795=DIRECTION('',(0.70710678118655,-0.707106781186545,-1.21767605630597E-16));
#10796=DIRECTION('center_axis',(0.,1.,0.));
#10797=DIRECTION('ref_axis',(-1.,0.,4.97407194257532E-17));
#10798=DIRECTION('center_axis',(0.,1.,0.));
#10799=DIRECTION('ref_axis',(-1.,0.,4.97407194257532E-17));
#10800=DIRECTION('',(0.,-1.,0.));
#10801=DIRECTION('center_axis',(-2.70068845170398E-17,1.,8.32667268468867E-17));
#10802=DIRECTION('ref_axis',(-1.,-2.70068845170398E-17,4.97407194257532E-17));
#10803=DIRECTION('center_axis',(0.,1.,0.));
#10804=DIRECTION('ref_axis',(0.,0.,1.));
#10805=DIRECTION('',(0.,-3.54090974502613E-29,1.));
#10806=DIRECTION('',(-1.,-1.23259516441022E-32,-4.36340329053999E-61));
#10807=DIRECTION('',(0.,3.54090974502613E-29,-1.));
#10808=DIRECTION('',(1.,1.23259516441022E-32,4.36340329053999E-61));
#10809=DIRECTION('center_axis',(0.,-1.,0.));
#10810=DIRECTION('ref_axis',(0.,0.,-1.));
#10811=DIRECTION('center_axis',(-9.42273162875578E-33,-1.,-3.5409457624173E-29));
#10812=DIRECTION('ref_axis',(1.,-9.42273162875578E-33,-3.33565954028883E-61));
#10813=DIRECTION('',(-1.,-1.23259516441022E-32,-4.36340329053999E-61));
#10814=DIRECTION('',(0.,-3.54090974502613E-29,1.));
#10815=DIRECTION('',(1.,1.23259516441022E-32,4.36340329053999E-61));
#10816=DIRECTION('',(0.,3.54090974502613E-29,-1.));
#10817=DIRECTION('center_axis',(-4.36340329053999E-61,0.,1.));
#10818=DIRECTION('ref_axis',(1.,1.23259516441022E-32,4.36340329053999E-61));
#10819=DIRECTION('',(0.,1.,0.));
#10820=DIRECTION('',(0.,1.,0.));
#10821=DIRECTION('center_axis',(1.,0.,0.));
#10822=DIRECTION('ref_axis',(0.,3.54090974502613E-29,-1.));
#10823=DIRECTION('',(0.,1.,0.));
#10824=DIRECTION('center_axis',(4.36340329053999E-61,0.,-1.));
#10825=DIRECTION('ref_axis',(-1.,-1.23259516441022E-32,-4.36340329053999E-61));
#10826=DIRECTION('',(0.,1.,0.));
#10827=DIRECTION('center_axis',(-1.,0.,0.));
#10828=DIRECTION('ref_axis',(0.,-3.54090974502613E-29,1.));
#10829=DIRECTION('',(0.,0.,1.));
#10830=DIRECTION('',(1.,0.,0.));
#10831=CARTESIAN_POINT('',(0.,0.,0.));
#10832=CARTESIAN_POINT('',(0.,0.,0.));
#10833=CARTESIAN_POINT('Origin',(5.49999999999996,30.799611044304,0.142216542317795));
#10834=CARTESIAN_POINT('',(20.8749999999999,30.799611044304,0.142216542317795));
#10835=CARTESIAN_POINT('Origin',(19.4999999999999,30.799611044304,0.142216542317795));
#10836=CARTESIAN_POINT('Origin',(19.4999999999999,50.699611044304,0.142216542317795));
#10837=CARTESIAN_POINT('',(20.8749999999999,40.999611044304,0.142216542317795));
#10838=CARTESIAN_POINT('Origin',(19.4999999999999,40.999611044304,0.142216542317795));
#10839=CARTESIAN_POINT('',(20.8749999999999,50.699611044304,0.142216542317795));
#10840=CARTESIAN_POINT('Origin',(-2.00193797789158E-14,40.999611044304,
0.142216542317795));
#10841=CARTESIAN_POINT('Origin',(-2.22044604925031E-14,49.499611044304,
0.142216542317795));
#10842=CARTESIAN_POINT('',(-27.5,49.499611044304,0.142216542317792));
#10843=CARTESIAN_POINT('Origin',(-2.1094237467878E-14,49.499611044304,0.142216542317795));
#10844=CARTESIAN_POINT('Origin',(-2.00193797789158E-14,40.999611044304,
0.142216542317795));
#10845=CARTESIAN_POINT('',(16.5,40.999611044304,-6.05778345768221));
#10846=CARTESIAN_POINT('',(-5.50000000000004,40.999611044304,-6.05778345768221));
#10847=CARTESIAN_POINT('',(2.74999999999997,40.999611044304,-6.05778345768221));
#10848=CARTESIAN_POINT('',(16.9,40.999611044304,-5.65778345768221));
#10849=CARTESIAN_POINT('Origin',(16.5,40.999611044304,-5.65778345768221));
#10850=CARTESIAN_POINT('',(16.9,40.999611044304,5.9422165423178));
#10851=CARTESIAN_POINT('',(16.9,40.999611044304,0.142216542317795));
#10852=CARTESIAN_POINT('',(16.5,40.999611044304,6.3422165423178));
#10853=CARTESIAN_POINT('Origin',(16.5,40.999611044304,5.9422165423178));
#10854=CARTESIAN_POINT('',(-5.50000000000004,40.999611044304,6.3422165423178));
#10855=CARTESIAN_POINT('',(2.74999999999997,40.999611044304,6.3422165423178));
#10856=CARTESIAN_POINT('',(-5.90000000000004,40.999611044304,5.9422165423178));
#10857=CARTESIAN_POINT('Origin',(-5.50000000000004,40.999611044304,5.9422165423178));
#10858=CARTESIAN_POINT('',(-5.90000000000004,40.999611044304,-5.65778345768221));
#10859=CARTESIAN_POINT('',(-5.90000000000004,40.999611044304,0.142216542317795));
#10860=CARTESIAN_POINT('Origin',(-5.50000000000004,40.999611044304,-5.65778345768221));
#10861=CARTESIAN_POINT('Origin',(-2.00193797789158E-14,40.999611044304,
0.142216542317795));
#10862=CARTESIAN_POINT('',(-7.125,40.999611044304,0.142216542317797));
#10863=CARTESIAN_POINT('Origin',(-8.5,40.999611044304,0.142216542317797));
#10864=CARTESIAN_POINT('Origin',(5.49999999999996,43.999611044304,6.3422165423178));
#10865=CARTESIAN_POINT('',(16.5,30.799611044304,6.3422165423178));
#10866=CARTESIAN_POINT('',(16.5,37.399611044304,6.3422165423178));
#10867=CARTESIAN_POINT('',(-5.50000000000004,30.799611044304,6.3422165423178));
#10868=CARTESIAN_POINT('',(-5.90000000000004,30.799611044304,6.3422165423178));
#10869=CARTESIAN_POINT('',(-5.50000000000004,46.149611044304,6.3422165423178));
#10870=CARTESIAN_POINT('Origin',(16.5,37.399611044304,5.9422165423178));
#10871=CARTESIAN_POINT('',(16.9,30.799611044304,5.9422165423178));
#10872=CARTESIAN_POINT('',(16.9,37.399611044304,5.9422165423178));
#10873=CARTESIAN_POINT('Origin',(16.5,30.799611044304,5.9422165423178));
#10874=CARTESIAN_POINT('Origin',(16.9,30.799611044304,0.142216542317795));
#10875=CARTESIAN_POINT('',(16.9,30.799611044304,-5.65778345768221));
#10876=CARTESIAN_POINT('',(16.9,37.399611044304,-5.65778345768221));
#10877=CARTESIAN_POINT('',(16.9,30.799611044304,0.142216542317795));
#10878=CARTESIAN_POINT('Origin',(16.5,37.399611044304,-5.65778345768221));
#10879=CARTESIAN_POINT('',(16.5,30.799611044304,-6.05778345768221));
#10880=CARTESIAN_POINT('',(16.5,37.399611044304,-6.05778345768221));
#10881=CARTESIAN_POINT('Origin',(16.5,30.799611044304,-5.65778345768221));
#10882=CARTESIAN_POINT('Origin',(-5.89999999999983,37.7996110443041,-3.85778345768212));
#10883=CARTESIAN_POINT('',(-23.7780487247464,30.7996110443042,-3.85778345768222));
#10884=CARTESIAN_POINT('',(-24.,31.0215656399619,-3.85778345768222));
#10885=CARTESIAN_POINT('',(-21.1469783615349,28.1685013201269,-3.8577834576822));
#10886=CARTESIAN_POINT('',(-5.89999999999987,30.7996110443041,-3.85778345768212));
#10887=CARTESIAN_POINT('',(-5.89999999999987,30.7996110443041,-3.85778345768212));
#10888=CARTESIAN_POINT('',(-5.89999999999983,37.7996110443041,-3.85778345768212));
#10889=CARTESIAN_POINT('',(-5.90000000000004,43.0496110443041,-3.85778345768211));
#10890=CARTESIAN_POINT('',(-24.,37.7996110443042,-3.85778345768221));
#10891=CARTESIAN_POINT('',(-5.89999999999983,37.7996110443041,-3.85778345768212));
#10892=CARTESIAN_POINT('',(-24.,31.9337977131305,-3.85778345768222));
#10893=CARTESIAN_POINT('Origin',(-5.89999999999987,37.7996110443041,4.14221654231788));
#10894=CARTESIAN_POINT('',(-24.,37.7996110443042,4.14221654231778));
#10895=CARTESIAN_POINT('',(-24.,37.7996110443042,-4.10768995871678));
#10896=CARTESIAN_POINT('',(-5.89999999999987,37.7996110443041,4.14221654231788));
#10897=CARTESIAN_POINT('',(-5.90000000000004,37.7996110443041,2.14221654231784));
#10898=CARTESIAN_POINT('',(-5.89999999999987,37.7996110443041,4.14221654231788));
#10899=CARTESIAN_POINT('',(-7.125,37.7996110443041,0.142216542317798));
#10900=CARTESIAN_POINT('Origin',(-8.5,37.7996110443041,0.142216542317797));
#10901=CARTESIAN_POINT('Origin',(-5.89999999999991,30.7996110443041,4.14221654231788));
#10902=CARTESIAN_POINT('',(-24.,30.9778060492279,4.14221654231778));
#10903=CARTESIAN_POINT('',(-23.8218076608442,30.7996110443042,4.14221654231779));
#10904=CARTESIAN_POINT('',(-19.4188581570954,26.3965956721744,4.14221654231781));
#10905=CARTESIAN_POINT('',(-24.,28.4337977131305,4.14221654231778));
#10906=CARTESIAN_POINT('',(-5.89999999999991,30.7996110443041,4.14221654231788));
#10907=CARTESIAN_POINT('',(-5.90000000000004,39.5496110443041,4.14221654231788));
#10908=CARTESIAN_POINT('',(-5.89999999999991,30.7996110443041,4.14221654231788));
#10909=CARTESIAN_POINT('Origin',(-24.0000000000003,30.9311629074787,12.6693788794482));
#10910=CARTESIAN_POINT('',(-23.822983940027,30.7996110443042,4.35726366872948));
#10911=CARTESIAN_POINT('',(-24.0000000000003,31.0679095827843,-12.3302471246903));
#10912=CARTESIAN_POINT('',(-24.,30.9995362451312,0.16956587737891));
#10913=CARTESIAN_POINT('',(-19.0000000000003,26.0679843819566,-12.3575964597514));
#10914=CARTESIAN_POINT('',(-10.7500000000001,17.8181078005909,-12.4027228626023));
#10915=CARTESIAN_POINT('',(-19.,26.0269603793651,-4.85770865850989));
#10916=CARTESIAN_POINT('',(-19.0000000000005,25.9654243754776,6.39212304335242));
#10917=CARTESIAN_POINT('',(-19.,25.9935941905905,1.24220008649988));
#10918=CARTESIAN_POINT('',(-19.0000000000005,25.9654243754776,6.39212304335242));
#10919=CARTESIAN_POINT('',(-19.,25.9749966427489,4.64214922306271));
#10920=CARTESIAN_POINT('',(-19.0000000000005,25.9654243754776,6.39212304335242));
#10921=CARTESIAN_POINT('',(-19.,25.9722617092428,5.14214174314547));
#10922=CARTESIAN_POINT('',(-19.0000000000005,25.9654243754776,6.39212304335242));
#10923=CARTESIAN_POINT('',(-19.0000000000003,25.9312377066511,12.642029544387));
#10924=CARTESIAN_POINT('',(-19.0000000000005,25.9654243754776,6.39212304335242));
#10925=CARTESIAN_POINT('',(-24.0000000000003,30.9311629074787,12.6693788794482));
#10926=CARTESIAN_POINT('',(-22.7500000000003,29.6811816072718,12.6625415456829));
#10927=CARTESIAN_POINT('',(-24.,30.9995362451312,0.16956587737891));
#10928=CARTESIAN_POINT('Origin',(-5.90000000000004,48.299611044304,0.142216542317795));
#10929=CARTESIAN_POINT('',(-5.90000000000004,30.799611044304,5.9422165423178));
#10930=CARTESIAN_POINT('',(-5.90000000000004,46.149611044304,5.9422165423178));
#10931=CARTESIAN_POINT('',(-5.90000000000004,30.799611044304,0.142216542317795));
#10932=CARTESIAN_POINT('',(-5.90000000000004,30.799611044304,-5.65778345768221));
#10933=CARTESIAN_POINT('',(-5.90000000000004,30.799611044304,0.142216542317795));
#10934=CARTESIAN_POINT('',(-5.90000000000004,46.149611044304,-5.65778345768221));
#10935=CARTESIAN_POINT('Ctrl Pts',(24.,40.999611044304,13.5679381244154));
#10936=CARTESIAN_POINT('Ctrl Pts',(23.9999999999999,37.6434616653624,13.268418376093));
#10937=CARTESIAN_POINT('Ctrl Pts',(23.9999999999998,34.2873122864208,12.9688986277706));
#10938=CARTESIAN_POINT('Ctrl Pts',(23.9999999999997,30.9311629074791,12.6693788794482));
#10939=CARTESIAN_POINT('Ctrl Pts',(23.3745600778355,40.999611044304,14.6859829192637));
#10940=CARTESIAN_POINT('Ctrl Pts',(23.0274757184965,37.087914420826,14.0107371451287));
#10941=CARTESIAN_POINT('Ctrl Pts',(22.6804176926721,33.1762177973479,13.3355082085628));
#10942=CARTESIAN_POINT('Ctrl Pts',(22.333333333333,29.2645211738699,12.6602624344278));
#10943=CARTESIAN_POINT('Ctrl Pts',(22.6708707050934,40.999611044304,15.7602452505915));
#10944=CARTESIAN_POINT('Ctrl Pts',(22.0027940403591,36.5323671762896,14.7238730254534));
#10945=CARTESIAN_POINT('Ctrl Pts',(21.3347433314007,32.0651233082751,13.6875182145456));
#10946=CARTESIAN_POINT('Ctrl Pts',(20.6666666666664,27.5978794402607,12.6511459894074));
#10947=CARTESIAN_POINT('Ctrl Pts',(21.8957839067749,40.999611044304,16.7802647183454));
#10948=CARTESIAN_POINT('Ctrl Pts',(20.9305226045165,35.9768199317532,15.4008529936926));
#10949=CARTESIAN_POINT('Ctrl Pts',(19.9652613022581,30.9540288192023,14.0214412690398));
#10950=CARTESIAN_POINT('Ctrl Pts',(18.9999999999997,25.9312377066514,12.642029544387));
#10951=CARTESIAN_POINT('',(24.,40.999611044304,13.5679381244154));
#10952=CARTESIAN_POINT('',(21.8957839067749,40.999611044304,16.7802647183454));
#10953=CARTESIAN_POINT('Origin',(-2.1094237467878E-14,40.999611044304,0.142216542317795));
#10954=CARTESIAN_POINT('',(18.9999999999997,25.9312377066514,12.642029544387));
#10955=CARTESIAN_POINT('',(21.8957839067749,40.999611044304,16.7802647183454));
#10956=CARTESIAN_POINT('',(23.9999999999997,30.9311629074791,12.6693788794482));
#10957=CARTESIAN_POINT('',(8.24999999999994,15.1813985248719,12.5832284740056));
#10958=CARTESIAN_POINT('',(24.,40.999611044304,13.5679381244154));
#10959=CARTESIAN_POINT('Ctrl Pts',(21.8957839067749,40.999611044304,16.7802647183454));
#10960=CARTESIAN_POINT('Ctrl Pts',(20.9305226045166,35.9768199317531,15.4008529936926));
#10961=CARTESIAN_POINT('Ctrl Pts',(19.9652613022583,30.9540288192021,14.0214412690398));
#10962=CARTESIAN_POINT('Ctrl Pts',(19.,25.9312377066512,12.642029544387));
#10963=CARTESIAN_POINT('Ctrl Pts',(21.1206971084564,40.999611044304,17.8002841860993));
#10964=CARTESIAN_POINT('Ctrl Pts',(20.9693457174356,35.4212726872167,16.0778203766246));
#10965=CARTESIAN_POINT('Ctrl Pts',(20.8180180576875,29.8429343301293,14.3553769088414));
#10966=CARTESIAN_POINT('Ctrl Pts',(20.6666666666666,24.2645959730419,12.6329130993666));
#10967=CARTESIAN_POINT('Ctrl Pts',(20.2742227315177,40.999611044304,18.7660478316185));
#10968=CARTESIAN_POINT('Ctrl Pts',(20.9605851731604,34.8657254426803,16.7186238191574));
#10969=CARTESIAN_POINT('Ctrl Pts',(21.6469708916906,28.7318398410565,14.6712206668074));
#10970=CARTESIAN_POINT('Ctrl Pts',(22.3333333333333,22.5979542394327,12.6237966543463));
#10971=CARTESIAN_POINT('Ctrl Pts',(19.3646031394482,40.999611044304,19.6681517376336));
#10972=CARTESIAN_POINT('Ctrl Pts',(20.9097354262988,34.3101781981439,17.316994561531));
#10973=CARTESIAN_POINT('Ctrl Pts',(22.4548677131494,27.6207453519837,14.9658373854285));
#10974=CARTESIAN_POINT('Ctrl Pts',(24.,20.9313125058235,12.6146802093259));
#10975=CARTESIAN_POINT('',(19.3646031394482,40.999611044304,19.6681517376336));
#10976=CARTESIAN_POINT('Origin',(-2.1094237467878E-14,40.999611044304,0.142216542317795));
#10977=CARTESIAN_POINT('',(24.,20.9313125058235,12.6146802093259));
#10978=CARTESIAN_POINT('',(19.3646031394482,40.999611044304,19.6681517376336));
#10979=CARTESIAN_POINT('',(24.,20.9313125058235,12.6146802093259));
#10980=CARTESIAN_POINT('Ctrl Pts',(19.3646031394482,40.999611044304,19.6681517376336));
#10981=CARTESIAN_POINT('Ctrl Pts',(20.9097354262988,34.3101781981439,17.316994561531));
#10982=CARTESIAN_POINT('Ctrl Pts',(22.4548677131494,27.6207453519837,14.9658373854285));
#10983=CARTESIAN_POINT('Ctrl Pts',(24.,20.9313125058235,12.6146802093259));
#10984=CARTESIAN_POINT('Ctrl Pts',(18.0782067757432,40.999611044304,20.94391931619));
#10985=CARTESIAN_POINT('Ctrl Pts',(20.0521110732748,33.199083709071,18.1613967317264));
#10986=CARTESIAN_POINT('Ctrl Pts',(22.0260957024684,25.398556373838,15.3789699037487));
#10987=CARTESIAN_POINT('Ctrl Pts',(24.,17.598029038605,12.5964473192851));
#10988=CARTESIAN_POINT('Ctrl Pts',(16.6653601911911,40.999611044304,22.0921178682216));
#10989=CARTESIAN_POINT('Ctrl Pts',(19.1102143587372,32.0879892199982,18.9207839834772));
#10990=CARTESIAN_POINT('Ctrl Pts',(21.5551458324538,23.1763673956924,15.7495483139888));
#10991=CARTESIAN_POINT('Ctrl Pts',(24.,14.2647455713866,12.5782144292444));
#10992=CARTESIAN_POINT('Ctrl Pts',(15.1534978322374,40.999611044304,23.0904518437168));
#10993=CARTESIAN_POINT('Ctrl Pts',(18.1023318881583,30.9768947309254,19.5802950755458));
#10994=CARTESIAN_POINT('Ctrl Pts',(21.0511659440791,20.9541784175467,16.0701383073747));
#10995=CARTESIAN_POINT('Ctrl Pts',(24.,10.9314621041681,12.5599815392037));
#10996=CARTESIAN_POINT('',(15.1534978322374,40.999611044304,23.0904518437168));
#10997=CARTESIAN_POINT('Origin',(-2.1094237467878E-14,40.999611044304,0.142216542317795));
#10998=CARTESIAN_POINT('',(24.,10.9314621041681,12.5599815392037));
#10999=CARTESIAN_POINT('',(15.1534978322374,40.999611044304,23.0904518437168));
#11000=CARTESIAN_POINT('',(24.,20.9313125058235,12.6146802093259));
#11001=CARTESIAN_POINT('Ctrl Pts',(15.1534978322374,40.999611044304,23.0904518437168));
#11002=CARTESIAN_POINT('Ctrl Pts',(18.1023318881583,30.9768947309254,19.5802950755458));
#11003=CARTESIAN_POINT('Ctrl Pts',(21.0511659440791,20.9541784175467,16.0701383073747));
#11004=CARTESIAN_POINT('Ctrl Pts',(24.,10.9314621041681,12.5599815392037));
#11005=CARTESIAN_POINT('Ctrl Pts',(14.6999391245513,40.999611044304,23.3899520363654));
#11006=CARTESIAN_POINT('Ctrl Pts',(17.4666259040709,30.9768947309254,19.7799615843279));
#11007=CARTESIAN_POINT('Ctrl Pts',(20.2333132204803,20.9541784175467,16.1699719912411));
#11008=CARTESIAN_POINT('Ctrl Pts',(23.,10.9314621041681,12.5599815392037));
#11009=CARTESIAN_POINT('Ctrl Pts',(14.2374987355542,40.999611044304,23.6760017376876));
#11010=CARTESIAN_POINT('Ctrl Pts',(16.8249989807597,30.9768947309254,19.9706613835473));
#11011=CARTESIAN_POINT('Ctrl Pts',(19.4124997547944,20.9541784175468,16.2653218933439));
#11012=CARTESIAN_POINT('Ctrl Pts',(22.,10.9314621041681,12.5599815392037));
#11013=CARTESIAN_POINT('Ctrl Pts',(13.7669891359974,40.999611044304,23.9480983812526));
#11014=CARTESIAN_POINT('Ctrl Pts',(16.1779927573316,30.9768947309254,20.152059433903));
#11015=CARTESIAN_POINT('Ctrl Pts',(18.5889963786658,20.9541784175467,16.3560204865533));
#11016=CARTESIAN_POINT('Ctrl Pts',(21.,10.9314621041681,12.5599815392037));
#11017=CARTESIAN_POINT('',(13.7669891359974,40.999611044304,23.9480983812526));
#11018=CARTESIAN_POINT('Origin',(-2.1094237467878E-14,40.999611044304,0.142216542317795));
#11019=CARTESIAN_POINT('',(15.9553533840662,31.9024226972386,20.5025971621131));
#11020=CARTESIAN_POINT('',(13.7669891359974,40.999611044304,23.9480983812526));
#11021=CARTESIAN_POINT('',(21.,10.9314621041681,12.5599815392037));
#11022=CARTESIAN_POINT('',(13.7669891359974,40.999611044304,23.9480983812526));
#11023=CARTESIAN_POINT('',(21.,10.9314621041681,12.5599815392037));
#11024=CARTESIAN_POINT('Ctrl Pts',(13.7669891359974,40.999611044304,23.9480983812526));
#11025=CARTESIAN_POINT('Ctrl Pts',(14.1114182247595,39.5677944281071,23.4058071030598));
#11026=CARTESIAN_POINT('Ctrl Pts',(14.8002764022835,36.7041611957132,22.3212245466742));
#11027=CARTESIAN_POINT('Ctrl Pts',(17.2112800236177,26.6814448823346,18.5251855993246));
#11028=CARTESIAN_POINT('Ctrl Pts',(19.2778545561898,18.0905451851529,15.2714379301677));
#11029=CARTESIAN_POINT('Ctrl Pts',(21.,10.9314621041681,12.5599815392037));
#11030=CARTESIAN_POINT('Ctrl Pts',(13.3837354140292,40.999611044304,24.1697347760884));
#11031=CARTESIAN_POINT('Ctrl Pts',(13.746482293436,39.6066077168267,23.6171009646514));
#11032=CARTESIAN_POINT('Ctrl Pts',(14.4717624885842,36.820519693744,22.5118351895506));
#11033=CARTESIAN_POINT('Ctrl Pts',(17.0109441152311,27.0694786736966,18.643398912067));
#11034=CARTESIAN_POINT('Ctrl Pts',(19.186265602966,18.7110168273173,15.3276060780472));
#11035=CARTESIAN_POINT('Ctrl Pts',(21.,11.7460001899309,12.5644370208624));
#11036=CARTESIAN_POINT('Ctrl Pts',(12.9951292434627,40.9996110443041,24.3821298190207));
#11037=CARTESIAN_POINT('Ctrl Pts',(13.3762142995746,39.6453319533027,23.8195962240031));
#11038=CARTESIAN_POINT('Ctrl Pts',(14.1385816193498,36.9368509667459,22.6945240215929));
#11039=CARTESIAN_POINT('Ctrl Pts',(16.806219977821,27.4569141483385,18.7567877644212));
#11040=CARTESIAN_POINT('Ctrl Pts',(19.0938012789297,19.331658823485,15.3815589738811));
#11041=CARTESIAN_POINT('Ctrl Pts',(20.9992265594896,12.5602633684779,12.5688909987928));
#11042=CARTESIAN_POINT('Ctrl Pts',(11.9692512517807,40.9996110443041,24.9110558680357));
#11043=CARTESIAN_POINT('Ctrl Pts',(12.399512773254,39.7465730140513,24.3238873839744));
#11044=CARTESIAN_POINT('Ctrl Pts',(13.259736700847,37.2404148908931,23.1495499580324));
#11045=CARTESIAN_POINT('Ctrl Pts',(16.2715021827791,28.4691308001008,19.0393704698582));
#11046=CARTESIAN_POINT('Ctrl Pts',(18.8514469219636,20.9504569653519,15.5163570792353));
#11047=CARTESIAN_POINT('Ctrl Pts',(21.0027545293299,14.685266814088,12.5805146589289));
#11048=CARTESIAN_POINT('Ctrl Pts',(11.324221009382,40.9996110443042,25.2125373849353));
#11049=CARTESIAN_POINT('Ctrl Pts',(11.7595758994168,39.8085515863378,24.6113576885661));
#11050=CARTESIAN_POINT('Ctrl Pts',(12.6298518906659,37.4262901930309,23.4089784587193));
#11051=CARTESIAN_POINT('Ctrl Pts',(15.6772416111665,29.0888429456643,19.2007162622161));
#11052=CARTESIAN_POINT('Ctrl Pts',(18.2870151977703,21.9417124536566,15.5935303556835));
#11053=CARTESIAN_POINT('Ctrl Pts',(20.4637896479439,15.9864151638248,12.5876318738375));
#11054=CARTESIAN_POINT('Ctrl Pts',(10.5370906168562,40.9996110443042,25.5438757499728));
#11055=CARTESIAN_POINT('Ctrl Pts',(10.9567209557633,39.8613397373911,24.927200981635));
#11056=CARTESIAN_POINT('Ctrl Pts',(11.7961334155619,37.5849031068685,23.6938512964961));
#11057=CARTESIAN_POINT('Ctrl Pts',(14.7335788567128,29.6170270491007,19.3771278857856));
#11058=CARTESIAN_POINT('Ctrl Pts',(17.2521851644104,22.7879747654465,15.6770784695073));
#11059=CARTESIAN_POINT('Ctrl Pts',(19.350336858946,17.0966182308806,12.5937046278182));
#11060=CARTESIAN_POINT('Ctrl Pts',(10.405277085778,40.9996110443042,25.5981397051232));
#11061=CARTESIAN_POINT('Ctrl Pts',(10.8223750354502,39.8701182430153,24.9789456216635));
#11062=CARTESIAN_POINT('Ctrl Pts',(11.6566838538864,37.6113846001223,23.7405054674464));
#11063=CARTESIAN_POINT('Ctrl Pts',(14.5763941033193,29.7049898856563,19.4061355567351));
#11064=CARTESIAN_POINT('Ctrl Pts',(17.0795950249882,22.929401381826,15.6906887313567));
#11065=CARTESIAN_POINT('Ctrl Pts',(19.1650847733493,17.2819373753813,12.5947183140581));
#11066=CARTESIAN_POINT('Ctrl Pts',(9.61309376080064,40.9996110443042,25.9173022792796));
#11067=CARTESIAN_POINT('Ctrl Pts',(10.0151690296038,39.9234499654313,25.283122346909));
#11068=CARTESIAN_POINT('Ctrl Pts',(10.8190245155471,37.7703466813289,24.0149554879181));
#11069=CARTESIAN_POINT('Ctrl Pts',(13.633487114146,30.2370489449091,19.5757380115634));
#11070=CARTESIAN_POINT('Ctrl Pts',(16.0443364057754,23.7758404507991,15.7717065632822));
#11071=CARTESIAN_POINT('Ctrl Pts',(18.054712749791,18.3950350564345,12.6008069014293));
#11072=CARTESIAN_POINT('Ctrl Pts',(8.94279663392749,40.9996110443042,26.1567526920986));
#11073=CARTESIAN_POINT('Ctrl Pts',(9.31472001225978,39.9487906064397,25.5114364348339));
#11074=CARTESIAN_POINT('Ctrl Pts',(10.0586402797219,37.8473226871855,24.2205995380622));
#11075=CARTESIAN_POINT('Ctrl Pts',(12.6621199438746,30.49161730423,19.703341208369));
#11076=CARTESIAN_POINT('Ctrl Pts',(14.8940594250013,24.187633942464,15.8303337371353));
#11077=CARTESIAN_POINT('Ctrl Pts',(16.7536763166627,18.9335317531416,12.6037524508117));
#11078=CARTESIAN_POINT('Ctrl Pts',(2.92717472160746,40.9996110443041,28.0617439113279));
#11079=CARTESIAN_POINT('Ctrl Pts',(3.03287329396949,39.948712247359,27.3255288420385));
#11080=CARTESIAN_POINT('Ctrl Pts',(3.24390395351465,37.8464298952938,25.8534735351031));
#11081=CARTESIAN_POINT('Ctrl Pts',(3.98371411377745,30.4900327022222,20.7000497147965));
#11082=CARTESIAN_POINT('Ctrl Pts',(4.61591529660887,24.1820073704151,16.2847948770964));
#11083=CARTESIAN_POINT('Ctrl Pts',(5.14440815841903,18.9275133856897,12.6037195306496));
#11084=CARTESIAN_POINT('Ctrl Pts',(-2.92717472160769,40.999611044304,28.0617439113278));
#11085=CARTESIAN_POINT('Ctrl Pts',(-3.03287329396972,39.9487122473589,27.3255288420385));
#11086=CARTESIAN_POINT('Ctrl Pts',(-3.24390395351486,37.8464298952938,25.8534735351031));
#11087=CARTESIAN_POINT('Ctrl Pts',(-3.98371411377762,30.4900327022222,20.7000497147965));
#11088=CARTESIAN_POINT('Ctrl Pts',(-4.61591529660897,24.1820073704151,16.2847948770964));
#11089=CARTESIAN_POINT('Ctrl Pts',(-5.1444081584191,18.9275133856897,12.6037195306496));
#11090=CARTESIAN_POINT('Ctrl Pts',(-8.9427966339277,40.9996110443041,26.1567526920985));
#11091=CARTESIAN_POINT('Ctrl Pts',(-9.31472001225998,39.9487906064396,25.5114364348338));
#11092=CARTESIAN_POINT('Ctrl Pts',(-10.0586402797221,37.8473226871854,24.2205995380621));
#11093=CARTESIAN_POINT('Ctrl Pts',(-12.6621199438747,30.4916173042298,19.7033412083689));
#11094=CARTESIAN_POINT('Ctrl Pts',(-14.8940594250014,24.187633942464,15.8303337371352));
#11095=CARTESIAN_POINT('Ctrl Pts',(-16.7536763166627,18.9335317531416,12.6037524508117));
#11096=CARTESIAN_POINT('Ctrl Pts',(-9.61309376080085,40.9996110443041,25.9173022792795));
#11097=CARTESIAN_POINT('Ctrl Pts',(-10.015169029604,39.9234499654312,25.2831223469089));
#11098=CARTESIAN_POINT('Ctrl Pts',(-10.8190245155473,37.7703466813289,24.014955487918));
#11099=CARTESIAN_POINT('Ctrl Pts',(-13.6334871141464,30.2370489449093,19.5757380115633));
#11100=CARTESIAN_POINT('Ctrl Pts',(-16.0443364057753,23.7758404507988,15.7717065632822));
#11101=CARTESIAN_POINT('Ctrl Pts',(-18.0547127497911,18.3950350564344,12.6008069014293));
#11102=CARTESIAN_POINT('Ctrl Pts',(-10.4052770857782,40.9996110443041,25.5981397051231));
#11103=CARTESIAN_POINT('Ctrl Pts',(-10.8223750354503,39.8701182430151,24.9789456216633));
#11104=CARTESIAN_POINT('Ctrl Pts',(-11.6566838538866,37.6113846001223,23.7405054674462));
#11105=CARTESIAN_POINT('Ctrl Pts',(-14.5763941033188,29.7049898856556,19.406135556735));
#11106=CARTESIAN_POINT('Ctrl Pts',(-17.0795950249888,22.9294013818265,15.6906887313567));
#11107=CARTESIAN_POINT('Ctrl Pts',(-19.1650847733493,17.2819373753812,12.594718314058));
#11108=CARTESIAN_POINT('Ctrl Pts',(-10.5370906168564,40.9996110443041,25.5438757499727));
#11109=CARTESIAN_POINT('Ctrl Pts',(-10.9567209557636,39.861339737391,24.9272009816349));
#11110=CARTESIAN_POINT('Ctrl Pts',(-11.796133415562,37.5849031068684,23.693851296496));
#11111=CARTESIAN_POINT('Ctrl Pts',(-14.7335788567136,29.6170270491012,19.3771278857855));
#11112=CARTESIAN_POINT('Ctrl Pts',(-17.2521851644099,22.7879747654459,15.6770784695073));
#11113=CARTESIAN_POINT('Ctrl Pts',(-19.350336858946,17.0966182308806,12.5937046278182));
#11114=CARTESIAN_POINT('Ctrl Pts',(-11.3242210093823,40.9996110443041,25.2125373849352));
#11115=CARTESIAN_POINT('Ctrl Pts',(-11.7595758994169,39.8085515863377,24.611357688566));
#11116=CARTESIAN_POINT('Ctrl Pts',(-12.6298518906661,37.4262901930308,23.4089784587192));
#11117=CARTESIAN_POINT('Ctrl Pts',(-15.6772416111663,29.088842945664,19.2007162622161));
#11118=CARTESIAN_POINT('Ctrl Pts',(-18.2870151977707,21.9417124536568,15.5935303556835));
#11119=CARTESIAN_POINT('Ctrl Pts',(-20.463789647944,15.9864151638248,12.5876318738375));
#11120=CARTESIAN_POINT('Ctrl Pts',(-11.9692512517809,40.9996110443041,24.9110558680356));
#11121=CARTESIAN_POINT('Ctrl Pts',(-12.3995127732542,39.7465730140513,24.3238873839743));
#11122=CARTESIAN_POINT('Ctrl Pts',(-13.2597367008472,37.240414890893,23.1495499580323));
#11123=CARTESIAN_POINT('Ctrl Pts',(-16.2715021827793,28.4691308001008,19.0393704698581));
#11124=CARTESIAN_POINT('Ctrl Pts',(-18.8514469219636,20.9504569653519,15.5163570792353));
#11125=CARTESIAN_POINT('Ctrl Pts',(-21.00275452933,14.6852668140879,12.5805146589289));
#11126=CARTESIAN_POINT('Ctrl Pts',(-12.9951292434629,40.999611044304,24.3821298190206));
#11127=CARTESIAN_POINT('Ctrl Pts',(-13.3762142995748,39.6453319533026,23.819596224003));
#11128=CARTESIAN_POINT('Ctrl Pts',(-14.13858161935,36.9368509667459,22.6945240215928));
#11129=CARTESIAN_POINT('Ctrl Pts',(-16.8062199778211,27.4569141483384,18.7567877644211));
#11130=CARTESIAN_POINT('Ctrl Pts',(-19.0938012789299,19.331658823485,15.3815589738811));
#11131=CARTESIAN_POINT('Ctrl Pts',(-20.9992265594896,12.5602633684779,12.5688909987928));
#11132=CARTESIAN_POINT('Ctrl Pts',(-13.3837354140294,40.999611044304,24.1697347760883));
#11133=CARTESIAN_POINT('Ctrl Pts',(-13.7464822934362,39.6066077168268,23.6171009646513));
#11134=CARTESIAN_POINT('Ctrl Pts',(-14.4717624885844,36.820519693744,22.5118351895505));
#11135=CARTESIAN_POINT('Ctrl Pts',(-17.0109441152313,27.0694786736966,18.6433989120669));
#11136=CARTESIAN_POINT('Ctrl Pts',(-19.1862656029661,18.7110168273173,15.3276060780472));
#11137=CARTESIAN_POINT('Ctrl Pts',(-21.,11.7460001899309,12.5644370208624));
#11138=CARTESIAN_POINT('Ctrl Pts',(-13.7669891359976,40.999611044304,23.9480983812525));
#11139=CARTESIAN_POINT('Ctrl Pts',(-14.1114182247597,39.5677944281071,23.4058071030597));
#11140=CARTESIAN_POINT('Ctrl Pts',(-14.8002764022837,36.7041611957132,22.3212245466741));
#11141=CARTESIAN_POINT('Ctrl Pts',(-17.2112800236178,26.6814448823346,18.5251855993245));
#11142=CARTESIAN_POINT('Ctrl Pts',(-19.2778545561899,18.0905451851529,15.2714379301677));
#11143=CARTESIAN_POINT('Ctrl Pts',(-21.,10.9314621041681,12.5599815392037));
#11144=CARTESIAN_POINT('',(-13.7669891359977,40.999611044304,23.9480983812525));
#11145=CARTESIAN_POINT('Origin',(-2.1094237467878E-14,40.999611044304,0.142216542317795));
#11146=CARTESIAN_POINT('',(-15.9553533840665,31.9024226972383,20.5025971621129));
#11147=CARTESIAN_POINT('',(-13.7669891359977,40.999611044304,23.9480983812525));
#11148=CARTESIAN_POINT('',(-21.,10.9314621041681,12.5599815392037));
#11149=CARTESIAN_POINT('',(-13.7669891359977,40.999611044304,23.9480983812525));
#11150=CARTESIAN_POINT('',(-21.,13.3750763614564,12.57334798418));
#11151=CARTESIAN_POINT('',(-21.,10.9314621041681,12.5599815392037));
#11152=CARTESIAN_POINT('',(-20.7300886965869,14.9956263749248,12.5822123098492));
#11153=CARTESIAN_POINT('Origin',(-16.,13.3750763614564,12.57334798418));
#11154=CARTESIAN_POINT('',(-19.53553390593,16.9105573763845,12.5926868844626));
#11155=CARTESIAN_POINT('Origin',(-16.,13.3750763614564,12.57334798418));
#11156=CARTESIAN_POINT('',(-18.97918471983,17.4668982395927,12.595730040523));
#11157=CARTESIAN_POINT('',(-18.97918471983,17.4668982395927,12.595730040523));
#11158=CARTESIAN_POINT('',(-15.4436508139,18.9313424254924,12.6037404753014));
#11159=CARTESIAN_POINT('Origin',(-15.4436508139,13.9314172246647,12.5763911402403));
#11160=CARTESIAN_POINT('',(15.4436508139,18.9313424254924,12.6037404753014));
#11161=CARTESIAN_POINT('',(15.4436508139,18.9313424254924,12.6037404753014));
#11162=CARTESIAN_POINT('',(18.97918471983,17.4668982395927,12.595730040523));
#11163=CARTESIAN_POINT('Origin',(15.4436508139,13.9314172246647,12.5763911402403));
#11164=CARTESIAN_POINT('',(19.53553390593,16.9105573763845,12.5926868844626));
#11165=CARTESIAN_POINT('',(19.53553390593,16.9105573763845,12.5926868844626));
#11166=CARTESIAN_POINT('',(20.7300886965868,14.9956263749248,12.5822123098492));
#11167=CARTESIAN_POINT('Origin',(16.,13.3750763614565,12.57334798418));
#11168=CARTESIAN_POINT('',(21.,13.3750763614565,12.57334798418));
#11169=CARTESIAN_POINT('Origin',(16.,13.3750763614565,12.57334798418));
#11170=CARTESIAN_POINT('',(21.,10.9314621041681,12.5599815392037));
#11171=CARTESIAN_POINT('Ctrl Pts',(-13.7669891359977,40.999611044304,23.9480983812525));
#11172=CARTESIAN_POINT('Ctrl Pts',(-16.1779927573318,30.9768947309254,20.1520594339029));
#11173=CARTESIAN_POINT('Ctrl Pts',(-18.5889963786659,20.9541784175467,16.3560204865533));
#11174=CARTESIAN_POINT('Ctrl Pts',(-21.,10.9314621041681,12.5599815392037));
#11175=CARTESIAN_POINT('Ctrl Pts',(-14.2374987355544,40.999611044304,23.6760017376875));
#11176=CARTESIAN_POINT('Ctrl Pts',(-16.8249989807599,30.9768947309254,19.9706613835473));
#11177=CARTESIAN_POINT('Ctrl Pts',(-19.4124997547945,20.9541784175467,16.2653218933439));
#11178=CARTESIAN_POINT('Ctrl Pts',(-22.,10.9314621041681,12.5599815392037));
#11179=CARTESIAN_POINT('Ctrl Pts',(-14.6999391245515,40.999611044304,23.3899520363653));
#11180=CARTESIAN_POINT('Ctrl Pts',(-17.4666259040711,30.9768947309254,19.7799615843278));
#11181=CARTESIAN_POINT('Ctrl Pts',(-20.2333132204805,20.9541784175468,16.1699719912411));
#11182=CARTESIAN_POINT('Ctrl Pts',(-23.,10.9314621041681,12.5599815392037));
#11183=CARTESIAN_POINT('Ctrl Pts',(-15.1534978322376,40.999611044304,23.0904518437167));
#11184=CARTESIAN_POINT('Ctrl Pts',(-18.1023318881584,30.9768947309254,19.5802950755457));
#11185=CARTESIAN_POINT('Ctrl Pts',(-21.0511659440792,20.9541784175467,16.0701383073747));
#11186=CARTESIAN_POINT('Ctrl Pts',(-24.,10.9314621041681,12.5599815392037));
#11187=CARTESIAN_POINT('',(-15.1534978322376,40.999611044304,23.0904518437167));
#11188=CARTESIAN_POINT('Origin',(-2.1094237467878E-14,40.999611044304,0.142216542317795));
#11189=CARTESIAN_POINT('',(-24.,10.9314621041681,12.5599815392037));
#11190=CARTESIAN_POINT('',(-15.1534978322376,40.999611044304,23.0904518437167));
#11191=CARTESIAN_POINT('',(-24.,10.9314621041681,12.5599815392037));
#11192=CARTESIAN_POINT('Ctrl Pts',(-15.1534978322376,40.999611044304,23.0904518437167));
#11193=CARTESIAN_POINT('Ctrl Pts',(-18.1023318881584,30.9768947309254,19.5802950755457));
#11194=CARTESIAN_POINT('Ctrl Pts',(-21.0511659440792,20.9541784175467,16.0701383073747));
#11195=CARTESIAN_POINT('Ctrl Pts',(-24.,10.9314621041681,12.5599815392037));
#11196=CARTESIAN_POINT('Ctrl Pts',(-16.6653601911913,40.999611044304,22.0921178682215));
#11197=CARTESIAN_POINT('Ctrl Pts',(-19.1102143587374,32.0879892199982,18.9207839834771));
#11198=CARTESIAN_POINT('Ctrl Pts',(-21.5551458324539,23.1763673956924,15.7495483139888));
#11199=CARTESIAN_POINT('Ctrl Pts',(-24.,14.2647455713866,12.5782144292444));
#11200=CARTESIAN_POINT('Ctrl Pts',(-18.0782067757434,40.999611044304,20.9439193161898));
#11201=CARTESIAN_POINT('Ctrl Pts',(-20.0521110732749,33.199083709071,18.1613967317263));
#11202=CARTESIAN_POINT('Ctrl Pts',(-22.0260957024685,25.398556373838,15.3789699037487));
#11203=CARTESIAN_POINT('Ctrl Pts',(-24.,17.598029038605,12.5964473192851));
#11204=CARTESIAN_POINT('Ctrl Pts',(-19.3646031394484,40.999611044304,19.6681517376335));
#11205=CARTESIAN_POINT('Ctrl Pts',(-20.9097354262989,34.3101781981439,17.3169945615309));
#11206=CARTESIAN_POINT('Ctrl Pts',(-22.4548677131495,27.6207453519837,14.9658373854284));
#11207=CARTESIAN_POINT('Ctrl Pts',(-24.,20.9313125058235,12.6146802093259));
#11208=CARTESIAN_POINT('',(-19.3646031394484,40.999611044304,19.6681517376335));
#11209=CARTESIAN_POINT('Origin',(-2.1094237467878E-14,40.999611044304,0.142216542317795));
#11210=CARTESIAN_POINT('',(-24.,20.9313125058235,12.6146802093259));
#11211=CARTESIAN_POINT('',(-19.3646031394484,40.999611044304,19.6681517376335));
#11212=CARTESIAN_POINT('',(-24.,20.9313125058235,12.6146802093259));
#11213=CARTESIAN_POINT('Ctrl Pts',(-19.3646031394484,40.999611044304,19.6681517376335));
#11214=CARTESIAN_POINT('Ctrl Pts',(-20.9097354262989,34.3101781981438,17.3169945615309));
#11215=CARTESIAN_POINT('Ctrl Pts',(-22.4548677131495,27.6207453519837,14.9658373854284));
#11216=CARTESIAN_POINT('Ctrl Pts',(-24.,20.9313125058235,12.6146802093259));
#11217=CARTESIAN_POINT('Ctrl Pts',(-20.2742227315179,40.999611044304,18.7660478316183));
#11218=CARTESIAN_POINT('Ctrl Pts',(-20.9605851731606,34.8657254426802,16.7186238191573));
#11219=CARTESIAN_POINT('Ctrl Pts',(-21.6469708916907,28.7318398410564,14.6712206668073));
#11220=CARTESIAN_POINT('Ctrl Pts',(-22.3333333333334,22.5979542394326,12.6237966543462));
#11221=CARTESIAN_POINT('Ctrl Pts',(-21.1206971084565,40.999611044304,17.8002841860992));
#11222=CARTESIAN_POINT('Ctrl Pts',(-20.9693457174357,35.4212726872166,16.0778203766245));
#11223=CARTESIAN_POINT('Ctrl Pts',(-20.8180180576876,29.8429343301292,14.3553769088414));
#11224=CARTESIAN_POINT('Ctrl Pts',(-20.6666666666668,24.2645959730418,12.6329130993666));
#11225=CARTESIAN_POINT('Ctrl Pts',(-21.895783906775,40.999611044304,16.7802647183454));
#11226=CARTESIAN_POINT('Ctrl Pts',(-20.9305226045167,35.976819931753,15.4008529936926));
#11227=CARTESIAN_POINT('Ctrl Pts',(-19.9652613022585,30.954028819202,14.0214412690398));
#11228=CARTESIAN_POINT('Ctrl Pts',(-19.0000000000002,25.931237706651,12.642029544387));
#11229=CARTESIAN_POINT('',(-21.895783906775,40.999611044304,16.7802647183454));
#11230=CARTESIAN_POINT('Origin',(-2.1094237467878E-14,40.999611044304,0.142216542317795));
#11231=CARTESIAN_POINT('',(-21.895783906775,40.999611044304,16.7802647183454));
#11232=CARTESIAN_POINT('',(-19.,25.9312377066511,12.642029544387));
#11233=CARTESIAN_POINT('Ctrl Pts',(-21.895783906775,40.999611044304,16.7802647183454));
#11234=CARTESIAN_POINT('Ctrl Pts',(-20.9305226045167,35.976819931753,15.4008529936926));
#11235=CARTESIAN_POINT('Ctrl Pts',(-19.9652613022585,30.9540288192021,14.0214412690398));
#11236=CARTESIAN_POINT('Ctrl Pts',(-19.0000000000003,25.9312377066511,12.642029544387));
#11237=CARTESIAN_POINT('Ctrl Pts',(-22.6708707050934,40.999611044304,15.7602452505915));
#11238=CARTESIAN_POINT('Ctrl Pts',(-22.0027940403593,36.5323671762894,14.7238730254533));
#11239=CARTESIAN_POINT('Ctrl Pts',(-21.3347433314011,32.0651233082749,13.6875182145456));
#11240=CARTESIAN_POINT('Ctrl Pts',(-20.6666666666669,27.5978794402603,12.6511459894074));
#11241=CARTESIAN_POINT('Ctrl Pts',(-23.3745600778356,40.999611044304,14.6859829192636));
#11242=CARTESIAN_POINT('Ctrl Pts',(-23.0274757184967,37.0879144208259,14.0107371451287));
#11243=CARTESIAN_POINT('Ctrl Pts',(-22.6804176926725,33.1762177973477,13.3355082085628));
#11244=CARTESIAN_POINT('Ctrl Pts',(-22.3333333333336,29.2645211738695,12.6602624344278));
#11245=CARTESIAN_POINT('Ctrl Pts',(-24.,40.999611044304,13.5679381244153));
#11246=CARTESIAN_POINT('Ctrl Pts',(-24.0000000000001,37.6434616653623,13.2684183760929));
#11247=CARTESIAN_POINT('Ctrl Pts',(-24.0000000000002,34.2873122864205,12.9688986277705));
#11248=CARTESIAN_POINT('Ctrl Pts',(-24.0000000000003,30.9311629074787,12.6693788794482));
#11249=CARTESIAN_POINT('',(-24.,40.999611044304,13.5679381244153));
#11250=CARTESIAN_POINT('Origin',(-2.1094237467878E-14,40.999611044304,0.142216542317795));
#11251=CARTESIAN_POINT('',(-24.,40.999611044304,13.5679381244153));
#11252=CARTESIAN_POINT('Origin',(-2.32877784201743E-14,40.999611044304,
0.142216542317795));
#11253=CARTESIAN_POINT('',(-24.,40.999611044304,-13.2835050397797));
#11254=CARTESIAN_POINT('',(-24.,40.999611044304,6.85507733336655));
#11255=CARTESIAN_POINT('',(-27.5,40.999611044304,0.142216542317792));
#11256=CARTESIAN_POINT('Origin',(-2.1094237467878E-14,40.999611044304,0.142216542317795));
#11257=CARTESIAN_POINT('Origin',(-2.1094237467878E-14,40.999611044304,0.142216542317795));
#11258=CARTESIAN_POINT('Origin',(-2.32877784201743E-14,40.999611044304,
0.142216542317795));
#11259=CARTESIAN_POINT('',(24.,40.999611044304,-13.2835050397798));
#11260=CARTESIAN_POINT('',(24.,40.999611044304,6.39212304335242));
#11261=CARTESIAN_POINT('Origin',(-2.1094237467878E-14,40.999611044304,0.142216542317795));
#11262=CARTESIAN_POINT('Ctrl Pts',(-24.,40.999611044304,-13.2835050397797));
#11263=CARTESIAN_POINT('Ctrl Pts',(-24.0000000000001,37.6890438904641,-12.9657524014166));
#11264=CARTESIAN_POINT('Ctrl Pts',(-24.0000000000002,34.3784767366242,-12.6479997630535));
#11265=CARTESIAN_POINT('Ctrl Pts',(-24.0000000000003,31.0679095827843,-12.3302471246903));
#11266=CARTESIAN_POINT('Ctrl Pts',(-23.3745600778356,40.999611044304,-14.4015498346281));
#11267=CARTESIAN_POINT('Ctrl Pts',(-23.0274757184967,37.1334966459277,-13.7141488004659));
#11268=CARTESIAN_POINT('Ctrl Pts',(-22.6804176926725,33.2673822475514,-13.0267646038729));
#11269=CARTESIAN_POINT('Ctrl Pts',(-22.3333333333336,29.4012678491751,-12.3393635697107));
#11270=CARTESIAN_POINT('Ctrl Pts',(-22.6708707050934,40.999611044304,-15.4758121659559));
#11271=CARTESIAN_POINT('Ctrl Pts',(-22.0027940403593,36.5779494013913,-14.4333623108042));
#11272=CARTESIAN_POINT('Ctrl Pts',(-21.3347433314011,32.1562877584786,-13.3909298698828));
#11273=CARTESIAN_POINT('Ctrl Pts',(-20.666666666667,27.7346261155659,-12.3484800147311));
#11274=CARTESIAN_POINT('Ctrl Pts',(-21.8957839067749,40.999611044304,-16.4958316337099));
#11275=CARTESIAN_POINT('Ctrl Pts',(-20.9305226045167,36.0224021568549,-15.1164199090571));
#11276=CARTESIAN_POINT('Ctrl Pts',(-19.9652613022585,31.0451932694058,-13.7370081844043));
#11277=CARTESIAN_POINT('Ctrl Pts',(-19.0000000000003,26.0679843819566,-12.3575964597515));
#11278=CARTESIAN_POINT('',(-21.8957839067749,40.999611044304,-16.4958316337098));
#11279=CARTESIAN_POINT('Origin',(-2.1094237467878E-14,40.999611044304,0.142216542317795));
#11280=CARTESIAN_POINT('',(-21.8957839067749,40.999611044304,-16.4958316337098));
#11281=CARTESIAN_POINT('',(-24.,40.999611044304,-13.2835050397797));
#11282=CARTESIAN_POINT('Ctrl Pts',(-21.8957839067749,40.999611044304,-16.4958316337098));
#11283=CARTESIAN_POINT('Ctrl Pts',(-20.9305226045166,36.0224021568549,-15.116419909057));
#11284=CARTESIAN_POINT('Ctrl Pts',(-19.9652613022583,31.0451932694058,-13.7370081844042));
#11285=CARTESIAN_POINT('Ctrl Pts',(-19.,26.0679843819567,-12.3575964597514));
#11286=CARTESIAN_POINT('Ctrl Pts',(-21.1206971084566,40.999611044304,-17.5158511014636));
#11287=CARTESIAN_POINT('Ctrl Pts',(-20.9693457174356,35.4668549123186,-15.7994649220025));
#11288=CARTESIAN_POINT('Ctrl Pts',(-20.8180180576874,29.9340987803332,-14.0830990842329));
#11289=CARTESIAN_POINT('Ctrl Pts',(-20.6666666666665,24.4013426483477,-12.3667129047718));
#11290=CARTESIAN_POINT('Ctrl Pts',(-20.274222731518,40.999611044304,-18.4816147469826));
#11291=CARTESIAN_POINT('Ctrl Pts',(-20.9605851731605,34.9113076677823,-16.4463459945487));
#11292=CARTESIAN_POINT('Ctrl Pts',(-21.6469708916904,28.8230042912605,-14.411098102226));
#11293=CARTESIAN_POINT('Ctrl Pts',(-22.3333333333329,22.7347009147387,-12.3758293497921));
#11294=CARTESIAN_POINT('Ctrl Pts',(-19.3646031394486,40.999611044304,-19.3837186529976));
#11295=CARTESIAN_POINT('Ctrl Pts',(-20.9097354262989,34.3557604232459,-17.0507943669359));
#11296=CARTESIAN_POINT('Ctrl Pts',(-22.4548677131491,27.7119098021878,-14.7178700808742));
#11297=CARTESIAN_POINT('Ctrl Pts',(-23.9999999999994,21.0680591811297,-12.3849457948125));
#11298=CARTESIAN_POINT('',(-19.3646031394486,40.999611044304,-19.3837186529976));
#11299=CARTESIAN_POINT('Origin',(-2.1094237467878E-14,40.999611044304,0.142216542317795));
#11300=CARTESIAN_POINT('',(-24.,21.068059181129,-12.3849457948125));
#11301=CARTESIAN_POINT('',(-19.3646031394486,40.999611044304,-19.3837186529976));
#11302=CARTESIAN_POINT('',(-19.,26.0679843819567,-12.3575964597514));
#11303=CARTESIAN_POINT('Ctrl Pts',(-19.3646031394486,40.999611044304,-19.3837186529976));
#11304=CARTESIAN_POINT('Ctrl Pts',(-20.9097354262991,34.3557604232457,-17.0507943669359));
#11305=CARTESIAN_POINT('Ctrl Pts',(-22.4548677131496,27.7119098021874,-14.7178700808742));
#11306=CARTESIAN_POINT('Ctrl Pts',(-24.,21.068059181129,-12.3849457948125));
#11307=CARTESIAN_POINT('Ctrl Pts',(-18.0782067757436,40.999611044304,-20.659486231554));
#11308=CARTESIAN_POINT('Ctrl Pts',(-20.0521110732751,33.2446659341729,-17.9073517971585));
#11309=CARTESIAN_POINT('Ctrl Pts',(-22.0260957024686,25.4897208240417,-15.1553131192488));
#11310=CARTESIAN_POINT('Ctrl Pts',(-24.,17.7347757139106,-12.4031786848533));
#11311=CARTESIAN_POINT('Ctrl Pts',(-16.6653601911915,40.999611044304,-21.8076847835857));
#11312=CARTESIAN_POINT('Ctrl Pts',(-19.1102143587375,32.1335714451001,-18.6788943089364));
#11313=CARTESIAN_POINT('Ctrl Pts',(-21.555145832454,23.2675318458961,-15.5502020495432));
#11314=CARTESIAN_POINT('Ctrl Pts',(-24.,14.4014922466921,-12.421411574894));
#11315=CARTESIAN_POINT('Ctrl Pts',(-15.1534978322379,40.999611044304,-22.8060187590809));
#11316=CARTESIAN_POINT('Ctrl Pts',(-18.1023318881586,31.0224769560272,-19.3505606610322));
#11317=CARTESIAN_POINT('Ctrl Pts',(-21.0511659440793,21.0453428677505,-15.8951025629835));
#11318=CARTESIAN_POINT('Ctrl Pts',(-24.,11.0682087794737,-12.4396444649347));
#11319=CARTESIAN_POINT('',(-15.1534978322378,40.999611044304,-22.8060187590809));
#11320=CARTESIAN_POINT('Origin',(-2.1094237467878E-14,40.999611044304,0.142216542317795));
#11321=CARTESIAN_POINT('',(-24.,11.0682087794737,-12.4396444649347));
#11322=CARTESIAN_POINT('',(-15.1534978322378,40.999611044304,-22.8060187590809));
#11323=CARTESIAN_POINT('',(-24.,11.0682087794737,-12.4396444649347));
#11324=CARTESIAN_POINT('Ctrl Pts',(-15.1534978322378,40.999611044304,-22.8060187590809));
#11325=CARTESIAN_POINT('Ctrl Pts',(-18.1023318881586,31.0224769560272,-19.3505606610322));
#11326=CARTESIAN_POINT('Ctrl Pts',(-21.0511659440793,21.0453428677505,-15.8951025629835));
#11327=CARTESIAN_POINT('Ctrl Pts',(-24.,11.0682087794737,-12.4396444649347));
#11328=CARTESIAN_POINT('Ctrl Pts',(-14.6999391245517,40.999611044304,-23.1055189517295));
#11329=CARTESIAN_POINT('Ctrl Pts',(-17.4666259040712,31.0224769560273,-19.5502271698143));
#11330=CARTESIAN_POINT('Ctrl Pts',(-20.2333132204806,21.0453428677505,-15.9949362468499));
#11331=CARTESIAN_POINT('Ctrl Pts',(-23.,11.0682087794737,-12.4396444649347));
#11332=CARTESIAN_POINT('Ctrl Pts',(-14.2374987355546,40.999611044304,-23.3915686530518));
#11333=CARTESIAN_POINT('Ctrl Pts',(-16.8249989807601,31.0224769560272,-19.7409269690338));
#11334=CARTESIAN_POINT('Ctrl Pts',(-19.4124997547946,21.0453428677505,-16.0902861489527));
#11335=CARTESIAN_POINT('Ctrl Pts',(-22.,11.0682087794737,-12.4396444649347));
#11336=CARTESIAN_POINT('Ctrl Pts',(-13.7669891359979,40.999611044304,-23.6636652966168));
#11337=CARTESIAN_POINT('Ctrl Pts',(-16.1779927573319,31.0224769560272,-19.9223250193895));
#11338=CARTESIAN_POINT('Ctrl Pts',(-18.588996378666,21.0453428677505,-16.1809847421621));
#11339=CARTESIAN_POINT('Ctrl Pts',(-21.,11.0682087794737,-12.4396444649347));
#11340=CARTESIAN_POINT('',(-13.7669891359979,40.999611044304,-23.6636652966168));
#11341=CARTESIAN_POINT('Origin',(-2.1094237467878E-14,40.999611044304,0.142216542317795));
#11342=CARTESIAN_POINT('',(-15.8973493172695,32.1838261998531,-20.3578210910478));
#11343=CARTESIAN_POINT('',(-13.7669891359979,40.999611044304,-23.6636652966168));
#11344=CARTESIAN_POINT('',(-21.,11.0682087794737,-12.4396444649347));
#11345=CARTESIAN_POINT('',(-13.7669891359979,40.999611044304,-23.6636652966168));
#11346=CARTESIAN_POINT('',(-24.,11.0682087794737,-12.4396444649347));
#11347=CARTESIAN_POINT('Ctrl Pts',(-13.7669891359979,40.999611044304,-23.6636652966168));
#11348=CARTESIAN_POINT('Ctrl Pts',(-16.1779927573319,31.0224769560272,-19.9223250193895));
#11349=CARTESIAN_POINT('Ctrl Pts',(-18.588996378666,21.0453428677505,-16.1809847421621));
#11350=CARTESIAN_POINT('Ctrl Pts',(-21.,11.0682087794737,-12.4396444649347));
#11351=CARTESIAN_POINT('Ctrl Pts',(-13.3837354140297,40.999611044304,-23.8853016914526));
#11352=CARTESIAN_POINT('Ctrl Pts',(-15.922963569877,31.2941699770649,-20.0685913876647));
#11353=CARTESIAN_POINT('Ctrl Pts',(-18.4607718441527,21.5881879324756,-16.2518992870638));
#11354=CARTESIAN_POINT('Ctrl Pts',(-21.,11.8827468652365,-12.435188983276));
#11355=CARTESIAN_POINT('Ctrl Pts',(-12.9951292429551,40.9996110443041,-24.0976967115874));
#11356=CARTESIAN_POINT('Ctrl Pts',(-15.6627246357387,31.5652396323961,-20.2087224484401));
#11357=CARTESIAN_POINT('Ctrl Pts',(-18.3316313413639,22.1313815146198,-16.3197092681705));
#11358=CARTESIAN_POINT('Ctrl Pts',(-20.9992267341475,12.6970101027118,-12.4307350050233));
#11359=CARTESIAN_POINT('Ctrl Pts',(-11.9692512506302,40.9996110443041,-24.6266227285292));
#11360=CARTESIAN_POINT('Ctrl Pts',(-14.9810819009429,32.2739270576364,-20.5574512741549));
#11361=CARTESIAN_POINT('Ctrl Pts',(-17.9909244490787,23.5476976770154,-16.4882827984847));
#11362=CARTESIAN_POINT('Ctrl Pts',(-21.0027550993914,14.8220136903478,-12.4191113441104));
#11363=CARTESIAN_POINT('Ctrl Pts',(-11.324221007983,40.9996110443042,-24.9281042270112));
#11364=CARTESIAN_POINT('Ctrl Pts',(-14.371705238226,32.7077770636416,-20.7561080118057));
#11365=CARTESIAN_POINT('Ctrl Pts',(-17.4163060155794,24.4149960435945,-16.5839903442823));
#11366=CARTESIAN_POINT('Ctrl Pts',(-20.4637902458223,16.1231620629319,-12.4119941290768));
#11367=CARTESIAN_POINT('Ctrl Pts',(-10.537090615823,40.9996110443043,-25.2594425849365));
#11368=CARTESIAN_POINT('Ctrl Pts',(-13.4745029881727,33.0772941210139,-20.9749383871508));
#11369=CARTESIAN_POINT('Ctrl Pts',(-16.4129249328029,25.1556820562974,-16.6904255728653));
#11370=CARTESIAN_POINT('Ctrl Pts',(-19.3503373051526,17.233365133007,-12.4059213750796));
#11371=CARTESIAN_POINT('Ctrl Pts',(-10.4052770845194,40.9996110443042,-25.3137065347703));
#11372=CARTESIAN_POINT('Ctrl Pts',(-13.3249627322249,33.1387436603835,-21.0108948794578));
#11373=CARTESIAN_POINT('Ctrl Pts',(-16.2453995786257,25.2795516464457,-16.7077193442342));
#11374=CARTESIAN_POINT('Ctrl Pts',(-19.1650852263311,17.418684262525,-12.4049076889217));
#11375=CARTESIAN_POINT('Ctrl Pts',(-9.61309376198754,40.9996110443042,-25.6328691547749));
#11376=CARTESIAN_POINT('Ctrl Pts',(-12.4276206436093,33.5120657172956,-21.2210724519807));
#11377=CARTESIAN_POINT('Ctrl Pts',(-15.2401863658469,26.0193275162951,-16.8106158030006));
#11378=CARTESIAN_POINT('Ctrl Pts',(-18.0547132474687,18.5317821892865,-12.3988191002065));
#11379=CARTESIAN_POINT('Ctrl Pts',(-8.94279662763342,40.9996110443042,-25.8723192501708));
#11380=CARTESIAN_POINT('Ctrl Pts',(-11.5462602759593,33.6894502043547,-21.3806277049787));
#11381=CARTESIAN_POINT('Ctrl Pts',(-14.1502131163523,26.3804395689064,-16.887565096875));
#11382=CARTESIAN_POINT('Ctrl Pts',(-16.7536767646782,19.0702787289568,-12.395873551683));
#11383=CARTESIAN_POINT('Ctrl Pts',(-2.92717486416442,40.9996110443041,-27.7773143113916));
#11384=CARTESIAN_POINT('Ctrl Pts',(-3.66706487069857,33.6889016907903,-22.6493370827092));
#11385=CARTESIAN_POINT('Ctrl Pts',(-4.40451959755519,26.3749746067318,-17.52388367377));
#11386=CARTESIAN_POINT('Ctrl Pts',(-5.14440960408934,19.064265253218,-12.3959064450876));
#11387=CARTESIAN_POINT('Ctrl Pts',(2.92717486416417,40.999611044304,-27.7773143113916));
#11388=CARTESIAN_POINT('Ctrl Pts',(3.66706487069839,33.6889016907904,-22.6493370827092));
#11389=CARTESIAN_POINT('Ctrl Pts',(4.40451959755505,26.3749746067317,-17.52388367377));
#11390=CARTESIAN_POINT('Ctrl Pts',(5.14440960408926,19.064265253218,-12.3959064450876));
#11391=CARTESIAN_POINT('Ctrl Pts',(8.94279662763315,40.9996110443041,-25.8723192501708));
#11392=CARTESIAN_POINT('Ctrl Pts',(11.5462602759591,33.6894502043545,-21.3806277049787));
#11393=CARTESIAN_POINT('Ctrl Pts',(14.1502131163522,26.3804395689064,-16.887565096875));
#11394=CARTESIAN_POINT('Ctrl Pts',(16.7536767646781,19.0702787289568,-12.395873551683));
#11395=CARTESIAN_POINT('Ctrl Pts',(9.61309376198728,40.9996110443041,-25.6328691547749));
#11396=CARTESIAN_POINT('Ctrl Pts',(12.4276206436094,33.5120657172959,-21.2210724519807));
#11397=CARTESIAN_POINT('Ctrl Pts',(15.2401863658465,26.0193275162948,-16.8106158030006));
#11398=CARTESIAN_POINT('Ctrl Pts',(18.0547132474686,18.5317821892865,-12.3988191002064));
#11399=CARTESIAN_POINT('Ctrl Pts',(10.4052770845192,40.9996110443041,-25.3137065347703));
#11400=CARTESIAN_POINT('Ctrl Pts',(13.3249627322239,33.1387436603826,-21.0108948794578));
#11401=CARTESIAN_POINT('Ctrl Pts',(16.2453995786263,25.2795516464464,-16.7077193442342));
#11402=CARTESIAN_POINT('Ctrl Pts',(19.165085226331,17.4186842625249,-12.4049076889217));
#11403=CARTESIAN_POINT('Ctrl Pts',(10.5370906158228,40.9996110443041,-25.2594425849365));
#11404=CARTESIAN_POINT('Ctrl Pts',(13.4745029881732,33.0772941210145,-20.9749383871508));
#11405=CARTESIAN_POINT('Ctrl Pts',(16.412924932802,25.1556820562966,-16.6904255728653));
#11406=CARTESIAN_POINT('Ctrl Pts',(19.3503373051524,17.2333651330069,-12.4059213750795));
#11407=CARTESIAN_POINT('Ctrl Pts',(11.3242210079828,40.9996110443041,-24.9281042270113));
#11408=CARTESIAN_POINT('Ctrl Pts',(14.3717052382254,32.7077770636412,-20.7561080118058));
#11409=CARTESIAN_POINT('Ctrl Pts',(17.4163060155796,24.4149960435948,-16.5839903442823));
#11410=CARTESIAN_POINT('Ctrl Pts',(20.4637902458222,16.1231620629318,-12.4119941290768));
#11411=CARTESIAN_POINT('Ctrl Pts',(11.9692512506299,40.9996110443041,-24.6266227285293));
#11412=CARTESIAN_POINT('Ctrl Pts',(14.9810819009428,32.2739270576365,-20.557451274155));
#11413=CARTESIAN_POINT('Ctrl Pts',(17.9909244490784,23.5476976770153,-16.4882827984847));
#11414=CARTESIAN_POINT('Ctrl Pts',(21.0027550993913,14.8220136903477,-12.4191113441104));
#11415=CARTESIAN_POINT('Ctrl Pts',(12.9951292429549,40.9996110443041,-24.0976967115875));
#11416=CARTESIAN_POINT('Ctrl Pts',(15.6627246357385,31.565239632396,-20.2087224484402));
#11417=CARTESIAN_POINT('Ctrl Pts',(18.3316313413638,22.1313815146199,-16.3197092681705));
#11418=CARTESIAN_POINT('Ctrl Pts',(20.9992267341474,12.6970101027118,-12.4307350050233));
#11419=CARTESIAN_POINT('Ctrl Pts',(13.3837354140294,40.999611044304,-23.8853016914527));
#11420=CARTESIAN_POINT('Ctrl Pts',(15.9229635698769,31.2941699770649,-20.0685913876647));
#11421=CARTESIAN_POINT('Ctrl Pts',(18.4607718441525,21.5881879324756,-16.2518992870639));
#11422=CARTESIAN_POINT('Ctrl Pts',(21.,11.8827468652365,-12.435188983276));
#11423=CARTESIAN_POINT('Ctrl Pts',(13.7669891359977,40.999611044304,-23.6636652966169));
#11424=CARTESIAN_POINT('Ctrl Pts',(16.1779927573318,31.0224769560273,-19.9223250193895));
#11425=CARTESIAN_POINT('Ctrl Pts',(18.5889963786659,21.0453428677505,-16.1809847421621));
#11426=CARTESIAN_POINT('Ctrl Pts',(21.,11.0682087794737,-12.4396444649347));
#11427=CARTESIAN_POINT('',(13.7669891359977,40.999611044304,-23.6636652966169));
#11428=CARTESIAN_POINT('Origin',(-2.1094237467878E-14,40.999611044304,0.142216542317795));
#11429=CARTESIAN_POINT('',(15.8973493172693,32.1838261998533,-20.357821091048));
#11430=CARTESIAN_POINT('',(13.7669891359977,40.999611044304,-23.6636652966169));
#11431=CARTESIAN_POINT('',(21.,11.0682087794737,-12.4396444649347));
#11432=CARTESIAN_POINT('',(13.7669891359977,40.999611044304,-23.6636652966169));
#11433=CARTESIAN_POINT('',(21.,13.511823036762,-12.4262780199584));
#11434=CARTESIAN_POINT('',(21.,11.0682087794737,-12.4396444649347));
#11435=CARTESIAN_POINT('',(20.7243432697482,15.1490464387748,-12.4173224917069));
#11436=CARTESIAN_POINT('Origin',(16.,13.511823036762,-12.4262780199584));
#11437=CARTESIAN_POINT('',(19.53553390593,17.04730405169,-12.4069391196758));
#11438=CARTESIAN_POINT('Origin',(16.,13.511823036762,-12.4262780199584));
#11439=CARTESIAN_POINT('',(18.97918471983,17.6036449148983,-12.4038959636154));
#11440=CARTESIAN_POINT('',(18.97918471983,17.6036449148983,-12.4038959636154));
#11441=CARTESIAN_POINT('',(15.4436508139,19.068089100798,-12.395885528837));
#11442=CARTESIAN_POINT('Origin',(15.4436508139,14.0681638999703,-12.4232348638981));
#11443=CARTESIAN_POINT('',(-15.4436508139,19.068089100798,-12.395885528837));
#11444=CARTESIAN_POINT('',(-15.4436508139,19.068089100798,-12.395885528837));
#11445=CARTESIAN_POINT('',(-18.97918471983,17.6036449148983,-12.4038959636154));
#11446=CARTESIAN_POINT('Origin',(-15.4436508139,14.0681638999703,-12.4232348638981));
#11447=CARTESIAN_POINT('',(-19.53553390593,17.04730405169,-12.4069391196758));
#11448=CARTESIAN_POINT('',(-19.53553390593,17.04730405169,-12.4069391196758));
#11449=CARTESIAN_POINT('',(-20.7243432697483,15.1490464387747,-12.4173224917069));
#11450=CARTESIAN_POINT('Origin',(-16.,13.511823036762,-12.4262780199584));
#11451=CARTESIAN_POINT('',(-21.,13.511823036762,-12.4262780199584));
#11452=CARTESIAN_POINT('Origin',(-16.,13.511823036762,-12.4262780199584));
#11453=CARTESIAN_POINT('',(-21.,11.0682087794737,-12.4396444649347));
#11454=CARTESIAN_POINT('Ctrl Pts',(13.7669891359977,40.999611044304,-23.6636652966169));
#11455=CARTESIAN_POINT('Ctrl Pts',(16.1779927573318,31.0224769560273,-19.9223250193895));
#11456=CARTESIAN_POINT('Ctrl Pts',(18.5889963786659,21.0453428677505,-16.1809847421621));
#11457=CARTESIAN_POINT('Ctrl Pts',(21.,11.0682087794737,-12.4396444649347));
#11458=CARTESIAN_POINT('Ctrl Pts',(14.2374987355544,40.999611044304,-23.3915686530519));
#11459=CARTESIAN_POINT('Ctrl Pts',(16.8249989807599,31.0224769560273,-19.7409269690339));
#11460=CARTESIAN_POINT('Ctrl Pts',(19.4124997547945,21.0453428677505,-16.0902861489527));
#11461=CARTESIAN_POINT('Ctrl Pts',(22.,11.0682087794737,-12.4396444649347));
#11462=CARTESIAN_POINT('Ctrl Pts',(14.6999391245515,40.999611044304,-23.1055189517296));
#11463=CARTESIAN_POINT('Ctrl Pts',(17.4666259040711,31.0224769560272,-19.5502271698144));
#11464=CARTESIAN_POINT('Ctrl Pts',(20.2333132204804,21.0453428677505,-15.99493624685));
#11465=CARTESIAN_POINT('Ctrl Pts',(23.,11.0682087794737,-12.4396444649347));
#11466=CARTESIAN_POINT('Ctrl Pts',(15.1534978322377,40.999611044304,-22.8060187590811));
#11467=CARTESIAN_POINT('Ctrl Pts',(18.1023318881584,31.0224769560273,-19.3505606610323));
#11468=CARTESIAN_POINT('Ctrl Pts',(21.0511659440792,21.0453428677505,-15.8951025629835));
#11469=CARTESIAN_POINT('Ctrl Pts',(24.,11.0682087794737,-12.4396444649347));
#11470=CARTESIAN_POINT('',(15.1534978322376,40.999611044304,-22.8060187590811));
#11471=CARTESIAN_POINT('Origin',(-2.1094237467878E-14,40.999611044304,0.142216542317795));
#11472=CARTESIAN_POINT('',(24.,11.0682087794737,-12.4396444649347));
#11473=CARTESIAN_POINT('',(15.1534978322376,40.999611044304,-22.8060187590811));
#11474=CARTESIAN_POINT('',(21.,11.0682087794737,-12.4396444649347));
#11475=CARTESIAN_POINT('Ctrl Pts',(15.1534978322376,40.999611044304,-22.8060187590811));
#11476=CARTESIAN_POINT('Ctrl Pts',(18.1023318881584,31.0224769560273,-19.3505606610323));
#11477=CARTESIAN_POINT('Ctrl Pts',(21.0511659440792,21.0453428677505,-15.8951025629835));
#11478=CARTESIAN_POINT('Ctrl Pts',(24.,11.0682087794737,-12.4396444649347));
#11479=CARTESIAN_POINT('Ctrl Pts',(16.6653601911913,40.999611044304,-21.8076847835858));
#11480=CARTESIAN_POINT('Ctrl Pts',(19.1102143587374,32.1335714451001,-18.6788943089365));
#11481=CARTESIAN_POINT('Ctrl Pts',(21.5551458324539,23.2675318458961,-15.5502020495433));
#11482=CARTESIAN_POINT('Ctrl Pts',(24.,14.4014922466921,-12.421411574894));
#11483=CARTESIAN_POINT('Ctrl Pts',(18.0782067757434,40.999611044304,-20.6594862315542));
#11484=CARTESIAN_POINT('Ctrl Pts',(20.0521110732749,33.2446659341729,-17.9073517971585));
#11485=CARTESIAN_POINT('Ctrl Pts',(22.0260957024685,25.4897208240417,-15.1553131192489));
#11486=CARTESIAN_POINT('Ctrl Pts',(24.,17.7347757139106,-12.4031786848533));
#11487=CARTESIAN_POINT('Ctrl Pts',(19.3646031394485,40.999611044304,-19.3837186529977));
#11488=CARTESIAN_POINT('Ctrl Pts',(20.909735426299,34.3557604232457,-17.050794366936));
#11489=CARTESIAN_POINT('Ctrl Pts',(22.4548677131495,27.7119098021874,-14.7178700808743));
#11490=CARTESIAN_POINT('Ctrl Pts',(24.,21.068059181129,-12.3849457948125));
#11491=CARTESIAN_POINT('',(19.3646031394485,40.999611044304,-19.3837186529977));
#11492=CARTESIAN_POINT('Origin',(-2.1094237467878E-14,40.999611044304,0.142216542317795));
#11493=CARTESIAN_POINT('',(24.,21.068059181129,-12.3849457948125));
#11494=CARTESIAN_POINT('',(19.3646031394485,40.999611044304,-19.3837186529977));
#11495=CARTESIAN_POINT('',(24.,11.0682087794737,-12.4396444649347));
#11496=CARTESIAN_POINT('Ctrl Pts',(19.3646031394485,40.999611044304,-19.3837186529977));
#11497=CARTESIAN_POINT('Ctrl Pts',(20.909735426299,34.3557604232457,-17.050794366936));
#11498=CARTESIAN_POINT('Ctrl Pts',(22.4548677131495,27.7119098021874,-14.7178700808743));
#11499=CARTESIAN_POINT('Ctrl Pts',(24.,21.0680591811291,-12.3849457948125));
#11500=CARTESIAN_POINT('Ctrl Pts',(20.2742227315179,40.999611044304,-18.4816147469827));
#11501=CARTESIAN_POINT('Ctrl Pts',(20.9605851731606,34.911307667782,-16.4463459945488));
#11502=CARTESIAN_POINT('Ctrl Pts',(21.6469708916908,28.82300429126,-14.411098102226));
#11503=CARTESIAN_POINT('Ctrl Pts',(22.3333333333335,22.7347009147381,-12.3758293497921));
#11504=CARTESIAN_POINT('Ctrl Pts',(21.1206971084565,40.999611044304,-17.5158511014637));
#11505=CARTESIAN_POINT('Ctrl Pts',(20.9693457174357,35.4668549123184,-15.7994649220025));
#11506=CARTESIAN_POINT('Ctrl Pts',(20.8180180576878,29.9340987803327,-14.0830990842329));
#11507=CARTESIAN_POINT('Ctrl Pts',(20.6666666666671,24.4013426483471,-12.3667129047718));
#11508=CARTESIAN_POINT('Ctrl Pts',(21.8957839067748,40.999611044304,-16.4958316337099));
#11509=CARTESIAN_POINT('Ctrl Pts',(20.9305226045168,36.0224021568547,-15.1164199090571));
#11510=CARTESIAN_POINT('Ctrl Pts',(19.9652613022587,31.0451932694054,-13.7370081844042));
#11511=CARTESIAN_POINT('Ctrl Pts',(19.0000000000006,26.0679843819561,-12.3575964597514));
#11512=CARTESIAN_POINT('',(21.8957839067749,40.999611044304,-16.4958316337099));
#11513=CARTESIAN_POINT('Origin',(-2.1094237467878E-14,40.999611044304,0.142216542317795));
#11514=CARTESIAN_POINT('',(18.9999999999997,26.067984381957,-12.3575964597514));
#11515=CARTESIAN_POINT('',(21.8957839067749,40.999611044304,-16.4958316337099));
#11516=CARTESIAN_POINT('',(24.,21.068059181129,-12.3849457948125));
#11517=CARTESIAN_POINT('Ctrl Pts',(21.8957839067749,40.999611044304,-16.4958316337099));
#11518=CARTESIAN_POINT('Ctrl Pts',(20.9305226045165,36.022402156855,-15.1164199090571));
#11519=CARTESIAN_POINT('Ctrl Pts',(19.9652613022581,31.045193269406,-13.7370081844043));
#11520=CARTESIAN_POINT('Ctrl Pts',(18.9999999999997,26.067984381957,-12.3575964597515));
#11521=CARTESIAN_POINT('Ctrl Pts',(22.6708707050933,40.999611044304,-15.475812165956));
#11522=CARTESIAN_POINT('Ctrl Pts',(22.0027940403591,36.5779494013914,-14.4333623108042));
#11523=CARTESIAN_POINT('Ctrl Pts',(21.3347433314007,32.1562877584788,-13.3909298698829));
#11524=CARTESIAN_POINT('Ctrl Pts',(20.6666666666664,27.7346261155662,-12.3484800147311));
#11525=CARTESIAN_POINT('Ctrl Pts',(23.3745600778355,40.999611044304,-14.4015498346281));
#11526=CARTESIAN_POINT('Ctrl Pts',(23.0274757184965,37.1334966459278,-13.714148800466));
#11527=CARTESIAN_POINT('Ctrl Pts',(22.680417692672,33.2673822475517,-13.0267646038729));
#11528=CARTESIAN_POINT('Ctrl Pts',(22.333333333333,29.4012678491755,-12.3393635697107));
#11529=CARTESIAN_POINT('Ctrl Pts',(24.,40.999611044304,-13.2835050397798));
#11530=CARTESIAN_POINT('Ctrl Pts',(23.9999999999999,37.6890438904643,-12.9657524014166));
#11531=CARTESIAN_POINT('Ctrl Pts',(23.9999999999998,34.3784767366245,-12.6479997630535));
#11532=CARTESIAN_POINT('Ctrl Pts',(23.9999999999997,31.0679095827847,-12.3302471246903));
#11533=CARTESIAN_POINT('Origin',(-2.1094237467878E-14,40.999611044304,0.142216542317795));
#11534=CARTESIAN_POINT('',(23.9999999999997,31.0679095827847,-12.3302471246903));
#11535=CARTESIAN_POINT('',(24.,40.999611044304,-13.2835050397798));
#11536=CARTESIAN_POINT('',(20.2499999999997,27.3179656821639,-12.3507591259862));
#11537=CARTESIAN_POINT('Origin',(-2.1094237467878E-14,62.999611044304,0.142216542317795));
#11538=CARTESIAN_POINT('',(-27.5,62.999611044304,0.142216542317792));
#11539=CARTESIAN_POINT('Origin',(-24.,26.0679843819568,-12.3575964597514));
#11540=CARTESIAN_POINT('Origin',(-24.,-2.25689988730438E-16,-3.20200975937926E-15));
#11541=CARTESIAN_POINT('',(-24.,21.0270351785374,-4.885057993571));
#11542=CARTESIAN_POINT('',(-24.,21.068059181129,-12.3849457948125));
#11543=CARTESIAN_POINT('',(-24.,-1.33885609237976,-10.9182170872341));
#11544=CARTESIAN_POINT('',(-24.,-1.33885609237976,-10.9182170872341));
#11545=CARTESIAN_POINT('',(-24.,-1.45821658083408,10.9029172428049));
#11546=CARTESIAN_POINT('Origin',(-24.,-2.25689988730438E-16,-3.20200975937926E-15));
#11547=CARTESIAN_POINT('',(-24.,10.9314621041681,12.5599815392037));
#11548=CARTESIAN_POINT('',(-24.,20.9723365084151,5.11479240808436));
#11549=CARTESIAN_POINT('',(-24.,20.9723365084151,5.11479240808436));
#11550=CARTESIAN_POINT('',(-24.,18.9723664280841,5.10385267405991));
#11551=CARTESIAN_POINT('',(-24.,20.9723365084151,5.11479240808436));
#11552=CARTESIAN_POINT('',(-24.,19.0270650982063,-4.89599772759545));
#11553=CARTESIAN_POINT('',(-24.,19.0270650982063,-4.89599772759545));
#11554=CARTESIAN_POINT('',(-24.,21.0270351785374,-4.885057993571));
#11555=CARTESIAN_POINT('',(-24.,3.99994016066214,0.0218794680488884));
#11556=CARTESIAN_POINT('Origin',(-24.,-2.25689988730438E-16,-3.20200975937926E-15));
#11557=CARTESIAN_POINT('',(-24.,2.85619768038227,8.01574293565973));
#11558=CARTESIAN_POINT('Origin',(-24.,-0.0437589360977835,7.99988032132429));
#11559=CARTESIAN_POINT('',(-24.,10.8998369378043,0.0596215504332265));
#11560=CARTESIAN_POINT('Origin',(-24.,7.99988032132429,0.0437589360977801));
#11561=CARTESIAN_POINT('',(-24.,2.94371555257784,-7.98401770698884));
#11562=CARTESIAN_POINT('Origin',(-24.,0.0437589360977831,-7.99988032132429));
#11563=CARTESIAN_POINT('',(-24.,-5.09992370484423,-0.0278963217623401));
#11564=CARTESIAN_POINT('Origin',(-24.,-7.99988032132429,-0.0437589360977865));
#11565=CARTESIAN_POINT('',(-24.,15.9606510935112,7.23741090937915));
#11566=CARTESIAN_POINT('Origin',(-24.,15.9560017065508,8.08739819351985));
#11567=CARTESIAN_POINT('',(-24.,16.0481689657068,-8.76234973326943));
#11568=CARTESIAN_POINT('Origin',(-24.,16.0435195787464,-7.91236244912873));
#11569=CARTESIAN_POINT('Origin',(24.,3.38534983095675E-15,1.40077935643237E-15));
#11570=CARTESIAN_POINT('',(-21.,3.99994016066214,0.0218794680488887));
#11571=CARTESIAN_POINT('',(24.,3.99994016066215,0.0218794680488935));
#11572=CARTESIAN_POINT('Origin',(-21.,1.15863945454336E-29,-2.91433543964103E-15));
#11573=CARTESIAN_POINT('Origin',(24.,3.38534983095675E-15,1.40077935643237E-15));
#11574=CARTESIAN_POINT('',(21.,3.99994016066215,0.0218794680488933));
#11575=CARTESIAN_POINT('Origin',(21.,3.1596598422263E-15,1.11310503669415E-15));
#11576=CARTESIAN_POINT('',(24.,3.99994016066215,0.0218794680488935));
#11577=CARTESIAN_POINT('',(24.,3.99994016066215,0.0218794680488935));
#11578=CARTESIAN_POINT('Origin',(24.,3.38534983095675E-15,1.40077935643237E-15));
#11579=CARTESIAN_POINT('Origin',(-21.,1.15863945454336E-29,-2.91433543964103E-15));
#11580=CARTESIAN_POINT('',(-21.,13.5036182362437,-10.9263004597101));
#11581=CARTESIAN_POINT('',(-21.,13.5036182362437,-10.9263004597101));
#11582=CARTESIAN_POINT('',(-21.,19.8172322831897,-10.8917653138667));
#11583=CARTESIAN_POINT('',(-21.,13.5036182362437,-10.9263004597101));
#11584=CARTESIAN_POINT('',(-21.,19.7898829481286,-5.89184011303906));
#11585=CARTESIAN_POINT('',(-21.,19.8172322831897,-10.8917653138667));
#11586=CARTESIAN_POINT('',(-21.,11.0326546438942,-5.93974170385877));
#11587=CARTESIAN_POINT('',(-21.,19.7898829481286,-5.89184011303906));
#11588=CARTESIAN_POINT('',(-21.,11.027184776882,-4.93975666369323));
#11589=CARTESIAN_POINT('',(-21.,11.0326546438942,-5.93974170385877));
#11590=CARTESIAN_POINT('',(-21.,19.0270650982063,-4.89599772759545));
#11591=CARTESIAN_POINT('',(-21.,11.027184776882,-4.93975666369323));
#11592=CARTESIAN_POINT('',(-21.,18.9723664280841,5.10385267405991));
#11593=CARTESIAN_POINT('',(-21.,19.0270650982063,-4.89599772759545));
#11594=CARTESIAN_POINT('',(-21.,10.9724861067598,5.06009373796213));
#11595=CARTESIAN_POINT('',(-21.,18.9723664280841,5.10385267405991));
#11596=CARTESIAN_POINT('',(-21.,10.9670162397476,6.06007877812767));
#11597=CARTESIAN_POINT('',(-21.,10.9670162397476,6.06007877812767));
#11598=CARTESIAN_POINT('',(-21.,19.7242445439819,6.10798036894737));
#11599=CARTESIAN_POINT('',(-21.,10.9670162397476,6.06007877812767));
#11600=CARTESIAN_POINT('',(-21.,19.6968952089208,11.1079055697751));
#11601=CARTESIAN_POINT('',(-21.,19.7242445439819,6.10798036894737));
#11602=CARTESIAN_POINT('',(-21.,13.3832811619748,11.0733704239317));
#11603=CARTESIAN_POINT('',(-21.,19.6968952089208,11.1079055697751));
#11604=CARTESIAN_POINT('',(-21.,13.3750763614564,12.57334798418));
#11605=CARTESIAN_POINT('',(-21.,-1.45821658083408,10.9029172428049));
#11606=CARTESIAN_POINT('',(-21.,10.9314621041681,12.5599815392037));
#11607=CARTESIAN_POINT('',(-21.,-1.33885609237976,-10.9182170872341));
#11608=CARTESIAN_POINT('Origin',(-21.,1.15863945454336E-29,-2.91433543964103E-15));
#11609=CARTESIAN_POINT('',(-21.,-1.33885609237976,-10.9182170872341));
#11610=CARTESIAN_POINT('',(-21.,8.00562368168712,-1.00622535607603));
#11611=CARTESIAN_POINT('Origin',(-21.,7.99988032132429,0.0437589360977804));
#11612=CARTESIAN_POINT('',(-21.,0.0495022964606172,-9.04986461349811));
#11613=CARTESIAN_POINT('Origin',(-21.,0.0437589360977833,-7.99988032132429));
#11614=CARTESIAN_POINT('',(-21.,-7.99413696096146,-1.0937432282716));
#11615=CARTESIAN_POINT('Origin',(-21.,-7.99988032132429,-0.0437589360977862));
#11616=CARTESIAN_POINT('',(-21.,-0.0380155757349494,6.94989602915047));
#11617=CARTESIAN_POINT('Origin',(-21.,-0.0437589360977833,7.99988032132429));
#11618=CARTESIAN_POINT('',(-21.,15.9606510935112,7.23741090937915));
#11619=CARTESIAN_POINT('Origin',(-21.,15.9560017065508,8.08739819351985));
#11620=CARTESIAN_POINT('',(-21.,16.0481689657068,-8.76234973326943));
#11621=CARTESIAN_POINT('Origin',(-21.,16.0435195787464,-7.91236244912873));
#11622=CARTESIAN_POINT('Origin',(-24.,7.99988032132429,0.0437589360977801));
#11623=CARTESIAN_POINT('',(-23.,8.00562368168712,-1.00622535607603));
#11624=CARTESIAN_POINT('',(-24.,8.00562368168712,-1.00622535607603));
#11625=CARTESIAN_POINT('Origin',(-23.,7.99988032132429,0.0437589360977802));
#11626=CARTESIAN_POINT('Origin',(-24.,7.99988032132429,0.0437589360977801));
#11627=CARTESIAN_POINT('',(23.,8.00562368168712,-1.00622535607603));
#11628=CARTESIAN_POINT('Origin',(23.,7.99988032132429,0.0437589360977846));
#11629=CARTESIAN_POINT('',(21.,8.00562368168712,-1.00622535607603));
#11630=CARTESIAN_POINT('',(-24.,8.00562368168712,-1.00622535607603));
#11631=CARTESIAN_POINT('Origin',(21.,7.99988032132429,0.0437589360977844));
#11632=CARTESIAN_POINT('Origin',(-23.,-1.50459992486955E-16,-3.10611831946652E-15));
#11633=CARTESIAN_POINT('',(-23.,1.85621264021673,8.01027306864751));
#11634=CARTESIAN_POINT('Origin',(-23.,-0.0437589360977834,7.99988032132429));
#11635=CARTESIAN_POINT('',(-23.,-0.0380155757349495,6.94989602915047));
#11636=CARTESIAN_POINT('Origin',(-23.,-0.0437589360977834,7.99988032132429));
#11637=CARTESIAN_POINT('Origin',(-23.,-1.50459992486955E-16,-3.10611831946652E-15));
#11638=CARTESIAN_POINT('',(-23.,9.89985189763881,0.0541516834210037));
#11639=CARTESIAN_POINT('Origin',(-23.,7.99988032132429,0.0437589360977802));
#11640=CARTESIAN_POINT('Origin',(-23.,-1.50459992486955E-16,-3.10611831946652E-15));
#11641=CARTESIAN_POINT('',(-23.,1.9437305124123,-7.98948757400107));
#11642=CARTESIAN_POINT('Origin',(-23.,0.0437589360977832,-7.99988032132429));
#11643=CARTESIAN_POINT('',(-23.,0.0495022964606171,-9.04986461349811));
#11644=CARTESIAN_POINT('Origin',(-23.,0.0437589360977832,-7.99988032132429));
#11645=CARTESIAN_POINT('Origin',(-23.,-1.50459992486955E-16,-3.10611831946652E-15));
#11646=CARTESIAN_POINT('',(-23.,-6.09990874500977,-0.0333661887745629));
#11647=CARTESIAN_POINT('Origin',(-23.,-7.99988032132429,-0.0437589360977864));
#11648=CARTESIAN_POINT('',(-23.,-7.99413696096146,-1.0937432282716));
#11649=CARTESIAN_POINT('Origin',(-23.,-7.99988032132429,-0.0437589360977864));
#11650=CARTESIAN_POINT('Origin',(-24.,-0.0437589360977835,7.99988032132429));
#11651=CARTESIAN_POINT('',(-24.4,1.85621264021673,8.01027306864751));
#11652=CARTESIAN_POINT('',(-24.,1.85621264021673,8.01027306864751));
#11653=CARTESIAN_POINT('Origin',(-24.4,-0.0437589360977836,7.99988032132429));
#11654=CARTESIAN_POINT('Origin',(-24.4,-2.55781987227831E-16,-3.24036633534436E-15));
#11655=CARTESIAN_POINT('',(-24.4,-2.64162109635415,7.89450013080045));
#11656=CARTESIAN_POINT('Origin',(-24.4,-0.0437589360977836,7.99988032132429));
#11657=CARTESIAN_POINT('Origin',(-24.4,-2.55781987227831E-16,-3.24036633534436E-15));
#11658=CARTESIAN_POINT('',(-24.4,5.40201816106792,-0.0616212544260574));
#11659=CARTESIAN_POINT('Origin',(-24.4,7.99988032132429,0.0437589360977801));
#11660=CARTESIAN_POINT('',(-24.4,9.89985189763881,0.0541516834210036));
#11661=CARTESIAN_POINT('Origin',(-24.4,7.99988032132429,0.0437589360977801));
#11662=CARTESIAN_POINT('Origin',(-24.4,-2.55781987227831E-16,-3.24036633534436E-15));
#11663=CARTESIAN_POINT('',(-24.4,-2.55410322415858,-8.10526051184813));
#11664=CARTESIAN_POINT('Origin',(-24.4,0.043758936097783,-7.99988032132429));
#11665=CARTESIAN_POINT('',(-24.4,1.9437305124123,-7.98948757400107));
#11666=CARTESIAN_POINT('Origin',(-24.4,0.043758936097783,-7.99988032132429));
#11667=CARTESIAN_POINT('Origin',(-24.4,-2.55781987227831E-16,-3.24036633534436E-15));
#11668=CARTESIAN_POINT('',(-24.4,-10.5977424815807,-0.149139126621624));
#11669=CARTESIAN_POINT('Origin',(-24.4,-7.99988032132429,-0.0437589360977865));
#11670=CARTESIAN_POINT('',(-24.4,-6.09990874500977,-0.033366188774563));
#11671=CARTESIAN_POINT('Origin',(-24.4,-7.99988032132429,-0.0437589360977865));
#11672=CARTESIAN_POINT('Origin',(-24.,7.99988032132429,0.0437589360977801));
#11673=CARTESIAN_POINT('',(-24.,9.89985189763881,0.0541516834210034));
#11674=CARTESIAN_POINT('Origin',(-24.,0.0437589360977831,-7.99988032132429));
#11675=CARTESIAN_POINT('',(-24.,1.9437305124123,-7.98948757400107));
#11676=CARTESIAN_POINT('Origin',(-24.,-7.99988032132429,-0.0437589360977865));
#11677=CARTESIAN_POINT('',(-24.,-6.09990874500977,-0.0333661887745632));
#11678=CARTESIAN_POINT('Origin',(-24.1,-0.0437589360977835,7.99988032132429));
#11679=CARTESIAN_POINT('',(-24.1,-2.94137596816662,7.8823408153505));
#11680=CARTESIAN_POINT('Origin',(-24.1,-2.64162248209054,7.89450007458916));
#11681=CARTESIAN_POINT('',(-24.1,2.85619768038227,8.01574293565973));
#11682=CARTESIAN_POINT('Origin',(-24.1,-0.0437589360977835,7.99988032132429));
#11683=CARTESIAN_POINT('Origin',(-24.1,-0.0437589360977835,7.99988032132429));
#11684=CARTESIAN_POINT('Origin',(-24.,-0.0437589360977835,7.99988032132429));
#11685=CARTESIAN_POINT('',(-24.,2.85619768038227,8.01574293565973));
#11686=CARTESIAN_POINT('Origin',(-24.1,7.99988032132429,0.0437589360977801));
#11687=CARTESIAN_POINT('',(-24.1,5.10226328925545,-0.0737805698760079));
#11688=CARTESIAN_POINT('Origin',(-24.1,5.40201677533153,-0.0616213106373401));
#11689=CARTESIAN_POINT('',(-24.1,10.8998369378043,0.0596215504332262));
#11690=CARTESIAN_POINT('Origin',(-24.1,7.99988032132429,0.0437589360977801));
#11691=CARTESIAN_POINT('Origin',(-24.1,7.99988032132429,0.0437589360977801));
#11692=CARTESIAN_POINT('Origin',(-24.,7.99988032132429,0.0437589360977801));
#11693=CARTESIAN_POINT('',(-24.,10.8998369378043,0.0596215504332262));
#11694=CARTESIAN_POINT('Origin',(-24.1,0.0437589360977831,-7.99988032132429));
#11695=CARTESIAN_POINT('',(-24.1,-2.85385809597106,-8.11741982729808));
#11696=CARTESIAN_POINT('Origin',(-24.1,-2.55410460989497,-8.10526056805941));
#11697=CARTESIAN_POINT('',(-24.1,2.94371555257784,-7.98401770698885));
#11698=CARTESIAN_POINT('Origin',(-24.1,0.0437589360977831,-7.99988032132429));
#11699=CARTESIAN_POINT('Origin',(-24.1,0.0437589360977831,-7.99988032132429));
#11700=CARTESIAN_POINT('Origin',(-24.,0.0437589360977831,-7.99988032132429));
#11701=CARTESIAN_POINT('',(-24.,2.94371555257784,-7.98401770698885));
#11702=CARTESIAN_POINT('Origin',(-24.1,-7.99988032132429,-0.0437589360977865));
#11703=CARTESIAN_POINT('',(-24.1,-10.8974973533931,-0.161298442071574));
#11704=CARTESIAN_POINT('Origin',(-24.1,-10.597743867317,-0.149139182832907));
#11705=CARTESIAN_POINT('',(-24.1,-5.09992370484424,-0.0278963217623404));
#11706=CARTESIAN_POINT('Origin',(-24.1,-7.99988032132429,-0.0437589360977865));
#11707=CARTESIAN_POINT('Origin',(-24.1,-7.99988032132429,-0.0437589360977865));
#11708=CARTESIAN_POINT('Origin',(-24.,-7.99988032132429,-0.0437589360977865));
#11709=CARTESIAN_POINT('',(-24.,-5.09992370484424,-0.0278963217623404));
#11710=CARTESIAN_POINT('Origin',(23.,3.31011983471327E-15,1.30488791651963E-15));
#11711=CARTESIAN_POINT('',(23.,7.98948757400107,1.9437305124123));
#11712=CARTESIAN_POINT('Origin',(23.,7.99988032132429,0.0437589360977846));
#11713=CARTESIAN_POINT('Origin',(23.,3.31011983471327E-15,1.30488791651963E-15));
#11714=CARTESIAN_POINT('',(23.,-0.0541516834210035,9.89985189763881));
#11715=CARTESIAN_POINT('Origin',(23.,-0.04375893609778,7.99988032132429));
#11716=CARTESIAN_POINT('',(23.,-0.0380155757349459,6.94989602915048));
#11717=CARTESIAN_POINT('Origin',(23.,-0.04375893609778,7.99988032132429));
#11718=CARTESIAN_POINT('Origin',(23.,3.31011983471327E-15,1.30488791651963E-15));
#11719=CARTESIAN_POINT('',(23.,-8.01027306864751,1.85621264021674));
#11720=CARTESIAN_POINT('Origin',(23.,-7.99988032132429,-0.043758936097782));
#11721=CARTESIAN_POINT('',(23.,-7.99413696096145,-1.09374322827159));
#11722=CARTESIAN_POINT('Origin',(23.,-7.99988032132429,-0.043758936097782));
#11723=CARTESIAN_POINT('Origin',(23.,3.31011983471327E-15,1.30488791651963E-15));
#11724=CARTESIAN_POINT('',(23.,0.0333661887745631,-6.09990874500977));
#11725=CARTESIAN_POINT('Origin',(23.,0.0437589360977866,-7.99988032132429));
#11726=CARTESIAN_POINT('',(23.,0.0495022964606207,-9.0498646134981));
#11727=CARTESIAN_POINT('Origin',(23.,0.0437589360977866,-7.99988032132429));
#11728=CARTESIAN_POINT('Origin',(24.,7.99988032132429,0.0437589360977847));
#11729=CARTESIAN_POINT('',(24.4,7.98948757400107,1.9437305124123));
#11730=CARTESIAN_POINT('',(24.,7.98948757400107,1.9437305124123));
#11731=CARTESIAN_POINT('Origin',(24.4,7.99988032132429,0.0437589360977847));
#11732=CARTESIAN_POINT('Origin',(24.4,3.41544182945415E-15,1.43913593239747E-15));
#11733=CARTESIAN_POINT('',(24.4,7.92292593254217,-2.55510058497947));
#11734=CARTESIAN_POINT('Origin',(24.4,7.99988032132429,0.0437589360977847));
#11735=CARTESIAN_POINT('Origin',(24.4,3.41544182945415E-15,1.43913593239747E-15));
#11736=CARTESIAN_POINT('',(24.4,0.0331954526843386,10.5987398424015));
#11737=CARTESIAN_POINT('Origin',(24.4,-0.0437589360977799,7.99988032132429));
#11738=CARTESIAN_POINT('',(24.4,-0.0541516834210034,9.89985189763881));
#11739=CARTESIAN_POINT('Origin',(24.4,-0.0437589360977799,7.99988032132429));
#11740=CARTESIAN_POINT('Origin',(24.4,3.41544182945415E-15,1.43913593239747E-15));
#11741=CARTESIAN_POINT('',(24.4,-7.92292593254217,2.55510058497947));
#11742=CARTESIAN_POINT('Origin',(24.4,-7.99988032132429,-0.0437589360977819));
#11743=CARTESIAN_POINT('',(24.4,-8.01027306864751,1.85621264021674));
#11744=CARTESIAN_POINT('Origin',(24.4,-7.99988032132429,-0.0437589360977819));
#11745=CARTESIAN_POINT('Origin',(24.4,3.41544182945415E-15,1.43913593239747E-15));
#11746=CARTESIAN_POINT('',(24.4,0.120713324879905,-5.40102080024703));
#11747=CARTESIAN_POINT('Origin',(24.4,0.0437589360977867,-7.99988032132429));
#11748=CARTESIAN_POINT('',(24.4,0.0333661887745632,-6.09990874500977));
#11749=CARTESIAN_POINT('Origin',(24.4,0.0437589360977867,-7.99988032132429));
#11750=CARTESIAN_POINT('Origin',(24.,-0.0437589360977799,7.99988032132429));
#11751=CARTESIAN_POINT('',(24.,-0.0541516834210037,9.89985189763881));
#11752=CARTESIAN_POINT('Origin',(24.,-7.99988032132429,-0.0437589360977819));
#11753=CARTESIAN_POINT('',(24.,-8.01027306864751,1.85621264021674));
#11754=CARTESIAN_POINT('Origin',(24.,0.0437589360977867,-7.99988032132429));
#11755=CARTESIAN_POINT('',(24.,0.0333661887745629,-6.09990874500977));
#11756=CARTESIAN_POINT('Origin',(24.1,7.99988032132429,0.0437589360977847));
#11757=CARTESIAN_POINT('',(24.1,7.91404653420546,-2.85497053748005));
#11758=CARTESIAN_POINT('Origin',(24.1,7.92292589149362,-2.55510197124786));
#11759=CARTESIAN_POINT('',(24.1,7.98401770698884,2.94371555257784));
#11760=CARTESIAN_POINT('Origin',(24.1,7.99988032132429,0.0437589360977847));
#11761=CARTESIAN_POINT('Origin',(24.1,7.99988032132429,0.0437589360977847));
#11762=CARTESIAN_POINT('Origin',(24.,7.99988032132429,0.0437589360977847));
#11763=CARTESIAN_POINT('',(24.,7.98401770698884,2.94371555257784));
#11764=CARTESIAN_POINT('',(24.,7.98401770698884,2.94371555257784));
#11765=CARTESIAN_POINT('Origin',(24.,7.99988032132429,0.0437589360977847));
#11766=CARTESIAN_POINT('Origin',(24.,3.38534983095675E-15,1.40077935643237E-15));
#11767=CARTESIAN_POINT('',(24.,19.0270650982063,-4.89599772759544));
#11768=CARTESIAN_POINT('',(24.,18.9723664280841,5.10385267405992));
#11769=CARTESIAN_POINT('',(24.,19.0270650982063,-4.89599772759544));
#11770=CARTESIAN_POINT('',(24.,20.9723365084151,5.11479240808436));
#11771=CARTESIAN_POINT('',(24.,20.9723365084151,5.11479240808436));
#11772=CARTESIAN_POINT('',(24.,20.9723365084151,5.11479240808436));
#11773=CARTESIAN_POINT('',(24.,-1.45821658083407,10.9029172428049));
#11774=CARTESIAN_POINT('',(24.,10.9314621041681,12.5599815392037));
#11775=CARTESIAN_POINT('',(24.,-1.33885609237976,-10.9182170872341));
#11776=CARTESIAN_POINT('Origin',(24.,3.38534983095675E-15,1.40077935643237E-15));
#11777=CARTESIAN_POINT('',(24.,-1.33885609237976,-10.9182170872341));
#11778=CARTESIAN_POINT('',(24.,21.0270351785374,-4.885057993571));
#11779=CARTESIAN_POINT('',(24.,21.068059181129,-12.3849457948125));
#11780=CARTESIAN_POINT('',(24.,21.0270351785374,-4.885057993571));
#11781=CARTESIAN_POINT('',(24.,-0.0596215504332264,10.8998369378043));
#11782=CARTESIAN_POINT('Origin',(24.,-0.0437589360977799,7.99988032132429));
#11783=CARTESIAN_POINT('',(24.,-8.01574293565973,2.85619768038227));
#11784=CARTESIAN_POINT('Origin',(24.,-7.99988032132429,-0.0437589360977819));
#11785=CARTESIAN_POINT('',(24.,0.0278963217623402,-5.09992370484423));
#11786=CARTESIAN_POINT('Origin',(24.,0.0437589360977867,-7.99988032132429));
#11787=CARTESIAN_POINT('',(24.,15.9606510935112,7.23741090937915));
#11788=CARTESIAN_POINT('Origin',(24.,15.9560017065508,8.08739819351986));
#11789=CARTESIAN_POINT('',(24.,16.0481689657068,-8.76234973326943));
#11790=CARTESIAN_POINT('Origin',(24.,16.0435195787464,-7.91236244912872));
#11791=CARTESIAN_POINT('Origin',(24.,-0.0437589360977799,7.99988032132429));
#11792=CARTESIAN_POINT('',(24.1,-0.0596215504332264,10.8998369378043));
#11793=CARTESIAN_POINT('',(24.1,0.0420748510210521,10.8986097949021));
#11794=CARTESIAN_POINT('Origin',(24.1,-0.0437589360977799,7.99988032132429));
#11795=CARTESIAN_POINT('',(24.,-0.0596215504332267,10.8998369378043));
#11796=CARTESIAN_POINT('Origin',(24.1,-0.0437589360977799,7.99988032132429));
#11797=CARTESIAN_POINT('Origin',(24.1,-0.0437589360977799,7.99988032132429));
#11798=CARTESIAN_POINT('Origin',(24.1,0.033195493732897,10.5987412286699));
#11799=CARTESIAN_POINT('Origin',(24.,-7.99988032132429,-0.0437589360977819));
#11800=CARTESIAN_POINT('',(24.1,-8.01574293565973,2.85619768038227));
#11801=CARTESIAN_POINT('',(24.1,-7.91404653420545,2.85497053748005));
#11802=CARTESIAN_POINT('Origin',(24.1,-7.99988032132429,-0.0437589360977819));
#11803=CARTESIAN_POINT('',(24.,-8.01574293565973,2.85619768038227));
#11804=CARTESIAN_POINT('Origin',(24.1,-7.99988032132429,-0.0437589360977819));
#11805=CARTESIAN_POINT('Origin',(24.1,-7.99988032132429,-0.0437589360977819));
#11806=CARTESIAN_POINT('Origin',(24.1,-7.92292589149361,2.55510197124786));
#11807=CARTESIAN_POINT('Origin',(24.,0.0437589360977867,-7.99988032132429));
#11808=CARTESIAN_POINT('',(24.1,0.0278963217623402,-5.09992370484423));
#11809=CARTESIAN_POINT('',(24.1,0.129592723216619,-5.10115084774645));
#11810=CARTESIAN_POINT('Origin',(24.1,0.0437589360977867,-7.99988032132429));
#11811=CARTESIAN_POINT('',(24.,0.0278963217623399,-5.09992370484423));
#11812=CARTESIAN_POINT('Origin',(24.1,0.0437589360977867,-7.99988032132429));
#11813=CARTESIAN_POINT('Origin',(24.1,0.0437589360977867,-7.99988032132429));
#11814=CARTESIAN_POINT('Origin',(24.1,0.120713365928464,-5.40101941397864));
#11815=CARTESIAN_POINT('Origin',(-24.,18.9997157631452,0.103927473232232));
#11816=CARTESIAN_POINT('',(21.,18.9723664280841,5.10385267405992));
#11817=CARTESIAN_POINT('',(21.,18.9723664280841,5.10385267405992));
#11818=CARTESIAN_POINT('',(21.,19.0270650982063,-4.89599772759544));
#11819=CARTESIAN_POINT('',(24.,19.0270650982063,-4.89599772759544));
#11820=CARTESIAN_POINT('',(21.,19.0270650982063,-4.89599772759544));
#11821=CARTESIAN_POINT('Origin',(-24.,18.9997157631452,0.103927473232232));
#11822=CARTESIAN_POINT('',(-24.,18.9723664280841,5.10385267405991));
#11823=CARTESIAN_POINT('',(-21.,19.0270650982063,-4.89599772759545));
#11824=CARTESIAN_POINT('Origin',(-24.,25.9722617092428,5.14214174314547));
#11825=CARTESIAN_POINT('',(-18.51961760512,17.9674824818465,5.09835601028209));
#11826=CARTESIAN_POINT('',(-16.47918471983,20.0078848425983,5.109516906812));
#11827=CARTESIAN_POINT('',(-18.51961760512,17.9674824818465,5.09835601028209));
#11828=CARTESIAN_POINT('',(-19.83549374218,15.641867905036,5.08563501752131));
#11829=CARTESIAN_POINT('Origin',(-14.98408369919,14.4320014669184,5.07901710999945));
#11830=CARTESIAN_POINT('',(-19.83549374218,15.641867905036,5.08563501752131));
#11831=CARTESIAN_POINT('',(-19.,25.9722617092428,5.14214174314547));
#11832=CARTESIAN_POINT('',(-19.,22.9723065887462,5.1257321421088));
#11833=CARTESIAN_POINT('',(-19.,25.9722617092428,5.14214174314547));
#11834=CARTESIAN_POINT('',(-14.59560644436,22.9723065887462,5.1257321421088));
#11835=CARTESIAN_POINT('',(-14.59560644436,22.9723065887462,5.1257321421088));
#11836=CARTESIAN_POINT('',(-14.59560644436,21.191553778432,5.11599151533658));
#11837=CARTESIAN_POINT('',(-14.59560644436,22.9723065887462,5.1257321421088));
#11838=CARTESIAN_POINT('Origin',(-12.9436508139,16.4724038276702,5.09017800652936));
#11839=CARTESIAN_POINT('Origin',(-24.,25.9722617092428,5.14214174314547));
#11840=CARTESIAN_POINT('',(18.51961760512,17.9674824818465,5.0983560102821));
#11841=CARTESIAN_POINT('',(16.47918471983,20.0078848425983,5.109516906812));
#11842=CARTESIAN_POINT('',(18.51961760512,17.9674824818465,5.0983560102821));
#11843=CARTESIAN_POINT('',(14.59560644436,21.191553778432,5.11599151533658));
#11844=CARTESIAN_POINT('Origin',(12.9436508139,16.4724038276702,5.09017800652936));
#11845=CARTESIAN_POINT('',(14.59560644436,22.9723065887462,5.12573214210881));
#11846=CARTESIAN_POINT('',(14.59560644436,21.191553778432,5.11599151533658));
#11847=CARTESIAN_POINT('',(19.,22.9723065887462,5.12573214210881));
#11848=CARTESIAN_POINT('',(19.,22.9723065887462,5.12573214210881));
#11849=CARTESIAN_POINT('',(19.,25.9722617092428,5.14214174314548));
#11850=CARTESIAN_POINT('',(19.,25.9722617092428,5.14214174314548));
#11851=CARTESIAN_POINT('',(24.,20.9723365084151,5.11479240808436));
#11852=CARTESIAN_POINT('',(21.,10.9724861067598,5.06009373796213));
#11853=CARTESIAN_POINT('',(21.,10.9724861067598,5.06009373796213));
#11854=CARTESIAN_POINT('',(19.83549374218,15.641867905036,5.08563501752131));
#11855=CARTESIAN_POINT('',(21.,10.9724861067598,5.06009373796213));
#11856=CARTESIAN_POINT('Origin',(14.98408369919,14.4320014669184,5.07901710999946));
#11857=CARTESIAN_POINT('Origin',(-21.,15.4871371930765,5.08478864844264));
#11858=CARTESIAN_POINT('',(-18.51961760512,17.9620126148342,6.09834105044763));
#11859=CARTESIAN_POINT('',(-18.51961760512,17.9674824818465,5.09835601028209));
#11860=CARTESIAN_POINT('',(-16.47918471983,20.002414975586,6.10950194697753));
#11861=CARTESIAN_POINT('',(-16.47918471983,20.002414975586,6.10950194697753));
#11862=CARTESIAN_POINT('',(-18.51961760512,17.9620126148342,6.09834105044763));
#11863=CARTESIAN_POINT('Origin',(-14.98408369919,14.7059871055607,-45.0102335518922));
#11864=CARTESIAN_POINT('',(-19.83549374218,15.6363980380238,6.08562005768685));
#11865=CARTESIAN_POINT('Origin',(-14.98408369919,14.4265315999062,6.07900215016499));
#11866=CARTESIAN_POINT('',(-19.83549374218,15.641867905036,5.08563501752131));
#11867=CARTESIAN_POINT('Origin',(-19.5,16.9816448863126,6.09297848912651));
#11868=CARTESIAN_POINT('',(-19.83549374218,15.6363980380238,6.08562005768685));
#11869=CARTESIAN_POINT('Origin',(-14.84529946162,23.9668217618995,6.13118704928656));
#11870=CARTESIAN_POINT('',(-14.43383080717,21.2396357156117,6.11626948113143));
#11871=CARTESIAN_POINT('',(-14.43383080717,21.9668516815685,6.12024731526212));
#11872=CARTESIAN_POINT('',(-14.43383080717,21.2396357156117,6.11626948113143));
#11873=CARTESIAN_POINT('',(-14.84529946162,21.9668516815685,6.12024731526212));
#11874=CARTESIAN_POINT('',(-14.43383080717,21.9668516815685,6.12024731526212));
#11875=CARTESIAN_POINT('',(-14.84529946162,23.9668217618995,6.13118704928656));
#11876=CARTESIAN_POINT('',(-14.84529946162,23.9668217618995,6.13118704928656));
#11877=CARTESIAN_POINT('',(-17.15470053838,23.9668217618995,6.13118704928656));
#11878=CARTESIAN_POINT('',(-14.84529946162,23.9668217618995,6.13118704928656));
#11879=CARTESIAN_POINT('',(-17.15470053838,21.9668516815685,6.12024731526212));
#11880=CARTESIAN_POINT('',(-17.15470053838,23.9668217618995,6.13118704928656));
#11881=CARTESIAN_POINT('',(-18.30940107676,21.9668516815685,6.12024731526212));
#11882=CARTESIAN_POINT('',(-18.30940107676,21.9668516815685,6.12024731526212));
#11883=CARTESIAN_POINT('',(-18.30940107676,22.4148032163074,6.12269758724072));
#11884=CARTESIAN_POINT('',(-18.30940107676,22.4148032163074,6.12269758724072));
#11885=CARTESIAN_POINT('',(-18.30940107676,22.4148032163074,6.12269758724072));
#11886=CARTESIAN_POINT('Origin',(-12.9436508139,16.466933960658,6.09016304669489));
#11887=CARTESIAN_POINT('Origin',(-14.84529946162,23.9668217618995,6.13118704928656));
#11888=CARTESIAN_POINT('',(21.,10.9670162397476,6.06007877812767));
#11889=CARTESIAN_POINT('',(19.83549374218,15.6363980380238,6.08562005768685));
#11890=CARTESIAN_POINT('',(21.,10.9670162397476,6.06007877812767));
#11891=CARTESIAN_POINT('',(21.,19.7242445439819,6.10798036894738));
#11892=CARTESIAN_POINT('',(21.,19.7242445439819,6.10798036894738));
#11893=CARTESIAN_POINT('',(18.30940107676,22.4148032163074,6.12269758724073));
#11894=CARTESIAN_POINT('',(21.,19.7242445439819,6.10798036894738));
#11895=CARTESIAN_POINT('',(18.30940107676,21.9668516815685,6.12024731526212));
#11896=CARTESIAN_POINT('',(18.30940107676,22.4148032163074,6.12269758724073));
#11897=CARTESIAN_POINT('',(17.15470053838,21.9668516815685,6.12024731526212));
#11898=CARTESIAN_POINT('',(18.30940107676,21.9668516815685,6.12024731526212));
#11899=CARTESIAN_POINT('',(17.15470053838,23.9668217618995,6.13118704928657));
#11900=CARTESIAN_POINT('',(17.15470053838,21.9668516815685,6.12024731526212));
#11901=CARTESIAN_POINT('',(14.84529946162,23.9668217618995,6.13118704928657));
#11902=CARTESIAN_POINT('',(14.84529946162,23.9668217618995,6.13118704928657));
#11903=CARTESIAN_POINT('',(14.84529946162,21.9668516815685,6.12024731526212));
#11904=CARTESIAN_POINT('',(14.84529946162,21.9668516815685,6.12024731526212));
#11905=CARTESIAN_POINT('',(14.43383080717,21.9668516815685,6.12024731526212));
#11906=CARTESIAN_POINT('',(14.43383080717,21.9668516815685,6.12024731526212));
#11907=CARTESIAN_POINT('',(14.43383080717,21.2396357156117,6.11626948113143));
#11908=CARTESIAN_POINT('',(14.43383080717,21.2396357156117,6.11626948113143));
#11909=CARTESIAN_POINT('',(16.47918471983,20.002414975586,6.10950194697754));
#11910=CARTESIAN_POINT('Origin',(12.9436508139,16.466933960658,6.0901630466949));
#11911=CARTESIAN_POINT('',(18.51961760512,17.9620126148342,6.09834105044763));
#11912=CARTESIAN_POINT('',(18.51961760512,17.9620126148342,6.09834105044763));
#11913=CARTESIAN_POINT('Origin',(14.98408369919,14.4265315999062,6.07900215016499));
#11914=CARTESIAN_POINT('Origin',(-9.91911218140604,22.9750415222523,4.62573962202604));
#11915=CARTESIAN_POINT('',(-9.91911218140604,21.475063962004,4.6175348215077));
#11916=CARTESIAN_POINT('',(-12.9436508139,21.4695673323806,5.62241252373073));
#11917=CARTESIAN_POINT('',(-9.91911218140604,21.475063962004,4.6175348215077));
#11918=CARTESIAN_POINT('',(-9.91911218140604,22.9750415222523,4.62573962202604));
#11919=CARTESIAN_POINT('',(-9.91911218140604,22.9750415222523,4.62573962202604));
#11920=CARTESIAN_POINT('',(-13.81022135628,22.9679700351406,5.91852815008333));
#11921=CARTESIAN_POINT('',(-9.91911218140604,22.9750415222523,4.62573962202604));
#11922=CARTESIAN_POINT('',(-13.81022135628,21.9679849949751,5.91305828307111));
#11923=CARTESIAN_POINT('',(-13.81022135628,22.9679700351406,5.91852815008333));
#11924=CARTESIAN_POINT('',(-13.81022135628,21.9679849949751,5.91305828307111));
#11925=CARTESIAN_POINT('Origin',(-12.9436508139,16.469642131553,5.59506318867106));
#11926=CARTESIAN_POINT('Origin',(-24.,21.499678363559,0.117602140762789));
#11927=CARTESIAN_POINT('',(-12.9436508139,21.4753312015095,4.56867887912445));
#11928=CARTESIAN_POINT('',(-12.9436508139,21.4695673323806,5.62241252373073));
#11929=CARTESIAN_POINT('',(-10.08088781859,21.4805338290162,3.61754978134217));
#11930=CARTESIAN_POINT('',(-12.9436508139,21.4753312015095,4.56867887912445));
#11931=CARTESIAN_POINT('',(-6.00000000000004,21.4805338290162,3.61754978134217));
#11932=CARTESIAN_POINT('',(-10.08088781859,21.4805338290162,3.61754978134217));
#11933=CARTESIAN_POINT('',(-6.00000000000004,21.5188228981018,-3.38234549981659));
#11934=CARTESIAN_POINT('',(-6.00000000000004,21.4805338290162,3.61754978134217));
#11935=CARTESIAN_POINT('',(-10.08088781859,21.5188228981018,-3.38234549981659));
#11936=CARTESIAN_POINT('',(-6.00000000000004,21.5188228981018,-3.38234549981659));
#11937=CARTESIAN_POINT('',(-12.9436508139,21.5240255256086,-4.33347459759887));
#11938=CARTESIAN_POINT('',(-12.9436508139,21.5240255256086,-4.33347459759887));
#11939=CARTESIAN_POINT('',(-12.9436508139,21.5297893947374,-5.38720824220515));
#11940=CARTESIAN_POINT('',(-12.9436508139,21.5240255256086,-4.33347459759887));
#11941=CARTESIAN_POINT('',(-9.91911218140604,21.524292765114,-4.38233053998212));
#11942=CARTESIAN_POINT('',(-9.91911218140604,21.524292765114,-4.38233053998212));
#11943=CARTESIAN_POINT('',(9.91911218140596,21.524292765114,-4.38233053998212));
#11944=CARTESIAN_POINT('',(-9.91911218140604,21.524292765114,-4.38233053998212));
#11945=CARTESIAN_POINT('',(12.9436508139,21.5297893947374,-5.38720824220515));
#11946=CARTESIAN_POINT('',(9.91911218140596,21.524292765114,-4.38233053998212));
#11947=CARTESIAN_POINT('',(12.9436508139,21.5240255256086,-4.33347459759886));
#11948=CARTESIAN_POINT('',(12.9436508139,21.5297893947374,-5.38720824220515));
#11949=CARTESIAN_POINT('',(10.08088781859,21.5188228981018,-3.38234549981658));
#11950=CARTESIAN_POINT('',(12.9436508139,21.5240255256086,-4.33347459759886));
#11951=CARTESIAN_POINT('',(5.99999999999996,21.5188228981018,-3.38234549981658));
#11952=CARTESIAN_POINT('',(10.08088781859,21.5188228981018,-3.38234549981658));
#11953=CARTESIAN_POINT('',(5.99999999999996,21.4805338290162,3.61754978134217));
#11954=CARTESIAN_POINT('',(5.99999999999996,21.5188228981018,-3.38234549981658));
#11955=CARTESIAN_POINT('',(10.08088781859,21.4805338290162,3.61754978134217));
#11956=CARTESIAN_POINT('',(5.99999999999996,21.4805338290162,3.61754978134217));
#11957=CARTESIAN_POINT('',(12.9436508139,21.4753312015095,4.56867887912445));
#11958=CARTESIAN_POINT('',(12.9436508139,21.4753312015095,4.56867887912445));
#11959=CARTESIAN_POINT('',(12.9436508139,21.4695673323806,5.62241252373073));
#11960=CARTESIAN_POINT('',(12.9436508139,21.4753312015095,4.56867887912445));
#11961=CARTESIAN_POINT('',(9.91911218140596,21.475063962004,4.6175348215077));
#11962=CARTESIAN_POINT('',(9.91911218140596,21.475063962004,4.6175348215077));
#11963=CARTESIAN_POINT('',(9.91911218140596,21.475063962004,4.6175348215077));
#11964=CARTESIAN_POINT('',(-4.45000000000004,21.5160879645957,-2.88235297973382));
#11965=CARTESIAN_POINT('',(4.44999999999996,21.5160879645957,-2.88235297973382));
#11966=CARTESIAN_POINT('',(-4.45000000000004,21.5160879645957,-2.88235297973382));
#11967=CARTESIAN_POINT('',(-4.95000000000004,21.5133530310896,-2.38236045965105));
#11968=CARTESIAN_POINT('Origin',(-4.45000000000004,21.5133530310896,-2.38236045965105));
#11969=CARTESIAN_POINT('',(-4.95000000000004,21.4860036960285,2.61756474117663));
#11970=CARTESIAN_POINT('',(-4.95000000000004,21.4860036960285,2.61756474117663));
#11971=CARTESIAN_POINT('',(-4.45000000000004,21.4832687625224,3.1175572612594));
#11972=CARTESIAN_POINT('Origin',(-4.45000000000004,21.4860036960285,2.61756474117663));
#11973=CARTESIAN_POINT('',(4.44999999999996,21.4832687625224,3.1175572612594));
#11974=CARTESIAN_POINT('',(4.44999999999996,21.4832687625224,3.1175572612594));
#11975=CARTESIAN_POINT('',(4.94999999999996,21.4860036960285,2.61756474117663));
#11976=CARTESIAN_POINT('Origin',(4.44999999999996,21.4860036960285,2.61756474117663));
#11977=CARTESIAN_POINT('',(4.94999999999996,21.5133530310896,-2.38236045965105));
#11978=CARTESIAN_POINT('',(4.94999999999996,21.5133530310896,-2.38236045965105));
#11979=CARTESIAN_POINT('Origin',(4.44999999999996,21.5133530310896,-2.38236045965105));
#11980=CARTESIAN_POINT('Origin',(-4.95000000000004,21.5160879645957,-2.88235297973382));
#11981=CARTESIAN_POINT('',(4.44999999999996,26.0160206453406,-2.85773857817881));
#11982=CARTESIAN_POINT('',(4.44999999999996,21.5160879645957,-2.88235297973382));
#11983=CARTESIAN_POINT('',(2.64575131106496,26.0160206453406,-2.85773857817881));
#11984=CARTESIAN_POINT('',(-2.47500000000004,26.0160206453407,-2.85773857817881));
#11985=CARTESIAN_POINT('',(2.64575131106496,24.5160430850923,-2.86594337869715));
#11986=CARTESIAN_POINT('',(2.64575131106496,24.5160430850923,-2.86594337869715));
#11987=CARTESIAN_POINT('',(-2.64575131106504,24.5160430850923,-2.86594337869715));
#11988=CARTESIAN_POINT('',(2.64575131106496,24.5160430850923,-2.86594337869715));
#11989=CARTESIAN_POINT('',(-2.64575131106504,26.0160206453406,-2.85773857817881));
#11990=CARTESIAN_POINT('',(-2.64575131106504,24.5160430850923,-2.86594337869715));
#11991=CARTESIAN_POINT('',(-4.45000000000004,26.0160206453406,-2.85773857817881));
#11992=CARTESIAN_POINT('',(-2.47500000000004,26.0160206453407,-2.85773857817881));
#11993=CARTESIAN_POINT('',(-4.45000000000004,21.5160879645957,-2.88235297973382));
#11994=CARTESIAN_POINT('Origin',(4.44999999999996,21.4098517239352,-2.38292660650624));
#11995=CARTESIAN_POINT('',(4.94999999999996,26.0132857118345,-2.35774605809604));
#11996=CARTESIAN_POINT('',(4.94999999999996,21.5133530310896,-2.38236045965105));
#11997=CARTESIAN_POINT('Origin',(4.44999999999996,26.0132857118346,-2.35774605809604));
#11998=CARTESIAN_POINT('Origin',(4.94999999999996,21.5160879645957,-2.88235297973382));
#11999=CARTESIAN_POINT('',(4.94999999999996,25.9859363767734,2.64217914273164));
#12000=CARTESIAN_POINT('',(4.94999999999996,21.4860036960285,2.61756474117663));
#12001=CARTESIAN_POINT('',(4.94999999999996,26.0078158448224,-1.35776101793051));
#12002=CARTESIAN_POINT('Origin',(4.44999999999996,21.3825023888741,2.61699859432144));
#12003=CARTESIAN_POINT('',(4.44999999999996,25.9832014432673,3.1421716628144));
#12004=CARTESIAN_POINT('',(4.44999999999996,21.4832687625224,3.1175572612594));
#12005=CARTESIAN_POINT('Origin',(4.44999999999996,25.9859363767735,2.64217914273164));
#12006=CARTESIAN_POINT('Origin',(4.94999999999996,21.4832687625224,3.1175572612594));
#12007=CARTESIAN_POINT('',(-4.45000000000004,25.9832014432673,3.1421716628144));
#12008=CARTESIAN_POINT('',(-4.45000000000004,21.4832687625224,3.1175572612594));
#12009=CARTESIAN_POINT('',(-2.64575131106504,25.9832014432673,3.1421716628144));
#12010=CARTESIAN_POINT('',(2.47499999999996,25.9832014432674,3.1421716628144));
#12011=CARTESIAN_POINT('',(-2.64575131106504,24.483223883019,3.13396686229607));
#12012=CARTESIAN_POINT('',(-2.64575131106504,24.483223883019,3.13396686229607));
#12013=CARTESIAN_POINT('',(2.64575131106496,24.483223883019,3.13396686229607));
#12014=CARTESIAN_POINT('',(2.64575131106496,24.483223883019,3.13396686229607));
#12015=CARTESIAN_POINT('',(2.64575131106496,25.9832014432673,3.1421716628144));
#12016=CARTESIAN_POINT('',(2.64575131106496,24.483223883019,3.13396686229607));
#12017=CARTESIAN_POINT('',(2.47499999999996,25.9832014432674,3.1421716628144));
#12018=CARTESIAN_POINT('Origin',(-4.27014449352661E-14,25.9558521082062,
8.14209686364208));
#12019=CARTESIAN_POINT('',(-4.2449685734104E-14,23.9616253882379,7.08117283744382));
#12020=CARTESIAN_POINT('Origin',(-4.25499381667878E-14,23.9558820278751,
8.13115712961764));
#12021=CARTESIAN_POINT('',(-4.26011925025823E-14,25.961595468569,7.09211257146827));
#12022=CARTESIAN_POINT('',(-4.27297804164927E-14,25.961595468569,7.09211257146827));
#12023=CARTESIAN_POINT('Origin',(-4.27014449352661E-14,25.9558521082062,
8.14209686364208));
#12024=CARTESIAN_POINT('Origin',(-24.,23.9996409639729,0.131276808293347));
#12025=CARTESIAN_POINT('',(-2.00000000000004,23.962198086259,6.97647386536755));
#12026=CARTESIAN_POINT('',(-4.23294399991805E-14,23.9685141446428,5.82179060111646));
#12027=CARTESIAN_POINT('',(-2.00000000000004,23.962198086259,6.97647386536755));
#12028=CARTESIAN_POINT('',(1.99999999999996,23.962198086259,6.97647386536755));
#12029=CARTESIAN_POINT('',(-4.23294399991805E-14,23.9685141446428,5.82179060111646));
#12030=CARTESIAN_POINT('',(1.99999999999996,23.9495659694912,9.28584039386773));
#12031=CARTESIAN_POINT('',(1.99999999999996,23.962198086259,6.97647386536755));
#12032=CARTESIAN_POINT('',(-4.27704363343952E-14,23.9432499111073,10.4405236581198));
#12033=CARTESIAN_POINT('',(1.99999999999996,23.9495659694912,9.28584039386773));
#12034=CARTESIAN_POINT('',(-2.00000000000004,23.9495659694912,9.28584039386773));
#12035=CARTESIAN_POINT('',(-4.27704363343952E-14,23.9432499111073,10.4405236581198));
#12036=CARTESIAN_POINT('',(-2.00000000000004,23.9495659694912,9.28584039386773));
#12037=CARTESIAN_POINT('Origin',(-2.00000000000004,22.9622130460934,6.97100399835532));
#12038=CARTESIAN_POINT('',(-4.21779332307023E-14,21.9685440643118,5.81085086709201));
#12039=CARTESIAN_POINT('',(-4.23294399991805E-14,23.9685141446428,5.82179060111646));
#12040=CARTESIAN_POINT('',(-2.00000000000004,21.9622280059279,6.9655341313431));
#12041=CARTESIAN_POINT('',(-2.00000000000004,21.9622280059279,6.9655341313431));
#12042=CARTESIAN_POINT('',(-4.21779332307023E-14,21.9685440643118,5.81085086709201));
#12043=CARTESIAN_POINT('Origin',(-4.22536866149414E-14,22.9685291044773,
5.81632073410423));
#12044=CARTESIAN_POINT('',(1.99999999999996,21.9622280059279,6.9655341313431));
#12045=CARTESIAN_POINT('',(1.99999999999996,23.962198086259,6.97647386536755));
#12046=CARTESIAN_POINT('',(1.99999999999996,21.9622280059279,6.9655341313431));
#12047=CARTESIAN_POINT('Origin',(1.99999999999996,22.9622130460934,6.97100399835532));
#12048=CARTESIAN_POINT('',(1.99999999999996,21.9495958891601,9.27490065984328));
#12049=CARTESIAN_POINT('',(1.99999999999996,23.9495659694912,9.28584039386773));
#12050=CARTESIAN_POINT('',(1.99999999999996,21.9495958891601,9.27490065984328));
#12051=CARTESIAN_POINT('Origin',(1.99999999999996,22.9495809293257,9.2803705268555));
#12052=CARTESIAN_POINT('',(-4.26189295659169E-14,21.9432798307762,10.4295839240954));
#12053=CARTESIAN_POINT('',(-4.27704363343952E-14,23.9432499111073,10.4405236581198));
#12054=CARTESIAN_POINT('',(-4.26189295659169E-14,21.9432798307762,10.4295839240954));
#12055=CARTESIAN_POINT('Origin',(-4.26946829501561E-14,22.9432648709418,
10.4350537911076));
#12056=CARTESIAN_POINT('',(-2.00000000000004,21.9495958891601,9.27490065984328));
#12057=CARTESIAN_POINT('',(-2.00000000000004,23.9495659694912,9.28584039386773));
#12058=CARTESIAN_POINT('',(-2.00000000000004,21.9495958891601,9.27490065984328));
#12059=CARTESIAN_POINT('Origin',(-2.00000000000004,22.9495809293257,9.2803705268555));
#12060=CARTESIAN_POINT('',(-2.00000000000004,21.9622280059279,6.9655341313431));
#12061=CARTESIAN_POINT('Origin',(-24.,21.9996708836418,0.120337074268901));
#12062=CARTESIAN_POINT('',(7.66217782649096,22.0242852851968,-4.37959560647601));
#12063=CARTESIAN_POINT('',(8.33782217350896,22.0242852851968,-4.37959560647601));
#12064=CARTESIAN_POINT('',(7.66217782649096,22.0242852851968,-4.37959560647601));
#12065=CARTESIAN_POINT('',(4.79999999999996,22.0333241263254,-6.03205002425464));
#12066=CARTESIAN_POINT('',(7.66217782649096,22.0242852851968,-4.37959560647601));
#12067=CARTESIAN_POINT('',(4.79999999999996,22.0535355131538,-9.72703646985613));
#12068=CARTESIAN_POINT('',(4.79999999999996,22.0333241263254,-6.03205002425464));
#12069=CARTESIAN_POINT('',(6.79615242270696,22.0598394207762,-10.879498367552));
#12070=CARTESIAN_POINT('',(4.79999999999996,22.0535355131538,-9.72703646985613));
#12071=CARTESIAN_POINT('',(9.20384757729296,22.0598394207762,-10.879498367552));
#12072=CARTESIAN_POINT('',(9.20384757729296,22.0598394207762,-10.879498367552));
#12073=CARTESIAN_POINT('',(11.2,22.0535355131538,-9.72703646985613));
#12074=CARTESIAN_POINT('',(9.20384757729296,22.0598394207762,-10.879498367552));
#12075=CARTESIAN_POINT('',(11.2,22.0333241263254,-6.03205002425464));
#12076=CARTESIAN_POINT('',(11.2,22.0535355131538,-9.72703646985613));
#12077=CARTESIAN_POINT('',(11.2,22.0333241263254,-6.03205002425464));
#12078=CARTESIAN_POINT('',(5.99999999999996,22.0497458781235,-9.03422651130547));
#12079=CARTESIAN_POINT('',(5.99999999999996,22.0371137613557,-6.72485998280529));
#12080=CARTESIAN_POINT('',(5.99999999999996,22.0497458781235,-9.03422651130547));
#12081=CARTESIAN_POINT('',(7.99999999999996,22.0307977029718,-5.5701767185542));
#12082=CARTESIAN_POINT('',(5.99999999999996,22.0371137613557,-6.72485998280529));
#12083=CARTESIAN_POINT('',(9.99999999999996,22.0371137613557,-6.72485998280529));
#12084=CARTESIAN_POINT('',(7.99999999999996,22.0307977029718,-5.5701767185542));
#12085=CARTESIAN_POINT('',(9.99999999999996,22.0497458781235,-9.03422651130547));
#12086=CARTESIAN_POINT('',(9.99999999999996,22.0371137613557,-6.72485998280529));
#12087=CARTESIAN_POINT('',(7.99999999999996,22.0560619365073,-10.1889097755576));
#12088=CARTESIAN_POINT('',(9.99999999999996,22.0497458781235,-9.03422651130547));
#12089=CARTESIAN_POINT('',(7.99999999999996,22.0560619365073,-10.1889097755576));
#12090=CARTESIAN_POINT('Origin',(-24.,21.9996708836418,0.120337074268901));
#12091=CARTESIAN_POINT('',(7.66217782649096,21.9750564820868,4.62026975501382));
#12092=CARTESIAN_POINT('',(8.33782217350896,21.9750564820868,4.62026975501382));
#12093=CARTESIAN_POINT('',(7.66217782649096,21.9750564820868,4.62026975501382));
#12094=CARTESIAN_POINT('',(11.2,21.9660176409582,6.27272417279245));
#12095=CARTESIAN_POINT('',(8.33782217350896,21.9750564820868,4.62026975501382));
#12096=CARTESIAN_POINT('',(11.2,21.9458062541298,9.96771061839394));
#12097=CARTESIAN_POINT('',(11.2,21.9660176409582,6.27272417279245));
#12098=CARTESIAN_POINT('',(9.20384757729296,21.9395023465073,11.1201725160898));
#12099=CARTESIAN_POINT('',(11.2,21.9458062541298,9.96771061839394));
#12100=CARTESIAN_POINT('',(6.79615242270696,21.9395023465073,11.1201725160898));
#12101=CARTESIAN_POINT('',(9.20384757729296,21.9395023465073,11.1201725160898));
#12102=CARTESIAN_POINT('',(4.79999999999996,21.9458062541298,9.96771061839394));
#12103=CARTESIAN_POINT('',(6.79615242270696,21.9395023465073,11.1201725160898));
#12104=CARTESIAN_POINT('',(4.79999999999996,21.9660176409582,6.27272417279245));
#12105=CARTESIAN_POINT('',(4.79999999999996,21.9458062541298,9.96771061839394));
#12106=CARTESIAN_POINT('',(4.79999999999996,21.9660176409582,6.27272417279245));
#12107=CARTESIAN_POINT('',(5.99999999999996,21.9622280059279,6.9655341313431));
#12108=CARTESIAN_POINT('',(5.99999999999996,21.9495958891601,9.27490065984328));
#12109=CARTESIAN_POINT('',(5.99999999999996,21.9622280059279,6.9655341313431));
#12110=CARTESIAN_POINT('',(7.99999999999996,21.9432798307762,10.4295839240954));
#12111=CARTESIAN_POINT('',(5.99999999999996,21.9495958891601,9.27490065984328));
#12112=CARTESIAN_POINT('',(9.99999999999996,21.9495958891601,9.27490065984328));
#12113=CARTESIAN_POINT('',(7.99999999999996,21.9432798307762,10.4295839240954));
#12114=CARTESIAN_POINT('',(9.99999999999996,21.9622280059279,6.9655341313431));
#12115=CARTESIAN_POINT('',(9.99999999999996,21.9495958891601,9.27490065984328));
#12116=CARTESIAN_POINT('',(7.99999999999996,21.9685440643118,5.81085086709201));
#12117=CARTESIAN_POINT('',(9.99999999999996,21.9622280059279,6.9655341313431));
#12118=CARTESIAN_POINT('',(7.99999999999996,21.9685440643118,5.81085086709201));
#12119=CARTESIAN_POINT('Origin',(-24.,21.9996708836418,0.120337074268901));
#12120=CARTESIAN_POINT('',(0.337822173508859,22.0242852851968,-4.37959560647601));
#12121=CARTESIAN_POINT('',(-0.337822173508941,22.0242852851968,-4.37959560647601));
#12122=CARTESIAN_POINT('',(0.337822173508859,22.0242852851968,-4.37959560647601));
#12123=CARTESIAN_POINT('',(-3.20000000000004,22.0333241263254,-6.03205002425464));
#12124=CARTESIAN_POINT('',(-0.337822173508941,22.0242852851968,-4.37959560647601));
#12125=CARTESIAN_POINT('',(-3.20000000000004,22.0535355131538,-9.72703646985613));
#12126=CARTESIAN_POINT('',(-3.20000000000004,22.0333241263254,-6.03205002425464));
#12127=CARTESIAN_POINT('',(-1.20384757729304,22.0598394207762,-10.879498367552));
#12128=CARTESIAN_POINT('',(-3.20000000000004,22.0535355131538,-9.72703646985613));
#12129=CARTESIAN_POINT('',(1.20384757729296,22.0598394207762,-10.879498367552));
#12130=CARTESIAN_POINT('',(1.20384757729296,22.0598394207762,-10.879498367552));
#12131=CARTESIAN_POINT('',(3.19999999999996,22.0535355131538,-9.72703646985613));
#12132=CARTESIAN_POINT('',(1.20384757729296,22.0598394207762,-10.879498367552));
#12133=CARTESIAN_POINT('',(3.19999999999996,22.0333241263254,-6.03205002425464));
#12134=CARTESIAN_POINT('',(3.19999999999996,22.0535355131538,-9.72703646985613));
#12135=CARTESIAN_POINT('',(3.19999999999996,22.0333241263254,-6.03205002425464));
#12136=CARTESIAN_POINT('',(-2.00000000000004,22.0497458781235,-9.03422651130548));
#12137=CARTESIAN_POINT('',(-2.00000000000004,22.0371137613557,-6.7248599828053));
#12138=CARTESIAN_POINT('',(-2.00000000000004,22.0497458781235,-9.03422651130548));
#12139=CARTESIAN_POINT('',(-4.10912734488305E-14,22.0307977029718,-5.5701767185542));
#12140=CARTESIAN_POINT('',(-2.00000000000004,22.0371137613557,-6.7248599828053));
#12141=CARTESIAN_POINT('',(1.99999999999996,22.0371137613557,-6.7248599828053));
#12142=CARTESIAN_POINT('',(-4.10912734488305E-14,22.0307977029718,-5.5701767185542));
#12143=CARTESIAN_POINT('',(1.99999999999996,22.0497458781235,-9.03422651130548));
#12144=CARTESIAN_POINT('',(1.99999999999996,22.0371137613557,-6.7248599828053));
#12145=CARTESIAN_POINT('',(-4.06502771136159E-14,22.0560619365073,-10.1889097755576));
#12146=CARTESIAN_POINT('',(1.99999999999996,22.0497458781235,-9.03422651130548));
#12147=CARTESIAN_POINT('',(-4.06502771136159E-14,22.0560619365073,-10.1889097755576));
#12148=CARTESIAN_POINT('Origin',(-24.,21.9996708836418,0.120337074268901));
#12149=CARTESIAN_POINT('',(-7.66217782649104,22.0242852851968,-4.37959560647601));
#12150=CARTESIAN_POINT('',(-8.33782217350904,22.0242852851968,-4.37959560647601));
#12151=CARTESIAN_POINT('',(-7.66217782649104,22.0242852851968,-4.37959560647601));
#12152=CARTESIAN_POINT('',(-11.2,22.0333241263254,-6.03205002425464));
#12153=CARTESIAN_POINT('',(-8.33782217350904,22.0242852851968,-4.37959560647601));
#12154=CARTESIAN_POINT('',(-11.2,22.0535355131538,-9.72703646985613));
#12155=CARTESIAN_POINT('',(-11.2,22.0333241263254,-6.03205002425464));
#12156=CARTESIAN_POINT('',(-9.20384757729304,22.0598394207762,-10.879498367552));
#12157=CARTESIAN_POINT('',(-11.2,22.0535355131538,-9.72703646985613));
#12158=CARTESIAN_POINT('',(-6.79615242270704,22.0598394207762,-10.879498367552));
#12159=CARTESIAN_POINT('',(-6.79615242270704,22.0598394207762,-10.879498367552));
#12160=CARTESIAN_POINT('',(-4.80000000000004,22.0535355131538,-9.72703646985613));
#12161=CARTESIAN_POINT('',(-6.79615242270704,22.0598394207762,-10.879498367552));
#12162=CARTESIAN_POINT('',(-4.80000000000004,22.0333241263254,-6.03205002425464));
#12163=CARTESIAN_POINT('',(-4.80000000000004,22.0535355131538,-9.72703646985613));
#12164=CARTESIAN_POINT('',(-4.80000000000004,22.0333241263254,-6.03205002425464));
#12165=CARTESIAN_POINT('',(-10.,22.0497458781235,-9.03422651130548));
#12166=CARTESIAN_POINT('',(-10.,22.0371137613557,-6.7248599828053));
#12167=CARTESIAN_POINT('',(-10.,22.0497458781235,-9.03422651130548));
#12168=CARTESIAN_POINT('',(-8.00000000000004,22.0307977029718,-5.57017671855421));
#12169=CARTESIAN_POINT('',(-10.,22.0371137613557,-6.7248599828053));
#12170=CARTESIAN_POINT('',(-6.00000000000004,22.0371137613557,-6.7248599828053));
#12171=CARTESIAN_POINT('',(-8.00000000000004,22.0307977029718,-5.57017671855421));
#12172=CARTESIAN_POINT('',(-6.00000000000004,22.0497458781235,-9.03422651130548));
#12173=CARTESIAN_POINT('',(-6.00000000000004,22.0371137613557,-6.7248599828053));
#12174=CARTESIAN_POINT('',(-8.00000000000004,22.0560619365073,-10.1889097755576));
#12175=CARTESIAN_POINT('',(-6.00000000000004,22.0497458781235,-9.03422651130548));
#12176=CARTESIAN_POINT('',(-8.00000000000004,22.0560619365073,-10.1889097755576));
#12177=CARTESIAN_POINT('Origin',(-24.,21.9996708836418,0.120337074268901));
#12178=CARTESIAN_POINT('',(-0.337822173508942,21.9750564820868,4.62026975501382));
#12179=CARTESIAN_POINT('',(0.337822173508858,21.9750564820868,4.62026975501382));
#12180=CARTESIAN_POINT('',(-0.337822173508942,21.9750564820868,4.62026975501382));
#12181=CARTESIAN_POINT('',(3.19999999999996,21.9660176409582,6.27272417279245));
#12182=CARTESIAN_POINT('',(0.337822173508858,21.9750564820868,4.62026975501382));
#12183=CARTESIAN_POINT('',(3.19999999999996,21.9458062541298,9.96771061839394));
#12184=CARTESIAN_POINT('',(3.19999999999996,21.9660176409582,6.27272417279245));
#12185=CARTESIAN_POINT('',(1.20384757729296,21.9395023465073,11.1201725160898));
#12186=CARTESIAN_POINT('',(3.19999999999996,21.9458062541298,9.96771061839394));
#12187=CARTESIAN_POINT('',(-1.20384757729304,21.9395023465073,11.1201725160898));
#12188=CARTESIAN_POINT('',(1.20384757729296,21.9395023465073,11.1201725160898));
#12189=CARTESIAN_POINT('',(-3.20000000000004,21.9458062541298,9.96771061839394));
#12190=CARTESIAN_POINT('',(-1.20384757729304,21.9395023465073,11.1201725160898));
#12191=CARTESIAN_POINT('',(-3.20000000000004,21.9660176409582,6.27272417279245));
#12192=CARTESIAN_POINT('',(-3.20000000000004,21.9458062541298,9.96771061839394));
#12193=CARTESIAN_POINT('',(-3.20000000000004,21.9660176409582,6.27272417279245));
#12194=CARTESIAN_POINT('Origin',(-24.,21.9996708836418,0.120337074268901));
#12195=CARTESIAN_POINT('',(-7.66217782649104,21.9750564820868,4.62026975501381));
#12196=CARTESIAN_POINT('',(-8.33782217350904,21.9750564820868,4.62026975501381));
#12197=CARTESIAN_POINT('',(-7.66217782649104,21.9750564820868,4.62026975501381));
#12198=CARTESIAN_POINT('',(-4.80000000000004,21.9660176409582,6.27272417279245));
#12199=CARTESIAN_POINT('',(-7.66217782649104,21.9750564820868,4.62026975501381));
#12200=CARTESIAN_POINT('',(-4.80000000000004,21.9458062541298,9.96771061839394));
#12201=CARTESIAN_POINT('',(-4.80000000000004,21.9660176409582,6.27272417279245));
#12202=CARTESIAN_POINT('',(-6.79615242270704,21.9395023465073,11.1201725160898));
#12203=CARTESIAN_POINT('',(-4.80000000000004,21.9458062541298,9.96771061839394));
#12204=CARTESIAN_POINT('',(-9.20384757729304,21.9395023465073,11.1201725160898));
#12205=CARTESIAN_POINT('',(-6.79615242270704,21.9395023465073,11.1201725160898));
#12206=CARTESIAN_POINT('',(-11.2,21.9458062541298,9.96771061839393));
#12207=CARTESIAN_POINT('',(-9.20384757729304,21.9395023465073,11.1201725160898));
#12208=CARTESIAN_POINT('',(-11.2,21.9660176409582,6.27272417279245));
#12209=CARTESIAN_POINT('',(-11.2,21.9458062541298,9.96771061839393));
#12210=CARTESIAN_POINT('',(-11.2,21.9660176409582,6.27272417279245));
#12211=CARTESIAN_POINT('',(-10.,21.9622280059279,6.9655341313431));
#12212=CARTESIAN_POINT('',(-10.,21.9495958891601,9.27490065984328));
#12213=CARTESIAN_POINT('',(-10.,21.9622280059279,6.9655341313431));
#12214=CARTESIAN_POINT('',(-8.00000000000004,21.9432798307762,10.4295839240954));
#12215=CARTESIAN_POINT('',(-10.,21.9495958891601,9.27490065984328));
#12216=CARTESIAN_POINT('',(-6.00000000000004,21.9495958891601,9.27490065984328));
#12217=CARTESIAN_POINT('',(-8.00000000000004,21.9432798307762,10.4295839240954));
#12218=CARTESIAN_POINT('',(-6.00000000000004,21.9622280059279,6.9655341313431));
#12219=CARTESIAN_POINT('',(-6.00000000000004,21.9495958891601,9.27490065984328));
#12220=CARTESIAN_POINT('',(-8.00000000000004,21.9685440643118,5.81085086709201));
#12221=CARTESIAN_POINT('',(-6.00000000000004,21.9622280059279,6.9655341313431));
#12222=CARTESIAN_POINT('',(-8.00000000000004,21.9685440643118,5.81085086709201));
#12223=CARTESIAN_POINT('Origin',(-24.,21.9996708836418,0.120337074268901));
#12224=CARTESIAN_POINT('',(5.99999999999996,22.0135662120863,-2.4199661070815));
#12225=CARTESIAN_POINT('',(5.99999999999996,22.0059869420257,-1.03434618998119));
#12226=CARTESIAN_POINT('',(5.99999999999996,22.0135662120863,-2.4199661070815));
#12227=CARTESIAN_POINT('',(7.66217782649096,22.0188154181846,-3.37961056631047));
#12228=CARTESIAN_POINT('',(5.99999999999996,22.0135662120863,-2.4199661070815));
#12229=CARTESIAN_POINT('',(8.33782217350896,22.0188154181846,-3.37961056631047));
#12230=CARTESIAN_POINT('',(8.33782217350896,22.0188154181846,-3.37961056631047));
#12231=CARTESIAN_POINT('',(11.2,22.009776577056,-1.72715614853184));
#12232=CARTESIAN_POINT('',(8.33782217350896,22.0188154181846,-3.37961056631047));
#12233=CARTESIAN_POINT('',(11.2,21.9895651902276,1.96783029706965));
#12234=CARTESIAN_POINT('',(11.2,22.009776577056,-1.72715614853184));
#12235=CARTESIAN_POINT('',(8.33782217350896,21.980526349099,3.62028471484828));
#12236=CARTESIAN_POINT('',(11.2,21.9895651902276,1.96783029706965));
#12237=CARTESIAN_POINT('',(7.66217782649096,21.980526349099,3.62028471484828));
#12238=CARTESIAN_POINT('',(8.33782217350896,21.980526349099,3.62028471484828));
#12239=CARTESIAN_POINT('',(5.99999999999996,21.9857755551973,2.6606402556193));
#12240=CARTESIAN_POINT('',(7.66217782649096,21.980526349099,3.62028471484828));
#12241=CARTESIAN_POINT('',(5.99999999999996,21.9933548252579,1.27502033851899));
#12242=CARTESIAN_POINT('',(5.99999999999996,21.9933548252579,1.27502033851899));
#12243=CARTESIAN_POINT('',(7.99999999999996,21.987038766874,2.42970360277008));
#12244=CARTESIAN_POINT('',(5.99999999999996,21.9933548252579,1.27502033851899));
#12245=CARTESIAN_POINT('',(9.99999999999996,21.9933548252579,1.27502033851899));
#12246=CARTESIAN_POINT('',(7.99999999999996,21.987038766874,2.42970360277008));
#12247=CARTESIAN_POINT('',(9.99999999999996,22.0059869420257,-1.03434618998119));
#12248=CARTESIAN_POINT('',(9.99999999999996,21.9933548252579,1.27502033851899));
#12249=CARTESIAN_POINT('',(7.99999999999996,22.0123030004095,-2.18902945423228));
#12250=CARTESIAN_POINT('',(9.99999999999996,22.0059869420257,-1.03434618998119));
#12251=CARTESIAN_POINT('',(7.99999999999996,22.0123030004095,-2.18902945423228));
#12252=CARTESIAN_POINT('Origin',(-24.,21.9996708836418,0.120337074268901));
#12253=CARTESIAN_POINT('',(-6.00000000000004,21.9857755551973,2.6606402556193));
#12254=CARTESIAN_POINT('',(-6.00000000000004,21.9933548252579,1.27502033851899));
#12255=CARTESIAN_POINT('',(-6.00000000000004,21.9857755551973,2.6606402556193));
#12256=CARTESIAN_POINT('',(-7.66217782649104,21.980526349099,3.62028471484828));
#12257=CARTESIAN_POINT('',(-6.00000000000004,21.9857755551973,2.6606402556193));
#12258=CARTESIAN_POINT('',(-8.33782217350904,21.980526349099,3.62028471484828));
#12259=CARTESIAN_POINT('',(-8.33782217350904,21.980526349099,3.62028471484828));
#12260=CARTESIAN_POINT('',(-11.2,21.9895651902276,1.96783029706965));
#12261=CARTESIAN_POINT('',(-8.33782217350904,21.980526349099,3.62028471484828));
#12262=CARTESIAN_POINT('',(-11.2,22.009776577056,-1.72715614853184));
#12263=CARTESIAN_POINT('',(-11.2,21.9895651902276,1.96783029706965));
#12264=CARTESIAN_POINT('',(-8.33782217350904,22.0188154181846,-3.37961056631047));
#12265=CARTESIAN_POINT('',(-11.2,22.009776577056,-1.72715614853184));
#12266=CARTESIAN_POINT('',(-7.66217782649104,22.0188154181846,-3.37961056631047));
#12267=CARTESIAN_POINT('',(-8.33782217350904,22.0188154181846,-3.37961056631047));
#12268=CARTESIAN_POINT('',(-6.00000000000004,22.0135662120863,-2.4199661070815));
#12269=CARTESIAN_POINT('',(-7.66217782649104,22.0188154181846,-3.37961056631047));
#12270=CARTESIAN_POINT('',(-6.00000000000004,22.0059869420257,-1.03434618998119));
#12271=CARTESIAN_POINT('',(-6.00000000000004,22.0059869420257,-1.03434618998119));
#12272=CARTESIAN_POINT('',(-8.00000000000004,22.0123030004095,-2.18902945423228));
#12273=CARTESIAN_POINT('',(-6.00000000000004,22.0059869420257,-1.03434618998119));
#12274=CARTESIAN_POINT('',(-10.,22.0059869420257,-1.03434618998119));
#12275=CARTESIAN_POINT('',(-8.00000000000004,22.0123030004095,-2.18902945423228));
#12276=CARTESIAN_POINT('',(-10.,21.9933548252579,1.27502033851899));
#12277=CARTESIAN_POINT('',(-10.,22.0059869420257,-1.03434618998119));
#12278=CARTESIAN_POINT('',(-8.00000000000004,21.987038766874,2.42970360277008));
#12279=CARTESIAN_POINT('',(-10.,21.9933548252579,1.27502033851899));
#12280=CARTESIAN_POINT('',(-8.00000000000004,21.987038766874,2.42970360277008));
#12281=CARTESIAN_POINT('Origin',(5.99999999999996,23.0370988015212,-6.71939011579307));
#12282=CARTESIAN_POINT('',(5.99999999999996,24.0497159584545,-9.02328677728103));
#12283=CARTESIAN_POINT('',(5.99999999999996,22.0497458781235,-9.03422651130547));
#12284=CARTESIAN_POINT('',(5.99999999999996,24.0370838416868,-6.71392024878085));
#12285=CARTESIAN_POINT('',(5.99999999999996,24.0370838416868,-6.71392024878085));
#12286=CARTESIAN_POINT('',(5.99999999999996,24.0370838416868,-6.71392024878085));
#12287=CARTESIAN_POINT('Origin',(5.99999999999996,23.049730918289,-9.02875664429325));
#12288=CARTESIAN_POINT('',(7.99999999999996,24.0560320168384,-10.1779700415331));
#12289=CARTESIAN_POINT('',(7.99999999999996,24.0560320168384,-10.1779700415331));
#12290=CARTESIAN_POINT('',(5.99999999999996,24.0497159584545,-9.02328677728103));
#12291=CARTESIAN_POINT('Origin',(7.99999999999996,23.0560469766729,-10.1834399085453));
#12292=CARTESIAN_POINT('',(9.99999999999996,24.0497159584545,-9.02328677728103));
#12293=CARTESIAN_POINT('',(9.99999999999996,24.0497159584545,-9.02328677728103));
#12294=CARTESIAN_POINT('',(7.99999999999996,24.0560320168384,-10.1779700415331));
#12295=CARTESIAN_POINT('Origin',(9.99999999999996,23.049730918289,-9.02875664429325));
#12296=CARTESIAN_POINT('',(9.99999999999996,24.0370838416868,-6.71392024878085));
#12297=CARTESIAN_POINT('',(9.99999999999996,24.0370838416868,-6.71392024878085));
#12298=CARTESIAN_POINT('',(9.99999999999996,24.0497159584545,-9.02328677728103));
#12299=CARTESIAN_POINT('Origin',(9.99999999999996,23.0370988015212,-6.71939011579307));
#12300=CARTESIAN_POINT('',(7.99999999999996,24.0307677833029,-5.55923698452976));
#12301=CARTESIAN_POINT('',(7.99999999999996,24.0307677833029,-5.55923698452976));
#12302=CARTESIAN_POINT('',(9.99999999999996,24.0370838416868,-6.71392024878085));
#12303=CARTESIAN_POINT('Origin',(7.99999999999996,23.0307827431374,-5.56470685154198));
#12304=CARTESIAN_POINT('',(7.99999999999996,24.0307677833029,-5.55923698452976));
#12305=CARTESIAN_POINT('Origin',(-24.,23.9996409639729,0.131276808293347));
#12306=CARTESIAN_POINT('',(7.99999999999996,24.0491432604335,-8.91858780520475));
#12307=CARTESIAN_POINT('Origin',(7.99999999999996,24.0433999000706,-7.86860351303094));
#12308=CARTESIAN_POINT('Origin',(7.99999999999996,26.0433699804017,-7.85766377900649));
#12309=CARTESIAN_POINT('',(7.99999999999996,26.0491133407646,-8.90764807118031));
#12310=CARTESIAN_POINT('',(7.99999999999996,26.0491133407646,-8.90764807118031));
#12311=CARTESIAN_POINT('Origin',(7.99999999999996,26.0433699804018,-7.85766377900649));
#12312=CARTESIAN_POINT('Origin',(-2.00000000000004,23.0370988015212,-6.71939011579307));
#12313=CARTESIAN_POINT('',(-2.00000000000004,24.0497159584545,-9.02328677728103));
#12314=CARTESIAN_POINT('',(-2.00000000000004,22.0497458781235,-9.03422651130548));
#12315=CARTESIAN_POINT('',(-2.00000000000004,24.0370838416868,-6.71392024878085));
#12316=CARTESIAN_POINT('',(-2.00000000000004,24.0370838416868,-6.71392024878085));
#12317=CARTESIAN_POINT('',(-2.00000000000004,24.0370838416868,-6.71392024878085));
#12318=CARTESIAN_POINT('Origin',(-2.00000000000004,23.049730918289,-9.02875664429325));
#12319=CARTESIAN_POINT('',(-4.08017838820941E-14,24.0560320168384,-10.1779700415331));
#12320=CARTESIAN_POINT('',(-4.08017838820941E-14,24.0560320168384,-10.1779700415331));
#12321=CARTESIAN_POINT('',(-2.00000000000004,24.0497159584545,-9.02328677728103));
#12322=CARTESIAN_POINT('Origin',(-4.0726030497855E-14,23.0560469766729,
-10.1834399085453));
#12323=CARTESIAN_POINT('',(1.99999999999996,24.0497159584545,-9.02328677728103));
#12324=CARTESIAN_POINT('',(1.99999999999996,24.0497159584545,-9.02328677728103));
#12325=CARTESIAN_POINT('',(-4.08017838820941E-14,24.0560320168384,-10.1779700415331));
#12326=CARTESIAN_POINT('Origin',(1.99999999999996,23.049730918289,-9.02875664429325));
#12327=CARTESIAN_POINT('',(1.99999999999996,24.0370838416868,-6.71392024878085));
#12328=CARTESIAN_POINT('',(1.99999999999996,24.0370838416868,-6.71392024878085));
#12329=CARTESIAN_POINT('',(1.99999999999996,24.0497159584545,-9.02328677728103));
#12330=CARTESIAN_POINT('Origin',(1.99999999999996,23.0370988015212,-6.71939011579307));
#12331=CARTESIAN_POINT('',(-4.12427802173088E-14,24.0307677833029,-5.55923698452976));
#12332=CARTESIAN_POINT('',(-4.12427802173088E-14,24.0307677833029,-5.55923698452976));
#12333=CARTESIAN_POINT('',(1.99999999999996,24.0370838416868,-6.71392024878085));
#12334=CARTESIAN_POINT('Origin',(-4.11670268330697E-14,23.0307827431374,
-5.56470685154198));
#12335=CARTESIAN_POINT('',(-4.12427802173088E-14,24.0307677833029,-5.55923698452976));
#12336=CARTESIAN_POINT('Origin',(-24.,23.9996409639729,0.131276808293347));
#12337=CARTESIAN_POINT('',(-4.10506175309282E-14,24.0491432604335,-8.91858780520475));
#12338=CARTESIAN_POINT('Origin',(-4.10222820497015E-14,24.0433999000706,
-7.86860351303094));
#12339=CARTESIAN_POINT('Origin',(-4.11737888181798E-14,26.0433699804017,
-7.85766377900649));
#12340=CARTESIAN_POINT('',(-4.12021242994065E-14,26.0491133407646,-8.90764807118031));
#12341=CARTESIAN_POINT('',(-4.12021242994065E-14,26.0491133407646,-8.90764807118031));
#12342=CARTESIAN_POINT('Origin',(-4.11737888181798E-14,26.0433699804018,
-7.85766377900649));
#12343=CARTESIAN_POINT('Origin',(-10.,23.0370988015212,-6.71939011579307));
#12344=CARTESIAN_POINT('',(-10.,24.0497159584545,-9.02328677728103));
#12345=CARTESIAN_POINT('',(-10.,22.0497458781235,-9.03422651130548));
#12346=CARTESIAN_POINT('',(-10.,24.0370838416868,-6.71392024878085));
#12347=CARTESIAN_POINT('',(-10.,24.0370838416868,-6.71392024878085));
#12348=CARTESIAN_POINT('',(-10.,24.0370838416868,-6.71392024878085));
#12349=CARTESIAN_POINT('Origin',(-10.,23.049730918289,-9.02875664429325));
#12350=CARTESIAN_POINT('',(-8.00000000000004,24.0560320168384,-10.1779700415331));
#12351=CARTESIAN_POINT('',(-8.00000000000004,24.0560320168384,-10.1779700415331));
#12352=CARTESIAN_POINT('',(-10.,24.0497159584545,-9.02328677728103));
#12353=CARTESIAN_POINT('Origin',(-8.00000000000004,23.0560469766729,-10.1834399085453));
#12354=CARTESIAN_POINT('',(-6.00000000000004,24.0497159584545,-9.02328677728103));
#12355=CARTESIAN_POINT('',(-6.00000000000004,24.0497159584545,-9.02328677728103));
#12356=CARTESIAN_POINT('',(-8.00000000000004,24.0560320168384,-10.1779700415331));
#12357=CARTESIAN_POINT('Origin',(-6.00000000000004,23.049730918289,-9.02875664429325));
#12358=CARTESIAN_POINT('',(-6.00000000000004,24.0370838416868,-6.71392024878085));
#12359=CARTESIAN_POINT('',(-6.00000000000004,24.0370838416868,-6.71392024878085));
#12360=CARTESIAN_POINT('',(-6.00000000000004,24.0497159584545,-9.02328677728103));
#12361=CARTESIAN_POINT('Origin',(-6.00000000000004,23.0370988015212,-6.71939011579307));
#12362=CARTESIAN_POINT('',(-8.00000000000004,24.0307677833029,-5.55923698452976));
#12363=CARTESIAN_POINT('',(-8.00000000000004,24.0307677833029,-5.55923698452976));
#12364=CARTESIAN_POINT('',(-6.00000000000004,24.0370838416868,-6.71392024878085));
#12365=CARTESIAN_POINT('Origin',(-8.00000000000004,23.0307827431374,-5.56470685154198));
#12366=CARTESIAN_POINT('',(-8.00000000000004,24.0307677833029,-5.55923698452976));
#12367=CARTESIAN_POINT('Origin',(-24.,23.9996409639729,0.131276808293347));
#12368=CARTESIAN_POINT('',(-8.00000000000004,24.0491432604335,-8.91858780520475));
#12369=CARTESIAN_POINT('Origin',(-8.00000000000004,24.0433999000706,-7.86860351303094));
#12370=CARTESIAN_POINT('Origin',(-8.00000000000004,26.0433699804017,-7.8576637790065));
#12371=CARTESIAN_POINT('',(-8.00000000000004,26.0491133407646,-8.90764807118031));
#12372=CARTESIAN_POINT('',(-8.00000000000004,26.0491133407646,-8.90764807118031));
#12373=CARTESIAN_POINT('Origin',(-8.00000000000004,26.0433699804018,-7.8576637790065));
#12374=CARTESIAN_POINT('Origin',(-10.,22.9495809293257,9.2803705268555));
#12375=CARTESIAN_POINT('',(-10.,23.962198086259,6.97647386536755));
#12376=CARTESIAN_POINT('',(-10.,21.9622280059279,6.9655341313431));
#12377=CARTESIAN_POINT('',(-10.,23.9495659694912,9.28584039386773));
#12378=CARTESIAN_POINT('',(-10.,23.9495659694912,9.28584039386773));
#12379=CARTESIAN_POINT('',(-10.,23.9495659694912,9.28584039386773));
#12380=CARTESIAN_POINT('Origin',(-10.,22.9622130460934,6.97100399835532));
#12381=CARTESIAN_POINT('',(-8.00000000000004,23.9685141446428,5.82179060111646));
#12382=CARTESIAN_POINT('',(-8.00000000000004,23.9685141446428,5.82179060111646));
#12383=CARTESIAN_POINT('',(-10.,23.962198086259,6.97647386536755));
#12384=CARTESIAN_POINT('Origin',(-8.00000000000004,22.9685291044773,5.81632073410423));
#12385=CARTESIAN_POINT('',(-6.00000000000004,23.962198086259,6.97647386536755));
#12386=CARTESIAN_POINT('',(-6.00000000000004,23.962198086259,6.97647386536755));
#12387=CARTESIAN_POINT('',(-8.00000000000004,23.9685141446428,5.82179060111646));
#12388=CARTESIAN_POINT('Origin',(-6.00000000000004,22.9622130460934,6.97100399835532));
#12389=CARTESIAN_POINT('',(-6.00000000000004,23.9495659694912,9.28584039386773));
#12390=CARTESIAN_POINT('',(-6.00000000000004,23.9495659694912,9.28584039386773));
#12391=CARTESIAN_POINT('',(-6.00000000000004,23.962198086259,6.97647386536755));
#12392=CARTESIAN_POINT('Origin',(-6.00000000000004,22.9495809293257,9.2803705268555));
#12393=CARTESIAN_POINT('',(-8.00000000000004,23.9432499111073,10.4405236581198));
#12394=CARTESIAN_POINT('',(-8.00000000000004,23.9432499111073,10.4405236581198));
#12395=CARTESIAN_POINT('',(-6.00000000000004,23.9495659694912,9.28584039386773));
#12396=CARTESIAN_POINT('Origin',(-8.00000000000004,22.9432648709418,10.4350537911076));
#12397=CARTESIAN_POINT('',(-8.00000000000004,23.9432499111073,10.4405236581198));
#12398=CARTESIAN_POINT('Origin',(-24.,23.9996409639729,0.131276808293347));
#12399=CARTESIAN_POINT('',(-8.00000000000004,23.9616253882379,7.08117283744382));
#12400=CARTESIAN_POINT('Origin',(-8.00000000000004,23.9558820278751,8.13115712961764));
#12401=CARTESIAN_POINT('Origin',(-8.00000000000004,25.9558521082062,8.14209686364208));
#12402=CARTESIAN_POINT('',(-8.00000000000004,25.9615954685691,7.09211257146827));
#12403=CARTESIAN_POINT('',(-8.00000000000004,25.961595468569,7.09211257146827));
#12404=CARTESIAN_POINT('Origin',(-8.00000000000004,25.9558521082062,8.14209686364208));
#12405=CARTESIAN_POINT('Origin',(5.99999999999996,22.9495809293257,9.28037052685551));
#12406=CARTESIAN_POINT('',(5.99999999999996,23.962198086259,6.97647386536755));
#12407=CARTESIAN_POINT('',(5.99999999999996,21.9622280059279,6.9655341313431));
#12408=CARTESIAN_POINT('',(5.99999999999996,23.9495659694912,9.28584039386773));
#12409=CARTESIAN_POINT('',(5.99999999999996,23.9495659694912,9.28584039386773));
#12410=CARTESIAN_POINT('',(5.99999999999996,23.9495659694912,9.28584039386773));
#12411=CARTESIAN_POINT('Origin',(5.99999999999996,22.9622130460934,6.97100399835533));
#12412=CARTESIAN_POINT('',(7.99999999999996,23.9685141446428,5.82179060111646));
#12413=CARTESIAN_POINT('',(7.99999999999996,23.9685141446428,5.82179060111646));
#12414=CARTESIAN_POINT('',(5.99999999999996,23.962198086259,6.97647386536755));
#12415=CARTESIAN_POINT('Origin',(7.99999999999996,22.9685291044773,5.81632073410423));
#12416=CARTESIAN_POINT('',(9.99999999999996,23.962198086259,6.97647386536755));
#12417=CARTESIAN_POINT('',(9.99999999999996,23.962198086259,6.97647386536755));
#12418=CARTESIAN_POINT('',(7.99999999999996,23.9685141446428,5.82179060111646));
#12419=CARTESIAN_POINT('Origin',(9.99999999999996,22.9622130460934,6.97100399835533));
#12420=CARTESIAN_POINT('',(9.99999999999996,23.9495659694912,9.28584039386773));
#12421=CARTESIAN_POINT('',(9.99999999999996,23.9495659694912,9.28584039386773));
#12422=CARTESIAN_POINT('',(9.99999999999996,23.962198086259,6.97647386536755));
#12423=CARTESIAN_POINT('Origin',(9.99999999999996,22.9495809293257,9.28037052685551));
#12424=CARTESIAN_POINT('',(7.99999999999996,23.9432499111073,10.4405236581198));
#12425=CARTESIAN_POINT('',(7.99999999999996,23.9432499111073,10.4405236581198));
#12426=CARTESIAN_POINT('',(9.99999999999996,23.9495659694912,9.28584039386773));
#12427=CARTESIAN_POINT('Origin',(7.99999999999996,22.9432648709418,10.4350537911076));
#12428=CARTESIAN_POINT('',(7.99999999999996,23.9432499111073,10.4405236581198));
#12429=CARTESIAN_POINT('Origin',(-24.,23.9996409639729,0.131276808293347));
#12430=CARTESIAN_POINT('',(7.99999999999996,23.9616253882379,7.08117283744382));
#12431=CARTESIAN_POINT('Origin',(7.99999999999996,23.9558820278751,8.13115712961764));
#12432=CARTESIAN_POINT('Origin',(7.99999999999996,25.9558521082062,8.14209686364208));
#12433=CARTESIAN_POINT('',(7.99999999999996,25.9615954685691,7.09211257146827));
#12434=CARTESIAN_POINT('',(7.99999999999996,25.961595468569,7.09211257146827));
#12435=CARTESIAN_POINT('Origin',(7.99999999999996,25.9558521082062,8.14209686364208));
#12436=CARTESIAN_POINT('Origin',(-4.1280703441075E-14,23.0242703253623,
-4.37412573946379));
#12437=CARTESIAN_POINT('',(0.337822173508859,23.0242703253623,-4.37412573946379));
#12438=CARTESIAN_POINT('',(0.337822173508859,23.0242703253623,-4.37412573946379));
#12439=CARTESIAN_POINT('',(7.66217782649096,23.0242703253623,-4.37412573946379));
#12440=CARTESIAN_POINT('',(0.337822173508859,23.0242703253623,-4.37412573946379));
#12441=CARTESIAN_POINT('',(7.66217782649096,23.0242703253623,-4.37412573946379));
#12442=CARTESIAN_POINT('',(8.33782217350896,23.0242703253623,-4.37412573946379));
#12443=CARTESIAN_POINT('',(8.33782217350896,23.0242703253623,-4.37412573946379));
#12444=CARTESIAN_POINT('',(9.91911218140596,23.0242703253623,-4.37412573946378));
#12445=CARTESIAN_POINT('',(8.33782217350896,23.0242703253623,-4.37412573946379));
#12446=CARTESIAN_POINT('',(9.91911218140596,23.0242703253623,-4.37412573946378));
#12447=CARTESIAN_POINT('',(-9.91911218140604,23.0242703253623,-4.37412573946379));
#12448=CARTESIAN_POINT('',(-9.91911218140604,23.0242703253623,-4.37412573946379));
#12449=CARTESIAN_POINT('',(-8.33782217350904,23.0242703253623,-4.37412573946379));
#12450=CARTESIAN_POINT('',(-8.33782217350904,23.0242703253623,-4.37412573946379));
#12451=CARTESIAN_POINT('',(-8.33782217350904,23.0242703253623,-4.37412573946379));
#12452=CARTESIAN_POINT('',(-7.66217782649104,23.0242703253623,-4.37412573946379));
#12453=CARTESIAN_POINT('',(-7.66217782649104,23.0242703253623,-4.37412573946379));
#12454=CARTESIAN_POINT('',(-0.337822173508941,23.0242703253623,-4.37412573946379));
#12455=CARTESIAN_POINT('',(-0.337822173508941,23.0242703253623,-4.37412573946379));
#12456=CARTESIAN_POINT('',(-0.337822173508941,23.0242703253623,-4.37412573946379));
#12457=CARTESIAN_POINT('Origin',(-4.1299325733634E-14,23.0232034730767,
-4.17908693444167));
#12458=CARTESIAN_POINT('',(-3.20000000000004,23.0333091664909,-6.02658015724242));
#12459=CARTESIAN_POINT('',(-0.337822173508941,23.0242703253623,-4.37412573946379));
#12460=CARTESIAN_POINT('',(-3.20000000000004,23.0333091664909,-6.02658015724242));
#12461=CARTESIAN_POINT('Origin',(-3.20000000000004,23.0333091664909,-6.02658015724242));
#12462=CARTESIAN_POINT('',(-3.20000000000004,23.0535205533193,-9.72156660284391));
#12463=CARTESIAN_POINT('',(-3.20000000000004,23.0333091664909,-6.02658015724242));
#12464=CARTESIAN_POINT('',(-3.20000000000004,23.0535205533193,-9.72156660284391));
#12465=CARTESIAN_POINT('Origin',(-24.,23.0680292614601,-12.3740060607881));
#12466=CARTESIAN_POINT('',(-17.75735931288,22.9397271616686,11.0818074218156));
#12467=CARTESIAN_POINT('',(-17.73205080757,22.9394873866729,11.125642383102));
#12468=CARTESIAN_POINT('',(-17.75735931288,22.9397271616686,11.0818074218156));
#12469=CARTESIAN_POINT('',(-17.75735931288,22.9394873866729,11.125642383102));
#12470=CARTESIAN_POINT('',(-17.75735931288,22.9394873866729,11.125642383102));
#12471=CARTESIAN_POINT('',(-17.75735931288,22.9397271616686,11.0818074218156));
#12472=CARTESIAN_POINT('Origin',(-24.,23.0680292614601,-12.3740060607881));
#12473=CARTESIAN_POINT('',(-17.75735931288,23.0595846859461,-10.8301935392533));
#12474=CARTESIAN_POINT('',(-17.73205080757,23.0598244609418,-10.8740285005398));
#12475=CARTESIAN_POINT('',(-17.75735931288,23.0595846859461,-10.8301935392533));
#12476=CARTESIAN_POINT('',(-17.75735931288,23.0598244609418,-10.8740285005398));
#12477=CARTESIAN_POINT('',(-17.75735931288,23.0598244609418,-10.8740285005398));
#12478=CARTESIAN_POINT('',(-17.75735931288,23.0598244609418,-10.8740285005398));
#12479=CARTESIAN_POINT('Origin',(-24.,23.0680292614601,-12.3740060607881));
#12480=CARTESIAN_POINT('',(17.75735931288,22.9397271616686,11.0818074218156));
#12481=CARTESIAN_POINT('',(17.73205080757,22.9394873866729,11.125642383102));
#12482=CARTESIAN_POINT('',(17.75735931288,22.9397271616686,11.0818074218156));
#12483=CARTESIAN_POINT('',(17.75735931288,22.9394873866729,11.125642383102));
#12484=CARTESIAN_POINT('',(17.75735931288,22.9397271616686,11.0818074218156));
#12485=CARTESIAN_POINT('',(17.73205080757,22.9394873866729,11.125642383102));
#12486=CARTESIAN_POINT('Origin',(-24.,23.0680292614601,-12.3740060607881));
#12487=CARTESIAN_POINT('',(17.75735931288,23.0595846859461,-10.8301935392533));
#12488=CARTESIAN_POINT('',(17.73205080757,23.0598244609418,-10.8740285005398));
#12489=CARTESIAN_POINT('',(17.75735931288,23.0595846859461,-10.8301935392533));
#12490=CARTESIAN_POINT('',(17.75735931288,23.0598244609418,-10.8740285005398));
#12491=CARTESIAN_POINT('',(17.73205080757,23.0598244609418,-10.8740285005398));
#12492=CARTESIAN_POINT('',(17.75735931288,23.0598244609418,-10.8740285005398));
#12493=CARTESIAN_POINT('Origin',(-24.,23.0680292614601,-12.3740060607881));
#12494=CARTESIAN_POINT('',(3.19999999999996,23.0333091664909,-6.02658015724242));
#12495=CARTESIAN_POINT('',(3.19999999999996,23.0333091664909,-6.02658015724242));
#12496=CARTESIAN_POINT('',(3.19999999999996,23.0535205533193,-9.72156660284391));
#12497=CARTESIAN_POINT('',(3.19999999999996,23.0535205533193,-9.72156660284391));
#12498=CARTESIAN_POINT('',(1.20384757729296,23.0598244609418,-10.8740285005398));
#12499=CARTESIAN_POINT('',(1.20384757729296,23.0598244609418,-10.8740285005398));
#12500=CARTESIAN_POINT('',(6.79615242270696,23.0598244609418,-10.8740285005398));
#12501=CARTESIAN_POINT('',(1.20384757729296,23.0598244609418,-10.8740285005398));
#12502=CARTESIAN_POINT('',(4.79999999999996,23.0535205533193,-9.72156660284391));
#12503=CARTESIAN_POINT('',(4.79999999999996,23.0535205533193,-9.72156660284391));
#12504=CARTESIAN_POINT('',(4.79999999999996,23.0333091664909,-6.02658015724242));
#12505=CARTESIAN_POINT('',(4.79999999999996,23.0333091664909,-6.02658015724242));
#12506=CARTESIAN_POINT('',(7.66217782649096,23.0242703253623,-4.37412573946379));
#12507=CARTESIAN_POINT('Origin',(-24.,23.0680292614601,-12.3740060607881));
#12508=CARTESIAN_POINT('',(11.2,23.0333091664909,-6.02658015724242));
#12509=CARTESIAN_POINT('',(11.2,23.0333091664909,-6.02658015724242));
#12510=CARTESIAN_POINT('',(11.2,23.0535205533193,-9.72156660284391));
#12511=CARTESIAN_POINT('',(11.2,23.0535205533193,-9.72156660284391));
#12512=CARTESIAN_POINT('',(9.20384757729296,23.0598244609418,-10.8740285005398));
#12513=CARTESIAN_POINT('',(9.20384757729296,23.0598244609418,-10.8740285005398));
#12514=CARTESIAN_POINT('',(14.26794919243,23.0598244609418,-10.8740285005398));
#12515=CARTESIAN_POINT('',(9.20384757729296,23.0598244609418,-10.8740285005398));
#12516=CARTESIAN_POINT('',(12.53589838486,23.0434148599051,-7.87407338004316));
#12517=CARTESIAN_POINT('',(12.53589838486,23.0434148599051,-7.87407338004316));
#12518=CARTESIAN_POINT('',(13.81022135628,23.031341812474,-5.66691426752108));
#12519=CARTESIAN_POINT('',(13.81022135628,23.031341812474,-5.66691426752108));
#12520=CARTESIAN_POINT('',(9.91911218140596,23.0242703253623,-4.37412573946378));
#12521=CARTESIAN_POINT('Origin',(-24.,23.0680292614601,-12.3740060607881));
#12522=CARTESIAN_POINT('',(0.337822173508858,22.9750415222523,4.62573962202604));
#12523=CARTESIAN_POINT('',(7.66217782649096,22.9750415222523,4.62573962202604));
#12524=CARTESIAN_POINT('',(0.337822173508858,22.9750415222523,4.62573962202604));
#12525=CARTESIAN_POINT('',(4.79999999999996,22.9660026811238,6.27819403980467));
#12526=CARTESIAN_POINT('',(4.79999999999996,22.9660026811238,6.27819403980467));
#12527=CARTESIAN_POINT('',(4.79999999999996,22.9457912942953,9.97318048540616));
#12528=CARTESIAN_POINT('',(4.79999999999996,22.9457912942953,9.97318048540616));
#12529=CARTESIAN_POINT('',(6.79615242270696,22.9394873866729,11.125642383102));
#12530=CARTESIAN_POINT('',(6.79615242270696,22.9394873866729,11.125642383102));
#12531=CARTESIAN_POINT('',(1.20384757729296,22.9394873866729,11.125642383102));
#12532=CARTESIAN_POINT('',(1.20384757729296,22.9394873866729,11.125642383102));
#12533=CARTESIAN_POINT('',(3.19999999999996,22.9457912942953,9.97318048540616));
#12534=CARTESIAN_POINT('',(3.19999999999996,22.9457912942953,9.97318048540616));
#12535=CARTESIAN_POINT('',(3.19999999999996,22.9660026811238,6.27819403980467));
#12536=CARTESIAN_POINT('',(3.19999999999996,22.9660026811238,6.27819403980467));
#12537=CARTESIAN_POINT('',(0.337822173508858,22.9750415222523,4.62573962202604));
#12538=CARTESIAN_POINT('Origin',(-24.,23.0680292614601,-12.3740060607881));
#12539=CARTESIAN_POINT('',(8.33782217350896,22.9750415222523,4.62573962202604));
#12540=CARTESIAN_POINT('',(9.91911218140596,22.9750415222523,4.62573962202604));
#12541=CARTESIAN_POINT('',(8.33782217350896,22.9750415222523,4.62573962202604));
#12542=CARTESIAN_POINT('',(13.81022135628,22.9679700351407,5.91852815008334));
#12543=CARTESIAN_POINT('',(9.91911218140596,22.9750415222523,4.62573962202604));
#12544=CARTESIAN_POINT('',(12.53589838486,22.9558969877096,8.12568726260542));
#12545=CARTESIAN_POINT('',(13.81022135628,22.9679700351407,5.91852815008334));
#12546=CARTESIAN_POINT('',(14.26794919243,22.9394873866729,11.125642383102));
#12547=CARTESIAN_POINT('',(12.53589838486,22.9558969877096,8.12568726260542));
#12548=CARTESIAN_POINT('',(9.20384757729296,22.9394873866729,11.125642383102));
#12549=CARTESIAN_POINT('',(9.20384757729296,22.9394873866729,11.125642383102));
#12550=CARTESIAN_POINT('',(11.2,22.9457912942953,9.97318048540616));
#12551=CARTESIAN_POINT('',(11.2,22.9457912942953,9.97318048540616));
#12552=CARTESIAN_POINT('',(11.2,22.9660026811238,6.27819403980467));
#12553=CARTESIAN_POINT('',(11.2,22.9660026811238,6.27819403980467));
#12554=CARTESIAN_POINT('',(8.33782217350896,22.9750415222523,4.62573962202604));
#12555=CARTESIAN_POINT('Origin',(-24.,23.0680292614601,-12.3740060607881));
#12556=CARTESIAN_POINT('',(-4.80000000000004,23.0333091664909,-6.02658015724242));
#12557=CARTESIAN_POINT('',(-4.80000000000004,23.0333091664909,-6.02658015724242));
#12558=CARTESIAN_POINT('',(-4.80000000000004,23.0535205533193,-9.72156660284391));
#12559=CARTESIAN_POINT('',(-4.80000000000004,23.0535205533193,-9.72156660284391));
#12560=CARTESIAN_POINT('',(-6.79615242270704,23.0598244609418,-10.8740285005398));
#12561=CARTESIAN_POINT('',(-6.79615242270704,23.0598244609418,-10.8740285005398));
#12562=CARTESIAN_POINT('',(-1.20384757729304,23.0598244609418,-10.8740285005398));
#12563=CARTESIAN_POINT('',(-6.79615242270704,23.0598244609418,-10.8740285005398));
#12564=CARTESIAN_POINT('',(-3.20000000000004,23.0535205533193,-9.72156660284391));
#12565=CARTESIAN_POINT('Origin',(-24.,23.0680292614601,-12.3740060607881));
#12566=CARTESIAN_POINT('',(-13.81022135628,23.031341812474,-5.66691426752108));
#12567=CARTESIAN_POINT('',(-9.91911218140604,23.0242703253623,-4.37412573946379));
#12568=CARTESIAN_POINT('',(-12.53589838486,23.0434148599051,-7.87407338004316));
#12569=CARTESIAN_POINT('',(-13.81022135628,23.031341812474,-5.66691426752108));
#12570=CARTESIAN_POINT('',(-14.26794919243,23.0598244609418,-10.8740285005398));
#12571=CARTESIAN_POINT('',(-12.53589838486,23.0434148599051,-7.87407338004316));
#12572=CARTESIAN_POINT('',(-9.20384757729304,23.0598244609418,-10.8740285005398));
#12573=CARTESIAN_POINT('',(-14.26794919243,23.0598244609418,-10.8740285005398));
#12574=CARTESIAN_POINT('',(-11.2,23.0535205533193,-9.72156660284391));
#12575=CARTESIAN_POINT('',(-11.2,23.0535205533193,-9.72156660284391));
#12576=CARTESIAN_POINT('',(-11.2,23.0333091664909,-6.02658015724242));
#12577=CARTESIAN_POINT('',(-11.2,23.0333091664909,-6.02658015724242));
#12578=CARTESIAN_POINT('',(-8.33782217350904,23.0242703253623,-4.37412573946379));
#12579=CARTESIAN_POINT('Origin',(-24.,23.0680292614601,-12.3740060607881));
#12580=CARTESIAN_POINT('',(-0.337822173508942,22.9750415222523,4.62573962202604));
#12581=CARTESIAN_POINT('',(-7.66217782649104,22.9750415222523,4.62573962202604));
#12582=CARTESIAN_POINT('',(-0.337822173508942,22.9750415222523,4.62573962202604));
#12583=CARTESIAN_POINT('',(-3.20000000000004,22.9660026811238,6.27819403980467));
#12584=CARTESIAN_POINT('',(-3.20000000000004,22.9660026811238,6.27819403980467));
#12585=CARTESIAN_POINT('',(-3.20000000000004,22.9457912942953,9.97318048540616));
#12586=CARTESIAN_POINT('',(-3.20000000000004,22.9457912942953,9.97318048540616));
#12587=CARTESIAN_POINT('',(-1.20384757729304,22.9394873866729,11.125642383102));
#12588=CARTESIAN_POINT('',(-1.20384757729304,22.9394873866729,11.125642383102));
#12589=CARTESIAN_POINT('',(-6.79615242270704,22.9394873866729,11.125642383102));
#12590=CARTESIAN_POINT('',(-6.79615242270704,22.9394873866729,11.125642383102));
#12591=CARTESIAN_POINT('',(-4.80000000000004,22.9457912942953,9.97318048540616));
#12592=CARTESIAN_POINT('',(-4.80000000000004,22.9457912942953,9.97318048540616));
#12593=CARTESIAN_POINT('',(-4.80000000000004,22.9660026811238,6.27819403980467));
#12594=CARTESIAN_POINT('',(-4.80000000000004,22.9660026811238,6.27819403980467));
#12595=CARTESIAN_POINT('',(-7.66217782649104,22.9750415222523,4.62573962202604));
#12596=CARTESIAN_POINT('Origin',(-24.,23.0680292614601,-12.3740060607881));
#12597=CARTESIAN_POINT('',(-8.33782217350904,22.9750415222523,4.62573962202604));
#12598=CARTESIAN_POINT('',(-8.33782217350904,22.9750415222523,4.62573962202604));
#12599=CARTESIAN_POINT('',(-11.2,22.9660026811238,6.27819403980467));
#12600=CARTESIAN_POINT('',(-11.2,22.9660026811238,6.27819403980467));
#12601=CARTESIAN_POINT('',(-11.2,22.9457912942953,9.97318048540616));
#12602=CARTESIAN_POINT('',(-11.2,22.9457912942953,9.97318048540616));
#12603=CARTESIAN_POINT('',(-9.20384757729304,22.9394873866729,11.125642383102));
#12604=CARTESIAN_POINT('',(-9.20384757729304,22.9394873866729,11.125642383102));
#12605=CARTESIAN_POINT('',(-14.26794919243,22.9394873866729,11.125642383102));
#12606=CARTESIAN_POINT('',(-14.26794919243,22.9394873866729,11.125642383102));
#12607=CARTESIAN_POINT('',(-12.53589838486,22.9558969877095,8.12568726260541));
#12608=CARTESIAN_POINT('',(-12.53589838486,22.9558969877095,8.12568726260541));
#12609=CARTESIAN_POINT('',(-13.81022135628,22.9679700351406,5.91852815008333));
#12610=CARTESIAN_POINT('Origin',(-24.,23.0680292614601,-12.3740060607881));
#12611=CARTESIAN_POINT('',(5.99999999999996,23.0188004583501,-3.37414069929825));
#12612=CARTESIAN_POINT('',(5.99999999999996,23.0135512522519,-2.41449624006927));
#12613=CARTESIAN_POINT('',(5.99999999999996,23.0188004583501,-3.37414069929825));
#12614=CARTESIAN_POINT('',(7.66217782649096,23.0188004583501,-3.37414069929825));
#12615=CARTESIAN_POINT('',(7.66217782649096,23.0188004583501,-3.37414069929825));
#12616=CARTESIAN_POINT('',(5.99999999999996,23.0135512522519,-2.41449624006927));
#12617=CARTESIAN_POINT('Origin',(-24.,23.0680292614601,-12.3740060607881));
#12618=CARTESIAN_POINT('',(5.99999999999996,22.9857605953628,2.66611012263153));
#12619=CARTESIAN_POINT('',(5.99999999999996,22.9805113892646,3.6257545818605));
#12620=CARTESIAN_POINT('',(5.99999999999996,22.9857605953628,2.66611012263153));
#12621=CARTESIAN_POINT('',(7.66217782649096,22.9805113892646,3.6257545818605));
#12622=CARTESIAN_POINT('',(7.66217782649096,22.9805113892646,3.6257545818605));
#12623=CARTESIAN_POINT('',(7.66217782649096,22.9805113892646,3.6257545818605));
#12624=CARTESIAN_POINT('Origin',(-24.,23.0680292614601,-12.3740060607881));
#12625=CARTESIAN_POINT('',(-6.00000000000004,22.9805113892646,3.6257545818605));
#12626=CARTESIAN_POINT('',(-6.00000000000004,22.9857605953628,2.66611012263152));
#12627=CARTESIAN_POINT('',(-6.00000000000004,22.9805113892646,3.6257545818605));
#12628=CARTESIAN_POINT('',(-7.66217782649104,22.9805113892646,3.6257545818605));
#12629=CARTESIAN_POINT('',(-7.66217782649104,22.9805113892646,3.6257545818605));
#12630=CARTESIAN_POINT('',(-6.00000000000004,22.9857605953628,2.66611012263152));
#12631=CARTESIAN_POINT('Origin',(-24.,23.0680292614601,-12.3740060607881));
#12632=CARTESIAN_POINT('',(-6.00000000000004,23.0135512522519,-2.41449624006927));
#12633=CARTESIAN_POINT('',(-6.00000000000004,23.0188004583501,-3.37414069929825));
#12634=CARTESIAN_POINT('',(-6.00000000000004,23.0135512522519,-2.41449624006927));
#12635=CARTESIAN_POINT('',(-7.66217782649104,23.0188004583501,-3.37414069929825));
#12636=CARTESIAN_POINT('',(-7.66217782649104,23.0188004583501,-3.37414069929825));
#12637=CARTESIAN_POINT('',(-7.66217782649104,23.0188004583501,-3.37414069929825));
#12638=CARTESIAN_POINT('Origin',(-24.,23.0680292614601,-12.3740060607881));
#12639=CARTESIAN_POINT('',(-14.8,22.991451123289,1.62578450152943));
#12640=CARTESIAN_POINT('',(-14.8,23.0155185381428,-2.77414967519893));
#12641=CARTESIAN_POINT('',(-14.8,22.991451123289,1.62578450152943));
#12642=CARTESIAN_POINT('',(-15.4,23.0188004583501,-3.37414069929825));
#12643=CARTESIAN_POINT('Origin',(-15.4,23.0155185381428,-2.77414967519893));
#12644=CARTESIAN_POINT('',(-17.2,23.0188004583501,-3.37414069929825));
#12645=CARTESIAN_POINT('',(-15.4,23.0188004583501,-3.37414069929825));
#12646=CARTESIAN_POINT('',(-17.8,23.0155185381428,-2.77414967519893));
#12647=CARTESIAN_POINT('Origin',(-17.2,23.0155185381428,-2.77414967519893));
#12648=CARTESIAN_POINT('',(-17.8,22.9947330434963,1.02579347743011));
#12649=CARTESIAN_POINT('',(-17.8,23.0155185381428,-2.77414967519893));
#12650=CARTESIAN_POINT('',(-17.7,22.9947330434963,1.02579347743011));
#12651=CARTESIAN_POINT('',(-17.8,22.9947330434963,1.02579347743011));
#12652=CARTESIAN_POINT('',(-17.7,22.9881692030817,2.22577552562875));
#12653=CARTESIAN_POINT('Origin',(-17.7,22.991451123289,1.62578450152943));
#12654=CARTESIAN_POINT('',(-18.,22.9881692030817,2.22577552562875));
#12655=CARTESIAN_POINT('',(-18.,22.9881692030817,2.22577552562875));
#12656=CARTESIAN_POINT('',(-19.,22.9936390700939,1.22579048546321));
#12657=CARTESIAN_POINT('Origin',(-18.,22.9936390700939,1.22579048546321));
#12658=CARTESIAN_POINT('',(-19.,23.0270052588684,-4.87411825954656));
#12659=CARTESIAN_POINT('',(-19.,22.9936390700939,1.22579048546321));
#12660=CARTESIAN_POINT('',(-14.59560644436,23.0270052588684,-4.87411825954656));
#12661=CARTESIAN_POINT('',(-19.,23.0270052588684,-4.87411825954656));
#12662=CARTESIAN_POINT('',(-10.08088781859,23.0188004583501,-3.37414069929825));
#12663=CARTESIAN_POINT('',(-14.59560644436,23.0270052588684,-4.87411825954656));
#12664=CARTESIAN_POINT('',(-8.33782217350904,23.0188004583501,-3.37414069929825));
#12665=CARTESIAN_POINT('',(-10.08088781859,23.0188004583501,-3.37414069929825));
#12666=CARTESIAN_POINT('',(-11.2,23.0097616172215,-1.72168628151962));
#12667=CARTESIAN_POINT('',(-11.2,23.0097616172215,-1.72168628151962));
#12668=CARTESIAN_POINT('',(-11.2,22.9895502303931,1.97330016408187));
#12669=CARTESIAN_POINT('',(-11.2,22.9895502303931,1.97330016408187));
#12670=CARTESIAN_POINT('',(-8.33782217350904,22.9805113892646,3.6257545818605));
#12671=CARTESIAN_POINT('',(-8.33782217350904,22.9805113892646,3.6257545818605));
#12672=CARTESIAN_POINT('',(-10.08088781859,22.9805113892646,3.6257545818605));
#12673=CARTESIAN_POINT('',(-10.08088781859,22.9805113892646,3.6257545818605));
#12674=CARTESIAN_POINT('',(-14.59560644436,22.9723065887462,5.1257321421088));
#12675=CARTESIAN_POINT('',(-19.,22.9750415222523,4.62573962202604));
#12676=CARTESIAN_POINT('',(-19.,22.9723065887462,5.1257321421088));
#12677=CARTESIAN_POINT('',(-18.,22.9805113892645,3.6257545818605));
#12678=CARTESIAN_POINT('Origin',(-18.,22.9750415222523,4.62573962202604));
#12679=CARTESIAN_POINT('',(-16.8,22.9805113892645,3.6257545818605));
#12680=CARTESIAN_POINT('',(-18.,22.9805113892645,3.6257545818605));
#12681=CARTESIAN_POINT('Origin',(-16.8,22.991451123289,1.62578450152943));
#12682=CARTESIAN_POINT('Origin',(-24.,23.0680292614601,-12.3740060607881));
#12683=CARTESIAN_POINT('',(16.8,22.9805113892646,3.6257545818605));
#12684=CARTESIAN_POINT('',(18.,22.9805113892646,3.6257545818605));
#12685=CARTESIAN_POINT('',(16.8,22.9805113892646,3.6257545818605));
#12686=CARTESIAN_POINT('',(19.,22.9750415222523,4.62573962202604));
#12687=CARTESIAN_POINT('Origin',(18.,22.9750415222523,4.62573962202604));
#12688=CARTESIAN_POINT('',(19.,22.9750415222523,4.62573962202604));
#12689=CARTESIAN_POINT('',(10.08088781859,22.9805113892646,3.6257545818605));
#12690=CARTESIAN_POINT('',(14.59560644436,22.9723065887462,5.12573214210881));
#12691=CARTESIAN_POINT('',(8.33782217350896,22.9805113892646,3.6257545818605));
#12692=CARTESIAN_POINT('',(10.08088781859,22.9805113892646,3.6257545818605));
#12693=CARTESIAN_POINT('',(11.2,22.9895502303931,1.97330016408187));
#12694=CARTESIAN_POINT('',(11.2,22.9895502303931,1.97330016408187));
#12695=CARTESIAN_POINT('',(11.2,23.0097616172215,-1.72168628151962));
#12696=CARTESIAN_POINT('',(11.2,23.0097616172215,-1.72168628151962));
#12697=CARTESIAN_POINT('',(8.33782217350896,23.0188004583501,-3.37414069929825));
#12698=CARTESIAN_POINT('',(8.33782217350896,23.0188004583501,-3.37414069929825));
#12699=CARTESIAN_POINT('',(10.08088781859,23.0188004583501,-3.37414069929825));
#12700=CARTESIAN_POINT('',(10.08088781859,23.0188004583501,-3.37414069929825));
#12701=CARTESIAN_POINT('',(14.59560644436,23.0270052588684,-4.87411825954655));
#12702=CARTESIAN_POINT('',(14.59560644436,23.0270052588684,-4.87411825954655));
#12703=CARTESIAN_POINT('',(19.,23.0270052588684,-4.87411825954655));
#12704=CARTESIAN_POINT('',(14.59560644436,23.0270052588684,-4.87411825954655));
#12705=CARTESIAN_POINT('',(19.,22.9936390700939,1.22579048546322));
#12706=CARTESIAN_POINT('',(19.,23.0270052588684,-4.87411825954655));
#12707=CARTESIAN_POINT('',(18.,22.9881692030817,2.22577552562875));
#12708=CARTESIAN_POINT('Origin',(18.,22.9936390700939,1.22579048546322));
#12709=CARTESIAN_POINT('',(17.7,22.9881692030817,2.22577552562875));
#12710=CARTESIAN_POINT('',(17.7,22.9881692030817,2.22577552562875));
#12711=CARTESIAN_POINT('',(17.7,22.9947330434963,1.02579347743011));
#12712=CARTESIAN_POINT('Origin',(17.7,22.991451123289,1.62578450152943));
#12713=CARTESIAN_POINT('',(17.8,22.9947330434963,1.02579347743011));
#12714=CARTESIAN_POINT('',(17.7,22.9947330434963,1.02579347743011));
#12715=CARTESIAN_POINT('',(17.8,23.0155185381428,-2.77414967519893));
#12716=CARTESIAN_POINT('',(17.8,22.9947330434963,1.02579347743011));
#12717=CARTESIAN_POINT('',(17.2,23.0188004583501,-3.37414069929825));
#12718=CARTESIAN_POINT('Origin',(17.2,23.0155185381428,-2.77414967519893));
#12719=CARTESIAN_POINT('',(15.4,23.0188004583501,-3.37414069929825));
#12720=CARTESIAN_POINT('',(17.2,23.0188004583501,-3.37414069929825));
#12721=CARTESIAN_POINT('',(14.8,23.0155185381428,-2.77414967519893));
#12722=CARTESIAN_POINT('Origin',(15.4,23.0155185381428,-2.77414967519893));
#12723=CARTESIAN_POINT('',(14.8,22.991451123289,1.62578450152943));
#12724=CARTESIAN_POINT('',(14.8,23.0155185381428,-2.77414967519893));
#12725=CARTESIAN_POINT('Origin',(16.8,22.991451123289,1.62578450152943));
#12726=CARTESIAN_POINT('Origin',(-17.73205080757,22.9394873866729,11.125642383102));
#12727=CARTESIAN_POINT('',(-18.75735931288,21.9492162090789,9.34431265842374));
#12728=CARTESIAN_POINT('',(-17.75735931288,22.9397271616686,11.0818074218156));
#12729=CARTESIAN_POINT('',(-17.73205080757,21.9395023465073,11.1201725160898));
#12730=CARTESIAN_POINT('',(-17.73205080757,21.9395023465073,11.1201725160898));
#12731=CARTESIAN_POINT('',(-17.73205080757,22.9394873866729,11.125642383102));
#12732=CARTESIAN_POINT('Origin',(-24.,-0.0601685371344523,10.9998354418209));
#12733=CARTESIAN_POINT('',(19.53553390593,16.9187621769028,11.0927093242143));
#12734=CARTESIAN_POINT('',(18.97918471983,17.4751030401111,11.0957524802747));
#12735=CARTESIAN_POINT('',(19.53553390593,16.9187621769028,11.0927093242143));
#12736=CARTESIAN_POINT('',(15.4436508139,18.9395472260107,11.1037629150531));
#12737=CARTESIAN_POINT('Origin',(15.4436508139,13.9396220251831,11.076413579992));
#12738=CARTESIAN_POINT('',(-15.4436508139,18.9395472260107,11.1037629150531));
#12739=CARTESIAN_POINT('',(15.4436508139,18.9395472260107,11.1037629150531));
#12740=CARTESIAN_POINT('',(-18.97918471983,17.4751030401111,11.0957524802747));
#12741=CARTESIAN_POINT('Origin',(-15.4436508139,13.9396220251831,11.076413579992));
#12742=CARTESIAN_POINT('',(-19.53553390593,16.9187621769028,11.0927093242143));
#12743=CARTESIAN_POINT('',(-18.97918471983,17.4751030401111,11.0957524802747));
#12744=CARTESIAN_POINT('Origin',(-16.,13.3832811619748,11.0733704239317));
#12745=CARTESIAN_POINT('',(-17.75735931288,22.9394873866729,11.125642383102));
#12746=CARTESIAN_POINT('',(-14.26794919243,21.9395023465073,11.1201725160898));
#12747=CARTESIAN_POINT('',(-14.26794919243,21.9395023465073,11.1201725160898));
#12748=CARTESIAN_POINT('',(-14.26794919243,22.9394873866729,11.125642383102));
#12749=CARTESIAN_POINT('',(-9.20384757729304,22.9394873866729,11.125642383102));
#12750=CARTESIAN_POINT('',(-6.79615242270704,22.9394873866729,11.125642383102));
#12751=CARTESIAN_POINT('',(-1.20384757729304,22.9394873866729,11.125642383102));
#12752=CARTESIAN_POINT('',(1.20384757729296,22.9394873866729,11.125642383102));
#12753=CARTESIAN_POINT('',(6.79615242270696,22.9394873866729,11.125642383102));
#12754=CARTESIAN_POINT('',(9.20384757729296,22.9394873866729,11.125642383102));
#12755=CARTESIAN_POINT('',(14.26794919243,21.9395023465073,11.1201725160898));
#12756=CARTESIAN_POINT('',(14.26794919243,22.9394873866729,11.125642383102));
#12757=CARTESIAN_POINT('',(17.73205080757,21.9395023465073,11.1201725160898));
#12758=CARTESIAN_POINT('',(14.26794919243,21.9395023465073,11.1201725160898));
#12759=CARTESIAN_POINT('',(17.73205080757,22.9394873866729,11.125642383102));
#12760=CARTESIAN_POINT('',(21.,19.6968952089208,11.1079055697751));
#12761=CARTESIAN_POINT('',(21.,19.6968952089208,11.1079055697751));
#12762=CARTESIAN_POINT('',(21.,13.3832811619748,11.0733704239317));
#12763=CARTESIAN_POINT('',(21.,13.3832811619748,11.0733704239317));
#12764=CARTESIAN_POINT('Origin',(16.,13.3832811619748,11.0733704239317));
#12765=CARTESIAN_POINT('Origin',(21.,15.4461131904848,12.5846764496842));
#12766=CARTESIAN_POINT('',(19.53553390593,16.9187621769028,11.0927093242143));
#12767=CARTESIAN_POINT('',(18.97918471983,17.4668982395927,12.595730040523));
#12768=CARTESIAN_POINT('Origin',(16.,13.6900860026904,-45.0157904789532));
#12769=CARTESIAN_POINT('',(21.,13.3832811619748,11.0733704239317));
#12770=CARTESIAN_POINT('Origin',(21.,3.1596598422263E-15,1.11310503669415E-15));
#12771=CARTESIAN_POINT('',(21.,19.7242445439819,6.10798036894738));
#12772=CARTESIAN_POINT('',(21.,10.9670162397476,6.06007877812767));
#12773=CARTESIAN_POINT('',(21.,11.027184776882,-4.93975666369323));
#12774=CARTESIAN_POINT('',(21.,19.0270650982063,-4.89599772759544));
#12775=CARTESIAN_POINT('',(21.,11.0326546438942,-5.93974170385876));
#12776=CARTESIAN_POINT('',(21.,11.0326546438942,-5.93974170385876));
#12777=CARTESIAN_POINT('',(21.,19.7898829481286,-5.89184011303906));
#12778=CARTESIAN_POINT('',(21.,11.0326546438942,-5.93974170385876));
#12779=CARTESIAN_POINT('',(21.,19.8172322831897,-10.8917653138667));
#12780=CARTESIAN_POINT('',(21.,19.8172322831897,-10.8917653138667));
#12781=CARTESIAN_POINT('',(21.,13.5036182362437,-10.9263004597101));
#12782=CARTESIAN_POINT('',(21.,19.8172322831897,-10.8917653138667));
#12783=CARTESIAN_POINT('',(21.,13.511823036762,-12.4262780199584));
#12784=CARTESIAN_POINT('',(21.,-1.33885609237976,-10.9182170872341));
#12785=CARTESIAN_POINT('',(21.,-1.33885609237976,-10.9182170872341));
#12786=CARTESIAN_POINT('',(21.,-1.45821658083407,10.9029172428049));
#12787=CARTESIAN_POINT('Origin',(21.,3.1596598422263E-15,1.11310503669415E-15));
#12788=CARTESIAN_POINT('',(21.,10.9314621041681,12.5599815392037));
#12789=CARTESIAN_POINT('',(21.,0.0495022964606205,-9.0498646134981));
#12790=CARTESIAN_POINT('Origin',(21.,0.0437589360977865,-7.99988032132429));
#12791=CARTESIAN_POINT('',(21.,-7.99413696096145,-1.0937432282716));
#12792=CARTESIAN_POINT('Origin',(21.,-7.99988032132429,-0.0437589360977822));
#12793=CARTESIAN_POINT('',(21.,-0.0380155757349461,6.94989602915048));
#12794=CARTESIAN_POINT('Origin',(21.,-0.0437589360977801,7.99988032132429));
#12795=CARTESIAN_POINT('',(21.,15.9606510935112,7.23741090937915));
#12796=CARTESIAN_POINT('Origin',(21.,15.9560017065508,8.08739819351986));
#12797=CARTESIAN_POINT('',(21.,16.0481689657068,-8.76234973326943));
#12798=CARTESIAN_POINT('Origin',(21.,16.0435195787464,-7.91236244912872));
#12799=CARTESIAN_POINT('Origin',(-24.,0.0437589360977831,-7.99988032132429));
#12800=CARTESIAN_POINT('',(-24.,0.049502296460617,-9.04986461349811));
#12801=CARTESIAN_POINT('Origin',(-24.,0.0437589360977831,-7.99988032132429));
#12802=CARTESIAN_POINT('',(-24.,0.049502296460617,-9.04986461349811));
#12803=CARTESIAN_POINT('Origin',(-24.,-7.99988032132429,-0.0437589360977865));
#12804=CARTESIAN_POINT('',(-24.,-7.99413696096146,-1.0937432282716));
#12805=CARTESIAN_POINT('Origin',(-24.,-7.99988032132429,-0.0437589360977865));
#12806=CARTESIAN_POINT('',(-24.,-7.99413696096146,-1.0937432282716));
#12807=CARTESIAN_POINT('Origin',(-24.,-0.0437589360977835,7.99988032132429));
#12808=CARTESIAN_POINT('',(-24.,-0.0380155757349496,6.94989602915047));
#12809=CARTESIAN_POINT('Origin',(-24.,-0.0437589360977835,7.99988032132429));
#12810=CARTESIAN_POINT('',(-24.,-0.0380155757349496,6.94989602915047));
#12811=CARTESIAN_POINT('Origin',(24.,15.9560017065508,8.08739819351986));
#12812=CARTESIAN_POINT('',(24.,15.9606510935112,7.23741090937915));
#12813=CARTESIAN_POINT('Origin',(24.,15.9560017065508,8.08739819351986));
#12814=CARTESIAN_POINT('',(24.,15.9606510935112,7.23741090937915));
#12815=CARTESIAN_POINT('Origin',(24.,16.0435195787464,-7.91236244912872));
#12816=CARTESIAN_POINT('',(24.,16.0481689657068,-8.76234973326943));
#12817=CARTESIAN_POINT('Origin',(24.,16.0435195787464,-7.91236244912872));
#12818=CARTESIAN_POINT('',(24.,16.0481689657068,-8.76234973326943));
#12819=CARTESIAN_POINT('Origin',(15.4436508139,13.9309334817,12.6648276098956));
#12820=CARTESIAN_POINT('',(15.4436508139,18.9313424254924,12.6037404753014));
#12821=CARTESIAN_POINT('Origin',(17.51471862576,18.9313424254924,12.6037404753014));
#12822=CARTESIAN_POINT('',(-15.4436508139,18.9313424254924,12.6037404753014));
#12823=CARTESIAN_POINT('Origin',(-15.4436508139,13.9309334817,12.6648276098956));
#12824=CARTESIAN_POINT('',(-18.97918471983,17.4668982395927,12.595730040523));
#12825=CARTESIAN_POINT('Origin',(-17.51471862576,18.9313424254924,12.6037404753014));
#12826=CARTESIAN_POINT('',(-19.53553390593,16.9105573763845,12.5926868844626));
#12827=CARTESIAN_POINT('Origin',(-16.,13.1968133955281,45.1628604431748));
#12828=CARTESIAN_POINT('Origin',(-24.,10.9314621041681,12.5599815392037));
#12829=CARTESIAN_POINT('',(-24.,-1.45821658083408,10.9029172428049));
#12830=CARTESIAN_POINT('Origin',(-24.,10.9314621041681,12.5599815392037));
#12831=CARTESIAN_POINT('',(21.,-1.45821658083407,10.9029172428049));
#12832=CARTESIAN_POINT('Origin',(-24.,-2.25689988730438E-16,-3.20200975937926E-15));
#12833=CARTESIAN_POINT('',(-24.,-1.33885609237976,-10.9182170872341));
#12834=CARTESIAN_POINT('Origin',(-24.,-2.25689988730438E-16,-3.20200975937926E-15));
#12835=CARTESIAN_POINT('',(21.,-1.33885609237976,-10.9182170872341));
#12836=CARTESIAN_POINT('Origin',(-24.,-1.33885609237976,-10.9182170872341));
#12837=CARTESIAN_POINT('Origin',(-24.,-1.33885609237976,-10.9182170872341));
#12838=CARTESIAN_POINT('Origin',(17.51471862576,19.068089100798,-12.395885528837));
#12839=CARTESIAN_POINT('',(19.53553390593,17.0390992511717,-10.9069615594275));
#12840=CARTESIAN_POINT('',(19.53553390593,17.04730405169,-12.4069391196758));
#12841=CARTESIAN_POINT('',(18.97918471983,17.59544011438,-10.9039184033671));
#12842=CARTESIAN_POINT('',(18.97918471983,17.59544011438,-10.9039184033671));
#12843=CARTESIAN_POINT('',(18.97918471983,17.6036449148983,-12.4038959636154));
#12844=CARTESIAN_POINT('Origin',(16.,13.6900860026904,-45.0157904789532));
#12845=CARTESIAN_POINT('Origin',(16.,13.5036182362437,-10.9263004597101));
#12846=CARTESIAN_POINT('Origin',(-24.,0.0601685371344518,-10.9998354418209));
#12847=CARTESIAN_POINT('',(21.,19.8172322831897,-10.8917653138667));
#12848=CARTESIAN_POINT('',(17.73205080757,22.0598394207762,-10.879498367552));
#12849=CARTESIAN_POINT('',(17.73205080757,23.0598244609418,-10.8740285005398));
#12850=CARTESIAN_POINT('',(14.26794919243,22.0598394207762,-10.879498367552));
#12851=CARTESIAN_POINT('',(14.26794919243,22.0598394207762,-10.879498367552));
#12852=CARTESIAN_POINT('',(14.26794919243,23.0598244609418,-10.8740285005398));
#12853=CARTESIAN_POINT('',(9.20384757729296,23.0598244609418,-10.8740285005398));
#12854=CARTESIAN_POINT('',(6.79615242270696,23.0598244609418,-10.8740285005398));
#12855=CARTESIAN_POINT('',(1.20384757729296,23.0598244609418,-10.8740285005398));
#12856=CARTESIAN_POINT('',(-1.20384757729304,23.0598244609418,-10.8740285005398));
#12857=CARTESIAN_POINT('',(-6.79615242270704,23.0598244609418,-10.8740285005398));
#12858=CARTESIAN_POINT('',(-9.20384757729304,23.0598244609418,-10.8740285005398));
#12859=CARTESIAN_POINT('',(-14.26794919243,22.0598394207762,-10.879498367552));
#12860=CARTESIAN_POINT('',(-14.26794919243,23.0598244609418,-10.8740285005398));
#12861=CARTESIAN_POINT('',(-17.73205080757,22.0598394207762,-10.879498367552));
#12862=CARTESIAN_POINT('',(-14.26794919243,22.0598394207762,-10.879498367552));
#12863=CARTESIAN_POINT('',(-17.73205080757,23.0598244609418,-10.8740285005398));
#12864=CARTESIAN_POINT('',(-17.75735931288,23.0598244609418,-10.8740285005398));
#12865=CARTESIAN_POINT('',(-19.53553390593,17.0390992511717,-10.9069615594275));
#12866=CARTESIAN_POINT('Origin',(-16.,13.5036182362437,-10.9263004597101));
#12867=CARTESIAN_POINT('',(-18.97918471983,17.59544011438,-10.9039184033671));
#12868=CARTESIAN_POINT('',(-19.53553390593,17.0390992511717,-10.9069615594275));
#12869=CARTESIAN_POINT('',(-15.4436508139,19.0598843002796,-10.8959079685887));
#12870=CARTESIAN_POINT('Origin',(-15.4436508139,14.059959099452,-10.9232573036498));
#12871=CARTESIAN_POINT('',(15.4436508139,19.0598843002796,-10.8959079685887));
#12872=CARTESIAN_POINT('',(-15.4436508139,19.0598843002796,-10.8959079685887));
#12873=CARTESIAN_POINT('Origin',(15.4436508139,14.059959099452,-10.9232573036498));
#12874=CARTESIAN_POINT('Origin',(15.4436508139,14.0686476429351,-12.5116713335533));
#12875=CARTESIAN_POINT('',(15.4436508139,19.068089100798,-12.395885528837));
#12876=CARTESIAN_POINT('Origin',(-17.51471862576,19.068089100798,-12.395885528837));
#12877=CARTESIAN_POINT('',(-15.4436508139,19.068089100798,-12.395885528837));
#12878=CARTESIAN_POINT('Origin',(-15.4436508139,14.0686476429351,-12.5116713335533));
#12879=CARTESIAN_POINT('',(-18.97918471983,17.6036449148983,-12.4038959636154));
#12880=CARTESIAN_POINT('Origin',(-21.,15.5828598657904,-12.4149495544542));
#12881=CARTESIAN_POINT('',(-19.53553390593,17.0390992511717,-10.9069615594275));
#12882=CARTESIAN_POINT('Origin',(-16.,13.1968133955281,45.1628604431748));
#12883=CARTESIAN_POINT('Origin',(-16.87867965644,23.9466957729979,-12.369199799921));
#12884=CARTESIAN_POINT('',(-18.30940107676,22.4804416204541,-5.87712289474571));
#12885=CARTESIAN_POINT('',(-18.30940107676,22.4804416204541,-5.87712289474571));
#12886=CARTESIAN_POINT('',(-18.75735931288,22.0501255582047,-9.10363850988593));
#12887=CARTESIAN_POINT('',(-17.75735931288,23.0595846859461,-10.8301935392533));
#12888=CARTESIAN_POINT('',(-18.75735931288,22.0367340812745,-6.65544798422484));
#12889=CARTESIAN_POINT('',(-18.75735931288,22.0501255582047,-9.10363850988593));
#12890=CARTESIAN_POINT('',(-18.30940107676,22.4804416204541,-5.87712289474571));
#12891=CARTESIAN_POINT('Origin',(-16.87867965644,23.9466957729979,-12.369199799921));
#12892=CARTESIAN_POINT('',(-18.75735931288,21.9626076860091,6.89612213276264));
#12893=CARTESIAN_POINT('',(-18.30940107676,22.4148032163074,6.12269758724072));
#12894=CARTESIAN_POINT('',(-18.75735931288,21.9492162090789,9.34431265842374));
#12895=CARTESIAN_POINT('Origin',(-14.84529946162,24.0324601660462,-5.86863343269987));
#12896=CARTESIAN_POINT('',(-18.51961760512,18.0276510189809,-5.9014794315388));
#12897=CARTESIAN_POINT('',(-16.47918471983,20.0680533797327,-5.8903185350089));
#12898=CARTESIAN_POINT('',(-18.51961760512,18.0276510189809,-5.9014794315388));
#12899=CARTESIAN_POINT('',(-19.83549374218,15.7020364421705,-5.91420042429959));
#12900=CARTESIAN_POINT('Origin',(-14.98408369919,14.4921700040529,-5.92081833182144));
#12901=CARTESIAN_POINT('',(-21.,11.0326546438942,-5.93974170385877));
#12902=CARTESIAN_POINT('',(-18.30940107676,22.0324900857151,-5.87957316672432));
#12903=CARTESIAN_POINT('',(-18.30940107676,22.4804416204541,-5.87712289474571));
#12904=CARTESIAN_POINT('',(-17.15470053838,22.0324900857151,-5.87957316672432));
#12905=CARTESIAN_POINT('',(-18.30940107676,22.0324900857151,-5.87957316672432));
#12906=CARTESIAN_POINT('',(-17.15470053838,24.0324601660462,-5.86863343269987));
#12907=CARTESIAN_POINT('',(-17.15470053838,22.0324900857151,-5.87957316672432));
#12908=CARTESIAN_POINT('',(-14.84529946162,24.0324601660462,-5.86863343269987));
#12909=CARTESIAN_POINT('',(-14.84529946162,24.0324601660462,-5.86863343269987));
#12910=CARTESIAN_POINT('',(-14.84529946162,22.0324900857151,-5.87957316672432));
#12911=CARTESIAN_POINT('',(-14.84529946162,22.0324900857151,-5.87957316672432));
#12912=CARTESIAN_POINT('',(-14.43383080717,22.0324900857151,-5.87957316672432));
#12913=CARTESIAN_POINT('',(-14.43383080717,22.0324900857151,-5.87957316672432));
#12914=CARTESIAN_POINT('',(-14.43383080717,21.3052741197584,-5.883551000855));
#12915=CARTESIAN_POINT('',(-14.43383080717,22.0324900857151,-5.87957316672432));
#12916=CARTESIAN_POINT('Origin',(-12.9436508139,16.5325723648047,-5.90965743529154));
#12917=CARTESIAN_POINT('Origin',(-14.84529946162,24.0324601660462,-5.86863343269987));
#12918=CARTESIAN_POINT('',(14.43383080717,21.3052741197584,-5.883551000855));
#12919=CARTESIAN_POINT('',(14.43383080717,22.0324900857151,-5.87957316672431));
#12920=CARTESIAN_POINT('',(14.43383080717,21.3052741197584,-5.883551000855));
#12921=CARTESIAN_POINT('',(14.84529946162,22.0324900857151,-5.87957316672431));
#12922=CARTESIAN_POINT('',(14.43383080717,22.0324900857151,-5.87957316672431));
#12923=CARTESIAN_POINT('',(14.84529946162,24.0324601660462,-5.86863343269987));
#12924=CARTESIAN_POINT('',(14.84529946162,24.0324601660462,-5.86863343269987));
#12925=CARTESIAN_POINT('',(17.15470053838,24.0324601660462,-5.86863343269987));
#12926=CARTESIAN_POINT('',(14.84529946162,24.0324601660462,-5.86863343269987));
#12927=CARTESIAN_POINT('',(17.15470053838,22.0324900857151,-5.87957316672431));
#12928=CARTESIAN_POINT('',(17.15470053838,24.0324601660462,-5.86863343269987));
#12929=CARTESIAN_POINT('',(18.30940107676,22.0324900857151,-5.87957316672431));
#12930=CARTESIAN_POINT('',(18.30940107676,22.0324900857151,-5.87957316672431));
#12931=CARTESIAN_POINT('',(18.30940107676,22.4804416204541,-5.87712289474571));
#12932=CARTESIAN_POINT('',(18.30940107676,22.4804416204541,-5.87712289474571));
#12933=CARTESIAN_POINT('',(21.,19.7898829481286,-5.89184011303906));
#12934=CARTESIAN_POINT('',(19.83549374218,15.7020364421705,-5.91420042429958));
#12935=CARTESIAN_POINT('',(19.83549374218,15.7020364421705,-5.91420042429958));
#12936=CARTESIAN_POINT('',(18.51961760512,18.0276510189809,-5.9014794315388));
#12937=CARTESIAN_POINT('Origin',(14.98408369919,14.4921700040529,-5.92081833182144));
#12938=CARTESIAN_POINT('',(16.47918471983,20.0680533797327,-5.8903185350089));
#12939=CARTESIAN_POINT('',(18.51961760512,18.0276510189809,-5.9014794315388));
#12940=CARTESIAN_POINT('Origin',(12.9436508139,16.5325723648047,-5.90965743529154));
#12941=CARTESIAN_POINT('Origin',(-21.,15.5418358631987,-4.91506175321272));
#12942=CARTESIAN_POINT('',(-18.51961760512,18.0221811519687,-4.90149439137326));
#12943=CARTESIAN_POINT('',(-18.51961760512,18.0276510189809,-5.9014794315388));
#12944=CARTESIAN_POINT('',(-16.47918471983,20.0625835127205,-4.89033349484336));
#12945=CARTESIAN_POINT('',(-16.47918471983,20.0625835127205,-4.89033349484336));
#12946=CARTESIAN_POINT('',(-18.51961760512,18.0221811519687,-4.90149439137326));
#12947=CARTESIAN_POINT('Origin',(-14.98408369919,14.7059871055607,-45.0102335518922));
#12948=CARTESIAN_POINT('',(-19.83549374218,15.6965665751583,-4.91421538413405));
#12949=CARTESIAN_POINT('Origin',(-14.98408369919,14.4867001370407,-4.92083329165591));
#12950=CARTESIAN_POINT('',(-19.83549374218,15.7020364421705,-5.91420042429959));
#12951=CARTESIAN_POINT('Origin',(-21.,11.0326546438942,-5.93974170385877));
#12952=CARTESIAN_POINT('',(-21.,11.027184776882,-4.93975666369323));
#12953=CARTESIAN_POINT('Origin',(-19.,26.0269603793651,-4.85770865850989));
#12954=CARTESIAN_POINT('',(-14.59560644436,21.2462524485542,-4.88385888631878));
#12955=CARTESIAN_POINT('',(-14.59560644436,21.2462524485542,-4.88385888631878));
#12956=CARTESIAN_POINT('',(-19.,26.0269603793651,-4.85770865850989));
#12957=CARTESIAN_POINT('',(-19.,26.0269603793651,-4.85770865850989));
#12958=CARTESIAN_POINT('Origin',(-12.9436508139,16.5271024977925,-4.909672395126));
#12959=CARTESIAN_POINT('Origin',(-19.,26.0269603793651,-4.85770865850989));
#12960=CARTESIAN_POINT('',(18.51961760512,18.0221811519687,-4.90149439137326));
#12961=CARTESIAN_POINT('',(16.47918471983,20.0625835127205,-4.89033349484336));
#12962=CARTESIAN_POINT('',(18.51961760512,18.0221811519687,-4.90149439137326));
#12963=CARTESIAN_POINT('',(19.83549374218,15.6965665751583,-4.91421538413405));
#12964=CARTESIAN_POINT('Origin',(14.98408369919,14.4867001370407,-4.9208332916559));
#12965=CARTESIAN_POINT('',(19.83549374218,15.6965665751583,-4.91421538413405));
#12966=CARTESIAN_POINT('',(19.,26.0269603793651,-4.85770865850988));
#12967=CARTESIAN_POINT('',(24.,21.0270351785374,-4.885057993571));
#12968=CARTESIAN_POINT('',(19.,26.0269603793651,-4.85770865850988));
#12969=CARTESIAN_POINT('',(14.59560644436,21.2462524485542,-4.88385888631878));
#12970=CARTESIAN_POINT('',(14.59560644436,21.2462524485542,-4.88385888631878));
#12971=CARTESIAN_POINT('Origin',(12.9436508139,16.5271024977925,-4.909672395126));
#12972=CARTESIAN_POINT('Origin',(-14.59560644436,23.0270052588684,-4.87411825954656));
#12973=CARTESIAN_POINT('',(-10.08088781859,23.0188004583501,-3.37414069929825));
#12974=CARTESIAN_POINT('Origin',(-12.9436508139,16.5241003247809,-4.36082393265999));
#12975=CARTESIAN_POINT('Origin',(-12.9436508139,16.2531168591502,45.1795782667657));
#12976=CARTESIAN_POINT('Origin',(-12.9436508139,16.5298641939097,-5.41455757726771));
#12977=CARTESIAN_POINT('Origin',(-9.91911218140604,23.0242703253623,-4.37412573946379));
#12978=CARTESIAN_POINT('',(-13.81022135628,22.0313567723085,-5.67238413453331));
#12979=CARTESIAN_POINT('',(-13.81022135628,22.0313567723085,-5.67238413453331));
#12980=CARTESIAN_POINT('',(-13.81022135628,23.031341812474,-5.66691426752108));
#12981=CARTESIAN_POINT('Origin',(-14.26794919243,23.0270052588684,-4.87411825954656));
#12982=CARTESIAN_POINT('',(-12.53589838486,22.0434298197396,-7.87954324705539));
#12983=CARTESIAN_POINT('',(-13.81022135628,22.0313567723085,-5.67238413453331));
#12984=CARTESIAN_POINT('',(-12.53589838486,23.0434148599051,-7.87407338004316));
#12985=CARTESIAN_POINT('Origin',(-12.53589838486,23.0434148599051,-7.87407338004316));
#12986=CARTESIAN_POINT('',(-12.53589838486,22.0434298197396,-7.87954324705539));
#12987=CARTESIAN_POINT('Origin',(-24.,21.9996708836418,0.120337074268901));
#12988=CARTESIAN_POINT('',(-13.69059892324,22.0434298197396,-7.87954324705539));
#12989=CARTESIAN_POINT('',(-13.69059892324,22.0434298197396,-7.87954324705539));
#12990=CARTESIAN_POINT('',(-14.84529946162,22.054369553764,-9.87951332738646));
#12991=CARTESIAN_POINT('',(-14.84529946162,22.054369553764,-9.87951332738646));
#12992=CARTESIAN_POINT('',(-17.15470053838,22.054369553764,-9.87951332738646));
#12993=CARTESIAN_POINT('',(-17.15470053838,22.054369553764,-9.87951332738646));
#12994=CARTESIAN_POINT('',(-18.30940107676,22.0434298197396,-7.87954324705539));
#12995=CARTESIAN_POINT('',(-18.30940107676,22.0434298197396,-7.87954324705539));
#12996=CARTESIAN_POINT('',(-17.15470053838,22.0324900857151,-5.87957316672432));
#12997=CARTESIAN_POINT('',(-18.75735931288,22.0367340812745,-6.65544798422484));
#12998=CARTESIAN_POINT('',(-17.73205080757,22.0598394207762,-10.879498367552));
#12999=CARTESIAN_POINT('Origin',(-17.73205080757,23.0598244609418,-10.8740285005398));
#13000=CARTESIAN_POINT('Origin',(-19.46410161514,23.0434148599051,-7.87407338004317));
#13001=CARTESIAN_POINT('Origin',(-17.15470053838,24.0324601660462,-5.86863343269987));
#13002=CARTESIAN_POINT('',(-18.30940107676,24.0433999000706,-7.86860351303094));
#13003=CARTESIAN_POINT('',(-18.30940107676,22.0434298197396,-7.87954324705539));
#13004=CARTESIAN_POINT('',(-17.15470053838,24.0324601660462,-5.86863343269987));
#13005=CARTESIAN_POINT('Origin',(-24.,23.9996409639729,0.131276808293347));
#13006=CARTESIAN_POINT('',(-14.84529946162,24.0543396340951,-9.86857359336201));
#13007=CARTESIAN_POINT('',(-13.69059892324,24.0433999000706,-7.86860351303094));
#13008=CARTESIAN_POINT('',(-14.84529946162,24.0543396340951,-9.86857359336201));
#13009=CARTESIAN_POINT('',(-13.69059892324,24.0433999000706,-7.86860351303094));
#13010=CARTESIAN_POINT('',(-17.15470053838,24.0543396340951,-9.86857359336201));
#13011=CARTESIAN_POINT('',(-18.30940107676,24.0433999000706,-7.86860351303094));
#13012=CARTESIAN_POINT('',(-17.15470053838,24.0543396340951,-9.86857359336201));
#13013=CARTESIAN_POINT('',(-14.95,24.0433999000706,-7.86860351303094));
#13014=CARTESIAN_POINT('Origin',(-16.,24.0433999000706,-7.86860351303094));
#13015=CARTESIAN_POINT('Origin',(-14.84529946162,24.0543396340951,-9.86857359336201));
#13016=CARTESIAN_POINT('',(-13.69059892324,22.0434298197396,-7.87954324705539));
#13017=CARTESIAN_POINT('',(-14.84529946162,24.0543396340951,-9.86857359336201));
#13018=CARTESIAN_POINT('Origin',(-13.69059892324,24.0433999000706,-7.86860351303094));
#13019=CARTESIAN_POINT('Origin',(-17.15470053838,24.0543396340951,-9.86857359336201));
#13020=CARTESIAN_POINT('',(-17.15470053838,22.054369553764,-9.87951332738646));
#13021=CARTESIAN_POINT('Origin',(-18.30940107676,24.0433999000706,-7.86860351303094));
#13022=CARTESIAN_POINT('Origin',(-16.,26.0433699804017,-7.8576637790065));
#13023=CARTESIAN_POINT('',(-14.95,26.0433699804017,-7.8576637790065));
#13024=CARTESIAN_POINT('',(-14.95,26.0433699804017,-7.8576637790065));
#13025=CARTESIAN_POINT('Origin',(-16.,26.0433699804018,-7.8576637790065));
#13026=CARTESIAN_POINT('Origin',(10.08088781859,23.0188004583501,-3.37414069929825));
#13027=CARTESIAN_POINT('',(5.99999999999996,23.0188004583501,-3.37414069929825));
#13028=CARTESIAN_POINT('',(10.08088781859,23.0188004583501,-3.37414069929825));
#13029=CARTESIAN_POINT('',(8.33782217350896,23.0188004583501,-3.37414069929825));
#13030=CARTESIAN_POINT('',(7.66217782649096,23.0188004583501,-3.37414069929825));
#13031=CARTESIAN_POINT('Origin',(10.08088781859,23.0188004583501,-3.37414069929825));
#13032=CARTESIAN_POINT('',(-6.00000000000004,23.0188004583501,-3.37414069929825));
#13033=CARTESIAN_POINT('',(-7.66217782649104,23.0188004583501,-3.37414069929825));
#13034=CARTESIAN_POINT('',(-8.33782217350904,23.0188004583501,-3.37414069929825));
#13035=CARTESIAN_POINT('Origin',(5.99999999999996,22.9933398654235,1.28049020553122));
#13036=CARTESIAN_POINT('',(5.99999999999996,24.0059570223567,-1.02340645595674));
#13037=CARTESIAN_POINT('',(5.99999999999996,22.0059869420257,-1.03434618998119));
#13038=CARTESIAN_POINT('',(5.99999999999996,23.993324905589,1.28596007254344));
#13039=CARTESIAN_POINT('',(5.99999999999996,23.993324905589,1.28596007254344));
#13040=CARTESIAN_POINT('',(5.99999999999996,23.993324905589,1.28596007254344));
#13041=CARTESIAN_POINT('',(5.99999999999996,22.9857605953628,2.66611012263153));
#13042=CARTESIAN_POINT('',(5.99999999999996,22.9805113892646,3.6257545818605));
#13043=CARTESIAN_POINT('',(5.99999999999996,23.0135512522519,-2.41449624006927));
#13044=CARTESIAN_POINT('Origin',(5.99999999999996,23.0059719821912,-1.02887632296896));
#13045=CARTESIAN_POINT('',(7.99999999999996,24.0122730807406,-2.17808972020783));
#13046=CARTESIAN_POINT('',(7.99999999999996,24.0122730807406,-2.17808972020783));
#13047=CARTESIAN_POINT('',(5.99999999999996,24.0059570223567,-1.02340645595674));
#13048=CARTESIAN_POINT('Origin',(-24.,23.9996409639729,0.131276808293347));
#13049=CARTESIAN_POINT('',(9.99999999999996,24.0059570223567,-1.02340645595674));
#13050=CARTESIAN_POINT('',(7.99999999999996,24.0122730807406,-2.17808972020783));
#13051=CARTESIAN_POINT('',(9.99999999999996,23.993324905589,1.28596007254344));
#13052=CARTESIAN_POINT('',(9.99999999999996,24.0059570223567,-1.02340645595674));
#13053=CARTESIAN_POINT('',(7.99999999999996,23.9870088472051,2.44064333679453));
#13054=CARTESIAN_POINT('',(9.99999999999996,23.993324905589,1.28596007254344));
#13055=CARTESIAN_POINT('',(7.99999999999996,23.9870088472051,2.44064333679453));
#13056=CARTESIAN_POINT('',(7.99999999999996,24.0053843243357,-0.918707483880463));
#13057=CARTESIAN_POINT('Origin',(7.99999999999996,23.9996409639729,0.13127680829335));
#13058=CARTESIAN_POINT('Origin',(7.99999999999996,22.9870238070396,2.43517346978231));
#13059=CARTESIAN_POINT('',(7.99999999999996,23.9870088472051,2.44064333679453));
#13060=CARTESIAN_POINT('Origin',(9.99999999999996,22.9933398654235,1.28049020553122));
#13061=CARTESIAN_POINT('',(9.99999999999996,23.993324905589,1.28596007254344));
#13062=CARTESIAN_POINT('Origin',(9.99999999999996,23.0059719821912,-1.02887632296896));
#13063=CARTESIAN_POINT('',(9.99999999999996,24.0059570223567,-1.02340645595674));
#13064=CARTESIAN_POINT('Origin',(7.99999999999996,23.0122880405751,-2.18355958722005));
#13065=CARTESIAN_POINT('Origin',(7.99999999999996,25.9996110443039,0.142216542317796));
#13066=CARTESIAN_POINT('',(7.99999999999996,26.0053544046669,-0.907767749856017));
#13067=CARTESIAN_POINT('',(7.99999999999996,26.0053544046668,-0.907767749856017));
#13068=CARTESIAN_POINT('Origin',(7.99999999999996,25.999611044304,0.142216542317796));
#13069=CARTESIAN_POINT('Origin',(4.79999999999996,23.0097616172215,-1.72168628151962));
#13070=CARTESIAN_POINT('Origin',(10.08088781859,22.9805113892646,3.6257545818605));
#13071=CARTESIAN_POINT('',(7.66217782649096,22.9805113892646,3.6257545818605));
#13072=CARTESIAN_POINT('',(8.33782217350896,22.9805113892646,3.6257545818605));
#13073=CARTESIAN_POINT('',(10.08088781859,22.9805113892646,3.6257545818605));
#13074=CARTESIAN_POINT('Origin',(10.08088781859,22.9805113892646,3.6257545818605));
#13075=CARTESIAN_POINT('',(-6.00000000000004,22.9805113892646,3.6257545818605));
#13076=CARTESIAN_POINT('',(-10.08088781859,22.9805113892646,3.6257545818605));
#13077=CARTESIAN_POINT('',(-8.33782217350904,22.9805113892646,3.6257545818605));
#13078=CARTESIAN_POINT('',(-7.66217782649104,22.9805113892646,3.6257545818605));
#13079=CARTESIAN_POINT('Origin',(14.59560644436,22.9723065887462,5.12573214210881));
#13080=CARTESIAN_POINT('Origin',(12.9436508139,16.4754060006818,4.54132954406334));
#13081=CARTESIAN_POINT('Origin',(12.9436508139,16.7463894663125,-44.9990726553624));
#13082=CARTESIAN_POINT('',(16.47918471983,20.0078848425983,5.109516906812));
#13083=CARTESIAN_POINT('Origin',(12.9436508139,16.469642131553,5.59506318867106));
#13084=CARTESIAN_POINT('Origin',(21.,15.4871371930765,5.08478864844265));
#13085=CARTESIAN_POINT('',(18.51961760512,17.9620126148342,6.09834105044763));
#13086=CARTESIAN_POINT('Origin',(14.98408369919,14.2127144983984,45.1684173702358));
#13087=CARTESIAN_POINT('',(19.83549374218,15.6363980380238,6.08562005768685));
#13088=CARTESIAN_POINT('Origin',(21.,10.9670162397476,6.06007877812767));
#13089=CARTESIAN_POINT('Origin',(9.91911218140596,22.9750415222523,4.62573962202604));
#13090=CARTESIAN_POINT('',(13.81022135628,21.9679849949751,5.91305828307111));
#13091=CARTESIAN_POINT('',(13.81022135628,21.9679849949751,5.91305828307111));
#13092=CARTESIAN_POINT('',(13.81022135628,22.9679700351407,5.91852815008334));
#13093=CARTESIAN_POINT('',(9.91911218140596,22.9750415222523,4.62573962202604));
#13094=CARTESIAN_POINT('Origin',(-4.21400100069361E-14,22.9750415222523,
4.62573962202604));
#13095=CARTESIAN_POINT('',(8.33782217350896,22.9750415222523,4.62573962202604));
#13096=CARTESIAN_POINT('',(7.66217782649096,22.9750415222523,4.62573962202604));
#13097=CARTESIAN_POINT('',(0.337822173508858,22.9750415222523,4.62573962202604));
#13098=CARTESIAN_POINT('',(-0.337822173508942,22.9750415222523,4.62573962202604));
#13099=CARTESIAN_POINT('',(-7.66217782649104,22.9750415222523,4.62573962202604));
#13100=CARTESIAN_POINT('',(-8.33782217350904,22.9750415222523,4.62573962202604));
#13101=CARTESIAN_POINT('Origin',(-11.2,22.9660026811238,6.27819403980467));
#13102=CARTESIAN_POINT('',(-11.2,22.9660026811238,6.27819403980467));
#13103=CARTESIAN_POINT('Origin',(-11.2,22.9457912942953,9.97318048540616));
#13104=CARTESIAN_POINT('',(-11.2,22.9457912942953,9.97318048540616));
#13105=CARTESIAN_POINT('Origin',(-8.00000000000004,22.9356856008812,11.8206737082029));
#13106=CARTESIAN_POINT('Origin',(-8.00000000000004,22.976108374538,4.43070081700392));
#13107=CARTESIAN_POINT('',(-4.80000000000004,22.9660026811238,6.27819403980467));
#13108=CARTESIAN_POINT('Origin',(-4.80000000000004,22.9660026811238,6.27819403980467));
#13109=CARTESIAN_POINT('',(-4.80000000000004,22.9457912942953,9.97318048540616));
#13110=CARTESIAN_POINT('Origin',(-4.80000000000004,22.9457912942953,9.97318048540616));
#13111=CARTESIAN_POINT('Origin',(-3.20000000000004,22.9660026811238,6.27819403980467));
#13112=CARTESIAN_POINT('',(-3.20000000000004,22.9660026811238,6.27819403980467));
#13113=CARTESIAN_POINT('Origin',(-3.20000000000004,22.9457912942953,9.97318048540616));
#13114=CARTESIAN_POINT('',(-3.20000000000004,22.9457912942953,9.97318048540616));
#13115=CARTESIAN_POINT('Origin',(-4.28269818507199E-14,22.9356856008812,
11.8206737082029));
#13116=CARTESIAN_POINT('Origin',(-4.21213877143771E-14,22.976108374538,
4.43070081700393));
#13117=CARTESIAN_POINT('',(3.19999999999996,22.9660026811238,6.27819403980467));
#13118=CARTESIAN_POINT('Origin',(3.19999999999996,22.9660026811238,6.27819403980467));
#13119=CARTESIAN_POINT('',(3.19999999999996,22.9457912942953,9.97318048540616));
#13120=CARTESIAN_POINT('Origin',(3.19999999999996,22.9457912942953,9.97318048540616));
#13121=CARTESIAN_POINT('Origin',(4.79999999999996,22.9660026811238,6.27819403980467));
#13122=CARTESIAN_POINT('',(4.79999999999996,22.9660026811238,6.27819403980467));
#13123=CARTESIAN_POINT('Origin',(4.79999999999996,22.9457912942953,9.97318048540616));
#13124=CARTESIAN_POINT('',(4.79999999999996,22.9457912942953,9.97318048540616));
#13125=CARTESIAN_POINT('Origin',(7.99999999999996,22.9356856008812,11.8206737082029));
#13126=CARTESIAN_POINT('Origin',(7.99999999999996,22.976108374538,4.43070081700393));
#13127=CARTESIAN_POINT('',(11.2,22.9660026811238,6.27819403980467));
#13128=CARTESIAN_POINT('Origin',(11.2,22.9660026811238,6.27819403980467));
#13129=CARTESIAN_POINT('',(11.2,22.9457912942953,9.97318048540616));
#13130=CARTESIAN_POINT('Origin',(11.2,22.9457912942953,9.97318048540616));
#13131=CARTESIAN_POINT('Origin',(14.26794919243,22.9723065887462,5.12573214210881));
#13132=CARTESIAN_POINT('',(12.53589838486,21.955911947544,8.12021739559319));
#13133=CARTESIAN_POINT('',(13.81022135628,21.9679849949751,5.91305828307111));
#13134=CARTESIAN_POINT('',(12.53589838486,22.9558969877096,8.12568726260542));
#13135=CARTESIAN_POINT('Origin',(12.53589838486,22.9558969877096,8.12568726260542));
#13136=CARTESIAN_POINT('',(12.53589838486,21.955911947544,8.12021739559319));
#13137=CARTESIAN_POINT('Origin',(24.,21.9996708836418,0.120337074268905));
#13138=CARTESIAN_POINT('',(13.69059892324,21.955911947544,8.12021739559319));
#13139=CARTESIAN_POINT('',(13.69059892324,21.955911947544,8.12021739559319));
#13140=CARTESIAN_POINT('',(14.84529946162,21.9449722135196,10.1201874759243));
#13141=CARTESIAN_POINT('',(14.84529946162,21.9449722135196,10.1201874759243));
#13142=CARTESIAN_POINT('',(17.15470053838,21.9449722135196,10.1201874759243));
#13143=CARTESIAN_POINT('',(17.15470053838,21.9449722135196,10.1201874759243));
#13144=CARTESIAN_POINT('',(18.30940107676,21.955911947544,8.12021739559319));
#13145=CARTESIAN_POINT('',(18.30940107676,21.955911947544,8.12021739559319));
#13146=CARTESIAN_POINT('',(17.15470053838,21.9668516815685,6.12024731526212));
#13147=CARTESIAN_POINT('',(18.75735931288,21.9626076860091,6.89612213276265));
#13148=CARTESIAN_POINT('',(18.75735931288,21.9626076860091,6.89612213276265));
#13149=CARTESIAN_POINT('',(18.75735931288,21.9492162090789,9.34431265842374));
#13150=CARTESIAN_POINT('',(18.75735931288,21.9492162090789,9.34431265842374));
#13151=CARTESIAN_POINT('',(17.73205080757,21.9395023465073,11.1201725160898));
#13152=CARTESIAN_POINT('Origin',(17.73205080757,22.9394873866729,11.125642383102));
#13153=CARTESIAN_POINT('',(17.75735931288,22.9397271616686,11.0818074218156));
#13154=CARTESIAN_POINT('Origin',(21.87867965644,18.9467705721702,-12.3965491349821));
#13155=CARTESIAN_POINT('',(18.75735931288,22.0367340812745,-6.65544798422484));
#13156=CARTESIAN_POINT('',(18.30940107676,22.4804416204541,-5.87712289474571));
#13157=CARTESIAN_POINT('',(18.75735931288,22.0501255582047,-9.10363850988593));
#13158=CARTESIAN_POINT('',(18.75735931288,22.0501255582047,-9.10363850988593));
#13159=CARTESIAN_POINT('',(17.75735931288,23.0595846859461,-10.8301935392533));
#13160=CARTESIAN_POINT('Origin',(21.87867965644,18.9467705721702,-12.3965491349821));
#13161=CARTESIAN_POINT('',(18.30940107676,22.4148032163074,6.12269758724073));
#13162=CARTESIAN_POINT('Origin',(17.73205080757,23.0598244609418,-10.8740285005398));
#13163=CARTESIAN_POINT('',(17.73205080757,22.0598394207762,-10.879498367552));
#13164=CARTESIAN_POINT('Origin',(24.,21.9996708836418,0.120337074268905));
#13165=CARTESIAN_POINT('',(13.81022135628,22.0313567723085,-5.67238413453331));
#13166=CARTESIAN_POINT('',(13.81022135628,22.0313567723085,-5.67238413453331));
#13167=CARTESIAN_POINT('',(12.53589838486,22.0434298197396,-7.87954324705539));
#13168=CARTESIAN_POINT('',(13.81022135628,22.0313567723085,-5.67238413453331));
#13169=CARTESIAN_POINT('',(12.53589838486,22.0434298197396,-7.87954324705539));
#13170=CARTESIAN_POINT('',(18.75735931288,22.0367340812745,-6.65544798422484));
#13171=CARTESIAN_POINT('',(18.30940107676,22.0434298197396,-7.87954324705538));
#13172=CARTESIAN_POINT('',(17.15470053838,22.0324900857151,-5.87957316672431));
#13173=CARTESIAN_POINT('',(17.15470053838,22.054369553764,-9.87951332738646));
#13174=CARTESIAN_POINT('',(18.30940107676,22.0434298197396,-7.87954324705538));
#13175=CARTESIAN_POINT('',(14.84529946162,22.054369553764,-9.87951332738646));
#13176=CARTESIAN_POINT('',(17.15470053838,22.054369553764,-9.87951332738646));
#13177=CARTESIAN_POINT('',(13.69059892324,22.0434298197396,-7.87954324705539));
#13178=CARTESIAN_POINT('',(14.84529946162,22.054369553764,-9.87951332738646));
#13179=CARTESIAN_POINT('',(13.69059892324,22.0434298197396,-7.87954324705539));
#13180=CARTESIAN_POINT('Origin',(9.91911218140596,23.0242703253623,-4.37412573946378));
#13181=CARTESIAN_POINT('',(13.81022135628,23.031341812474,-5.66691426752108));
#13182=CARTESIAN_POINT('Origin',(12.9436508139,16.5298641939097,-5.41455757726771));
#13183=CARTESIAN_POINT('Origin',(12.9436508139,16.7463894663125,-44.9990726553624));
#13184=CARTESIAN_POINT('',(16.47918471983,20.0680533797327,-5.8903185350089));
#13185=CARTESIAN_POINT('Origin',(12.9436508139,16.5241003247809,-4.36082393265998));
#13186=CARTESIAN_POINT('Origin',(21.,15.5418358631987,-4.91506175321271));
#13187=CARTESIAN_POINT('',(18.51961760512,18.0221811519687,-4.90149439137326));
#13188=CARTESIAN_POINT('Origin',(14.98408369919,14.2127144983984,45.1684173702358));
#13189=CARTESIAN_POINT('',(19.83549374218,15.6965665751583,-4.91421538413405));
#13190=CARTESIAN_POINT('Origin',(19.5,17.0472832904592,-5.90684199285992));
#13191=CARTESIAN_POINT('Origin',(14.59560644436,23.0270052588684,-4.87411825954655));
#13192=CARTESIAN_POINT('Origin',(14.26794919243,23.0270052588684,-4.87411825954655));
#13193=CARTESIAN_POINT('',(12.53589838486,23.0434148599051,-7.87407338004316));
#13194=CARTESIAN_POINT('Origin',(12.53589838486,23.0434148599051,-7.87407338004316));
#13195=CARTESIAN_POINT('Origin',(13.69059892324,24.0433999000707,-7.86860351303094));
#13196=CARTESIAN_POINT('',(13.69059892324,24.0433999000707,-7.86860351303094));
#13197=CARTESIAN_POINT('',(13.69059892324,24.0433999000707,-7.86860351303094));
#13198=CARTESIAN_POINT('',(13.69059892324,24.0433999000707,-7.86860351303094));
#13199=CARTESIAN_POINT('Origin',(24.,23.9996409639729,0.131276808293351));
#13200=CARTESIAN_POINT('',(14.84529946162,24.0543396340951,-9.86857359336201));
#13201=CARTESIAN_POINT('',(14.84529946162,24.0543396340951,-9.86857359336201));
#13202=CARTESIAN_POINT('',(17.15470053838,24.0543396340951,-9.86857359336201));
#13203=CARTESIAN_POINT('',(17.15470053838,24.0543396340951,-9.86857359336201));
#13204=CARTESIAN_POINT('',(18.30940107676,24.0433999000707,-7.86860351303094));
#13205=CARTESIAN_POINT('',(18.30940107676,24.0433999000707,-7.86860351303094));
#13206=CARTESIAN_POINT('',(17.15470053838,24.0324601660462,-5.86863343269987));
#13207=CARTESIAN_POINT('',(17.05,24.0433999000707,-7.86860351303094));
#13208=CARTESIAN_POINT('Origin',(16.,24.0433999000707,-7.86860351303094));
#13209=CARTESIAN_POINT('Origin',(14.84529946162,24.0543396340951,-9.86857359336201));
#13210=CARTESIAN_POINT('',(14.84529946162,22.054369553764,-9.87951332738646));
#13211=CARTESIAN_POINT('Origin',(17.15470053838,24.0543396340951,-9.86857359336201));
#13212=CARTESIAN_POINT('',(17.15470053838,24.0543396340951,-9.86857359336201));
#13213=CARTESIAN_POINT('Origin',(18.30940107676,24.0433999000707,-7.86860351303094));
#13214=CARTESIAN_POINT('',(18.30940107676,24.0433999000707,-7.86860351303094));
#13215=CARTESIAN_POINT('Origin',(17.15470053838,24.0324601660462,-5.86863343269987));
#13216=CARTESIAN_POINT('Origin',(16.,26.0433699804017,-7.85766377900649));
#13217=CARTESIAN_POINT('',(17.05,26.0433699804017,-7.85766377900649));
#13218=CARTESIAN_POINT('',(17.05,26.0433699804017,-7.85766377900649));
#13219=CARTESIAN_POINT('Origin',(16.,26.0433699804018,-7.85766377900649));
#13220=CARTESIAN_POINT('Origin',(19.46410161514,23.0434148599051,-7.87407338004316));
#13221=CARTESIAN_POINT('Origin',(19.46410161514,22.9558969877096,8.12568726260542));
#13222=CARTESIAN_POINT('Origin',(17.15470053838,23.9668217618995,6.13118704928657));
#13223=CARTESIAN_POINT('',(18.30940107676,23.9558820278751,8.13115712961764));
#13224=CARTESIAN_POINT('',(18.30940107676,21.955911947544,8.12021739559319));
#13225=CARTESIAN_POINT('',(17.15470053838,23.9668217618995,6.13118704928657));
#13226=CARTESIAN_POINT('Origin',(24.,23.9996409639729,0.131276808293351));
#13227=CARTESIAN_POINT('',(14.84529946162,23.9449422938506,10.1311272099487));
#13228=CARTESIAN_POINT('',(13.69059892324,23.9558820278751,8.13115712961764));
#13229=CARTESIAN_POINT('',(14.84529946162,23.9449422938506,10.1311272099487));
#13230=CARTESIAN_POINT('',(13.69059892324,23.9558820278751,8.13115712961764));
#13231=CARTESIAN_POINT('',(17.15470053838,23.9449422938506,10.1311272099487));
#13232=CARTESIAN_POINT('',(18.30940107676,23.9558820278751,8.13115712961764));
#13233=CARTESIAN_POINT('',(17.15470053838,23.9449422938506,10.1311272099487));
#13234=CARTESIAN_POINT('',(17.05,23.9558820278751,8.13115712961764));
#13235=CARTESIAN_POINT('Origin',(16.,23.9558820278751,8.13115712961764));
#13236=CARTESIAN_POINT('Origin',(14.84529946162,23.9449422938506,10.1311272099487));
#13237=CARTESIAN_POINT('',(13.69059892324,21.955911947544,8.12021739559319));
#13238=CARTESIAN_POINT('',(14.84529946162,23.9449422938506,10.1311272099487));
#13239=CARTESIAN_POINT('Origin',(13.69059892324,23.9558820278751,8.13115712961764));
#13240=CARTESIAN_POINT('Origin',(17.15470053838,23.9449422938506,10.1311272099487));
#13241=CARTESIAN_POINT('',(17.15470053838,21.9449722135196,10.1201874759243));
#13242=CARTESIAN_POINT('Origin',(18.30940107676,23.9558820278751,8.13115712961764));
#13243=CARTESIAN_POINT('Origin',(16.,25.9558521082062,8.14209686364208));
#13244=CARTESIAN_POINT('',(17.05,25.9558521082062,8.14209686364208));
#13245=CARTESIAN_POINT('',(17.05,25.9558521082062,8.14209686364208));
#13246=CARTESIAN_POINT('Origin',(16.,25.9558521082062,8.14209686364208));
#13247=CARTESIAN_POINT('Origin',(11.2,22.9895502303931,1.97330016408187));
#13248=CARTESIAN_POINT('',(11.2,22.9895502303931,1.97330016408187));
#13249=CARTESIAN_POINT('Origin',(11.2,23.0097616172215,-1.72168628151962));
#13250=CARTESIAN_POINT('',(11.2,23.0097616172215,-1.72168628151962));
#13251=CARTESIAN_POINT('Origin',(7.99999999999996,23.0198673106357,-3.56917950432036));
#13252=CARTESIAN_POINT('Origin',(7.99999999999996,22.9794445369789,3.82079338688262));
#13253=CARTESIAN_POINT('Origin',(-6.00000000000004,23.0059719821912,-1.02887632296896));
#13254=CARTESIAN_POINT('',(-6.00000000000004,23.993324905589,1.28596007254344));
#13255=CARTESIAN_POINT('',(-6.00000000000004,23.993324905589,1.28596007254344));
#13256=CARTESIAN_POINT('',(-6.00000000000004,24.0059570223567,-1.02340645595674));
#13257=CARTESIAN_POINT('',(-6.00000000000004,24.0059570223567,-1.02340645595674));
#13258=CARTESIAN_POINT('',(-6.00000000000004,24.0059570223567,-1.02340645595674));
#13259=CARTESIAN_POINT('',(-6.00000000000004,23.0135512522519,-2.41449624006927));
#13260=CARTESIAN_POINT('',(-6.00000000000004,22.9857605953628,2.66611012263152));
#13261=CARTESIAN_POINT('Origin',(-6.00000000000004,22.9933398654235,1.28049020553122));
#13262=CARTESIAN_POINT('',(-8.00000000000004,23.9870088472051,2.44064333679453));
#13263=CARTESIAN_POINT('',(-8.00000000000004,23.9870088472051,2.44064333679453));
#13264=CARTESIAN_POINT('',(-6.00000000000004,23.993324905589,1.28596007254344));
#13265=CARTESIAN_POINT('Origin',(-24.,23.9996409639729,0.131276808293347));
#13266=CARTESIAN_POINT('',(-10.,24.0059570223567,-1.02340645595674));
#13267=CARTESIAN_POINT('',(-8.00000000000004,24.0122730807406,-2.17808972020783));
#13268=CARTESIAN_POINT('',(-10.,24.0059570223567,-1.02340645595674));
#13269=CARTESIAN_POINT('',(-8.00000000000004,24.0122730807406,-2.17808972020783));
#13270=CARTESIAN_POINT('',(-10.,23.993324905589,1.28596007254344));
#13271=CARTESIAN_POINT('',(-8.00000000000004,23.9870088472051,2.44064333679453));
#13272=CARTESIAN_POINT('',(-10.,23.993324905589,1.28596007254344));
#13273=CARTESIAN_POINT('',(-8.00000000000004,24.0053843243357,-0.918707483880465));
#13274=CARTESIAN_POINT('Origin',(-8.00000000000004,23.9996409639729,0.131276808293348));
#13275=CARTESIAN_POINT('Origin',(-10.,23.0059719821912,-1.02887632296897));
#13276=CARTESIAN_POINT('',(-8.00000000000004,24.0122730807406,-2.17808972020783));
#13277=CARTESIAN_POINT('',(-10.,22.0059869420257,-1.03434618998119));
#13278=CARTESIAN_POINT('Origin',(-8.00000000000004,23.0122880405751,-2.18355958722006));
#13279=CARTESIAN_POINT('Origin',(-10.,22.9933398654235,1.28049020553122));
#13280=CARTESIAN_POINT('',(-10.,23.993324905589,1.28596007254344));
#13281=CARTESIAN_POINT('Origin',(-8.00000000000004,22.9870238070396,2.43517346978231));
#13282=CARTESIAN_POINT('Origin',(-8.00000000000004,25.9996110443039,0.142216542317794));
#13283=CARTESIAN_POINT('',(-8.00000000000004,26.0053544046669,-0.907767749856018));
#13284=CARTESIAN_POINT('',(-8.00000000000004,26.0053544046668,-0.907767749856019));
#13285=CARTESIAN_POINT('Origin',(-8.00000000000004,25.999611044304,0.142216542317795));
#13286=CARTESIAN_POINT('Origin',(-4.80000000000004,22.9895502303931,1.97330016408187));
#13287=CARTESIAN_POINT('Origin',(-8.00000000000004,23.0198673106357,-3.56917950432036));
#13288=CARTESIAN_POINT('Origin',(-8.00000000000004,22.9794445369789,3.82079338688261));
#13289=CARTESIAN_POINT('',(-11.2,22.9895502303931,1.97330016408187));
#13290=CARTESIAN_POINT('Origin',(-11.2,22.9895502303931,1.97330016408187));
#13291=CARTESIAN_POINT('',(-11.2,23.0097616172215,-1.72168628151962));
#13292=CARTESIAN_POINT('Origin',(-11.2,23.0097616172215,-1.72168628151962));
#13293=CARTESIAN_POINT('Origin',(-14.59560644436,22.9723065887462,5.1257321421088));
#13294=CARTESIAN_POINT('Origin',(-12.9436508139,16.4754060006818,4.54132954406333));
#13295=CARTESIAN_POINT('Origin',(-12.9436508139,16.2531168591502,45.1795782667657));
#13296=CARTESIAN_POINT('Origin',(-19.,26.0679843819567,-12.3575964597514));
#13297=CARTESIAN_POINT('Origin',(-19.,26.0679843819567,-12.3575964597514));
#13298=CARTESIAN_POINT('Origin',(-19.,25.9722617092428,5.14214174314547));
#13299=CARTESIAN_POINT('',(-19.,22.9936390700939,1.22579048546321));
#13300=CARTESIAN_POINT('Origin',(-19.,25.9722617092428,5.14214174314547));
#13301=CARTESIAN_POINT('',(-19.,25.9749966427489,4.64214922306271));
#13302=CARTESIAN_POINT('Origin',(-18.,22.9052026004386,1.22530674249845));
#13303=CARTESIAN_POINT('',(-18.,25.9881243235783,2.24218512666542));
#13304=CARTESIAN_POINT('',(-18.,22.9881692030817,2.22577552562875));
#13305=CARTESIAN_POINT('Origin',(-18.,25.9935941905906,1.24220008649988));
#13306=CARTESIAN_POINT('Origin',(-17.8,25.9881243235783,2.24218512666542));
#13307=CARTESIAN_POINT('',(-17.7,25.9881243235783,2.24218512666542));
#13308=CARTESIAN_POINT('',(-17.7,25.9881243235783,2.24218512666542));
#13309=CARTESIAN_POINT('',(-8.90000000000004,25.9881243235784,2.24218512666542));
#13310=CARTESIAN_POINT('Origin',(-17.7,25.9914062437856,1.6421941025661));
#13311=CARTESIAN_POINT('',(-17.7,25.9946881639929,1.04220307846678));
#13312=CARTESIAN_POINT('Origin',(-17.7,25.9914062437857,1.6421941025661));
#13313=CARTESIAN_POINT('',(-17.7,25.9946881639929,1.04220307846678));
#13314=CARTESIAN_POINT('Origin',(-17.8,25.9946881639929,1.04220307846678));
#13315=CARTESIAN_POINT('',(-17.8,25.9946881639929,1.04220307846678));
#13316=CARTESIAN_POINT('',(-17.8,22.9947330434963,1.02579347743011));
#13317=CARTESIAN_POINT('',(-8.90000000000004,25.994688163993,1.04220307846678));
#13318=CARTESIAN_POINT('Origin',(-17.8,26.0187555788467,-3.35773109826158));
#13319=CARTESIAN_POINT('',(-17.8,26.0154736586394,-2.75774007416226));
#13320=CARTESIAN_POINT('',(-17.8,26.0154736586394,-2.75774007416226));
#13321=CARTESIAN_POINT('',(-17.8,26.0091833115754,-1.60775727797189));
#13322=CARTESIAN_POINT('Origin',(-17.2,26.1189749657938,-2.75717392730707));
#13323=CARTESIAN_POINT('',(-17.2,26.0187555788467,-3.35773109826158));
#13324=CARTESIAN_POINT('',(-17.2,26.0187555788467,-3.35773109826158));
#13325=CARTESIAN_POINT('Origin',(-17.2,26.0154736586395,-2.75774007416226));
#13326=CARTESIAN_POINT('Origin',(-14.8,26.0187555788467,-3.35773109826158));
#13327=CARTESIAN_POINT('',(-15.4,26.0187555788467,-3.35773109826158));
#13328=CARTESIAN_POINT('',(-15.4,26.0187555788467,-3.35773109826158));
#13329=CARTESIAN_POINT('',(-7.40000000000004,26.0187555788468,-3.35773109826158));
#13330=CARTESIAN_POINT('Origin',(-15.4,26.1189749657938,-2.75717392730707));
#13331=CARTESIAN_POINT('',(-14.8,26.0154736586394,-2.75774007416226));
#13332=CARTESIAN_POINT('',(-14.8,26.0154736586394,-2.75774007416226));
#13333=CARTESIAN_POINT('Origin',(-15.4,26.0154736586395,-2.75774007416226));
#13334=CARTESIAN_POINT('Origin',(-14.8,25.9804665097612,3.64216418289717));
#13335=CARTESIAN_POINT('',(-14.8,25.9914062437856,1.6421941025661));
#13336=CARTESIAN_POINT('',(-14.8,25.9914062437856,1.6421941025661));
#13337=CARTESIAN_POINT('',(-14.8,25.9900387770326,1.89219036260748));
#13338=CARTESIAN_POINT('Origin',(-16.8,74.2238846830979,1.90602329214005));
#13339=CARTESIAN_POINT('',(-16.8,25.9804665097612,3.64216418289717));
#13340=CARTESIAN_POINT('',(-16.8,25.9804665097612,3.64216418289717));
#13341=CARTESIAN_POINT('Origin',(-16.8,25.9914062437857,1.6421941025661));
#13342=CARTESIAN_POINT('Origin',(-17.8,25.9804665097612,3.64216418289717));
#13343=CARTESIAN_POINT('',(-18.,25.9804665097612,3.64216418289717));
#13344=CARTESIAN_POINT('',(-18.,25.9804665097612,3.64216418289717));
#13345=CARTESIAN_POINT('',(-8.90000000000004,25.9804665097612,3.64216418289717));
#13346=CARTESIAN_POINT('Origin',(-18.,26.0784979499034,4.64271536991789));
#13347=CARTESIAN_POINT('Origin',(-18.,25.974996642749,4.64214922306271));
#13348=CARTESIAN_POINT('Origin',(19.,26.0269603793651,-4.85770865850988));
#13349=CARTESIAN_POINT('',(19.,25.9935941905905,1.24220008649989));
#13350=CARTESIAN_POINT('',(19.,25.9935941905905,1.24220008649989));
#13351=CARTESIAN_POINT('',(18.9999999999996,25.9654243754776,6.39212304335242));
#13352=CARTESIAN_POINT('Origin',(19.,26.0269603793651,-4.85770865850988));
#13353=CARTESIAN_POINT('',(19.,25.9749966427489,4.64214922306271));
#13354=CARTESIAN_POINT('',(19.,22.9750415222523,4.62573962202604));
#13355=CARTESIAN_POINT('',(18.9999999999996,25.9654243754776,6.39212304335242));
#13356=CARTESIAN_POINT('Origin',(18.,26.0970954977449,1.24276623335508));
#13357=CARTESIAN_POINT('',(18.,25.9881243235783,2.24218512666542));
#13358=CARTESIAN_POINT('',(18.,25.9881243235783,2.24218512666542));
#13359=CARTESIAN_POINT('Origin',(18.,25.9935941905906,1.24220008649989));
#13360=CARTESIAN_POINT('Origin',(19.,25.9881243235783,2.24218512666542));
#13361=CARTESIAN_POINT('',(17.7,25.9881243235783,2.24218512666542));
#13362=CARTESIAN_POINT('',(9.49999999999996,25.9881243235784,2.24218512666542));
#13363=CARTESIAN_POINT('',(17.7,25.9881243235783,2.24218512666542));
#13364=CARTESIAN_POINT('Origin',(17.7,25.9914062437856,1.6421941025661));
#13365=CARTESIAN_POINT('',(17.7,25.9946881639929,1.04220307846678));
#13366=CARTESIAN_POINT('Origin',(17.7,25.9914062437857,1.6421941025661));
#13367=CARTESIAN_POINT('',(17.7,25.9946881639929,1.04220307846678));
#13368=CARTESIAN_POINT('Origin',(17.7,25.9946881639929,1.04220307846678));
#13369=CARTESIAN_POINT('',(17.8,25.9946881639929,1.04220307846678));
#13370=CARTESIAN_POINT('',(17.8,22.9947330434963,1.02579347743011));
#13371=CARTESIAN_POINT('',(8.84999999999996,25.994688163993,1.04220307846678));
#13372=CARTESIAN_POINT('Origin',(17.8,25.9804665097612,3.64216418289717));
#13373=CARTESIAN_POINT('',(17.8,26.0154736586394,-2.75774007416226));
#13374=CARTESIAN_POINT('',(17.8,26.0154736586394,-2.75774007416226));
#13375=CARTESIAN_POINT('',(17.8,25.9900387770326,1.89219036260749));
#13376=CARTESIAN_POINT('Origin',(17.2,26.1189749657938,-2.75717392730707));
#13377=CARTESIAN_POINT('',(17.2,26.0187555788467,-3.35773109826158));
#13378=CARTESIAN_POINT('',(17.2,26.0187555788467,-3.35773109826158));
#13379=CARTESIAN_POINT('Origin',(17.2,26.0154736586395,-2.75774007416226));
#13380=CARTESIAN_POINT('Origin',(17.8,26.0187555788467,-3.35773109826158));
#13381=CARTESIAN_POINT('',(15.4,26.0187555788467,-3.35773109826158));
#13382=CARTESIAN_POINT('',(15.4,26.0187555788467,-3.35773109826158));
#13383=CARTESIAN_POINT('',(8.89999999999996,26.0187555788468,-3.35773109826158));
#13384=CARTESIAN_POINT('Origin',(15.4,26.1189749657938,-2.75717392730707));
#13385=CARTESIAN_POINT('',(14.8,26.0154736586394,-2.75774007416226));
#13386=CARTESIAN_POINT('',(14.8,26.0154736586394,-2.75774007416226));
#13387=CARTESIAN_POINT('Origin',(15.4,26.0154736586395,-2.75774007416226));
#13388=CARTESIAN_POINT('Origin',(14.8,26.0187555788467,-3.35773109826158));
#13389=CARTESIAN_POINT('',(14.8,25.9914062437856,1.6421941025661));
#13390=CARTESIAN_POINT('',(14.8,25.9914062437856,1.6421941025661));
#13391=CARTESIAN_POINT('',(14.8,26.0091833115754,-1.60775727797189));
#13392=CARTESIAN_POINT('Origin',(16.8,74.2238846830979,1.90602329214005));
#13393=CARTESIAN_POINT('',(16.8,25.9804665097612,3.64216418289717));
#13394=CARTESIAN_POINT('',(16.8,25.9804665097612,3.64216418289717));
#13395=CARTESIAN_POINT('Origin',(16.8,25.9914062437857,1.6421941025661));
#13396=CARTESIAN_POINT('Origin',(14.8,25.9804665097612,3.64216418289717));
#13397=CARTESIAN_POINT('',(18.,25.9804665097612,3.64216418289717));
#13398=CARTESIAN_POINT('',(7.39999999999996,25.9804665097612,3.64216418289717));
#13399=CARTESIAN_POINT('',(18.,22.9805113892646,3.6257545818605));
#13400=CARTESIAN_POINT('Origin',(18.,22.8866050525971,4.62525587906128));
#13401=CARTESIAN_POINT('Origin',(18.,25.974996642749,4.64214922306271));
#13402=CARTESIAN_POINT('Origin',(24.,21.068059181129,-12.3849457948125));
#13403=CARTESIAN_POINT('',(18.9999999999996,25.9654243754776,6.39212304335242));
#13404=CARTESIAN_POINT('Origin',(24.,21.068059181129,-12.3849457948125));
#13405=CARTESIAN_POINT('',(18.9999999999996,25.9654243754776,6.39212304335242));
#13406=CARTESIAN_POINT('Origin',(-24.,21.9996708836418,0.120337074268901));
#13407=CARTESIAN_POINT('',(-12.53589838486,21.955911947544,8.12021739559319));
#13408=CARTESIAN_POINT('',(-13.81022135628,21.9679849949751,5.91305828307111));
#13409=CARTESIAN_POINT('',(-12.53589838486,21.955911947544,8.12021739559319));
#13410=CARTESIAN_POINT('',(-18.75735931288,21.9626076860091,6.89612213276264));
#13411=CARTESIAN_POINT('',(-18.30940107676,21.955911947544,8.12021739559319));
#13412=CARTESIAN_POINT('',(-17.15470053838,21.9668516815685,6.12024731526212));
#13413=CARTESIAN_POINT('',(-17.15470053838,21.9449722135196,10.1201874759243));
#13414=CARTESIAN_POINT('',(-18.30940107676,21.955911947544,8.12021739559319));
#13415=CARTESIAN_POINT('',(-14.84529946162,21.9449722135196,10.1201874759243));
#13416=CARTESIAN_POINT('',(-17.15470053838,21.9449722135196,10.1201874759243));
#13417=CARTESIAN_POINT('',(-13.69059892324,21.955911947544,8.12021739559319));
#13418=CARTESIAN_POINT('',(-14.84529946162,21.9449722135196,10.1201874759243));
#13419=CARTESIAN_POINT('',(-13.69059892324,21.955911947544,8.12021739559319));
#13420=CARTESIAN_POINT('Origin',(-13.69059892324,23.9558820278751,8.13115712961764));
#13421=CARTESIAN_POINT('',(-13.69059892324,23.9558820278751,8.13115712961764));
#13422=CARTESIAN_POINT('',(-13.69059892324,23.9558820278751,8.13115712961764));
#13423=CARTESIAN_POINT('',(-13.69059892324,23.9558820278751,8.13115712961764));
#13424=CARTESIAN_POINT('Origin',(-24.,23.9996409639729,0.131276808293347));
#13425=CARTESIAN_POINT('',(-14.84529946162,23.9449422938506,10.1311272099487));
#13426=CARTESIAN_POINT('',(-14.84529946162,23.9449422938506,10.1311272099487));
#13427=CARTESIAN_POINT('',(-17.15470053838,23.9449422938506,10.1311272099487));
#13428=CARTESIAN_POINT('',(-17.15470053838,23.9449422938506,10.1311272099487));
#13429=CARTESIAN_POINT('',(-18.30940107676,23.9558820278751,8.13115712961764));
#13430=CARTESIAN_POINT('',(-18.30940107676,23.9558820278751,8.13115712961764));
#13431=CARTESIAN_POINT('',(-17.15470053838,23.9668217618995,6.13118704928656));
#13432=CARTESIAN_POINT('',(-14.95,23.9558820278751,8.13115712961764));
#13433=CARTESIAN_POINT('Origin',(-16.,23.9558820278751,8.13115712961764));
#13434=CARTESIAN_POINT('Origin',(-14.84529946162,23.9449422938506,10.1311272099487));
#13435=CARTESIAN_POINT('',(-14.84529946162,21.9449722135196,10.1201874759243));
#13436=CARTESIAN_POINT('Origin',(-17.15470053838,23.9449422938506,10.1311272099487));
#13437=CARTESIAN_POINT('',(-17.15470053838,23.9449422938506,10.1311272099487));
#13438=CARTESIAN_POINT('Origin',(-18.30940107676,23.9558820278751,8.13115712961764));
#13439=CARTESIAN_POINT('',(-18.30940107676,23.9558820278751,8.13115712961764));
#13440=CARTESIAN_POINT('Origin',(-17.15470053838,23.9668217618995,6.13118704928656));
#13441=CARTESIAN_POINT('Origin',(-16.,25.9558521082062,8.14209686364208));
#13442=CARTESIAN_POINT('',(-14.95,25.9558521082062,8.14209686364208));
#13443=CARTESIAN_POINT('',(-14.95,25.9558521082062,8.14209686364208));
#13444=CARTESIAN_POINT('Origin',(-16.,25.9558521082062,8.14209686364208));
#13445=CARTESIAN_POINT('Origin',(-19.46410161514,22.9558969877095,8.12568726260541));
#13446=CARTESIAN_POINT('Origin',(-12.53589838486,22.9558969877095,8.12568726260541));
#13447=CARTESIAN_POINT('',(-12.53589838486,22.9558969877095,8.12568726260541));
#13448=CARTESIAN_POINT('Origin',(-14.26794919243,22.9723065887462,5.12573214210881));
#13449=CARTESIAN_POINT('Origin',(-11.2,23.0535205533193,-9.72156660284391));
#13450=CARTESIAN_POINT('',(-11.2,23.0535205533193,-9.72156660284391));
#13451=CARTESIAN_POINT('Origin',(-11.2,23.0333091664909,-6.02658015724242));
#13452=CARTESIAN_POINT('',(-11.2,23.0333091664909,-6.02658015724242));
#13453=CARTESIAN_POINT('Origin',(-8.00000000000004,23.0232034730767,-4.17908693444167));
#13454=CARTESIAN_POINT('Origin',(-8.00000000000004,23.0636262467335,-11.5690598256406));
#13455=CARTESIAN_POINT('',(-4.80000000000004,23.0535205533193,-9.72156660284391));
#13456=CARTESIAN_POINT('Origin',(-4.80000000000004,23.0535205533193,-9.72156660284391));
#13457=CARTESIAN_POINT('',(-4.80000000000004,23.0333091664909,-6.02658015724242));
#13458=CARTESIAN_POINT('Origin',(-4.80000000000004,23.0333091664909,-6.02658015724242));
#13459=CARTESIAN_POINT('Origin',(-3.20000000000004,23.0535205533193,-9.72156660284391));
#13460=CARTESIAN_POINT('Origin',(-4.05937315972912E-14,23.0636262467335,
-11.5690598256406));
#13461=CARTESIAN_POINT('',(3.19999999999996,23.0535205533193,-9.72156660284391));
#13462=CARTESIAN_POINT('Origin',(3.19999999999996,23.0535205533193,-9.72156660284391));
#13463=CARTESIAN_POINT('',(3.19999999999996,23.0333091664909,-6.02658015724242));
#13464=CARTESIAN_POINT('Origin',(3.19999999999996,23.0333091664909,-6.02658015724242));
#13465=CARTESIAN_POINT('Origin',(4.79999999999996,23.0535205533193,-9.72156660284391));
#13466=CARTESIAN_POINT('',(4.79999999999996,23.0535205533193,-9.72156660284391));
#13467=CARTESIAN_POINT('Origin',(4.79999999999996,23.0333091664909,-6.02658015724242));
#13468=CARTESIAN_POINT('',(4.79999999999996,23.0333091664909,-6.02658015724242));
#13469=CARTESIAN_POINT('Origin',(7.99999999999996,23.0232034730767,-4.17908693444167));
#13470=CARTESIAN_POINT('Origin',(7.99999999999996,23.0636262467335,-11.5690598256406));
#13471=CARTESIAN_POINT('',(11.2,23.0535205533193,-9.72156660284391));
#13472=CARTESIAN_POINT('Origin',(11.2,23.0535205533193,-9.72156660284391));
#13473=CARTESIAN_POINT('',(11.2,23.0333091664909,-6.02658015724242));
#13474=CARTESIAN_POINT('Origin',(11.2,23.0333091664909,-6.02658015724242));
#13475=CARTESIAN_POINT('Origin',(-4.19376168767229E-14,25.9996110443039,
0.142216542317795));
#13476=CARTESIAN_POINT('Origin',(-4.19376168767229E-14,25.999611044304,
0.142216542317795));
#13477=CARTESIAN_POINT('Origin',(-4.18239868003642E-14,24.4996334840556,
0.13401174179946));
#13478=CARTESIAN_POINT('Origin',(-4.19376168767229E-14,25.9996110443039,
0.142216542317795));
#13479=CARTESIAN_POINT('Origin',(-4.18239868003642E-14,24.4996334840556,
0.13401174179946));
#13480=CARTESIAN_POINT('Origin',(-4.19376168767229E-14,25.999611044304,
0.142216542317795));
#13481=CARTESIAN_POINT('Origin',(-24.,24.4996334840556,0.134011741799458));
#13482=CARTESIAN_POINT('Origin',(-24.,24.4996334840556,0.134011741799458));
#13483=CARTESIAN_POINT('Origin',(-4.45000000000004,21.4098517239352,-2.38292660650624));
#13484=CARTESIAN_POINT('',(-4.95000000000004,26.0132857118345,-2.35774605809605));
#13485=CARTESIAN_POINT('Origin',(-4.45000000000004,26.0132857118346,-2.35774605809604));
#13486=CARTESIAN_POINT('',(-4.95000000000004,21.5133530310896,-2.38236045965105));
#13487=CARTESIAN_POINT('Origin',(-4.95000000000004,21.4832687625224,3.1175572612594));
#13488=CARTESIAN_POINT('',(-4.95000000000004,25.9859363767734,2.64217914273163));
#13489=CARTESIAN_POINT('',(-4.95000000000004,25.9914062437857,1.6421941025661));
#13490=CARTESIAN_POINT('',(-4.95000000000004,21.4860036960285,2.61756474117663));
#13491=CARTESIAN_POINT('Origin',(-4.45000000000004,21.3825023888741,2.61699859432144));
#13492=CARTESIAN_POINT('Origin',(-4.45000000000004,25.9859363767735,2.64217914273163));
#13493=CARTESIAN_POINT('Origin',(-4.19376168767229E-14,25.999611044304,
0.142216542317796));
#13494=CARTESIAN_POINT('',(18.9999999999996,25.9654243754776,6.39212304335242));
#13495=CARTESIAN_POINT('Origin',(-4.19376168767229E-14,25.999611044304,
0.142216542317796));
#13496=CARTESIAN_POINT('Origin',(-4.19376168767229E-14,25.999611044304,
0.142216542317796));
#13497=CARTESIAN_POINT('Origin',(-4.19376168767229E-14,25.999611044304,
0.142216542317796));
#13498=CARTESIAN_POINT('Origin',(-4.19376168767229E-14,25.999611044304,
0.142216542317796));
#13499=CARTESIAN_POINT('Origin',(-4.19376168767229E-14,25.999611044304,
0.142216542317796));
#13500=CARTESIAN_POINT('Origin',(-4.19376168767229E-14,25.999611044304,
0.142216542317796));
#13501=CARTESIAN_POINT('Origin',(-4.19376168767229E-14,25.999611044304,
0.142216542317796));
#13502=CARTESIAN_POINT('Origin',(-4.19376168767229E-14,25.999611044304,
0.142216542317796));
#13503=CARTESIAN_POINT('Origin',(-4.19376168767229E-14,25.999611044304,
0.142216542317796));
#13504=CARTESIAN_POINT('Origin',(-4.19376168767229E-14,25.999611044304,
0.142216542317796));
#13505=CARTESIAN_POINT('Origin',(-4.19376168767229E-14,25.999611044304,
0.142216542317796));
#13506=CARTESIAN_POINT('Origin',(-4.19376168767229E-14,25.999611044304,
0.142216542317796));
#13507=CARTESIAN_POINT('Origin',(-4.19376168767229E-14,25.999611044304,
0.142216542317796));
#13508=CARTESIAN_POINT('Origin',(-4.19376168767229E-14,25.999611044304,
0.142216542317796));
#13509=CARTESIAN_POINT('Origin',(18.9999999999997,25.9312377066514,12.642029544387));
#13510=CARTESIAN_POINT('',(24.,30.9311629074794,12.6693788794482));
#13511=CARTESIAN_POINT('Origin',(24.,25.9312377066512,12.642029544387));
#13512=CARTESIAN_POINT('Origin',(-8.5,50.699611044304,0.142216542317797));
#13513=CARTESIAN_POINT('',(-7.125,50.699611044304,0.142216542317798));
#13514=CARTESIAN_POINT('Origin',(5.49999999999996,43.999611044304,-6.05778345768221));
#13515=CARTESIAN_POINT('',(-5.50000000000004,30.799611044304,-6.05778345768221));
#13516=CARTESIAN_POINT('',(-5.50000000000004,46.149611044304,-6.05778345768221));
#13517=CARTESIAN_POINT('',(-5.90000000000004,30.799611044304,-6.05778345768221));
#13518=CARTESIAN_POINT('Origin',(-5.50000000000004,46.149611044304,5.9422165423178));
#13519=CARTESIAN_POINT('Origin',(-5.50000000000004,30.799611044304,5.9422165423178));
#13520=CARTESIAN_POINT('Origin',(-5.90000000000004,30.799611044304,0.142216542317795));
#13521=CARTESIAN_POINT('Origin',(-5.50000000000004,30.799611044304,-5.65778345768221));
#13522=CARTESIAN_POINT('Origin',(-5.50000000000004,46.149611044304,-5.65778345768221));
#13523=CARTESIAN_POINT('Origin',(-2.1094237467878E-14,59.499611044304,7.94221654231778));
#13524=CARTESIAN_POINT('',(-1.80000000000002,59.499611044304,7.94221654231778));
#13525=CARTESIAN_POINT('Origin',(-2.1094237467878E-14,59.499611044304,7.94221654231778));
#13526=CARTESIAN_POINT('',(-1.80000000000002,54.499611044304,7.94221654231778));
#13527=CARTESIAN_POINT('',(-1.80000000000002,59.499611044304,7.94221654231778));
#13528=CARTESIAN_POINT('Origin',(-2.1094237467878E-14,54.499611044304,7.94221654231778));
#13529=CARTESIAN_POINT('Origin',(-2.1094237467878E-14,54.499611044304,7.94221654231778));
#13530=CARTESIAN_POINT('Origin',(-1.17394070476988E-14,56.499611044304,
0.142216542317798));
#13531=CARTESIAN_POINT('',(17.5,61.499611044304,0.1422165423178));
#13532=CARTESIAN_POINT('Origin',(-1.17394070476988E-14,61.499611044304,
0.142216542317798));
#13533=CARTESIAN_POINT('',(27.5,51.499611044304,0.142216542317794));
#13534=CARTESIAN_POINT('',(22.5,56.499611044304,0.142216542317795));
#13535=CARTESIAN_POINT('Origin',(-1.17394070476988E-14,51.499611044304,
0.142216542317798));
#13536=CARTESIAN_POINT('Origin',(-1.17394070476988E-14,49.499611044304,
0.142216542317798));
#13537=CARTESIAN_POINT('',(27.5,49.499611044304,0.142216542317794));
#13538=CARTESIAN_POINT('',(27.5,49.499611044304,0.142216542317794));
#13539=CARTESIAN_POINT('Origin',(-1.17394070476988E-14,49.499611044304,
0.142216542317798));
#13540=CARTESIAN_POINT('Origin',(-2.1094237467878E-14,61.499611044304,0.142216542317788));
#13541=CARTESIAN_POINT('',(7.99999999999996,61.499611044304,-10.8577834576822));
#13542=CARTESIAN_POINT('',(7.99999999999996,61.499611044304,11.1422165423178));
#13543=CARTESIAN_POINT('',(7.99999999999996,61.499611044304,11.1422165423178));
#13544=CARTESIAN_POINT('',(-8.,61.499611044304,11.1422165423178));
#13545=CARTESIAN_POINT('',(-8.,61.499611044304,11.1422165423178));
#13546=CARTESIAN_POINT('',(-8.,61.499611044304,-10.8577834576822));
#13547=CARTESIAN_POINT('',(-8.,61.499611044304,-10.8577834576822));
#13548=CARTESIAN_POINT('',(7.99999999999996,61.499611044304,-10.8577834576822));
#13549=CARTESIAN_POINT('Origin',(-2.22044604925031E-14,49.499611044304,
0.142216542317788));
#13550=CARTESIAN_POINT('Origin',(-2.1094237467878E-14,59.499611044304,0.142216542317788));
#13551=CARTESIAN_POINT('',(7.99999999999996,59.499611044304,-10.8577834576822));
#13552=CARTESIAN_POINT('',(-8.,59.499611044304,-10.8577834576822));
#13553=CARTESIAN_POINT('',(7.99999999999996,59.499611044304,-10.8577834576822));
#13554=CARTESIAN_POINT('',(-8.,59.499611044304,11.1422165423178));
#13555=CARTESIAN_POINT('',(-8.,59.499611044304,-10.8577834576822));
#13556=CARTESIAN_POINT('',(7.99999999999996,59.499611044304,11.1422165423178));
#13557=CARTESIAN_POINT('',(-8.,59.499611044304,11.1422165423178));
#13558=CARTESIAN_POINT('',(7.99999999999996,59.499611044304,11.1422165423178));
#13559=CARTESIAN_POINT('Origin',(-8.,59.499611044304,-10.8577834576822));
#13560=CARTESIAN_POINT('',(7.99999999999996,59.499611044304,-10.8577834576822));
#13561=CARTESIAN_POINT('',(-8.,59.499611044304,-10.8577834576822));
#13562=CARTESIAN_POINT('Origin',(-8.,59.499611044304,11.1422165423178));
#13563=CARTESIAN_POINT('',(-8.,59.499611044304,11.1422165423178));
#13564=CARTESIAN_POINT('Origin',(7.99999999999996,59.499611044304,11.1422165423178));
#13565=CARTESIAN_POINT('',(7.99999999999996,59.499611044304,11.1422165423178));
#13566=CARTESIAN_POINT('Origin',(7.99999999999996,59.499611044304,-10.8577834576822));
#13567=CARTESIAN_POINT('',(0.,0.,0.));
#13568=UNCERTAINTY_MEASURE_WITH_UNIT(LENGTH_MEASURE(0.01),#13574,
'DISTANCE_ACCURACY_VALUE',
'Maximum model space distance between geometric entities at asserted c
onnectivities');
#13569=UNCERTAINTY_MEASURE_WITH_UNIT(LENGTH_MEASURE(0.01),#13574,
'DISTANCE_ACCURACY_VALUE',
'Maximum model space distance between geometric entities at asserted c
onnectivities');
#13570=UNCERTAINTY_MEASURE_WITH_UNIT(LENGTH_MEASURE(0.01),#13574,
'DISTANCE_ACCURACY_VALUE',
'Maximum model space distance between geometric entities at asserted c
onnectivities');
#13571=(
GEOMETRIC_REPRESENTATION_CONTEXT(3)
GLOBAL_UNCERTAINTY_ASSIGNED_CONTEXT((#13568))
GLOBAL_UNIT_ASSIGNED_CONTEXT((#13574,#13576,#13577))
REPRESENTATION_CONTEXT('','3D')
);
#13572=(
GEOMETRIC_REPRESENTATION_CONTEXT(3)
GLOBAL_UNCERTAINTY_ASSIGNED_CONTEXT((#13569))
GLOBAL_UNIT_ASSIGNED_CONTEXT((#13574,#13576,#13577))
REPRESENTATION_CONTEXT('','3D')
);
#13573=(
GEOMETRIC_REPRESENTATION_CONTEXT(3)
GLOBAL_UNCERTAINTY_ASSIGNED_CONTEXT((#13570))
GLOBAL_UNIT_ASSIGNED_CONTEXT((#13574,#13576,#13577))
REPRESENTATION_CONTEXT('','3D')
);
#13574=(
LENGTH_UNIT()
NAMED_UNIT(*)
SI_UNIT(.MILLI.,.METRE.)
);
#13575=(
LENGTH_UNIT()
NAMED_UNIT(*)
SI_UNIT($,.METRE.)
);
#13576=(
NAMED_UNIT(*)
PLANE_ANGLE_UNIT()
SI_UNIT($,.RADIAN.)
);
#13577=(
NAMED_UNIT(*)
SI_UNIT($,.STERADIAN.)
SOLID_ANGLE_UNIT()
);
#13578=SHAPE_DEFINITION_REPRESENTATION(#13580,#13583);
#13579=SHAPE_DEFINITION_REPRESENTATION(#13581,#13584);
#13580=PRODUCT_DEFINITION_SHAPE('',$,#13586);
#13581=PRODUCT_DEFINITION_SHAPE('',$,#13587);
#13582=PRODUCT_DEFINITION_SHAPE($,$,#14);
#13583=SHAPE_REPRESENTATION('',(#8017,#8655),#13571);
#13584=SHAPE_REPRESENTATION('',(#8018),#13572);
#13585=PRODUCT_DEFINITION_CONTEXT('part definition',#13593,'design');
#13586=PRODUCT_DEFINITION('Gripper_Laser_Ping','Gripper_Laser_Ping v2',
#13588,#13585);
#13587=PRODUCT_DEFINITION('FP-Modified','FP-Modified',#13589,#13585);
#13588=PRODUCT_DEFINITION_FORMATION('',$,#13595);
#13589=PRODUCT_DEFINITION_FORMATION('',$,#13596);
#13590=PRODUCT_RELATED_PRODUCT_CATEGORY('Gripper_Laser_Ping v2',
'Gripper_Laser_Ping v2',(#13595));
#13591=PRODUCT_RELATED_PRODUCT_CATEGORY('FP-Modified','FP-Modified',(#13596));
#13592=APPLICATION_PROTOCOL_DEFINITION('international standard',
'automotive_design',2009,#13593);
#13593=APPLICATION_CONTEXT(
'Core Data for Automotive Mechanical Design Process');
#13594=PRODUCT_CONTEXT('part definition',#13593,'mechanical');
#13595=PRODUCT('Gripper_Laser_Ping','Gripper_Laser_Ping v2',$,(#13594));
#13596=PRODUCT('FP-Modified','FP-Modified',$,(#13594));
#13597=PRESENTATION_STYLE_ASSIGNMENT((#13598));
#13598=SURFACE_STYLE_USAGE(.BOTH.,#13599);
#13599=SURFACE_SIDE_STYLE('',(#13600));
#13600=SURFACE_STYLE_FILL_AREA(#13601);
#13601=FILL_AREA_STYLE('Steel - Satin',(#13602));
#13602=FILL_AREA_STYLE_COLOUR('Steel - Satin',#13603);
#13603=COLOUR_RGB('Steel - Satin',0.627450980392157,0.627450980392157,0.627450980392157);
ENDSEC;
END-ISO-10303-21;
