ISO-10303-21;
HEADER;
/* Generated by software containing ST-Developer
 * from STEP Tools, Inc. (www.steptools.com) 
 */

FILE_DESCRIPTION(
/* description */ (''),
/* implementation_level */ '2;1');

FILE_NAME(
/* name */ 'shoulder.step',
/* time_stamp */ '2026-08-24T12:15:44+07:00',
/* author */ (''),
/* organization */ (''),
/* preprocessor_version */ 'ST-DEVELOPER v20.1',
/* originating_system */ 'Autodesk Translation Framework v15.8.0.0',
/* authorisation */ '');

FILE_SCHEMA (('AUTOMOTIVE_DESIGN { 1 0 10303 214 3 1 1 }'));
ENDSEC;

DATA;
#10=MECHANICAL_DESIGN_GEOMETRIC_PRESENTATION_REPRESENTATION('',(#25,#26,
#27),#20488);
#11=ITEM_DEFINED_TRANSFORMATION($,$,#12684,#13578);
#12=ITEM_DEFINED_TRANSFORMATION($,$,#13229,#13579);
#13=(
REPRESENTATION_RELATIONSHIP($,$,#20502,#20501)
REPRESENTATION_RELATIONSHIP_WITH_TRANSFORMATION(#11)
SHAPE_REPRESENTATION_RELATIONSHIP()
);
#14=(
REPRESENTATION_RELATIONSHIP($,$,#20503,#20501)
REPRESENTATION_RELATIONSHIP_WITH_TRANSFORMATION(#12)
SHAPE_REPRESENTATION_RELATIONSHIP()
);
#15=CONTEXT_DEPENDENT_SHAPE_REPRESENTATION(#13,#20499);
#16=CONTEXT_DEPENDENT_SHAPE_REPRESENTATION(#14,#20500);
#17=NEXT_ASSEMBLY_USAGE_OCCURRENCE('FP04-F2 v1:1','FP04-F2 v1:1',
'FP04-F2 v1:1',#20505,#20506,'FP04-F2 v1:1');
#18=NEXT_ASSEMBLY_USAGE_OCCURRENCE('FP04-F3 v1:1','FP04-F3 v1:1',
'FP04-F3 v1:1',#20505,#20507,'FP04-F3 v1:1');
#19=SHAPE_REPRESENTATION_RELATIONSHIP('SRR','None',#20502,#22);
#20=SHAPE_REPRESENTATION_RELATIONSHIP('SRR','None',#20503,#23);
#21=SHAPE_REPRESENTATION_RELATIONSHIP('SRR','None',#20501,#24);
#22=ADVANCED_BREP_SHAPE_REPRESENTATION('',(#28),#20486);
#23=ADVANCED_BREP_SHAPE_REPRESENTATION('',(#29),#20487);
#24=ADVANCED_BREP_SHAPE_REPRESENTATION('',(#30),#20485);
#25=STYLED_ITEM('',(#20520),#28);
#26=STYLED_ITEM('',(#20520),#29);
#27=STYLED_ITEM('',(#20520),#30);
#28=MANIFOLD_SOLID_BREP('Body1',#12657);
#29=MANIFOLD_SOLID_BREP('Body1',#12658);
#30=MANIFOLD_SOLID_BREP('Body1',#12659);
#31=ELLIPSE('',#12832,5.26874704261529,5.);
#32=ELLIPSE('',#13045,5.26874704261529,5.);
#33=ELLIPSE('',#13047,5.26874704261529,5.);
#34=ELLIPSE('',#13077,5.26874704261529,5.);
#35=ELLIPSE('',#13079,5.26874704261529,5.);
#36=ELLIPSE('',#13112,5.26874704261529,5.);
#37=ELLIPSE('',#13114,5.26874704261529,5.);
#38=ELLIPSE('',#13158,5.26874704261529,5.);
#39=TOROIDAL_SURFACE('',#12739,2.6,0.3);
#40=TOROIDAL_SURFACE('',#12744,2.6,0.3);
#41=TOROIDAL_SURFACE('',#12749,2.6,0.3);
#42=TOROIDAL_SURFACE('',#12754,2.6,0.3);
#43=TOROIDAL_SURFACE('',#12786,2.6,0.3);
#44=TOROIDAL_SURFACE('',#12802,2.6,0.3);
#45=TOROIDAL_SURFACE('',#12807,2.6,0.3);
#46=TOROIDAL_SURFACE('',#12812,2.6,0.3);
#47=CYLINDRICAL_SURFACE('',#12694,4.);
#48=CYLINDRICAL_SURFACE('',#12696,4.);
#49=CYLINDRICAL_SURFACE('',#12707,1.05);
#50=CYLINDRICAL_SURFACE('',#12709,1.05);
#51=CYLINDRICAL_SURFACE('',#12723,1.9);
#52=CYLINDRICAL_SURFACE('',#12736,1.9);
#53=CYLINDRICAL_SURFACE('',#12737,1.9);
#54=CYLINDRICAL_SURFACE('',#12738,1.9);
#55=CYLINDRICAL_SURFACE('',#12743,2.9);
#56=CYLINDRICAL_SURFACE('',#12748,2.9);
#57=CYLINDRICAL_SURFACE('',#12753,2.9);
#58=CYLINDRICAL_SURFACE('',#12758,2.9);
#59=CYLINDRICAL_SURFACE('',#12770,1.9);
#60=CYLINDRICAL_SURFACE('',#12783,1.9);
#61=CYLINDRICAL_SURFACE('',#12784,1.9);
#62=CYLINDRICAL_SURFACE('',#12785,1.9);
#63=CYLINDRICAL_SURFACE('',#12790,2.9);
#64=CYLINDRICAL_SURFACE('',#12799,2.9);
#65=CYLINDRICAL_SURFACE('',#12804,2.9);
#66=CYLINDRICAL_SURFACE('',#12809,2.9);
#67=CYLINDRICAL_SURFACE('',#12823,5.);
#68=CYLINDRICAL_SURFACE('',#12839,0.5);
#69=CYLINDRICAL_SURFACE('',#12842,0.5);
#70=CYLINDRICAL_SURFACE('',#12874,1.05);
#71=CYLINDRICAL_SURFACE('',#12899,1.05);
#72=CYLINDRICAL_SURFACE('',#12908,1.05);
#73=CYLINDRICAL_SURFACE('',#12917,1.05);
#74=CYLINDRICAL_SURFACE('',#12926,1.05);
#75=CYLINDRICAL_SURFACE('',#12935,1.05);
#76=CYLINDRICAL_SURFACE('',#12976,5.);
#77=CYLINDRICAL_SURFACE('',#12985,1.05);
#78=CYLINDRICAL_SURFACE('',#12986,1.05);
#79=CYLINDRICAL_SURFACE('',#12987,1.05);
#80=CYLINDRICAL_SURFACE('',#12988,1.05);
#81=CYLINDRICAL_SURFACE('',#12989,1.05);
#82=CYLINDRICAL_SURFACE('',#12990,1.05);
#83=CYLINDRICAL_SURFACE('',#12991,0.85);
#84=CYLINDRICAL_SURFACE('',#12992,0.85);
#85=CYLINDRICAL_SURFACE('',#12993,0.85);
#86=CYLINDRICAL_SURFACE('',#12994,0.85);
#87=CYLINDRICAL_SURFACE('',#12999,5.);
#88=CYLINDRICAL_SURFACE('',#13001,5.);
#89=CYLINDRICAL_SURFACE('',#13003,5.);
#90=CYLINDRICAL_SURFACE('',#13006,11.);
#91=CYLINDRICAL_SURFACE('',#13007,11.);
#92=CYLINDRICAL_SURFACE('',#13016,5.);
#93=CYLINDRICAL_SURFACE('',#13022,5.);
#94=CYLINDRICAL_SURFACE('',#13024,5.);
#95=CYLINDRICAL_SURFACE('',#13026,5.);
#96=CYLINDRICAL_SURFACE('',#13036,5.);
#97=CYLINDRICAL_SURFACE('',#13046,5.);
#98=CYLINDRICAL_SURFACE('',#13061,1.05);
#99=CYLINDRICAL_SURFACE('',#13072,1.05);
#100=CYLINDRICAL_SURFACE('',#13078,5.);
#101=CYLINDRICAL_SURFACE('',#13081,5.);
#102=CYLINDRICAL_SURFACE('',#13113,5.);
#103=CYLINDRICAL_SURFACE('',#13116,5.);
#104=CYLINDRICAL_SURFACE('',#13128,1.05);
#105=CYLINDRICAL_SURFACE('',#13138,1.05);
#106=CYLINDRICAL_SURFACE('',#13151,1.05);
#107=CYLINDRICAL_SURFACE('',#13159,5.);
#108=CYLINDRICAL_SURFACE('',#13164,1.);
#109=CYLINDRICAL_SURFACE('',#13166,0.6);
#110=CYLINDRICAL_SURFACE('',#13169,0.6);
#111=CYLINDRICAL_SURFACE('',#13171,0.6);
#112=CYLINDRICAL_SURFACE('',#13173,2.);
#113=CYLINDRICAL_SURFACE('',#13175,1.);
#114=CYLINDRICAL_SURFACE('',#13178,1.);
#115=CYLINDRICAL_SURFACE('',#13180,0.6);
#116=CYLINDRICAL_SURFACE('',#13183,0.6);
#117=CYLINDRICAL_SURFACE('',#13185,0.6);
#118=CYLINDRICAL_SURFACE('',#13187,2.);
#119=CYLINDRICAL_SURFACE('',#13189,1.);
#120=CYLINDRICAL_SURFACE('',#13200,1.05);
#121=CYLINDRICAL_SURFACE('',#13220,4.);
#122=CYLINDRICAL_SURFACE('',#13222,4.);
#123=CYLINDRICAL_SURFACE('',#13226,0.5);
#124=CYLINDRICAL_SURFACE('',#13228,0.5);
#125=CYLINDRICAL_SURFACE('',#13241,1.05);
#126=CYLINDRICAL_SURFACE('',#13266,1.05);
#127=CYLINDRICAL_SURFACE('',#13275,1.05);
#128=CYLINDRICAL_SURFACE('',#13284,1.05);
#129=CYLINDRICAL_SURFACE('',#13293,1.05);
#130=CYLINDRICAL_SURFACE('',#13302,1.05);
#131=CYLINDRICAL_SURFACE('',#13325,1.05);
#132=CYLINDRICAL_SURFACE('',#13327,1.05);
#133=CYLINDRICAL_SURFACE('',#13335,1.9);
#134=CYLINDRICAL_SURFACE('',#13340,1.9);
#135=CYLINDRICAL_SURFACE('',#13358,1.05);
#136=CYLINDRICAL_SURFACE('',#13368,0.6);
#137=CYLINDRICAL_SURFACE('',#13380,1.9);
#138=CYLINDRICAL_SURFACE('',#13386,1.9);
#139=CYLINDRICAL_SURFACE('',#13390,1.05);
#140=CYLINDRICAL_SURFACE('',#13391,1.05);
#141=CYLINDRICAL_SURFACE('',#13460,0.6);
#142=CYLINDRICAL_SURFACE('',#13474,1.05);
#143=CYLINDRICAL_SURFACE('',#13488,4.);
#144=CYLINDRICAL_SURFACE('',#13494,4.);
#145=CYLINDRICAL_SURFACE('',#13496,1.05);
#146=CYLINDRICAL_SURFACE('',#13499,1.05);
#147=CYLINDRICAL_SURFACE('',#13502,1.05);
#148=CYLINDRICAL_SURFACE('',#13505,1.05);
#149=CYLINDRICAL_SURFACE('',#13508,1.05);
#150=CYLINDRICAL_SURFACE('',#13511,1.05);
#151=CYLINDRICAL_SURFACE('',#13514,1.05);
#152=CYLINDRICAL_SURFACE('',#13517,1.05);
#153=CYLINDRICAL_SURFACE('',#13520,1.05);
#154=CYLINDRICAL_SURFACE('',#13523,1.05);
#155=CYLINDRICAL_SURFACE('',#13526,1.05);
#156=CYLINDRICAL_SURFACE('',#13529,1.05);
#157=CYLINDRICAL_SURFACE('',#13532,1.05);
#158=CYLINDRICAL_SURFACE('',#13535,1.05);
#159=CYLINDRICAL_SURFACE('',#13538,1.05);
#160=CYLINDRICAL_SURFACE('',#13541,1.05);
#161=FACE_BOUND('',#944,.T.);
#162=FACE_BOUND('',#945,.T.);
#163=FACE_BOUND('',#946,.T.);
#164=FACE_BOUND('',#947,.T.);
#165=FACE_BOUND('',#948,.T.);
#166=FACE_BOUND('',#949,.T.);
#167=FACE_BOUND('',#950,.T.);
#168=FACE_BOUND('',#954,.T.);
#169=FACE_BOUND('',#955,.T.);
#170=FACE_BOUND('',#956,.T.);
#171=FACE_BOUND('',#957,.T.);
#172=FACE_BOUND('',#958,.T.);
#173=FACE_BOUND('',#959,.T.);
#174=FACE_BOUND('',#960,.T.);
#175=FACE_BOUND('',#964,.T.);
#176=FACE_BOUND('',#966,.T.);
#177=FACE_BOUND('',#968,.T.);
#178=FACE_BOUND('',#970,.T.);
#179=FACE_BOUND('',#973,.T.);
#180=FACE_BOUND('',#975,.T.);
#181=FACE_BOUND('',#977,.T.);
#182=FACE_BOUND('',#979,.T.);
#183=FACE_BOUND('',#992,.T.);
#184=FACE_BOUND('',#994,.T.);
#185=FACE_BOUND('',#996,.T.);
#186=FACE_BOUND('',#998,.T.);
#187=FACE_BOUND('',#1001,.T.);
#188=FACE_BOUND('',#1003,.T.);
#189=FACE_BOUND('',#1005,.T.);
#190=FACE_BOUND('',#1007,.T.);
#191=FACE_BOUND('',#1014,.T.);
#192=FACE_BOUND('',#1015,.T.);
#193=FACE_BOUND('',#1016,.T.);
#194=FACE_BOUND('',#1017,.T.);
#195=FACE_BOUND('',#1018,.T.);
#196=FACE_BOUND('',#1019,.T.);
#197=FACE_BOUND('',#1020,.T.);
#198=FACE_BOUND('',#1038,.T.);
#199=FACE_BOUND('',#1045,.T.);
#200=FACE_BOUND('',#1046,.T.);
#201=FACE_BOUND('',#1047,.T.);
#202=FACE_BOUND('',#1048,.T.);
#203=FACE_BOUND('',#1049,.T.);
#204=FACE_BOUND('',#1050,.T.);
#205=FACE_BOUND('',#1051,.T.);
#206=FACE_BOUND('',#1052,.T.);
#207=FACE_BOUND('',#1053,.T.);
#208=FACE_BOUND('',#1054,.T.);
#209=FACE_BOUND('',#1055,.T.);
#210=FACE_BOUND('',#1056,.T.);
#211=FACE_BOUND('',#1057,.T.);
#212=FACE_BOUND('',#1060,.T.);
#213=FACE_BOUND('',#1068,.T.);
#214=FACE_BOUND('',#1070,.T.);
#215=FACE_BOUND('',#1072,.T.);
#216=FACE_BOUND('',#1074,.T.);
#217=FACE_BOUND('',#1076,.T.);
#218=FACE_BOUND('',#1078,.T.);
#219=FACE_BOUND('',#1088,.T.);
#220=FACE_BOUND('',#1097,.T.);
#221=FACE_BOUND('',#1106,.T.);
#222=FACE_BOUND('',#1115,.T.);
#223=FACE_BOUND('',#1124,.T.);
#224=FACE_BOUND('',#1152,.T.);
#225=FACE_BOUND('',#1153,.T.);
#226=FACE_BOUND('',#1154,.T.);
#227=FACE_BOUND('',#1155,.T.);
#228=FACE_BOUND('',#1156,.T.);
#229=FACE_BOUND('',#1157,.T.);
#230=FACE_BOUND('',#1158,.T.);
#231=FACE_BOUND('',#1209,.T.);
#232=FACE_BOUND('',#1220,.T.);
#233=FACE_BOUND('',#1272,.T.);
#234=FACE_BOUND('',#1282,.T.);
#235=FACE_BOUND('',#1295,.T.);
#236=FACE_BOUND('',#1343,.T.);
#237=FACE_BOUND('',#1376,.T.);
#238=FACE_BOUND('',#1377,.T.);
#239=FACE_BOUND('',#1378,.T.);
#240=FACE_BOUND('',#1379,.T.);
#241=FACE_BOUND('',#1380,.T.);
#242=FACE_BOUND('',#1381,.T.);
#243=FACE_BOUND('',#1382,.T.);
#244=FACE_BOUND('',#1383,.T.);
#245=FACE_BOUND('',#1384,.T.);
#246=FACE_BOUND('',#1387,.T.);
#247=FACE_BOUND('',#1395,.T.);
#248=FACE_BOUND('',#1397,.T.);
#249=FACE_BOUND('',#1399,.T.);
#250=FACE_BOUND('',#1401,.T.);
#251=FACE_BOUND('',#1403,.T.);
#252=FACE_BOUND('',#1405,.T.);
#253=FACE_BOUND('',#1415,.T.);
#254=FACE_BOUND('',#1424,.T.);
#255=FACE_BOUND('',#1433,.T.);
#256=FACE_BOUND('',#1442,.T.);
#257=FACE_BOUND('',#1451,.T.);
#258=FACE_BOUND('',#1472,.T.);
#259=FACE_BOUND('',#1474,.T.);
#260=FACE_BOUND('',#1478,.T.);
#261=FACE_BOUND('',#1480,.T.);
#262=FACE_BOUND('',#1483,.T.);
#263=FACE_BOUND('',#1485,.T.);
#264=FACE_BOUND('',#1496,.T.);
#265=FACE_BOUND('',#1500,.T.);
#266=FACE_BOUND('',#1521,.T.);
#267=FACE_BOUND('',#1523,.T.);
#268=FACE_BOUND('',#1526,.T.);
#269=FACE_BOUND('',#1528,.T.);
#270=FACE_BOUND('',#1531,.T.);
#271=FACE_BOUND('',#1533,.T.);
#272=FACE_BOUND('',#1612,.T.);
#273=FACE_BOUND('',#1664,.T.);
#274=FACE_BOUND('',#1665,.T.);
#275=FACE_BOUND('',#1666,.T.);
#276=FACE_BOUND('',#1667,.T.);
#277=FACE_BOUND('',#1668,.T.);
#278=FACE_BOUND('',#1669,.T.);
#279=FACE_BOUND('',#1670,.T.);
#280=FACE_BOUND('',#1671,.T.);
#281=FACE_BOUND('',#1676,.T.);
#282=FACE_BOUND('',#1678,.T.);
#283=FACE_BOUND('',#1683,.T.);
#284=FACE_BOUND('',#1684,.T.);
#285=FACE_BOUND('',#1685,.T.);
#286=FACE_BOUND('',#1686,.T.);
#287=FACE_BOUND('',#1687,.T.);
#288=FACE_BOUND('',#1688,.T.);
#289=FACE_BOUND('',#1689,.T.);
#290=FACE_BOUND('',#1690,.T.);
#291=FACE_BOUND('',#1694,.T.);
#292=FACE_BOUND('',#1695,.T.);
#293=FACE_BOUND('',#1696,.T.);
#294=FACE_BOUND('',#1697,.T.);
#295=FACE_BOUND('',#1698,.T.);
#296=FACE_BOUND('',#1699,.T.);
#297=FACE_BOUND('',#1700,.T.);
#298=FACE_BOUND('',#1701,.T.);
#299=FACE_BOUND('',#1706,.T.);
#300=FACE_BOUND('',#1708,.T.);
#301=FACE_BOUND('',#1713,.T.);
#302=FACE_BOUND('',#1714,.T.);
#303=FACE_BOUND('',#1715,.T.);
#304=FACE_BOUND('',#1716,.T.);
#305=FACE_BOUND('',#1717,.T.);
#306=FACE_BOUND('',#1718,.T.);
#307=FACE_BOUND('',#1719,.T.);
#308=FACE_BOUND('',#1720,.T.);
#309=FACE_BOUND('',#1722,.T.);
#310=FACE_BOUND('',#1724,.T.);
#311=FACE_OUTER_BOUND('',#943,.T.);
#312=FACE_OUTER_BOUND('',#951,.T.);
#313=FACE_OUTER_BOUND('',#952,.T.);
#314=FACE_OUTER_BOUND('',#953,.T.);
#315=FACE_OUTER_BOUND('',#961,.T.);
#316=FACE_OUTER_BOUND('',#962,.T.);
#317=FACE_OUTER_BOUND('',#963,.T.);
#318=FACE_OUTER_BOUND('',#965,.T.);
#319=FACE_OUTER_BOUND('',#967,.T.);
#320=FACE_OUTER_BOUND('',#969,.T.);
#321=FACE_OUTER_BOUND('',#971,.T.);
#322=FACE_OUTER_BOUND('',#972,.T.);
#323=FACE_OUTER_BOUND('',#974,.T.);
#324=FACE_OUTER_BOUND('',#976,.T.);
#325=FACE_OUTER_BOUND('',#978,.T.);
#326=FACE_OUTER_BOUND('',#980,.T.);
#327=FACE_OUTER_BOUND('',#981,.T.);
#328=FACE_OUTER_BOUND('',#982,.T.);
#329=FACE_OUTER_BOUND('',#983,.T.);
#330=FACE_OUTER_BOUND('',#984,.T.);
#331=FACE_OUTER_BOUND('',#985,.T.);
#332=FACE_OUTER_BOUND('',#986,.T.);
#333=FACE_OUTER_BOUND('',#987,.T.);
#334=FACE_OUTER_BOUND('',#988,.T.);
#335=FACE_OUTER_BOUND('',#989,.T.);
#336=FACE_OUTER_BOUND('',#990,.T.);
#337=FACE_OUTER_BOUND('',#991,.T.);
#338=FACE_OUTER_BOUND('',#993,.T.);
#339=FACE_OUTER_BOUND('',#995,.T.);
#340=FACE_OUTER_BOUND('',#997,.T.);
#341=FACE_OUTER_BOUND('',#999,.T.);
#342=FACE_OUTER_BOUND('',#1000,.T.);
#343=FACE_OUTER_BOUND('',#1002,.T.);
#344=FACE_OUTER_BOUND('',#1004,.T.);
#345=FACE_OUTER_BOUND('',#1006,.T.);
#346=FACE_OUTER_BOUND('',#1008,.T.);
#347=FACE_OUTER_BOUND('',#1009,.T.);
#348=FACE_OUTER_BOUND('',#1010,.T.);
#349=FACE_OUTER_BOUND('',#1011,.T.);
#350=FACE_OUTER_BOUND('',#1012,.T.);
#351=FACE_OUTER_BOUND('',#1013,.T.);
#352=FACE_OUTER_BOUND('',#1021,.T.);
#353=FACE_OUTER_BOUND('',#1022,.T.);
#354=FACE_OUTER_BOUND('',#1023,.T.);
#355=FACE_OUTER_BOUND('',#1024,.T.);
#356=FACE_OUTER_BOUND('',#1025,.T.);
#357=FACE_OUTER_BOUND('',#1026,.T.);
#358=FACE_OUTER_BOUND('',#1027,.T.);
#359=FACE_OUTER_BOUND('',#1028,.T.);
#360=FACE_OUTER_BOUND('',#1029,.T.);
#361=FACE_OUTER_BOUND('',#1030,.T.);
#362=FACE_OUTER_BOUND('',#1031,.T.);
#363=FACE_OUTER_BOUND('',#1032,.T.);
#364=FACE_OUTER_BOUND('',#1033,.T.);
#365=FACE_OUTER_BOUND('',#1034,.T.);
#366=FACE_OUTER_BOUND('',#1035,.T.);
#367=FACE_OUTER_BOUND('',#1036,.T.);
#368=FACE_OUTER_BOUND('',#1037,.T.);
#369=FACE_OUTER_BOUND('',#1039,.T.);
#370=FACE_OUTER_BOUND('',#1040,.T.);
#371=FACE_OUTER_BOUND('',#1041,.T.);
#372=FACE_OUTER_BOUND('',#1042,.T.);
#373=FACE_OUTER_BOUND('',#1043,.T.);
#374=FACE_OUTER_BOUND('',#1044,.T.);
#375=FACE_OUTER_BOUND('',#1058,.T.);
#376=FACE_OUTER_BOUND('',#1059,.T.);
#377=FACE_OUTER_BOUND('',#1061,.T.);
#378=FACE_OUTER_BOUND('',#1062,.T.);
#379=FACE_OUTER_BOUND('',#1063,.T.);
#380=FACE_OUTER_BOUND('',#1064,.T.);
#381=FACE_OUTER_BOUND('',#1065,.T.);
#382=FACE_OUTER_BOUND('',#1066,.T.);
#383=FACE_OUTER_BOUND('',#1067,.T.);
#384=FACE_OUTER_BOUND('',#1069,.T.);
#385=FACE_OUTER_BOUND('',#1071,.T.);
#386=FACE_OUTER_BOUND('',#1073,.T.);
#387=FACE_OUTER_BOUND('',#1075,.T.);
#388=FACE_OUTER_BOUND('',#1077,.T.);
#389=FACE_OUTER_BOUND('',#1079,.T.);
#390=FACE_OUTER_BOUND('',#1080,.T.);
#391=FACE_OUTER_BOUND('',#1081,.T.);
#392=FACE_OUTER_BOUND('',#1082,.T.);
#393=FACE_OUTER_BOUND('',#1083,.T.);
#394=FACE_OUTER_BOUND('',#1084,.T.);
#395=FACE_OUTER_BOUND('',#1085,.T.);
#396=FACE_OUTER_BOUND('',#1086,.T.);
#397=FACE_OUTER_BOUND('',#1087,.T.);
#398=FACE_OUTER_BOUND('',#1089,.T.);
#399=FACE_OUTER_BOUND('',#1090,.T.);
#400=FACE_OUTER_BOUND('',#1091,.T.);
#401=FACE_OUTER_BOUND('',#1092,.T.);
#402=FACE_OUTER_BOUND('',#1093,.T.);
#403=FACE_OUTER_BOUND('',#1094,.T.);
#404=FACE_OUTER_BOUND('',#1095,.T.);
#405=FACE_OUTER_BOUND('',#1096,.T.);
#406=FACE_OUTER_BOUND('',#1098,.T.);
#407=FACE_OUTER_BOUND('',#1099,.T.);
#408=FACE_OUTER_BOUND('',#1100,.T.);
#409=FACE_OUTER_BOUND('',#1101,.T.);
#410=FACE_OUTER_BOUND('',#1102,.T.);
#411=FACE_OUTER_BOUND('',#1103,.T.);
#412=FACE_OUTER_BOUND('',#1104,.T.);
#413=FACE_OUTER_BOUND('',#1105,.T.);
#414=FACE_OUTER_BOUND('',#1107,.T.);
#415=FACE_OUTER_BOUND('',#1108,.T.);
#416=FACE_OUTER_BOUND('',#1109,.T.);
#417=FACE_OUTER_BOUND('',#1110,.T.);
#418=FACE_OUTER_BOUND('',#1111,.T.);
#419=FACE_OUTER_BOUND('',#1112,.T.);
#420=FACE_OUTER_BOUND('',#1113,.T.);
#421=FACE_OUTER_BOUND('',#1114,.T.);
#422=FACE_OUTER_BOUND('',#1116,.T.);
#423=FACE_OUTER_BOUND('',#1117,.T.);
#424=FACE_OUTER_BOUND('',#1118,.T.);
#425=FACE_OUTER_BOUND('',#1119,.T.);
#426=FACE_OUTER_BOUND('',#1120,.T.);
#427=FACE_OUTER_BOUND('',#1121,.T.);
#428=FACE_OUTER_BOUND('',#1122,.T.);
#429=FACE_OUTER_BOUND('',#1123,.T.);
#430=FACE_OUTER_BOUND('',#1125,.T.);
#431=FACE_OUTER_BOUND('',#1126,.T.);
#432=FACE_OUTER_BOUND('',#1127,.T.);
#433=FACE_OUTER_BOUND('',#1128,.T.);
#434=FACE_OUTER_BOUND('',#1129,.T.);
#435=FACE_OUTER_BOUND('',#1130,.T.);
#436=FACE_OUTER_BOUND('',#1131,.T.);
#437=FACE_OUTER_BOUND('',#1132,.T.);
#438=FACE_OUTER_BOUND('',#1133,.T.);
#439=FACE_OUTER_BOUND('',#1134,.T.);
#440=FACE_OUTER_BOUND('',#1135,.T.);
#441=FACE_OUTER_BOUND('',#1136,.T.);
#442=FACE_OUTER_BOUND('',#1137,.T.);
#443=FACE_OUTER_BOUND('',#1138,.T.);
#444=FACE_OUTER_BOUND('',#1139,.T.);
#445=FACE_OUTER_BOUND('',#1140,.T.);
#446=FACE_OUTER_BOUND('',#1141,.T.);
#447=FACE_OUTER_BOUND('',#1142,.T.);
#448=FACE_OUTER_BOUND('',#1143,.T.);
#449=FACE_OUTER_BOUND('',#1144,.T.);
#450=FACE_OUTER_BOUND('',#1145,.T.);
#451=FACE_OUTER_BOUND('',#1146,.T.);
#452=FACE_OUTER_BOUND('',#1147,.T.);
#453=FACE_OUTER_BOUND('',#1148,.T.);
#454=FACE_OUTER_BOUND('',#1149,.T.);
#455=FACE_OUTER_BOUND('',#1150,.T.);
#456=FACE_OUTER_BOUND('',#1151,.T.);
#457=FACE_OUTER_BOUND('',#1159,.T.);
#458=FACE_OUTER_BOUND('',#1160,.T.);
#459=FACE_OUTER_BOUND('',#1161,.T.);
#460=FACE_OUTER_BOUND('',#1162,.T.);
#461=FACE_OUTER_BOUND('',#1163,.T.);
#462=FACE_OUTER_BOUND('',#1164,.T.);
#463=FACE_OUTER_BOUND('',#1165,.T.);
#464=FACE_OUTER_BOUND('',#1166,.T.);
#465=FACE_OUTER_BOUND('',#1167,.T.);
#466=FACE_OUTER_BOUND('',#1168,.T.);
#467=FACE_OUTER_BOUND('',#1169,.T.);
#468=FACE_OUTER_BOUND('',#1170,.T.);
#469=FACE_OUTER_BOUND('',#1171,.T.);
#470=FACE_OUTER_BOUND('',#1172,.T.);
#471=FACE_OUTER_BOUND('',#1173,.T.);
#472=FACE_OUTER_BOUND('',#1174,.T.);
#473=FACE_OUTER_BOUND('',#1175,.T.);
#474=FACE_OUTER_BOUND('',#1176,.T.);
#475=FACE_OUTER_BOUND('',#1177,.T.);
#476=FACE_OUTER_BOUND('',#1178,.T.);
#477=FACE_OUTER_BOUND('',#1179,.T.);
#478=FACE_OUTER_BOUND('',#1180,.T.);
#479=FACE_OUTER_BOUND('',#1181,.T.);
#480=FACE_OUTER_BOUND('',#1182,.T.);
#481=FACE_OUTER_BOUND('',#1183,.T.);
#482=FACE_OUTER_BOUND('',#1184,.T.);
#483=FACE_OUTER_BOUND('',#1185,.T.);
#484=FACE_OUTER_BOUND('',#1186,.T.);
#485=FACE_OUTER_BOUND('',#1187,.T.);
#486=FACE_OUTER_BOUND('',#1188,.T.);
#487=FACE_OUTER_BOUND('',#1189,.T.);
#488=FACE_OUTER_BOUND('',#1190,.T.);
#489=FACE_OUTER_BOUND('',#1191,.T.);
#490=FACE_OUTER_BOUND('',#1192,.T.);
#491=FACE_OUTER_BOUND('',#1193,.T.);
#492=FACE_OUTER_BOUND('',#1194,.T.);
#493=FACE_OUTER_BOUND('',#1195,.T.);
#494=FACE_OUTER_BOUND('',#1196,.T.);
#495=FACE_OUTER_BOUND('',#1197,.T.);
#496=FACE_OUTER_BOUND('',#1198,.T.);
#497=FACE_OUTER_BOUND('',#1199,.T.);
#498=FACE_OUTER_BOUND('',#1200,.T.);
#499=FACE_OUTER_BOUND('',#1201,.T.);
#500=FACE_OUTER_BOUND('',#1202,.T.);
#501=FACE_OUTER_BOUND('',#1203,.T.);
#502=FACE_OUTER_BOUND('',#1204,.T.);
#503=FACE_OUTER_BOUND('',#1205,.T.);
#504=FACE_OUTER_BOUND('',#1206,.T.);
#505=FACE_OUTER_BOUND('',#1207,.T.);
#506=FACE_OUTER_BOUND('',#1208,.T.);
#507=FACE_OUTER_BOUND('',#1210,.T.);
#508=FACE_OUTER_BOUND('',#1211,.T.);
#509=FACE_OUTER_BOUND('',#1212,.T.);
#510=FACE_OUTER_BOUND('',#1213,.T.);
#511=FACE_OUTER_BOUND('',#1214,.T.);
#512=FACE_OUTER_BOUND('',#1215,.T.);
#513=FACE_OUTER_BOUND('',#1216,.T.);
#514=FACE_OUTER_BOUND('',#1217,.T.);
#515=FACE_OUTER_BOUND('',#1218,.T.);
#516=FACE_OUTER_BOUND('',#1219,.T.);
#517=FACE_OUTER_BOUND('',#1221,.T.);
#518=FACE_OUTER_BOUND('',#1222,.T.);
#519=FACE_OUTER_BOUND('',#1223,.T.);
#520=FACE_OUTER_BOUND('',#1224,.T.);
#521=FACE_OUTER_BOUND('',#1225,.T.);
#522=FACE_OUTER_BOUND('',#1226,.T.);
#523=FACE_OUTER_BOUND('',#1227,.T.);
#524=FACE_OUTER_BOUND('',#1228,.T.);
#525=FACE_OUTER_BOUND('',#1229,.T.);
#526=FACE_OUTER_BOUND('',#1230,.T.);
#527=FACE_OUTER_BOUND('',#1231,.T.);
#528=FACE_OUTER_BOUND('',#1232,.T.);
#529=FACE_OUTER_BOUND('',#1233,.T.);
#530=FACE_OUTER_BOUND('',#1234,.T.);
#531=FACE_OUTER_BOUND('',#1235,.T.);
#532=FACE_OUTER_BOUND('',#1236,.T.);
#533=FACE_OUTER_BOUND('',#1237,.T.);
#534=FACE_OUTER_BOUND('',#1238,.T.);
#535=FACE_OUTER_BOUND('',#1239,.T.);
#536=FACE_OUTER_BOUND('',#1240,.T.);
#537=FACE_OUTER_BOUND('',#1241,.T.);
#538=FACE_OUTER_BOUND('',#1242,.T.);
#539=FACE_OUTER_BOUND('',#1243,.T.);
#540=FACE_OUTER_BOUND('',#1244,.T.);
#541=FACE_OUTER_BOUND('',#1245,.T.);
#542=FACE_OUTER_BOUND('',#1246,.T.);
#543=FACE_OUTER_BOUND('',#1247,.T.);
#544=FACE_OUTER_BOUND('',#1248,.T.);
#545=FACE_OUTER_BOUND('',#1249,.T.);
#546=FACE_OUTER_BOUND('',#1250,.T.);
#547=FACE_OUTER_BOUND('',#1251,.T.);
#548=FACE_OUTER_BOUND('',#1252,.T.);
#549=FACE_OUTER_BOUND('',#1253,.T.);
#550=FACE_OUTER_BOUND('',#1254,.T.);
#551=FACE_OUTER_BOUND('',#1255,.T.);
#552=FACE_OUTER_BOUND('',#1256,.T.);
#553=FACE_OUTER_BOUND('',#1257,.T.);
#554=FACE_OUTER_BOUND('',#1258,.T.);
#555=FACE_OUTER_BOUND('',#1259,.T.);
#556=FACE_OUTER_BOUND('',#1260,.T.);
#557=FACE_OUTER_BOUND('',#1261,.T.);
#558=FACE_OUTER_BOUND('',#1262,.T.);
#559=FACE_OUTER_BOUND('',#1263,.T.);
#560=FACE_OUTER_BOUND('',#1264,.T.);
#561=FACE_OUTER_BOUND('',#1265,.T.);
#562=FACE_OUTER_BOUND('',#1266,.T.);
#563=FACE_OUTER_BOUND('',#1267,.T.);
#564=FACE_OUTER_BOUND('',#1268,.T.);
#565=FACE_OUTER_BOUND('',#1269,.T.);
#566=FACE_OUTER_BOUND('',#1270,.T.);
#567=FACE_OUTER_BOUND('',#1271,.T.);
#568=FACE_OUTER_BOUND('',#1273,.T.);
#569=FACE_OUTER_BOUND('',#1274,.T.);
#570=FACE_OUTER_BOUND('',#1275,.T.);
#571=FACE_OUTER_BOUND('',#1276,.T.);
#572=FACE_OUTER_BOUND('',#1277,.T.);
#573=FACE_OUTER_BOUND('',#1278,.T.);
#574=FACE_OUTER_BOUND('',#1279,.T.);
#575=FACE_OUTER_BOUND('',#1280,.T.);
#576=FACE_OUTER_BOUND('',#1281,.T.);
#577=FACE_OUTER_BOUND('',#1283,.T.);
#578=FACE_OUTER_BOUND('',#1284,.T.);
#579=FACE_OUTER_BOUND('',#1285,.T.);
#580=FACE_OUTER_BOUND('',#1286,.T.);
#581=FACE_OUTER_BOUND('',#1287,.T.);
#582=FACE_OUTER_BOUND('',#1288,.T.);
#583=FACE_OUTER_BOUND('',#1289,.T.);
#584=FACE_OUTER_BOUND('',#1290,.T.);
#585=FACE_OUTER_BOUND('',#1291,.T.);
#586=FACE_OUTER_BOUND('',#1292,.T.);
#587=FACE_OUTER_BOUND('',#1293,.T.);
#588=FACE_OUTER_BOUND('',#1294,.T.);
#589=FACE_OUTER_BOUND('',#1296,.T.);
#590=FACE_OUTER_BOUND('',#1297,.T.);
#591=FACE_OUTER_BOUND('',#1298,.T.);
#592=FACE_OUTER_BOUND('',#1299,.T.);
#593=FACE_OUTER_BOUND('',#1300,.T.);
#594=FACE_OUTER_BOUND('',#1301,.T.);
#595=FACE_OUTER_BOUND('',#1302,.T.);
#596=FACE_OUTER_BOUND('',#1303,.T.);
#597=FACE_OUTER_BOUND('',#1304,.T.);
#598=FACE_OUTER_BOUND('',#1305,.T.);
#599=FACE_OUTER_BOUND('',#1306,.T.);
#600=FACE_OUTER_BOUND('',#1307,.T.);
#601=FACE_OUTER_BOUND('',#1308,.T.);
#602=FACE_OUTER_BOUND('',#1309,.T.);
#603=FACE_OUTER_BOUND('',#1310,.T.);
#604=FACE_OUTER_BOUND('',#1311,.T.);
#605=FACE_OUTER_BOUND('',#1312,.T.);
#606=FACE_OUTER_BOUND('',#1313,.T.);
#607=FACE_OUTER_BOUND('',#1314,.T.);
#608=FACE_OUTER_BOUND('',#1315,.T.);
#609=FACE_OUTER_BOUND('',#1316,.T.);
#610=FACE_OUTER_BOUND('',#1317,.T.);
#611=FACE_OUTER_BOUND('',#1318,.T.);
#612=FACE_OUTER_BOUND('',#1319,.T.);
#613=FACE_OUTER_BOUND('',#1320,.T.);
#614=FACE_OUTER_BOUND('',#1321,.T.);
#615=FACE_OUTER_BOUND('',#1322,.T.);
#616=FACE_OUTER_BOUND('',#1323,.T.);
#617=FACE_OUTER_BOUND('',#1324,.T.);
#618=FACE_OUTER_BOUND('',#1325,.T.);
#619=FACE_OUTER_BOUND('',#1326,.T.);
#620=FACE_OUTER_BOUND('',#1327,.T.);
#621=FACE_OUTER_BOUND('',#1328,.T.);
#622=FACE_OUTER_BOUND('',#1329,.T.);
#623=FACE_OUTER_BOUND('',#1330,.T.);
#624=FACE_OUTER_BOUND('',#1331,.T.);
#625=FACE_OUTER_BOUND('',#1332,.T.);
#626=FACE_OUTER_BOUND('',#1333,.T.);
#627=FACE_OUTER_BOUND('',#1334,.T.);
#628=FACE_OUTER_BOUND('',#1335,.T.);
#629=FACE_OUTER_BOUND('',#1336,.T.);
#630=FACE_OUTER_BOUND('',#1337,.T.);
#631=FACE_OUTER_BOUND('',#1338,.T.);
#632=FACE_OUTER_BOUND('',#1339,.T.);
#633=FACE_OUTER_BOUND('',#1340,.T.);
#634=FACE_OUTER_BOUND('',#1341,.T.);
#635=FACE_OUTER_BOUND('',#1342,.T.);
#636=FACE_OUTER_BOUND('',#1344,.T.);
#637=FACE_OUTER_BOUND('',#1345,.T.);
#638=FACE_OUTER_BOUND('',#1346,.T.);
#639=FACE_OUTER_BOUND('',#1347,.T.);
#640=FACE_OUTER_BOUND('',#1348,.T.);
#641=FACE_OUTER_BOUND('',#1349,.T.);
#642=FACE_OUTER_BOUND('',#1350,.T.);
#643=FACE_OUTER_BOUND('',#1351,.T.);
#644=FACE_OUTER_BOUND('',#1352,.T.);
#645=FACE_OUTER_BOUND('',#1353,.T.);
#646=FACE_OUTER_BOUND('',#1354,.T.);
#647=FACE_OUTER_BOUND('',#1355,.T.);
#648=FACE_OUTER_BOUND('',#1356,.T.);
#649=FACE_OUTER_BOUND('',#1357,.T.);
#650=FACE_OUTER_BOUND('',#1358,.T.);
#651=FACE_OUTER_BOUND('',#1359,.T.);
#652=FACE_OUTER_BOUND('',#1360,.T.);
#653=FACE_OUTER_BOUND('',#1361,.T.);
#654=FACE_OUTER_BOUND('',#1362,.T.);
#655=FACE_OUTER_BOUND('',#1363,.T.);
#656=FACE_OUTER_BOUND('',#1364,.T.);
#657=FACE_OUTER_BOUND('',#1365,.T.);
#658=FACE_OUTER_BOUND('',#1366,.T.);
#659=FACE_OUTER_BOUND('',#1367,.T.);
#660=FACE_OUTER_BOUND('',#1368,.T.);
#661=FACE_OUTER_BOUND('',#1369,.T.);
#662=FACE_OUTER_BOUND('',#1370,.T.);
#663=FACE_OUTER_BOUND('',#1371,.T.);
#664=FACE_OUTER_BOUND('',#1372,.T.);
#665=FACE_OUTER_BOUND('',#1373,.T.);
#666=FACE_OUTER_BOUND('',#1374,.T.);
#667=FACE_OUTER_BOUND('',#1375,.T.);
#668=FACE_OUTER_BOUND('',#1385,.T.);
#669=FACE_OUTER_BOUND('',#1386,.T.);
#670=FACE_OUTER_BOUND('',#1388,.T.);
#671=FACE_OUTER_BOUND('',#1389,.T.);
#672=FACE_OUTER_BOUND('',#1390,.T.);
#673=FACE_OUTER_BOUND('',#1391,.T.);
#674=FACE_OUTER_BOUND('',#1392,.T.);
#675=FACE_OUTER_BOUND('',#1393,.T.);
#676=FACE_OUTER_BOUND('',#1394,.T.);
#677=FACE_OUTER_BOUND('',#1396,.T.);
#678=FACE_OUTER_BOUND('',#1398,.T.);
#679=FACE_OUTER_BOUND('',#1400,.T.);
#680=FACE_OUTER_BOUND('',#1402,.T.);
#681=FACE_OUTER_BOUND('',#1404,.T.);
#682=FACE_OUTER_BOUND('',#1406,.T.);
#683=FACE_OUTER_BOUND('',#1407,.T.);
#684=FACE_OUTER_BOUND('',#1408,.T.);
#685=FACE_OUTER_BOUND('',#1409,.T.);
#686=FACE_OUTER_BOUND('',#1410,.T.);
#687=FACE_OUTER_BOUND('',#1411,.T.);
#688=FACE_OUTER_BOUND('',#1412,.T.);
#689=FACE_OUTER_BOUND('',#1413,.T.);
#690=FACE_OUTER_BOUND('',#1414,.T.);
#691=FACE_OUTER_BOUND('',#1416,.T.);
#692=FACE_OUTER_BOUND('',#1417,.T.);
#693=FACE_OUTER_BOUND('',#1418,.T.);
#694=FACE_OUTER_BOUND('',#1419,.T.);
#695=FACE_OUTER_BOUND('',#1420,.T.);
#696=FACE_OUTER_BOUND('',#1421,.T.);
#697=FACE_OUTER_BOUND('',#1422,.T.);
#698=FACE_OUTER_BOUND('',#1423,.T.);
#699=FACE_OUTER_BOUND('',#1425,.T.);
#700=FACE_OUTER_BOUND('',#1426,.T.);
#701=FACE_OUTER_BOUND('',#1427,.T.);
#702=FACE_OUTER_BOUND('',#1428,.T.);
#703=FACE_OUTER_BOUND('',#1429,.T.);
#704=FACE_OUTER_BOUND('',#1430,.T.);
#705=FACE_OUTER_BOUND('',#1431,.T.);
#706=FACE_OUTER_BOUND('',#1432,.T.);
#707=FACE_OUTER_BOUND('',#1434,.T.);
#708=FACE_OUTER_BOUND('',#1435,.T.);
#709=FACE_OUTER_BOUND('',#1436,.T.);
#710=FACE_OUTER_BOUND('',#1437,.T.);
#711=FACE_OUTER_BOUND('',#1438,.T.);
#712=FACE_OUTER_BOUND('',#1439,.T.);
#713=FACE_OUTER_BOUND('',#1440,.T.);
#714=FACE_OUTER_BOUND('',#1441,.T.);
#715=FACE_OUTER_BOUND('',#1443,.T.);
#716=FACE_OUTER_BOUND('',#1444,.T.);
#717=FACE_OUTER_BOUND('',#1445,.T.);
#718=FACE_OUTER_BOUND('',#1446,.T.);
#719=FACE_OUTER_BOUND('',#1447,.T.);
#720=FACE_OUTER_BOUND('',#1448,.T.);
#721=FACE_OUTER_BOUND('',#1449,.T.);
#722=FACE_OUTER_BOUND('',#1450,.T.);
#723=FACE_OUTER_BOUND('',#1452,.T.);
#724=FACE_OUTER_BOUND('',#1453,.T.);
#725=FACE_OUTER_BOUND('',#1454,.T.);
#726=FACE_OUTER_BOUND('',#1455,.T.);
#727=FACE_OUTER_BOUND('',#1456,.T.);
#728=FACE_OUTER_BOUND('',#1457,.T.);
#729=FACE_OUTER_BOUND('',#1458,.T.);
#730=FACE_OUTER_BOUND('',#1459,.T.);
#731=FACE_OUTER_BOUND('',#1460,.T.);
#732=FACE_OUTER_BOUND('',#1461,.T.);
#733=FACE_OUTER_BOUND('',#1462,.T.);
#734=FACE_OUTER_BOUND('',#1463,.T.);
#735=FACE_OUTER_BOUND('',#1464,.T.);
#736=FACE_OUTER_BOUND('',#1465,.T.);
#737=FACE_OUTER_BOUND('',#1466,.T.);
#738=FACE_OUTER_BOUND('',#1467,.T.);
#739=FACE_OUTER_BOUND('',#1468,.T.);
#740=FACE_OUTER_BOUND('',#1469,.T.);
#741=FACE_OUTER_BOUND('',#1470,.T.);
#742=FACE_OUTER_BOUND('',#1471,.T.);
#743=FACE_OUTER_BOUND('',#1473,.T.);
#744=FACE_OUTER_BOUND('',#1475,.T.);
#745=FACE_OUTER_BOUND('',#1476,.T.);
#746=FACE_OUTER_BOUND('',#1477,.T.);
#747=FACE_OUTER_BOUND('',#1479,.T.);
#748=FACE_OUTER_BOUND('',#1481,.T.);
#749=FACE_OUTER_BOUND('',#1482,.T.);
#750=FACE_OUTER_BOUND('',#1484,.T.);
#751=FACE_OUTER_BOUND('',#1486,.T.);
#752=FACE_OUTER_BOUND('',#1487,.T.);
#753=FACE_OUTER_BOUND('',#1488,.T.);
#754=FACE_OUTER_BOUND('',#1489,.T.);
#755=FACE_OUTER_BOUND('',#1490,.T.);
#756=FACE_OUTER_BOUND('',#1491,.T.);
#757=FACE_OUTER_BOUND('',#1492,.T.);
#758=FACE_OUTER_BOUND('',#1493,.T.);
#759=FACE_OUTER_BOUND('',#1494,.T.);
#760=FACE_OUTER_BOUND('',#1495,.T.);
#761=FACE_OUTER_BOUND('',#1497,.T.);
#762=FACE_OUTER_BOUND('',#1498,.T.);
#763=FACE_OUTER_BOUND('',#1499,.T.);
#764=FACE_OUTER_BOUND('',#1501,.T.);
#765=FACE_OUTER_BOUND('',#1502,.T.);
#766=FACE_OUTER_BOUND('',#1503,.T.);
#767=FACE_OUTER_BOUND('',#1504,.T.);
#768=FACE_OUTER_BOUND('',#1505,.T.);
#769=FACE_OUTER_BOUND('',#1506,.T.);
#770=FACE_OUTER_BOUND('',#1507,.T.);
#771=FACE_OUTER_BOUND('',#1508,.T.);
#772=FACE_OUTER_BOUND('',#1509,.T.);
#773=FACE_OUTER_BOUND('',#1510,.T.);
#774=FACE_OUTER_BOUND('',#1511,.T.);
#775=FACE_OUTER_BOUND('',#1512,.T.);
#776=FACE_OUTER_BOUND('',#1513,.T.);
#777=FACE_OUTER_BOUND('',#1514,.T.);
#778=FACE_OUTER_BOUND('',#1515,.T.);
#779=FACE_OUTER_BOUND('',#1516,.T.);
#780=FACE_OUTER_BOUND('',#1517,.T.);
#781=FACE_OUTER_BOUND('',#1518,.T.);
#782=FACE_OUTER_BOUND('',#1519,.T.);
#783=FACE_OUTER_BOUND('',#1520,.T.);
#784=FACE_OUTER_BOUND('',#1522,.T.);
#785=FACE_OUTER_BOUND('',#1524,.T.);
#786=FACE_OUTER_BOUND('',#1525,.T.);
#787=FACE_OUTER_BOUND('',#1527,.T.);
#788=FACE_OUTER_BOUND('',#1529,.T.);
#789=FACE_OUTER_BOUND('',#1530,.T.);
#790=FACE_OUTER_BOUND('',#1532,.T.);
#791=FACE_OUTER_BOUND('',#1534,.T.);
#792=FACE_OUTER_BOUND('',#1535,.T.);
#793=FACE_OUTER_BOUND('',#1536,.T.);
#794=FACE_OUTER_BOUND('',#1537,.T.);
#795=FACE_OUTER_BOUND('',#1538,.T.);
#796=FACE_OUTER_BOUND('',#1539,.T.);
#797=FACE_OUTER_BOUND('',#1540,.T.);
#798=FACE_OUTER_BOUND('',#1541,.T.);
#799=FACE_OUTER_BOUND('',#1542,.T.);
#800=FACE_OUTER_BOUND('',#1543,.T.);
#801=FACE_OUTER_BOUND('',#1544,.T.);
#802=FACE_OUTER_BOUND('',#1545,.T.);
#803=FACE_OUTER_BOUND('',#1546,.T.);
#804=FACE_OUTER_BOUND('',#1547,.T.);
#805=FACE_OUTER_BOUND('',#1548,.T.);
#806=FACE_OUTER_BOUND('',#1549,.T.);
#807=FACE_OUTER_BOUND('',#1550,.T.);
#808=FACE_OUTER_BOUND('',#1551,.T.);
#809=FACE_OUTER_BOUND('',#1552,.T.);
#810=FACE_OUTER_BOUND('',#1553,.T.);
#811=FACE_OUTER_BOUND('',#1554,.T.);
#812=FACE_OUTER_BOUND('',#1555,.T.);
#813=FACE_OUTER_BOUND('',#1556,.T.);
#814=FACE_OUTER_BOUND('',#1557,.T.);
#815=FACE_OUTER_BOUND('',#1558,.T.);
#816=FACE_OUTER_BOUND('',#1559,.T.);
#817=FACE_OUTER_BOUND('',#1560,.T.);
#818=FACE_OUTER_BOUND('',#1561,.T.);
#819=FACE_OUTER_BOUND('',#1562,.T.);
#820=FACE_OUTER_BOUND('',#1563,.T.);
#821=FACE_OUTER_BOUND('',#1564,.T.);
#822=FACE_OUTER_BOUND('',#1565,.T.);
#823=FACE_OUTER_BOUND('',#1566,.T.);
#824=FACE_OUTER_BOUND('',#1567,.T.);
#825=FACE_OUTER_BOUND('',#1568,.T.);
#826=FACE_OUTER_BOUND('',#1569,.T.);
#827=FACE_OUTER_BOUND('',#1570,.T.);
#828=FACE_OUTER_BOUND('',#1571,.T.);
#829=FACE_OUTER_BOUND('',#1572,.T.);
#830=FACE_OUTER_BOUND('',#1573,.T.);
#831=FACE_OUTER_BOUND('',#1574,.T.);
#832=FACE_OUTER_BOUND('',#1575,.T.);
#833=FACE_OUTER_BOUND('',#1576,.T.);
#834=FACE_OUTER_BOUND('',#1577,.T.);
#835=FACE_OUTER_BOUND('',#1578,.T.);
#836=FACE_OUTER_BOUND('',#1579,.T.);
#837=FACE_OUTER_BOUND('',#1580,.T.);
#838=FACE_OUTER_BOUND('',#1581,.T.);
#839=FACE_OUTER_BOUND('',#1582,.T.);
#840=FACE_OUTER_BOUND('',#1583,.T.);
#841=FACE_OUTER_BOUND('',#1584,.T.);
#842=FACE_OUTER_BOUND('',#1585,.T.);
#843=FACE_OUTER_BOUND('',#1586,.T.);
#844=FACE_OUTER_BOUND('',#1587,.T.);
#845=FACE_OUTER_BOUND('',#1588,.T.);
#846=FACE_OUTER_BOUND('',#1589,.T.);
#847=FACE_OUTER_BOUND('',#1590,.T.);
#848=FACE_OUTER_BOUND('',#1591,.T.);
#849=FACE_OUTER_BOUND('',#1592,.T.);
#850=FACE_OUTER_BOUND('',#1593,.T.);
#851=FACE_OUTER_BOUND('',#1594,.T.);
#852=FACE_OUTER_BOUND('',#1595,.T.);
#853=FACE_OUTER_BOUND('',#1596,.T.);
#854=FACE_OUTER_BOUND('',#1597,.T.);
#855=FACE_OUTER_BOUND('',#1598,.T.);
#856=FACE_OUTER_BOUND('',#1599,.T.);
#857=FACE_OUTER_BOUND('',#1600,.T.);
#858=FACE_OUTER_BOUND('',#1601,.T.);
#859=FACE_OUTER_BOUND('',#1602,.T.);
#860=FACE_OUTER_BOUND('',#1603,.T.);
#861=FACE_OUTER_BOUND('',#1604,.T.);
#862=FACE_OUTER_BOUND('',#1605,.T.);
#863=FACE_OUTER_BOUND('',#1606,.T.);
#864=FACE_OUTER_BOUND('',#1607,.T.);
#865=FACE_OUTER_BOUND('',#1608,.T.);
#866=FACE_OUTER_BOUND('',#1609,.T.);
#867=FACE_OUTER_BOUND('',#1610,.T.);
#868=FACE_OUTER_BOUND('',#1611,.T.);
#869=FACE_OUTER_BOUND('',#1613,.T.);
#870=FACE_OUTER_BOUND('',#1614,.T.);
#871=FACE_OUTER_BOUND('',#1615,.T.);
#872=FACE_OUTER_BOUND('',#1616,.T.);
#873=FACE_OUTER_BOUND('',#1617,.T.);
#874=FACE_OUTER_BOUND('',#1618,.T.);
#875=FACE_OUTER_BOUND('',#1619,.T.);
#876=FACE_OUTER_BOUND('',#1620,.T.);
#877=FACE_OUTER_BOUND('',#1621,.T.);
#878=FACE_OUTER_BOUND('',#1622,.T.);
#879=FACE_OUTER_BOUND('',#1623,.T.);
#880=FACE_OUTER_BOUND('',#1624,.T.);
#881=FACE_OUTER_BOUND('',#1625,.T.);
#882=FACE_OUTER_BOUND('',#1626,.T.);
#883=FACE_OUTER_BOUND('',#1627,.T.);
#884=FACE_OUTER_BOUND('',#1628,.T.);
#885=FACE_OUTER_BOUND('',#1629,.T.);
#886=FACE_OUTER_BOUND('',#1630,.T.);
#887=FACE_OUTER_BOUND('',#1631,.T.);
#888=FACE_OUTER_BOUND('',#1632,.T.);
#889=FACE_OUTER_BOUND('',#1633,.T.);
#890=FACE_OUTER_BOUND('',#1634,.T.);
#891=FACE_OUTER_BOUND('',#1635,.T.);
#892=FACE_OUTER_BOUND('',#1636,.T.);
#893=FACE_OUTER_BOUND('',#1637,.T.);
#894=FACE_OUTER_BOUND('',#1638,.T.);
#895=FACE_OUTER_BOUND('',#1639,.T.);
#896=FACE_OUTER_BOUND('',#1640,.T.);
#897=FACE_OUTER_BOUND('',#1641,.T.);
#898=FACE_OUTER_BOUND('',#1642,.T.);
#899=FACE_OUTER_BOUND('',#1643,.T.);
#900=FACE_OUTER_BOUND('',#1644,.T.);
#901=FACE_OUTER_BOUND('',#1645,.T.);
#902=FACE_OUTER_BOUND('',#1646,.T.);
#903=FACE_OUTER_BOUND('',#1647,.T.);
#904=FACE_OUTER_BOUND('',#1648,.T.);
#905=FACE_OUTER_BOUND('',#1649,.T.);
#906=FACE_OUTER_BOUND('',#1650,.T.);
#907=FACE_OUTER_BOUND('',#1651,.T.);
#908=FACE_OUTER_BOUND('',#1652,.T.);
#909=FACE_OUTER_BOUND('',#1653,.T.);
#910=FACE_OUTER_BOUND('',#1654,.T.);
#911=FACE_OUTER_BOUND('',#1655,.T.);
#912=FACE_OUTER_BOUND('',#1656,.T.);
#913=FACE_OUTER_BOUND('',#1657,.T.);
#914=FACE_OUTER_BOUND('',#1658,.T.);
#915=FACE_OUTER_BOUND('',#1659,.T.);
#916=FACE_OUTER_BOUND('',#1660,.T.);
#917=FACE_OUTER_BOUND('',#1661,.T.);
#918=FACE_OUTER_BOUND('',#1662,.T.);
#919=FACE_OUTER_BOUND('',#1663,.T.);
#920=FACE_OUTER_BOUND('',#1672,.T.);
#921=FACE_OUTER_BOUND('',#1673,.T.);
#922=FACE_OUTER_BOUND('',#1674,.T.);
#923=FACE_OUTER_BOUND('',#1675,.T.);
#924=FACE_OUTER_BOUND('',#1677,.T.);
#925=FACE_OUTER_BOUND('',#1679,.T.);
#926=FACE_OUTER_BOUND('',#1680,.T.);
#927=FACE_OUTER_BOUND('',#1681,.T.);
#928=FACE_OUTER_BOUND('',#1682,.T.);
#929=FACE_OUTER_BOUND('',#1691,.T.);
#930=FACE_OUTER_BOUND('',#1692,.T.);
#931=FACE_OUTER_BOUND('',#1693,.T.);
#932=FACE_OUTER_BOUND('',#1702,.T.);
#933=FACE_OUTER_BOUND('',#1703,.T.);
#934=FACE_OUTER_BOUND('',#1704,.T.);
#935=FACE_OUTER_BOUND('',#1705,.T.);
#936=FACE_OUTER_BOUND('',#1707,.T.);
#937=FACE_OUTER_BOUND('',#1709,.T.);
#938=FACE_OUTER_BOUND('',#1710,.T.);
#939=FACE_OUTER_BOUND('',#1711,.T.);
#940=FACE_OUTER_BOUND('',#1712,.T.);
#941=FACE_OUTER_BOUND('',#1721,.T.);
#942=FACE_OUTER_BOUND('',#1723,.T.);
#943=EDGE_LOOP('',(#7963,#7964,#7965,#7966,#7967,#7968,#7969,#7970,#7971,
#7972));
#944=EDGE_LOOP('',(#7973));
#945=EDGE_LOOP('',(#7974));
#946=EDGE_LOOP('',(#7975));
#947=EDGE_LOOP('',(#7976));
#948=EDGE_LOOP('',(#7977));
#949=EDGE_LOOP('',(#7978));
#950=EDGE_LOOP('',(#7979));
#951=EDGE_LOOP('',(#7980,#7981,#7982,#7983));
#952=EDGE_LOOP('',(#7984,#7985,#7986,#7987));
#953=EDGE_LOOP('',(#7988,#7989,#7990,#7991,#7992,#7993,#7994,#7995,#7996,
#7997,#7998,#7999,#8000,#8001,#8002,#8003,#8004,#8005));
#954=EDGE_LOOP('',(#8006));
#955=EDGE_LOOP('',(#8007));
#956=EDGE_LOOP('',(#8008));
#957=EDGE_LOOP('',(#8009));
#958=EDGE_LOOP('',(#8010));
#959=EDGE_LOOP('',(#8011));
#960=EDGE_LOOP('',(#8012));
#961=EDGE_LOOP('',(#8013,#8014,#8015,#8016));
#962=EDGE_LOOP('',(#8017,#8018,#8019,#8020));
#963=EDGE_LOOP('',(#8021));
#964=EDGE_LOOP('',(#8022));
#965=EDGE_LOOP('',(#8023));
#966=EDGE_LOOP('',(#8024));
#967=EDGE_LOOP('',(#8025));
#968=EDGE_LOOP('',(#8026));
#969=EDGE_LOOP('',(#8027));
#970=EDGE_LOOP('',(#8028));
#971=EDGE_LOOP('',(#8029,#8030,#8031,#8032));
#972=EDGE_LOOP('',(#8033));
#973=EDGE_LOOP('',(#8034));
#974=EDGE_LOOP('',(#8035));
#975=EDGE_LOOP('',(#8036));
#976=EDGE_LOOP('',(#8037));
#977=EDGE_LOOP('',(#8038));
#978=EDGE_LOOP('',(#8039));
#979=EDGE_LOOP('',(#8040));
#980=EDGE_LOOP('',(#8041,#8042,#8043,#8044));
#981=EDGE_LOOP('',(#8045,#8046,#8047,#8048));
#982=EDGE_LOOP('',(#8049,#8050,#8051,#8052));
#983=EDGE_LOOP('',(#8053,#8054,#8055,#8056,#8057));
#984=EDGE_LOOP('',(#8058,#8059,#8060,#8061,#8062));
#985=EDGE_LOOP('',(#8063,#8064,#8065,#8066,#8067));
#986=EDGE_LOOP('',(#8068,#8069,#8070,#8071,#8072));
#987=EDGE_LOOP('',(#8073,#8074,#8075,#8076,#8077));
#988=EDGE_LOOP('',(#8078,#8079,#8080,#8081,#8082));
#989=EDGE_LOOP('',(#8083,#8084,#8085,#8086,#8087));
#990=EDGE_LOOP('',(#8088,#8089,#8090,#8091,#8092));
#991=EDGE_LOOP('',(#8093));
#992=EDGE_LOOP('',(#8094));
#993=EDGE_LOOP('',(#8095));
#994=EDGE_LOOP('',(#8096));
#995=EDGE_LOOP('',(#8097));
#996=EDGE_LOOP('',(#8098));
#997=EDGE_LOOP('',(#8099));
#998=EDGE_LOOP('',(#8100));
#999=EDGE_LOOP('',(#8101,#8102,#8103,#8104));
#1000=EDGE_LOOP('',(#8105));
#1001=EDGE_LOOP('',(#8106));
#1002=EDGE_LOOP('',(#8107));
#1003=EDGE_LOOP('',(#8108));
#1004=EDGE_LOOP('',(#8109));
#1005=EDGE_LOOP('',(#8110));
#1006=EDGE_LOOP('',(#8111));
#1007=EDGE_LOOP('',(#8112));
#1008=EDGE_LOOP('',(#8113,#8114,#8115,#8116));
#1009=EDGE_LOOP('',(#8117,#8118,#8119,#8120));
#1010=EDGE_LOOP('',(#8121,#8122,#8123,#8124));
#1011=EDGE_LOOP('',(#8125,#8126,#8127,#8128,#8129));
#1012=EDGE_LOOP('',(#8130,#8131,#8132,#8133,#8134));
#1013=EDGE_LOOP('',(#8135,#8136,#8137,#8138,#8139,#8140,#8141,#8142,#8143,
#8144));
#1014=EDGE_LOOP('',(#8145));
#1015=EDGE_LOOP('',(#8146));
#1016=EDGE_LOOP('',(#8147));
#1017=EDGE_LOOP('',(#8148));
#1018=EDGE_LOOP('',(#8149));
#1019=EDGE_LOOP('',(#8150));
#1020=EDGE_LOOP('',(#8151));
#1021=EDGE_LOOP('',(#8152,#8153,#8154,#8155,#8156));
#1022=EDGE_LOOP('',(#8157,#8158,#8159,#8160,#8161));
#1023=EDGE_LOOP('',(#8162,#8163,#8164,#8165,#8166));
#1024=EDGE_LOOP('',(#8167,#8168,#8169,#8170,#8171));
#1025=EDGE_LOOP('',(#8172,#8173,#8174,#8175,#8176));
#1026=EDGE_LOOP('',(#8177,#8178,#8179,#8180,#8181));
#1027=EDGE_LOOP('',(#8182,#8183,#8184,#8185));
#1028=EDGE_LOOP('',(#8186,#8187,#8188,#8189));
#1029=EDGE_LOOP('',(#8190,#8191,#8192,#8193,#8194,#8195,#8196,#8197,#8198,
#8199,#8200));
#1030=EDGE_LOOP('',(#8201,#8202,#8203,#8204,#8205,#8206,#8207,#8208,#8209,
#8210,#8211));
#1031=EDGE_LOOP('',(#8212,#8213,#8214,#8215));
#1032=EDGE_LOOP('',(#8216,#8217,#8218,#8219));
#1033=EDGE_LOOP('',(#8220,#8221,#8222,#8223));
#1034=EDGE_LOOP('',(#8224,#8225,#8226,#8227,#8228,#8229,#8230,#8231,#8232,
#8233,#8234,#8235,#8236));
#1035=EDGE_LOOP('',(#8237,#8238,#8239,#8240,#8241,#8242,#8243,#8244,#8245,
#8246,#8247,#8248,#8249));
#1036=EDGE_LOOP('',(#8250,#8251,#8252,#8253,#8254,#8255,#8256));
#1037=EDGE_LOOP('',(#8257,#8258,#8259,#8260,#8261,#8262,#8263,#8264,#8265,
#8266,#8267,#8268,#8269,#8270,#8271,#8272,#8273,#8274,#8275,#8276));
#1038=EDGE_LOOP('',(#8277,#8278,#8279,#8280,#8281,#8282,#8283,#8284));
#1039=EDGE_LOOP('',(#8285,#8286,#8287,#8288,#8289,#8290,#8291,#8292));
#1040=EDGE_LOOP('',(#8293,#8294,#8295,#8296));
#1041=EDGE_LOOP('',(#8297,#8298,#8299,#8300));
#1042=EDGE_LOOP('',(#8301,#8302,#8303,#8304));
#1043=EDGE_LOOP('',(#8305,#8306,#8307,#8308,#8309,#8310,#8311,#8312));
#1044=EDGE_LOOP('',(#8313,#8314,#8315,#8316,#8317,#8318,#8319,#8320,#8321,
#8322,#8323,#8324,#8325,#8326,#8327,#8328,#8329,#8330,#8331,#8332,#8333,
#8334,#8335,#8336,#8337,#8338,#8339,#8340,#8341,#8342,#8343,#8344,#8345,
#8346));
#1045=EDGE_LOOP('',(#8347));
#1046=EDGE_LOOP('',(#8348));
#1047=EDGE_LOOP('',(#8349));
#1048=EDGE_LOOP('',(#8350));
#1049=EDGE_LOOP('',(#8351));
#1050=EDGE_LOOP('',(#8352));
#1051=EDGE_LOOP('',(#8353));
#1052=EDGE_LOOP('',(#8354));
#1053=EDGE_LOOP('',(#8355));
#1054=EDGE_LOOP('',(#8356));
#1055=EDGE_LOOP('',(#8357));
#1056=EDGE_LOOP('',(#8358));
#1057=EDGE_LOOP('',(#8359,#8360,#8361,#8362,#8363,#8364,#8365,#8366,#8367,
#8368,#8369,#8370));
#1058=EDGE_LOOP('',(#8371,#8372,#8373,#8374));
#1059=EDGE_LOOP('',(#8375,#8376,#8377,#8378,#8379,#8380));
#1060=EDGE_LOOP('',(#8381));
#1061=EDGE_LOOP('',(#8382,#8383,#8384,#8385));
#1062=EDGE_LOOP('',(#8386,#8387,#8388,#8389));
#1063=EDGE_LOOP('',(#8390,#8391,#8392,#8393));
#1064=EDGE_LOOP('',(#8394,#8395,#8396,#8397));
#1065=EDGE_LOOP('',(#8398,#8399,#8400,#8401));
#1066=EDGE_LOOP('',(#8402,#8403,#8404,#8405));
#1067=EDGE_LOOP('',(#8406,#8407,#8408,#8409,#8410,#8411,#8412,#8413));
#1068=EDGE_LOOP('',(#8414,#8415,#8416,#8417,#8418,#8419));
#1069=EDGE_LOOP('',(#8420,#8421,#8422,#8423,#8424,#8425,#8426,#8427));
#1070=EDGE_LOOP('',(#8428,#8429,#8430,#8431,#8432,#8433));
#1071=EDGE_LOOP('',(#8434,#8435,#8436,#8437,#8438,#8439,#8440,#8441));
#1072=EDGE_LOOP('',(#8442,#8443,#8444,#8445,#8446,#8447));
#1073=EDGE_LOOP('',(#8448,#8449,#8450,#8451,#8452,#8453,#8454,#8455));
#1074=EDGE_LOOP('',(#8456,#8457,#8458,#8459,#8460,#8461));
#1075=EDGE_LOOP('',(#8462,#8463,#8464,#8465,#8466,#8467,#8468,#8469));
#1076=EDGE_LOOP('',(#8470,#8471,#8472,#8473,#8474,#8475));
#1077=EDGE_LOOP('',(#8476,#8477,#8478,#8479,#8480,#8481,#8482,#8483));
#1078=EDGE_LOOP('',(#8484,#8485,#8486,#8487,#8488,#8489));
#1079=EDGE_LOOP('',(#8490,#8491,#8492,#8493,#8494,#8495,#8496,#8497,#8498,
#8499,#8500,#8501,#8502,#8503));
#1080=EDGE_LOOP('',(#8504,#8505,#8506,#8507,#8508,#8509,#8510,#8511,#8512,
#8513,#8514,#8515,#8516,#8517));
#1081=EDGE_LOOP('',(#8518,#8519,#8520,#8521));
#1082=EDGE_LOOP('',(#8522,#8523,#8524,#8525));
#1083=EDGE_LOOP('',(#8526,#8527,#8528,#8529));
#1084=EDGE_LOOP('',(#8530,#8531,#8532,#8533));
#1085=EDGE_LOOP('',(#8534,#8535,#8536,#8537));
#1086=EDGE_LOOP('',(#8538,#8539,#8540,#8541));
#1087=EDGE_LOOP('',(#8542,#8543,#8544,#8545,#8546,#8547));
#1088=EDGE_LOOP('',(#8548));
#1089=EDGE_LOOP('',(#8549,#8550,#8551,#8552));
#1090=EDGE_LOOP('',(#8553,#8554,#8555,#8556));
#1091=EDGE_LOOP('',(#8557,#8558,#8559,#8560));
#1092=EDGE_LOOP('',(#8561,#8562,#8563,#8564));
#1093=EDGE_LOOP('',(#8565,#8566,#8567,#8568));
#1094=EDGE_LOOP('',(#8569,#8570,#8571,#8572));
#1095=EDGE_LOOP('',(#8573,#8574,#8575,#8576));
#1096=EDGE_LOOP('',(#8577,#8578,#8579,#8580,#8581,#8582));
#1097=EDGE_LOOP('',(#8583));
#1098=EDGE_LOOP('',(#8584,#8585,#8586,#8587));
#1099=EDGE_LOOP('',(#8588,#8589,#8590,#8591));
#1100=EDGE_LOOP('',(#8592,#8593,#8594,#8595));
#1101=EDGE_LOOP('',(#8596,#8597,#8598,#8599));
#1102=EDGE_LOOP('',(#8600,#8601,#8602,#8603));
#1103=EDGE_LOOP('',(#8604,#8605,#8606,#8607));
#1104=EDGE_LOOP('',(#8608,#8609,#8610,#8611));
#1105=EDGE_LOOP('',(#8612,#8613,#8614,#8615,#8616,#8617));
#1106=EDGE_LOOP('',(#8618));
#1107=EDGE_LOOP('',(#8619,#8620,#8621,#8622));
#1108=EDGE_LOOP('',(#8623,#8624,#8625,#8626));
#1109=EDGE_LOOP('',(#8627,#8628,#8629,#8630));
#1110=EDGE_LOOP('',(#8631,#8632,#8633,#8634));
#1111=EDGE_LOOP('',(#8635,#8636,#8637,#8638));
#1112=EDGE_LOOP('',(#8639,#8640,#8641,#8642));
#1113=EDGE_LOOP('',(#8643,#8644,#8645,#8646));
#1114=EDGE_LOOP('',(#8647,#8648,#8649,#8650,#8651,#8652));
#1115=EDGE_LOOP('',(#8653));
#1116=EDGE_LOOP('',(#8654,#8655,#8656,#8657));
#1117=EDGE_LOOP('',(#8658,#8659,#8660,#8661));
#1118=EDGE_LOOP('',(#8662,#8663,#8664,#8665));
#1119=EDGE_LOOP('',(#8666,#8667,#8668,#8669));
#1120=EDGE_LOOP('',(#8670,#8671,#8672,#8673));
#1121=EDGE_LOOP('',(#8674,#8675,#8676,#8677));
#1122=EDGE_LOOP('',(#8678,#8679,#8680,#8681));
#1123=EDGE_LOOP('',(#8682,#8683,#8684,#8685,#8686,#8687));
#1124=EDGE_LOOP('',(#8688));
#1125=EDGE_LOOP('',(#8689,#8690,#8691,#8692));
#1126=EDGE_LOOP('',(#8693,#8694,#8695,#8696,#8697,#8698,#8699,#8700,#8701,
#8702,#8703,#8704,#8705,#8706,#8707,#8708));
#1127=EDGE_LOOP('',(#8709,#8710,#8711,#8712));
#1128=EDGE_LOOP('',(#8713,#8714,#8715,#8716));
#1129=EDGE_LOOP('',(#8717,#8718,#8719));
#1130=EDGE_LOOP('',(#8720,#8721,#8722));
#1131=EDGE_LOOP('',(#8723,#8724,#8725));
#1132=EDGE_LOOP('',(#8726,#8727,#8728));
#1133=EDGE_LOOP('',(#8729,#8730,#8731,#8732,#8733,#8734,#8735,#8736));
#1134=EDGE_LOOP('',(#8737,#8738,#8739,#8740,#8741,#8742,#8743,#8744));
#1135=EDGE_LOOP('',(#8745,#8746,#8747,#8748,#8749,#8750,#8751,#8752));
#1136=EDGE_LOOP('',(#8753,#8754,#8755,#8756,#8757,#8758,#8759,#8760));
#1137=EDGE_LOOP('',(#8761,#8762,#8763,#8764,#8765,#8766,#8767,#8768));
#1138=EDGE_LOOP('',(#8769,#8770,#8771,#8772,#8773,#8774,#8775,#8776));
#1139=EDGE_LOOP('',(#8777,#8778,#8779,#8780,#8781,#8782,#8783,#8784));
#1140=EDGE_LOOP('',(#8785,#8786,#8787,#8788,#8789,#8790,#8791,#8792));
#1141=EDGE_LOOP('',(#8793,#8794,#8795));
#1142=EDGE_LOOP('',(#8796,#8797,#8798));
#1143=EDGE_LOOP('',(#8799,#8800,#8801));
#1144=EDGE_LOOP('',(#8802,#8803,#8804));
#1145=EDGE_LOOP('',(#8805,#8806,#8807,#8808,#8809,#8810,#8811,#8812,#8813,
#8814,#8815,#8816,#8817,#8818,#8819,#8820,#8821,#8822,#8823,#8824,#8825,
#8826,#8827));
#1146=EDGE_LOOP('',(#8828,#8829,#8830,#8831,#8832,#8833,#8834,#8835,#8836,
#8837,#8838,#8839,#8840,#8841,#8842,#8843,#8844,#8845,#8846,#8847,#8848,
#8849,#8850));
#1147=EDGE_LOOP('',(#8851,#8852,#8853,#8854));
#1148=EDGE_LOOP('',(#8855,#8856,#8857,#8858,#8859,#8860,#8861,#8862,#8863,
#8864,#8865,#8866,#8867,#8868,#8869,#8870,#8871,#8872,#8873,#8874,#8875,
#8876,#8877,#8878,#8879,#8880,#8881,#8882,#8883,#8884,#8885,#8886));
#1149=EDGE_LOOP('',(#8887,#8888,#8889,#8890));
#1150=EDGE_LOOP('',(#8891,#8892,#8893,#8894));
#1151=EDGE_LOOP('',(#8895,#8896,#8897,#8898,#8899,#8900,#8901,#8902,#8903,
#8904,#8905,#8906,#8907,#8908,#8909,#8910,#8911,#8912));
#1152=EDGE_LOOP('',(#8913));
#1153=EDGE_LOOP('',(#8914));
#1154=EDGE_LOOP('',(#8915));
#1155=EDGE_LOOP('',(#8916));
#1156=EDGE_LOOP('',(#8917));
#1157=EDGE_LOOP('',(#8918));
#1158=EDGE_LOOP('',(#8919));
#1159=EDGE_LOOP('',(#8920,#8921,#8922,#8923));
#1160=EDGE_LOOP('',(#8924,#8925,#8926,#8927));
#1161=EDGE_LOOP('',(#8928,#8929,#8930,#8931));
#1162=EDGE_LOOP('',(#8932,#8933,#8934,#8935));
#1163=EDGE_LOOP('',(#8936,#8937,#8938,#8939));
#1164=EDGE_LOOP('',(#8940,#8941,#8942,#8943));
#1165=EDGE_LOOP('',(#8944,#8945,#8946,#8947));
#1166=EDGE_LOOP('',(#8948,#8949,#8950,#8951));
#1167=EDGE_LOOP('',(#8952,#8953,#8954,#8955));
#1168=EDGE_LOOP('',(#8956,#8957,#8958,#8959));
#1169=EDGE_LOOP('',(#8960,#8961,#8962,#8963,#8964,#8965,#8966,#8967,#8968,
#8969,#8970,#8971,#8972,#8973,#8974,#8975));
#1170=EDGE_LOOP('',(#8976,#8977,#8978,#8979));
#1171=EDGE_LOOP('',(#8980,#8981,#8982,#8983));
#1172=EDGE_LOOP('',(#8984,#8985,#8986,#8987));
#1173=EDGE_LOOP('',(#8988,#8989,#8990,#8991));
#1174=EDGE_LOOP('',(#8992,#8993,#8994,#8995));
#1175=EDGE_LOOP('',(#8996,#8997,#8998,#8999));
#1176=EDGE_LOOP('',(#9000,#9001,#9002,#9003));
#1177=EDGE_LOOP('',(#9004,#9005,#9006,#9007));
#1178=EDGE_LOOP('',(#9008,#9009,#9010,#9011));
#1179=EDGE_LOOP('',(#9012,#9013,#9014,#9015));
#1180=EDGE_LOOP('',(#9016,#9017,#9018,#9019));
#1181=EDGE_LOOP('',(#9020,#9021,#9022,#9023,#9024,#9025,#9026,#9027,#9028,
#9029,#9030,#9031,#9032,#9033,#9034,#9035));
#1182=EDGE_LOOP('',(#9036,#9037,#9038,#9039));
#1183=EDGE_LOOP('',(#9040,#9041,#9042,#9043));
#1184=EDGE_LOOP('',(#9044,#9045,#9046,#9047,#9048,#9049,#9050,#9051,#9052,
#9053,#9054,#9055,#9056,#9057,#9058,#9059,#9060,#9061,#9062,#9063,#9064,
#9065,#9066,#9067,#9068,#9069,#9070,#9071,#9072,#9073,#9074,#9075));
#1185=EDGE_LOOP('',(#9076,#9077,#9078,#9079));
#1186=EDGE_LOOP('',(#9080,#9081,#9082,#9083));
#1187=EDGE_LOOP('',(#9084,#9085,#9086,#9087));
#1188=EDGE_LOOP('',(#9088,#9089,#9090,#9091));
#1189=EDGE_LOOP('',(#9092,#9093,#9094,#9095));
#1190=EDGE_LOOP('',(#9096,#9097,#9098,#9099,#9100,#9101,#9102));
#1191=EDGE_LOOP('',(#9103,#9104,#9105,#9106,#9107,#9108,#9109));
#1192=EDGE_LOOP('',(#9110,#9111,#9112,#9113,#9114,#9115,#9116,#9117,#9118,
#9119,#9120,#9121,#9122));
#1193=EDGE_LOOP('',(#9123,#9124,#9125,#9126,#9127,#9128,#9129,#9130,#9131,
#9132,#9133,#9134,#9135));
#1194=EDGE_LOOP('',(#9136,#9137,#9138,#9139));
#1195=EDGE_LOOP('',(#9140,#9141,#9142,#9143));
#1196=EDGE_LOOP('',(#9144,#9145,#9146,#9147));
#1197=EDGE_LOOP('',(#9148,#9149,#9150,#9151,#9152,#9153,#9154,#9155,#9156,
#9157,#9158));
#1198=EDGE_LOOP('',(#9159,#9160,#9161,#9162,#9163,#9164,#9165,#9166,#9167,
#9168,#9169));
#1199=EDGE_LOOP('',(#9170,#9171,#9172,#9173,#9174));
#1200=EDGE_LOOP('',(#9175,#9176,#9177,#9178,#9179,#9180));
#1201=EDGE_LOOP('',(#9181,#9182,#9183,#9184,#9185,#9186,#9187));
#1202=EDGE_LOOP('',(#9188,#9189,#9190,#9191));
#1203=EDGE_LOOP('',(#9192,#9193,#9194,#9195));
#1204=EDGE_LOOP('',(#9196,#9197,#9198,#9199,#9200,#9201,#9202,#9203,#9204,
#9205,#9206,#9207,#9208,#9209));
#1205=EDGE_LOOP('',(#9210,#9211,#9212,#9213));
#1206=EDGE_LOOP('',(#9214,#9215,#9216));
#1207=EDGE_LOOP('',(#9217,#9218,#9219,#9220));
#1208=EDGE_LOOP('',(#9221,#9222,#9223,#9224,#9225,#9226));
#1209=EDGE_LOOP('',(#9227));
#1210=EDGE_LOOP('',(#9228,#9229,#9230,#9231));
#1211=EDGE_LOOP('',(#9232,#9233,#9234,#9235));
#1212=EDGE_LOOP('',(#9236,#9237,#9238,#9239));
#1213=EDGE_LOOP('',(#9240,#9241,#9242,#9243));
#1214=EDGE_LOOP('',(#9244,#9245,#9246,#9247));
#1215=EDGE_LOOP('',(#9248,#9249,#9250,#9251,#9252,#9253,#9254,#9255));
#1216=EDGE_LOOP('',(#9256,#9257,#9258,#9259,#9260,#9261,#9262,#9263));
#1217=EDGE_LOOP('',(#9264,#9265,#9266,#9267,#9268,#9269,#9270,#9271,#9272,
#9273,#9274,#9275));
#1218=EDGE_LOOP('',(#9276,#9277,#9278,#9279));
#1219=EDGE_LOOP('',(#9280,#9281,#9282,#9283,#9284,#9285));
#1220=EDGE_LOOP('',(#9286));
#1221=EDGE_LOOP('',(#9287,#9288,#9289,#9290));
#1222=EDGE_LOOP('',(#9291,#9292,#9293,#9294));
#1223=EDGE_LOOP('',(#9295,#9296,#9297,#9298));
#1224=EDGE_LOOP('',(#9299,#9300,#9301,#9302));
#1225=EDGE_LOOP('',(#9303,#9304,#9305,#9306));
#1226=EDGE_LOOP('',(#9307,#9308,#9309,#9310));
#1227=EDGE_LOOP('',(#9311,#9312,#9313,#9314,#9315,#9316,#9317,#9318));
#1228=EDGE_LOOP('',(#9319,#9320,#9321,#9322,#9323,#9324,#9325,#9326));
#1229=EDGE_LOOP('',(#9327,#9328,#9329,#9330,#9331));
#1230=EDGE_LOOP('',(#9332,#9333,#9334,#9335,#9336,#9337));
#1231=EDGE_LOOP('',(#9338,#9339,#9340,#9341));
#1232=EDGE_LOOP('',(#9342,#9343,#9344,#9345));
#1233=EDGE_LOOP('',(#9346,#9347,#9348,#9349));
#1234=EDGE_LOOP('',(#9350,#9351,#9352,#9353,#9354,#9355,#9356));
#1235=EDGE_LOOP('',(#9357,#9358,#9359,#9360,#9361,#9362,#9363,#9364,#9365,
#9366,#9367,#9368,#9369,#9370,#9371,#9372));
#1236=EDGE_LOOP('',(#9373,#9374,#9375,#9376));
#1237=EDGE_LOOP('',(#9377,#9378,#9379,#9380));
#1238=EDGE_LOOP('',(#9381,#9382,#9383,#9384));
#1239=EDGE_LOOP('',(#9385,#9386,#9387,#9388));
#1240=EDGE_LOOP('',(#9389,#9390,#9391,#9392));
#1241=EDGE_LOOP('',(#9393,#9394,#9395,#9396));
#1242=EDGE_LOOP('',(#9397,#9398,#9399,#9400));
#1243=EDGE_LOOP('',(#9401,#9402,#9403,#9404));
#1244=EDGE_LOOP('',(#9405,#9406,#9407,#9408));
#1245=EDGE_LOOP('',(#9409,#9410,#9411,#9412));
#1246=EDGE_LOOP('',(#9413,#9414,#9415,#9416));
#1247=EDGE_LOOP('',(#9417,#9418,#9419,#9420));
#1248=EDGE_LOOP('',(#9421,#9422,#9423,#9424));
#1249=EDGE_LOOP('',(#9425,#9426,#9427,#9428));
#1250=EDGE_LOOP('',(#9429,#9430,#9431,#9432));
#1251=EDGE_LOOP('',(#9433,#9434,#9435,#9436));
#1252=EDGE_LOOP('',(#9437,#9438,#9439,#9440));
#1253=EDGE_LOOP('',(#9441,#9442,#9443,#9444));
#1254=EDGE_LOOP('',(#9445,#9446,#9447,#9448));
#1255=EDGE_LOOP('',(#9449,#9450,#9451,#9452));
#1256=EDGE_LOOP('',(#9453,#9454,#9455,#9456,#9457,#9458,#9459,#9460,#9461,
#9462,#9463,#9464,#9465,#9466));
#1257=EDGE_LOOP('',(#9467,#9468,#9469,#9470));
#1258=EDGE_LOOP('',(#9471,#9472,#9473,#9474,#9475,#9476,#9477));
#1259=EDGE_LOOP('',(#9478,#9479,#9480,#9481,#9482,#9483,#9484));
#1260=EDGE_LOOP('',(#9485,#9486,#9487,#9488));
#1261=EDGE_LOOP('',(#9489,#9490,#9491,#9492,#9493,#9494,#9495,#9496,#9497,
#9498,#9499,#9500,#9501,#9502));
#1262=EDGE_LOOP('',(#9503,#9504,#9505,#9506,#9507,#9508,#9509));
#1263=EDGE_LOOP('',(#9510,#9511,#9512,#9513,#9514,#9515));
#1264=EDGE_LOOP('',(#9516,#9517,#9518,#9519));
#1265=EDGE_LOOP('',(#9520,#9521,#9522,#9523));
#1266=EDGE_LOOP('',(#9524,#9525,#9526,#9527));
#1267=EDGE_LOOP('',(#9528,#9529,#9530,#9531,#9532));
#1268=EDGE_LOOP('',(#9533,#9534,#9535,#9536));
#1269=EDGE_LOOP('',(#9537,#9538,#9539,#9540));
#1270=EDGE_LOOP('',(#9541,#9542,#9543,#9544));
#1271=EDGE_LOOP('',(#9545,#9546,#9547,#9548,#9549,#9550));
#1272=EDGE_LOOP('',(#9551));
#1273=EDGE_LOOP('',(#9552,#9553,#9554,#9555));
#1274=EDGE_LOOP('',(#9556,#9557,#9558,#9559));
#1275=EDGE_LOOP('',(#9560,#9561,#9562,#9563));
#1276=EDGE_LOOP('',(#9564,#9565,#9566,#9567));
#1277=EDGE_LOOP('',(#9568,#9569,#9570,#9571));
#1278=EDGE_LOOP('',(#9572,#9573,#9574));
#1279=EDGE_LOOP('',(#9575,#9576,#9577));
#1280=EDGE_LOOP('',(#9578,#9579,#9580,#9581));
#1281=EDGE_LOOP('',(#9582,#9583,#9584,#9585,#9586,#9587));
#1282=EDGE_LOOP('',(#9588));
#1283=EDGE_LOOP('',(#9589,#9590,#9591,#9592));
#1284=EDGE_LOOP('',(#9593,#9594,#9595,#9596));
#1285=EDGE_LOOP('',(#9597,#9598,#9599,#9600));
#1286=EDGE_LOOP('',(#9601,#9602,#9603,#9604));
#1287=EDGE_LOOP('',(#9605,#9606,#9607,#9608));
#1288=EDGE_LOOP('',(#9609,#9610,#9611,#9612));
#1289=EDGE_LOOP('',(#9613,#9614,#9615,#9616));
#1290=EDGE_LOOP('',(#9617,#9618,#9619,#9620));
#1291=EDGE_LOOP('',(#9621,#9622,#9623,#9624));
#1292=EDGE_LOOP('',(#9625,#9626,#9627,#9628,#9629,#9630,#9631,#9632,#9633,
#9634,#9635,#9636));
#1293=EDGE_LOOP('',(#9637,#9638,#9639,#9640));
#1294=EDGE_LOOP('',(#9641,#9642,#9643,#9644,#9645,#9646));
#1295=EDGE_LOOP('',(#9647));
#1296=EDGE_LOOP('',(#9648,#9649,#9650,#9651));
#1297=EDGE_LOOP('',(#9652,#9653,#9654,#9655));
#1298=EDGE_LOOP('',(#9656,#9657,#9658,#9659));
#1299=EDGE_LOOP('',(#9660,#9661,#9662,#9663));
#1300=EDGE_LOOP('',(#9664,#9665,#9666,#9667));
#1301=EDGE_LOOP('',(#9668,#9669,#9670,#9671));
#1302=EDGE_LOOP('',(#9672,#9673,#9674,#9675));
#1303=EDGE_LOOP('',(#9676,#9677,#9678,#9679));
#1304=EDGE_LOOP('',(#9680,#9681,#9682,#9683));
#1305=EDGE_LOOP('',(#9684,#9685,#9686,#9687));
#1306=EDGE_LOOP('',(#9688,#9689,#9690,#9691,#9692));
#1307=EDGE_LOOP('',(#9693,#9694,#9695,#9696,#9697,#9698));
#1308=EDGE_LOOP('',(#9699,#9700,#9701,#9702));
#1309=EDGE_LOOP('',(#9703,#9704,#9705,#9706));
#1310=EDGE_LOOP('',(#9707,#9708,#9709,#9710));
#1311=EDGE_LOOP('',(#9711,#9712,#9713,#9714));
#1312=EDGE_LOOP('',(#9715,#9716,#9717,#9718));
#1313=EDGE_LOOP('',(#9719,#9720,#9721,#9722));
#1314=EDGE_LOOP('',(#9723,#9724,#9725,#9726));
#1315=EDGE_LOOP('',(#9727,#9728,#9729,#9730));
#1316=EDGE_LOOP('',(#9731,#9732,#9733,#9734));
#1317=EDGE_LOOP('',(#9735,#9736,#9737,#9738));
#1318=EDGE_LOOP('',(#9739,#9740,#9741,#9742));
#1319=EDGE_LOOP('',(#9743,#9744,#9745,#9746));
#1320=EDGE_LOOP('',(#9747,#9748,#9749,#9750));
#1321=EDGE_LOOP('',(#9751,#9752,#9753,#9754));
#1322=EDGE_LOOP('',(#9755,#9756,#9757,#9758));
#1323=EDGE_LOOP('',(#9759,#9760,#9761,#9762));
#1324=EDGE_LOOP('',(#9763,#9764,#9765,#9766));
#1325=EDGE_LOOP('',(#9767,#9768,#9769,#9770));
#1326=EDGE_LOOP('',(#9771,#9772,#9773,#9774));
#1327=EDGE_LOOP('',(#9775,#9776,#9777,#9778));
#1328=EDGE_LOOP('',(#9779,#9780,#9781,#9782));
#1329=EDGE_LOOP('',(#9783,#9784,#9785,#9786));
#1330=EDGE_LOOP('',(#9787,#9788,#9789,#9790));
#1331=EDGE_LOOP('',(#9791,#9792,#9793,#9794));
#1332=EDGE_LOOP('',(#9795,#9796,#9797,#9798));
#1333=EDGE_LOOP('',(#9799,#9800,#9801,#9802));
#1334=EDGE_LOOP('',(#9803,#9804,#9805,#9806));
#1335=EDGE_LOOP('',(#9807,#9808,#9809,#9810));
#1336=EDGE_LOOP('',(#9811,#9812,#9813,#9814));
#1337=EDGE_LOOP('',(#9815,#9816,#9817,#9818));
#1338=EDGE_LOOP('',(#9819,#9820,#9821,#9822));
#1339=EDGE_LOOP('',(#9823,#9824,#9825,#9826));
#1340=EDGE_LOOP('',(#9827,#9828,#9829,#9830,#9831,#9832,#9833,#9834,#9835,
#9836,#9837,#9838,#9839,#9840));
#1341=EDGE_LOOP('',(#9841,#9842,#9843,#9844));
#1342=EDGE_LOOP('',(#9845,#9846,#9847,#9848,#9849,#9850));
#1343=EDGE_LOOP('',(#9851));
#1344=EDGE_LOOP('',(#9852,#9853,#9854,#9855));
#1345=EDGE_LOOP('',(#9856,#9857,#9858,#9859));
#1346=EDGE_LOOP('',(#9860,#9861,#9862,#9863));
#1347=EDGE_LOOP('',(#9864,#9865,#9866,#9867));
#1348=EDGE_LOOP('',(#9868,#9869,#9870,#9871));
#1349=EDGE_LOOP('',(#9872,#9873,#9874));
#1350=EDGE_LOOP('',(#9875,#9876,#9877,#9878));
#1351=EDGE_LOOP('',(#9879,#9880,#9881,#9882));
#1352=EDGE_LOOP('',(#9883,#9884,#9885,#9886));
#1353=EDGE_LOOP('',(#9887,#9888,#9889,#9890));
#1354=EDGE_LOOP('',(#9891,#9892,#9893,#9894));
#1355=EDGE_LOOP('',(#9895,#9896,#9897,#9898));
#1356=EDGE_LOOP('',(#9899,#9900,#9901,#9902));
#1357=EDGE_LOOP('',(#9903,#9904,#9905,#9906));
#1358=EDGE_LOOP('',(#9907,#9908,#9909,#9910));
#1359=EDGE_LOOP('',(#9911,#9912,#9913,#9914));
#1360=EDGE_LOOP('',(#9915,#9916,#9917,#9918));
#1361=EDGE_LOOP('',(#9919,#9920,#9921,#9922));
#1362=EDGE_LOOP('',(#9923,#9924,#9925,#9926));
#1363=EDGE_LOOP('',(#9927,#9928,#9929,#9930));
#1364=EDGE_LOOP('',(#9931,#9932,#9933,#9934));
#1365=EDGE_LOOP('',(#9935,#9936,#9937,#9938));
#1366=EDGE_LOOP('',(#9939,#9940,#9941,#9942));
#1367=EDGE_LOOP('',(#9943,#9944,#9945,#9946));
#1368=EDGE_LOOP('',(#9947,#9948,#9949,#9950));
#1369=EDGE_LOOP('',(#9951,#9952,#9953,#9954));
#1370=EDGE_LOOP('',(#9955,#9956));
#1371=EDGE_LOOP('',(#9957,#9958));
#1372=EDGE_LOOP('',(#9959,#9960,#9961,#9962));
#1373=EDGE_LOOP('',(#9963,#9964,#9965,#9966));
#1374=EDGE_LOOP('',(#9967,#9968,#9969,#9970));
#1375=EDGE_LOOP('',(#9971,#9972,#9973,#9974,#9975,#9976,#9977,#9978,#9979,
#9980,#9981,#9982));
#1376=EDGE_LOOP('',(#9983));
#1377=EDGE_LOOP('',(#9984));
#1378=EDGE_LOOP('',(#9985));
#1379=EDGE_LOOP('',(#9986));
#1380=EDGE_LOOP('',(#9987));
#1381=EDGE_LOOP('',(#9988));
#1382=EDGE_LOOP('',(#9989));
#1383=EDGE_LOOP('',(#9990));
#1384=EDGE_LOOP('',(#9991,#9992,#9993,#9994,#9995,#9996,#9997,#9998));
#1385=EDGE_LOOP('',(#9999,#10000,#10001,#10002));
#1386=EDGE_LOOP('',(#10003,#10004,#10005,#10006,#10007,#10008));
#1387=EDGE_LOOP('',(#10009));
#1388=EDGE_LOOP('',(#10010,#10011,#10012,#10013));
#1389=EDGE_LOOP('',(#10014,#10015,#10016,#10017));
#1390=EDGE_LOOP('',(#10018,#10019,#10020,#10021));
#1391=EDGE_LOOP('',(#10022,#10023,#10024,#10025));
#1392=EDGE_LOOP('',(#10026,#10027,#10028,#10029));
#1393=EDGE_LOOP('',(#10030,#10031,#10032,#10033));
#1394=EDGE_LOOP('',(#10034,#10035,#10036,#10037,#10038,#10039,#10040,#10041));
#1395=EDGE_LOOP('',(#10042,#10043,#10044,#10045,#10046,#10047));
#1396=EDGE_LOOP('',(#10048,#10049,#10050,#10051,#10052,#10053,#10054,#10055));
#1397=EDGE_LOOP('',(#10056,#10057,#10058,#10059,#10060,#10061));
#1398=EDGE_LOOP('',(#10062,#10063,#10064,#10065,#10066,#10067,#10068,#10069));
#1399=EDGE_LOOP('',(#10070,#10071,#10072,#10073,#10074,#10075));
#1400=EDGE_LOOP('',(#10076,#10077,#10078,#10079,#10080,#10081,#10082,#10083));
#1401=EDGE_LOOP('',(#10084,#10085,#10086,#10087,#10088,#10089));
#1402=EDGE_LOOP('',(#10090,#10091,#10092,#10093,#10094,#10095,#10096,#10097));
#1403=EDGE_LOOP('',(#10098,#10099,#10100,#10101,#10102,#10103));
#1404=EDGE_LOOP('',(#10104,#10105,#10106,#10107,#10108,#10109,#10110,#10111));
#1405=EDGE_LOOP('',(#10112,#10113,#10114,#10115,#10116,#10117));
#1406=EDGE_LOOP('',(#10118,#10119,#10120,#10121,#10122,#10123,#10124,#10125,
#10126,#10127,#10128,#10129,#10130,#10131));
#1407=EDGE_LOOP('',(#10132,#10133,#10134,#10135,#10136,#10137,#10138,#10139,
#10140,#10141,#10142,#10143,#10144,#10145));
#1408=EDGE_LOOP('',(#10146,#10147,#10148,#10149));
#1409=EDGE_LOOP('',(#10150,#10151,#10152,#10153));
#1410=EDGE_LOOP('',(#10154,#10155,#10156,#10157));
#1411=EDGE_LOOP('',(#10158,#10159,#10160,#10161));
#1412=EDGE_LOOP('',(#10162,#10163,#10164,#10165));
#1413=EDGE_LOOP('',(#10166,#10167,#10168,#10169));
#1414=EDGE_LOOP('',(#10170,#10171,#10172,#10173,#10174,#10175));
#1415=EDGE_LOOP('',(#10176));
#1416=EDGE_LOOP('',(#10177,#10178,#10179,#10180));
#1417=EDGE_LOOP('',(#10181,#10182,#10183,#10184));
#1418=EDGE_LOOP('',(#10185,#10186,#10187,#10188));
#1419=EDGE_LOOP('',(#10189,#10190,#10191,#10192));
#1420=EDGE_LOOP('',(#10193,#10194,#10195,#10196));
#1421=EDGE_LOOP('',(#10197,#10198,#10199,#10200));
#1422=EDGE_LOOP('',(#10201,#10202,#10203,#10204));
#1423=EDGE_LOOP('',(#10205,#10206,#10207,#10208,#10209,#10210));
#1424=EDGE_LOOP('',(#10211));
#1425=EDGE_LOOP('',(#10212,#10213,#10214,#10215));
#1426=EDGE_LOOP('',(#10216,#10217,#10218,#10219));
#1427=EDGE_LOOP('',(#10220,#10221,#10222,#10223));
#1428=EDGE_LOOP('',(#10224,#10225,#10226,#10227));
#1429=EDGE_LOOP('',(#10228,#10229,#10230,#10231));
#1430=EDGE_LOOP('',(#10232,#10233,#10234,#10235));
#1431=EDGE_LOOP('',(#10236,#10237,#10238,#10239));
#1432=EDGE_LOOP('',(#10240,#10241,#10242,#10243,#10244,#10245));
#1433=EDGE_LOOP('',(#10246));
#1434=EDGE_LOOP('',(#10247,#10248,#10249,#10250));
#1435=EDGE_LOOP('',(#10251,#10252,#10253,#10254));
#1436=EDGE_LOOP('',(#10255,#10256,#10257,#10258));
#1437=EDGE_LOOP('',(#10259,#10260,#10261,#10262));
#1438=EDGE_LOOP('',(#10263,#10264,#10265,#10266));
#1439=EDGE_LOOP('',(#10267,#10268,#10269,#10270));
#1440=EDGE_LOOP('',(#10271,#10272,#10273,#10274));
#1441=EDGE_LOOP('',(#10275,#10276,#10277,#10278,#10279,#10280));
#1442=EDGE_LOOP('',(#10281));
#1443=EDGE_LOOP('',(#10282,#10283,#10284,#10285));
#1444=EDGE_LOOP('',(#10286,#10287,#10288,#10289));
#1445=EDGE_LOOP('',(#10290,#10291,#10292,#10293));
#1446=EDGE_LOOP('',(#10294,#10295,#10296,#10297));
#1447=EDGE_LOOP('',(#10298,#10299,#10300,#10301));
#1448=EDGE_LOOP('',(#10302,#10303,#10304,#10305));
#1449=EDGE_LOOP('',(#10306,#10307,#10308,#10309));
#1450=EDGE_LOOP('',(#10310,#10311,#10312,#10313,#10314,#10315));
#1451=EDGE_LOOP('',(#10316));
#1452=EDGE_LOOP('',(#10317,#10318,#10319,#10320));
#1453=EDGE_LOOP('',(#10321,#10322,#10323,#10324,#10325,#10326,#10327,#10328,
#10329,#10330,#10331,#10332,#10333,#10334,#10335,#10336,#10337,#10338,#10339,
#10340));
#1454=EDGE_LOOP('',(#10341,#10342,#10343,#10344,#10345,#10346));
#1455=EDGE_LOOP('',(#10347,#10348,#10349,#10350,#10351,#10352,#10353,#10354));
#1456=EDGE_LOOP('',(#10355,#10356,#10357,#10358,#10359,#10360,#10361,#10362));
#1457=EDGE_LOOP('',(#10363,#10364,#10365,#10366,#10367,#10368));
#1458=EDGE_LOOP('',(#10369,#10370,#10371,#10372,#10373,#10374));
#1459=EDGE_LOOP('',(#10375,#10376,#10377,#10378,#10379,#10380));
#1460=EDGE_LOOP('',(#10381,#10382,#10383,#10384,#10385,#10386));
#1461=EDGE_LOOP('',(#10387,#10388,#10389,#10390,#10391,#10392,#10393,#10394));
#1462=EDGE_LOOP('',(#10395,#10396,#10397,#10398,#10399,#10400,#10401,#10402));
#1463=EDGE_LOOP('',(#10403,#10404,#10405,#10406,#10407,#10408));
#1464=EDGE_LOOP('',(#10409,#10410,#10411));
#1465=EDGE_LOOP('',(#10412,#10413,#10414));
#1466=EDGE_LOOP('',(#10415,#10416,#10417));
#1467=EDGE_LOOP('',(#10418,#10419,#10420));
#1468=EDGE_LOOP('',(#10421,#10422,#10423,#10424));
#1469=EDGE_LOOP('',(#10425,#10426,#10427,#10428));
#1470=EDGE_LOOP('',(#10429,#10430,#10431,#10432));
#1471=EDGE_LOOP('',(#10433,#10434,#10435,#10436,#10437,#10438,#10439,#10440));
#1472=EDGE_LOOP('',(#10441));
#1473=EDGE_LOOP('',(#10442,#10443,#10444,#10445,#10446,#10447,#10448,#10449));
#1474=EDGE_LOOP('',(#10450));
#1475=EDGE_LOOP('',(#10451,#10452,#10453,#10454));
#1476=EDGE_LOOP('',(#10455,#10456,#10457,#10458));
#1477=EDGE_LOOP('',(#10459));
#1478=EDGE_LOOP('',(#10460));
#1479=EDGE_LOOP('',(#10461));
#1480=EDGE_LOOP('',(#10462));
#1481=EDGE_LOOP('',(#10463,#10464,#10465,#10466));
#1482=EDGE_LOOP('',(#10467,#10468,#10469,#10470,#10471,#10472,#10473,#10474,
#10475,#10476));
#1483=EDGE_LOOP('',(#10477));
#1484=EDGE_LOOP('',(#10478,#10479,#10480,#10481,#10482,#10483));
#1485=EDGE_LOOP('',(#10484));
#1486=EDGE_LOOP('',(#10485,#10486,#10487,#10488));
#1487=EDGE_LOOP('',(#10489,#10490,#10491,#10492,#10493));
#1488=EDGE_LOOP('',(#10494,#10495,#10496,#10497,#10498,#10499,#10500,#10501,
#10502,#10503));
#1489=EDGE_LOOP('',(#10504,#10505,#10506,#10507));
#1490=EDGE_LOOP('',(#10508,#10509,#10510,#10511));
#1491=EDGE_LOOP('',(#10512,#10513,#10514,#10515,#10516,#10517,#10518,#10519,
#10520,#10521,#10522,#10523,#10524,#10525,#10526));
#1492=EDGE_LOOP('',(#10527,#10528,#10529,#10530,#10531,#10532,#10533,#10534,
#10535,#10536,#10537,#10538,#10539,#10540,#10541));
#1493=EDGE_LOOP('',(#10542,#10543,#10544,#10545,#10546));
#1494=EDGE_LOOP('',(#10547,#10548,#10549,#10550,#10551));
#1495=EDGE_LOOP('',(#10552,#10553,#10554,#10555,#10556,#10557,#10558,#10559,
#10560,#10561,#10562,#10563));
#1496=EDGE_LOOP('',(#10564,#10565,#10566,#10567));
#1497=EDGE_LOOP('',(#10568,#10569,#10570,#10571,#10572,#10573,#10574,#10575,
#10576,#10577,#10578,#10579));
#1498=EDGE_LOOP('',(#10580,#10581,#10582,#10583));
#1499=EDGE_LOOP('',(#10584,#10585,#10586,#10587,#10588,#10589));
#1500=EDGE_LOOP('',(#10590));
#1501=EDGE_LOOP('',(#10591,#10592,#10593,#10594));
#1502=EDGE_LOOP('',(#10595,#10596,#10597,#10598));
#1503=EDGE_LOOP('',(#10599,#10600,#10601,#10602));
#1504=EDGE_LOOP('',(#10603,#10604,#10605,#10606));
#1505=EDGE_LOOP('',(#10607,#10608,#10609,#10610));
#1506=EDGE_LOOP('',(#10611,#10612,#10613,#10614));
#1507=EDGE_LOOP('',(#10615,#10616,#10617,#10618,#10619,#10620,#10621,#10622,
#10623,#10624,#10625,#10626,#10627,#10628,#10629,#10630));
#1508=EDGE_LOOP('',(#10631,#10632,#10633,#10634,#10635,#10636,#10637,#10638,
#10639,#10640,#10641,#10642,#10643,#10644,#10645,#10646));
#1509=EDGE_LOOP('',(#10647,#10648,#10649,#10650,#10651,#10652,#10653));
#1510=EDGE_LOOP('',(#10654,#10655,#10656,#10657,#10658));
#1511=EDGE_LOOP('',(#10659,#10660,#10661,#10662,#10663,#10664,#10665,#10666,
#10667,#10668,#10669));
#1512=EDGE_LOOP('',(#10670,#10671,#10672,#10673));
#1513=EDGE_LOOP('',(#10674,#10675,#10676,#10677));
#1514=EDGE_LOOP('',(#10678,#10679,#10680,#10681,#10682,#10683));
#1515=EDGE_LOOP('',(#10684,#10685,#10686,#10687));
#1516=EDGE_LOOP('',(#10688,#10689));
#1517=EDGE_LOOP('',(#10690,#10691));
#1518=EDGE_LOOP('',(#10692,#10693,#10694,#10695,#10696,#10697,#10698,#10699,
#10700,#10701,#10702));
#1519=EDGE_LOOP('',(#10703,#10704,#10705,#10706,#10707,#10708,#10709));
#1520=EDGE_LOOP('',(#10710,#10711,#10712,#10713,#10714,#10715));
#1521=EDGE_LOOP('',(#10716));
#1522=EDGE_LOOP('',(#10717,#10718,#10719,#10720,#10721,#10722,#10723,#10724,
#10725,#10726));
#1523=EDGE_LOOP('',(#10727));
#1524=EDGE_LOOP('',(#10728,#10729,#10730,#10731));
#1525=EDGE_LOOP('',(#10732));
#1526=EDGE_LOOP('',(#10733));
#1527=EDGE_LOOP('',(#10734));
#1528=EDGE_LOOP('',(#10735));
#1529=EDGE_LOOP('',(#10736,#10737,#10738,#10739));
#1530=EDGE_LOOP('',(#10740,#10741,#10742,#10743,#10744,#10745,#10746,#10747));
#1531=EDGE_LOOP('',(#10748));
#1532=EDGE_LOOP('',(#10749,#10750,#10751,#10752,#10753,#10754,#10755,#10756));
#1533=EDGE_LOOP('',(#10757));
#1534=EDGE_LOOP('',(#10758,#10759,#10760,#10761));
#1535=EDGE_LOOP('',(#10762,#10763,#10764,#10765));
#1536=EDGE_LOOP('',(#10766,#10767,#10768,#10769,#10770));
#1537=EDGE_LOOP('',(#10771,#10772,#10773,#10774,#10775,#10776,#10777,#10778,
#10779,#10780));
#1538=EDGE_LOOP('',(#10781,#10782,#10783,#10784,#10785));
#1539=EDGE_LOOP('',(#10786,#10787,#10788,#10789,#10790));
#1540=EDGE_LOOP('',(#10791,#10792,#10793,#10794,#10795,#10796,#10797,#10798,
#10799,#10800,#10801,#10802,#10803,#10804,#10805,#10806,#10807,#10808,#10809,
#10810));
#1541=EDGE_LOOP('',(#10811,#10812,#10813,#10814));
#1542=EDGE_LOOP('',(#10815,#10816,#10817,#10818));
#1543=EDGE_LOOP('',(#10819,#10820,#10821,#10822));
#1544=EDGE_LOOP('',(#10823,#10824,#10825,#10826,#10827,#10828,#10829,#10830,
#10831,#10832,#10833,#10834,#10835,#10836,#10837,#10838,#10839,#10840,#10841,
#10842));
#1545=EDGE_LOOP('',(#10843,#10844,#10845,#10846,#10847));
#1546=EDGE_LOOP('',(#10848,#10849,#10850,#10851,#10852));
#1547=EDGE_LOOP('',(#10853,#10854,#10855,#10856));
#1548=EDGE_LOOP('',(#10857,#10858,#10859,#10860));
#1549=EDGE_LOOP('',(#10861,#10862,#10863,#10864));
#1550=EDGE_LOOP('',(#10865,#10866,#10867,#10868));
#1551=EDGE_LOOP('',(#10869,#10870,#10871,#10872,#10873));
#1552=EDGE_LOOP('',(#10874,#10875,#10876,#10877,#10878));
#1553=EDGE_LOOP('',(#10879,#10880,#10881,#10882,#10883,#10884,#10885,#10886,
#10887,#10888,#10889,#10890,#10891,#10892,#10893,#10894,#10895,#10896,#10897,
#10898));
#1554=EDGE_LOOP('',(#10899,#10900,#10901,#10902,#10903));
#1555=EDGE_LOOP('',(#10904,#10905,#10906,#10907));
#1556=EDGE_LOOP('',(#10908,#10909,#10910,#10911));
#1557=EDGE_LOOP('',(#10912,#10913,#10914,#10915));
#1558=EDGE_LOOP('',(#10916,#10917,#10918,#10919));
#1559=EDGE_LOOP('',(#10920,#10921,#10922,#10923));
#1560=EDGE_LOOP('',(#10924,#10925,#10926,#10927));
#1561=EDGE_LOOP('',(#10928,#10929,#10930,#10931));
#1562=EDGE_LOOP('',(#10932,#10933,#10934,#10935));
#1563=EDGE_LOOP('',(#10936,#10937,#10938,#10939));
#1564=EDGE_LOOP('',(#10940,#10941,#10942,#10943));
#1565=EDGE_LOOP('',(#10944,#10945,#10946,#10947));
#1566=EDGE_LOOP('',(#10948,#10949,#10950,#10951));
#1567=EDGE_LOOP('',(#10952,#10953,#10954,#10955));
#1568=EDGE_LOOP('',(#10956,#10957,#10958,#10959));
#1569=EDGE_LOOP('',(#10960,#10961,#10962,#10963));
#1570=EDGE_LOOP('',(#10964,#10965,#10966,#10967));
#1571=EDGE_LOOP('',(#10968,#10969,#10970,#10971));
#1572=EDGE_LOOP('',(#10972,#10973,#10974,#10975));
#1573=EDGE_LOOP('',(#10976,#10977,#10978,#10979));
#1574=EDGE_LOOP('',(#10980,#10981,#10982,#10983));
#1575=EDGE_LOOP('',(#10984,#10985,#10986,#10987));
#1576=EDGE_LOOP('',(#10988,#10989,#10990,#10991));
#1577=EDGE_LOOP('',(#10992,#10993,#10994,#10995));
#1578=EDGE_LOOP('',(#10996,#10997,#10998,#10999));
#1579=EDGE_LOOP('',(#11000,#11001,#11002,#11003));
#1580=EDGE_LOOP('',(#11004,#11005,#11006,#11007));
#1581=EDGE_LOOP('',(#11008,#11009,#11010,#11011));
#1582=EDGE_LOOP('',(#11012,#11013,#11014,#11015));
#1583=EDGE_LOOP('',(#11016,#11017,#11018,#11019));
#1584=EDGE_LOOP('',(#11020,#11021,#11022,#11023));
#1585=EDGE_LOOP('',(#11024,#11025,#11026,#11027));
#1586=EDGE_LOOP('',(#11028,#11029,#11030,#11031));
#1587=EDGE_LOOP('',(#11032,#11033,#11034,#11035));
#1588=EDGE_LOOP('',(#11036,#11037,#11038,#11039));
#1589=EDGE_LOOP('',(#11040,#11041,#11042,#11043));
#1590=EDGE_LOOP('',(#11044,#11045,#11046,#11047));
#1591=EDGE_LOOP('',(#11048,#11049,#11050,#11051));
#1592=EDGE_LOOP('',(#11052,#11053,#11054,#11055));
#1593=EDGE_LOOP('',(#11056,#11057,#11058,#11059));
#1594=EDGE_LOOP('',(#11060,#11061,#11062,#11063,#11064));
#1595=EDGE_LOOP('',(#11065,#11066,#11067,#11068));
#1596=EDGE_LOOP('',(#11069,#11070,#11071,#11072));
#1597=EDGE_LOOP('',(#11073,#11074,#11075,#11076));
#1598=EDGE_LOOP('',(#11077,#11078,#11079,#11080,#11081));
#1599=EDGE_LOOP('',(#11082,#11083,#11084,#11085));
#1600=EDGE_LOOP('',(#11086,#11087,#11088,#11089));
#1601=EDGE_LOOP('',(#11090,#11091,#11092,#11093,#11094,#11095));
#1602=EDGE_LOOP('',(#11096,#11097,#11098,#11099));
#1603=EDGE_LOOP('',(#11100,#11101,#11102,#11103));
#1604=EDGE_LOOP('',(#11104,#11105,#11106,#11107));
#1605=EDGE_LOOP('',(#11108,#11109));
#1606=EDGE_LOOP('',(#11110,#11111));
#1607=EDGE_LOOP('',(#11112,#11113,#11114,#11115));
#1608=EDGE_LOOP('',(#11116,#11117,#11118,#11119));
#1609=EDGE_LOOP('',(#11120,#11121,#11122,#11123,#11124,#11125,#11126,#11127,
#11128,#11129,#11130,#11131));
#1610=EDGE_LOOP('',(#11132,#11133,#11134,#11135));
#1611=EDGE_LOOP('',(#11136,#11137,#11138,#11139,#11140,#11141));
#1612=EDGE_LOOP('',(#11142));
#1613=EDGE_LOOP('',(#11143,#11144,#11145,#11146));
#1614=EDGE_LOOP('',(#11147,#11148,#11149,#11150));
#1615=EDGE_LOOP('',(#11151,#11152,#11153,#11154));
#1616=EDGE_LOOP('',(#11155,#11156,#11157,#11158));
#1617=EDGE_LOOP('',(#11159,#11160,#11161,#11162));
#1618=EDGE_LOOP('',(#11163,#11164,#11165,#11166));
#1619=EDGE_LOOP('',(#11167,#11168,#11169,#11170));
#1620=EDGE_LOOP('',(#11171,#11172,#11173,#11174));
#1621=EDGE_LOOP('',(#11175,#11176,#11177,#11178));
#1622=EDGE_LOOP('',(#11179,#11180,#11181,#11182));
#1623=EDGE_LOOP('',(#11183,#11184,#11185,#11186));
#1624=EDGE_LOOP('',(#11187,#11188,#11189,#11190));
#1625=EDGE_LOOP('',(#11191,#11192,#11193,#11194));
#1626=EDGE_LOOP('',(#11195,#11196,#11197,#11198));
#1627=EDGE_LOOP('',(#11199,#11200,#11201,#11202));
#1628=EDGE_LOOP('',(#11203,#11204,#11205,#11206));
#1629=EDGE_LOOP('',(#11207,#11208,#11209,#11210));
#1630=EDGE_LOOP('',(#11211,#11212,#11213,#11214,#11215,#11216,#11217,#11218));
#1631=EDGE_LOOP('',(#11219,#11220,#11221,#11222));
#1632=EDGE_LOOP('',(#11223,#11224));
#1633=EDGE_LOOP('',(#11225,#11226));
#1634=EDGE_LOOP('',(#11227,#11228,#11229,#11230,#11231,#11232,#11233,#11234));
#1635=EDGE_LOOP('',(#11235,#11236,#11237,#11238));
#1636=EDGE_LOOP('',(#11239,#11240,#11241,#11242));
#1637=EDGE_LOOP('',(#11243,#11244,#11245,#11246));
#1638=EDGE_LOOP('',(#11247,#11248,#11249,#11250));
#1639=EDGE_LOOP('',(#11251,#11252,#11253,#11254));
#1640=EDGE_LOOP('',(#11255,#11256,#11257,#11258));
#1641=EDGE_LOOP('',(#11259,#11260,#11261,#11262));
#1642=EDGE_LOOP('',(#11263,#11264,#11265,#11266));
#1643=EDGE_LOOP('',(#11267,#11268,#11269,#11270));
#1644=EDGE_LOOP('',(#11271,#11272,#11273,#11274));
#1645=EDGE_LOOP('',(#11275,#11276,#11277,#11278));
#1646=EDGE_LOOP('',(#11279,#11280,#11281,#11282));
#1647=EDGE_LOOP('',(#11283,#11284,#11285,#11286));
#1648=EDGE_LOOP('',(#11287,#11288,#11289,#11290));
#1649=EDGE_LOOP('',(#11291,#11292,#11293,#11294));
#1650=EDGE_LOOP('',(#11295,#11296,#11297,#11298));
#1651=EDGE_LOOP('',(#11299,#11300,#11301,#11302));
#1652=EDGE_LOOP('',(#11303,#11304,#11305,#11306));
#1653=EDGE_LOOP('',(#11307,#11308,#11309,#11310));
#1654=EDGE_LOOP('',(#11311,#11312,#11313,#11314));
#1655=EDGE_LOOP('',(#11315,#11316,#11317,#11318));
#1656=EDGE_LOOP('',(#11319,#11320,#11321,#11322));
#1657=EDGE_LOOP('',(#11323,#11324,#11325,#11326));
#1658=EDGE_LOOP('',(#11327,#11328,#11329,#11330));
#1659=EDGE_LOOP('',(#11331,#11332,#11333,#11334));
#1660=EDGE_LOOP('',(#11335,#11336,#11337,#11338));
#1661=EDGE_LOOP('',(#11339,#11340,#11341,#11342));
#1662=EDGE_LOOP('',(#11343,#11344,#11345,#11346,#11347,#11348));
#1663=EDGE_LOOP('',(#11349,#11350,#11351,#11352,#11353,#11354,#11355,#11356));
#1664=EDGE_LOOP('',(#11357));
#1665=EDGE_LOOP('',(#11358));
#1666=EDGE_LOOP('',(#11359));
#1667=EDGE_LOOP('',(#11360));
#1668=EDGE_LOOP('',(#11361));
#1669=EDGE_LOOP('',(#11362));
#1670=EDGE_LOOP('',(#11363));
#1671=EDGE_LOOP('',(#11364));
#1672=EDGE_LOOP('',(#11365,#11366,#11367,#11368));
#1673=EDGE_LOOP('',(#11369,#11370,#11371,#11372,#11373,#11374));
#1674=EDGE_LOOP('',(#11375,#11376,#11377,#11378));
#1675=EDGE_LOOP('',(#11379,#11380,#11381,#11382));
#1676=EDGE_LOOP('',(#11383,#11384,#11385,#11386));
#1677=EDGE_LOOP('',(#11387,#11388,#11389,#11390));
#1678=EDGE_LOOP('',(#11391,#11392,#11393,#11394));
#1679=EDGE_LOOP('',(#11395,#11396,#11397,#11398));
#1680=EDGE_LOOP('',(#11399,#11400,#11401,#11402,#11403,#11404));
#1681=EDGE_LOOP('',(#11405,#11406,#11407,#11408,#11409,#11410));
#1682=EDGE_LOOP('',(#11411,#11412,#11413,#11414,#11415,#11416,#11417,#11418));
#1683=EDGE_LOOP('',(#11419));
#1684=EDGE_LOOP('',(#11420));
#1685=EDGE_LOOP('',(#11421));
#1686=EDGE_LOOP('',(#11422));
#1687=EDGE_LOOP('',(#11423));
#1688=EDGE_LOOP('',(#11424));
#1689=EDGE_LOOP('',(#11425));
#1690=EDGE_LOOP('',(#11426));
#1691=EDGE_LOOP('',(#11427,#11428,#11429,#11430));
#1692=EDGE_LOOP('',(#11431,#11432,#11433,#11434));
#1693=EDGE_LOOP('',(#11435,#11436,#11437,#11438));
#1694=EDGE_LOOP('',(#11439));
#1695=EDGE_LOOP('',(#11440));
#1696=EDGE_LOOP('',(#11441));
#1697=EDGE_LOOP('',(#11442));
#1698=EDGE_LOOP('',(#11443));
#1699=EDGE_LOOP('',(#11444));
#1700=EDGE_LOOP('',(#11445));
#1701=EDGE_LOOP('',(#11446));
#1702=EDGE_LOOP('',(#11447,#11448,#11449,#11450));
#1703=EDGE_LOOP('',(#11451,#11452,#11453,#11454));
#1704=EDGE_LOOP('',(#11455,#11456,#11457,#11458));
#1705=EDGE_LOOP('',(#11459,#11460,#11461,#11462));
#1706=EDGE_LOOP('',(#11463,#11464,#11465,#11466));
#1707=EDGE_LOOP('',(#11467,#11468,#11469,#11470));
#1708=EDGE_LOOP('',(#11471,#11472,#11473,#11474));
#1709=EDGE_LOOP('',(#11475,#11476,#11477,#11478));
#1710=EDGE_LOOP('',(#11479,#11480,#11481,#11482));
#1711=EDGE_LOOP('',(#11483,#11484,#11485,#11486));
#1712=EDGE_LOOP('',(#11487,#11488,#11489,#11490));
#1713=EDGE_LOOP('',(#11491));
#1714=EDGE_LOOP('',(#11492));
#1715=EDGE_LOOP('',(#11493));
#1716=EDGE_LOOP('',(#11494));
#1717=EDGE_LOOP('',(#11495));
#1718=EDGE_LOOP('',(#11496));
#1719=EDGE_LOOP('',(#11497));
#1720=EDGE_LOOP('',(#11498));
#1721=EDGE_LOOP('',(#11499,#11500,#11501,#11502));
#1722=EDGE_LOOP('',(#11503,#11504,#11505,#11506));
#1723=EDGE_LOOP('',(#11507,#11508,#11509,#11510));
#1724=EDGE_LOOP('',(#11511,#11512,#11513,#11514));
#1725=CIRCLE('',#12686,11.);
#1726=CIRCLE('',#12687,4.);
#1727=CIRCLE('',#12688,2.9);
#1728=CIRCLE('',#12689,2.9);
#1729=CIRCLE('',#12690,2.9);
#1730=CIRCLE('',#12691,2.9);
#1731=CIRCLE('',#12692,0.85);
#1732=CIRCLE('',#12693,0.85);
#1733=CIRCLE('',#12695,4.);
#1734=CIRCLE('',#12697,4.);
#1735=CIRCLE('',#12698,4.);
#1736=CIRCLE('',#12700,11.);
#1737=CIRCLE('',#12701,1.05);
#1738=CIRCLE('',#12702,1.05);
#1739=CIRCLE('',#12703,1.05);
#1740=CIRCLE('',#12704,1.05);
#1741=CIRCLE('',#12705,0.85);
#1742=CIRCLE('',#12706,0.85);
#1743=CIRCLE('',#12708,1.05);
#1744=CIRCLE('',#12710,1.05);
#1745=CIRCLE('',#12711,1.05);
#1746=CIRCLE('',#12713,1.9);
#1747=CIRCLE('',#12714,1.05);
#1748=CIRCLE('',#12716,1.9);
#1749=CIRCLE('',#12718,1.9);
#1750=CIRCLE('',#12719,1.05);
#1751=CIRCLE('',#12721,1.9);
#1752=CIRCLE('',#12722,1.05);
#1753=CIRCLE('',#12724,1.9);
#1754=CIRCLE('',#12726,2.599998613124);
#1755=CIRCLE('',#12728,2.599998613124);
#1756=CIRCLE('',#12729,1.9);
#1757=CIRCLE('',#12731,2.599998613124);
#1758=CIRCLE('',#12732,1.9);
#1759=CIRCLE('',#12734,2.599998613124);
#1760=CIRCLE('',#12735,1.9);
#1761=CIRCLE('',#12740,0.3);
#1762=CIRCLE('',#12741,2.9);
#1763=CIRCLE('',#12742,2.9);
#1764=CIRCLE('',#12745,0.3);
#1765=CIRCLE('',#12746,2.9);
#1766=CIRCLE('',#12747,2.9);
#1767=CIRCLE('',#12750,0.3);
#1768=CIRCLE('',#12751,2.9);
#1769=CIRCLE('',#12752,2.9);
#1770=CIRCLE('',#12755,0.3);
#1771=CIRCLE('',#12756,2.9);
#1772=CIRCLE('',#12757,2.9);
#1773=CIRCLE('',#12760,1.9);
#1774=CIRCLE('',#12762,1.9);
#1775=CIRCLE('',#12763,1.05);
#1776=CIRCLE('',#12765,1.9);
#1777=CIRCLE('',#12766,1.05);
#1778=CIRCLE('',#12768,1.9);
#1779=CIRCLE('',#12769,1.05);
#1780=CIRCLE('',#12771,1.9);
#1781=CIRCLE('',#12773,2.599998613124);
#1782=CIRCLE('',#12775,2.599998613124);
#1783=CIRCLE('',#12776,1.9);
#1784=CIRCLE('',#12778,2.599998613124);
#1785=CIRCLE('',#12779,1.9);
#1786=CIRCLE('',#12781,2.599998613124);
#1787=CIRCLE('',#12782,1.9);
#1788=CIRCLE('',#12787,0.3);
#1789=CIRCLE('',#12788,2.9);
#1790=CIRCLE('',#12789,2.9);
#1791=CIRCLE('',#12791,2.9);
#1792=CIRCLE('',#12793,11.);
#1793=CIRCLE('',#12794,2.9);
#1794=CIRCLE('',#12795,2.9);
#1795=CIRCLE('',#12796,2.9);
#1796=CIRCLE('',#12797,0.85);
#1797=CIRCLE('',#12798,0.85);
#1798=CIRCLE('',#12800,2.9);
#1799=CIRCLE('',#12801,2.9);
#1800=CIRCLE('',#12803,0.3);
#1801=CIRCLE('',#12805,2.9);
#1802=CIRCLE('',#12806,2.9);
#1803=CIRCLE('',#12808,0.3);
#1804=CIRCLE('',#12810,2.9);
#1805=CIRCLE('',#12811,2.9);
#1806=CIRCLE('',#12813,0.3);
#1807=CIRCLE('',#12817,5.);
#1808=CIRCLE('',#12818,5.);
#1809=CIRCLE('',#12820,5.);
#1810=CIRCLE('',#12821,5.);
#1811=CIRCLE('',#12824,5.);
#1812=CIRCLE('',#12827,5.);
#1813=CIRCLE('',#12829,5.);
#1814=CIRCLE('',#12830,5.);
#1815=CIRCLE('',#12834,0.5);
#1816=CIRCLE('',#12835,0.5);
#1817=CIRCLE('',#12836,0.5);
#1818=CIRCLE('',#12837,0.5);
#1819=CIRCLE('',#12840,0.5);
#1820=CIRCLE('',#12843,0.5);
#1821=CIRCLE('',#12846,0.6);
#1822=CIRCLE('',#12847,0.6);
#1823=CIRCLE('',#12848,0.6);
#1824=CIRCLE('',#12849,1.);
#1825=CIRCLE('',#12850,1.);
#1826=CIRCLE('',#12851,0.6);
#1827=CIRCLE('',#12852,0.6);
#1828=CIRCLE('',#12853,0.6);
#1829=CIRCLE('',#12854,2.);
#1830=CIRCLE('',#12855,1.);
#1831=CIRCLE('',#12856,1.);
#1832=CIRCLE('',#12857,2.);
#1833=CIRCLE('',#12858,1.05);
#1834=CIRCLE('',#12859,1.05);
#1835=CIRCLE('',#12860,1.05);
#1836=CIRCLE('',#12861,1.05);
#1837=CIRCLE('',#12862,1.05);
#1838=CIRCLE('',#12863,1.05);
#1839=CIRCLE('',#12864,1.05);
#1840=CIRCLE('',#12865,1.05);
#1841=CIRCLE('',#12866,1.05);
#1842=CIRCLE('',#12867,1.05);
#1843=CIRCLE('',#12868,1.05);
#1844=CIRCLE('',#12869,1.05);
#1845=CIRCLE('',#12870,4.);
#1846=CIRCLE('',#12871,0.5);
#1847=CIRCLE('',#12872,0.5);
#1848=CIRCLE('',#12873,4.);
#1849=CIRCLE('',#12875,1.05);
#1850=CIRCLE('',#12898,1.05);
#1851=CIRCLE('',#12907,1.05);
#1852=CIRCLE('',#12916,1.05);
#1853=CIRCLE('',#12925,1.05);
#1854=CIRCLE('',#12934,1.05);
#1855=CIRCLE('',#12956,0.6);
#1856=CIRCLE('',#12957,0.6);
#1857=CIRCLE('',#12958,0.6);
#1858=CIRCLE('',#12959,1.);
#1859=CIRCLE('',#12960,1.);
#1860=CIRCLE('',#12961,2.);
#1861=CIRCLE('',#12963,1.);
#1862=CIRCLE('',#12964,1.);
#1863=CIRCLE('',#12965,0.6);
#1864=CIRCLE('',#12966,0.6);
#1865=CIRCLE('',#12967,0.6);
#1866=CIRCLE('',#12968,2.);
#1867=CIRCLE('',#12971,5.);
#1868=CIRCLE('',#12972,5.);
#1869=CIRCLE('',#12973,5.);
#1870=CIRCLE('',#12974,5.);
#1871=CIRCLE('',#12977,5.);
#1872=CIRCLE('',#12979,11.);
#1873=CIRCLE('',#12980,1.05);
#1874=CIRCLE('',#12981,1.05);
#1875=CIRCLE('',#12982,1.05);
#1876=CIRCLE('',#12983,0.85);
#1877=CIRCLE('',#12984,0.85);
#1878=CIRCLE('',#12996,5.);
#1879=CIRCLE('',#12997,5.);
#1880=CIRCLE('',#12998,5.);
#1881=CIRCLE('',#13011,5.);
#1882=CIRCLE('',#13012,5.);
#1883=CIRCLE('',#13013,5.);
#1884=CIRCLE('',#13014,5.);
#1885=CIRCLE('',#13017,5.);
#1886=CIRCLE('',#13019,5.);
#1887=CIRCLE('',#13020,5.);
#1888=CIRCLE('',#13021,5.);
#1889=CIRCLE('',#13030,5.);
#1890=CIRCLE('',#13031,5.);
#1891=CIRCLE('',#13033,5.);
#1892=CIRCLE('',#13034,5.);
#1893=CIRCLE('',#13037,5.);
#1894=CIRCLE('',#13040,5.);
#1895=CIRCLE('',#13042,5.);
#1896=CIRCLE('',#13043,5.);
#1897=CIRCLE('',#13056,1.05);
#1898=CIRCLE('',#13067,1.05);
#1899=CIRCLE('',#13123,1.05);
#1900=CIRCLE('',#13133,1.05);
#1901=CIRCLE('',#13146,1.05);
#1902=CIRCLE('',#13195,1.05);
#1903=CIRCLE('',#13221,4.);
#1904=CIRCLE('',#13223,4.);
#1905=CIRCLE('',#13231,1.05);
#1906=CIRCLE('',#13232,1.05);
#1907=CIRCLE('',#13233,1.05);
#1908=CIRCLE('',#13234,1.05);
#1909=CIRCLE('',#13235,1.05);
#1910=CIRCLE('',#13236,1.05);
#1911=CIRCLE('',#13237,1.05);
#1912=CIRCLE('',#13238,1.05);
#1913=CIRCLE('',#13239,4.);
#1914=CIRCLE('',#13240,4.);
#1915=CIRCLE('',#13242,1.05);
#1916=CIRCLE('',#13265,1.05);
#1917=CIRCLE('',#13274,1.05);
#1918=CIRCLE('',#13283,1.05);
#1919=CIRCLE('',#13292,1.05);
#1920=CIRCLE('',#13301,1.05);
#1921=CIRCLE('',#13322,1.05);
#1922=CIRCLE('',#13324,1.05);
#1923=CIRCLE('',#13326,1.05);
#1924=CIRCLE('',#13328,1.05);
#1925=CIRCLE('',#13329,1.05);
#1926=CIRCLE('',#13331,1.9);
#1927=CIRCLE('',#13333,1.9);
#1928=CIRCLE('',#13334,1.05);
#1929=CIRCLE('',#13336,1.9);
#1930=CIRCLE('',#13338,1.9);
#1931=CIRCLE('',#13353,1.05);
#1932=CIRCLE('',#13369,0.6);
#1933=CIRCLE('',#13370,0.6);
#1934=CIRCLE('',#13372,0.6);
#1935=CIRCLE('',#13377,1.9);
#1936=CIRCLE('',#13379,1.9);
#1937=CIRCLE('',#13381,1.9);
#1938=CIRCLE('',#13383,1.9);
#1939=CIRCLE('',#13384,1.05);
#1940=CIRCLE('',#13389,1.05);
#1941=CIRCLE('',#13461,0.6);
#1942=CIRCLE('',#13469,1.05);
#1943=CIRCLE('',#13489,4.);
#1944=CIRCLE('',#13492,4.);
#1945=CIRCLE('',#13497,1.05);
#1946=CIRCLE('',#13498,1.05);
#1947=CIRCLE('',#13500,1.05);
#1948=CIRCLE('',#13501,1.05);
#1949=CIRCLE('',#13503,1.05);
#1950=CIRCLE('',#13504,1.05);
#1951=CIRCLE('',#13506,1.05);
#1952=CIRCLE('',#13507,1.05);
#1953=CIRCLE('',#13509,1.05);
#1954=CIRCLE('',#13510,1.05);
#1955=CIRCLE('',#13512,1.05);
#1956=CIRCLE('',#13513,1.05);
#1957=CIRCLE('',#13515,1.05);
#1958=CIRCLE('',#13516,1.05);
#1959=CIRCLE('',#13518,1.05);
#1960=CIRCLE('',#13519,1.05);
#1961=CIRCLE('',#13521,1.05);
#1962=CIRCLE('',#13522,1.05);
#1963=CIRCLE('',#13524,1.05);
#1964=CIRCLE('',#13525,1.05);
#1965=CIRCLE('',#13527,1.05);
#1966=CIRCLE('',#13528,1.05);
#1967=CIRCLE('',#13530,1.05);
#1968=CIRCLE('',#13531,1.05);
#1969=CIRCLE('',#13533,1.05);
#1970=CIRCLE('',#13534,1.05);
#1971=CIRCLE('',#13536,1.05);
#1972=CIRCLE('',#13537,1.05);
#1973=CIRCLE('',#13539,1.05);
#1974=CIRCLE('',#13540,1.05);
#1975=CIRCLE('',#13542,1.05);
#1976=CIRCLE('',#13543,1.05);
#1977=LINE('',#16895,#3493);
#1978=LINE('',#16897,#3494);
#1979=LINE('',#16899,#3495);
#1980=LINE('',#16903,#3496);
#1981=LINE('',#16905,#3497);
#1982=LINE('',#16907,#3498);
#1983=LINE('',#16909,#3499);
#1984=LINE('',#16911,#3500);
#1985=LINE('',#16912,#3501);
#1986=LINE('',#16929,#3502);
#1987=LINE('',#16935,#3503);
#1988=LINE('',#16940,#3504);
#1989=LINE('',#16942,#3505);
#1990=LINE('',#16944,#3506);
#1991=LINE('',#16946,#3507);
#1992=LINE('',#16948,#3508);
#1993=LINE('',#16950,#3509);
#1994=LINE('',#16952,#3510);
#1995=LINE('',#16954,#3511);
#1996=LINE('',#16956,#3512);
#1997=LINE('',#16958,#3513);
#1998=LINE('',#16960,#3514);
#1999=LINE('',#16962,#3515);
#2000=LINE('',#16964,#3516);
#2001=LINE('',#16966,#3517);
#2002=LINE('',#16968,#3518);
#2003=LINE('',#16972,#3519);
#2004=LINE('',#16973,#3520);
#2005=LINE('',#16988,#3521);
#2006=LINE('',#16994,#3522);
#2007=LINE('',#17016,#3523);
#2008=LINE('',#17037,#3524);
#2009=LINE('',#17039,#3525);
#2010=LINE('',#17041,#3526);
#2011=LINE('',#17049,#3527);
#2012=LINE('',#17057,#3528);
#2013=LINE('',#17065,#3529);
#2014=LINE('',#17073,#3530);
#2015=LINE('',#17094,#3531);
#2016=LINE('',#17115,#3532);
#2017=LINE('',#17117,#3533);
#2018=LINE('',#17119,#3534);
#2019=LINE('',#17128,#3535);
#2020=LINE('',#17133,#3536);
#2021=LINE('',#17135,#3537);
#2022=LINE('',#17137,#3538);
#2023=LINE('',#17139,#3539);
#2024=LINE('',#17141,#3540);
#2025=LINE('',#17145,#3541);
#2026=LINE('',#17147,#3542);
#2027=LINE('',#17149,#3543);
#2028=LINE('',#17150,#3544);
#2029=LINE('',#17165,#3545);
#2030=LINE('',#17173,#3546);
#2031=LINE('',#17181,#3547);
#2032=LINE('',#17187,#3548);
#2033=LINE('',#17189,#3549);
#2034=LINE('',#17190,#3550);
#2035=LINE('',#17192,#3551);
#2036=LINE('',#17193,#3552);
#2037=LINE('',#17197,#3553);
#2038=LINE('',#17200,#3554);
#2039=LINE('',#17202,#3555);
#2040=LINE('',#17204,#3556);
#2041=LINE('',#17206,#3557);
#2042=LINE('',#17208,#3558);
#2043=LINE('',#17213,#3559);
#2044=LINE('',#17217,#3560);
#2045=LINE('',#17219,#3561);
#2046=LINE('',#17221,#3562);
#2047=LINE('',#17222,#3563);
#2048=LINE('',#17224,#3564);
#2049=LINE('',#17226,#3565);
#2050=LINE('',#17230,#3566);
#2051=LINE('',#17232,#3567);
#2052=LINE('',#17233,#3568);
#2053=LINE('',#17237,#3569);
#2054=LINE('',#17239,#3570);
#2055=LINE('',#17243,#3571);
#2056=LINE('',#17245,#3572);
#2057=LINE('',#17247,#3573);
#2058=LINE('',#17249,#3574);
#2059=LINE('',#17251,#3575);
#2060=LINE('',#17253,#3576);
#2061=LINE('',#17255,#3577);
#2062=LINE('',#17256,#3578);
#2063=LINE('',#17261,#3579);
#2064=LINE('',#17263,#3580);
#2065=LINE('',#17265,#3581);
#2066=LINE('',#17267,#3582);
#2067=LINE('',#17269,#3583);
#2068=LINE('',#17271,#3584);
#2069=LINE('',#17273,#3585);
#2070=LINE('',#17275,#3586);
#2071=LINE('',#17277,#3587);
#2072=LINE('',#17279,#3588);
#2073=LINE('',#17283,#3589);
#2074=LINE('',#17288,#3590);
#2075=LINE('',#17290,#3591);
#2076=LINE('',#17292,#3592);
#2077=LINE('',#17294,#3593);
#2078=LINE('',#17295,#3594);
#2079=LINE('',#17299,#3595);
#2080=LINE('',#17301,#3596);
#2081=LINE('',#17303,#3597);
#2082=LINE('',#17305,#3598);
#2083=LINE('',#17307,#3599);
#2084=LINE('',#17309,#3600);
#2085=LINE('',#17311,#3601);
#2086=LINE('',#17313,#3602);
#2087=LINE('',#17315,#3603);
#2088=LINE('',#17317,#3604);
#2089=LINE('',#17319,#3605);
#2090=LINE('',#17321,#3606);
#2091=LINE('',#17323,#3607);
#2092=LINE('',#17325,#3608);
#2093=LINE('',#17327,#3609);
#2094=LINE('',#17329,#3610);
#2095=LINE('',#17331,#3611);
#2096=LINE('',#17333,#3612);
#2097=LINE('',#17334,#3613);
#2098=LINE('',#17337,#3614);
#2099=LINE('',#17341,#3615);
#2100=LINE('',#17345,#3616);
#2101=LINE('',#17349,#3617);
#2102=LINE('',#17353,#3618);
#2103=LINE('',#17355,#3619);
#2104=LINE('',#17357,#3620);
#2105=LINE('',#17359,#3621);
#2106=LINE('',#17361,#3622);
#2107=LINE('',#17363,#3623);
#2108=LINE('',#17364,#3624);
#2109=LINE('',#17367,#3625);
#2110=LINE('',#17371,#3626);
#2111=LINE('',#17372,#3627);
#2112=LINE('',#17375,#3628);
#2113=LINE('',#17379,#3629);
#2114=LINE('',#17381,#3630);
#2115=LINE('',#17383,#3631);
#2116=LINE('',#17385,#3632);
#2117=LINE('',#17387,#3633);
#2118=LINE('',#17388,#3634);
#2119=LINE('',#17392,#3635);
#2120=LINE('',#17396,#3636);
#2121=LINE('',#17400,#3637);
#2122=LINE('',#17402,#3638);
#2123=LINE('',#17406,#3639);
#2124=LINE('',#17410,#3640);
#2125=LINE('',#17412,#3641);
#2126=LINE('',#17414,#3642);
#2127=LINE('',#17416,#3643);
#2128=LINE('',#17418,#3644);
#2129=LINE('',#17422,#3645);
#2130=LINE('',#17426,#3646);
#2131=LINE('',#17428,#3647);
#2132=LINE('',#17432,#3648);
#2133=LINE('',#17436,#3649);
#2134=LINE('',#17440,#3650);
#2135=LINE('',#17443,#3651);
#2136=LINE('',#17445,#3652);
#2137=LINE('',#17447,#3653);
#2138=LINE('',#17448,#3654);
#2139=LINE('',#17450,#3655);
#2140=LINE('',#17454,#3656);
#2141=LINE('',#17484,#3657);
#2142=LINE('',#17490,#3658);
#2143=LINE('',#17494,#3659);
#2144=LINE('',#17496,#3660);
#2145=LINE('',#17498,#3661);
#2146=LINE('',#17500,#3662);
#2147=LINE('',#17502,#3663);
#2148=LINE('',#17503,#3664);
#2149=LINE('',#17506,#3665);
#2150=LINE('',#17508,#3666);
#2151=LINE('',#17509,#3667);
#2152=LINE('',#17512,#3668);
#2153=LINE('',#17513,#3669);
#2154=LINE('',#17516,#3670);
#2155=LINE('',#17517,#3671);
#2156=LINE('',#17520,#3672);
#2157=LINE('',#17521,#3673);
#2158=LINE('',#17524,#3674);
#2159=LINE('',#17525,#3675);
#2160=LINE('',#17527,#3676);
#2161=LINE('',#17531,#3677);
#2162=LINE('',#17533,#3678);
#2163=LINE('',#17535,#3679);
#2164=LINE('',#17537,#3680);
#2165=LINE('',#17539,#3681);
#2166=LINE('',#17541,#3682);
#2167=LINE('',#17543,#3683);
#2168=LINE('',#17544,#3684);
#2169=LINE('',#17547,#3685);
#2170=LINE('',#17549,#3686);
#2171=LINE('',#17551,#3687);
#2172=LINE('',#17553,#3688);
#2173=LINE('',#17555,#3689);
#2174=LINE('',#17556,#3690);
#2175=LINE('',#17560,#3691);
#2176=LINE('',#17562,#3692);
#2177=LINE('',#17564,#3693);
#2178=LINE('',#17566,#3694);
#2179=LINE('',#17568,#3695);
#2180=LINE('',#17570,#3696);
#2181=LINE('',#17572,#3697);
#2182=LINE('',#17573,#3698);
#2183=LINE('',#17576,#3699);
#2184=LINE('',#17578,#3700);
#2185=LINE('',#17580,#3701);
#2186=LINE('',#17582,#3702);
#2187=LINE('',#17584,#3703);
#2188=LINE('',#17585,#3704);
#2189=LINE('',#17589,#3705);
#2190=LINE('',#17591,#3706);
#2191=LINE('',#17593,#3707);
#2192=LINE('',#17595,#3708);
#2193=LINE('',#17597,#3709);
#2194=LINE('',#17599,#3710);
#2195=LINE('',#17601,#3711);
#2196=LINE('',#17602,#3712);
#2197=LINE('',#17605,#3713);
#2198=LINE('',#17607,#3714);
#2199=LINE('',#17609,#3715);
#2200=LINE('',#17611,#3716);
#2201=LINE('',#17613,#3717);
#2202=LINE('',#17614,#3718);
#2203=LINE('',#17618,#3719);
#2204=LINE('',#17620,#3720);
#2205=LINE('',#17622,#3721);
#2206=LINE('',#17624,#3722);
#2207=LINE('',#17626,#3723);
#2208=LINE('',#17628,#3724);
#2209=LINE('',#17630,#3725);
#2210=LINE('',#17631,#3726);
#2211=LINE('',#17634,#3727);
#2212=LINE('',#17636,#3728);
#2213=LINE('',#17638,#3729);
#2214=LINE('',#17640,#3730);
#2215=LINE('',#17642,#3731);
#2216=LINE('',#17643,#3732);
#2217=LINE('',#17647,#3733);
#2218=LINE('',#17649,#3734);
#2219=LINE('',#17651,#3735);
#2220=LINE('',#17653,#3736);
#2221=LINE('',#17655,#3737);
#2222=LINE('',#17657,#3738);
#2223=LINE('',#17659,#3739);
#2224=LINE('',#17660,#3740);
#2225=LINE('',#17664,#3741);
#2226=LINE('',#17666,#3742);
#2227=LINE('',#17668,#3743);
#2228=LINE('',#17670,#3744);
#2229=LINE('',#17672,#3745);
#2230=LINE('',#17674,#3746);
#2231=LINE('',#17676,#3747);
#2232=LINE('',#17677,#3748);
#2233=LINE('',#17680,#3749);
#2234=LINE('',#17682,#3750);
#2235=LINE('',#17684,#3751);
#2236=LINE('',#17686,#3752);
#2237=LINE('',#17688,#3753);
#2238=LINE('',#17689,#3754);
#2239=LINE('',#17693,#3755);
#2240=LINE('',#17695,#3756);
#2241=LINE('',#17697,#3757);
#2242=LINE('',#17699,#3758);
#2243=LINE('',#17701,#3759);
#2244=LINE('',#17703,#3760);
#2245=LINE('',#17705,#3761);
#2246=LINE('',#17707,#3762);
#2247=LINE('',#17709,#3763);
#2248=LINE('',#17711,#3764);
#2249=LINE('',#17713,#3765);
#2250=LINE('',#17715,#3766);
#2251=LINE('',#17717,#3767);
#2252=LINE('',#17718,#3768);
#2253=LINE('',#17722,#3769);
#2254=LINE('',#17724,#3770);
#2255=LINE('',#17726,#3771);
#2256=LINE('',#17728,#3772);
#2257=LINE('',#17730,#3773);
#2258=LINE('',#17732,#3774);
#2259=LINE('',#17734,#3775);
#2260=LINE('',#17736,#3776);
#2261=LINE('',#17738,#3777);
#2262=LINE('',#17740,#3778);
#2263=LINE('',#17742,#3779);
#2264=LINE('',#17744,#3780);
#2265=LINE('',#17746,#3781);
#2266=LINE('',#17747,#3782);
#2267=LINE('',#17750,#3783);
#2268=LINE('',#17752,#3784);
#2269=LINE('',#17753,#3785);
#2270=LINE('',#17756,#3786);
#2271=LINE('',#17757,#3787);
#2272=LINE('',#17760,#3788);
#2273=LINE('',#17761,#3789);
#2274=LINE('',#17764,#3790);
#2275=LINE('',#17765,#3791);
#2276=LINE('',#17768,#3792);
#2277=LINE('',#17769,#3793);
#2278=LINE('',#17771,#3794);
#2279=LINE('',#17776,#3795);
#2280=LINE('',#17779,#3796);
#2281=LINE('',#17781,#3797);
#2282=LINE('',#17782,#3798);
#2283=LINE('',#17785,#3799);
#2284=LINE('',#17786,#3800);
#2285=LINE('',#17789,#3801);
#2286=LINE('',#17790,#3802);
#2287=LINE('',#17793,#3803);
#2288=LINE('',#17794,#3804);
#2289=LINE('',#17797,#3805);
#2290=LINE('',#17798,#3806);
#2291=LINE('',#17800,#3807);
#2292=LINE('',#17805,#3808);
#2293=LINE('',#17808,#3809);
#2294=LINE('',#17810,#3810);
#2295=LINE('',#17811,#3811);
#2296=LINE('',#17814,#3812);
#2297=LINE('',#17815,#3813);
#2298=LINE('',#17818,#3814);
#2299=LINE('',#17819,#3815);
#2300=LINE('',#17822,#3816);
#2301=LINE('',#17823,#3817);
#2302=LINE('',#17826,#3818);
#2303=LINE('',#17827,#3819);
#2304=LINE('',#17829,#3820);
#2305=LINE('',#17834,#3821);
#2306=LINE('',#17837,#3822);
#2307=LINE('',#17839,#3823);
#2308=LINE('',#17840,#3824);
#2309=LINE('',#17843,#3825);
#2310=LINE('',#17844,#3826);
#2311=LINE('',#17847,#3827);
#2312=LINE('',#17848,#3828);
#2313=LINE('',#17851,#3829);
#2314=LINE('',#17852,#3830);
#2315=LINE('',#17855,#3831);
#2316=LINE('',#17856,#3832);
#2317=LINE('',#17858,#3833);
#2318=LINE('',#17863,#3834);
#2319=LINE('',#17866,#3835);
#2320=LINE('',#17868,#3836);
#2321=LINE('',#17869,#3837);
#2322=LINE('',#17872,#3838);
#2323=LINE('',#17873,#3839);
#2324=LINE('',#17876,#3840);
#2325=LINE('',#17877,#3841);
#2326=LINE('',#17880,#3842);
#2327=LINE('',#17881,#3843);
#2328=LINE('',#17884,#3844);
#2329=LINE('',#17885,#3845);
#2330=LINE('',#17887,#3846);
#2331=LINE('',#17892,#3847);
#2332=LINE('',#17895,#3848);
#2333=LINE('',#17897,#3849);
#2334=LINE('',#17898,#3850);
#2335=LINE('',#17900,#3851);
#2336=LINE('',#17902,#3852);
#2337=LINE('',#17903,#3853);
#2338=LINE('',#17905,#3854);
#2339=LINE('',#17907,#3855);
#2340=LINE('',#17908,#3856);
#2341=LINE('',#17910,#3857);
#2342=LINE('',#17912,#3858);
#2343=LINE('',#17913,#3859);
#2344=LINE('',#17916,#3860);
#2345=LINE('',#17917,#3861);
#2346=LINE('',#17920,#3862);
#2347=LINE('',#17921,#3863);
#2348=LINE('',#17925,#3864);
#2349=LINE('',#17927,#3865);
#2350=LINE('',#17928,#3866);
#2351=LINE('',#17932,#3867);
#2352=LINE('',#17934,#3868);
#2353=LINE('',#17935,#3869);
#2354=LINE('',#17939,#3870);
#2355=LINE('',#17941,#3871);
#2356=LINE('',#17942,#3872);
#2357=LINE('',#17946,#3873);
#2358=LINE('',#17948,#3874);
#2359=LINE('',#17949,#3875);
#2360=LINE('',#17952,#3876);
#2361=LINE('',#17954,#3877);
#2362=LINE('',#17956,#3878);
#2363=LINE('',#17958,#3879);
#2364=LINE('',#17960,#3880);
#2365=LINE('',#17962,#3881);
#2366=LINE('',#17963,#3882);
#2367=LINE('',#17966,#3883);
#2368=LINE('',#17968,#3884);
#2369=LINE('',#17970,#3885);
#2370=LINE('',#17972,#3886);
#2371=LINE('',#17974,#3887);
#2372=LINE('',#17976,#3888);
#2373=LINE('',#17977,#3889);
#2374=LINE('',#17981,#3890);
#2375=LINE('',#17983,#3891);
#2376=LINE('',#17985,#3892);
#2377=LINE('',#17987,#3893);
#2378=LINE('',#17989,#3894);
#2379=LINE('',#17991,#3895);
#2380=LINE('',#17993,#3896);
#2381=LINE('',#17994,#3897);
#2382=LINE('',#17998,#3898);
#2383=LINE('',#18000,#3899);
#2384=LINE('',#18002,#3900);
#2385=LINE('',#18004,#3901);
#2386=LINE('',#18006,#3902);
#2387=LINE('',#18008,#3903);
#2388=LINE('',#18010,#3904);
#2389=LINE('',#18011,#3905);
#2390=LINE('',#18014,#3906);
#2391=LINE('',#18016,#3907);
#2392=LINE('',#18018,#3908);
#2393=LINE('',#18020,#3909);
#2394=LINE('',#18021,#3910);
#2395=LINE('',#18024,#3911);
#2396=LINE('',#18026,#3912);
#2397=LINE('',#18028,#3913);
#2398=LINE('',#18030,#3914);
#2399=LINE('',#18032,#3915);
#2400=LINE('',#18034,#3916);
#2401=LINE('',#18035,#3917);
#2402=LINE('',#18039,#3918);
#2403=LINE('',#18041,#3919);
#2404=LINE('',#18043,#3920);
#2405=LINE('',#18045,#3921);
#2406=LINE('',#18047,#3922);
#2407=LINE('',#18049,#3923);
#2408=LINE('',#18051,#3924);
#2409=LINE('',#18052,#3925);
#2410=LINE('',#18055,#3926);
#2411=LINE('',#18057,#3927);
#2412=LINE('',#18059,#3928);
#2413=LINE('',#18061,#3929);
#2414=LINE('',#18063,#3930);
#2415=LINE('',#18065,#3931);
#2416=LINE('',#18066,#3932);
#2417=LINE('',#18070,#3933);
#2418=LINE('',#18072,#3934);
#2419=LINE('',#18073,#3935);
#2420=LINE('',#18077,#3936);
#2421=LINE('',#18079,#3937);
#2422=LINE('',#18080,#3938);
#2423=LINE('',#18084,#3939);
#2424=LINE('',#18086,#3940);
#2425=LINE('',#18087,#3941);
#2426=LINE('',#18091,#3942);
#2427=LINE('',#18093,#3943);
#2428=LINE('',#18094,#3944);
#2429=LINE('',#18098,#3945);
#2430=LINE('',#18102,#3946);
#2431=LINE('',#18106,#3947);
#2432=LINE('',#18108,#3948);
#2433=LINE('',#18112,#3949);
#2434=LINE('',#18116,#3950);
#2435=LINE('',#18118,#3951);
#2436=LINE('',#18120,#3952);
#2437=LINE('',#18122,#3953);
#2438=LINE('',#18124,#3954);
#2439=LINE('',#18126,#3955);
#2440=LINE('',#18128,#3956);
#2441=LINE('',#18130,#3957);
#2442=LINE('',#18131,#3958);
#2443=LINE('',#18133,#3959);
#2444=LINE('',#18137,#3960);
#2445=LINE('',#18142,#3961);
#2446=LINE('',#18145,#3962);
#2447=LINE('',#18147,#3963);
#2448=LINE('',#18149,#3964);
#2449=LINE('',#18151,#3965);
#2450=LINE('',#18153,#3966);
#2451=LINE('',#18155,#3967);
#2452=LINE('',#18157,#3968);
#2453=LINE('',#18159,#3969);
#2454=LINE('',#18161,#3970);
#2455=LINE('',#18163,#3971);
#2456=LINE('',#18167,#3972);
#2457=LINE('',#18171,#3973);
#2458=LINE('',#18173,#3974);
#2459=LINE('',#18177,#3975);
#2460=LINE('',#18181,#3976);
#2461=LINE('',#18185,#3977);
#2462=LINE('',#18187,#3978);
#2463=LINE('',#18188,#3979);
#2464=LINE('',#18192,#3980);
#2465=LINE('',#18196,#3981);
#2466=LINE('',#18200,#3982);
#2467=LINE('',#18202,#3983);
#2468=LINE('',#18204,#3984);
#2469=LINE('',#18205,#3985);
#2470=LINE('',#18206,#3986);
#2471=LINE('',#18207,#3987);
#2472=LINE('',#18208,#3988);
#2473=LINE('',#18209,#3989);
#2474=LINE('',#18210,#3990);
#2475=LINE('',#18211,#3991);
#2476=LINE('',#18213,#3992);
#2477=LINE('',#18215,#3993);
#2478=LINE('',#18216,#3994);
#2479=LINE('',#18218,#3995);
#2480=LINE('',#18220,#3996);
#2481=LINE('',#18224,#3997);
#2482=LINE('',#18226,#3998);
#2483=LINE('',#18227,#3999);
#2484=LINE('',#18230,#4000);
#2485=LINE('',#18233,#4001);
#2486=LINE('',#18234,#4002);
#2487=LINE('',#18236,#4003);
#2488=LINE('',#18238,#4004);
#2489=LINE('',#18240,#4005);
#2490=LINE('',#18242,#4006);
#2491=LINE('',#18244,#4007);
#2492=LINE('',#18246,#4008);
#2493=LINE('',#18248,#4009);
#2494=LINE('',#18250,#4010);
#2495=LINE('',#18254,#4011);
#2496=LINE('',#18255,#4012);
#2497=LINE('',#18267,#4013);
#2498=LINE('',#18269,#4014);
#2499=LINE('',#18271,#4015);
#2500=LINE('',#18273,#4016);
#2501=LINE('',#18275,#4017);
#2502=LINE('',#18277,#4018);
#2503=LINE('',#18279,#4019);
#2504=LINE('',#18281,#4020);
#2505=LINE('',#18283,#4021);
#2506=LINE('',#18285,#4022);
#2507=LINE('',#18287,#4023);
#2508=LINE('',#18288,#4024);
#2509=LINE('',#18289,#4025);
#2510=LINE('',#18290,#4026);
#2511=LINE('',#18294,#4027);
#2512=LINE('',#18298,#4028);
#2513=LINE('',#18301,#4029);
#2514=LINE('',#18303,#4030);
#2515=LINE('',#18305,#4031);
#2516=LINE('',#18307,#4032);
#2517=LINE('',#18310,#4033);
#2518=LINE('',#18312,#4034);
#2519=LINE('',#18314,#4035);
#2520=LINE('',#18316,#4036);
#2521=LINE('',#18318,#4037);
#2522=LINE('',#18320,#4038);
#2523=LINE('',#18324,#4039);
#2524=LINE('',#18328,#4040);
#2525=LINE('',#18332,#4041);
#2526=LINE('',#18334,#4042);
#2527=LINE('',#18335,#4043);
#2528=LINE('',#18339,#4044);
#2529=LINE('',#18341,#4045);
#2530=LINE('',#18342,#4046);
#2531=LINE('',#18346,#4047);
#2532=LINE('',#18348,#4048);
#2533=LINE('',#18350,#4049);
#2534=LINE('',#18351,#4050);
#2535=LINE('',#18352,#4051);
#2536=LINE('',#18353,#4052);
#2537=LINE('',#18354,#4053);
#2538=LINE('',#18355,#4054);
#2539=LINE('',#18356,#4055);
#2540=LINE('',#18357,#4056);
#2541=LINE('',#18359,#4057);
#2542=LINE('',#18361,#4058);
#2543=LINE('',#18362,#4059);
#2544=LINE('',#18363,#4060);
#2545=LINE('',#18367,#4061);
#2546=LINE('',#18371,#4062);
#2547=LINE('',#18374,#4063);
#2548=LINE('',#18376,#4064);
#2549=LINE('',#18378,#4065);
#2550=LINE('',#18380,#4066);
#2551=LINE('',#18384,#4067);
#2552=LINE('',#18386,#4068);
#2553=LINE('',#18388,#4069);
#2554=LINE('',#18389,#4070);
#2555=LINE('',#18392,#4071);
#2556=LINE('',#18393,#4072);
#2557=LINE('',#18397,#4073);
#2558=LINE('',#18400,#4074);
#2559=LINE('',#18402,#4075);
#2560=LINE('',#18404,#4076);
#2561=LINE('',#18406,#4077);
#2562=LINE('',#18408,#4078);
#2563=LINE('',#18410,#4079);
#2564=LINE('',#18412,#4080);
#2565=LINE('',#18414,#4081);
#2566=LINE('',#18419,#4082);
#2567=LINE('',#18421,#4083);
#2568=LINE('',#18423,#4084);
#2569=LINE('',#18425,#4085);
#2570=LINE('',#18427,#4086);
#2571=LINE('',#18429,#4087);
#2572=LINE('',#18431,#4088);
#2573=LINE('',#18432,#4089);
#2574=LINE('',#18434,#4090);
#2575=LINE('',#18438,#4091);
#2576=LINE('',#18442,#4092);
#2577=LINE('',#18444,#4093);
#2578=LINE('',#18445,#4094);
#2579=LINE('',#18449,#4095);
#2580=LINE('',#18451,#4096);
#2581=LINE('',#18454,#4097);
#2582=LINE('',#18455,#4098);
#2583=LINE('',#18456,#4099);
#2584=LINE('',#18461,#4100);
#2585=LINE('',#18464,#4101);
#2586=LINE('',#18465,#4102);
#2587=LINE('',#18466,#4103);
#2588=LINE('',#18468,#4104);
#2589=LINE('',#18471,#4105);
#2590=LINE('',#18477,#4106);
#2591=LINE('',#18478,#4107);
#2592=LINE('',#18481,#4108);
#2593=LINE('',#18482,#4109);
#2594=LINE('',#18484,#4110);
#2595=LINE('',#18487,#4111);
#2596=LINE('',#18489,#4112);
#2597=LINE('',#18491,#4113);
#2598=LINE('',#18493,#4114);
#2599=LINE('',#18494,#4115);
#2600=LINE('',#18495,#4116);
#2601=LINE('',#18496,#4117);
#2602=LINE('',#18501,#4118);
#2603=LINE('',#18502,#4119);
#2604=LINE('',#18506,#4120);
#2605=LINE('',#18507,#4121);
#2606=LINE('',#18509,#4122);
#2607=LINE('',#18510,#4123);
#2608=LINE('',#18514,#4124);
#2609=LINE('',#18515,#4125);
#2610=LINE('',#18518,#4126);
#2611=LINE('',#18521,#4127);
#2612=LINE('',#18523,#4128);
#2613=LINE('',#18524,#4129);
#2614=LINE('',#18525,#4130);
#2615=LINE('',#18526,#4131);
#2616=LINE('',#18528,#4132);
#2617=LINE('',#18529,#4133);
#2618=LINE('',#18530,#4134);
#2619=LINE('',#18533,#4135);
#2620=LINE('',#18535,#4136);
#2621=LINE('',#18536,#4137);
#2622=LINE('',#18537,#4138);
#2623=LINE('',#18538,#4139);
#2624=LINE('',#18539,#4140);
#2625=LINE('',#18542,#4141);
#2626=LINE('',#18543,#4142);
#2627=LINE('',#18546,#4143);
#2628=LINE('',#18548,#4144);
#2629=LINE('',#18550,#4145);
#2630=LINE('',#18551,#4146);
#2631=LINE('',#18555,#4147);
#2632=LINE('',#18557,#4148);
#2633=LINE('',#18559,#4149);
#2634=LINE('',#18562,#4150);
#2635=LINE('',#18565,#4151);
#2636=LINE('',#18566,#4152);
#2637=LINE('',#18567,#4153);
#2638=LINE('',#18569,#4154);
#2639=LINE('',#18570,#4155);
#2640=LINE('',#18571,#4156);
#2641=LINE('',#18572,#4157);
#2642=LINE('',#18576,#4158);
#2643=LINE('',#18579,#4159);
#2644=LINE('',#18581,#4160);
#2645=LINE('',#18585,#4161);
#2646=LINE('',#18586,#4162);
#2647=LINE('',#18587,#4163);
#2648=LINE('',#18589,#4164);
#2649=LINE('',#18590,#4165);
#2650=LINE('',#18591,#4166);
#2651=LINE('',#18592,#4167);
#2652=LINE('',#18593,#4168);
#2653=LINE('',#18594,#4169);
#2654=LINE('',#18596,#4170);
#2655=LINE('',#18598,#4171);
#2656=LINE('',#18601,#4172);
#2657=LINE('',#18603,#4173);
#2658=LINE('',#18606,#4174);
#2659=LINE('',#18608,#4175);
#2660=LINE('',#18611,#4176);
#2661=LINE('',#18613,#4177);
#2662=LINE('',#18616,#4178);
#2663=LINE('',#18618,#4179);
#2664=LINE('',#18621,#4180);
#2665=LINE('',#18623,#4181);
#2666=LINE('',#18627,#4182);
#2667=LINE('',#18628,#4183);
#2668=LINE('',#18630,#4184);
#2669=LINE('',#18633,#4185);
#2670=LINE('',#18635,#4186);
#2671=LINE('',#18637,#4187);
#2672=LINE('',#18639,#4188);
#2673=LINE('',#18640,#4189);
#2674=LINE('',#18642,#4190);
#2675=LINE('',#18644,#4191);
#2676=LINE('',#18645,#4192);
#2677=LINE('',#18647,#4193);
#2678=LINE('',#18650,#4194);
#2679=LINE('',#18652,#4195);
#2680=LINE('',#18653,#4196);
#2681=LINE('',#18655,#4197);
#2682=LINE('',#18657,#4198);
#2683=LINE('',#18660,#4199);
#2684=LINE('',#18662,#4200);
#2685=LINE('',#18663,#4201);
#2686=LINE('',#18664,#4202);
#2687=LINE('',#18666,#4203);
#2688=LINE('',#18668,#4204);
#2689=LINE('',#18670,#4205);
#2690=LINE('',#18672,#4206);
#2691=LINE('',#18673,#4207);
#2692=LINE('',#18675,#4208);
#2693=LINE('',#18678,#4209);
#2694=LINE('',#18681,#4210);
#2695=LINE('',#18683,#4211);
#2696=LINE('',#18687,#4212);
#2697=LINE('',#18691,#4213);
#2698=LINE('',#18692,#4214);
#2699=LINE('',#18695,#4215);
#2700=LINE('',#18697,#4216);
#2701=LINE('',#18699,#4217);
#2702=LINE('',#18700,#4218);
#2703=LINE('',#18704,#4219);
#2704=LINE('',#18706,#4220);
#2705=LINE('',#18708,#4221);
#2706=LINE('',#18711,#4222);
#2707=LINE('',#18716,#4223);
#2708=LINE('',#18717,#4224);
#2709=LINE('',#18721,#4225);
#2710=LINE('',#18722,#4226);
#2711=LINE('',#18724,#4227);
#2712=LINE('',#18725,#4228);
#2713=LINE('',#18729,#4229);
#2714=LINE('',#18730,#4230);
#2715=LINE('',#18733,#4231);
#2716=LINE('',#18736,#4232);
#2717=LINE('',#18738,#4233);
#2718=LINE('',#18740,#4234);
#2719=LINE('',#18745,#4235);
#2720=LINE('',#18747,#4236);
#2721=LINE('',#18748,#4237);
#2722=LINE('',#18749,#4238);
#2723=LINE('',#18750,#4239);
#2724=LINE('',#18753,#4240);
#2725=LINE('',#18754,#4241);
#2726=LINE('',#18758,#4242);
#2727=LINE('',#18759,#4243);
#2728=LINE('',#18761,#4244);
#2729=LINE('',#18762,#4245);
#2730=LINE('',#18766,#4246);
#2731=LINE('',#18767,#4247);
#2732=LINE('',#18770,#4248);
#2733=LINE('',#18773,#4249);
#2734=LINE('',#18777,#4250);
#2735=LINE('',#18779,#4251);
#2736=LINE('',#18787,#4252);
#2737=LINE('',#18789,#4253);
#2738=LINE('',#18791,#4254);
#2739=LINE('',#18793,#4255);
#2740=LINE('',#18795,#4256);
#2741=LINE('',#18797,#4257);
#2742=LINE('',#18799,#4258);
#2743=LINE('',#18801,#4259);
#2744=LINE('',#18803,#4260);
#2745=LINE('',#18805,#4261);
#2746=LINE('',#18807,#4262);
#2747=LINE('',#18809,#4263);
#2748=LINE('',#18811,#4264);
#2749=LINE('',#18814,#4265);
#2750=LINE('',#18816,#4266);
#2751=LINE('',#18818,#4267);
#2752=LINE('',#18820,#4268);
#2753=LINE('',#18822,#4269);
#2754=LINE('',#18824,#4270);
#2755=LINE('',#18826,#4271);
#2756=LINE('',#18828,#4272);
#2757=LINE('',#18830,#4273);
#2758=LINE('',#18832,#4274);
#2759=LINE('',#18834,#4275);
#2760=LINE('',#18836,#4276);
#2761=LINE('',#18838,#4277);
#2762=LINE('',#18844,#4278);
#2763=LINE('',#18845,#4279);
#2764=LINE('',#18846,#4280);
#2765=LINE('',#18848,#4281);
#2766=LINE('',#18850,#4282);
#2767=LINE('',#18852,#4283);
#2768=LINE('',#18854,#4284);
#2769=LINE('',#18855,#4285);
#2770=LINE('',#18858,#4286);
#2771=LINE('',#18859,#4287);
#2772=LINE('',#18862,#4288);
#2773=LINE('',#18864,#4289);
#2774=LINE('',#18866,#4290);
#2775=LINE('',#18867,#4291);
#2776=LINE('',#18871,#4292);
#2777=LINE('',#18873,#4293);
#2778=LINE('',#18875,#4294);
#2779=LINE('',#18878,#4295);
#2780=LINE('',#18881,#4296);
#2781=LINE('',#18884,#4297);
#2782=LINE('',#18886,#4298);
#2783=LINE('',#18889,#4299);
#2784=LINE('',#18891,#4300);
#2785=LINE('',#18895,#4301);
#2786=LINE('',#18897,#4302);
#2787=LINE('',#18900,#4303);
#2788=LINE('',#18902,#4304);
#2789=LINE('',#18905,#4305);
#2790=LINE('',#18907,#4306);
#2791=LINE('',#18916,#4307);
#2792=LINE('',#18918,#4308);
#2793=LINE('',#18924,#4309);
#2794=LINE('',#18926,#4310);
#2795=LINE('',#18928,#4311);
#2796=LINE('',#18930,#4312);
#2797=LINE('',#18932,#4313);
#2798=LINE('',#18934,#4314);
#2799=LINE('',#18936,#4315);
#2800=LINE('',#18938,#4316);
#2801=LINE('',#18940,#4317);
#2802=LINE('',#18942,#4318);
#2803=LINE('',#18944,#4319);
#2804=LINE('',#18945,#4320);
#2805=LINE('',#18964,#4321);
#2806=LINE('',#18966,#4322);
#2807=LINE('',#18970,#4323);
#2808=LINE('',#18972,#4324);
#2809=LINE('',#18974,#4325);
#2810=LINE('',#18977,#4326);
#2811=LINE('',#18981,#4327);
#2812=LINE('',#18985,#4328);
#2813=LINE('',#18987,#4329);
#2814=LINE('',#18989,#4330);
#2815=LINE('',#18991,#4331);
#2816=LINE('',#18993,#4332);
#2817=LINE('',#18994,#4333);
#2818=LINE('',#18997,#4334);
#2819=LINE('',#18999,#4335);
#2820=LINE('',#19000,#4336);
#2821=LINE('',#19003,#4337);
#2822=LINE('',#19004,#4338);
#2823=LINE('',#19007,#4339);
#2824=LINE('',#19008,#4340);
#2825=LINE('',#19011,#4341);
#2826=LINE('',#19012,#4342);
#2827=LINE('',#19015,#4343);
#2828=LINE('',#19016,#4344);
#2829=LINE('',#19018,#4345);
#2830=LINE('',#19022,#4346);
#2831=LINE('',#19024,#4347);
#2832=LINE('',#19026,#4348);
#2833=LINE('',#19028,#4349);
#2834=LINE('',#19030,#4350);
#2835=LINE('',#19032,#4351);
#2836=LINE('',#19034,#4352);
#2837=LINE('',#19035,#4353);
#2838=LINE('',#19038,#4354);
#2839=LINE('',#19040,#4355);
#2840=LINE('',#19042,#4356);
#2841=LINE('',#19044,#4357);
#2842=LINE('',#19046,#4358);
#2843=LINE('',#19047,#4359);
#2844=LINE('',#19051,#4360);
#2845=LINE('',#19053,#4361);
#2846=LINE('',#19055,#4362);
#2847=LINE('',#19057,#4363);
#2848=LINE('',#19059,#4364);
#2849=LINE('',#19061,#4365);
#2850=LINE('',#19063,#4366);
#2851=LINE('',#19064,#4367);
#2852=LINE('',#19067,#4368);
#2853=LINE('',#19069,#4369);
#2854=LINE('',#19071,#4370);
#2855=LINE('',#19073,#4371);
#2856=LINE('',#19075,#4372);
#2857=LINE('',#19076,#4373);
#2858=LINE('',#19080,#4374);
#2859=LINE('',#19082,#4375);
#2860=LINE('',#19084,#4376);
#2861=LINE('',#19086,#4377);
#2862=LINE('',#19088,#4378);
#2863=LINE('',#19090,#4379);
#2864=LINE('',#19092,#4380);
#2865=LINE('',#19093,#4381);
#2866=LINE('',#19096,#4382);
#2867=LINE('',#19098,#4383);
#2868=LINE('',#19100,#4384);
#2869=LINE('',#19102,#4385);
#2870=LINE('',#19104,#4386);
#2871=LINE('',#19105,#4387);
#2872=LINE('',#19109,#4388);
#2873=LINE('',#19111,#4389);
#2874=LINE('',#19113,#4390);
#2875=LINE('',#19115,#4391);
#2876=LINE('',#19117,#4392);
#2877=LINE('',#19119,#4393);
#2878=LINE('',#19121,#4394);
#2879=LINE('',#19122,#4395);
#2880=LINE('',#19125,#4396);
#2881=LINE('',#19127,#4397);
#2882=LINE('',#19129,#4398);
#2883=LINE('',#19131,#4399);
#2884=LINE('',#19133,#4400);
#2885=LINE('',#19134,#4401);
#2886=LINE('',#19138,#4402);
#2887=LINE('',#19140,#4403);
#2888=LINE('',#19142,#4404);
#2889=LINE('',#19144,#4405);
#2890=LINE('',#19146,#4406);
#2891=LINE('',#19148,#4407);
#2892=LINE('',#19150,#4408);
#2893=LINE('',#19151,#4409);
#2894=LINE('',#19155,#4410);
#2895=LINE('',#19157,#4411);
#2896=LINE('',#19159,#4412);
#2897=LINE('',#19161,#4413);
#2898=LINE('',#19163,#4414);
#2899=LINE('',#19165,#4415);
#2900=LINE('',#19167,#4416);
#2901=LINE('',#19168,#4417);
#2902=LINE('',#19171,#4418);
#2903=LINE('',#19173,#4419);
#2904=LINE('',#19175,#4420);
#2905=LINE('',#19177,#4421);
#2906=LINE('',#19179,#4422);
#2907=LINE('',#19180,#4423);
#2908=LINE('',#19184,#4424);
#2909=LINE('',#19186,#4425);
#2910=LINE('',#19188,#4426);
#2911=LINE('',#19190,#4427);
#2912=LINE('',#19192,#4428);
#2913=LINE('',#19194,#4429);
#2914=LINE('',#19196,#4430);
#2915=LINE('',#19198,#4431);
#2916=LINE('',#19200,#4432);
#2917=LINE('',#19202,#4433);
#2918=LINE('',#19204,#4434);
#2919=LINE('',#19206,#4435);
#2920=LINE('',#19208,#4436);
#2921=LINE('',#19209,#4437);
#2922=LINE('',#19213,#4438);
#2923=LINE('',#19215,#4439);
#2924=LINE('',#19217,#4440);
#2925=LINE('',#19219,#4441);
#2926=LINE('',#19221,#4442);
#2927=LINE('',#19223,#4443);
#2928=LINE('',#19225,#4444);
#2929=LINE('',#19227,#4445);
#2930=LINE('',#19229,#4446);
#2931=LINE('',#19231,#4447);
#2932=LINE('',#19233,#4448);
#2933=LINE('',#19235,#4449);
#2934=LINE('',#19237,#4450);
#2935=LINE('',#19238,#4451);
#2936=LINE('',#19241,#4452);
#2937=LINE('',#19243,#4453);
#2938=LINE('',#19244,#4454);
#2939=LINE('',#19247,#4455);
#2940=LINE('',#19248,#4456);
#2941=LINE('',#19251,#4457);
#2942=LINE('',#19252,#4458);
#2943=LINE('',#19255,#4459);
#2944=LINE('',#19256,#4460);
#2945=LINE('',#19259,#4461);
#2946=LINE('',#19260,#4462);
#2947=LINE('',#19262,#4463);
#2948=LINE('',#19267,#4464);
#2949=LINE('',#19270,#4465);
#2950=LINE('',#19272,#4466);
#2951=LINE('',#19273,#4467);
#2952=LINE('',#19276,#4468);
#2953=LINE('',#19277,#4469);
#2954=LINE('',#19280,#4470);
#2955=LINE('',#19281,#4471);
#2956=LINE('',#19284,#4472);
#2957=LINE('',#19285,#4473);
#2958=LINE('',#19288,#4474);
#2959=LINE('',#19289,#4475);
#2960=LINE('',#19291,#4476);
#2961=LINE('',#19296,#4477);
#2962=LINE('',#19299,#4478);
#2963=LINE('',#19301,#4479);
#2964=LINE('',#19302,#4480);
#2965=LINE('',#19305,#4481);
#2966=LINE('',#19306,#4482);
#2967=LINE('',#19309,#4483);
#2968=LINE('',#19310,#4484);
#2969=LINE('',#19313,#4485);
#2970=LINE('',#19314,#4486);
#2971=LINE('',#19317,#4487);
#2972=LINE('',#19318,#4488);
#2973=LINE('',#19320,#4489);
#2974=LINE('',#19325,#4490);
#2975=LINE('',#19328,#4491);
#2976=LINE('',#19330,#4492);
#2977=LINE('',#19331,#4493);
#2978=LINE('',#19334,#4494);
#2979=LINE('',#19335,#4495);
#2980=LINE('',#19338,#4496);
#2981=LINE('',#19339,#4497);
#2982=LINE('',#19342,#4498);
#2983=LINE('',#19343,#4499);
#2984=LINE('',#19346,#4500);
#2985=LINE('',#19347,#4501);
#2986=LINE('',#19349,#4502);
#2987=LINE('',#19354,#4503);
#2988=LINE('',#19357,#4504);
#2989=LINE('',#19359,#4505);
#2990=LINE('',#19360,#4506);
#2991=LINE('',#19363,#4507);
#2992=LINE('',#19364,#4508);
#2993=LINE('',#19367,#4509);
#2994=LINE('',#19368,#4510);
#2995=LINE('',#19371,#4511);
#2996=LINE('',#19372,#4512);
#2997=LINE('',#19375,#4513);
#2998=LINE('',#19376,#4514);
#2999=LINE('',#19378,#4515);
#3000=LINE('',#19383,#4516);
#3001=LINE('',#19387,#4517);
#3002=LINE('',#19389,#4518);
#3003=LINE('',#19391,#4519);
#3004=LINE('',#19393,#4520);
#3005=LINE('',#19395,#4521);
#3006=LINE('',#19397,#4522);
#3007=LINE('',#19399,#4523);
#3008=LINE('',#19401,#4524);
#3009=LINE('',#19403,#4525);
#3010=LINE('',#19404,#4526);
#3011=LINE('',#19406,#4527);
#3012=LINE('',#19408,#4528);
#3013=LINE('',#19409,#4529);
#3014=LINE('',#19411,#4530);
#3015=LINE('',#19413,#4531);
#3016=LINE('',#19414,#4532);
#3017=LINE('',#19415,#4533);
#3018=LINE('',#19418,#4534);
#3019=LINE('',#19420,#4535);
#3020=LINE('',#19422,#4536);
#3021=LINE('',#19424,#4537);
#3022=LINE('',#19425,#4538);
#3023=LINE('',#19428,#4539);
#3024=LINE('',#19430,#4540);
#3025=LINE('',#19432,#4541);
#3026=LINE('',#19434,#4542);
#3027=LINE('',#19436,#4543);
#3028=LINE('',#19438,#4544);
#3029=LINE('',#19439,#4545);
#3030=LINE('',#19442,#4546);
#3031=LINE('',#19444,#4547);
#3032=LINE('',#19446,#4548);
#3033=LINE('',#19448,#4549);
#3034=LINE('',#19450,#4550);
#3035=LINE('',#19452,#4551);
#3036=LINE('',#19453,#4552);
#3037=LINE('',#19456,#4553);
#3038=LINE('',#19458,#4554);
#3039=LINE('',#19460,#4555);
#3040=LINE('',#19462,#4556);
#3041=LINE('',#19463,#4557);
#3042=LINE('',#19467,#4558);
#3043=LINE('',#19469,#4559);
#3044=LINE('',#19471,#4560);
#3045=LINE('',#19473,#4561);
#3046=LINE('',#19475,#4562);
#3047=LINE('',#19476,#4563);
#3048=LINE('',#19480,#4564);
#3049=LINE('',#19482,#4565);
#3050=LINE('',#19484,#4566);
#3051=LINE('',#19486,#4567);
#3052=LINE('',#19488,#4568);
#3053=LINE('',#19489,#4569);
#3054=LINE('',#19493,#4570);
#3055=LINE('',#19495,#4571);
#3056=LINE('',#19497,#4572);
#3057=LINE('',#19499,#4573);
#3058=LINE('',#19501,#4574);
#3059=LINE('',#19502,#4575);
#3060=LINE('',#19506,#4576);
#3061=LINE('',#19508,#4577);
#3062=LINE('',#19510,#4578);
#3063=LINE('',#19512,#4579);
#3064=LINE('',#19514,#4580);
#3065=LINE('',#19516,#4581);
#3066=LINE('',#19518,#4582);
#3067=LINE('',#19519,#4583);
#3068=LINE('',#19523,#4584);
#3069=LINE('',#19525,#4585);
#3070=LINE('',#19527,#4586);
#3071=LINE('',#19529,#4587);
#3072=LINE('',#19531,#4588);
#3073=LINE('',#19533,#4589);
#3074=LINE('',#19535,#4590);
#3075=LINE('',#19536,#4591);
#3076=LINE('',#19540,#4592);
#3077=LINE('',#19542,#4593);
#3078=LINE('',#19544,#4594);
#3079=LINE('',#19546,#4595);
#3080=LINE('',#19548,#4596);
#3081=LINE('',#19549,#4597);
#3082=LINE('',#19553,#4598);
#3083=LINE('',#19555,#4599);
#3084=LINE('',#19556,#4600);
#3085=LINE('',#19560,#4601);
#3086=LINE('',#19562,#4602);
#3087=LINE('',#19563,#4603);
#3088=LINE('',#19567,#4604);
#3089=LINE('',#19569,#4605);
#3090=LINE('',#19570,#4606);
#3091=LINE('',#19574,#4607);
#3092=LINE('',#19576,#4608);
#3093=LINE('',#19577,#4609);
#3094=LINE('',#19580,#4610);
#3095=LINE('',#19581,#4611);
#3096=LINE('',#19584,#4612);
#3097=LINE('',#19586,#4613);
#3098=LINE('',#19587,#4614);
#3099=LINE('',#19591,#4615);
#3100=LINE('',#19592,#4616);
#3101=LINE('',#19593,#4617);
#3102=LINE('',#19597,#4618);
#3103=LINE('',#19599,#4619);
#3104=LINE('',#19601,#4620);
#3105=LINE('',#19602,#4621);
#3106=LINE('',#19604,#4622);
#3107=LINE('',#19605,#4623);
#3108=LINE('',#19611,#4624);
#3109=LINE('',#19613,#4625);
#3110=LINE('',#19615,#4626);
#3111=LINE('',#19617,#4627);
#3112=LINE('',#19618,#4628);
#3113=LINE('',#19620,#4629);
#3114=LINE('',#19621,#4630);
#3115=LINE('',#19626,#4631);
#3116=LINE('',#19632,#4632);
#3117=LINE('',#19644,#4633);
#3118=LINE('',#19649,#4634);
#3119=LINE('',#19651,#4635);
#3120=LINE('',#19653,#4636);
#3121=LINE('',#19655,#4637);
#3122=LINE('',#19657,#4638);
#3123=LINE('',#19659,#4639);
#3124=LINE('',#19661,#4640);
#3125=LINE('',#19663,#4641);
#3126=LINE('',#19665,#4642);
#3127=LINE('',#19666,#4643);
#3128=LINE('',#19672,#4644);
#3129=LINE('',#19674,#4645);
#3130=LINE('',#19676,#4646);
#3131=LINE('',#19678,#4647);
#3132=LINE('',#19680,#4648);
#3133=LINE('',#19681,#4649);
#3134=LINE('',#19683,#4650);
#3135=LINE('',#19685,#4651);
#3136=LINE('',#19687,#4652);
#3137=LINE('',#19688,#4653);
#3138=LINE('',#19691,#4654);
#3139=LINE('',#19693,#4655);
#3140=LINE('',#19695,#4656);
#3141=LINE('',#19697,#4657);
#3142=LINE('',#19699,#4658);
#3143=LINE('',#19700,#4659);
#3144=LINE('',#19701,#4660);
#3145=LINE('',#19703,#4661);
#3146=LINE('',#19704,#4662);
#3147=LINE('',#19706,#4663);
#3148=LINE('',#19709,#4664);
#3149=LINE('',#19711,#4665);
#3150=LINE('',#19713,#4666);
#3151=LINE('',#19714,#4667);
#3152=LINE('',#19715,#4668);
#3153=LINE('',#19716,#4669);
#3154=LINE('',#19718,#4670);
#3155=LINE('',#19719,#4671);
#3156=LINE('',#19723,#4672);
#3157=LINE('',#19725,#4673);
#3158=LINE('',#19726,#4674);
#3159=LINE('',#19728,#4675);
#3160=LINE('',#19730,#4676);
#3161=LINE('',#19731,#4677);
#3162=LINE('',#19732,#4678);
#3163=LINE('',#19733,#4679);
#3164=LINE('',#19735,#4680);
#3165=LINE('',#19737,#4681);
#3166=LINE('',#19738,#4682);
#3167=LINE('',#19740,#4683);
#3168=LINE('',#19741,#4684);
#3169=LINE('',#19744,#4685);
#3170=LINE('',#19745,#4686);
#3171=LINE('',#19748,#4687);
#3172=LINE('',#19750,#4688);
#3173=LINE('',#19751,#4689);
#3174=LINE('',#19753,#4690);
#3175=LINE('',#19755,#4691);
#3176=LINE('',#19756,#4692);
#3177=LINE('',#19758,#4693);
#3178=LINE('',#19759,#4694);
#3179=LINE('',#19762,#4695);
#3180=LINE('',#19764,#4696);
#3181=LINE('',#19766,#4697);
#3182=LINE('',#19767,#4698);
#3183=LINE('',#19770,#4699);
#3184=LINE('',#19772,#4700);
#3185=LINE('',#19773,#4701);
#3186=LINE('',#19774,#4702);
#3187=LINE('',#19775,#4703);
#3188=LINE('',#19776,#4704);
#3189=LINE('',#19779,#4705);
#3190=LINE('',#19780,#4706);
#3191=LINE('',#19784,#4707);
#3192=LINE('',#19786,#4708);
#3193=LINE('',#19787,#4709);
#3194=LINE('',#19788,#4710);
#3195=LINE('',#19792,#4711);
#3196=LINE('',#19793,#4712);
#3197=LINE('',#19795,#4713);
#3198=LINE('',#19799,#4714);
#3199=LINE('',#19804,#4715);
#3200=LINE('',#19806,#4716);
#3201=LINE('',#19807,#4717);
#3202=LINE('',#19809,#4718);
#3203=LINE('',#19810,#4719);
#3204=LINE('',#19811,#4720);
#3205=LINE('',#19812,#4721);
#3206=LINE('',#19813,#4722);
#3207=LINE('',#19814,#4723);
#3208=LINE('',#19818,#4724);
#3209=LINE('',#19819,#4725);
#3210=LINE('',#19820,#4726);
#3211=LINE('',#19821,#4727);
#3212=LINE('',#19823,#4728);
#3213=LINE('',#19825,#4729);
#3214=LINE('',#19826,#4730);
#3215=LINE('',#19828,#4731);
#3216=LINE('',#19830,#4732);
#3217=LINE('',#19831,#4733);
#3218=LINE('',#19833,#4734);
#3219=LINE('',#19835,#4735);
#3220=LINE('',#19836,#4736);
#3221=LINE('',#19837,#4737);
#3222=LINE('',#19841,#4738);
#3223=LINE('',#19843,#4739);
#3224=LINE('',#19845,#4740);
#3225=LINE('',#19847,#4741);
#3226=LINE('',#19849,#4742);
#3227=LINE('',#19851,#4743);
#3228=LINE('',#19853,#4744);
#3229=LINE('',#19855,#4745);
#3230=LINE('',#19856,#4746);
#3231=LINE('',#19858,#4747);
#3232=LINE('',#19860,#4748);
#3233=LINE('',#19862,#4749);
#3234=LINE('',#19863,#4750);
#3235=LINE('',#19870,#4751);
#3236=LINE('',#19875,#4752);
#3237=LINE('',#19877,#4753);
#3238=LINE('',#19879,#4754);
#3239=LINE('',#19881,#4755);
#3240=LINE('',#19882,#4756);
#3241=LINE('',#19884,#4757);
#3242=LINE('',#19886,#4758);
#3243=LINE('',#19888,#4759);
#3244=LINE('',#19889,#4760);
#3245=LINE('',#19893,#4761);
#3246=LINE('',#19895,#4762);
#3247=LINE('',#19897,#4763);
#3248=LINE('',#19898,#4764);
#3249=LINE('',#19899,#4765);
#3250=LINE('',#19903,#4766);
#3251=LINE('',#19905,#4767);
#3252=LINE('',#19906,#4768);
#3253=LINE('',#19908,#4769);
#3254=LINE('',#19909,#4770);
#3255=LINE('',#19914,#4771);
#3256=LINE('',#19916,#4772);
#3257=LINE('',#19918,#4773);
#3258=LINE('',#19920,#4774);
#3259=LINE('',#19921,#4775);
#3260=LINE('',#19922,#4776);
#3261=LINE('',#19924,#4777);
#3262=LINE('',#19925,#4778);
#3263=LINE('',#19931,#4779);
#3264=LINE('',#19939,#4780);
#3265=LINE('',#19943,#4781);
#3266=LINE('',#19945,#4782);
#3267=LINE('',#19947,#4783);
#3268=LINE('',#19949,#4784);
#3269=LINE('',#19951,#4785);
#3270=LINE('',#19953,#4786);
#3271=LINE('',#19955,#4787);
#3272=LINE('',#19956,#4788);
#3273=LINE('',#19959,#4789);
#3274=LINE('',#19961,#4790);
#3275=LINE('',#19963,#4791);
#3276=LINE('',#19965,#4792);
#3277=LINE('',#19966,#4793);
#3278=LINE('',#19967,#4794);
#3279=LINE('',#19971,#4795);
#3280=LINE('',#19973,#4796);
#3281=LINE('',#19975,#4797);
#3282=LINE('',#19977,#4798);
#3283=LINE('',#19978,#4799);
#3284=LINE('',#19981,#4800);
#3285=LINE('',#19982,#4801);
#3286=LINE('',#19984,#4802);
#3287=LINE('',#19986,#4803);
#3288=LINE('',#19987,#4804);
#3289=LINE('',#19989,#4805);
#3290=LINE('',#19990,#4806);
#3291=LINE('',#19993,#4807);
#3292=LINE('',#19994,#4808);
#3293=LINE('',#19997,#4809);
#3294=LINE('',#19998,#4810);
#3295=LINE('',#19999,#4811);
#3296=LINE('',#20000,#4812);
#3297=LINE('',#20001,#4813);
#3298=LINE('',#20002,#4814);
#3299=LINE('',#20003,#4815);
#3300=LINE('',#20004,#4816);
#3301=LINE('',#20005,#4817);
#3302=LINE('',#20007,#4818);
#3303=LINE('',#20009,#4819);
#3304=LINE('',#20011,#4820);
#3305=LINE('',#20013,#4821);
#3306=LINE('',#20014,#4822);
#3307=LINE('',#20015,#4823);
#3308=LINE('',#20016,#4824);
#3309=LINE('',#20017,#4825);
#3310=LINE('',#20018,#4826);
#3311=LINE('',#20019,#4827);
#3312=LINE('',#20021,#4828);
#3313=LINE('',#20023,#4829);
#3314=LINE('',#20028,#4830);
#3315=LINE('',#20030,#4831);
#3316=LINE('',#20033,#4832);
#3317=LINE('',#20034,#4833);
#3318=LINE('',#20036,#4834);
#3319=LINE('',#20037,#4835);
#3320=LINE('',#20038,#4836);
#3321=LINE('',#20039,#4837);
#3322=LINE('',#20040,#4838);
#3323=LINE('',#20041,#4839);
#3324=LINE('',#20042,#4840);
#3325=LINE('',#20044,#4841);
#3326=LINE('',#20045,#4842);
#3327=LINE('',#20047,#4843);
#3328=LINE('',#20052,#4844);
#3329=LINE('',#20054,#4845);
#3330=LINE('',#20057,#4846);
#3331=LINE('',#20059,#4847);
#3332=LINE('',#20062,#4848);
#3333=LINE('',#20064,#4849);
#3334=LINE('',#20067,#4850);
#3335=LINE('',#20069,#4851);
#3336=LINE('',#20072,#4852);
#3337=LINE('',#20074,#4853);
#3338=LINE('',#20077,#4854);
#3339=LINE('',#20079,#4855);
#3340=LINE('',#20082,#4856);
#3341=LINE('',#20084,#4857);
#3342=LINE('',#20087,#4858);
#3343=LINE('',#20089,#4859);
#3344=LINE('',#20092,#4860);
#3345=LINE('',#20094,#4861);
#3346=LINE('',#20097,#4862);
#3347=LINE('',#20099,#4863);
#3348=LINE('',#20102,#4864);
#3349=LINE('',#20104,#4865);
#3350=LINE('',#20107,#4866);
#3351=LINE('',#20109,#4867);
#3352=LINE('',#20112,#4868);
#3353=LINE('',#20118,#4869);
#3354=LINE('',#20120,#4870);
#3355=LINE('',#20122,#4871);
#3356=LINE('',#20123,#4872);
#3357=LINE('',#20125,#4873);
#3358=LINE('',#20132,#4874);
#3359=LINE('',#20136,#4875);
#3360=LINE('',#20138,#4876);
#3361=LINE('',#20139,#4877);
#3362=LINE('',#20140,#4878);
#3363=LINE('',#20141,#4879);
#3364=LINE('',#20144,#4880);
#3365=LINE('',#20145,#4881);
#3366=LINE('',#20148,#4882);
#3367=LINE('',#20150,#4883);
#3368=LINE('',#20152,#4884);
#3369=LINE('',#20153,#4885);
#3370=LINE('',#20157,#4886);
#3371=LINE('',#20159,#4887);
#3372=LINE('',#20161,#4888);
#3373=LINE('',#20164,#4889);
#3374=LINE('',#20168,#4890);
#3375=LINE('',#20170,#4891);
#3376=LINE('',#20173,#4892);
#3377=LINE('',#20176,#4893);
#3378=LINE('',#20178,#4894);
#3379=LINE('',#20182,#4895);
#3380=LINE('',#20183,#4896);
#3381=LINE('',#20185,#4897);
#3382=LINE('',#20187,#4898);
#3383=LINE('',#20189,#4899);
#3384=LINE('',#20190,#4900);
#3385=LINE('',#20197,#4901);
#3386=LINE('',#20200,#4902);
#3387=LINE('',#20201,#4903);
#3388=LINE('',#20202,#4904);
#3389=LINE('',#20209,#4905);
#3390=LINE('',#20215,#4906);
#3391=LINE('',#20221,#4907);
#3392=LINE('',#20227,#4908);
#3393=LINE('',#20233,#4909);
#3394=LINE('',#20239,#4910);
#3395=LINE('',#20245,#4911);
#3396=LINE('',#20251,#4912);
#3397=LINE('',#20257,#4913);
#3398=LINE('',#20263,#4914);
#3399=LINE('',#20269,#4915);
#3400=LINE('',#20275,#4916);
#3401=LINE('',#20281,#4917);
#3402=LINE('',#20287,#4918);
#3403=LINE('',#20293,#4919);
#3404=LINE('',#20299,#4920);
#3405=LINE('',#20304,#4921);
#3406=LINE('',#20306,#4922);
#3407=LINE('',#20308,#4923);
#3408=LINE('',#20309,#4924);
#3409=LINE('',#20313,#4925);
#3410=LINE('',#20315,#4926);
#3411=LINE('',#20317,#4927);
#3412=LINE('',#20318,#4928);
#3413=LINE('',#20321,#4929);
#3414=LINE('',#20323,#4930);
#3415=LINE('',#20324,#4931);
#3416=LINE('',#20327,#4932);
#3417=LINE('',#20329,#4933);
#3418=LINE('',#20330,#4934);
#3419=LINE('',#20333,#4935);
#3420=LINE('',#20335,#4936);
#3421=LINE('',#20336,#4937);
#3422=LINE('',#20338,#4938);
#3423=LINE('',#20339,#4939);
#3424=LINE('',#20342,#4940);
#3425=LINE('',#20344,#4941);
#3426=LINE('',#20345,#4942);
#3427=LINE('',#20347,#4943);
#3428=LINE('',#20348,#4944);
#3429=LINE('',#20352,#4945);
#3430=LINE('',#20354,#4946);
#3431=LINE('',#20356,#4947);
#3432=LINE('',#20357,#4948);
#3433=LINE('',#20360,#4949);
#3434=LINE('',#20362,#4950);
#3435=LINE('',#20364,#4951);
#3436=LINE('',#20366,#4952);
#3437=LINE('',#20367,#4953);
#3438=LINE('',#20370,#4954);
#3439=LINE('',#20372,#4955);
#3440=LINE('',#20374,#4956);
#3441=LINE('',#20376,#4957);
#3442=LINE('',#20378,#4958);
#3443=LINE('',#20379,#4959);
#3444=LINE('',#20382,#4960);
#3445=LINE('',#20384,#4961);
#3446=LINE('',#20385,#4962);
#3447=LINE('',#20388,#4963);
#3448=LINE('',#20390,#4964);
#3449=LINE('',#20392,#4965);
#3450=LINE('',#20393,#4966);
#3451=LINE('',#20396,#4967);
#3452=LINE('',#20398,#4968);
#3453=LINE('',#20399,#4969);
#3454=LINE('',#20401,#4970);
#3455=LINE('',#20404,#4971);
#3456=LINE('',#20405,#4972);
#3457=LINE('',#20408,#4973);
#3458=LINE('',#20409,#4974);
#3459=LINE('',#20412,#4975);
#3460=LINE('',#20413,#4976);
#3461=LINE('',#20416,#4977);
#3462=LINE('',#20417,#4978);
#3463=LINE('',#20419,#4979);
#3464=LINE('',#20420,#4980);
#3465=LINE('',#20424,#4981);
#3466=LINE('',#20426,#4982);
#3467=LINE('',#20428,#4983);
#3468=LINE('',#20429,#4984);
#3469=LINE('',#20432,#4985);
#3470=LINE('',#20434,#4986);
#3471=LINE('',#20435,#4987);
#3472=LINE('',#20438,#4988);
#3473=LINE('',#20440,#4989);
#3474=LINE('',#20441,#4990);
#3475=LINE('',#20444,#4991);
#3476=LINE('',#20446,#4992);
#3477=LINE('',#20447,#4993);
#3478=LINE('',#20450,#4994);
#3479=LINE('',#20452,#4995);
#3480=LINE('',#20453,#4996);
#3481=LINE('',#20456,#4997);
#3482=LINE('',#20458,#4998);
#3483=LINE('',#20459,#4999);
#3484=LINE('',#20461,#5000);
#3485=LINE('',#20464,#5001);
#3486=LINE('',#20465,#5002);
#3487=LINE('',#20468,#5003);
#3488=LINE('',#20469,#5004);
#3489=LINE('',#20471,#5005);
#3490=LINE('',#20473,#5006);
#3491=LINE('',#20475,#5007);
#3492=LINE('',#20476,#5008);
#3493=VECTOR('',#13586,7.5);
#3494=VECTOR('',#13587,10.);
#3495=VECTOR('',#13588,12.4999999999996);
#3496=VECTOR('',#13591,12.4999999999996);
#3497=VECTOR('',#13592,10.);
#3498=VECTOR('',#13593,7.5);
#3499=VECTOR('',#13594,2.);
#3500=VECTOR('',#13595,10.);
#3501=VECTOR('',#13596,2.);
#3502=VECTOR('',#13613,4.);
#3503=VECTOR('',#13620,4.);
#3504=VECTOR('',#13625,1.5);
#3505=VECTOR('',#13626,6.313708498985);
#3506=VECTOR('',#13627,5.);
#3507=VECTOR('',#13628,8.757359312881);
#3508=VECTOR('',#13629,1.);
#3509=VECTOR('',#13630,8.);
#3510=VECTOR('',#13631,10.);
#3511=VECTOR('',#13632,8.);
#3512=VECTOR('',#13633,1.);
#3513=VECTOR('',#13634,8.757359312881);
#3514=VECTOR('',#13635,5.);
#3515=VECTOR('',#13636,6.313708498985);
#3516=VECTOR('',#13637,1.5);
#3517=VECTOR('',#13638,2.443650813896);
#3518=VECTOR('',#13639,12.4999999999996);
#3519=VECTOR('',#13642,12.4999999999996);
#3520=VECTOR('',#13643,2.443650813896);
#3521=VECTOR('',#13658,1.05);
#3522=VECTOR('',#13665,1.05);
#3523=VECTOR('',#13692,1.9);
#3524=VECTOR('',#13719,1.9);
#3525=VECTOR('',#13722,1.9);
#3526=VECTOR('',#13725,1.9);
#3527=VECTOR('',#13736,2.9);
#3528=VECTOR('',#13747,2.9);
#3529=VECTOR('',#13758,2.9);
#3530=VECTOR('',#13769,2.9);
#3531=VECTOR('',#13794,1.9);
#3532=VECTOR('',#13821,1.9);
#3533=VECTOR('',#13824,1.9);
#3534=VECTOR('',#13827,1.9);
#3535=VECTOR('',#13838,2.9);
#3536=VECTOR('',#13843,10.);
#3537=VECTOR('',#13844,2.);
#3538=VECTOR('',#13845,7.5);
#3539=VECTOR('',#13846,10.);
#3540=VECTOR('',#13847,12.4999999999996);
#3541=VECTOR('',#13850,12.4999999999996);
#3542=VECTOR('',#13851,10.);
#3543=VECTOR('',#13852,7.5);
#3544=VECTOR('',#13853,2.);
#3545=VECTOR('',#13868,2.9);
#3546=VECTOR('',#13879,2.9);
#3547=VECTOR('',#13890,2.9);
#3548=VECTOR('',#13899,3.);
#3549=VECTOR('',#13900,3.);
#3550=VECTOR('',#13901,10.);
#3551=VECTOR('',#13904,3.);
#3552=VECTOR('',#13905,3.);
#3553=VECTOR('',#13908,2.88560785949081);
#3554=VECTOR('',#13911,4.81246855154003);
#3555=VECTOR('',#13912,7.07106781186453);
#3556=VECTOR('',#13913,3.);
#3557=VECTOR('',#13914,4.404393555644);
#3558=VECTOR('',#13915,1.780779450482);
#3559=VECTOR('',#13920,2.88560785949081);
#3560=VECTOR('',#13923,1.780779450482);
#3561=VECTOR('',#13924,4.404393555644);
#3562=VECTOR('',#13925,3.);
#3563=VECTOR('',#13926,7.07106781186453);
#3564=VECTOR('',#13927,8.);
#3565=VECTOR('',#13928,4.81246855154003);
#3566=VECTOR('',#13933,1.);
#3567=VECTOR('',#13934,1.);
#3568=VECTOR('',#13935,2.88560785949081);
#3569=VECTOR('',#13940,1.);
#3570=VECTOR('',#13943,4.81246855154003);
#3571=VECTOR('',#13946,0.7272268451503);
#3572=VECTOR('',#13947,0.4114686544536);
#3573=VECTOR('',#13948,2.);
#3574=VECTOR('',#13949,2.309401076758);
#3575=VECTOR('',#13950,2.);
#3576=VECTOR('',#13951,1.154700538379);
#3577=VECTOR('',#13952,0.4479582361222);
#3578=VECTOR('',#13953,3.80508148815475);
#3579=VECTOR('',#13958,4.81246855154003);
#3580=VECTOR('',#13959,8.757359312881);
#3581=VECTOR('',#13960,3.80508148815475);
#3582=VECTOR('',#13961,0.4479582361222);
#3583=VECTOR('',#13962,1.154700538379);
#3584=VECTOR('',#13963,2.);
#3585=VECTOR('',#13964,2.309401076758);
#3586=VECTOR('',#13965,2.);
#3587=VECTOR('',#13966,0.4114686544536);
#3588=VECTOR('',#13967,0.7272268451503);
#3589=VECTOR('',#13970,2.88560785949081);
#3590=VECTOR('',#13975,3.18710579504213);
#3591=VECTOR('',#13976,1.5);
#3592=VECTOR('',#13977,4.10025399152417);
#3593=VECTOR('',#13978,1.);
#3594=VECTOR('',#13979,0.657128090019728);
#3595=VECTOR('',#13984,1.053749408523);
#3596=VECTOR('',#13985,3.01663481304113);
#3597=VECTOR('',#13986,4.080887818594);
#3598=VECTOR('',#13987,7.);
#3599=VECTOR('',#13988,4.080887818594);
#3600=VECTOR('',#13989,3.01663481304113);
#3601=VECTOR('',#13990,1.053749408523);
#3602=VECTOR('',#13991,3.18710579504213);
#3603=VECTOR('',#13992,19.83822436281);
#3604=VECTOR('',#13993,3.18710579504213);
#3605=VECTOR('',#13994,1.053749408523);
#3606=VECTOR('',#13995,3.01663481304113);
#3607=VECTOR('',#13996,4.080887818594);
#3608=VECTOR('',#13997,7.);
#3609=VECTOR('',#13998,4.080887818594);
#3610=VECTOR('',#13999,3.01663481304113);
#3611=VECTOR('',#14000,1.053749408523);
#3612=VECTOR('',#14001,3.18710579504213);
#3613=VECTOR('',#14002,19.83822436281);
#3614=VECTOR('',#14003,8.9);
#3615=VECTOR('',#14006,5.);
#3616=VECTOR('',#14009,8.9);
#3617=VECTOR('',#14012,5.);
#3618=VECTOR('',#14017,4.5);
#3619=VECTOR('',#14018,1.804248688935);
#3620=VECTOR('',#14019,1.5);
#3621=VECTOR('',#14020,5.291502622129);
#3622=VECTOR('',#14021,1.5);
#3623=VECTOR('',#14022,1.804248688935);
#3624=VECTOR('',#14023,4.5);
#3625=VECTOR('',#14026,4.5);
#3626=VECTOR('',#14031,4.5);
#3627=VECTOR('',#14032,5.);
#3628=VECTOR('',#14035,4.5);
#3629=VECTOR('',#14040,4.5);
#3630=VECTOR('',#14041,1.804248688935);
#3631=VECTOR('',#14042,1.5);
#3632=VECTOR('',#14043,5.291502622129);
#3633=VECTOR('',#14044,1.5);
#3634=VECTOR('',#14045,1.804248688935);
#3635=VECTOR('',#14048,4.4);
#3636=VECTOR('',#14051,1.8);
#3637=VECTOR('',#14054,3.8);
#3638=VECTOR('',#14055,0.1);
#3639=VECTOR('',#14058,0.3);
#3640=VECTOR('',#14061,6.1);
#3641=VECTOR('',#14062,7.5);
#3642=VECTOR('',#14063,38.);
#3643=VECTOR('',#14064,7.5);
#3644=VECTOR('',#14065,6.1);
#3645=VECTOR('',#14068,0.3);
#3646=VECTOR('',#14071,0.1);
#3647=VECTOR('',#14072,3.8);
#3648=VECTOR('',#14075,1.8);
#3649=VECTOR('',#14078,4.4);
#3650=VECTOR('',#14081,1.2);
#3651=VECTOR('',#14084,0.5);
#3652=VECTOR('',#14085,7.5);
#3653=VECTOR('',#14086,38.);
#3654=VECTOR('',#14087,7.5);
#3655=VECTOR('',#14088,0.5);
#3656=VECTOR('',#14091,1.2);
#3657=VECTOR('',#14122,5.);
#3658=VECTOR('',#14131,1.05);
#3659=VECTOR('',#14134,2.30940107675892);
#3660=VECTOR('',#14135,2.30940107675892);
#3661=VECTOR('',#14136,2.309401076759);
#3662=VECTOR('',#14137,2.30940107675892);
#3663=VECTOR('',#14138,2.30940107675892);
#3664=VECTOR('',#14139,2.309401076759);
#3665=VECTOR('',#14142,2.);
#3666=VECTOR('',#14143,2.);
#3667=VECTOR('',#14144,2.30940107675892);
#3668=VECTOR('',#14147,2.);
#3669=VECTOR('',#14148,2.30940107675892);
#3670=VECTOR('',#14151,2.);
#3671=VECTOR('',#14152,2.309401076759);
#3672=VECTOR('',#14155,2.);
#3673=VECTOR('',#14156,2.30940107675892);
#3674=VECTOR('',#14159,2.);
#3675=VECTOR('',#14160,2.30940107675892);
#3676=VECTOR('',#14163,2.309401076759);
#3677=VECTOR('',#14166,0.6756443470179);
#3678=VECTOR('',#14167,3.30495827718589);
#3679=VECTOR('',#14168,3.695041722814);
#3680=VECTOR('',#14169,2.30495827718592);
#3681=VECTOR('',#14170,2.407695154587);
#3682=VECTOR('',#14171,2.30495827718592);
#3683=VECTOR('',#14172,3.695041722814);
#3684=VECTOR('',#14173,3.30495827718589);
#3685=VECTOR('',#14174,2.309401076759);
#3686=VECTOR('',#14175,2.30940107675892);
#3687=VECTOR('',#14176,2.30940107675892);
#3688=VECTOR('',#14177,2.309401076759);
#3689=VECTOR('',#14178,2.30940107675892);
#3690=VECTOR('',#14179,2.30940107675892);
#3691=VECTOR('',#14182,0.6756443470179);
#3692=VECTOR('',#14183,3.30495827718589);
#3693=VECTOR('',#14184,3.695041722814);
#3694=VECTOR('',#14185,2.30495827718592);
#3695=VECTOR('',#14186,2.407695154587);
#3696=VECTOR('',#14187,2.30495827718592);
#3697=VECTOR('',#14188,3.695041722814);
#3698=VECTOR('',#14189,3.30495827718589);
#3699=VECTOR('',#14190,2.309401076759);
#3700=VECTOR('',#14191,2.30940107675892);
#3701=VECTOR('',#14192,2.30940107675892);
#3702=VECTOR('',#14193,2.309401076759);
#3703=VECTOR('',#14194,2.30940107675892);
#3704=VECTOR('',#14195,2.30940107675892);
#3705=VECTOR('',#14198,0.6756443470179);
#3706=VECTOR('',#14199,3.30495827718589);
#3707=VECTOR('',#14200,3.695041722814);
#3708=VECTOR('',#14201,2.30495827718592);
#3709=VECTOR('',#14202,2.407695154587);
#3710=VECTOR('',#14203,2.30495827718592);
#3711=VECTOR('',#14204,3.695041722814);
#3712=VECTOR('',#14205,3.30495827718589);
#3713=VECTOR('',#14206,2.309401076759);
#3714=VECTOR('',#14207,2.30940107675892);
#3715=VECTOR('',#14208,2.30940107675892);
#3716=VECTOR('',#14209,2.309401076759);
#3717=VECTOR('',#14210,2.30940107675892);
#3718=VECTOR('',#14211,2.30940107675792);
#3719=VECTOR('',#14214,0.6756443470179);
#3720=VECTOR('',#14215,3.30495827718589);
#3721=VECTOR('',#14216,3.695041722814);
#3722=VECTOR('',#14217,2.30495827718592);
#3723=VECTOR('',#14218,2.407695154587);
#3724=VECTOR('',#14219,2.30495827718592);
#3725=VECTOR('',#14220,3.695041722814);
#3726=VECTOR('',#14221,3.30495827718589);
#3727=VECTOR('',#14222,2.309401076759);
#3728=VECTOR('',#14223,2.30940107675892);
#3729=VECTOR('',#14224,2.30940107675892);
#3730=VECTOR('',#14225,2.309401076759);
#3731=VECTOR('',#14226,2.30940107675892);
#3732=VECTOR('',#14227,2.30940107675892);
#3733=VECTOR('',#14230,0.6756443470179);
#3734=VECTOR('',#14231,3.30495827718589);
#3735=VECTOR('',#14232,3.695041722814);
#3736=VECTOR('',#14233,2.30495827718592);
#3737=VECTOR('',#14234,2.407695154587);
#3738=VECTOR('',#14235,2.30495827718592);
#3739=VECTOR('',#14236,3.695041722814);
#3740=VECTOR('',#14237,3.30495827718589);
#3741=VECTOR('',#14240,0.6756443470179);
#3742=VECTOR('',#14241,3.30495827718589);
#3743=VECTOR('',#14242,3.695041722814);
#3744=VECTOR('',#14243,2.30495827718592);
#3745=VECTOR('',#14244,2.407695154587);
#3746=VECTOR('',#14245,2.30495827718592);
#3747=VECTOR('',#14246,3.695041722814);
#3748=VECTOR('',#14247,3.30495827718589);
#3749=VECTOR('',#14248,2.309401076759);
#3750=VECTOR('',#14249,2.30940107675892);
#3751=VECTOR('',#14250,2.30940107675892);
#3752=VECTOR('',#14251,2.309401076759);
#3753=VECTOR('',#14252,2.30940107675892);
#3754=VECTOR('',#14253,2.30940107675892);
#3755=VECTOR('',#14256,1.385640646055);
#3756=VECTOR('',#14257,1.91931763113094);
#3757=VECTOR('',#14258,0.6756443470179);
#3758=VECTOR('',#14259,3.30495827718589);
#3759=VECTOR('',#14260,3.695041722814);
#3760=VECTOR('',#14261,3.30495827718589);
#3761=VECTOR('',#14262,0.6756443470179);
#3762=VECTOR('',#14263,1.91931763113094);
#3763=VECTOR('',#14264,1.385640646055);
#3764=VECTOR('',#14265,2.30940107675892);
#3765=VECTOR('',#14266,2.30940107675892);
#3766=VECTOR('',#14267,2.309401076759);
#3767=VECTOR('',#14268,2.30940107675892);
#3768=VECTOR('',#14269,2.30940107675892);
#3769=VECTOR('',#14272,1.385640646055);
#3770=VECTOR('',#14273,1.91931763113094);
#3771=VECTOR('',#14274,0.6756443470179);
#3772=VECTOR('',#14275,3.30495827718589);
#3773=VECTOR('',#14276,3.695041722814);
#3774=VECTOR('',#14277,3.30495827718589);
#3775=VECTOR('',#14278,0.6756443470179);
#3776=VECTOR('',#14279,1.91931763113094);
#3777=VECTOR('',#14280,1.385640646055);
#3778=VECTOR('',#14281,2.30940107675892);
#3779=VECTOR('',#14282,2.30940107675892);
#3780=VECTOR('',#14283,2.309401076759);
#3781=VECTOR('',#14284,2.30940107675892);
#3782=VECTOR('',#14285,2.30940107675892);
#3783=VECTOR('',#14288,2.);
#3784=VECTOR('',#14289,2.309401076759);
#3785=VECTOR('',#14290,2.);
#3786=VECTOR('',#14293,2.);
#3787=VECTOR('',#14294,2.30940107675892);
#3788=VECTOR('',#14297,2.);
#3789=VECTOR('',#14298,2.30940107675892);
#3790=VECTOR('',#14301,2.);
#3791=VECTOR('',#14302,2.309401076759);
#3792=VECTOR('',#14305,2.);
#3793=VECTOR('',#14306,2.30940107675892);
#3794=VECTOR('',#14309,2.30940107675892);
#3795=VECTOR('',#14316,1.05);
#3796=VECTOR('',#14319,2.);
#3797=VECTOR('',#14320,2.309401076759);
#3798=VECTOR('',#14321,2.);
#3799=VECTOR('',#14324,2.);
#3800=VECTOR('',#14325,2.30940107675792);
#3801=VECTOR('',#14328,2.);
#3802=VECTOR('',#14329,2.30940107675892);
#3803=VECTOR('',#14332,2.);
#3804=VECTOR('',#14333,2.309401076759);
#3805=VECTOR('',#14336,2.);
#3806=VECTOR('',#14337,2.30940107675892);
#3807=VECTOR('',#14340,2.30940107675892);
#3808=VECTOR('',#14347,1.05);
#3809=VECTOR('',#14350,2.);
#3810=VECTOR('',#14351,2.309401076759);
#3811=VECTOR('',#14352,2.);
#3812=VECTOR('',#14355,2.);
#3813=VECTOR('',#14356,2.30940107675892);
#3814=VECTOR('',#14359,2.);
#3815=VECTOR('',#14360,2.30940107675892);
#3816=VECTOR('',#14363,2.);
#3817=VECTOR('',#14364,2.309401076759);
#3818=VECTOR('',#14367,2.);
#3819=VECTOR('',#14368,2.30940107675892);
#3820=VECTOR('',#14371,2.30940107675892);
#3821=VECTOR('',#14378,1.05);
#3822=VECTOR('',#14381,2.);
#3823=VECTOR('',#14382,2.309401076759);
#3824=VECTOR('',#14383,2.);
#3825=VECTOR('',#14386,2.);
#3826=VECTOR('',#14387,2.30940107675892);
#3827=VECTOR('',#14390,2.);
#3828=VECTOR('',#14391,2.30940107675892);
#3829=VECTOR('',#14394,2.);
#3830=VECTOR('',#14395,2.309401076759);
#3831=VECTOR('',#14398,2.);
#3832=VECTOR('',#14399,2.30940107675892);
#3833=VECTOR('',#14402,2.30940107675892);
#3834=VECTOR('',#14409,1.05);
#3835=VECTOR('',#14412,2.);
#3836=VECTOR('',#14413,2.309401076759);
#3837=VECTOR('',#14414,2.);
#3838=VECTOR('',#14417,2.);
#3839=VECTOR('',#14418,2.30940107675892);
#3840=VECTOR('',#14421,2.);
#3841=VECTOR('',#14422,2.30940107675892);
#3842=VECTOR('',#14425,2.);
#3843=VECTOR('',#14426,2.309401076759);
#3844=VECTOR('',#14429,2.);
#3845=VECTOR('',#14430,2.30940107675892);
#3846=VECTOR('',#14433,2.30940107675892);
#3847=VECTOR('',#14440,1.05);
#3848=VECTOR('',#14443,1.);
#3849=VECTOR('',#14444,7.324355652982);
#3850=VECTOR('',#14445,1.);
#3851=VECTOR('',#14446,1.);
#3852=VECTOR('',#14447,1.581290007897);
#3853=VECTOR('',#14448,1.5);
#3854=VECTOR('',#14449,1.5);
#3855=VECTOR('',#14450,1.581290007897);
#3856=VECTOR('',#14451,1.);
#3857=VECTOR('',#14452,1.);
#3858=VECTOR('',#14453,7.324355652982);
#3859=VECTOR('',#14454,1.);
#3860=VECTOR('',#14457,3.30495827718589);
#3861=VECTOR('',#14458,1.);
#3862=VECTOR('',#14461,3.695041722814);
#3863=VECTOR('',#14462,1.);
#3864=VECTOR('',#14465,0.0506170106236802);
#3865=VECTOR('',#14466,0.02530850531184);
#3866=VECTOR('',#14467,0.04383561706373);
#3867=VECTOR('',#14470,0.0506170106236683);
#3868=VECTOR('',#14471,0.04383561706373);
#3869=VECTOR('',#14472,0.02530850531183);
#3870=VECTOR('',#14475,0.0506170106236702);
#3871=VECTOR('',#14476,0.04383561706373);
#3872=VECTOR('',#14477,0.02530850531183);
#3873=VECTOR('',#14480,0.0506170106236827);
#3874=VECTOR('',#14481,0.02530850531183);
#3875=VECTOR('',#14482,0.04383561706373);
#3876=VECTOR('',#14485,3.30495827718589);
#3877=VECTOR('',#14486,3.695041722814);
#3878=VECTOR('',#14487,2.30495827718592);
#3879=VECTOR('',#14488,5.592304845413);
#3880=VECTOR('',#14489,2.30495827718592);
#3881=VECTOR('',#14490,3.695041722814);
#3882=VECTOR('',#14491,3.30495827718589);
#3883=VECTOR('',#14494,3.30495827718589);
#3884=VECTOR('',#14495,3.695041722814);
#3885=VECTOR('',#14496,2.30495827718592);
#3886=VECTOR('',#14497,5.064101615138);
#3887=VECTOR('',#14498,3.46410161513788);
#3888=VECTOR('',#14499,2.54864594283891);
#3889=VECTOR('',#14500,4.10025399152417);
#3890=VECTOR('',#14503,7.324355652982);
#3891=VECTOR('',#14504,3.30495827718589);
#3892=VECTOR('',#14505,3.695041722814);
#3893=VECTOR('',#14506,2.30495827718592);
#3894=VECTOR('',#14507,5.592304845413);
#3895=VECTOR('',#14508,2.30495827718592);
#3896=VECTOR('',#14509,3.695041722814);
#3897=VECTOR('',#14510,3.30495827718589);
#3898=VECTOR('',#14513,1.581290007897);
#3899=VECTOR('',#14514,4.10025399152417);
#3900=VECTOR('',#14515,2.54864594283891);
#3901=VECTOR('',#14516,3.46410161513788);
#3902=VECTOR('',#14517,5.064101615138);
#3903=VECTOR('',#14518,2.30495827718592);
#3904=VECTOR('',#14519,3.695041722814);
#3905=VECTOR('',#14520,3.30495827718589);
#3906=VECTOR('',#14523,3.30495827718589);
#3907=VECTOR('',#14524,3.695041722814);
#3908=VECTOR('',#14525,2.30495827718592);
#3909=VECTOR('',#14526,5.592304845413);
#3910=VECTOR('',#14527,2.30495827718592);
#3911=VECTOR('',#14530,4.10025399152417);
#3912=VECTOR('',#14531,2.54864594283891);
#3913=VECTOR('',#14532,3.46410161513788);
#3914=VECTOR('',#14533,5.064101615138);
#3915=VECTOR('',#14534,2.30495827718592);
#3916=VECTOR('',#14535,3.695041722814);
#3917=VECTOR('',#14536,3.30495827718589);
#3918=VECTOR('',#14539,7.324355652982);
#3919=VECTOR('',#14540,3.30495827718589);
#3920=VECTOR('',#14541,3.695041722814);
#3921=VECTOR('',#14542,2.30495827718592);
#3922=VECTOR('',#14543,5.592304845413);
#3923=VECTOR('',#14544,2.30495827718592);
#3924=VECTOR('',#14545,3.695041722814);
#3925=VECTOR('',#14546,3.30495827718589);
#3926=VECTOR('',#14549,1.581290007897);
#3927=VECTOR('',#14550,3.30495827718589);
#3928=VECTOR('',#14551,3.695041722814);
#3929=VECTOR('',#14552,2.30495827718592);
#3930=VECTOR('',#14553,5.064101615138);
#3931=VECTOR('',#14554,3.46410161513788);
#3932=VECTOR('',#14555,2.54864594283891);
#3933=VECTOR('',#14558,0.9596588155656);
#3934=VECTOR('',#14559,1.662177826491);
#3935=VECTOR('',#14560,1.91931763113094);
#3936=VECTOR('',#14563,0.9596588155656);
#3937=VECTOR('',#14564,1.91931763113094);
#3938=VECTOR('',#14565,1.662177826491);
#3939=VECTOR('',#14568,0.9596588155656);
#3940=VECTOR('',#14569,1.662177826491);
#3941=VECTOR('',#14570,1.91931763113094);
#3942=VECTOR('',#14573,0.9596588155656);
#3943=VECTOR('',#14574,1.91931763113094);
#3944=VECTOR('',#14575,1.662177826491);
#3945=VECTOR('',#14578,4.4);
#3946=VECTOR('',#14581,1.8);
#3947=VECTOR('',#14584,3.8);
#3948=VECTOR('',#14585,0.1);
#3949=VECTOR('',#14588,0.3);
#3950=VECTOR('',#14591,6.1);
#3951=VECTOR('',#14592,4.404393555644);
#3952=VECTOR('',#14593,4.7573820815442);
#3953=VECTOR('',#14594,1.743065645085);
#3954=VECTOR('',#14595,3.30495827718589);
#3955=VECTOR('',#14596,3.695041722814);
#3956=VECTOR('',#14597,3.30495827718589);
#3957=VECTOR('',#14598,1.743065645085);
#3958=VECTOR('',#14599,4.7573820815442);
#3959=VECTOR('',#14600,0.5);
#3960=VECTOR('',#14603,1.2);
#3961=VECTOR('',#14608,1.2);
#3962=VECTOR('',#14611,0.5);
#3963=VECTOR('',#14612,4.7573820815442);
#3964=VECTOR('',#14613,1.743065645085);
#3965=VECTOR('',#14614,3.30495827718589);
#3966=VECTOR('',#14615,3.695041722814);
#3967=VECTOR('',#14616,3.30495827718589);
#3968=VECTOR('',#14617,1.743065645085);
#3969=VECTOR('',#14618,4.7573820815442);
#3970=VECTOR('',#14619,4.404393555644);
#3971=VECTOR('',#14620,6.1);
#3972=VECTOR('',#14623,0.3);
#3973=VECTOR('',#14626,0.1);
#3974=VECTOR('',#14627,3.8);
#3975=VECTOR('',#14630,1.8);
#3976=VECTOR('',#14633,4.4);
#3977=VECTOR('',#14638,2.23606797750011);
#3978=VECTOR('',#14639,2.05061701062393);
#3979=VECTOR('',#14640,1.);
#3980=VECTOR('',#14643,0.786796564403547);
#3981=VECTOR('',#14646,30.88730162779);
#3982=VECTOR('',#14649,0.786796564403547);
#3983=VECTOR('',#14652,4.58578643762669);
#3984=VECTOR('',#14653,3.464101615138);
#3985=VECTOR('',#14654,1.);
#3986=VECTOR('',#14655,1.);
#3987=VECTOR('',#14656,1.);
#3988=VECTOR('',#14657,1.);
#3989=VECTOR('',#14658,1.);
#3990=VECTOR('',#14659,1.);
#3991=VECTOR('',#14660,1.);
#3992=VECTOR('',#14661,1.);
#3993=VECTOR('',#14662,3.464101615138);
#3994=VECTOR('',#14663,1.);
#3995=VECTOR('',#14664,4.58578643762669);
#3996=VECTOR('',#14665,6.313708498985);
#3997=VECTOR('',#14670,1.5);
#3998=VECTOR('',#14671,0.786796564403547);
#3999=VECTOR('',#14672,1.5);
#4000=VECTOR('',#14675,1.5);
#4001=VECTOR('',#14680,5.);
#4002=VECTOR('',#14681,1.);
#4003=VECTOR('',#14682,8.);
#4004=VECTOR('',#14683,1.);
#4005=VECTOR('',#14684,8.757359312881);
#4006=VECTOR('',#14685,5.);
#4007=VECTOR('',#14686,6.313708498985);
#4008=VECTOR('',#14687,1.5);
#4009=VECTOR('',#14688,2.443650813896);
#4010=VECTOR('',#14689,12.4999999999996);
#4011=VECTOR('',#14692,12.4999999999996);
#4012=VECTOR('',#14693,2.443650813896);
#4013=VECTOR('',#14706,1.05);
#4014=VECTOR('',#14709,1.05);
#4015=VECTOR('',#14712,1.05);
#4016=VECTOR('',#14715,1.05);
#4017=VECTOR('',#14718,1.05);
#4018=VECTOR('',#14721,1.05);
#4019=VECTOR('',#14724,0.85);
#4020=VECTOR('',#14727,0.85);
#4021=VECTOR('',#14730,0.85);
#4022=VECTOR('',#14733,0.85);
#4023=VECTOR('',#14736,3.);
#4024=VECTOR('',#14737,7.07106781186453);
#4025=VECTOR('',#14738,7.07106781186453);
#4026=VECTOR('',#14739,3.);
#4027=VECTOR('',#14742,0.786796564403547);
#4028=VECTOR('',#14745,30.88730162779);
#4029=VECTOR('',#14750,1.5);
#4030=VECTOR('',#14753,1.5);
#4031=VECTOR('',#14756,1.5);
#4032=VECTOR('',#14759,1.5);
#4033=VECTOR('',#14764,3.);
#4034=VECTOR('',#14767,3.);
#4035=VECTOR('',#14770,3.);
#4036=VECTOR('',#14773,3.);
#4037=VECTOR('',#14776,3.);
#4038=VECTOR('',#14779,3.);
#4039=VECTOR('',#14782,0.786796564403603);
#4040=VECTOR('',#14785,30.88730162779);
#4041=VECTOR('',#14788,0.786796564403547);
#4042=VECTOR('',#14791,7.07106781186453);
#4043=VECTOR('',#14792,7.07106781186453);
#4044=VECTOR('',#14797,1.5);
#4045=VECTOR('',#14798,0.786796564403603);
#4046=VECTOR('',#14799,1.5);
#4047=VECTOR('',#14806,4.58578643762669);
#4048=VECTOR('',#14807,1.);
#4049=VECTOR('',#14808,3.464101615138);
#4050=VECTOR('',#14809,1.);
#4051=VECTOR('',#14810,1.);
#4052=VECTOR('',#14811,1.);
#4053=VECTOR('',#14812,1.);
#4054=VECTOR('',#14813,1.);
#4055=VECTOR('',#14814,1.);
#4056=VECTOR('',#14815,1.);
#4057=VECTOR('',#14816,1.);
#4058=VECTOR('',#14817,3.464101615138);
#4059=VECTOR('',#14818,1.);
#4060=VECTOR('',#14819,4.58578643762669);
#4061=VECTOR('',#14822,0.786796564403547);
#4062=VECTOR('',#14825,30.88730162779);
#4063=VECTOR('',#14830,1.5);
#4064=VECTOR('',#14833,1.5);
#4065=VECTOR('',#14836,1.5);
#4066=VECTOR('',#14839,1.5);
#4067=VECTOR('',#14844,3.80508148815475);
#4068=VECTOR('',#14845,2.23606797750011);
#4069=VECTOR('',#14846,2.448227150735);
#4070=VECTOR('',#14847,1.00166506705005);
#4071=VECTOR('',#14850,1.00166506705005);
#4072=VECTOR('',#14851,2.448227150735);
#4073=VECTOR('',#14854,2.88560785949081);
#4074=VECTOR('',#14857,4.81246855154003);
#4075=VECTOR('',#14858,0.4479582361222);
#4076=VECTOR('',#14859,1.154700538379);
#4077=VECTOR('',#14860,2.);
#4078=VECTOR('',#14861,2.309401076758);
#4079=VECTOR('',#14862,2.);
#4080=VECTOR('',#14863,0.4114686544536);
#4081=VECTOR('',#14864,0.7272268451503);
#4082=VECTOR('',#14869,0.7272268451503);
#4083=VECTOR('',#14870,0.4114686544536);
#4084=VECTOR('',#14871,2.);
#4085=VECTOR('',#14872,2.309401076758);
#4086=VECTOR('',#14873,2.);
#4087=VECTOR('',#14874,1.154700538379);
#4088=VECTOR('',#14875,0.4479582361222);
#4089=VECTOR('',#14876,3.80508148815475);
#4090=VECTOR('',#14877,4.81246855153991);
#4091=VECTOR('',#14880,2.88560785949081);
#4092=VECTOR('',#14885,1.);
#4093=VECTOR('',#14886,1.);
#4094=VECTOR('',#14887,2.88560785949081);
#4095=VECTOR('',#14892,1.);
#4096=VECTOR('',#14895,4.81246855154003);
#4097=VECTOR('',#14898,1.780779450482);
#4098=VECTOR('',#14899,3.);
#4099=VECTOR('',#14900,7.07106781186453);
#4100=VECTOR('',#14905,2.88560785949081);
#4101=VECTOR('',#14908,4.81246855153991);
#4102=VECTOR('',#14909,7.07106781186453);
#4103=VECTOR('',#14910,3.);
#4104=VECTOR('',#14911,1.780779450482);
#4105=VECTOR('',#14916,1.5);
#4106=VECTOR('',#14925,0.657128090019728);
#4107=VECTOR('',#14926,1.);
#4108=VECTOR('',#14929,2.54864594283891);
#4109=VECTOR('',#14930,1.);
#4110=VECTOR('',#14933,3.46410161513788);
#4111=VECTOR('',#14936,2.30940107675892);
#4112=VECTOR('',#14937,2.30940107675892);
#4113=VECTOR('',#14938,2.309401076758);
#4114=VECTOR('',#14939,2.30940107675892);
#4115=VECTOR('',#14940,2.30940107675892);
#4116=VECTOR('',#14941,0.89591647224437);
#4117=VECTOR('',#14942,2.05061701062393);
#4118=VECTOR('',#14949,2.);
#4119=VECTOR('',#14950,2.30940107675892);
#4120=VECTOR('',#14953,2.30940107675892);
#4121=VECTOR('',#14954,2.30940107675892);
#4122=VECTOR('',#14955,2.30940107675892);
#4123=VECTOR('',#14956,2.309401076758);
#4124=VECTOR('',#14961,2.);
#4125=VECTOR('',#14962,2.);
#4126=VECTOR('',#14967,2.);
#4127=VECTOR('',#14972,1.05);
#4128=VECTOR('',#14975,1.5);
#4129=VECTOR('',#14976,1.5);
#4130=VECTOR('',#14977,1.);
#4131=VECTOR('',#14978,1.);
#4132=VECTOR('',#14981,1.5);
#4133=VECTOR('',#14982,1.);
#4134=VECTOR('',#14983,1.);
#4135=VECTOR('',#14986,2.);
#4136=VECTOR('',#14987,2.309401076759);
#4137=VECTOR('',#14988,2.);
#4138=VECTOR('',#14989,1.);
#4139=VECTOR('',#14990,1.5);
#4140=VECTOR('',#14991,1.);
#4141=VECTOR('',#14994,2.);
#4142=VECTOR('',#14995,2.30940107675892);
#4143=VECTOR('',#14998,2.30940107675892);
#4144=VECTOR('',#14999,2.309401076759);
#4145=VECTOR('',#15000,2.30940107675892);
#4146=VECTOR('',#15001,2.30940107675892);
#4147=VECTOR('',#15006,2.);
#4148=VECTOR('',#15009,2.);
#4149=VECTOR('',#15012,2.);
#4150=VECTOR('',#15017,1.05);
#4151=VECTOR('',#15022,1.);
#4152=VECTOR('',#15023,1.);
#4153=VECTOR('',#15024,1.5);
#4154=VECTOR('',#15027,1.5);
#4155=VECTOR('',#15028,1.5);
#4156=VECTOR('',#15029,1.);
#4157=VECTOR('',#15030,1.);
#4158=VECTOR('',#15037,1.);
#4159=VECTOR('',#15042,1.);
#4160=VECTOR('',#15045,1.);
#4161=VECTOR('',#15050,0.657128090019728);
#4162=VECTOR('',#15051,1.);
#4163=VECTOR('',#15052,1.5);
#4164=VECTOR('',#15055,1.);
#4165=VECTOR('',#15056,1.);
#4166=VECTOR('',#15057,1.);
#4167=VECTOR('',#15058,1.);
#4168=VECTOR('',#15059,1.);
#4169=VECTOR('',#15060,1.);
#4170=VECTOR('',#15063,1.);
#4171=VECTOR('',#15066,1.);
#4172=VECTOR('',#15071,1.);
#4173=VECTOR('',#15074,1.);
#4174=VECTOR('',#15079,1.);
#4175=VECTOR('',#15082,1.);
#4176=VECTOR('',#15087,1.);
#4177=VECTOR('',#15090,1.);
#4178=VECTOR('',#15095,1.);
#4179=VECTOR('',#15098,1.);
#4180=VECTOR('',#15103,1.);
#4181=VECTOR('',#15106,1.);
#4182=VECTOR('',#15111,2.54864594283891);
#4183=VECTOR('',#15112,1.);
#4184=VECTOR('',#15115,3.46410161513788);
#4185=VECTOR('',#15118,2.30940107675892);
#4186=VECTOR('',#15119,2.30940107675892);
#4187=VECTOR('',#15120,2.309401076758);
#4188=VECTOR('',#15121,2.30940107675892);
#4189=VECTOR('',#15122,2.30940107675892);
#4190=VECTOR('',#15123,0.89591647224437);
#4191=VECTOR('',#15124,2.448227150735);
#4192=VECTOR('',#15125,2.05061701062393);
#4193=VECTOR('',#15128,2.23606797750011);
#4194=VECTOR('',#15131,1.00166506705005);
#4195=VECTOR('',#15132,2.448227150735);
#4196=VECTOR('',#15133,2.23606797750011);
#4197=VECTOR('',#15136,1.00166506705005);
#4198=VECTOR('',#15139,2.05061701062393);
#4199=VECTOR('',#15142,0.657128090019728);
#4200=VECTOR('',#15143,2.54864594283891);
#4201=VECTOR('',#15144,3.46410161513788);
#4202=VECTOR('',#15145,0.89591647224437);
#4203=VECTOR('',#15146,2.30940107675892);
#4204=VECTOR('',#15147,2.30940107675892);
#4205=VECTOR('',#15148,2.309401076758);
#4206=VECTOR('',#15149,2.30940107675892);
#4207=VECTOR('',#15150,2.30940107675892);
#4208=VECTOR('',#15153,1.);
#4209=VECTOR('',#15158,1.);
#4210=VECTOR('',#15163,1.);
#4211=VECTOR('',#15166,1.);
#4212=VECTOR('',#15173,1.);
#4213=VECTOR('',#15178,2.);
#4214=VECTOR('',#15179,2.30940107675892);
#4215=VECTOR('',#15182,2.30940107675892);
#4216=VECTOR('',#15183,2.309401076758);
#4217=VECTOR('',#15184,2.30940107675892);
#4218=VECTOR('',#15185,2.30940107675892);
#4219=VECTOR('',#15190,2.);
#4220=VECTOR('',#15193,2.);
#4221=VECTOR('',#15196,2.);
#4222=VECTOR('',#15201,1.05);
#4223=VECTOR('',#15208,2.);
#4224=VECTOR('',#15209,2.30940107675892);
#4225=VECTOR('',#15212,2.30940107675892);
#4226=VECTOR('',#15213,2.30940107675892);
#4227=VECTOR('',#15214,2.30940107675892);
#4228=VECTOR('',#15215,2.309401076758);
#4229=VECTOR('',#15220,2.);
#4230=VECTOR('',#15221,2.);
#4231=VECTOR('',#15226,2.);
#4232=VECTOR('',#15231,1.05);
#4233=VECTOR('',#15234,1.);
#4234=VECTOR('',#15237,1.);
#4235=VECTOR('',#15244,2.);
#4236=VECTOR('',#15245,2.309401076759);
#4237=VECTOR('',#15246,2.);
#4238=VECTOR('',#15247,1.);
#4239=VECTOR('',#15248,1.);
#4240=VECTOR('',#15251,2.);
#4241=VECTOR('',#15252,2.30940107675892);
#4242=VECTOR('',#15255,2.30940107675892);
#4243=VECTOR('',#15256,2.30940107675892);
#4244=VECTOR('',#15257,2.30940107675892);
#4245=VECTOR('',#15258,2.309401076759);
#4246=VECTOR('',#15263,2.);
#4247=VECTOR('',#15264,2.);
#4248=VECTOR('',#15269,2.);
#4249=VECTOR('',#15274,1.05);
#4250=VECTOR('',#15281,1.);
#4251=VECTOR('',#15284,1.);
#4252=VECTOR('',#15299,3.);
#4253=VECTOR('',#15302,3.);
#4254=VECTOR('',#15305,3.);
#4255=VECTOR('',#15308,3.);
#4256=VECTOR('',#15311,3.);
#4257=VECTOR('',#15314,3.);
#4258=VECTOR('',#15317,3.);
#4259=VECTOR('',#15320,3.);
#4260=VECTOR('',#15323,3.);
#4261=VECTOR('',#15326,3.);
#4262=VECTOR('',#15329,3.);
#4263=VECTOR('',#15332,3.);
#4264=VECTOR('',#15335,3.);
#4265=VECTOR('',#15340,3.);
#4266=VECTOR('',#15343,3.);
#4267=VECTOR('',#15346,3.);
#4268=VECTOR('',#15349,3.);
#4269=VECTOR('',#15352,3.);
#4270=VECTOR('',#15355,3.);
#4271=VECTOR('',#15358,3.);
#4272=VECTOR('',#15361,3.);
#4273=VECTOR('',#15364,3.);
#4274=VECTOR('',#15367,3.);
#4275=VECTOR('',#15370,3.);
#4276=VECTOR('',#15373,3.);
#4277=VECTOR('',#15376,3.);
#4278=VECTOR('',#15385,2.54864594283891);
#4279=VECTOR('',#15386,3.46410161513788);
#4280=VECTOR('',#15387,0.89591647224437);
#4281=VECTOR('',#15388,2.30940107675892);
#4282=VECTOR('',#15389,2.30940107675892);
#4283=VECTOR('',#15390,2.309401076758);
#4284=VECTOR('',#15391,2.30940107675892);
#4285=VECTOR('',#15392,2.30940107675892);
#4286=VECTOR('',#15395,2.);
#4287=VECTOR('',#15396,2.30940107675892);
#4288=VECTOR('',#15399,2.30940107675892);
#4289=VECTOR('',#15400,2.309401076758);
#4290=VECTOR('',#15401,2.30940107675892);
#4291=VECTOR('',#15402,2.30940107675892);
#4292=VECTOR('',#15407,2.);
#4293=VECTOR('',#15410,2.);
#4294=VECTOR('',#15413,2.);
#4295=VECTOR('',#15418,1.05);
#4296=VECTOR('',#15423,1.);
#4297=VECTOR('',#15428,1.);
#4298=VECTOR('',#15431,1.);
#4299=VECTOR('',#15436,1.);
#4300=VECTOR('',#15439,1.);
#4301=VECTOR('',#15446,1.);
#4302=VECTOR('',#15449,1.);
#4303=VECTOR('',#15454,1.);
#4304=VECTOR('',#15457,1.);
#4305=VECTOR('',#15462,1.);
#4306=VECTOR('',#15465,1.);
#4307=VECTOR('',#15482,4.5);
#4308=VECTOR('',#15485,4.5);
#4309=VECTOR('',#15492,7.);
#4310=VECTOR('',#15493,1.);
#4311=VECTOR('',#15494,9.);
#4312=VECTOR('',#15495,34.);
#4313=VECTOR('',#15496,9.);
#4314=VECTOR('',#15497,1.);
#4315=VECTOR('',#15498,7.);
#4316=VECTOR('',#15499,1.);
#4317=VECTOR('',#15500,9.);
#4318=VECTOR('',#15501,34.);
#4319=VECTOR('',#15502,9.);
#4320=VECTOR('',#15503,1.);
#4321=VECTOR('',#15520,6.);
#4322=VECTOR('',#15521,2.304248688935);
#4323=VECTOR('',#15524,2.304248688935);
#4324=VECTOR('',#15525,6.);
#4325=VECTOR('',#15526,2.304248688935);
#4326=VECTOR('',#15529,2.304248688935);
#4327=VECTOR('',#15534,1.05);
#4328=VECTOR('',#15537,2.309401076759);
#4329=VECTOR('',#15538,2.30940107675892);
#4330=VECTOR('',#15539,2.30940107675892);
#4331=VECTOR('',#15540,2.309401076759);
#4332=VECTOR('',#15541,2.30940107675892);
#4333=VECTOR('',#15542,2.30940107675892);
#4334=VECTOR('',#15545,2.);
#4335=VECTOR('',#15546,2.);
#4336=VECTOR('',#15547,2.309401076759);
#4337=VECTOR('',#15550,2.);
#4338=VECTOR('',#15551,2.30940107675892);
#4339=VECTOR('',#15554,2.);
#4340=VECTOR('',#15555,2.30940107675892);
#4341=VECTOR('',#15558,2.);
#4342=VECTOR('',#15559,2.309401076759);
#4343=VECTOR('',#15562,2.);
#4344=VECTOR('',#15563,2.30940107675892);
#4345=VECTOR('',#15566,2.30940107675892);
#4346=VECTOR('',#15569,0.6756443470179);
#4347=VECTOR('',#15570,3.30495827718589);
#4348=VECTOR('',#15571,3.695041722814);
#4349=VECTOR('',#15572,3.30495827718589);
#4350=VECTOR('',#15573,0.6756443470179);
#4351=VECTOR('',#15574,3.30495827718589);
#4352=VECTOR('',#15575,3.695041722814);
#4353=VECTOR('',#15576,3.30495827718589);
#4354=VECTOR('',#15577,2.30940107675892);
#4355=VECTOR('',#15578,2.30940107675892);
#4356=VECTOR('',#15579,2.309401076759);
#4357=VECTOR('',#15580,2.30940107675892);
#4358=VECTOR('',#15581,2.30940107675892);
#4359=VECTOR('',#15582,2.309401076759);
#4360=VECTOR('',#15585,0.6756443470179);
#4361=VECTOR('',#15586,3.30495827718589);
#4362=VECTOR('',#15587,3.695041722814);
#4363=VECTOR('',#15588,3.30495827718589);
#4364=VECTOR('',#15589,0.6756443470179);
#4365=VECTOR('',#15590,3.30495827718589);
#4366=VECTOR('',#15591,3.695041722814);
#4367=VECTOR('',#15592,3.30495827718589);
#4368=VECTOR('',#15593,2.30940107675892);
#4369=VECTOR('',#15594,2.30940107675892);
#4370=VECTOR('',#15595,2.309401076759);
#4371=VECTOR('',#15596,2.30940107675892);
#4372=VECTOR('',#15597,2.30940107675892);
#4373=VECTOR('',#15598,2.309401076759);
#4374=VECTOR('',#15601,0.6756443470179);
#4375=VECTOR('',#15602,3.30495827718589);
#4376=VECTOR('',#15603,3.695041722814);
#4377=VECTOR('',#15604,3.30495827718589);
#4378=VECTOR('',#15605,0.6756443470179);
#4379=VECTOR('',#15606,3.30495827718589);
#4380=VECTOR('',#15607,3.695041722814);
#4381=VECTOR('',#15608,3.30495827718589);
#4382=VECTOR('',#15609,2.30940107675892);
#4383=VECTOR('',#15610,2.30940107675892);
#4384=VECTOR('',#15611,2.309401076759);
#4385=VECTOR('',#15612,2.30940107675892);
#4386=VECTOR('',#15613,2.30940107675892);
#4387=VECTOR('',#15614,2.309401076759);
#4388=VECTOR('',#15617,0.6756443470179);
#4389=VECTOR('',#15618,3.30495827718589);
#4390=VECTOR('',#15619,3.695041722814);
#4391=VECTOR('',#15620,3.30495827718589);
#4392=VECTOR('',#15621,0.6756443470178);
#4393=VECTOR('',#15622,3.30495827718589);
#4394=VECTOR('',#15623,3.695041722814);
#4395=VECTOR('',#15624,3.30495827718589);
#4396=VECTOR('',#15625,2.30940107675892);
#4397=VECTOR('',#15626,2.30940107675892);
#4398=VECTOR('',#15627,2.309401076759);
#4399=VECTOR('',#15628,2.30940107675892);
#4400=VECTOR('',#15629,2.30940107675892);
#4401=VECTOR('',#15630,2.309401076759);
#4402=VECTOR('',#15633,0.6756443470179);
#4403=VECTOR('',#15634,3.30495827718589);
#4404=VECTOR('',#15635,3.695041722814);
#4405=VECTOR('',#15636,3.30495827718589);
#4406=VECTOR('',#15637,0.6756443470179);
#4407=VECTOR('',#15638,3.30495827718589);
#4408=VECTOR('',#15639,3.695041722814);
#4409=VECTOR('',#15640,3.30495827718589);
#4410=VECTOR('',#15643,0.6756443470179);
#4411=VECTOR('',#15644,3.30495827718589);
#4412=VECTOR('',#15645,3.695041722814);
#4413=VECTOR('',#15646,3.30495827718589);
#4414=VECTOR('',#15647,0.6756443470179);
#4415=VECTOR('',#15648,3.30495827718589);
#4416=VECTOR('',#15649,3.695041722814);
#4417=VECTOR('',#15650,3.30495827718589);
#4418=VECTOR('',#15651,2.30940107675892);
#4419=VECTOR('',#15652,2.30940107675892);
#4420=VECTOR('',#15653,2.309401076759);
#4421=VECTOR('',#15654,2.30940107675892);
#4422=VECTOR('',#15655,2.30940107675892);
#4423=VECTOR('',#15656,2.309401076759);
#4424=VECTOR('',#15659,1.385640646055);
#4425=VECTOR('',#15660,1.91931763113094);
#4426=VECTOR('',#15661,0.6756443470179);
#4427=VECTOR('',#15662,3.30495827718589);
#4428=VECTOR('',#15663,3.695041722814);
#4429=VECTOR('',#15664,3.30495827718589);
#4430=VECTOR('',#15665,0.6756443470179);
#4431=VECTOR('',#15666,1.91931763113094);
#4432=VECTOR('',#15667,1.385640646055);
#4433=VECTOR('',#15668,2.30940107675892);
#4434=VECTOR('',#15669,2.30940107675892);
#4435=VECTOR('',#15670,2.309401076759);
#4436=VECTOR('',#15671,2.30940107675892);
#4437=VECTOR('',#15672,2.30940107675892);
#4438=VECTOR('',#15675,1.385640646055);
#4439=VECTOR('',#15676,1.91931763113094);
#4440=VECTOR('',#15677,0.6756443470179);
#4441=VECTOR('',#15678,3.30495827718589);
#4442=VECTOR('',#15679,3.695041722814);
#4443=VECTOR('',#15680,3.30495827718589);
#4444=VECTOR('',#15681,0.6756443470179);
#4445=VECTOR('',#15682,1.91931763113094);
#4446=VECTOR('',#15683,1.385640646055);
#4447=VECTOR('',#15684,2.30940107675892);
#4448=VECTOR('',#15685,2.30940107675892);
#4449=VECTOR('',#15686,2.309401076759);
#4450=VECTOR('',#15687,2.30940107675892);
#4451=VECTOR('',#15688,2.30940107675892);
#4452=VECTOR('',#15691,2.);
#4453=VECTOR('',#15692,2.30940107675892);
#4454=VECTOR('',#15693,2.);
#4455=VECTOR('',#15696,2.);
#4456=VECTOR('',#15697,2.309401076759);
#4457=VECTOR('',#15700,2.);
#4458=VECTOR('',#15701,2.30940107675892);
#4459=VECTOR('',#15704,2.);
#4460=VECTOR('',#15705,2.30940107675892);
#4461=VECTOR('',#15708,2.);
#4462=VECTOR('',#15709,2.309401076759);
#4463=VECTOR('',#15712,2.30940107675892);
#4464=VECTOR('',#15719,1.05);
#4465=VECTOR('',#15722,2.);
#4466=VECTOR('',#15723,2.30940107675892);
#4467=VECTOR('',#15724,2.);
#4468=VECTOR('',#15727,2.);
#4469=VECTOR('',#15728,2.309401076759);
#4470=VECTOR('',#15731,2.);
#4471=VECTOR('',#15732,2.30940107675892);
#4472=VECTOR('',#15735,2.);
#4473=VECTOR('',#15736,2.30940107675892);
#4474=VECTOR('',#15739,2.);
#4475=VECTOR('',#15740,2.309401076759);
#4476=VECTOR('',#15743,2.30940107675892);
#4477=VECTOR('',#15750,1.05);
#4478=VECTOR('',#15753,2.);
#4479=VECTOR('',#15754,2.30940107675892);
#4480=VECTOR('',#15755,2.);
#4481=VECTOR('',#15758,2.);
#4482=VECTOR('',#15759,2.309401076759);
#4483=VECTOR('',#15762,2.);
#4484=VECTOR('',#15763,2.30940107675892);
#4485=VECTOR('',#15766,2.);
#4486=VECTOR('',#15767,2.30940107675892);
#4487=VECTOR('',#15770,2.);
#4488=VECTOR('',#15771,2.309401076759);
#4489=VECTOR('',#15774,2.30940107675892);
#4490=VECTOR('',#15781,1.05);
#4491=VECTOR('',#15784,2.);
#4492=VECTOR('',#15785,2.30940107675892);
#4493=VECTOR('',#15786,2.);
#4494=VECTOR('',#15789,2.);
#4495=VECTOR('',#15790,2.309401076759);
#4496=VECTOR('',#15793,2.);
#4497=VECTOR('',#15794,2.30940107675892);
#4498=VECTOR('',#15797,2.);
#4499=VECTOR('',#15798,2.30940107675892);
#4500=VECTOR('',#15801,2.);
#4501=VECTOR('',#15802,2.309401076759);
#4502=VECTOR('',#15805,2.30940107675892);
#4503=VECTOR('',#15812,1.05);
#4504=VECTOR('',#15815,2.);
#4505=VECTOR('',#15816,2.30940107675892);
#4506=VECTOR('',#15817,2.);
#4507=VECTOR('',#15820,2.);
#4508=VECTOR('',#15821,2.309401076759);
#4509=VECTOR('',#15824,2.);
#4510=VECTOR('',#15825,2.30940107675892);
#4511=VECTOR('',#15828,2.);
#4512=VECTOR('',#15829,2.30940107675892);
#4513=VECTOR('',#15832,2.);
#4514=VECTOR('',#15833,2.309401076759);
#4515=VECTOR('',#15836,2.30940107675892);
#4516=VECTOR('',#15843,1.05);
#4517=VECTOR('',#15846,6.662177826491);
#4518=VECTOR('',#15847,1.41421356237291);
#4519=VECTOR('',#15848,2.1);
#4520=VECTOR('',#15849,2.54558441227183);
#4521=VECTOR('',#15850,28.4);
#4522=VECTOR('',#15851,2.54558441227183);
#4523=VECTOR('',#15852,2.1);
#4524=VECTOR('',#15853,1.41421356237291);
#4525=VECTOR('',#15854,6.662177826491);
#4526=VECTOR('',#15855,1.);
#4527=VECTOR('',#15856,1.);
#4528=VECTOR('',#15857,7.324355652982);
#4529=VECTOR('',#15858,1.);
#4530=VECTOR('',#15859,1.);
#4531=VECTOR('',#15860,7.324355652982);
#4532=VECTOR('',#15861,1.);
#4533=VECTOR('',#15862,1.);
#4534=VECTOR('',#15865,3.30495827718589);
#4535=VECTOR('',#15866,3.695041722814);
#4536=VECTOR('',#15867,3.30495827718589);
#4537=VECTOR('',#15868,6.662177826491);
#4538=VECTOR('',#15869,7.);
#4539=VECTOR('',#15872,3.30495827718589);
#4540=VECTOR('',#15873,3.695041722814);
#4541=VECTOR('',#15874,3.30495827718589);
#4542=VECTOR('',#15875,7.324355652982);
#4543=VECTOR('',#15876,3.30495827718589);
#4544=VECTOR('',#15877,3.695041722814);
#4545=VECTOR('',#15878,3.30495827718589);
#4546=VECTOR('',#15881,3.30495827718589);
#4547=VECTOR('',#15882,3.695041722814);
#4548=VECTOR('',#15883,3.30495827718589);
#4549=VECTOR('',#15884,7.324355652982);
#4550=VECTOR('',#15885,3.30495827718589);
#4551=VECTOR('',#15886,3.695041722814);
#4552=VECTOR('',#15887,3.30495827718589);
#4553=VECTOR('',#15890,7.);
#4554=VECTOR('',#15891,6.662177826491);
#4555=VECTOR('',#15892,3.30495827718589);
#4556=VECTOR('',#15893,3.695041722814);
#4557=VECTOR('',#15894,3.30495827718589);
#4558=VECTOR('',#15897,6.662177826491);
#4559=VECTOR('',#15898,3.30495827718589);
#4560=VECTOR('',#15899,3.695041722814);
#4561=VECTOR('',#15900,3.30495827718589);
#4562=VECTOR('',#15901,6.662177826491);
#4563=VECTOR('',#15902,7.);
#4564=VECTOR('',#15905,6.662177826491);
#4565=VECTOR('',#15906,7.);
#4566=VECTOR('',#15907,6.662177826491);
#4567=VECTOR('',#15908,3.30495827718589);
#4568=VECTOR('',#15909,3.695041722814);
#4569=VECTOR('',#15910,3.30495827718589);
#4570=VECTOR('',#15913,6.662177826491);
#4571=VECTOR('',#15914,7.);
#4572=VECTOR('',#15915,6.662177826491);
#4573=VECTOR('',#15916,3.30495827718589);
#4574=VECTOR('',#15917,3.695041722814);
#4575=VECTOR('',#15918,3.30495827718589);
#4576=VECTOR('',#15921,7.324355652982);
#4577=VECTOR('',#15922,3.30495827718589);
#4578=VECTOR('',#15923,3.695041722814);
#4579=VECTOR('',#15924,3.30495827718589);
#4580=VECTOR('',#15925,7.324355652982);
#4581=VECTOR('',#15926,3.30495827718589);
#4582=VECTOR('',#15927,3.695041722814);
#4583=VECTOR('',#15928,3.30495827718589);
#4584=VECTOR('',#15931,7.324355652982);
#4585=VECTOR('',#15932,3.30495827718589);
#4586=VECTOR('',#15933,3.695041722814);
#4587=VECTOR('',#15934,3.30495827718589);
#4588=VECTOR('',#15935,7.324355652982);
#4589=VECTOR('',#15936,3.30495827718589);
#4590=VECTOR('',#15937,3.695041722814);
#4591=VECTOR('',#15938,3.30495827718589);
#4592=VECTOR('',#15941,6.662177826491);
#4593=VECTOR('',#15942,3.30495827718589);
#4594=VECTOR('',#15943,3.695041722814);
#4595=VECTOR('',#15944,3.30495827718589);
#4596=VECTOR('',#15945,6.662177826491);
#4597=VECTOR('',#15946,7.);
#4598=VECTOR('',#15949,0.9596588155656);
#4599=VECTOR('',#15950,1.662177826491);
#4600=VECTOR('',#15951,1.91931763113094);
#4601=VECTOR('',#15954,0.9596588155656);
#4602=VECTOR('',#15955,1.91931763113094);
#4603=VECTOR('',#15956,1.662177826491);
#4604=VECTOR('',#15959,0.9596588155656);
#4605=VECTOR('',#15960,1.662177826491);
#4606=VECTOR('',#15961,1.91931763113094);
#4607=VECTOR('',#15964,0.9596588155656);
#4608=VECTOR('',#15965,1.91931763113094);
#4609=VECTOR('',#15966,1.662177826491);
#4610=VECTOR('',#15969,1.41421356237291);
#4611=VECTOR('',#15970,7.);
#4612=VECTOR('',#15973,1.41421356237291);
#4613=VECTOR('',#15974,7.);
#4614=VECTOR('',#15975,1.41421356237291);
#4615=VECTOR('',#15978,7.);
#4616=VECTOR('',#15979,0.707106781186453);
#4617=VECTOR('',#15980,0.707106781186453);
#4618=VECTOR('',#15983,4.10121933088173);
#4619=VECTOR('',#15984,3.);
#4620=VECTOR('',#15985,4.10121933088173);
#4621=VECTOR('',#15986,0.9);
#4622=VECTOR('',#15987,2.1);
#4623=VECTOR('',#15988,0.9);
#4624=VECTOR('',#15993,4.10121933088173);
#4625=VECTOR('',#15994,3.);
#4626=VECTOR('',#15995,4.10121933088173);
#4627=VECTOR('',#15996,0.9);
#4628=VECTOR('',#15997,2.1);
#4629=VECTOR('',#15998,2.1);
#4630=VECTOR('',#15999,0.9);
#4631=VECTOR('',#16004,1.05);
#4632=VECTOR('',#16011,1.05);
#4633=VECTOR('',#16026,1.9);
#4634=VECTOR('',#16031,4.24264068711871);
#4635=VECTOR('',#16032,4.);
#4636=VECTOR('',#16033,9.);
#4637=VECTOR('',#16034,2.6);
#4638=VECTOR('',#16035,3.16227766016792);
#4639=VECTOR('',#16036,3.);
#4640=VECTOR('',#16037,3.16227766016792);
#4641=VECTOR('',#16038,3.6);
#4642=VECTOR('',#16039,2.82842712474581);
#4643=VECTOR('',#16040,3.);
#4644=VECTOR('',#16045,4.24264068711871);
#4645=VECTOR('',#16046,4.);
#4646=VECTOR('',#16047,9.);
#4647=VECTOR('',#16048,4.);
#4648=VECTOR('',#16049,4.24264068711871);
#4649=VECTOR('',#16050,3.);
#4650=VECTOR('',#16053,1.9);
#4651=VECTOR('',#16056,3.);
#4652=VECTOR('',#16057,0.173205080756892);
#4653=VECTOR('',#16058,3.1);
#4654=VECTOR('',#16061,2.40416305603384);
#4655=VECTOR('',#16062,28.4);
#4656=VECTOR('',#16063,2.40416305603384);
#4657=VECTOR('',#16064,3.1);
#4658=VECTOR('',#16065,4.);
#4659=VECTOR('',#16066,2.82842712474581);
#4660=VECTOR('',#16067,2.82842712474581);
#4661=VECTOR('',#16070,2.82842712474581);
#4662=VECTOR('',#16071,2.82842712474581);
#4663=VECTOR('',#16074,2.82842712474581);
#4664=VECTOR('',#16077,3.1);
#4665=VECTOR('',#16078,2.40416305603384);
#4666=VECTOR('',#16079,8.2);
#4667=VECTOR('',#16080,1.3);
#4668=VECTOR('',#16081,1.);
#4669=VECTOR('',#16082,1.);
#4670=VECTOR('',#16083,0.5);
#4671=VECTOR('',#16084,3.5);
#4672=VECTOR('',#16087,3.1);
#4673=VECTOR('',#16088,4.);
#4674=VECTOR('',#16089,2.82842712474581);
#4675=VECTOR('',#16090,3.5);
#4676=VECTOR('',#16091,0.5);
#4677=VECTOR('',#16092,0.707106781186453);
#4678=VECTOR('',#16093,1.);
#4679=VECTOR('',#16094,1.);
#4680=VECTOR('',#16095,1.3);
#4681=VECTOR('',#16096,8.2);
#4682=VECTOR('',#16097,2.40416305603384);
#4683=VECTOR('',#16100,3.);
#4684=VECTOR('',#16101,0.173205080756892);
#4685=VECTOR('',#16104,2.54558441227183);
#4686=VECTOR('',#16105,1.);
#4687=VECTOR('',#16108,7.);
#4688=VECTOR('',#16109,8.2);
#4689=VECTOR('',#16110,1.);
#4690=VECTOR('',#16111,1.);
#4691=VECTOR('',#16112,8.2);
#4692=VECTOR('',#16113,7.);
#4693=VECTOR('',#16114,28.4);
#4694=VECTOR('',#16115,1.);
#4695=VECTOR('',#16116,6.);
#4696=VECTOR('',#16117,9.9);
#4697=VECTOR('',#16118,6.);
#4698=VECTOR('',#16119,9.9);
#4699=VECTOR('',#16122,2.);
#4700=VECTOR('',#16123,2.309401076759);
#4701=VECTOR('',#16124,2.);
#4702=VECTOR('',#16125,1.);
#4703=VECTOR('',#16126,1.3);
#4704=VECTOR('',#16127,1.);
#4705=VECTOR('',#16130,2.);
#4706=VECTOR('',#16131,2.30940107675892);
#4707=VECTOR('',#16134,2.309401076759);
#4708=VECTOR('',#16135,2.30940107675892);
#4709=VECTOR('',#16136,2.30940107675892);
#4710=VECTOR('',#16137,2.30940107675892);
#4711=VECTOR('',#16142,2.);
#4712=VECTOR('',#16143,2.);
#4713=VECTOR('',#16146,2.);
#4714=VECTOR('',#16153,1.05);
#4715=VECTOR('',#16158,1.9);
#4716=VECTOR('',#16159,4.);
#4717=VECTOR('',#16160,1.2);
#4718=VECTOR('',#16161,3.5);
#4719=VECTOR('',#16162,0.5);
#4720=VECTOR('',#16163,1.);
#4721=VECTOR('',#16164,1.);
#4722=VECTOR('',#16165,1.3);
#4723=VECTOR('',#16166,2.40416305603384);
#4724=VECTOR('',#16169,1.9);
#4725=VECTOR('',#16170,2.40416305603384);
#4726=VECTOR('',#16171,1.);
#4727=VECTOR('',#16172,1.);
#4728=VECTOR('',#16173,0.707106781186453);
#4729=VECTOR('',#16174,0.5);
#4730=VECTOR('',#16175,3.5);
#4731=VECTOR('',#16176,2.82842712474581);
#4732=VECTOR('',#16177,1.2);
#4733=VECTOR('',#16178,4.);
#4734=VECTOR('',#16181,3.);
#4735=VECTOR('',#16182,1.2);
#4736=VECTOR('',#16183,1.41421356237291);
#4737=VECTOR('',#16184,0.173205080756892);
#4738=VECTOR('',#16189,3.6);
#4739=VECTOR('',#16190,3.16227766016792);
#4740=VECTOR('',#16191,0.5);
#4741=VECTOR('',#16192,1.2);
#4742=VECTOR('',#16193,2.);
#4743=VECTOR('',#16194,1.2);
#4744=VECTOR('',#16195,0.5);
#4745=VECTOR('',#16196,3.16227766016792);
#4746=VECTOR('',#16197,2.6);
#4747=VECTOR('',#16200,1.2);
#4748=VECTOR('',#16203,1.2);
#4749=VECTOR('',#16206,1.2);
#4750=VECTOR('',#16207,2.);
#4751=VECTOR('',#16216,1.2);
#4752=VECTOR('',#16223,2.6);
#4753=VECTOR('',#16224,3.16227766016792);
#4754=VECTOR('',#16225,0.5);
#4755=VECTOR('',#16226,1.2);
#4756=VECTOR('',#16227,2.);
#4757=VECTOR('',#16228,0.5);
#4758=VECTOR('',#16229,3.16227766016792);
#4759=VECTOR('',#16230,3.6);
#4760=VECTOR('',#16231,1.41421356237291);
#4761=VECTOR('',#16234,2.82842712474581);
#4762=VECTOR('',#16235,3.);
#4763=VECTOR('',#16236,4.10121933088173);
#4764=VECTOR('',#16237,0.173205080756892);
#4765=VECTOR('',#16238,1.2);
#4766=VECTOR('',#16241,4.24264068711871);
#4767=VECTOR('',#16242,4.);
#4768=VECTOR('',#16243,9.);
#4769=VECTOR('',#16244,4.24264068711871);
#4770=VECTOR('',#16245,3.);
#4771=VECTOR('',#16250,3.6);
#4772=VECTOR('',#16251,3.16227766016792);
#4773=VECTOR('',#16252,3.);
#4774=VECTOR('',#16253,3.16227766016792);
#4775=VECTOR('',#16254,2.6);
#4776=VECTOR('',#16255,9.);
#4777=VECTOR('',#16256,4.24264068711871);
#4778=VECTOR('',#16257,3.);
#4779=VECTOR('',#16264,1.9);
#4780=VECTOR('',#16275,1.9);
#4781=VECTOR('',#16278,4.10121933088173);
#4782=VECTOR('',#16279,3.);
#4783=VECTOR('',#16280,4.10121933088173);
#4784=VECTOR('',#16281,0.9);
#4785=VECTOR('',#16282,2.1);
#4786=VECTOR('',#16283,7.);
#4787=VECTOR('',#16284,2.1);
#4788=VECTOR('',#16285,0.9);
#4789=VECTOR('',#16288,3.);
#4790=VECTOR('',#16289,4.10121933088173);
#4791=VECTOR('',#16290,0.9);
#4792=VECTOR('',#16291,2.1);
#4793=VECTOR('',#16292,7.);
#4794=VECTOR('',#16293,0.9);
#4795=VECTOR('',#16298,1.05);
#4796=VECTOR('',#16301,1.05);
#4797=VECTOR('',#16304,3.);
#4798=VECTOR('',#16305,0.173205080756892);
#4799=VECTOR('',#16306,3.1);
#4800=VECTOR('',#16309,3.1);
#4801=VECTOR('',#16310,2.82842712474581);
#4802=VECTOR('',#16311,2.40416305603384);
#4803=VECTOR('',#16312,28.4);
#4804=VECTOR('',#16313,2.40416305603384);
#4805=VECTOR('',#16316,3.);
#4806=VECTOR('',#16317,0.173205080756892);
#4807=VECTOR('',#16320,1.);
#4808=VECTOR('',#16321,2.54558441227183);
#4809=VECTOR('',#16324,28.4);
#4810=VECTOR('',#16325,2.54558441227183);
#4811=VECTOR('',#16326,1.41421356237291);
#4812=VECTOR('',#16327,1.);
#4813=VECTOR('',#16328,1.);
#4814=VECTOR('',#16329,1.);
#4815=VECTOR('',#16330,1.);
#4816=VECTOR('',#16331,1.);
#4817=VECTOR('',#16332,1.);
#4818=VECTOR('',#16335,1.);
#4819=VECTOR('',#16338,1.);
#4820=VECTOR('',#16341,1.);
#4821=VECTOR('',#16344,1.);
#4822=VECTOR('',#16345,1.);
#4823=VECTOR('',#16346,1.);
#4824=VECTOR('',#16347,1.);
#4825=VECTOR('',#16348,1.);
#4826=VECTOR('',#16349,1.41421356237291);
#4827=VECTOR('',#16350,2.54558441227183);
#4828=VECTOR('',#16353,0.173205080756892);
#4829=VECTOR('',#16356,3.);
#4830=VECTOR('',#16365,3.);
#4831=VECTOR('',#16368,0.173205080756892);
#4832=VECTOR('',#16371,1.);
#4833=VECTOR('',#16372,2.54558441227183);
#4834=VECTOR('',#16375,1.);
#4835=VECTOR('',#16376,1.);
#4836=VECTOR('',#16377,1.);
#4837=VECTOR('',#16378,1.);
#4838=VECTOR('',#16379,1.);
#4839=VECTOR('',#16380,1.);
#4840=VECTOR('',#16381,1.41421356237291);
#4841=VECTOR('',#16382,28.4);
#4842=VECTOR('',#16383,2.54558441227183);
#4843=VECTOR('',#16386,1.);
#4844=VECTOR('',#16395,7.);
#4845=VECTOR('',#16398,7.);
#4846=VECTOR('',#16403,1.);
#4847=VECTOR('',#16406,1.);
#4848=VECTOR('',#16411,1.);
#4849=VECTOR('',#16414,1.);
#4850=VECTOR('',#16419,1.);
#4851=VECTOR('',#16422,1.);
#4852=VECTOR('',#16427,1.);
#4853=VECTOR('',#16430,1.);
#4854=VECTOR('',#16435,1.);
#4855=VECTOR('',#16438,1.);
#4856=VECTOR('',#16443,1.);
#4857=VECTOR('',#16446,1.);
#4858=VECTOR('',#16451,1.);
#4859=VECTOR('',#16454,1.);
#4860=VECTOR('',#16459,1.);
#4861=VECTOR('',#16462,1.);
#4862=VECTOR('',#16467,1.);
#4863=VECTOR('',#16470,1.);
#4864=VECTOR('',#16475,1.);
#4865=VECTOR('',#16478,1.);
#4866=VECTOR('',#16483,1.);
#4867=VECTOR('',#16486,1.);
#4868=VECTOR('',#16491,1.);
#4869=VECTOR('',#16502,1.2);
#4870=VECTOR('',#16505,1.2);
#4871=VECTOR('',#16508,1.2);
#4872=VECTOR('',#16509,2.);
#4873=VECTOR('',#16512,1.2);
#4874=VECTOR('',#16525,1.2);
#4875=VECTOR('',#16530,2.);
#4876=VECTOR('',#16531,2.309401076759);
#4877=VECTOR('',#16532,2.);
#4878=VECTOR('',#16533,1.);
#4879=VECTOR('',#16534,1.);
#4880=VECTOR('',#16537,2.);
#4881=VECTOR('',#16538,2.30940107675892);
#4882=VECTOR('',#16541,2.30940107675892);
#4883=VECTOR('',#16542,2.309401076759);
#4884=VECTOR('',#16543,2.30940107675892);
#4885=VECTOR('',#16544,2.30940107675892);
#4886=VECTOR('',#16549,2.);
#4887=VECTOR('',#16552,2.);
#4888=VECTOR('',#16555,2.);
#4889=VECTOR('',#16560,1.05);
#4890=VECTOR('',#16567,1.);
#4891=VECTOR('',#16570,1.);
#4892=VECTOR('',#16575,7.);
#4893=VECTOR('',#16580,1.);
#4894=VECTOR('',#16583,1.);
#4895=VECTOR('',#16590,4.3);
#4896=VECTOR('',#16591,4.3);
#4897=VECTOR('',#16594,4.3);
#4898=VECTOR('',#16595,1.5);
#4899=VECTOR('',#16596,5.291502622129);
#4900=VECTOR('',#16597,1.5);
#4901=VECTOR('',#16606,5.291502622129);
#4902=VECTOR('',#16611,4.3);
#4903=VECTOR('',#16612,1.5);
#4904=VECTOR('',#16613,1.5);
#4905=VECTOR('',#16622,1.05);
#4906=VECTOR('',#16629,1.05);
#4907=VECTOR('',#16636,1.05);
#4908=VECTOR('',#16643,1.05);
#4909=VECTOR('',#16650,1.05);
#4910=VECTOR('',#16657,1.05);
#4911=VECTOR('',#16664,1.05);
#4912=VECTOR('',#16671,1.05);
#4913=VECTOR('',#16678,1.05);
#4914=VECTOR('',#16685,1.05);
#4915=VECTOR('',#16692,1.05);
#4916=VECTOR('',#16699,1.05);
#4917=VECTOR('',#16706,1.05);
#4918=VECTOR('',#16713,1.05);
#4919=VECTOR('',#16720,1.05);
#4920=VECTOR('',#16727,1.05);
#4921=VECTOR('',#16732,10.);
#4922=VECTOR('',#16733,10.);
#4923=VECTOR('',#16734,10.);
#4924=VECTOR('',#16735,10.);
#4925=VECTOR('',#16738,10.);
#4926=VECTOR('',#16739,10.);
#4927=VECTOR('',#16740,10.);
#4928=VECTOR('',#16741,10.);
#4929=VECTOR('',#16744,10.);
#4930=VECTOR('',#16745,10.);
#4931=VECTOR('',#16746,10.);
#4932=VECTOR('',#16749,10.);
#4933=VECTOR('',#16750,10.);
#4934=VECTOR('',#16751,10.);
#4935=VECTOR('',#16754,10.);
#4936=VECTOR('',#16755,10.);
#4937=VECTOR('',#16756,10.);
#4938=VECTOR('',#16759,10.);
#4939=VECTOR('',#16760,10.);
#4940=VECTOR('',#16763,10.);
#4941=VECTOR('',#16764,10.);
#4942=VECTOR('',#16765,10.);
#4943=VECTOR('',#16768,10.);
#4944=VECTOR('',#16769,10.);
#4945=VECTOR('',#16772,10.);
#4946=VECTOR('',#16773,10.);
#4947=VECTOR('',#16774,10.);
#4948=VECTOR('',#16775,10.);
#4949=VECTOR('',#16778,10.);
#4950=VECTOR('',#16779,10.);
#4951=VECTOR('',#16780,10.);
#4952=VECTOR('',#16781,10.);
#4953=VECTOR('',#16782,10.);
#4954=VECTOR('',#16785,10.);
#4955=VECTOR('',#16786,10.);
#4956=VECTOR('',#16787,10.);
#4957=VECTOR('',#16788,10.);
#4958=VECTOR('',#16789,10.);
#4959=VECTOR('',#16790,10.);
#4960=VECTOR('',#16793,10.);
#4961=VECTOR('',#16794,10.);
#4962=VECTOR('',#16795,10.);
#4963=VECTOR('',#16798,10.);
#4964=VECTOR('',#16799,10.);
#4965=VECTOR('',#16800,10.);
#4966=VECTOR('',#16801,10.);
#4967=VECTOR('',#16804,10.);
#4968=VECTOR('',#16805,10.);
#4969=VECTOR('',#16806,10.);
#4970=VECTOR('',#16809,10.);
#4971=VECTOR('',#16812,10.);
#4972=VECTOR('',#16813,10.);
#4973=VECTOR('',#16816,10.);
#4974=VECTOR('',#16817,10.);
#4975=VECTOR('',#16820,10.);
#4976=VECTOR('',#16821,10.);
#4977=VECTOR('',#16824,10.);
#4978=VECTOR('',#16825,10.);
#4979=VECTOR('',#16828,10.);
#4980=VECTOR('',#16829,10.);
#4981=VECTOR('',#16832,10.);
#4982=VECTOR('',#16833,10.);
#4983=VECTOR('',#16834,10.);
#4984=VECTOR('',#16835,10.);
#4985=VECTOR('',#16838,10.);
#4986=VECTOR('',#16839,10.);
#4987=VECTOR('',#16840,10.);
#4988=VECTOR('',#16843,10.);
#4989=VECTOR('',#16844,10.);
#4990=VECTOR('',#16845,10.);
#4991=VECTOR('',#16848,10.);
#4992=VECTOR('',#16849,10.);
#4993=VECTOR('',#16850,10.);
#4994=VECTOR('',#16853,10.);
#4995=VECTOR('',#16854,10.);
#4996=VECTOR('',#16855,10.);
#4997=VECTOR('',#16858,10.);
#4998=VECTOR('',#16859,10.);
#4999=VECTOR('',#16860,10.);
#5000=VECTOR('',#16863,10.);
#5001=VECTOR('',#16866,10.);
#5002=VECTOR('',#16867,10.);
#5003=VECTOR('',#16870,10.);
#5004=VECTOR('',#16871,10.);
#5005=VECTOR('',#16874,10.);
#5006=VECTOR('',#16877,10.);
#5007=VECTOR('',#16880,10.);
#5008=VECTOR('',#16881,10.);
#5009=VERTEX_POINT('',#16893);
#5010=VERTEX_POINT('',#16894);
#5011=VERTEX_POINT('',#16896);
#5012=VERTEX_POINT('',#16898);
#5013=VERTEX_POINT('',#16900);
#5014=VERTEX_POINT('',#16902);
#5015=VERTEX_POINT('',#16904);
#5016=VERTEX_POINT('',#16906);
#5017=VERTEX_POINT('',#16908);
#5018=VERTEX_POINT('',#16910);
#5019=VERTEX_POINT('',#16913);
#5020=VERTEX_POINT('',#16915);
#5021=VERTEX_POINT('',#16917);
#5022=VERTEX_POINT('',#16919);
#5023=VERTEX_POINT('',#16921);
#5024=VERTEX_POINT('',#16923);
#5025=VERTEX_POINT('',#16925);
#5026=VERTEX_POINT('',#16928);
#5027=VERTEX_POINT('',#16932);
#5028=VERTEX_POINT('',#16934);
#5029=VERTEX_POINT('',#16938);
#5030=VERTEX_POINT('',#16939);
#5031=VERTEX_POINT('',#16941);
#5032=VERTEX_POINT('',#16943);
#5033=VERTEX_POINT('',#16945);
#5034=VERTEX_POINT('',#16947);
#5035=VERTEX_POINT('',#16949);
#5036=VERTEX_POINT('',#16951);
#5037=VERTEX_POINT('',#16953);
#5038=VERTEX_POINT('',#16955);
#5039=VERTEX_POINT('',#16957);
#5040=VERTEX_POINT('',#16959);
#5041=VERTEX_POINT('',#16961);
#5042=VERTEX_POINT('',#16963);
#5043=VERTEX_POINT('',#16965);
#5044=VERTEX_POINT('',#16967);
#5045=VERTEX_POINT('',#16969);
#5046=VERTEX_POINT('',#16971);
#5047=VERTEX_POINT('',#16974);
#5048=VERTEX_POINT('',#16976);
#5049=VERTEX_POINT('',#16978);
#5050=VERTEX_POINT('',#16980);
#5051=VERTEX_POINT('',#16982);
#5052=VERTEX_POINT('',#16984);
#5053=VERTEX_POINT('',#16987);
#5054=VERTEX_POINT('',#16991);
#5055=VERTEX_POINT('',#16993);
#5056=VERTEX_POINT('',#16997);
#5057=VERTEX_POINT('',#16999);
#5058=VERTEX_POINT('',#17002);
#5059=VERTEX_POINT('',#17005);
#5060=VERTEX_POINT('',#17007);
#5061=VERTEX_POINT('',#17010);
#5062=VERTEX_POINT('',#17012);
#5063=VERTEX_POINT('',#17015);
#5064=VERTEX_POINT('',#17019);
#5065=VERTEX_POINT('',#17022);
#5066=VERTEX_POINT('',#17024);
#5067=VERTEX_POINT('',#17027);
#5068=VERTEX_POINT('',#17029);
#5069=VERTEX_POINT('',#17032);
#5070=VERTEX_POINT('',#17034);
#5071=VERTEX_POINT('',#17043);
#5072=VERTEX_POINT('',#17045);
#5073=VERTEX_POINT('',#17051);
#5074=VERTEX_POINT('',#17053);
#5075=VERTEX_POINT('',#17059);
#5076=VERTEX_POINT('',#17061);
#5077=VERTEX_POINT('',#17067);
#5078=VERTEX_POINT('',#17069);
#5079=VERTEX_POINT('',#17075);
#5080=VERTEX_POINT('',#17078);
#5081=VERTEX_POINT('',#17080);
#5082=VERTEX_POINT('',#17083);
#5083=VERTEX_POINT('',#17085);
#5084=VERTEX_POINT('',#17088);
#5085=VERTEX_POINT('',#17090);
#5086=VERTEX_POINT('',#17093);
#5087=VERTEX_POINT('',#17097);
#5088=VERTEX_POINT('',#17100);
#5089=VERTEX_POINT('',#17102);
#5090=VERTEX_POINT('',#17105);
#5091=VERTEX_POINT('',#17107);
#5092=VERTEX_POINT('',#17110);
#5093=VERTEX_POINT('',#17112);
#5094=VERTEX_POINT('',#17121);
#5095=VERTEX_POINT('',#17123);
#5096=VERTEX_POINT('',#17127);
#5097=VERTEX_POINT('',#17131);
#5098=VERTEX_POINT('',#17132);
#5099=VERTEX_POINT('',#17134);
#5100=VERTEX_POINT('',#17136);
#5101=VERTEX_POINT('',#17138);
#5102=VERTEX_POINT('',#17140);
#5103=VERTEX_POINT('',#17142);
#5104=VERTEX_POINT('',#17144);
#5105=VERTEX_POINT('',#17146);
#5106=VERTEX_POINT('',#17148);
#5107=VERTEX_POINT('',#17151);
#5108=VERTEX_POINT('',#17153);
#5109=VERTEX_POINT('',#17155);
#5110=VERTEX_POINT('',#17157);
#5111=VERTEX_POINT('',#17159);
#5112=VERTEX_POINT('',#17162);
#5113=VERTEX_POINT('',#17163);
#5114=VERTEX_POINT('',#17170);
#5115=VERTEX_POINT('',#17171);
#5116=VERTEX_POINT('',#17178);
#5117=VERTEX_POINT('',#17179);
#5118=VERTEX_POINT('',#17186);
#5119=VERTEX_POINT('',#17188);
#5120=VERTEX_POINT('',#17195);
#5121=VERTEX_POINT('',#17196);
#5122=VERTEX_POINT('',#17198);
#5123=VERTEX_POINT('',#17201);
#5124=VERTEX_POINT('',#17203);
#5125=VERTEX_POINT('',#17205);
#5126=VERTEX_POINT('',#17207);
#5127=VERTEX_POINT('',#17211);
#5128=VERTEX_POINT('',#17212);
#5129=VERTEX_POINT('',#17214);
#5130=VERTEX_POINT('',#17216);
#5131=VERTEX_POINT('',#17218);
#5132=VERTEX_POINT('',#17220);
#5133=VERTEX_POINT('',#17223);
#5134=VERTEX_POINT('',#17225);
#5135=VERTEX_POINT('',#17229);
#5136=VERTEX_POINT('',#17231);
#5137=VERTEX_POINT('',#17235);
#5138=VERTEX_POINT('',#17241);
#5139=VERTEX_POINT('',#17242);
#5140=VERTEX_POINT('',#17244);
#5141=VERTEX_POINT('',#17246);
#5142=VERTEX_POINT('',#17248);
#5143=VERTEX_POINT('',#17250);
#5144=VERTEX_POINT('',#17252);
#5145=VERTEX_POINT('',#17254);
#5146=VERTEX_POINT('',#17259);
#5147=VERTEX_POINT('',#17260);
#5148=VERTEX_POINT('',#17262);
#5149=VERTEX_POINT('',#17264);
#5150=VERTEX_POINT('',#17266);
#5151=VERTEX_POINT('',#17268);
#5152=VERTEX_POINT('',#17270);
#5153=VERTEX_POINT('',#17272);
#5154=VERTEX_POINT('',#17274);
#5155=VERTEX_POINT('',#17276);
#5156=VERTEX_POINT('',#17278);
#5157=VERTEX_POINT('',#17280);
#5158=VERTEX_POINT('',#17282);
#5159=VERTEX_POINT('',#17286);
#5160=VERTEX_POINT('',#17287);
#5161=VERTEX_POINT('',#17289);
#5162=VERTEX_POINT('',#17291);
#5163=VERTEX_POINT('',#17293);
#5164=VERTEX_POINT('',#17298);
#5165=VERTEX_POINT('',#17300);
#5166=VERTEX_POINT('',#17302);
#5167=VERTEX_POINT('',#17304);
#5168=VERTEX_POINT('',#17306);
#5169=VERTEX_POINT('',#17308);
#5170=VERTEX_POINT('',#17310);
#5171=VERTEX_POINT('',#17312);
#5172=VERTEX_POINT('',#17314);
#5173=VERTEX_POINT('',#17316);
#5174=VERTEX_POINT('',#17318);
#5175=VERTEX_POINT('',#17320);
#5176=VERTEX_POINT('',#17322);
#5177=VERTEX_POINT('',#17324);
#5178=VERTEX_POINT('',#17326);
#5179=VERTEX_POINT('',#17328);
#5180=VERTEX_POINT('',#17330);
#5181=VERTEX_POINT('',#17332);
#5182=VERTEX_POINT('',#17335);
#5183=VERTEX_POINT('',#17336);
#5184=VERTEX_POINT('',#17338);
#5185=VERTEX_POINT('',#17340);
#5186=VERTEX_POINT('',#17342);
#5187=VERTEX_POINT('',#17344);
#5188=VERTEX_POINT('',#17346);
#5189=VERTEX_POINT('',#17348);
#5190=VERTEX_POINT('',#17352);
#5191=VERTEX_POINT('',#17354);
#5192=VERTEX_POINT('',#17356);
#5193=VERTEX_POINT('',#17358);
#5194=VERTEX_POINT('',#17360);
#5195=VERTEX_POINT('',#17362);
#5196=VERTEX_POINT('',#17366);
#5197=VERTEX_POINT('',#17370);
#5198=VERTEX_POINT('',#17374);
#5199=VERTEX_POINT('',#17378);
#5200=VERTEX_POINT('',#17380);
#5201=VERTEX_POINT('',#17382);
#5202=VERTEX_POINT('',#17384);
#5203=VERTEX_POINT('',#17386);
#5204=VERTEX_POINT('',#17390);
#5205=VERTEX_POINT('',#17391);
#5206=VERTEX_POINT('',#17393);
#5207=VERTEX_POINT('',#17395);
#5208=VERTEX_POINT('',#17397);
#5209=VERTEX_POINT('',#17399);
#5210=VERTEX_POINT('',#17401);
#5211=VERTEX_POINT('',#17403);
#5212=VERTEX_POINT('',#17405);
#5213=VERTEX_POINT('',#17407);
#5214=VERTEX_POINT('',#17409);
#5215=VERTEX_POINT('',#17411);
#5216=VERTEX_POINT('',#17413);
#5217=VERTEX_POINT('',#17415);
#5218=VERTEX_POINT('',#17417);
#5219=VERTEX_POINT('',#17419);
#5220=VERTEX_POINT('',#17421);
#5221=VERTEX_POINT('',#17423);
#5222=VERTEX_POINT('',#17425);
#5223=VERTEX_POINT('',#17427);
#5224=VERTEX_POINT('',#17429);
#5225=VERTEX_POINT('',#17431);
#5226=VERTEX_POINT('',#17433);
#5227=VERTEX_POINT('',#17435);
#5228=VERTEX_POINT('',#17437);
#5229=VERTEX_POINT('',#17439);
#5230=VERTEX_POINT('',#17441);
#5231=VERTEX_POINT('',#17444);
#5232=VERTEX_POINT('',#17446);
#5233=VERTEX_POINT('',#17449);
#5234=VERTEX_POINT('',#17451);
#5235=VERTEX_POINT('',#17453);
#5236=VERTEX_POINT('',#17456);
#5237=VERTEX_POINT('',#17458);
#5238=VERTEX_POINT('',#17460);
#5239=VERTEX_POINT('',#17462);
#5240=VERTEX_POINT('',#17464);
#5241=VERTEX_POINT('',#17466);
#5242=VERTEX_POINT('',#17468);
#5243=VERTEX_POINT('',#17470);
#5244=VERTEX_POINT('',#17472);
#5245=VERTEX_POINT('',#17474);
#5246=VERTEX_POINT('',#17476);
#5247=VERTEX_POINT('',#17478);
#5248=VERTEX_POINT('',#17481);
#5249=VERTEX_POINT('',#17483);
#5250=VERTEX_POINT('',#17488);
#5251=VERTEX_POINT('',#17492);
#5252=VERTEX_POINT('',#17493);
#5253=VERTEX_POINT('',#17495);
#5254=VERTEX_POINT('',#17497);
#5255=VERTEX_POINT('',#17499);
#5256=VERTEX_POINT('',#17501);
#5257=VERTEX_POINT('',#17505);
#5258=VERTEX_POINT('',#17507);
#5259=VERTEX_POINT('',#17511);
#5260=VERTEX_POINT('',#17515);
#5261=VERTEX_POINT('',#17519);
#5262=VERTEX_POINT('',#17523);
#5263=VERTEX_POINT('',#17529);
#5264=VERTEX_POINT('',#17530);
#5265=VERTEX_POINT('',#17532);
#5266=VERTEX_POINT('',#17534);
#5267=VERTEX_POINT('',#17536);
#5268=VERTEX_POINT('',#17538);
#5269=VERTEX_POINT('',#17540);
#5270=VERTEX_POINT('',#17542);
#5271=VERTEX_POINT('',#17545);
#5272=VERTEX_POINT('',#17546);
#5273=VERTEX_POINT('',#17548);
#5274=VERTEX_POINT('',#17550);
#5275=VERTEX_POINT('',#17552);
#5276=VERTEX_POINT('',#17554);
#5277=VERTEX_POINT('',#17558);
#5278=VERTEX_POINT('',#17559);
#5279=VERTEX_POINT('',#17561);
#5280=VERTEX_POINT('',#17563);
#5281=VERTEX_POINT('',#17565);
#5282=VERTEX_POINT('',#17567);
#5283=VERTEX_POINT('',#17569);
#5284=VERTEX_POINT('',#17571);
#5285=VERTEX_POINT('',#17574);
#5286=VERTEX_POINT('',#17575);
#5287=VERTEX_POINT('',#17577);
#5288=VERTEX_POINT('',#17579);
#5289=VERTEX_POINT('',#17581);
#5290=VERTEX_POINT('',#17583);
#5291=VERTEX_POINT('',#17587);
#5292=VERTEX_POINT('',#17588);
#5293=VERTEX_POINT('',#17590);
#5294=VERTEX_POINT('',#17592);
#5295=VERTEX_POINT('',#17594);
#5296=VERTEX_POINT('',#17596);
#5297=VERTEX_POINT('',#17598);
#5298=VERTEX_POINT('',#17600);
#5299=VERTEX_POINT('',#17603);
#5300=VERTEX_POINT('',#17604);
#5301=VERTEX_POINT('',#17606);
#5302=VERTEX_POINT('',#17608);
#5303=VERTEX_POINT('',#17610);
#5304=VERTEX_POINT('',#17612);
#5305=VERTEX_POINT('',#17616);
#5306=VERTEX_POINT('',#17617);
#5307=VERTEX_POINT('',#17619);
#5308=VERTEX_POINT('',#17621);
#5309=VERTEX_POINT('',#17623);
#5310=VERTEX_POINT('',#17625);
#5311=VERTEX_POINT('',#17627);
#5312=VERTEX_POINT('',#17629);
#5313=VERTEX_POINT('',#17632);
#5314=VERTEX_POINT('',#17633);
#5315=VERTEX_POINT('',#17635);
#5316=VERTEX_POINT('',#17637);
#5317=VERTEX_POINT('',#17639);
#5318=VERTEX_POINT('',#17641);
#5319=VERTEX_POINT('',#17645);
#5320=VERTEX_POINT('',#17646);
#5321=VERTEX_POINT('',#17648);
#5322=VERTEX_POINT('',#17650);
#5323=VERTEX_POINT('',#17652);
#5324=VERTEX_POINT('',#17654);
#5325=VERTEX_POINT('',#17656);
#5326=VERTEX_POINT('',#17658);
#5327=VERTEX_POINT('',#17662);
#5328=VERTEX_POINT('',#17663);
#5329=VERTEX_POINT('',#17665);
#5330=VERTEX_POINT('',#17667);
#5331=VERTEX_POINT('',#17669);
#5332=VERTEX_POINT('',#17671);
#5333=VERTEX_POINT('',#17673);
#5334=VERTEX_POINT('',#17675);
#5335=VERTEX_POINT('',#17678);
#5336=VERTEX_POINT('',#17679);
#5337=VERTEX_POINT('',#17681);
#5338=VERTEX_POINT('',#17683);
#5339=VERTEX_POINT('',#17685);
#5340=VERTEX_POINT('',#17687);
#5341=VERTEX_POINT('',#17691);
#5342=VERTEX_POINT('',#17692);
#5343=VERTEX_POINT('',#17694);
#5344=VERTEX_POINT('',#17696);
#5345=VERTEX_POINT('',#17698);
#5346=VERTEX_POINT('',#17700);
#5347=VERTEX_POINT('',#17702);
#5348=VERTEX_POINT('',#17704);
#5349=VERTEX_POINT('',#17706);
#5350=VERTEX_POINT('',#17708);
#5351=VERTEX_POINT('',#17710);
#5352=VERTEX_POINT('',#17712);
#5353=VERTEX_POINT('',#17714);
#5354=VERTEX_POINT('',#17716);
#5355=VERTEX_POINT('',#17720);
#5356=VERTEX_POINT('',#17721);
#5357=VERTEX_POINT('',#17723);
#5358=VERTEX_POINT('',#17725);
#5359=VERTEX_POINT('',#17727);
#5360=VERTEX_POINT('',#17729);
#5361=VERTEX_POINT('',#17731);
#5362=VERTEX_POINT('',#17733);
#5363=VERTEX_POINT('',#17735);
#5364=VERTEX_POINT('',#17737);
#5365=VERTEX_POINT('',#17739);
#5366=VERTEX_POINT('',#17741);
#5367=VERTEX_POINT('',#17743);
#5368=VERTEX_POINT('',#17745);
#5369=VERTEX_POINT('',#17749);
#5370=VERTEX_POINT('',#17751);
#5371=VERTEX_POINT('',#17755);
#5372=VERTEX_POINT('',#17759);
#5373=VERTEX_POINT('',#17763);
#5374=VERTEX_POINT('',#17767);
#5375=VERTEX_POINT('',#17773);
#5376=VERTEX_POINT('',#17778);
#5377=VERTEX_POINT('',#17780);
#5378=VERTEX_POINT('',#17784);
#5379=VERTEX_POINT('',#17788);
#5380=VERTEX_POINT('',#17792);
#5381=VERTEX_POINT('',#17796);
#5382=VERTEX_POINT('',#17802);
#5383=VERTEX_POINT('',#17807);
#5384=VERTEX_POINT('',#17809);
#5385=VERTEX_POINT('',#17813);
#5386=VERTEX_POINT('',#17817);
#5387=VERTEX_POINT('',#17821);
#5388=VERTEX_POINT('',#17825);
#5389=VERTEX_POINT('',#17831);
#5390=VERTEX_POINT('',#17836);
#5391=VERTEX_POINT('',#17838);
#5392=VERTEX_POINT('',#17842);
#5393=VERTEX_POINT('',#17846);
#5394=VERTEX_POINT('',#17850);
#5395=VERTEX_POINT('',#17854);
#5396=VERTEX_POINT('',#17860);
#5397=VERTEX_POINT('',#17865);
#5398=VERTEX_POINT('',#17867);
#5399=VERTEX_POINT('',#17871);
#5400=VERTEX_POINT('',#17875);
#5401=VERTEX_POINT('',#17879);
#5402=VERTEX_POINT('',#17883);
#5403=VERTEX_POINT('',#17889);
#5404=VERTEX_POINT('',#17894);
#5405=VERTEX_POINT('',#17896);
#5406=VERTEX_POINT('',#17899);
#5407=VERTEX_POINT('',#17901);
#5408=VERTEX_POINT('',#17904);
#5409=VERTEX_POINT('',#17906);
#5410=VERTEX_POINT('',#17909);
#5411=VERTEX_POINT('',#17911);
#5412=VERTEX_POINT('',#17915);
#5413=VERTEX_POINT('',#17919);
#5414=VERTEX_POINT('',#17923);
#5415=VERTEX_POINT('',#17924);
#5416=VERTEX_POINT('',#17926);
#5417=VERTEX_POINT('',#17930);
#5418=VERTEX_POINT('',#17931);
#5419=VERTEX_POINT('',#17933);
#5420=VERTEX_POINT('',#17937);
#5421=VERTEX_POINT('',#17938);
#5422=VERTEX_POINT('',#17940);
#5423=VERTEX_POINT('',#17944);
#5424=VERTEX_POINT('',#17945);
#5425=VERTEX_POINT('',#17947);
#5426=VERTEX_POINT('',#17951);
#5427=VERTEX_POINT('',#17953);
#5428=VERTEX_POINT('',#17955);
#5429=VERTEX_POINT('',#17957);
#5430=VERTEX_POINT('',#17959);
#5431=VERTEX_POINT('',#17961);
#5432=VERTEX_POINT('',#17965);
#5433=VERTEX_POINT('',#17967);
#5434=VERTEX_POINT('',#17969);
#5435=VERTEX_POINT('',#17971);
#5436=VERTEX_POINT('',#17973);
#5437=VERTEX_POINT('',#17975);
#5438=VERTEX_POINT('',#17979);
#5439=VERTEX_POINT('',#17980);
#5440=VERTEX_POINT('',#17982);
#5441=VERTEX_POINT('',#17984);
#5442=VERTEX_POINT('',#17986);
#5443=VERTEX_POINT('',#17988);
#5444=VERTEX_POINT('',#17990);
#5445=VERTEX_POINT('',#17992);
#5446=VERTEX_POINT('',#17996);
#5447=VERTEX_POINT('',#17997);
#5448=VERTEX_POINT('',#17999);
#5449=VERTEX_POINT('',#18001);
#5450=VERTEX_POINT('',#18003);
#5451=VERTEX_POINT('',#18005);
#5452=VERTEX_POINT('',#18007);
#5453=VERTEX_POINT('',#18009);
#5454=VERTEX_POINT('',#18013);
#5455=VERTEX_POINT('',#18015);
#5456=VERTEX_POINT('',#18017);
#5457=VERTEX_POINT('',#18019);
#5458=VERTEX_POINT('',#18023);
#5459=VERTEX_POINT('',#18025);
#5460=VERTEX_POINT('',#18027);
#5461=VERTEX_POINT('',#18029);
#5462=VERTEX_POINT('',#18031);
#5463=VERTEX_POINT('',#18033);
#5464=VERTEX_POINT('',#18037);
#5465=VERTEX_POINT('',#18038);
#5466=VERTEX_POINT('',#18040);
#5467=VERTEX_POINT('',#18042);
#5468=VERTEX_POINT('',#18044);
#5469=VERTEX_POINT('',#18046);
#5470=VERTEX_POINT('',#18048);
#5471=VERTEX_POINT('',#18050);
#5472=VERTEX_POINT('',#18054);
#5473=VERTEX_POINT('',#18056);
#5474=VERTEX_POINT('',#18058);
#5475=VERTEX_POINT('',#18060);
#5476=VERTEX_POINT('',#18062);
#5477=VERTEX_POINT('',#18064);
#5478=VERTEX_POINT('',#18068);
#5479=VERTEX_POINT('',#18069);
#5480=VERTEX_POINT('',#18071);
#5481=VERTEX_POINT('',#18075);
#5482=VERTEX_POINT('',#18076);
#5483=VERTEX_POINT('',#18078);
#5484=VERTEX_POINT('',#18082);
#5485=VERTEX_POINT('',#18083);
#5486=VERTEX_POINT('',#18085);
#5487=VERTEX_POINT('',#18089);
#5488=VERTEX_POINT('',#18090);
#5489=VERTEX_POINT('',#18092);
#5490=VERTEX_POINT('',#18096);
#5491=VERTEX_POINT('',#18097);
#5492=VERTEX_POINT('',#18099);
#5493=VERTEX_POINT('',#18101);
#5494=VERTEX_POINT('',#18103);
#5495=VERTEX_POINT('',#18105);
#5496=VERTEX_POINT('',#18107);
#5497=VERTEX_POINT('',#18109);
#5498=VERTEX_POINT('',#18111);
#5499=VERTEX_POINT('',#18113);
#5500=VERTEX_POINT('',#18115);
#5501=VERTEX_POINT('',#18117);
#5502=VERTEX_POINT('',#18119);
#5503=VERTEX_POINT('',#18121);
#5504=VERTEX_POINT('',#18123);
#5505=VERTEX_POINT('',#18125);
#5506=VERTEX_POINT('',#18127);
#5507=VERTEX_POINT('',#18129);
#5508=VERTEX_POINT('',#18132);
#5509=VERTEX_POINT('',#18134);
#5510=VERTEX_POINT('',#18136);
#5511=VERTEX_POINT('',#18140);
#5512=VERTEX_POINT('',#18141);
#5513=VERTEX_POINT('',#18143);
#5514=VERTEX_POINT('',#18146);
#5515=VERTEX_POINT('',#18148);
#5516=VERTEX_POINT('',#18150);
#5517=VERTEX_POINT('',#18152);
#5518=VERTEX_POINT('',#18154);
#5519=VERTEX_POINT('',#18156);
#5520=VERTEX_POINT('',#18158);
#5521=VERTEX_POINT('',#18160);
#5522=VERTEX_POINT('',#18162);
#5523=VERTEX_POINT('',#18164);
#5524=VERTEX_POINT('',#18166);
#5525=VERTEX_POINT('',#18168);
#5526=VERTEX_POINT('',#18170);
#5527=VERTEX_POINT('',#18172);
#5528=VERTEX_POINT('',#18174);
#5529=VERTEX_POINT('',#18176);
#5530=VERTEX_POINT('',#18178);
#5531=VERTEX_POINT('',#18180);
#5532=VERTEX_POINT('',#18184);
#5533=VERTEX_POINT('',#18186);
#5534=VERTEX_POINT('',#18190);
#5535=VERTEX_POINT('',#18191);
#5536=VERTEX_POINT('',#18193);
#5537=VERTEX_POINT('',#18195);
#5538=VERTEX_POINT('',#18197);
#5539=VERTEX_POINT('',#18199);
#5540=VERTEX_POINT('',#18203);
#5541=VERTEX_POINT('',#18212);
#5542=VERTEX_POINT('',#18214);
#5543=VERTEX_POINT('',#18217);
#5544=VERTEX_POINT('',#18219);
#5545=VERTEX_POINT('',#18223);
#5546=VERTEX_POINT('',#18225);
#5547=VERTEX_POINT('',#18229);
#5548=VERTEX_POINT('',#18235);
#5549=VERTEX_POINT('',#18237);
#5550=VERTEX_POINT('',#18239);
#5551=VERTEX_POINT('',#18241);
#5552=VERTEX_POINT('',#18243);
#5553=VERTEX_POINT('',#18245);
#5554=VERTEX_POINT('',#18247);
#5555=VERTEX_POINT('',#18249);
#5556=VERTEX_POINT('',#18251);
#5557=VERTEX_POINT('',#18253);
#5558=VERTEX_POINT('',#18256);
#5559=VERTEX_POINT('',#18258);
#5560=VERTEX_POINT('',#18260);
#5561=VERTEX_POINT('',#18262);
#5562=VERTEX_POINT('',#18264);
#5563=VERTEX_POINT('',#18291);
#5564=VERTEX_POINT('',#18293);
#5565=VERTEX_POINT('',#18295);
#5566=VERTEX_POINT('',#18297);
#5567=VERTEX_POINT('',#18322);
#5568=VERTEX_POINT('',#18323);
#5569=VERTEX_POINT('',#18325);
#5570=VERTEX_POINT('',#18327);
#5571=VERTEX_POINT('',#18329);
#5572=VERTEX_POINT('',#18331);
#5573=VERTEX_POINT('',#18338);
#5574=VERTEX_POINT('',#18340);
#5575=VERTEX_POINT('',#18347);
#5576=VERTEX_POINT('',#18349);
#5577=VERTEX_POINT('',#18358);
#5578=VERTEX_POINT('',#18360);
#5579=VERTEX_POINT('',#18364);
#5580=VERTEX_POINT('',#18366);
#5581=VERTEX_POINT('',#18368);
#5582=VERTEX_POINT('',#18370);
#5583=VERTEX_POINT('',#18383);
#5584=VERTEX_POINT('',#18385);
#5585=VERTEX_POINT('',#18387);
#5586=VERTEX_POINT('',#18391);
#5587=VERTEX_POINT('',#18395);
#5588=VERTEX_POINT('',#18396);
#5589=VERTEX_POINT('',#18398);
#5590=VERTEX_POINT('',#18401);
#5591=VERTEX_POINT('',#18403);
#5592=VERTEX_POINT('',#18405);
#5593=VERTEX_POINT('',#18407);
#5594=VERTEX_POINT('',#18409);
#5595=VERTEX_POINT('',#18411);
#5596=VERTEX_POINT('',#18413);
#5597=VERTEX_POINT('',#18417);
#5598=VERTEX_POINT('',#18418);
#5599=VERTEX_POINT('',#18420);
#5600=VERTEX_POINT('',#18422);
#5601=VERTEX_POINT('',#18424);
#5602=VERTEX_POINT('',#18426);
#5603=VERTEX_POINT('',#18428);
#5604=VERTEX_POINT('',#18430);
#5605=VERTEX_POINT('',#18433);
#5606=VERTEX_POINT('',#18435);
#5607=VERTEX_POINT('',#18437);
#5608=VERTEX_POINT('',#18441);
#5609=VERTEX_POINT('',#18443);
#5610=VERTEX_POINT('',#18447);
#5611=VERTEX_POINT('',#18453);
#5612=VERTEX_POINT('',#18459);
#5613=VERTEX_POINT('',#18460);
#5614=VERTEX_POINT('',#18462);
#5615=VERTEX_POINT('',#18467);
#5616=VERTEX_POINT('',#18476);
#5617=VERTEX_POINT('',#18480);
#5618=VERTEX_POINT('',#18486);
#5619=VERTEX_POINT('',#18488);
#5620=VERTEX_POINT('',#18490);
#5621=VERTEX_POINT('',#18492);
#5622=VERTEX_POINT('',#18500);
#5623=VERTEX_POINT('',#18504);
#5624=VERTEX_POINT('',#18505);
#5625=VERTEX_POINT('',#18508);
#5626=VERTEX_POINT('',#18511);
#5627=VERTEX_POINT('',#18532);
#5628=VERTEX_POINT('',#18534);
#5629=VERTEX_POINT('',#18541);
#5630=VERTEX_POINT('',#18545);
#5631=VERTEX_POINT('',#18547);
#5632=VERTEX_POINT('',#18549);
#5633=VERTEX_POINT('',#18552);
#5634=VERTEX_POINT('',#18584);
#5635=VERTEX_POINT('',#18626);
#5636=VERTEX_POINT('',#18632);
#5637=VERTEX_POINT('',#18634);
#5638=VERTEX_POINT('',#18636);
#5639=VERTEX_POINT('',#18638);
#5640=VERTEX_POINT('',#18641);
#5641=VERTEX_POINT('',#18643);
#5642=VERTEX_POINT('',#18649);
#5643=VERTEX_POINT('',#18651);
#5644=VERTEX_POINT('',#18659);
#5645=VERTEX_POINT('',#18661);
#5646=VERTEX_POINT('',#18665);
#5647=VERTEX_POINT('',#18667);
#5648=VERTEX_POINT('',#18669);
#5649=VERTEX_POINT('',#18671);
#5650=VERTEX_POINT('',#18690);
#5651=VERTEX_POINT('',#18694);
#5652=VERTEX_POINT('',#18696);
#5653=VERTEX_POINT('',#18698);
#5654=VERTEX_POINT('',#18701);
#5655=VERTEX_POINT('',#18715);
#5656=VERTEX_POINT('',#18719);
#5657=VERTEX_POINT('',#18720);
#5658=VERTEX_POINT('',#18723);
#5659=VERTEX_POINT('',#18726);
#5660=VERTEX_POINT('',#18744);
#5661=VERTEX_POINT('',#18746);
#5662=VERTEX_POINT('',#18752);
#5663=VERTEX_POINT('',#18756);
#5664=VERTEX_POINT('',#18757);
#5665=VERTEX_POINT('',#18760);
#5666=VERTEX_POINT('',#18763);
#5667=VERTEX_POINT('',#18843);
#5668=VERTEX_POINT('',#18847);
#5669=VERTEX_POINT('',#18849);
#5670=VERTEX_POINT('',#18851);
#5671=VERTEX_POINT('',#18853);
#5672=VERTEX_POINT('',#18857);
#5673=VERTEX_POINT('',#18861);
#5674=VERTEX_POINT('',#18863);
#5675=VERTEX_POINT('',#18865);
#5676=VERTEX_POINT('',#18868);
#5677=VERTEX_POINT('',#18922);
#5678=VERTEX_POINT('',#18923);
#5679=VERTEX_POINT('',#18925);
#5680=VERTEX_POINT('',#18927);
#5681=VERTEX_POINT('',#18929);
#5682=VERTEX_POINT('',#18931);
#5683=VERTEX_POINT('',#18933);
#5684=VERTEX_POINT('',#18935);
#5685=VERTEX_POINT('',#18937);
#5686=VERTEX_POINT('',#18939);
#5687=VERTEX_POINT('',#18941);
#5688=VERTEX_POINT('',#18943);
#5689=VERTEX_POINT('',#18946);
#5690=VERTEX_POINT('',#18948);
#5691=VERTEX_POINT('',#18950);
#5692=VERTEX_POINT('',#18952);
#5693=VERTEX_POINT('',#18954);
#5694=VERTEX_POINT('',#18956);
#5695=VERTEX_POINT('',#18958);
#5696=VERTEX_POINT('',#18960);
#5697=VERTEX_POINT('',#18962);
#5698=VERTEX_POINT('',#18963);
#5699=VERTEX_POINT('',#18965);
#5700=VERTEX_POINT('',#18967);
#5701=VERTEX_POINT('',#18969);
#5702=VERTEX_POINT('',#18971);
#5703=VERTEX_POINT('',#18973);
#5704=VERTEX_POINT('',#18975);
#5705=VERTEX_POINT('',#18979);
#5706=VERTEX_POINT('',#18983);
#5707=VERTEX_POINT('',#18984);
#5708=VERTEX_POINT('',#18986);
#5709=VERTEX_POINT('',#18988);
#5710=VERTEX_POINT('',#18990);
#5711=VERTEX_POINT('',#18992);
#5712=VERTEX_POINT('',#18996);
#5713=VERTEX_POINT('',#18998);
#5714=VERTEX_POINT('',#19002);
#5715=VERTEX_POINT('',#19006);
#5716=VERTEX_POINT('',#19010);
#5717=VERTEX_POINT('',#19014);
#5718=VERTEX_POINT('',#19020);
#5719=VERTEX_POINT('',#19021);
#5720=VERTEX_POINT('',#19023);
#5721=VERTEX_POINT('',#19025);
#5722=VERTEX_POINT('',#19027);
#5723=VERTEX_POINT('',#19029);
#5724=VERTEX_POINT('',#19031);
#5725=VERTEX_POINT('',#19033);
#5726=VERTEX_POINT('',#19036);
#5727=VERTEX_POINT('',#19037);
#5728=VERTEX_POINT('',#19039);
#5729=VERTEX_POINT('',#19041);
#5730=VERTEX_POINT('',#19043);
#5731=VERTEX_POINT('',#19045);
#5732=VERTEX_POINT('',#19049);
#5733=VERTEX_POINT('',#19050);
#5734=VERTEX_POINT('',#19052);
#5735=VERTEX_POINT('',#19054);
#5736=VERTEX_POINT('',#19056);
#5737=VERTEX_POINT('',#19058);
#5738=VERTEX_POINT('',#19060);
#5739=VERTEX_POINT('',#19062);
#5740=VERTEX_POINT('',#19065);
#5741=VERTEX_POINT('',#19066);
#5742=VERTEX_POINT('',#19068);
#5743=VERTEX_POINT('',#19070);
#5744=VERTEX_POINT('',#19072);
#5745=VERTEX_POINT('',#19074);
#5746=VERTEX_POINT('',#19078);
#5747=VERTEX_POINT('',#19079);
#5748=VERTEX_POINT('',#19081);
#5749=VERTEX_POINT('',#19083);
#5750=VERTEX_POINT('',#19085);
#5751=VERTEX_POINT('',#19087);
#5752=VERTEX_POINT('',#19089);
#5753=VERTEX_POINT('',#19091);
#5754=VERTEX_POINT('',#19094);
#5755=VERTEX_POINT('',#19095);
#5756=VERTEX_POINT('',#19097);
#5757=VERTEX_POINT('',#19099);
#5758=VERTEX_POINT('',#19101);
#5759=VERTEX_POINT('',#19103);
#5760=VERTEX_POINT('',#19107);
#5761=VERTEX_POINT('',#19108);
#5762=VERTEX_POINT('',#19110);
#5763=VERTEX_POINT('',#19112);
#5764=VERTEX_POINT('',#19114);
#5765=VERTEX_POINT('',#19116);
#5766=VERTEX_POINT('',#19118);
#5767=VERTEX_POINT('',#19120);
#5768=VERTEX_POINT('',#19123);
#5769=VERTEX_POINT('',#19124);
#5770=VERTEX_POINT('',#19126);
#5771=VERTEX_POINT('',#19128);
#5772=VERTEX_POINT('',#19130);
#5773=VERTEX_POINT('',#19132);
#5774=VERTEX_POINT('',#19136);
#5775=VERTEX_POINT('',#19137);
#5776=VERTEX_POINT('',#19139);
#5777=VERTEX_POINT('',#19141);
#5778=VERTEX_POINT('',#19143);
#5779=VERTEX_POINT('',#19145);
#5780=VERTEX_POINT('',#19147);
#5781=VERTEX_POINT('',#19149);
#5782=VERTEX_POINT('',#19153);
#5783=VERTEX_POINT('',#19154);
#5784=VERTEX_POINT('',#19156);
#5785=VERTEX_POINT('',#19158);
#5786=VERTEX_POINT('',#19160);
#5787=VERTEX_POINT('',#19162);
#5788=VERTEX_POINT('',#19164);
#5789=VERTEX_POINT('',#19166);
#5790=VERTEX_POINT('',#19169);
#5791=VERTEX_POINT('',#19170);
#5792=VERTEX_POINT('',#19172);
#5793=VERTEX_POINT('',#19174);
#5794=VERTEX_POINT('',#19176);
#5795=VERTEX_POINT('',#19178);
#5796=VERTEX_POINT('',#19182);
#5797=VERTEX_POINT('',#19183);
#5798=VERTEX_POINT('',#19185);
#5799=VERTEX_POINT('',#19187);
#5800=VERTEX_POINT('',#19189);
#5801=VERTEX_POINT('',#19191);
#5802=VERTEX_POINT('',#19193);
#5803=VERTEX_POINT('',#19195);
#5804=VERTEX_POINT('',#19197);
#5805=VERTEX_POINT('',#19199);
#5806=VERTEX_POINT('',#19201);
#5807=VERTEX_POINT('',#19203);
#5808=VERTEX_POINT('',#19205);
#5809=VERTEX_POINT('',#19207);
#5810=VERTEX_POINT('',#19211);
#5811=VERTEX_POINT('',#19212);
#5812=VERTEX_POINT('',#19214);
#5813=VERTEX_POINT('',#19216);
#5814=VERTEX_POINT('',#19218);
#5815=VERTEX_POINT('',#19220);
#5816=VERTEX_POINT('',#19222);
#5817=VERTEX_POINT('',#19224);
#5818=VERTEX_POINT('',#19226);
#5819=VERTEX_POINT('',#19228);
#5820=VERTEX_POINT('',#19230);
#5821=VERTEX_POINT('',#19232);
#5822=VERTEX_POINT('',#19234);
#5823=VERTEX_POINT('',#19236);
#5824=VERTEX_POINT('',#19240);
#5825=VERTEX_POINT('',#19242);
#5826=VERTEX_POINT('',#19246);
#5827=VERTEX_POINT('',#19250);
#5828=VERTEX_POINT('',#19254);
#5829=VERTEX_POINT('',#19258);
#5830=VERTEX_POINT('',#19264);
#5831=VERTEX_POINT('',#19269);
#5832=VERTEX_POINT('',#19271);
#5833=VERTEX_POINT('',#19275);
#5834=VERTEX_POINT('',#19279);
#5835=VERTEX_POINT('',#19283);
#5836=VERTEX_POINT('',#19287);
#5837=VERTEX_POINT('',#19293);
#5838=VERTEX_POINT('',#19298);
#5839=VERTEX_POINT('',#19300);
#5840=VERTEX_POINT('',#19304);
#5841=VERTEX_POINT('',#19308);
#5842=VERTEX_POINT('',#19312);
#5843=VERTEX_POINT('',#19316);
#5844=VERTEX_POINT('',#19322);
#5845=VERTEX_POINT('',#19327);
#5846=VERTEX_POINT('',#19329);
#5847=VERTEX_POINT('',#19333);
#5848=VERTEX_POINT('',#19337);
#5849=VERTEX_POINT('',#19341);
#5850=VERTEX_POINT('',#19345);
#5851=VERTEX_POINT('',#19351);
#5852=VERTEX_POINT('',#19356);
#5853=VERTEX_POINT('',#19358);
#5854=VERTEX_POINT('',#19362);
#5855=VERTEX_POINT('',#19366);
#5856=VERTEX_POINT('',#19370);
#5857=VERTEX_POINT('',#19374);
#5858=VERTEX_POINT('',#19380);
#5859=VERTEX_POINT('',#19385);
#5860=VERTEX_POINT('',#19386);
#5861=VERTEX_POINT('',#19388);
#5862=VERTEX_POINT('',#19390);
#5863=VERTEX_POINT('',#19392);
#5864=VERTEX_POINT('',#19394);
#5865=VERTEX_POINT('',#19396);
#5866=VERTEX_POINT('',#19398);
#5867=VERTEX_POINT('',#19400);
#5868=VERTEX_POINT('',#19402);
#5869=VERTEX_POINT('',#19405);
#5870=VERTEX_POINT('',#19407);
#5871=VERTEX_POINT('',#19410);
#5872=VERTEX_POINT('',#19412);
#5873=VERTEX_POINT('',#19417);
#5874=VERTEX_POINT('',#19419);
#5875=VERTEX_POINT('',#19421);
#5876=VERTEX_POINT('',#19423);
#5877=VERTEX_POINT('',#19427);
#5878=VERTEX_POINT('',#19429);
#5879=VERTEX_POINT('',#19431);
#5880=VERTEX_POINT('',#19433);
#5881=VERTEX_POINT('',#19435);
#5882=VERTEX_POINT('',#19437);
#5883=VERTEX_POINT('',#19441);
#5884=VERTEX_POINT('',#19443);
#5885=VERTEX_POINT('',#19445);
#5886=VERTEX_POINT('',#19447);
#5887=VERTEX_POINT('',#19449);
#5888=VERTEX_POINT('',#19451);
#5889=VERTEX_POINT('',#19455);
#5890=VERTEX_POINT('',#19457);
#5891=VERTEX_POINT('',#19459);
#5892=VERTEX_POINT('',#19461);
#5893=VERTEX_POINT('',#19465);
#5894=VERTEX_POINT('',#19466);
#5895=VERTEX_POINT('',#19468);
#5896=VERTEX_POINT('',#19470);
#5897=VERTEX_POINT('',#19472);
#5898=VERTEX_POINT('',#19474);
#5899=VERTEX_POINT('',#19478);
#5900=VERTEX_POINT('',#19479);
#5901=VERTEX_POINT('',#19481);
#5902=VERTEX_POINT('',#19483);
#5903=VERTEX_POINT('',#19485);
#5904=VERTEX_POINT('',#19487);
#5905=VERTEX_POINT('',#19491);
#5906=VERTEX_POINT('',#19492);
#5907=VERTEX_POINT('',#19494);
#5908=VERTEX_POINT('',#19496);
#5909=VERTEX_POINT('',#19498);
#5910=VERTEX_POINT('',#19500);
#5911=VERTEX_POINT('',#19504);
#5912=VERTEX_POINT('',#19505);
#5913=VERTEX_POINT('',#19507);
#5914=VERTEX_POINT('',#19509);
#5915=VERTEX_POINT('',#19511);
#5916=VERTEX_POINT('',#19513);
#5917=VERTEX_POINT('',#19515);
#5918=VERTEX_POINT('',#19517);
#5919=VERTEX_POINT('',#19521);
#5920=VERTEX_POINT('',#19522);
#5921=VERTEX_POINT('',#19524);
#5922=VERTEX_POINT('',#19526);
#5923=VERTEX_POINT('',#19528);
#5924=VERTEX_POINT('',#19530);
#5925=VERTEX_POINT('',#19532);
#5926=VERTEX_POINT('',#19534);
#5927=VERTEX_POINT('',#19538);
#5928=VERTEX_POINT('',#19539);
#5929=VERTEX_POINT('',#19541);
#5930=VERTEX_POINT('',#19543);
#5931=VERTEX_POINT('',#19545);
#5932=VERTEX_POINT('',#19547);
#5933=VERTEX_POINT('',#19551);
#5934=VERTEX_POINT('',#19552);
#5935=VERTEX_POINT('',#19554);
#5936=VERTEX_POINT('',#19558);
#5937=VERTEX_POINT('',#19559);
#5938=VERTEX_POINT('',#19561);
#5939=VERTEX_POINT('',#19565);
#5940=VERTEX_POINT('',#19566);
#5941=VERTEX_POINT('',#19568);
#5942=VERTEX_POINT('',#19572);
#5943=VERTEX_POINT('',#19573);
#5944=VERTEX_POINT('',#19575);
#5945=VERTEX_POINT('',#19579);
#5946=VERTEX_POINT('',#19583);
#5947=VERTEX_POINT('',#19585);
#5948=VERTEX_POINT('',#19589);
#5949=VERTEX_POINT('',#19590);
#5950=VERTEX_POINT('',#19595);
#5951=VERTEX_POINT('',#19596);
#5952=VERTEX_POINT('',#19598);
#5953=VERTEX_POINT('',#19600);
#5954=VERTEX_POINT('',#19603);
#5955=VERTEX_POINT('',#19606);
#5956=VERTEX_POINT('',#19609);
#5957=VERTEX_POINT('',#19610);
#5958=VERTEX_POINT('',#19612);
#5959=VERTEX_POINT('',#19614);
#5960=VERTEX_POINT('',#19616);
#5961=VERTEX_POINT('',#19619);
#5962=VERTEX_POINT('',#19622);
#5963=VERTEX_POINT('',#19625);
#5964=VERTEX_POINT('',#19629);
#5965=VERTEX_POINT('',#19631);
#5966=VERTEX_POINT('',#19635);
#5967=VERTEX_POINT('',#19638);
#5968=VERTEX_POINT('',#19640);
#5969=VERTEX_POINT('',#19643);
#5970=VERTEX_POINT('',#19647);
#5971=VERTEX_POINT('',#19648);
#5972=VERTEX_POINT('',#19650);
#5973=VERTEX_POINT('',#19652);
#5974=VERTEX_POINT('',#19654);
#5975=VERTEX_POINT('',#19656);
#5976=VERTEX_POINT('',#19658);
#5977=VERTEX_POINT('',#19660);
#5978=VERTEX_POINT('',#19662);
#5979=VERTEX_POINT('',#19664);
#5980=VERTEX_POINT('',#19667);
#5981=VERTEX_POINT('',#19670);
#5982=VERTEX_POINT('',#19671);
#5983=VERTEX_POINT('',#19673);
#5984=VERTEX_POINT('',#19675);
#5985=VERTEX_POINT('',#19677);
#5986=VERTEX_POINT('',#19679);
#5987=VERTEX_POINT('',#19686);
#5988=VERTEX_POINT('',#19690);
#5989=VERTEX_POINT('',#19692);
#5990=VERTEX_POINT('',#19694);
#5991=VERTEX_POINT('',#19696);
#5992=VERTEX_POINT('',#19698);
#5993=VERTEX_POINT('',#19708);
#5994=VERTEX_POINT('',#19710);
#5995=VERTEX_POINT('',#19712);
#5996=VERTEX_POINT('',#19717);
#5997=VERTEX_POINT('',#19721);
#5998=VERTEX_POINT('',#19722);
#5999=VERTEX_POINT('',#19724);
#6000=VERTEX_POINT('',#19727);
#6001=VERTEX_POINT('',#19729);
#6002=VERTEX_POINT('',#19734);
#6003=VERTEX_POINT('',#19736);
#6004=VERTEX_POINT('',#19743);
#6005=VERTEX_POINT('',#19747);
#6006=VERTEX_POINT('',#19749);
#6007=VERTEX_POINT('',#19752);
#6008=VERTEX_POINT('',#19754);
#6009=VERTEX_POINT('',#19757);
#6010=VERTEX_POINT('',#19760);
#6011=VERTEX_POINT('',#19761);
#6012=VERTEX_POINT('',#19763);
#6013=VERTEX_POINT('',#19765);
#6014=VERTEX_POINT('',#19769);
#6015=VERTEX_POINT('',#19771);
#6016=VERTEX_POINT('',#19778);
#6017=VERTEX_POINT('',#19782);
#6018=VERTEX_POINT('',#19783);
#6019=VERTEX_POINT('',#19785);
#6020=VERTEX_POINT('',#19789);
#6021=VERTEX_POINT('',#19802);
#6022=VERTEX_POINT('',#19803);
#6023=VERTEX_POINT('',#19805);
#6024=VERTEX_POINT('',#19808);
#6025=VERTEX_POINT('',#19816);
#6026=VERTEX_POINT('',#19817);
#6027=VERTEX_POINT('',#19822);
#6028=VERTEX_POINT('',#19824);
#6029=VERTEX_POINT('',#19827);
#6030=VERTEX_POINT('',#19829);
#6031=VERTEX_POINT('',#19834);
#6032=VERTEX_POINT('',#19840);
#6033=VERTEX_POINT('',#19842);
#6034=VERTEX_POINT('',#19844);
#6035=VERTEX_POINT('',#19846);
#6036=VERTEX_POINT('',#19848);
#6037=VERTEX_POINT('',#19850);
#6038=VERTEX_POINT('',#19852);
#6039=VERTEX_POINT('',#19854);
#6040=VERTEX_POINT('',#19868);
#6041=VERTEX_POINT('',#19869);
#6042=VERTEX_POINT('',#19874);
#6043=VERTEX_POINT('',#19876);
#6044=VERTEX_POINT('',#19878);
#6045=VERTEX_POINT('',#19880);
#6046=VERTEX_POINT('',#19883);
#6047=VERTEX_POINT('',#19885);
#6048=VERTEX_POINT('',#19887);
#6049=VERTEX_POINT('',#19891);
#6050=VERTEX_POINT('',#19892);
#6051=VERTEX_POINT('',#19894);
#6052=VERTEX_POINT('',#19896);
#6053=VERTEX_POINT('',#19901);
#6054=VERTEX_POINT('',#19902);
#6055=VERTEX_POINT('',#19904);
#6056=VERTEX_POINT('',#19907);
#6057=VERTEX_POINT('',#19910);
#6058=VERTEX_POINT('',#19913);
#6059=VERTEX_POINT('',#19915);
#6060=VERTEX_POINT('',#19917);
#6061=VERTEX_POINT('',#19919);
#6062=VERTEX_POINT('',#19923);
#6063=VERTEX_POINT('',#19926);
#6064=VERTEX_POINT('',#19929);
#6065=VERTEX_POINT('',#19933);
#6066=VERTEX_POINT('',#19935);
#6067=VERTEX_POINT('',#19941);
#6068=VERTEX_POINT('',#19942);
#6069=VERTEX_POINT('',#19944);
#6070=VERTEX_POINT('',#19946);
#6071=VERTEX_POINT('',#19948);
#6072=VERTEX_POINT('',#19950);
#6073=VERTEX_POINT('',#19952);
#6074=VERTEX_POINT('',#19954);
#6075=VERTEX_POINT('',#19958);
#6076=VERTEX_POINT('',#19960);
#6077=VERTEX_POINT('',#19962);
#6078=VERTEX_POINT('',#19964);
#6079=VERTEX_POINT('',#19968);
#6080=VERTEX_POINT('',#19976);
#6081=VERTEX_POINT('',#19980);
#6082=VERTEX_POINT('',#19983);
#6083=VERTEX_POINT('',#19985);
#6084=VERTEX_POINT('',#19992);
#6085=VERTEX_POINT('',#19996);
#6086=VERTEX_POINT('',#20032);
#6087=VERTEX_POINT('',#20043);
#6088=VERTEX_POINT('',#20135);
#6089=VERTEX_POINT('',#20137);
#6090=VERTEX_POINT('',#20143);
#6091=VERTEX_POINT('',#20147);
#6092=VERTEX_POINT('',#20149);
#6093=VERTEX_POINT('',#20151);
#6094=VERTEX_POINT('',#20154);
#6095=VERTEX_POINT('',#20186);
#6096=VERTEX_POINT('',#20188);
#6097=VERTEX_POINT('',#20195);
#6098=VERTEX_POINT('',#20196);
#6099=VERTEX_POINT('',#20206);
#6100=VERTEX_POINT('',#20208);
#6101=VERTEX_POINT('',#20212);
#6102=VERTEX_POINT('',#20214);
#6103=VERTEX_POINT('',#20218);
#6104=VERTEX_POINT('',#20220);
#6105=VERTEX_POINT('',#20224);
#6106=VERTEX_POINT('',#20226);
#6107=VERTEX_POINT('',#20230);
#6108=VERTEX_POINT('',#20232);
#6109=VERTEX_POINT('',#20236);
#6110=VERTEX_POINT('',#20238);
#6111=VERTEX_POINT('',#20242);
#6112=VERTEX_POINT('',#20244);
#6113=VERTEX_POINT('',#20248);
#6114=VERTEX_POINT('',#20250);
#6115=VERTEX_POINT('',#20254);
#6116=VERTEX_POINT('',#20256);
#6117=VERTEX_POINT('',#20260);
#6118=VERTEX_POINT('',#20262);
#6119=VERTEX_POINT('',#20266);
#6120=VERTEX_POINT('',#20268);
#6121=VERTEX_POINT('',#20272);
#6122=VERTEX_POINT('',#20274);
#6123=VERTEX_POINT('',#20278);
#6124=VERTEX_POINT('',#20280);
#6125=VERTEX_POINT('',#20284);
#6126=VERTEX_POINT('',#20286);
#6127=VERTEX_POINT('',#20290);
#6128=VERTEX_POINT('',#20292);
#6129=VERTEX_POINT('',#20296);
#6130=VERTEX_POINT('',#20298);
#6131=VERTEX_POINT('',#20302);
#6132=VERTEX_POINT('',#20303);
#6133=VERTEX_POINT('',#20305);
#6134=VERTEX_POINT('',#20307);
#6135=VERTEX_POINT('',#20311);
#6136=VERTEX_POINT('',#20312);
#6137=VERTEX_POINT('',#20314);
#6138=VERTEX_POINT('',#20316);
#6139=VERTEX_POINT('',#20320);
#6140=VERTEX_POINT('',#20322);
#6141=VERTEX_POINT('',#20326);
#6142=VERTEX_POINT('',#20328);
#6143=VERTEX_POINT('',#20332);
#6144=VERTEX_POINT('',#20334);
#6145=VERTEX_POINT('',#20341);
#6146=VERTEX_POINT('',#20343);
#6147=VERTEX_POINT('',#20350);
#6148=VERTEX_POINT('',#20351);
#6149=VERTEX_POINT('',#20353);
#6150=VERTEX_POINT('',#20355);
#6151=VERTEX_POINT('',#20359);
#6152=VERTEX_POINT('',#20361);
#6153=VERTEX_POINT('',#20363);
#6154=VERTEX_POINT('',#20365);
#6155=VERTEX_POINT('',#20369);
#6156=VERTEX_POINT('',#20371);
#6157=VERTEX_POINT('',#20373);
#6158=VERTEX_POINT('',#20375);
#6159=VERTEX_POINT('',#20377);
#6160=VERTEX_POINT('',#20381);
#6161=VERTEX_POINT('',#20383);
#6162=VERTEX_POINT('',#20387);
#6163=VERTEX_POINT('',#20389);
#6164=VERTEX_POINT('',#20391);
#6165=VERTEX_POINT('',#20395);
#6166=VERTEX_POINT('',#20397);
#6167=VERTEX_POINT('',#20403);
#6168=VERTEX_POINT('',#20407);
#6169=VERTEX_POINT('',#20411);
#6170=VERTEX_POINT('',#20415);
#6171=VERTEX_POINT('',#20422);
#6172=VERTEX_POINT('',#20423);
#6173=VERTEX_POINT('',#20425);
#6174=VERTEX_POINT('',#20427);
#6175=VERTEX_POINT('',#20431);
#6176=VERTEX_POINT('',#20433);
#6177=VERTEX_POINT('',#20437);
#6178=VERTEX_POINT('',#20439);
#6179=VERTEX_POINT('',#20443);
#6180=VERTEX_POINT('',#20445);
#6181=VERTEX_POINT('',#20449);
#6182=VERTEX_POINT('',#20451);
#6183=VERTEX_POINT('',#20455);
#6184=VERTEX_POINT('',#20457);
#6185=VERTEX_POINT('',#20463);
#6186=VERTEX_POINT('',#20467);
#6187=EDGE_CURVE('',#5009,#5010,#1977,.T.);
#6188=EDGE_CURVE('',#5011,#5009,#1978,.T.);
#6189=EDGE_CURVE('',#5012,#5011,#1979,.T.);
#6190=EDGE_CURVE('',#5013,#5012,#1725,.T.);
#6191=EDGE_CURVE('',#5014,#5013,#1980,.T.);
#6192=EDGE_CURVE('',#5015,#5014,#1981,.T.);
#6193=EDGE_CURVE('',#5016,#5015,#1982,.T.);
#6194=EDGE_CURVE('',#5016,#5017,#1983,.T.);
#6195=EDGE_CURVE('',#5018,#5017,#1984,.T.);
#6196=EDGE_CURVE('',#5010,#5018,#1985,.T.);
#6197=EDGE_CURVE('',#5019,#5019,#1726,.T.);
#6198=EDGE_CURVE('',#5020,#5020,#1727,.T.);
#6199=EDGE_CURVE('',#5021,#5021,#1728,.T.);
#6200=EDGE_CURVE('',#5022,#5022,#1729,.T.);
#6201=EDGE_CURVE('',#5023,#5023,#1730,.T.);
#6202=EDGE_CURVE('',#5024,#5024,#1731,.T.);
#6203=EDGE_CURVE('',#5025,#5025,#1732,.T.);
#6204=EDGE_CURVE('',#5019,#5026,#1986,.T.);
#6205=EDGE_CURVE('',#5026,#5026,#1733,.T.);
#6206=EDGE_CURVE('',#5027,#5027,#1734,.T.);
#6207=EDGE_CURVE('',#5027,#5028,#1987,.T.);
#6208=EDGE_CURVE('',#5028,#5028,#1735,.T.);
#6209=EDGE_CURVE('',#5029,#5030,#1988,.T.);
#6210=EDGE_CURVE('',#5029,#5031,#1989,.T.);
#6211=EDGE_CURVE('',#5031,#5032,#1990,.T.);
#6212=EDGE_CURVE('',#5032,#5033,#1991,.T.);
#6213=EDGE_CURVE('',#5033,#5034,#1992,.T.);
#6214=EDGE_CURVE('',#5034,#5035,#1993,.T.);
#6215=EDGE_CURVE('',#5035,#5036,#1994,.T.);
#6216=EDGE_CURVE('',#5036,#5037,#1995,.T.);
#6217=EDGE_CURVE('',#5038,#5037,#1996,.T.);
#6218=EDGE_CURVE('',#5038,#5039,#1997,.T.);
#6219=EDGE_CURVE('',#5039,#5040,#1998,.T.);
#6220=EDGE_CURVE('',#5040,#5041,#1999,.T.);
#6221=EDGE_CURVE('',#5042,#5041,#2000,.T.);
#6222=EDGE_CURVE('',#5043,#5042,#2001,.T.);
#6223=EDGE_CURVE('',#5043,#5044,#2002,.T.);
#6224=EDGE_CURVE('',#5044,#5045,#1736,.T.);
#6225=EDGE_CURVE('',#5045,#5046,#2003,.T.);
#6226=EDGE_CURVE('',#5046,#5030,#2004,.T.);
#6227=EDGE_CURVE('',#5047,#5047,#1737,.T.);
#6228=EDGE_CURVE('',#5048,#5048,#1738,.T.);
#6229=EDGE_CURVE('',#5049,#5049,#1739,.T.);
#6230=EDGE_CURVE('',#5050,#5050,#1740,.T.);
#6231=EDGE_CURVE('',#5051,#5051,#1741,.T.);
#6232=EDGE_CURVE('',#5052,#5052,#1742,.T.);
#6233=EDGE_CURVE('',#5047,#5053,#2005,.T.);
#6234=EDGE_CURVE('',#5053,#5053,#1743,.T.);
#6235=EDGE_CURVE('',#5054,#5054,#1744,.T.);
#6236=EDGE_CURVE('',#5054,#5055,#2006,.T.);
#6237=EDGE_CURVE('',#5055,#5055,#1745,.T.);
#6238=EDGE_CURVE('',#5056,#5056,#1746,.T.);
#6239=EDGE_CURVE('',#5057,#5057,#1747,.T.);
#6240=EDGE_CURVE('',#5058,#5058,#1748,.T.);
#6241=EDGE_CURVE('',#5059,#5059,#1749,.T.);
#6242=EDGE_CURVE('',#5060,#5060,#1750,.T.);
#6243=EDGE_CURVE('',#5061,#5061,#1751,.T.);
#6244=EDGE_CURVE('',#5062,#5062,#1752,.T.);
#6245=EDGE_CURVE('',#5056,#5063,#2007,.T.);
#6246=EDGE_CURVE('',#5063,#5063,#1753,.T.);
#6247=EDGE_CURVE('',#5064,#5064,#1754,.T.);
#6248=EDGE_CURVE('',#5065,#5065,#1755,.T.);
#6249=EDGE_CURVE('',#5066,#5066,#1756,.T.);
#6250=EDGE_CURVE('',#5067,#5067,#1757,.T.);
#6251=EDGE_CURVE('',#5068,#5068,#1758,.T.);
#6252=EDGE_CURVE('',#5069,#5069,#1759,.T.);
#6253=EDGE_CURVE('',#5070,#5070,#1760,.T.);
#6254=EDGE_CURVE('',#5058,#5066,#2008,.T.);
#6255=EDGE_CURVE('',#5059,#5068,#2009,.T.);
#6256=EDGE_CURVE('',#5061,#5070,#2010,.T.);
#6257=EDGE_CURVE('',#5064,#5071,#1761,.T.);
#6258=EDGE_CURVE('',#5071,#5072,#1762,.T.);
#6259=EDGE_CURVE('',#5072,#5071,#1763,.T.);
#6260=EDGE_CURVE('',#5072,#5020,#2011,.T.);
#6261=EDGE_CURVE('',#5065,#5073,#1764,.T.);
#6262=EDGE_CURVE('',#5073,#5074,#1765,.T.);
#6263=EDGE_CURVE('',#5074,#5073,#1766,.T.);
#6264=EDGE_CURVE('',#5074,#5021,#2012,.T.);
#6265=EDGE_CURVE('',#5067,#5075,#1767,.T.);
#6266=EDGE_CURVE('',#5075,#5076,#1768,.T.);
#6267=EDGE_CURVE('',#5076,#5075,#1769,.T.);
#6268=EDGE_CURVE('',#5076,#5022,#2013,.T.);
#6269=EDGE_CURVE('',#5069,#5077,#1770,.T.);
#6270=EDGE_CURVE('',#5077,#5078,#1771,.T.);
#6271=EDGE_CURVE('',#5078,#5077,#1772,.T.);
#6272=EDGE_CURVE('',#5078,#5023,#2014,.T.);
#6273=EDGE_CURVE('',#5079,#5079,#1773,.T.);
#6274=EDGE_CURVE('',#5080,#5080,#1774,.T.);
#6275=EDGE_CURVE('',#5081,#5081,#1775,.T.);
#6276=EDGE_CURVE('',#5082,#5082,#1776,.T.);
#6277=EDGE_CURVE('',#5083,#5083,#1777,.T.);
#6278=EDGE_CURVE('',#5084,#5084,#1778,.T.);
#6279=EDGE_CURVE('',#5085,#5085,#1779,.T.);
#6280=EDGE_CURVE('',#5079,#5086,#2015,.T.);
#6281=EDGE_CURVE('',#5086,#5086,#1780,.T.);
#6282=EDGE_CURVE('',#5087,#5087,#1781,.T.);
#6283=EDGE_CURVE('',#5088,#5088,#1782,.T.);
#6284=EDGE_CURVE('',#5089,#5089,#1783,.T.);
#6285=EDGE_CURVE('',#5090,#5090,#1784,.T.);
#6286=EDGE_CURVE('',#5091,#5091,#1785,.T.);
#6287=EDGE_CURVE('',#5092,#5092,#1786,.T.);
#6288=EDGE_CURVE('',#5093,#5093,#1787,.T.);
#6289=EDGE_CURVE('',#5080,#5089,#2016,.T.);
#6290=EDGE_CURVE('',#5082,#5091,#2017,.T.);
#6291=EDGE_CURVE('',#5084,#5093,#2018,.T.);
#6292=EDGE_CURVE('',#5087,#5094,#1788,.T.);
#6293=EDGE_CURVE('',#5094,#5095,#1789,.T.);
#6294=EDGE_CURVE('',#5095,#5094,#1790,.T.);
#6295=EDGE_CURVE('',#5095,#5096,#2019,.T.);
#6296=EDGE_CURVE('',#5096,#5096,#1791,.T.);
#6297=EDGE_CURVE('',#5097,#5098,#2020,.T.);
#6298=EDGE_CURVE('',#5099,#5098,#2021,.T.);
#6299=EDGE_CURVE('',#5099,#5100,#2022,.T.);
#6300=EDGE_CURVE('',#5100,#5101,#2023,.T.);
#6301=EDGE_CURVE('',#5101,#5102,#2024,.T.);
#6302=EDGE_CURVE('',#5102,#5103,#1792,.T.);
#6303=EDGE_CURVE('',#5103,#5104,#2025,.T.);
#6304=EDGE_CURVE('',#5104,#5105,#2026,.T.);
#6305=EDGE_CURVE('',#5105,#5106,#2027,.T.);
#6306=EDGE_CURVE('',#5106,#5097,#2028,.T.);
#6307=EDGE_CURVE('',#5107,#5107,#1793,.T.);
#6308=EDGE_CURVE('',#5108,#5108,#1794,.T.);
#6309=EDGE_CURVE('',#5109,#5109,#1795,.T.);
#6310=EDGE_CURVE('',#5110,#5110,#1796,.T.);
#6311=EDGE_CURVE('',#5111,#5111,#1797,.T.);
#6312=EDGE_CURVE('',#5112,#5113,#1798,.T.);
#6313=EDGE_CURVE('',#5112,#5107,#2029,.T.);
#6314=EDGE_CURVE('',#5113,#5112,#1799,.T.);
#6315=EDGE_CURVE('',#5088,#5113,#1800,.T.);
#6316=EDGE_CURVE('',#5114,#5115,#1801,.T.);
#6317=EDGE_CURVE('',#5114,#5108,#2030,.T.);
#6318=EDGE_CURVE('',#5115,#5114,#1802,.T.);
#6319=EDGE_CURVE('',#5090,#5115,#1803,.T.);
#6320=EDGE_CURVE('',#5116,#5117,#1804,.T.);
#6321=EDGE_CURVE('',#5116,#5109,#2031,.T.);
#6322=EDGE_CURVE('',#5117,#5116,#1805,.T.);
#6323=EDGE_CURVE('',#5092,#5117,#1806,.T.);
#6324=EDGE_CURVE('',#5118,#5098,#2032,.T.);
#6325=EDGE_CURVE('',#5097,#5119,#2033,.T.);
#6326=EDGE_CURVE('',#5119,#5118,#2034,.T.);
#6327=EDGE_CURVE('',#5017,#5036,#2035,.T.);
#6328=EDGE_CURVE('',#5035,#5018,#2036,.T.);
#6329=EDGE_CURVE('',#5120,#5121,#2037,.T.);
#6330=EDGE_CURVE('',#5120,#5122,#1807,.T.);
#6331=EDGE_CURVE('',#5122,#5037,#2038,.T.);
#6332=EDGE_CURVE('',#5123,#5016,#2039,.T.);
#6333=EDGE_CURVE('',#5123,#5124,#2040,.T.);
#6334=EDGE_CURVE('',#5125,#5124,#2041,.T.);
#6335=EDGE_CURVE('',#5125,#5126,#2042,.T.);
#6336=EDGE_CURVE('',#5126,#5121,#1808,.T.);
#6337=EDGE_CURVE('',#5127,#5128,#2043,.T.);
#6338=EDGE_CURVE('',#5128,#5129,#1809,.T.);
#6339=EDGE_CURVE('',#5129,#5130,#2044,.T.);
#6340=EDGE_CURVE('',#5131,#5130,#2045,.T.);
#6341=EDGE_CURVE('',#5132,#5131,#2046,.T.);
#6342=EDGE_CURVE('',#5099,#5132,#2047,.T.);
#6343=EDGE_CURVE('',#5133,#5118,#2048,.T.);
#6344=EDGE_CURVE('',#5133,#5134,#2049,.T.);
#6345=EDGE_CURVE('',#5134,#5127,#1810,.T.);
#6346=EDGE_CURVE('',#5120,#5135,#2050,.T.);
#6347=EDGE_CURVE('',#5136,#5121,#2051,.T.);
#6348=EDGE_CURVE('',#5135,#5136,#2052,.T.);
#6349=EDGE_CURVE('',#5137,#5135,#1811,.T.);
#6350=EDGE_CURVE('',#5122,#5137,#2053,.T.);
#6351=EDGE_CURVE('',#5137,#5038,#2054,.T.);
#6352=EDGE_CURVE('',#5138,#5139,#2055,.T.);
#6353=EDGE_CURVE('',#5139,#5140,#2056,.T.);
#6354=EDGE_CURVE('',#5141,#5140,#2057,.T.);
#6355=EDGE_CURVE('',#5141,#5142,#2058,.T.);
#6356=EDGE_CURVE('',#5142,#5143,#2059,.T.);
#6357=EDGE_CURVE('',#5144,#5143,#2060,.T.);
#6358=EDGE_CURVE('',#5145,#5144,#2061,.T.);
#6359=EDGE_CURVE('',#5145,#5039,#2062,.T.);
#6360=EDGE_CURVE('',#5136,#5138,#1812,.T.);
#6361=EDGE_CURVE('',#5146,#5147,#2063,.T.);
#6362=EDGE_CURVE('',#5148,#5146,#2064,.T.);
#6363=EDGE_CURVE('',#5148,#5149,#2065,.T.);
#6364=EDGE_CURVE('',#5149,#5150,#2066,.T.);
#6365=EDGE_CURVE('',#5150,#5151,#2067,.T.);
#6366=EDGE_CURVE('',#5151,#5152,#2068,.T.);
#6367=EDGE_CURVE('',#5153,#5152,#2069,.T.);
#6368=EDGE_CURVE('',#5154,#5153,#2070,.T.);
#6369=EDGE_CURVE('',#5155,#5154,#2071,.T.);
#6370=EDGE_CURVE('',#5156,#5155,#2072,.T.);
#6371=EDGE_CURVE('',#5156,#5157,#1813,.T.);
#6372=EDGE_CURVE('',#5158,#5157,#2073,.T.);
#6373=EDGE_CURVE('',#5158,#5147,#1814,.T.);
#6374=EDGE_CURVE('',#5159,#5160,#2074,.T.);
#6375=EDGE_CURVE('',#5161,#5159,#2075,.T.);
#6376=EDGE_CURVE('',#5161,#5162,#2076,.T.);
#6377=EDGE_CURVE('',#5162,#5163,#2077,.T.);
#6378=EDGE_CURVE('',#5163,#5139,#2078,.T.);
#6379=EDGE_CURVE('',#5138,#5160,#31,.T.);
#6380=EDGE_CURVE('',#5160,#5164,#2079,.T.);
#6381=EDGE_CURVE('',#5164,#5165,#2080,.T.);
#6382=EDGE_CURVE('',#5165,#5166,#2081,.T.);
#6383=EDGE_CURVE('',#5166,#5167,#2082,.T.);
#6384=EDGE_CURVE('',#5167,#5168,#2083,.T.);
#6385=EDGE_CURVE('',#5169,#5168,#2084,.T.);
#6386=EDGE_CURVE('',#5169,#5170,#2085,.T.);
#6387=EDGE_CURVE('',#5171,#5170,#2086,.T.);
#6388=EDGE_CURVE('',#5171,#5172,#2087,.T.);
#6389=EDGE_CURVE('',#5172,#5173,#2088,.T.);
#6390=EDGE_CURVE('',#5173,#5174,#2089,.T.);
#6391=EDGE_CURVE('',#5174,#5175,#2090,.T.);
#6392=EDGE_CURVE('',#5175,#5176,#2091,.T.);
#6393=EDGE_CURVE('',#5176,#5177,#2092,.T.);
#6394=EDGE_CURVE('',#5177,#5178,#2093,.T.);
#6395=EDGE_CURVE('',#5179,#5178,#2094,.T.);
#6396=EDGE_CURVE('',#5179,#5180,#2095,.T.);
#6397=EDGE_CURVE('',#5181,#5180,#2096,.T.);
#6398=EDGE_CURVE('',#5181,#5159,#2097,.T.);
#6399=EDGE_CURVE('',#5182,#5183,#2098,.T.);
#6400=EDGE_CURVE('',#5182,#5184,#1815,.T.);
#6401=EDGE_CURVE('',#5185,#5184,#2099,.T.);
#6402=EDGE_CURVE('',#5185,#5186,#1816,.T.);
#6403=EDGE_CURVE('',#5187,#5186,#2100,.T.);
#6404=EDGE_CURVE('',#5187,#5188,#1817,.T.);
#6405=EDGE_CURVE('',#5189,#5188,#2101,.T.);
#6406=EDGE_CURVE('',#5189,#5183,#1818,.T.);
#6407=EDGE_CURVE('',#5183,#5190,#2102,.T.);
#6408=EDGE_CURVE('',#5191,#5190,#2103,.T.);
#6409=EDGE_CURVE('',#5192,#5191,#2104,.T.);
#6410=EDGE_CURVE('',#5192,#5193,#2105,.T.);
#6411=EDGE_CURVE('',#5193,#5194,#2106,.T.);
#6412=EDGE_CURVE('',#5195,#5194,#2107,.T.);
#6413=EDGE_CURVE('',#5182,#5195,#2108,.T.);
#6414=EDGE_CURVE('',#5189,#5196,#2109,.T.);
#6415=EDGE_CURVE('',#5190,#5196,#1819,.T.);
#6416=EDGE_CURVE('',#5188,#5197,#2110,.T.);
#6417=EDGE_CURVE('',#5196,#5197,#2111,.T.);
#6418=EDGE_CURVE('',#5187,#5198,#2112,.T.);
#6419=EDGE_CURVE('',#5197,#5198,#1820,.T.);
#6420=EDGE_CURVE('',#5186,#5199,#2113,.T.);
#6421=EDGE_CURVE('',#5200,#5199,#2114,.T.);
#6422=EDGE_CURVE('',#5201,#5200,#2115,.T.);
#6423=EDGE_CURVE('',#5202,#5201,#2116,.T.);
#6424=EDGE_CURVE('',#5202,#5203,#2117,.T.);
#6425=EDGE_CURVE('',#5198,#5203,#2118,.T.);
#6426=EDGE_CURVE('',#5204,#5205,#2119,.T.);
#6427=EDGE_CURVE('',#5204,#5206,#1821,.T.);
#6428=EDGE_CURVE('',#5207,#5206,#2120,.T.);
#6429=EDGE_CURVE('',#5207,#5208,#1822,.T.);
#6430=EDGE_CURVE('',#5209,#5208,#2121,.T.);
#6431=EDGE_CURVE('',#5210,#5209,#2122,.T.);
#6432=EDGE_CURVE('',#5211,#5210,#1823,.T.);
#6433=EDGE_CURVE('',#5211,#5212,#2123,.T.);
#6434=EDGE_CURVE('',#5212,#5213,#1824,.T.);
#6435=EDGE_CURVE('',#5214,#5213,#2124,.T.);
#6436=EDGE_CURVE('',#5215,#5214,#2125,.T.);
#6437=EDGE_CURVE('',#5216,#5215,#2126,.T.);
#6438=EDGE_CURVE('',#5216,#5217,#2127,.T.);
#6439=EDGE_CURVE('',#5218,#5217,#2128,.T.);
#6440=EDGE_CURVE('',#5218,#5219,#1825,.T.);
#6441=EDGE_CURVE('',#5219,#5220,#2129,.T.);
#6442=EDGE_CURVE('',#5221,#5220,#1826,.T.);
#6443=EDGE_CURVE('',#5222,#5221,#2130,.T.);
#6444=EDGE_CURVE('',#5223,#5222,#2131,.T.);
#6445=EDGE_CURVE('',#5223,#5224,#1827,.T.);
#6446=EDGE_CURVE('',#5225,#5224,#2132,.T.);
#6447=EDGE_CURVE('',#5225,#5226,#1828,.T.);
#6448=EDGE_CURVE('',#5227,#5226,#2133,.T.);
#6449=EDGE_CURVE('',#5227,#5228,#1829,.T.);
#6450=EDGE_CURVE('',#5228,#5229,#2134,.T.);
#6451=EDGE_CURVE('',#5229,#5230,#1830,.T.);
#6452=EDGE_CURVE('',#5123,#5230,#2135,.T.);
#6453=EDGE_CURVE('',#5123,#5231,#2136,.T.);
#6454=EDGE_CURVE('',#5231,#5232,#2137,.T.);
#6455=EDGE_CURVE('',#5132,#5232,#2138,.T.);
#6456=EDGE_CURVE('',#5233,#5132,#2139,.T.);
#6457=EDGE_CURVE('',#5233,#5234,#1831,.T.);
#6458=EDGE_CURVE('',#5234,#5235,#2140,.T.);
#6459=EDGE_CURVE('',#5235,#5205,#1832,.T.);
#6460=EDGE_CURVE('',#5236,#5236,#1833,.T.);
#6461=EDGE_CURVE('',#5237,#5237,#1834,.T.);
#6462=EDGE_CURVE('',#5238,#5238,#1835,.T.);
#6463=EDGE_CURVE('',#5239,#5239,#1836,.T.);
#6464=EDGE_CURVE('',#5240,#5240,#1837,.T.);
#6465=EDGE_CURVE('',#5241,#5241,#1838,.T.);
#6466=EDGE_CURVE('',#5242,#5242,#1839,.T.);
#6467=EDGE_CURVE('',#5243,#5243,#1840,.T.);
#6468=EDGE_CURVE('',#5244,#5244,#1841,.T.);
#6469=EDGE_CURVE('',#5245,#5245,#1842,.T.);
#6470=EDGE_CURVE('',#5246,#5246,#1843,.T.);
#6471=EDGE_CURVE('',#5247,#5247,#1844,.T.);
#6472=EDGE_CURVE('',#5203,#5200,#1845,.T.);
#6473=EDGE_CURVE('',#5199,#5248,#1846,.T.);
#6474=EDGE_CURVE('',#5248,#5249,#2141,.T.);
#6475=EDGE_CURVE('',#5249,#5195,#1847,.T.);
#6476=EDGE_CURVE('',#5194,#5191,#1848,.T.);
#6477=EDGE_CURVE('',#5250,#5250,#1849,.T.);
#6478=EDGE_CURVE('',#5250,#5236,#2142,.T.);
#6479=EDGE_CURVE('',#5251,#5252,#2143,.T.);
#6480=EDGE_CURVE('',#5252,#5253,#2144,.T.);
#6481=EDGE_CURVE('',#5253,#5254,#2145,.T.);
#6482=EDGE_CURVE('',#5254,#5255,#2146,.T.);
#6483=EDGE_CURVE('',#5255,#5256,#2147,.T.);
#6484=EDGE_CURVE('',#5256,#5251,#2148,.T.);
#6485=EDGE_CURVE('',#5252,#5257,#2149,.T.);
#6486=EDGE_CURVE('',#5258,#5251,#2150,.T.);
#6487=EDGE_CURVE('',#5257,#5258,#2151,.T.);
#6488=EDGE_CURVE('',#5253,#5259,#2152,.T.);
#6489=EDGE_CURVE('',#5259,#5257,#2153,.T.);
#6490=EDGE_CURVE('',#5254,#5260,#2154,.T.);
#6491=EDGE_CURVE('',#5260,#5259,#2155,.T.);
#6492=EDGE_CURVE('',#5255,#5261,#2156,.T.);
#6493=EDGE_CURVE('',#5261,#5260,#2157,.T.);
#6494=EDGE_CURVE('',#5256,#5262,#2158,.T.);
#6495=EDGE_CURVE('',#5262,#5261,#2159,.T.);
#6496=EDGE_CURVE('',#5258,#5262,#2160,.T.);
#6497=EDGE_CURVE('',#5263,#5264,#2161,.T.);
#6498=EDGE_CURVE('',#5263,#5265,#2162,.T.);
#6499=EDGE_CURVE('',#5265,#5266,#2163,.T.);
#6500=EDGE_CURVE('',#5266,#5267,#2164,.T.);
#6501=EDGE_CURVE('',#5268,#5267,#2165,.T.);
#6502=EDGE_CURVE('',#5268,#5269,#2166,.T.);
#6503=EDGE_CURVE('',#5269,#5270,#2167,.T.);
#6504=EDGE_CURVE('',#5270,#5264,#2168,.T.);
#6505=EDGE_CURVE('',#5271,#5272,#2169,.T.);
#6506=EDGE_CURVE('',#5272,#5273,#2170,.T.);
#6507=EDGE_CURVE('',#5273,#5274,#2171,.T.);
#6508=EDGE_CURVE('',#5274,#5275,#2172,.T.);
#6509=EDGE_CURVE('',#5275,#5276,#2173,.T.);
#6510=EDGE_CURVE('',#5276,#5271,#2174,.T.);
#6511=EDGE_CURVE('',#5277,#5278,#2175,.T.);
#6512=EDGE_CURVE('',#5278,#5279,#2176,.T.);
#6513=EDGE_CURVE('',#5279,#5280,#2177,.T.);
#6514=EDGE_CURVE('',#5280,#5281,#2178,.T.);
#6515=EDGE_CURVE('',#5281,#5282,#2179,.T.);
#6516=EDGE_CURVE('',#5282,#5283,#2180,.T.);
#6517=EDGE_CURVE('',#5283,#5284,#2181,.T.);
#6518=EDGE_CURVE('',#5284,#5277,#2182,.T.);
#6519=EDGE_CURVE('',#5285,#5286,#2183,.T.);
#6520=EDGE_CURVE('',#5286,#5287,#2184,.T.);
#6521=EDGE_CURVE('',#5287,#5288,#2185,.T.);
#6522=EDGE_CURVE('',#5288,#5289,#2186,.T.);
#6523=EDGE_CURVE('',#5289,#5290,#2187,.T.);
#6524=EDGE_CURVE('',#5290,#5285,#2188,.T.);
#6525=EDGE_CURVE('',#5291,#5292,#2189,.T.);
#6526=EDGE_CURVE('',#5292,#5293,#2190,.T.);
#6527=EDGE_CURVE('',#5293,#5294,#2191,.T.);
#6528=EDGE_CURVE('',#5294,#5295,#2192,.T.);
#6529=EDGE_CURVE('',#5296,#5295,#2193,.T.);
#6530=EDGE_CURVE('',#5296,#5297,#2194,.T.);
#6531=EDGE_CURVE('',#5297,#5298,#2195,.T.);
#6532=EDGE_CURVE('',#5298,#5291,#2196,.T.);
#6533=EDGE_CURVE('',#5299,#5300,#2197,.T.);
#6534=EDGE_CURVE('',#5300,#5301,#2198,.T.);
#6535=EDGE_CURVE('',#5301,#5302,#2199,.T.);
#6536=EDGE_CURVE('',#5302,#5303,#2200,.T.);
#6537=EDGE_CURVE('',#5303,#5304,#2201,.T.);
#6538=EDGE_CURVE('',#5304,#5299,#2202,.T.);
#6539=EDGE_CURVE('',#5305,#5306,#2203,.T.);
#6540=EDGE_CURVE('',#5306,#5307,#2204,.T.);
#6541=EDGE_CURVE('',#5307,#5308,#2205,.T.);
#6542=EDGE_CURVE('',#5308,#5309,#2206,.T.);
#6543=EDGE_CURVE('',#5310,#5309,#2207,.T.);
#6544=EDGE_CURVE('',#5310,#5311,#2208,.T.);
#6545=EDGE_CURVE('',#5311,#5312,#2209,.T.);
#6546=EDGE_CURVE('',#5312,#5305,#2210,.T.);
#6547=EDGE_CURVE('',#5313,#5314,#2211,.T.);
#6548=EDGE_CURVE('',#5314,#5315,#2212,.T.);
#6549=EDGE_CURVE('',#5315,#5316,#2213,.T.);
#6550=EDGE_CURVE('',#5316,#5317,#2214,.T.);
#6551=EDGE_CURVE('',#5317,#5318,#2215,.T.);
#6552=EDGE_CURVE('',#5318,#5313,#2216,.T.);
#6553=EDGE_CURVE('',#5319,#5320,#2217,.T.);
#6554=EDGE_CURVE('',#5320,#5321,#2218,.T.);
#6555=EDGE_CURVE('',#5321,#5322,#2219,.T.);
#6556=EDGE_CURVE('',#5322,#5323,#2220,.T.);
#6557=EDGE_CURVE('',#5323,#5324,#2221,.T.);
#6558=EDGE_CURVE('',#5324,#5325,#2222,.T.);
#6559=EDGE_CURVE('',#5325,#5326,#2223,.T.);
#6560=EDGE_CURVE('',#5326,#5319,#2224,.T.);
#6561=EDGE_CURVE('',#5327,#5328,#2225,.T.);
#6562=EDGE_CURVE('',#5327,#5329,#2226,.T.);
#6563=EDGE_CURVE('',#5329,#5330,#2227,.T.);
#6564=EDGE_CURVE('',#5330,#5331,#2228,.T.);
#6565=EDGE_CURVE('',#5331,#5332,#2229,.T.);
#6566=EDGE_CURVE('',#5332,#5333,#2230,.T.);
#6567=EDGE_CURVE('',#5333,#5334,#2231,.T.);
#6568=EDGE_CURVE('',#5334,#5328,#2232,.T.);
#6569=EDGE_CURVE('',#5335,#5336,#2233,.T.);
#6570=EDGE_CURVE('',#5336,#5337,#2234,.T.);
#6571=EDGE_CURVE('',#5337,#5338,#2235,.T.);
#6572=EDGE_CURVE('',#5338,#5339,#2236,.T.);
#6573=EDGE_CURVE('',#5339,#5340,#2237,.T.);
#6574=EDGE_CURVE('',#5340,#5335,#2238,.T.);
#6575=EDGE_CURVE('',#5341,#5342,#2239,.T.);
#6576=EDGE_CURVE('',#5341,#5343,#2240,.T.);
#6577=EDGE_CURVE('',#5344,#5343,#2241,.T.);
#6578=EDGE_CURVE('',#5344,#5345,#2242,.T.);
#6579=EDGE_CURVE('',#5345,#5346,#2243,.T.);
#6580=EDGE_CURVE('',#5346,#5347,#2244,.T.);
#6581=EDGE_CURVE('',#5347,#5348,#2245,.T.);
#6582=EDGE_CURVE('',#5348,#5349,#2246,.T.);
#6583=EDGE_CURVE('',#5350,#5349,#2247,.T.);
#6584=EDGE_CURVE('',#5350,#5351,#2248,.T.);
#6585=EDGE_CURVE('',#5351,#5352,#2249,.T.);
#6586=EDGE_CURVE('',#5352,#5353,#2250,.T.);
#6587=EDGE_CURVE('',#5353,#5354,#2251,.T.);
#6588=EDGE_CURVE('',#5354,#5342,#2252,.T.);
#6589=EDGE_CURVE('',#5355,#5356,#2253,.T.);
#6590=EDGE_CURVE('',#5355,#5357,#2254,.T.);
#6591=EDGE_CURVE('',#5358,#5357,#2255,.T.);
#6592=EDGE_CURVE('',#5358,#5359,#2256,.T.);
#6593=EDGE_CURVE('',#5359,#5360,#2257,.T.);
#6594=EDGE_CURVE('',#5360,#5361,#2258,.T.);
#6595=EDGE_CURVE('',#5361,#5362,#2259,.T.);
#6596=EDGE_CURVE('',#5362,#5363,#2260,.T.);
#6597=EDGE_CURVE('',#5364,#5363,#2261,.T.);
#6598=EDGE_CURVE('',#5364,#5365,#2262,.T.);
#6599=EDGE_CURVE('',#5365,#5366,#2263,.T.);
#6600=EDGE_CURVE('',#5366,#5367,#2264,.T.);
#6601=EDGE_CURVE('',#5367,#5368,#2265,.T.);
#6602=EDGE_CURVE('',#5368,#5356,#2266,.T.);
#6603=EDGE_CURVE('',#5271,#5369,#2267,.T.);
#6604=EDGE_CURVE('',#5370,#5369,#2268,.T.);
#6605=EDGE_CURVE('',#5370,#5272,#2269,.T.);
#6606=EDGE_CURVE('',#5371,#5276,#2270,.T.);
#6607=EDGE_CURVE('',#5369,#5371,#2271,.T.);
#6608=EDGE_CURVE('',#5372,#5275,#2272,.T.);
#6609=EDGE_CURVE('',#5371,#5372,#2273,.T.);
#6610=EDGE_CURVE('',#5373,#5274,#2274,.T.);
#6611=EDGE_CURVE('',#5372,#5373,#2275,.T.);
#6612=EDGE_CURVE('',#5374,#5273,#2276,.T.);
#6613=EDGE_CURVE('',#5373,#5374,#2277,.T.);
#6614=EDGE_CURVE('',#5374,#5370,#2278,.T.);
#6615=EDGE_CURVE('',#5375,#5375,#1850,.T.);
#6616=EDGE_CURVE('',#5375,#5241,#2279,.T.);
#6617=EDGE_CURVE('',#5299,#5376,#2280,.T.);
#6618=EDGE_CURVE('',#5377,#5376,#2281,.T.);
#6619=EDGE_CURVE('',#5377,#5300,#2282,.T.);
#6620=EDGE_CURVE('',#5378,#5304,#2283,.T.);
#6621=EDGE_CURVE('',#5376,#5378,#2284,.T.);
#6622=EDGE_CURVE('',#5379,#5303,#2285,.T.);
#6623=EDGE_CURVE('',#5378,#5379,#2286,.T.);
#6624=EDGE_CURVE('',#5380,#5302,#2287,.T.);
#6625=EDGE_CURVE('',#5379,#5380,#2288,.T.);
#6626=EDGE_CURVE('',#5381,#5301,#2289,.T.);
#6627=EDGE_CURVE('',#5380,#5381,#2290,.T.);
#6628=EDGE_CURVE('',#5381,#5377,#2291,.T.);
#6629=EDGE_CURVE('',#5382,#5382,#1851,.T.);
#6630=EDGE_CURVE('',#5382,#5238,#2292,.T.);
#6631=EDGE_CURVE('',#5313,#5383,#2293,.T.);
#6632=EDGE_CURVE('',#5384,#5383,#2294,.T.);
#6633=EDGE_CURVE('',#5384,#5314,#2295,.T.);
#6634=EDGE_CURVE('',#5385,#5318,#2296,.T.);
#6635=EDGE_CURVE('',#5383,#5385,#2297,.T.);
#6636=EDGE_CURVE('',#5386,#5317,#2298,.T.);
#6637=EDGE_CURVE('',#5385,#5386,#2299,.T.);
#6638=EDGE_CURVE('',#5387,#5316,#2300,.T.);
#6639=EDGE_CURVE('',#5386,#5387,#2301,.T.);
#6640=EDGE_CURVE('',#5388,#5315,#2302,.T.);
#6641=EDGE_CURVE('',#5387,#5388,#2303,.T.);
#6642=EDGE_CURVE('',#5388,#5384,#2304,.T.);
#6643=EDGE_CURVE('',#5389,#5389,#1852,.T.);
#6644=EDGE_CURVE('',#5389,#5242,#2305,.T.);
#6645=EDGE_CURVE('',#5335,#5390,#2306,.T.);
#6646=EDGE_CURVE('',#5391,#5390,#2307,.T.);
#6647=EDGE_CURVE('',#5391,#5336,#2308,.T.);
#6648=EDGE_CURVE('',#5392,#5340,#2309,.T.);
#6649=EDGE_CURVE('',#5390,#5392,#2310,.T.);
#6650=EDGE_CURVE('',#5393,#5339,#2311,.T.);
#6651=EDGE_CURVE('',#5392,#5393,#2312,.T.);
#6652=EDGE_CURVE('',#5394,#5338,#2313,.T.);
#6653=EDGE_CURVE('',#5393,#5394,#2314,.T.);
#6654=EDGE_CURVE('',#5395,#5337,#2315,.T.);
#6655=EDGE_CURVE('',#5394,#5395,#2316,.T.);
#6656=EDGE_CURVE('',#5395,#5391,#2317,.T.);
#6657=EDGE_CURVE('',#5396,#5396,#1853,.T.);
#6658=EDGE_CURVE('',#5396,#5243,#2318,.T.);
#6659=EDGE_CURVE('',#5285,#5397,#2319,.T.);
#6660=EDGE_CURVE('',#5398,#5397,#2320,.T.);
#6661=EDGE_CURVE('',#5398,#5286,#2321,.T.);
#6662=EDGE_CURVE('',#5399,#5290,#2322,.T.);
#6663=EDGE_CURVE('',#5397,#5399,#2323,.T.);
#6664=EDGE_CURVE('',#5400,#5289,#2324,.T.);
#6665=EDGE_CURVE('',#5399,#5400,#2325,.T.);
#6666=EDGE_CURVE('',#5401,#5288,#2326,.T.);
#6667=EDGE_CURVE('',#5400,#5401,#2327,.T.);
#6668=EDGE_CURVE('',#5402,#5287,#2328,.T.);
#6669=EDGE_CURVE('',#5401,#5402,#2329,.T.);
#6670=EDGE_CURVE('',#5402,#5398,#2330,.T.);
#6671=EDGE_CURVE('',#5403,#5403,#1854,.T.);
#6672=EDGE_CURVE('',#5403,#5240,#2331,.T.);
#6673=EDGE_CURVE('',#5404,#5291,#2332,.T.);
#6674=EDGE_CURVE('',#5404,#5405,#2333,.T.);
#6675=EDGE_CURVE('',#5405,#5263,#2334,.T.);
#6676=EDGE_CURVE('',#5406,#5264,#2335,.T.);
#6677=EDGE_CURVE('',#5406,#5407,#2336,.T.);
#6678=EDGE_CURVE('',#5407,#5172,#2337,.T.);
#6679=EDGE_CURVE('',#5408,#5171,#2338,.T.);
#6680=EDGE_CURVE('',#5409,#5408,#2339,.T.);
#6681=EDGE_CURVE('',#5409,#5306,#2340,.T.);
#6682=EDGE_CURVE('',#5410,#5305,#2341,.T.);
#6683=EDGE_CURVE('',#5411,#5410,#2342,.T.);
#6684=EDGE_CURVE('',#5411,#5292,#2343,.T.);
#6685=EDGE_CURVE('',#5411,#5412,#2344,.T.);
#6686=EDGE_CURVE('',#5412,#5293,#2345,.T.);
#6687=EDGE_CURVE('',#5412,#5413,#2346,.T.);
#6688=EDGE_CURVE('',#5413,#5294,#2347,.T.);
#6689=EDGE_CURVE('',#5414,#5415,#2348,.T.);
#6690=EDGE_CURVE('',#5416,#5415,#2349,.T.);
#6691=EDGE_CURVE('',#5414,#5416,#2350,.T.);
#6692=EDGE_CURVE('',#5417,#5418,#2351,.T.);
#6693=EDGE_CURVE('',#5419,#5417,#2352,.T.);
#6694=EDGE_CURVE('',#5419,#5418,#2353,.T.);
#6695=EDGE_CURVE('',#5420,#5421,#2354,.T.);
#6696=EDGE_CURVE('',#5420,#5422,#2355,.T.);
#6697=EDGE_CURVE('',#5421,#5422,#2356,.T.);
#6698=EDGE_CURVE('',#5423,#5424,#2357,.T.);
#6699=EDGE_CURVE('',#5424,#5425,#2358,.T.);
#6700=EDGE_CURVE('',#5425,#5423,#2359,.T.);
#6701=EDGE_CURVE('',#5426,#5404,#2360,.T.);
#6702=EDGE_CURVE('',#5427,#5426,#2361,.T.);
#6703=EDGE_CURVE('',#5428,#5427,#2362,.T.);
#6704=EDGE_CURVE('',#5428,#5429,#2363,.T.);
#6705=EDGE_CURVE('',#5430,#5429,#2364,.T.);
#6706=EDGE_CURVE('',#5431,#5430,#2365,.T.);
#6707=EDGE_CURVE('',#5405,#5431,#2366,.T.);
#6708=EDGE_CURVE('',#5432,#5406,#2367,.T.);
#6709=EDGE_CURVE('',#5433,#5432,#2368,.T.);
#6710=EDGE_CURVE('',#5434,#5433,#2369,.T.);
#6711=EDGE_CURVE('',#5434,#5435,#2370,.T.);
#6712=EDGE_CURVE('',#5436,#5435,#2371,.T.);
#6713=EDGE_CURVE('',#5437,#5436,#2372,.T.);
#6714=EDGE_CURVE('',#5407,#5437,#2373,.T.);
#6715=EDGE_CURVE('',#5438,#5439,#2374,.T.);
#6716=EDGE_CURVE('',#5440,#5439,#2375,.T.);
#6717=EDGE_CURVE('',#5441,#5440,#2376,.T.);
#6718=EDGE_CURVE('',#5442,#5441,#2377,.T.);
#6719=EDGE_CURVE('',#5443,#5442,#2378,.T.);
#6720=EDGE_CURVE('',#5444,#5443,#2379,.T.);
#6721=EDGE_CURVE('',#5445,#5444,#2380,.T.);
#6722=EDGE_CURVE('',#5438,#5445,#2381,.T.);
#6723=EDGE_CURVE('',#5446,#5447,#2382,.T.);
#6724=EDGE_CURVE('',#5447,#5448,#2383,.T.);
#6725=EDGE_CURVE('',#5448,#5449,#2384,.T.);
#6726=EDGE_CURVE('',#5449,#5450,#2385,.T.);
#6727=EDGE_CURVE('',#5451,#5450,#2386,.T.);
#6728=EDGE_CURVE('',#5452,#5451,#2387,.T.);
#6729=EDGE_CURVE('',#5453,#5452,#2388,.T.);
#6730=EDGE_CURVE('',#5446,#5453,#2389,.T.);
#6731=EDGE_CURVE('',#5454,#5410,#2390,.T.);
#6732=EDGE_CURVE('',#5455,#5454,#2391,.T.);
#6733=EDGE_CURVE('',#5456,#5455,#2392,.T.);
#6734=EDGE_CURVE('',#5456,#5457,#2393,.T.);
#6735=EDGE_CURVE('',#5413,#5457,#2394,.T.);
#6736=EDGE_CURVE('',#5408,#5458,#2395,.T.);
#6737=EDGE_CURVE('',#5458,#5459,#2396,.T.);
#6738=EDGE_CURVE('',#5459,#5460,#2397,.T.);
#6739=EDGE_CURVE('',#5460,#5461,#2398,.T.);
#6740=EDGE_CURVE('',#5462,#5461,#2399,.T.);
#6741=EDGE_CURVE('',#5463,#5462,#2400,.T.);
#6742=EDGE_CURVE('',#5409,#5463,#2401,.T.);
#6743=EDGE_CURVE('',#5464,#5465,#2402,.T.);
#6744=EDGE_CURVE('',#5466,#5464,#2403,.T.);
#6745=EDGE_CURVE('',#5467,#5466,#2404,.T.);
#6746=EDGE_CURVE('',#5468,#5467,#2405,.T.);
#6747=EDGE_CURVE('',#5469,#5468,#2406,.T.);
#6748=EDGE_CURVE('',#5470,#5469,#2407,.T.);
#6749=EDGE_CURVE('',#5471,#5470,#2408,.T.);
#6750=EDGE_CURVE('',#5465,#5471,#2409,.T.);
#6751=EDGE_CURVE('',#5472,#5161,#2410,.T.);
#6752=EDGE_CURVE('',#5473,#5472,#2411,.T.);
#6753=EDGE_CURVE('',#5474,#5473,#2412,.T.);
#6754=EDGE_CURVE('',#5475,#5474,#2413,.T.);
#6755=EDGE_CURVE('',#5476,#5475,#2414,.T.);
#6756=EDGE_CURVE('',#5477,#5476,#2415,.T.);
#6757=EDGE_CURVE('',#5162,#5477,#2416,.T.);
#6758=EDGE_CURVE('',#5478,#5479,#2417,.T.);
#6759=EDGE_CURVE('',#5480,#5478,#2418,.T.);
#6760=EDGE_CURVE('',#5479,#5480,#2419,.T.);
#6761=EDGE_CURVE('',#5481,#5482,#2420,.T.);
#6762=EDGE_CURVE('',#5483,#5481,#2421,.T.);
#6763=EDGE_CURVE('',#5483,#5482,#2422,.T.);
#6764=EDGE_CURVE('',#5484,#5485,#2423,.T.);
#6765=EDGE_CURVE('',#5486,#5484,#2424,.T.);
#6766=EDGE_CURVE('',#5485,#5486,#2425,.T.);
#6767=EDGE_CURVE('',#5487,#5488,#2426,.T.);
#6768=EDGE_CURVE('',#5489,#5487,#2427,.T.);
#6769=EDGE_CURVE('',#5489,#5488,#2428,.T.);
#6770=EDGE_CURVE('',#5490,#5491,#2429,.T.);
#6771=EDGE_CURVE('',#5491,#5492,#1855,.T.);
#6772=EDGE_CURVE('',#5492,#5493,#2430,.T.);
#6773=EDGE_CURVE('',#5493,#5494,#1856,.T.);
#6774=EDGE_CURVE('',#5494,#5495,#2431,.T.);
#6775=EDGE_CURVE('',#5495,#5496,#2432,.T.);
#6776=EDGE_CURVE('',#5496,#5497,#1857,.T.);
#6777=EDGE_CURVE('',#5498,#5497,#2433,.T.);
#6778=EDGE_CURVE('',#5498,#5499,#1858,.T.);
#6779=EDGE_CURVE('',#5499,#5500,#2434,.T.);
#6780=EDGE_CURVE('',#5500,#5501,#2435,.T.);
#6781=EDGE_CURVE('',#5501,#5502,#2436,.T.);
#6782=EDGE_CURVE('',#5502,#5503,#2437,.T.);
#6783=EDGE_CURVE('',#5504,#5503,#2438,.T.);
#6784=EDGE_CURVE('',#5505,#5504,#2439,.T.);
#6785=EDGE_CURVE('',#5506,#5505,#2440,.T.);
#6786=EDGE_CURVE('',#5507,#5506,#2441,.T.);
#6787=EDGE_CURVE('',#5125,#5507,#2442,.T.);
#6788=EDGE_CURVE('',#5124,#5508,#2443,.T.);
#6789=EDGE_CURVE('',#5508,#5509,#1859,.T.);
#6790=EDGE_CURVE('',#5509,#5510,#2444,.T.);
#6791=EDGE_CURVE('',#5510,#5490,#1860,.T.);
#6792=EDGE_CURVE('',#5511,#5512,#2445,.T.);
#6793=EDGE_CURVE('',#5512,#5513,#1861,.T.);
#6794=EDGE_CURVE('',#5513,#5131,#2446,.T.);
#6795=EDGE_CURVE('',#5130,#5514,#2447,.T.);
#6796=EDGE_CURVE('',#5514,#5515,#2448,.T.);
#6797=EDGE_CURVE('',#5516,#5515,#2449,.T.);
#6798=EDGE_CURVE('',#5517,#5516,#2450,.T.);
#6799=EDGE_CURVE('',#5518,#5517,#2451,.T.);
#6800=EDGE_CURVE('',#5519,#5518,#2452,.T.);
#6801=EDGE_CURVE('',#5520,#5519,#2453,.T.);
#6802=EDGE_CURVE('',#5520,#5521,#2454,.T.);
#6803=EDGE_CURVE('',#5521,#5522,#2455,.T.);
#6804=EDGE_CURVE('',#5522,#5523,#1862,.T.);
#6805=EDGE_CURVE('',#5524,#5523,#2456,.T.);
#6806=EDGE_CURVE('',#5524,#5525,#1863,.T.);
#6807=EDGE_CURVE('',#5525,#5526,#2457,.T.);
#6808=EDGE_CURVE('',#5526,#5527,#2458,.T.);
#6809=EDGE_CURVE('',#5527,#5528,#1864,.T.);
#6810=EDGE_CURVE('',#5528,#5529,#2459,.T.);
#6811=EDGE_CURVE('',#5529,#5530,#1865,.T.);
#6812=EDGE_CURVE('',#5530,#5531,#2460,.T.);
#6813=EDGE_CURVE('',#5531,#5511,#1866,.T.);
#6814=EDGE_CURVE('',#5414,#5532,#2461,.T.);
#6815=EDGE_CURVE('',#5533,#5532,#2462,.T.);
#6816=EDGE_CURVE('',#5415,#5533,#2463,.T.);
#6817=EDGE_CURVE('',#5534,#5535,#2464,.T.);
#6818=EDGE_CURVE('',#5535,#5536,#1867,.T.);
#6819=EDGE_CURVE('',#5536,#5537,#2465,.T.);
#6820=EDGE_CURVE('',#5537,#5538,#1868,.T.);
#6821=EDGE_CURVE('',#5538,#5539,#2466,.T.);
#6822=EDGE_CURVE('',#5539,#5041,#1869,.T.);
#6823=EDGE_CURVE('',#5416,#5040,#2467,.T.);
#6824=EDGE_CURVE('',#5540,#5533,#2468,.T.);
#6825=EDGE_CURVE('',#5476,#5540,#2469,.T.);
#6826=EDGE_CURVE('',#5475,#5332,#2470,.T.);
#6827=EDGE_CURVE('',#5469,#5331,#2471,.T.);
#6828=EDGE_CURVE('',#5468,#5324,#2472,.T.);
#6829=EDGE_CURVE('',#5443,#5323,#2473,.T.);
#6830=EDGE_CURVE('',#5442,#5282,#2474,.T.);
#6831=EDGE_CURVE('',#5451,#5281,#2475,.T.);
#6832=EDGE_CURVE('',#5450,#5541,#2476,.T.);
#6833=EDGE_CURVE('',#5541,#5542,#2477,.T.);
#6834=EDGE_CURVE('',#5421,#5542,#2478,.T.);
#6835=EDGE_CURVE('',#5543,#5422,#2479,.T.);
#6836=EDGE_CURVE('',#5544,#5543,#2480,.T.);
#6837=EDGE_CURVE('',#5544,#5534,#1870,.T.);
#6838=EDGE_CURVE('',#5534,#5545,#2481,.T.);
#6839=EDGE_CURVE('',#5545,#5546,#2482,.T.);
#6840=EDGE_CURVE('',#5546,#5535,#2483,.T.);
#6841=EDGE_CURVE('',#5544,#5547,#2484,.T.);
#6842=EDGE_CURVE('',#5545,#5547,#1871,.T.);
#6843=EDGE_CURVE('',#5148,#5543,#2485,.T.);
#6844=EDGE_CURVE('',#5146,#5133,#2486,.T.);
#6845=EDGE_CURVE('',#5119,#5548,#2487,.T.);
#6846=EDGE_CURVE('',#5549,#5548,#2488,.T.);
#6847=EDGE_CURVE('',#5549,#5550,#2489,.T.);
#6848=EDGE_CURVE('',#5551,#5550,#2490,.T.);
#6849=EDGE_CURVE('',#5551,#5552,#2491,.T.);
#6850=EDGE_CURVE('',#5553,#5552,#2492,.T.);
#6851=EDGE_CURVE('',#5554,#5553,#2493,.T.);
#6852=EDGE_CURVE('',#5555,#5554,#2494,.T.);
#6853=EDGE_CURVE('',#5556,#5555,#1872,.T.);
#6854=EDGE_CURVE('',#5557,#5556,#2495,.T.);
#6855=EDGE_CURVE('',#5557,#5547,#2496,.T.);
#6856=EDGE_CURVE('',#5558,#5558,#1873,.T.);
#6857=EDGE_CURVE('',#5559,#5559,#1874,.T.);
#6858=EDGE_CURVE('',#5560,#5560,#1875,.T.);
#6859=EDGE_CURVE('',#5561,#5561,#1876,.T.);
#6860=EDGE_CURVE('',#5562,#5562,#1877,.T.);
#6861=EDGE_CURVE('',#5048,#5060,#2497,.T.);
#6862=EDGE_CURVE('',#5085,#5558,#2498,.T.);
#6863=EDGE_CURVE('',#5049,#5062,#2499,.T.);
#6864=EDGE_CURVE('',#5083,#5559,#2500,.T.);
#6865=EDGE_CURVE('',#5050,#5057,#2501,.T.);
#6866=EDGE_CURVE('',#5081,#5560,#2502,.T.);
#6867=EDGE_CURVE('',#5024,#5051,#2503,.T.);
#6868=EDGE_CURVE('',#5561,#5110,#2504,.T.);
#6869=EDGE_CURVE('',#5025,#5052,#2505,.T.);
#6870=EDGE_CURVE('',#5562,#5111,#2506,.T.);
#6871=EDGE_CURVE('',#5557,#5101,#2507,.T.);
#6872=EDGE_CURVE('',#5100,#5232,#2508,.T.);
#6873=EDGE_CURVE('',#5231,#5015,#2509,.T.);
#6874=EDGE_CURVE('',#5014,#5043,#2510,.T.);
#6875=EDGE_CURVE('',#5042,#5563,#1878,.T.);
#6876=EDGE_CURVE('',#5564,#5563,#2511,.T.);
#6877=EDGE_CURVE('',#5564,#5565,#1879,.T.);
#6878=EDGE_CURVE('',#5566,#5565,#2512,.T.);
#6879=EDGE_CURVE('',#5566,#5546,#1880,.T.);
#6880=EDGE_CURVE('',#5566,#5536,#2513,.T.);
#6881=EDGE_CURVE('',#5565,#5537,#2514,.T.);
#6882=EDGE_CURVE('',#5564,#5538,#2515,.T.);
#6883=EDGE_CURVE('',#5563,#5539,#2516,.T.);
#6884=EDGE_CURVE('',#5013,#5044,#2517,.T.);
#6885=EDGE_CURVE('',#5556,#5102,#2518,.T.);
#6886=EDGE_CURVE('',#5012,#5045,#2519,.T.);
#6887=EDGE_CURVE('',#5555,#5103,#2520,.T.);
#6888=EDGE_CURVE('',#5011,#5046,#2521,.T.);
#6889=EDGE_CURVE('',#5554,#5104,#2522,.T.);
#6890=EDGE_CURVE('',#5567,#5568,#2523,.T.);
#6891=EDGE_CURVE('',#5567,#5569,#1881,.T.);
#6892=EDGE_CURVE('',#5570,#5569,#2524,.T.);
#6893=EDGE_CURVE('',#5570,#5571,#1882,.T.);
#6894=EDGE_CURVE('',#5572,#5571,#2525,.T.);
#6895=EDGE_CURVE('',#5572,#5030,#1883,.T.);
#6896=EDGE_CURVE('',#5216,#5009,#2526,.T.);
#6897=EDGE_CURVE('',#5105,#5215,#2527,.T.);
#6898=EDGE_CURVE('',#5553,#5568,#1884,.T.);
#6899=EDGE_CURVE('',#5568,#5573,#2528,.T.);
#6900=EDGE_CURVE('',#5574,#5573,#2529,.T.);
#6901=EDGE_CURVE('',#5567,#5574,#2530,.T.);
#6902=EDGE_CURVE('',#5573,#5552,#1885,.T.);
#6903=EDGE_CURVE('',#5551,#5425,#2531,.T.);
#6904=EDGE_CURVE('',#5424,#5575,#2532,.T.);
#6905=EDGE_CURVE('',#5576,#5575,#2533,.T.);
#6906=EDGE_CURVE('',#5435,#5576,#2534,.T.);
#6907=EDGE_CURVE('',#5434,#5268,#2535,.T.);
#6908=EDGE_CURVE('',#5429,#5267,#2536,.T.);
#6909=EDGE_CURVE('',#5428,#5296,#2537,.T.);
#6910=EDGE_CURVE('',#5457,#5295,#2538,.T.);
#6911=EDGE_CURVE('',#5456,#5310,#2539,.T.);
#6912=EDGE_CURVE('',#5461,#5309,#2540,.T.);
#6913=EDGE_CURVE('',#5460,#5577,#2541,.T.);
#6914=EDGE_CURVE('',#5577,#5578,#2542,.T.);
#6915=EDGE_CURVE('',#5418,#5578,#2543,.T.);
#6916=EDGE_CURVE('',#5419,#5031,#2544,.T.);
#6917=EDGE_CURVE('',#5029,#5579,#1886,.T.);
#6918=EDGE_CURVE('',#5579,#5580,#2545,.T.);
#6919=EDGE_CURVE('',#5580,#5581,#1887,.T.);
#6920=EDGE_CURVE('',#5581,#5582,#2546,.T.);
#6921=EDGE_CURVE('',#5582,#5574,#1888,.T.);
#6922=EDGE_CURVE('',#5569,#5582,#2547,.T.);
#6923=EDGE_CURVE('',#5570,#5581,#2548,.T.);
#6924=EDGE_CURVE('',#5571,#5580,#2549,.T.);
#6925=EDGE_CURVE('',#5579,#5572,#2550,.T.);
#6926=EDGE_CURVE('',#5583,#5032,#2551,.T.);
#6927=EDGE_CURVE('',#5417,#5584,#2552,.T.);
#6928=EDGE_CURVE('',#5584,#5585,#2553,.T.);
#6929=EDGE_CURVE('',#5583,#5585,#2554,.T.);
#6930=EDGE_CURVE('',#5145,#5586,#2555,.T.);
#6931=EDGE_CURVE('',#5532,#5586,#2556,.T.);
#6932=EDGE_CURVE('',#5587,#5588,#2557,.T.);
#6933=EDGE_CURVE('',#5587,#5589,#1889,.T.);
#6934=EDGE_CURVE('',#5033,#5589,#2558,.T.);
#6935=EDGE_CURVE('',#5583,#5590,#2559,.T.);
#6936=EDGE_CURVE('',#5590,#5591,#2560,.T.);
#6937=EDGE_CURVE('',#5591,#5592,#2561,.T.);
#6938=EDGE_CURVE('',#5593,#5592,#2562,.T.);
#6939=EDGE_CURVE('',#5594,#5593,#2563,.T.);
#6940=EDGE_CURVE('',#5595,#5594,#2564,.T.);
#6941=EDGE_CURVE('',#5595,#5596,#2565,.T.);
#6942=EDGE_CURVE('',#5596,#5588,#1890,.T.);
#6943=EDGE_CURVE('',#5597,#5598,#2566,.T.);
#6944=EDGE_CURVE('',#5598,#5599,#2567,.T.);
#6945=EDGE_CURVE('',#5600,#5599,#2568,.T.);
#6946=EDGE_CURVE('',#5600,#5601,#2569,.T.);
#6947=EDGE_CURVE('',#5601,#5602,#2570,.T.);
#6948=EDGE_CURVE('',#5603,#5602,#2571,.T.);
#6949=EDGE_CURVE('',#5604,#5603,#2572,.T.);
#6950=EDGE_CURVE('',#5550,#5604,#2573,.T.);
#6951=EDGE_CURVE('',#5605,#5549,#2574,.T.);
#6952=EDGE_CURVE('',#5605,#5606,#1891,.T.);
#6953=EDGE_CURVE('',#5606,#5607,#2575,.T.);
#6954=EDGE_CURVE('',#5607,#5597,#1892,.T.);
#6955=EDGE_CURVE('',#5587,#5608,#2576,.T.);
#6956=EDGE_CURVE('',#5609,#5588,#2577,.T.);
#6957=EDGE_CURVE('',#5608,#5609,#2578,.T.);
#6958=EDGE_CURVE('',#5610,#5608,#1893,.T.);
#6959=EDGE_CURVE('',#5589,#5610,#2579,.T.);
#6960=EDGE_CURVE('',#5034,#5610,#2580,.T.);
#6961=EDGE_CURVE('',#5611,#5501,#2581,.T.);
#6962=EDGE_CURVE('',#5217,#5500,#2582,.T.);
#6963=EDGE_CURVE('',#5217,#5010,#2583,.T.);
#6964=EDGE_CURVE('',#5609,#5611,#1894,.T.);
#6965=EDGE_CURVE('',#5612,#5613,#2584,.T.);
#6966=EDGE_CURVE('',#5612,#5614,#1895,.T.);
#6967=EDGE_CURVE('',#5614,#5548,#2585,.T.);
#6968=EDGE_CURVE('',#5106,#5214,#2586,.T.);
#6969=EDGE_CURVE('',#5214,#5521,#2587,.T.);
#6970=EDGE_CURVE('',#5615,#5520,#2588,.T.);
#6971=EDGE_CURVE('',#5615,#5613,#1896,.T.);
#6972=EDGE_CURVE('',#5502,#5168,#2589,.T.);
#6973=EDGE_CURVE('',#5611,#5169,#32,.T.);
#6974=EDGE_CURVE('',#5170,#5596,#33,.T.);
#6975=EDGE_CURVE('',#5616,#5595,#2590,.T.);
#6976=EDGE_CURVE('',#5458,#5616,#2591,.T.);
#6977=EDGE_CURVE('',#5616,#5617,#2592,.T.);
#6978=EDGE_CURVE('',#5459,#5617,#2593,.T.);
#6979=EDGE_CURVE('',#5617,#5577,#2594,.T.);
#6980=EDGE_CURVE('',#5618,#5594,#2595,.T.);
#6981=EDGE_CURVE('',#5619,#5618,#2596,.T.);
#6982=EDGE_CURVE('',#5620,#5619,#2597,.T.);
#6983=EDGE_CURVE('',#5621,#5620,#2598,.T.);
#6984=EDGE_CURVE('',#5591,#5621,#2599,.T.);
#6985=EDGE_CURVE('',#5585,#5590,#2600,.T.);
#6986=EDGE_CURVE('',#5578,#5584,#2601,.T.);
#6987=EDGE_CURVE('',#5621,#5622,#2602,.T.);
#6988=EDGE_CURVE('',#5592,#5622,#2603,.T.);
#6989=EDGE_CURVE('',#5623,#5624,#2604,.T.);
#6990=EDGE_CURVE('',#5624,#5593,#2605,.T.);
#6991=EDGE_CURVE('',#5622,#5625,#2606,.T.);
#6992=EDGE_CURVE('',#5625,#5623,#2607,.T.);
#6993=EDGE_CURVE('',#5626,#5626,#1897,.T.);
#6994=EDGE_CURVE('',#5618,#5624,#2608,.T.);
#6995=EDGE_CURVE('',#5623,#5619,#2609,.T.);
#6996=EDGE_CURVE('',#5620,#5625,#2610,.T.);
#6997=EDGE_CURVE('',#5626,#5245,#2611,.T.);
#6998=EDGE_CURVE('',#5478,#5176,#2612,.T.);
#6999=EDGE_CURVE('',#5519,#5175,#2613,.T.);
#7000=EDGE_CURVE('',#5518,#5344,#2614,.T.);
#7001=EDGE_CURVE('',#5480,#5343,#2615,.T.);
#7002=EDGE_CURVE('',#5488,#5167,#2616,.T.);
#7003=EDGE_CURVE('',#5489,#5362,#2617,.T.);
#7004=EDGE_CURVE('',#5503,#5361,#2618,.T.);
#7005=EDGE_CURVE('',#5342,#5627,#2619,.T.);
#7006=EDGE_CURVE('',#5628,#5627,#2620,.T.);
#7007=EDGE_CURVE('',#5628,#5350,#2621,.T.);
#7008=EDGE_CURVE('',#5481,#5349,#2622,.T.);
#7009=EDGE_CURVE('',#5482,#5177,#2623,.T.);
#7010=EDGE_CURVE('',#5479,#5341,#2624,.T.);
#7011=EDGE_CURVE('',#5629,#5354,#2625,.T.);
#7012=EDGE_CURVE('',#5627,#5629,#2626,.T.);
#7013=EDGE_CURVE('',#5629,#5630,#2627,.T.);
#7014=EDGE_CURVE('',#5630,#5631,#2628,.T.);
#7015=EDGE_CURVE('',#5631,#5632,#2629,.T.);
#7016=EDGE_CURVE('',#5632,#5628,#2630,.T.);
#7017=EDGE_CURVE('',#5633,#5633,#1898,.T.);
#7018=EDGE_CURVE('',#5632,#5351,#2631,.T.);
#7019=EDGE_CURVE('',#5631,#5352,#2632,.T.);
#7020=EDGE_CURVE('',#5630,#5353,#2633,.T.);
#7021=EDGE_CURVE('',#5633,#5239,#2634,.T.);
#7022=EDGE_CURVE('',#5483,#5348,#2635,.T.);
#7023=EDGE_CURVE('',#5515,#5347,#2636,.T.);
#7024=EDGE_CURVE('',#5514,#5178,#2637,.T.);
#7025=EDGE_CURVE('',#5484,#5166,#2638,.T.);
#7026=EDGE_CURVE('',#5507,#5165,#2639,.T.);
#7027=EDGE_CURVE('',#5506,#5358,#2640,.T.);
#7028=EDGE_CURVE('',#5486,#5357,#2641,.T.);
#7029=EDGE_CURVE('',#5129,#5179,#34,.T.);
#7030=EDGE_CURVE('',#5128,#5157,#2642,.T.);
#7031=EDGE_CURVE('',#5180,#5156,#35,.T.);
#7032=EDGE_CURVE('',#5158,#5127,#2643,.T.);
#7033=EDGE_CURVE('',#5147,#5134,#2644,.T.);
#7034=EDGE_CURVE('',#5634,#5155,#2645,.T.);
#7035=EDGE_CURVE('',#5448,#5634,#2646,.T.);
#7036=EDGE_CURVE('',#5447,#5181,#2647,.T.);
#7037=EDGE_CURVE('',#5446,#5278,#2648,.T.);
#7038=EDGE_CURVE('',#5439,#5277,#2649,.T.);
#7039=EDGE_CURVE('',#5438,#5320,#2650,.T.);
#7040=EDGE_CURVE('',#5464,#5319,#2651,.T.);
#7041=EDGE_CURVE('',#5465,#5327,#2652,.T.);
#7042=EDGE_CURVE('',#5472,#5328,#2653,.T.);
#7043=EDGE_CURVE('',#5473,#5334,#2654,.T.);
#7044=EDGE_CURVE('',#5474,#5333,#2655,.T.);
#7045=EDGE_CURVE('',#5471,#5329,#2656,.T.);
#7046=EDGE_CURVE('',#5470,#5330,#2657,.T.);
#7047=EDGE_CURVE('',#5466,#5326,#2658,.T.);
#7048=EDGE_CURVE('',#5467,#5325,#2659,.T.);
#7049=EDGE_CURVE('',#5445,#5321,#2660,.T.);
#7050=EDGE_CURVE('',#5444,#5322,#2661,.T.);
#7051=EDGE_CURVE('',#5440,#5284,#2662,.T.);
#7052=EDGE_CURVE('',#5441,#5283,#2663,.T.);
#7053=EDGE_CURVE('',#5453,#5279,#2664,.T.);
#7054=EDGE_CURVE('',#5452,#5280,#2665,.T.);
#7055=EDGE_CURVE('',#5634,#5635,#2666,.T.);
#7056=EDGE_CURVE('',#5449,#5635,#2667,.T.);
#7057=EDGE_CURVE('',#5635,#5541,#2668,.T.);
#7058=EDGE_CURVE('',#5636,#5154,#2669,.T.);
#7059=EDGE_CURVE('',#5637,#5636,#2670,.T.);
#7060=EDGE_CURVE('',#5638,#5637,#2671,.T.);
#7061=EDGE_CURVE('',#5639,#5638,#2672,.T.);
#7062=EDGE_CURVE('',#5151,#5639,#2673,.T.);
#7063=EDGE_CURVE('',#5640,#5150,#2674,.T.);
#7064=EDGE_CURVE('',#5641,#5640,#2675,.T.);
#7065=EDGE_CURVE('',#5542,#5641,#2676,.T.);
#7066=EDGE_CURVE('',#5420,#5641,#2677,.T.);
#7067=EDGE_CURVE('',#5604,#5642,#2678,.T.);
#7068=EDGE_CURVE('',#5643,#5642,#2679,.T.);
#7069=EDGE_CURVE('',#5423,#5643,#2680,.T.);
#7070=EDGE_CURVE('',#5149,#5640,#2681,.T.);
#7071=EDGE_CURVE('',#5575,#5643,#2682,.T.);
#7072=EDGE_CURVE('',#5644,#5598,#2683,.T.);
#7073=EDGE_CURVE('',#5644,#5645,#2684,.T.);
#7074=EDGE_CURVE('',#5645,#5576,#2685,.T.);
#7075=EDGE_CURVE('',#5642,#5603,#2686,.T.);
#7076=EDGE_CURVE('',#5602,#5646,#2687,.T.);
#7077=EDGE_CURVE('',#5646,#5647,#2688,.T.);
#7078=EDGE_CURVE('',#5647,#5648,#2689,.T.);
#7079=EDGE_CURVE('',#5648,#5649,#2690,.T.);
#7080=EDGE_CURVE('',#5649,#5599,#2691,.T.);
#7081=EDGE_CURVE('',#5437,#5644,#2692,.T.);
#7082=EDGE_CURVE('',#5597,#5173,#36,.T.);
#7083=EDGE_CURVE('',#5607,#5613,#2693,.T.);
#7084=EDGE_CURVE('',#5174,#5615,#37,.T.);
#7085=EDGE_CURVE('',#5612,#5606,#2694,.T.);
#7086=EDGE_CURVE('',#5614,#5605,#2695,.T.);
#7087=EDGE_CURVE('',#5436,#5645,#2696,.T.);
#7088=EDGE_CURVE('',#5650,#5649,#2697,.T.);
#7089=EDGE_CURVE('',#5650,#5600,#2698,.T.);
#7090=EDGE_CURVE('',#5651,#5650,#2699,.T.);
#7091=EDGE_CURVE('',#5652,#5651,#2700,.T.);
#7092=EDGE_CURVE('',#5653,#5652,#2701,.T.);
#7093=EDGE_CURVE('',#5601,#5653,#2702,.T.);
#7094=EDGE_CURVE('',#5654,#5654,#1899,.T.);
#7095=EDGE_CURVE('',#5648,#5651,#2703,.T.);
#7096=EDGE_CURVE('',#5652,#5647,#2704,.T.);
#7097=EDGE_CURVE('',#5653,#5646,#2705,.T.);
#7098=EDGE_CURVE('',#5654,#5246,#2706,.T.);
#7099=EDGE_CURVE('',#5639,#5655,#2707,.T.);
#7100=EDGE_CURVE('',#5152,#5655,#2708,.T.);
#7101=EDGE_CURVE('',#5656,#5657,#2709,.T.);
#7102=EDGE_CURVE('',#5657,#5153,#2710,.T.);
#7103=EDGE_CURVE('',#5655,#5658,#2711,.T.);
#7104=EDGE_CURVE('',#5658,#5656,#2712,.T.);
#7105=EDGE_CURVE('',#5659,#5659,#1900,.T.);
#7106=EDGE_CURVE('',#5636,#5657,#2713,.T.);
#7107=EDGE_CURVE('',#5656,#5637,#2714,.T.);
#7108=EDGE_CURVE('',#5638,#5658,#2715,.T.);
#7109=EDGE_CURVE('',#5659,#5247,#2716,.T.);
#7110=EDGE_CURVE('',#5516,#5346,#2717,.T.);
#7111=EDGE_CURVE('',#5517,#5345,#2718,.T.);
#7112=EDGE_CURVE('',#5660,#5356,#2719,.T.);
#7113=EDGE_CURVE('',#5661,#5660,#2720,.T.);
#7114=EDGE_CURVE('',#5661,#5364,#2721,.T.);
#7115=EDGE_CURVE('',#5487,#5363,#2722,.T.);
#7116=EDGE_CURVE('',#5485,#5355,#2723,.T.);
#7117=EDGE_CURVE('',#5662,#5368,#2724,.T.);
#7118=EDGE_CURVE('',#5660,#5662,#2725,.T.);
#7119=EDGE_CURVE('',#5663,#5664,#2726,.T.);
#7120=EDGE_CURVE('',#5664,#5661,#2727,.T.);
#7121=EDGE_CURVE('',#5662,#5665,#2728,.T.);
#7122=EDGE_CURVE('',#5665,#5663,#2729,.T.);
#7123=EDGE_CURVE('',#5666,#5666,#1901,.T.);
#7124=EDGE_CURVE('',#5664,#5365,#2730,.T.);
#7125=EDGE_CURVE('',#5366,#5663,#2731,.T.);
#7126=EDGE_CURVE('',#5665,#5367,#2732,.T.);
#7127=EDGE_CURVE('',#5666,#5237,#2733,.T.);
#7128=EDGE_CURVE('',#5505,#5359,#2734,.T.);
#7129=EDGE_CURVE('',#5504,#5360,#2735,.T.);
#7130=EDGE_CURVE('',#5164,#5126,#38,.T.);
#7131=EDGE_CURVE('',#5499,#5218,#2736,.T.);
#7132=EDGE_CURVE('',#5230,#5508,#2737,.T.);
#7133=EDGE_CURVE('',#5498,#5219,#2738,.T.);
#7134=EDGE_CURVE('',#5220,#5497,#2739,.T.);
#7135=EDGE_CURVE('',#5221,#5496,#2740,.T.);
#7136=EDGE_CURVE('',#5495,#5222,#2741,.T.);
#7137=EDGE_CURVE('',#5223,#5494,#2742,.T.);
#7138=EDGE_CURVE('',#5224,#5493,#2743,.T.);
#7139=EDGE_CURVE('',#5225,#5492,#2744,.T.);
#7140=EDGE_CURVE('',#5226,#5491,#2745,.T.);
#7141=EDGE_CURVE('',#5227,#5490,#2746,.T.);
#7142=EDGE_CURVE('',#5228,#5510,#2747,.T.);
#7143=EDGE_CURVE('',#5229,#5509,#2748,.T.);
#7144=EDGE_CURVE('',#5213,#5522,#2749,.T.);
#7145=EDGE_CURVE('',#5513,#5233,#2750,.T.);
#7146=EDGE_CURVE('',#5212,#5523,#2751,.T.);
#7147=EDGE_CURVE('',#5211,#5524,#2752,.T.);
#7148=EDGE_CURVE('',#5210,#5525,#2753,.T.);
#7149=EDGE_CURVE('',#5526,#5209,#2754,.T.);
#7150=EDGE_CURVE('',#5208,#5527,#2755,.T.);
#7151=EDGE_CURVE('',#5207,#5528,#2756,.T.);
#7152=EDGE_CURVE('',#5206,#5529,#2757,.T.);
#7153=EDGE_CURVE('',#5204,#5530,#2758,.T.);
#7154=EDGE_CURVE('',#5205,#5531,#2759,.T.);
#7155=EDGE_CURVE('',#5235,#5511,#2760,.T.);
#7156=EDGE_CURVE('',#5512,#5234,#2761,.T.);
#7157=EDGE_CURVE('',#5163,#5667,#2762,.T.);
#7158=EDGE_CURVE('',#5667,#5540,#2763,.T.);
#7159=EDGE_CURVE('',#5586,#5144,#2764,.T.);
#7160=EDGE_CURVE('',#5143,#5668,#2765,.T.);
#7161=EDGE_CURVE('',#5668,#5669,#2766,.T.);
#7162=EDGE_CURVE('',#5669,#5670,#2767,.T.);
#7163=EDGE_CURVE('',#5670,#5671,#2768,.T.);
#7164=EDGE_CURVE('',#5671,#5140,#2769,.T.);
#7165=EDGE_CURVE('',#5672,#5671,#2770,.T.);
#7166=EDGE_CURVE('',#5672,#5141,#2771,.T.);
#7167=EDGE_CURVE('',#5673,#5672,#2772,.T.);
#7168=EDGE_CURVE('',#5674,#5673,#2773,.T.);
#7169=EDGE_CURVE('',#5675,#5674,#2774,.T.);
#7170=EDGE_CURVE('',#5142,#5675,#2775,.T.);
#7171=EDGE_CURVE('',#5676,#5676,#1902,.T.);
#7172=EDGE_CURVE('',#5670,#5673,#2776,.T.);
#7173=EDGE_CURVE('',#5674,#5669,#2777,.T.);
#7174=EDGE_CURVE('',#5675,#5668,#2778,.T.);
#7175=EDGE_CURVE('',#5676,#5244,#2779,.T.);
#7176=EDGE_CURVE('',#5477,#5667,#2780,.T.);
#7177=EDGE_CURVE('',#5462,#5308,#2781,.T.);
#7178=EDGE_CURVE('',#5463,#5307,#2782,.T.);
#7179=EDGE_CURVE('',#5455,#5311,#2783,.T.);
#7180=EDGE_CURVE('',#5454,#5312,#2784,.T.);
#7181=EDGE_CURVE('',#5427,#5297,#2785,.T.);
#7182=EDGE_CURVE('',#5426,#5298,#2786,.T.);
#7183=EDGE_CURVE('',#5430,#5266,#2787,.T.);
#7184=EDGE_CURVE('',#5431,#5265,#2788,.T.);
#7185=EDGE_CURVE('',#5433,#5269,#2789,.T.);
#7186=EDGE_CURVE('',#5432,#5270,#2790,.T.);
#7187=EDGE_CURVE('',#5201,#5202,#1903,.T.);
#7188=EDGE_CURVE('',#5192,#5193,#1904,.T.);
#7189=EDGE_CURVE('',#5184,#5249,#2791,.T.);
#7190=EDGE_CURVE('',#5185,#5248,#2792,.T.);
#7191=EDGE_CURVE('',#5677,#5678,#2793,.T.);
#7192=EDGE_CURVE('',#5679,#5678,#2794,.T.);
#7193=EDGE_CURVE('',#5680,#5679,#2795,.T.);
#7194=EDGE_CURVE('',#5681,#5680,#2796,.T.);
#7195=EDGE_CURVE('',#5682,#5681,#2797,.T.);
#7196=EDGE_CURVE('',#5682,#5683,#2798,.T.);
#7197=EDGE_CURVE('',#5684,#5683,#2799,.T.);
#7198=EDGE_CURVE('',#5685,#5684,#2800,.T.);
#7199=EDGE_CURVE('',#5686,#5685,#2801,.T.);
#7200=EDGE_CURVE('',#5687,#5686,#2802,.T.);
#7201=EDGE_CURVE('',#5688,#5687,#2803,.T.);
#7202=EDGE_CURVE('',#5688,#5677,#2804,.T.);
#7203=EDGE_CURVE('',#5689,#5689,#1905,.T.);
#7204=EDGE_CURVE('',#5690,#5690,#1906,.T.);
#7205=EDGE_CURVE('',#5691,#5691,#1907,.T.);
#7206=EDGE_CURVE('',#5692,#5692,#1908,.T.);
#7207=EDGE_CURVE('',#5693,#5693,#1909,.T.);
#7208=EDGE_CURVE('',#5694,#5694,#1910,.T.);
#7209=EDGE_CURVE('',#5695,#5695,#1911,.T.);
#7210=EDGE_CURVE('',#5696,#5696,#1912,.T.);
#7211=EDGE_CURVE('',#5697,#5698,#2805,.T.);
#7212=EDGE_CURVE('',#5698,#5699,#2806,.T.);
#7213=EDGE_CURVE('',#5700,#5699,#1913,.T.);
#7214=EDGE_CURVE('',#5700,#5701,#2807,.T.);
#7215=EDGE_CURVE('',#5701,#5702,#2808,.T.);
#7216=EDGE_CURVE('',#5702,#5703,#2809,.T.);
#7217=EDGE_CURVE('',#5704,#5703,#1914,.T.);
#7218=EDGE_CURVE('',#5704,#5697,#2810,.T.);
#7219=EDGE_CURVE('',#5705,#5705,#1915,.T.);
#7220=EDGE_CURVE('',#5705,#5689,#2811,.T.);
#7221=EDGE_CURVE('',#5706,#5707,#2812,.T.);
#7222=EDGE_CURVE('',#5707,#5708,#2813,.T.);
#7223=EDGE_CURVE('',#5708,#5709,#2814,.T.);
#7224=EDGE_CURVE('',#5709,#5710,#2815,.T.);
#7225=EDGE_CURVE('',#5710,#5711,#2816,.T.);
#7226=EDGE_CURVE('',#5711,#5706,#2817,.T.);
#7227=EDGE_CURVE('',#5707,#5712,#2818,.T.);
#7228=EDGE_CURVE('',#5713,#5706,#2819,.T.);
#7229=EDGE_CURVE('',#5712,#5713,#2820,.T.);
#7230=EDGE_CURVE('',#5708,#5714,#2821,.T.);
#7231=EDGE_CURVE('',#5714,#5712,#2822,.T.);
#7232=EDGE_CURVE('',#5709,#5715,#2823,.T.);
#7233=EDGE_CURVE('',#5715,#5714,#2824,.T.);
#7234=EDGE_CURVE('',#5710,#5716,#2825,.T.);
#7235=EDGE_CURVE('',#5716,#5715,#2826,.T.);
#7236=EDGE_CURVE('',#5711,#5717,#2827,.T.);
#7237=EDGE_CURVE('',#5717,#5716,#2828,.T.);
#7238=EDGE_CURVE('',#5713,#5717,#2829,.T.);
#7239=EDGE_CURVE('',#5718,#5719,#2830,.T.);
#7240=EDGE_CURVE('',#5718,#5720,#2831,.T.);
#7241=EDGE_CURVE('',#5720,#5721,#2832,.T.);
#7242=EDGE_CURVE('',#5721,#5722,#2833,.T.);
#7243=EDGE_CURVE('',#5722,#5723,#2834,.T.);
#7244=EDGE_CURVE('',#5723,#5724,#2835,.T.);
#7245=EDGE_CURVE('',#5724,#5725,#2836,.T.);
#7246=EDGE_CURVE('',#5725,#5719,#2837,.T.);
#7247=EDGE_CURVE('',#5726,#5727,#2838,.T.);
#7248=EDGE_CURVE('',#5727,#5728,#2839,.T.);
#7249=EDGE_CURVE('',#5728,#5729,#2840,.T.);
#7250=EDGE_CURVE('',#5729,#5730,#2841,.T.);
#7251=EDGE_CURVE('',#5730,#5731,#2842,.T.);
#7252=EDGE_CURVE('',#5731,#5726,#2843,.T.);
#7253=EDGE_CURVE('',#5732,#5733,#2844,.T.);
#7254=EDGE_CURVE('',#5732,#5734,#2845,.T.);
#7255=EDGE_CURVE('',#5734,#5735,#2846,.T.);
#7256=EDGE_CURVE('',#5735,#5736,#2847,.T.);
#7257=EDGE_CURVE('',#5736,#5737,#2848,.T.);
#7258=EDGE_CURVE('',#5737,#5738,#2849,.T.);
#7259=EDGE_CURVE('',#5738,#5739,#2850,.T.);
#7260=EDGE_CURVE('',#5739,#5733,#2851,.T.);
#7261=EDGE_CURVE('',#5740,#5741,#2852,.T.);
#7262=EDGE_CURVE('',#5741,#5742,#2853,.T.);
#7263=EDGE_CURVE('',#5742,#5743,#2854,.T.);
#7264=EDGE_CURVE('',#5743,#5744,#2855,.T.);
#7265=EDGE_CURVE('',#5744,#5745,#2856,.T.);
#7266=EDGE_CURVE('',#5745,#5740,#2857,.T.);
#7267=EDGE_CURVE('',#5746,#5747,#2858,.T.);
#7268=EDGE_CURVE('',#5746,#5748,#2859,.T.);
#7269=EDGE_CURVE('',#5748,#5749,#2860,.T.);
#7270=EDGE_CURVE('',#5749,#5750,#2861,.T.);
#7271=EDGE_CURVE('',#5750,#5751,#2862,.T.);
#7272=EDGE_CURVE('',#5751,#5752,#2863,.T.);
#7273=EDGE_CURVE('',#5752,#5753,#2864,.T.);
#7274=EDGE_CURVE('',#5753,#5747,#2865,.T.);
#7275=EDGE_CURVE('',#5754,#5755,#2866,.T.);
#7276=EDGE_CURVE('',#5755,#5756,#2867,.T.);
#7277=EDGE_CURVE('',#5756,#5757,#2868,.T.);
#7278=EDGE_CURVE('',#5757,#5758,#2869,.T.);
#7279=EDGE_CURVE('',#5758,#5759,#2870,.T.);
#7280=EDGE_CURVE('',#5759,#5754,#2871,.T.);
#7281=EDGE_CURVE('',#5760,#5761,#2872,.T.);
#7282=EDGE_CURVE('',#5761,#5762,#2873,.T.);
#7283=EDGE_CURVE('',#5762,#5763,#2874,.T.);
#7284=EDGE_CURVE('',#5763,#5764,#2875,.T.);
#7285=EDGE_CURVE('',#5765,#5764,#2876,.T.);
#7286=EDGE_CURVE('',#5765,#5766,#2877,.T.);
#7287=EDGE_CURVE('',#5766,#5767,#2878,.T.);
#7288=EDGE_CURVE('',#5767,#5760,#2879,.T.);
#7289=EDGE_CURVE('',#5768,#5769,#2880,.T.);
#7290=EDGE_CURVE('',#5769,#5770,#2881,.T.);
#7291=EDGE_CURVE('',#5770,#5771,#2882,.T.);
#7292=EDGE_CURVE('',#5771,#5772,#2883,.T.);
#7293=EDGE_CURVE('',#5772,#5773,#2884,.T.);
#7294=EDGE_CURVE('',#5773,#5768,#2885,.T.);
#7295=EDGE_CURVE('',#5774,#5775,#2886,.T.);
#7296=EDGE_CURVE('',#5775,#5776,#2887,.T.);
#7297=EDGE_CURVE('',#5776,#5777,#2888,.T.);
#7298=EDGE_CURVE('',#5777,#5778,#2889,.T.);
#7299=EDGE_CURVE('',#5779,#5778,#2890,.T.);
#7300=EDGE_CURVE('',#5779,#5780,#2891,.T.);
#7301=EDGE_CURVE('',#5780,#5781,#2892,.T.);
#7302=EDGE_CURVE('',#5781,#5774,#2893,.T.);
#7303=EDGE_CURVE('',#5782,#5783,#2894,.T.);
#7304=EDGE_CURVE('',#5783,#5784,#2895,.T.);
#7305=EDGE_CURVE('',#5784,#5785,#2896,.T.);
#7306=EDGE_CURVE('',#5785,#5786,#2897,.T.);
#7307=EDGE_CURVE('',#5787,#5786,#2898,.T.);
#7308=EDGE_CURVE('',#5787,#5788,#2899,.T.);
#7309=EDGE_CURVE('',#5788,#5789,#2900,.T.);
#7310=EDGE_CURVE('',#5789,#5782,#2901,.T.);
#7311=EDGE_CURVE('',#5790,#5791,#2902,.T.);
#7312=EDGE_CURVE('',#5791,#5792,#2903,.T.);
#7313=EDGE_CURVE('',#5792,#5793,#2904,.T.);
#7314=EDGE_CURVE('',#5793,#5794,#2905,.T.);
#7315=EDGE_CURVE('',#5794,#5795,#2906,.T.);
#7316=EDGE_CURVE('',#5795,#5790,#2907,.T.);
#7317=EDGE_CURVE('',#5796,#5797,#2908,.T.);
#7318=EDGE_CURVE('',#5796,#5798,#2909,.T.);
#7319=EDGE_CURVE('',#5798,#5799,#2910,.T.);
#7320=EDGE_CURVE('',#5799,#5800,#2911,.T.);
#7321=EDGE_CURVE('',#5800,#5801,#2912,.T.);
#7322=EDGE_CURVE('',#5801,#5802,#2913,.T.);
#7323=EDGE_CURVE('',#5803,#5802,#2914,.T.);
#7324=EDGE_CURVE('',#5803,#5804,#2915,.T.);
#7325=EDGE_CURVE('',#5805,#5804,#2916,.T.);
#7326=EDGE_CURVE('',#5805,#5806,#2917,.T.);
#7327=EDGE_CURVE('',#5806,#5807,#2918,.T.);
#7328=EDGE_CURVE('',#5807,#5808,#2919,.T.);
#7329=EDGE_CURVE('',#5808,#5809,#2920,.T.);
#7330=EDGE_CURVE('',#5809,#5797,#2921,.T.);
#7331=EDGE_CURVE('',#5810,#5811,#2922,.T.);
#7332=EDGE_CURVE('',#5810,#5812,#2923,.T.);
#7333=EDGE_CURVE('',#5813,#5812,#2924,.T.);
#7334=EDGE_CURVE('',#5813,#5814,#2925,.T.);
#7335=EDGE_CURVE('',#5814,#5815,#2926,.T.);
#7336=EDGE_CURVE('',#5815,#5816,#2927,.T.);
#7337=EDGE_CURVE('',#5816,#5817,#2928,.T.);
#7338=EDGE_CURVE('',#5817,#5818,#2929,.T.);
#7339=EDGE_CURVE('',#5819,#5818,#2930,.T.);
#7340=EDGE_CURVE('',#5819,#5820,#2931,.T.);
#7341=EDGE_CURVE('',#5820,#5821,#2932,.T.);
#7342=EDGE_CURVE('',#5821,#5822,#2933,.T.);
#7343=EDGE_CURVE('',#5822,#5823,#2934,.T.);
#7344=EDGE_CURVE('',#5823,#5811,#2935,.T.);
#7345=EDGE_CURVE('',#5768,#5824,#2936,.T.);
#7346=EDGE_CURVE('',#5825,#5824,#2937,.T.);
#7347=EDGE_CURVE('',#5825,#5769,#2938,.T.);
#7348=EDGE_CURVE('',#5826,#5773,#2939,.T.);
#7349=EDGE_CURVE('',#5824,#5826,#2940,.T.);
#7350=EDGE_CURVE('',#5827,#5772,#2941,.T.);
#7351=EDGE_CURVE('',#5826,#5827,#2942,.T.);
#7352=EDGE_CURVE('',#5828,#5771,#2943,.T.);
#7353=EDGE_CURVE('',#5827,#5828,#2944,.T.);
#7354=EDGE_CURVE('',#5829,#5770,#2945,.T.);
#7355=EDGE_CURVE('',#5828,#5829,#2946,.T.);
#7356=EDGE_CURVE('',#5829,#5825,#2947,.T.);
#7357=EDGE_CURVE('',#5830,#5830,#1916,.T.);
#7358=EDGE_CURVE('',#5830,#5691,#2948,.T.);
#7359=EDGE_CURVE('',#5790,#5831,#2949,.T.);
#7360=EDGE_CURVE('',#5832,#5831,#2950,.T.);
#7361=EDGE_CURVE('',#5832,#5791,#2951,.T.);
#7362=EDGE_CURVE('',#5833,#5795,#2952,.T.);
#7363=EDGE_CURVE('',#5831,#5833,#2953,.T.);
#7364=EDGE_CURVE('',#5834,#5794,#2954,.T.);
#7365=EDGE_CURVE('',#5833,#5834,#2955,.T.);
#7366=EDGE_CURVE('',#5835,#5793,#2956,.T.);
#7367=EDGE_CURVE('',#5834,#5835,#2957,.T.);
#7368=EDGE_CURVE('',#5836,#5792,#2958,.T.);
#7369=EDGE_CURVE('',#5835,#5836,#2959,.T.);
#7370=EDGE_CURVE('',#5836,#5832,#2960,.T.);
#7371=EDGE_CURVE('',#5837,#5837,#1917,.T.);
#7372=EDGE_CURVE('',#5837,#5690,#2961,.T.);
#7373=EDGE_CURVE('',#5740,#5838,#2962,.T.);
#7374=EDGE_CURVE('',#5839,#5838,#2963,.T.);
#7375=EDGE_CURVE('',#5839,#5741,#2964,.T.);
#7376=EDGE_CURVE('',#5840,#5745,#2965,.T.);
#7377=EDGE_CURVE('',#5838,#5840,#2966,.T.);
#7378=EDGE_CURVE('',#5841,#5744,#2967,.T.);
#7379=EDGE_CURVE('',#5840,#5841,#2968,.T.);
#7380=EDGE_CURVE('',#5842,#5743,#2969,.T.);
#7381=EDGE_CURVE('',#5841,#5842,#2970,.T.);
#7382=EDGE_CURVE('',#5843,#5742,#2971,.T.);
#7383=EDGE_CURVE('',#5842,#5843,#2972,.T.);
#7384=EDGE_CURVE('',#5843,#5839,#2973,.T.);
#7385=EDGE_CURVE('',#5844,#5844,#1918,.T.);
#7386=EDGE_CURVE('',#5844,#5694,#2974,.T.);
#7387=EDGE_CURVE('',#5726,#5845,#2975,.T.);
#7388=EDGE_CURVE('',#5846,#5845,#2976,.T.);
#7389=EDGE_CURVE('',#5846,#5727,#2977,.T.);
#7390=EDGE_CURVE('',#5847,#5731,#2978,.T.);
#7391=EDGE_CURVE('',#5845,#5847,#2979,.T.);
#7392=EDGE_CURVE('',#5848,#5730,#2980,.T.);
#7393=EDGE_CURVE('',#5847,#5848,#2981,.T.);
#7394=EDGE_CURVE('',#5849,#5729,#2982,.T.);
#7395=EDGE_CURVE('',#5848,#5849,#2983,.T.);
#7396=EDGE_CURVE('',#5850,#5728,#2984,.T.);
#7397=EDGE_CURVE('',#5849,#5850,#2985,.T.);
#7398=EDGE_CURVE('',#5850,#5846,#2986,.T.);
#7399=EDGE_CURVE('',#5851,#5851,#1919,.T.);
#7400=EDGE_CURVE('',#5851,#5693,#2987,.T.);
#7401=EDGE_CURVE('',#5754,#5852,#2988,.T.);
#7402=EDGE_CURVE('',#5853,#5852,#2989,.T.);
#7403=EDGE_CURVE('',#5853,#5755,#2990,.T.);
#7404=EDGE_CURVE('',#5854,#5759,#2991,.T.);
#7405=EDGE_CURVE('',#5852,#5854,#2992,.T.);
#7406=EDGE_CURVE('',#5855,#5758,#2993,.T.);
#7407=EDGE_CURVE('',#5854,#5855,#2994,.T.);
#7408=EDGE_CURVE('',#5856,#5757,#2995,.T.);
#7409=EDGE_CURVE('',#5855,#5856,#2996,.T.);
#7410=EDGE_CURVE('',#5857,#5756,#2997,.T.);
#7411=EDGE_CURVE('',#5856,#5857,#2998,.T.);
#7412=EDGE_CURVE('',#5857,#5853,#2999,.T.);
#7413=EDGE_CURVE('',#5858,#5858,#1920,.T.);
#7414=EDGE_CURVE('',#5858,#5695,#3000,.T.);
#7415=EDGE_CURVE('',#5859,#5860,#3001,.T.);
#7416=EDGE_CURVE('',#5859,#5861,#3002,.T.);
#7417=EDGE_CURVE('',#5861,#5862,#3003,.T.);
#7418=EDGE_CURVE('',#5862,#5863,#3004,.T.);
#7419=EDGE_CURVE('',#5863,#5864,#3005,.T.);
#7420=EDGE_CURVE('',#5864,#5865,#3006,.T.);
#7421=EDGE_CURVE('',#5866,#5865,#3007,.T.);
#7422=EDGE_CURVE('',#5866,#5867,#3008,.T.);
#7423=EDGE_CURVE('',#5868,#5867,#3009,.T.);
#7424=EDGE_CURVE('',#5868,#5718,#3010,.T.);
#7425=EDGE_CURVE('',#5869,#5719,#3011,.T.);
#7426=EDGE_CURVE('',#5870,#5869,#3012,.T.);
#7427=EDGE_CURVE('',#5870,#5732,#3013,.T.);
#7428=EDGE_CURVE('',#5871,#5733,#3014,.T.);
#7429=EDGE_CURVE('',#5872,#5871,#3015,.T.);
#7430=EDGE_CURVE('',#5872,#5746,#3016,.T.);
#7431=EDGE_CURVE('',#5860,#5747,#3017,.T.);
#7432=EDGE_CURVE('',#5873,#5860,#3018,.T.);
#7433=EDGE_CURVE('',#5874,#5873,#3019,.T.);
#7434=EDGE_CURVE('',#5875,#5874,#3020,.T.);
#7435=EDGE_CURVE('',#5876,#5875,#3021,.T.);
#7436=EDGE_CURVE('',#5876,#5859,#3022,.T.);
#7437=EDGE_CURVE('',#5877,#5871,#3023,.T.);
#7438=EDGE_CURVE('',#5878,#5877,#3024,.T.);
#7439=EDGE_CURVE('',#5879,#5878,#3025,.T.);
#7440=EDGE_CURVE('',#5880,#5879,#3026,.T.);
#7441=EDGE_CURVE('',#5881,#5880,#3027,.T.);
#7442=EDGE_CURVE('',#5882,#5881,#3028,.T.);
#7443=EDGE_CURVE('',#5872,#5882,#3029,.T.);
#7444=EDGE_CURVE('',#5883,#5869,#3030,.T.);
#7445=EDGE_CURVE('',#5884,#5883,#3031,.T.);
#7446=EDGE_CURVE('',#5885,#5884,#3032,.T.);
#7447=EDGE_CURVE('',#5886,#5885,#3033,.T.);
#7448=EDGE_CURVE('',#5887,#5886,#3034,.T.);
#7449=EDGE_CURVE('',#5888,#5887,#3035,.T.);
#7450=EDGE_CURVE('',#5870,#5888,#3036,.T.);
#7451=EDGE_CURVE('',#5889,#5867,#3037,.T.);
#7452=EDGE_CURVE('',#5890,#5889,#3038,.T.);
#7453=EDGE_CURVE('',#5891,#5890,#3039,.T.);
#7454=EDGE_CURVE('',#5892,#5891,#3040,.T.);
#7455=EDGE_CURVE('',#5868,#5892,#3041,.T.);
#7456=EDGE_CURVE('',#5893,#5894,#3042,.T.);
#7457=EDGE_CURVE('',#5895,#5894,#3043,.T.);
#7458=EDGE_CURVE('',#5896,#5895,#3044,.T.);
#7459=EDGE_CURVE('',#5897,#5896,#3045,.T.);
#7460=EDGE_CURVE('',#5898,#5897,#3046,.T.);
#7461=EDGE_CURVE('',#5898,#5893,#3047,.T.);
#7462=EDGE_CURVE('',#5899,#5900,#3048,.T.);
#7463=EDGE_CURVE('',#5901,#5900,#3049,.T.);
#7464=EDGE_CURVE('',#5902,#5901,#3050,.T.);
#7465=EDGE_CURVE('',#5903,#5902,#3051,.T.);
#7466=EDGE_CURVE('',#5904,#5903,#3052,.T.);
#7467=EDGE_CURVE('',#5899,#5904,#3053,.T.);
#7468=EDGE_CURVE('',#5905,#5906,#3054,.T.);
#7469=EDGE_CURVE('',#5905,#5907,#3055,.T.);
#7470=EDGE_CURVE('',#5907,#5908,#3056,.T.);
#7471=EDGE_CURVE('',#5909,#5908,#3057,.T.);
#7472=EDGE_CURVE('',#5910,#5909,#3058,.T.);
#7473=EDGE_CURVE('',#5906,#5910,#3059,.T.);
#7474=EDGE_CURVE('',#5911,#5912,#3060,.T.);
#7475=EDGE_CURVE('',#5913,#5911,#3061,.T.);
#7476=EDGE_CURVE('',#5914,#5913,#3062,.T.);
#7477=EDGE_CURVE('',#5915,#5914,#3063,.T.);
#7478=EDGE_CURVE('',#5915,#5916,#3064,.T.);
#7479=EDGE_CURVE('',#5917,#5916,#3065,.T.);
#7480=EDGE_CURVE('',#5918,#5917,#3066,.T.);
#7481=EDGE_CURVE('',#5912,#5918,#3067,.T.);
#7482=EDGE_CURVE('',#5919,#5920,#3068,.T.);
#7483=EDGE_CURVE('',#5921,#5919,#3069,.T.);
#7484=EDGE_CURVE('',#5922,#5921,#3070,.T.);
#7485=EDGE_CURVE('',#5923,#5922,#3071,.T.);
#7486=EDGE_CURVE('',#5923,#5924,#3072,.T.);
#7487=EDGE_CURVE('',#5925,#5924,#3073,.T.);
#7488=EDGE_CURVE('',#5926,#5925,#3074,.T.);
#7489=EDGE_CURVE('',#5920,#5926,#3075,.T.);
#7490=EDGE_CURVE('',#5927,#5928,#3076,.T.);
#7491=EDGE_CURVE('',#5929,#5927,#3077,.T.);
#7492=EDGE_CURVE('',#5930,#5929,#3078,.T.);
#7493=EDGE_CURVE('',#5931,#5930,#3079,.T.);
#7494=EDGE_CURVE('',#5931,#5932,#3080,.T.);
#7495=EDGE_CURVE('',#5928,#5932,#3081,.T.);
#7496=EDGE_CURVE('',#5933,#5934,#3082,.T.);
#7497=EDGE_CURVE('',#5935,#5933,#3083,.T.);
#7498=EDGE_CURVE('',#5934,#5935,#3084,.T.);
#7499=EDGE_CURVE('',#5936,#5937,#3085,.T.);
#7500=EDGE_CURVE('',#5938,#5936,#3086,.T.);
#7501=EDGE_CURVE('',#5938,#5937,#3087,.T.);
#7502=EDGE_CURVE('',#5939,#5940,#3088,.T.);
#7503=EDGE_CURVE('',#5939,#5941,#3089,.T.);
#7504=EDGE_CURVE('',#5940,#5941,#3090,.T.);
#7505=EDGE_CURVE('',#5942,#5943,#3091,.T.);
#7506=EDGE_CURVE('',#5944,#5942,#3092,.T.);
#7507=EDGE_CURVE('',#5943,#5944,#3093,.T.);
#7508=EDGE_CURVE('',#5876,#5945,#3094,.T.);
#7509=EDGE_CURVE('',#5861,#5945,#3095,.T.);
#7510=EDGE_CURVE('',#5905,#5946,#3096,.T.);
#7511=EDGE_CURVE('',#5947,#5946,#3097,.T.);
#7512=EDGE_CURVE('',#5907,#5947,#3098,.T.);
#7513=EDGE_CURVE('',#5948,#5949,#3099,.T.);
#7514=EDGE_CURVE('',#5893,#5949,#3100,.T.);
#7515=EDGE_CURVE('',#5898,#5948,#3101,.T.);
#7516=EDGE_CURVE('',#5950,#5951,#3102,.T.);
#7517=EDGE_CURVE('',#5952,#5951,#3103,.T.);
#7518=EDGE_CURVE('',#5952,#5953,#3104,.T.);
#7519=EDGE_CURVE('',#5953,#5862,#3105,.T.);
#7520=EDGE_CURVE('',#5945,#5954,#3106,.T.);
#7521=EDGE_CURVE('',#5950,#5954,#3107,.T.);
#7522=EDGE_CURVE('',#5955,#5955,#1921,.T.);
#7523=EDGE_CURVE('',#5956,#5957,#3108,.T.);
#7524=EDGE_CURVE('',#5958,#5957,#3109,.T.);
#7525=EDGE_CURVE('',#5958,#5959,#3110,.T.);
#7526=EDGE_CURVE('',#5959,#5960,#3111,.T.);
#7527=EDGE_CURVE('',#5947,#5960,#3112,.T.);
#7528=EDGE_CURVE('',#5946,#5961,#3113,.T.);
#7529=EDGE_CURVE('',#5956,#5961,#3114,.T.);
#7530=EDGE_CURVE('',#5962,#5962,#1922,.T.);
#7531=EDGE_CURVE('',#5962,#5963,#3115,.T.);
#7532=EDGE_CURVE('',#5963,#5963,#1923,.T.);
#7533=EDGE_CURVE('',#5964,#5964,#1924,.T.);
#7534=EDGE_CURVE('',#5964,#5965,#3116,.T.);
#7535=EDGE_CURVE('',#5965,#5965,#1925,.T.);
#7536=EDGE_CURVE('',#5966,#5966,#1926,.T.);
#7537=EDGE_CURVE('',#5967,#5967,#1927,.T.);
#7538=EDGE_CURVE('',#5968,#5968,#1928,.T.);
#7539=EDGE_CURVE('',#5966,#5969,#3117,.T.);
#7540=EDGE_CURVE('',#5969,#5969,#1929,.T.);
#7541=EDGE_CURVE('',#5970,#5971,#3118,.T.);
#7542=EDGE_CURVE('',#5972,#5971,#3119,.T.);
#7543=EDGE_CURVE('',#5972,#5973,#3120,.T.);
#7544=EDGE_CURVE('',#5974,#5973,#3121,.T.);
#7545=EDGE_CURVE('',#5975,#5974,#3122,.T.);
#7546=EDGE_CURVE('',#5976,#5975,#3123,.T.);
#7547=EDGE_CURVE('',#5977,#5976,#3124,.T.);
#7548=EDGE_CURVE('',#5977,#5978,#3125,.T.);
#7549=EDGE_CURVE('',#5978,#5979,#3126,.T.);
#7550=EDGE_CURVE('',#5970,#5979,#3127,.T.);
#7551=EDGE_CURVE('',#5980,#5980,#1930,.T.);
#7552=EDGE_CURVE('',#5981,#5982,#3128,.T.);
#7553=EDGE_CURVE('',#5983,#5982,#3129,.T.);
#7554=EDGE_CURVE('',#5983,#5984,#3130,.T.);
#7555=EDGE_CURVE('',#5985,#5984,#3131,.T.);
#7556=EDGE_CURVE('',#5985,#5986,#3132,.T.);
#7557=EDGE_CURVE('',#5981,#5986,#3133,.T.);
#7558=EDGE_CURVE('',#5967,#5980,#3134,.T.);
#7559=EDGE_CURVE('',#5951,#5970,#3135,.T.);
#7560=EDGE_CURVE('',#5987,#5950,#3136,.T.);
#7561=EDGE_CURVE('',#5987,#5971,#3137,.T.);
#7562=EDGE_CURVE('',#5988,#5987,#3138,.T.);
#7563=EDGE_CURVE('',#5989,#5988,#3139,.T.);
#7564=EDGE_CURVE('',#5990,#5989,#3140,.T.);
#7565=EDGE_CURVE('',#5991,#5990,#3141,.T.);
#7566=EDGE_CURVE('',#5991,#5992,#3142,.T.);
#7567=EDGE_CURVE('',#5687,#5992,#3143,.T.);
#7568=EDGE_CURVE('',#5686,#5972,#3144,.T.);
#7569=EDGE_CURVE('',#5682,#5983,#3145,.T.);
#7570=EDGE_CURVE('',#5681,#5984,#3146,.T.);
#7571=EDGE_CURVE('',#5685,#5973,#3147,.T.);
#7572=EDGE_CURVE('',#5993,#5982,#3148,.T.);
#7573=EDGE_CURVE('',#5993,#5994,#3149,.T.);
#7574=EDGE_CURVE('',#5994,#5995,#3150,.T.);
#7575=EDGE_CURVE('',#5937,#5995,#3151,.T.);
#7576=EDGE_CURVE('',#5938,#5803,#3152,.T.);
#7577=EDGE_CURVE('',#5894,#5802,#3153,.T.);
#7578=EDGE_CURVE('',#5996,#5949,#3154,.T.);
#7579=EDGE_CURVE('',#5683,#5996,#3155,.T.);
#7580=EDGE_CURVE('',#5997,#5998,#3156,.T.);
#7581=EDGE_CURVE('',#5999,#5997,#3157,.T.);
#7582=EDGE_CURVE('',#5679,#5999,#3158,.T.);
#7583=EDGE_CURVE('',#6000,#5678,#3159,.T.);
#7584=EDGE_CURVE('',#6001,#6000,#3160,.T.);
#7585=EDGE_CURVE('',#6001,#5900,#3161,.T.);
#7586=EDGE_CURVE('',#5899,#5813,#3162,.T.);
#7587=EDGE_CURVE('',#5941,#5812,#3163,.T.);
#7588=EDGE_CURVE('',#5939,#6002,#3164,.T.);
#7589=EDGE_CURVE('',#6002,#6003,#3165,.T.);
#7590=EDGE_CURVE('',#6003,#5998,#3166,.T.);
#7591=EDGE_CURVE('',#5957,#5981,#3167,.T.);
#7592=EDGE_CURVE('',#5993,#5956,#3168,.T.);
#7593=EDGE_CURVE('',#5961,#6004,#3169,.T.);
#7594=EDGE_CURVE('',#5994,#6004,#3170,.T.);
#7595=EDGE_CURVE('',#6002,#6005,#3171,.T.);
#7596=EDGE_CURVE('',#6005,#6006,#3172,.T.);
#7597=EDGE_CURVE('',#6006,#5864,#3173,.T.);
#7598=EDGE_CURVE('',#6007,#5863,#3174,.T.);
#7599=EDGE_CURVE('',#6007,#6008,#3175,.T.);
#7600=EDGE_CURVE('',#6008,#5995,#3176,.T.);
#7601=EDGE_CURVE('',#6004,#6009,#3177,.T.);
#7602=EDGE_CURVE('',#6003,#6009,#3178,.T.);
#7603=EDGE_CURVE('',#6010,#6011,#3179,.T.);
#7604=EDGE_CURVE('',#6012,#6010,#3180,.T.);
#7605=EDGE_CURVE('',#6013,#6012,#3181,.T.);
#7606=EDGE_CURVE('',#6011,#6013,#3182,.T.);
#7607=EDGE_CURVE('',#6014,#5811,#3183,.T.);
#7608=EDGE_CURVE('',#6015,#6014,#3184,.T.);
#7609=EDGE_CURVE('',#6015,#5819,#3185,.T.);
#7610=EDGE_CURVE('',#5942,#5818,#3186,.T.);
#7611=EDGE_CURVE('',#5943,#6005,#3187,.T.);
#7612=EDGE_CURVE('',#5940,#5810,#3188,.T.);
#7613=EDGE_CURVE('',#6016,#5823,#3189,.T.);
#7614=EDGE_CURVE('',#6014,#6016,#3190,.T.);
#7615=EDGE_CURVE('',#6017,#6018,#3191,.T.);
#7616=EDGE_CURVE('',#6018,#6019,#3192,.T.);
#7617=EDGE_CURVE('',#6019,#6015,#3193,.T.);
#7618=EDGE_CURVE('',#6016,#6017,#3194,.T.);
#7619=EDGE_CURVE('',#6020,#6020,#1931,.T.);
#7620=EDGE_CURVE('',#6018,#5821,#3195,.T.);
#7621=EDGE_CURVE('',#5822,#6017,#3196,.T.);
#7622=EDGE_CURVE('',#6019,#5820,#3197,.T.);
#7623=EDGE_CURVE('',#6020,#5692,#3198,.T.);
#7624=EDGE_CURVE('',#6021,#6022,#3199,.T.);
#7625=EDGE_CURVE('',#6021,#6023,#3200,.T.);
#7626=EDGE_CURVE('',#5973,#6023,#3201,.T.);
#7627=EDGE_CURVE('',#6024,#5684,#3202,.T.);
#7628=EDGE_CURVE('',#6024,#5948,#3203,.T.);
#7629=EDGE_CURVE('',#5897,#5799,#3204,.T.);
#7630=EDGE_CURVE('',#5935,#5798,#3205,.T.);
#7631=EDGE_CURVE('',#5933,#6008,#3206,.T.);
#7632=EDGE_CURVE('',#6022,#6007,#3207,.T.);
#7633=EDGE_CURVE('',#6025,#6026,#3208,.T.);
#7634=EDGE_CURVE('',#6006,#6025,#3209,.T.);
#7635=EDGE_CURVE('',#5944,#5817,#3210,.T.);
#7636=EDGE_CURVE('',#5902,#5816,#3211,.T.);
#7637=EDGE_CURVE('',#6027,#5901,#3212,.T.);
#7638=EDGE_CURVE('',#6027,#6028,#3213,.T.);
#7639=EDGE_CURVE('',#5677,#6028,#3214,.T.);
#7640=EDGE_CURVE('',#5688,#6029,#3215,.T.);
#7641=EDGE_CURVE('',#6029,#6030,#3216,.T.);
#7642=EDGE_CURVE('',#6026,#6030,#3217,.T.);
#7643=EDGE_CURVE('',#5979,#5952,#3218,.T.);
#7644=EDGE_CURVE('',#6031,#5978,#3219,.T.);
#7645=EDGE_CURVE('',#6021,#6031,#3220,.T.);
#7646=EDGE_CURVE('',#5953,#6022,#3221,.T.);
#7647=EDGE_CURVE('',#6031,#6032,#3222,.T.);
#7648=EDGE_CURVE('',#6032,#6033,#3223,.T.);
#7649=EDGE_CURVE('',#6033,#6034,#3224,.T.);
#7650=EDGE_CURVE('',#6034,#6035,#3225,.T.);
#7651=EDGE_CURVE('',#6035,#6036,#3226,.T.);
#7652=EDGE_CURVE('',#6037,#6036,#3227,.T.);
#7653=EDGE_CURVE('',#6037,#6038,#3228,.T.);
#7654=EDGE_CURVE('',#6038,#6039,#3229,.T.);
#7655=EDGE_CURVE('',#6039,#6023,#3230,.T.);
#7656=EDGE_CURVE('',#5977,#6032,#3231,.T.);
#7657=EDGE_CURVE('',#5976,#6033,#3232,.T.);
#7658=EDGE_CURVE('',#5975,#6038,#3233,.T.);
#7659=EDGE_CURVE('',#6034,#6037,#3234,.T.);
#7660=EDGE_CURVE('',#6034,#6035,#1932,.T.);
#7661=EDGE_CURVE('',#6036,#6037,#1933,.T.);
#7662=EDGE_CURVE('',#6040,#6041,#3235,.T.);
#7663=EDGE_CURVE('',#6041,#6040,#1934,.T.);
#7664=EDGE_CURVE('',#6030,#6042,#3236,.T.);
#7665=EDGE_CURVE('',#6042,#6043,#3237,.T.);
#7666=EDGE_CURVE('',#6043,#6044,#3238,.T.);
#7667=EDGE_CURVE('',#6044,#6045,#3239,.T.);
#7668=EDGE_CURVE('',#6041,#6045,#3240,.T.);
#7669=EDGE_CURVE('',#6040,#6046,#3241,.T.);
#7670=EDGE_CURVE('',#6046,#6047,#3242,.T.);
#7671=EDGE_CURVE('',#6048,#6047,#3243,.T.);
#7672=EDGE_CURVE('',#6048,#6026,#3244,.T.);
#7673=EDGE_CURVE('',#6049,#6050,#3245,.T.);
#7674=EDGE_CURVE('',#6051,#6049,#3246,.T.);
#7675=EDGE_CURVE('',#6052,#6051,#3247,.T.);
#7676=EDGE_CURVE('',#6025,#6052,#3248,.T.);
#7677=EDGE_CURVE('',#6050,#6048,#3249,.T.);
#7678=EDGE_CURVE('',#6053,#6054,#3250,.T.);
#7679=EDGE_CURVE('',#6055,#6054,#3251,.T.);
#7680=EDGE_CURVE('',#6055,#5999,#3252,.T.);
#7681=EDGE_CURVE('',#5997,#6056,#3253,.T.);
#7682=EDGE_CURVE('',#6053,#6056,#3254,.T.);
#7683=EDGE_CURVE('',#6057,#6057,#1935,.T.);
#7684=EDGE_CURVE('',#6050,#6058,#3255,.T.);
#7685=EDGE_CURVE('',#6059,#6058,#3256,.T.);
#7686=EDGE_CURVE('',#6060,#6059,#3257,.T.);
#7687=EDGE_CURVE('',#6061,#6060,#3258,.T.);
#7688=EDGE_CURVE('',#6029,#6061,#3259,.T.);
#7689=EDGE_CURVE('',#6029,#5992,#3260,.T.);
#7690=EDGE_CURVE('',#5991,#6062,#3261,.T.);
#7691=EDGE_CURVE('',#6049,#6062,#3262,.T.);
#7692=EDGE_CURVE('',#6063,#6063,#1936,.T.);
#7693=EDGE_CURVE('',#6064,#6064,#1937,.T.);
#7694=EDGE_CURVE('',#6064,#6057,#3263,.T.);
#7695=EDGE_CURVE('',#6065,#6065,#1938,.T.);
#7696=EDGE_CURVE('',#6066,#6066,#1939,.T.);
#7697=EDGE_CURVE('',#6065,#6063,#3264,.T.);
#7698=EDGE_CURVE('',#6067,#6068,#3265,.T.);
#7699=EDGE_CURVE('',#6069,#6068,#3266,.T.);
#7700=EDGE_CURVE('',#6069,#6070,#3267,.T.);
#7701=EDGE_CURVE('',#6070,#6071,#3268,.T.);
#7702=EDGE_CURVE('',#6072,#6071,#3269,.T.);
#7703=EDGE_CURVE('',#6072,#6073,#3270,.T.);
#7704=EDGE_CURVE('',#6073,#6074,#3271,.T.);
#7705=EDGE_CURVE('',#6067,#6074,#3272,.T.);
#7706=EDGE_CURVE('',#6075,#6051,#3273,.T.);
#7707=EDGE_CURVE('',#6075,#6076,#3274,.T.);
#7708=EDGE_CURVE('',#6076,#6077,#3275,.T.);
#7709=EDGE_CURVE('',#6078,#6077,#3276,.T.);
#7710=EDGE_CURVE('',#6078,#5866,#3277,.T.);
#7711=EDGE_CURVE('',#6052,#5865,#3278,.T.);
#7712=EDGE_CURVE('',#6079,#6079,#1940,.T.);
#7713=EDGE_CURVE('',#5955,#5968,#3279,.T.);
#7714=EDGE_CURVE('',#6066,#6079,#3280,.T.);
#7715=EDGE_CURVE('',#6068,#6053,#3281,.T.);
#7716=EDGE_CURVE('',#6080,#6067,#3282,.T.);
#7717=EDGE_CURVE('',#6080,#6054,#3283,.T.);
#7718=EDGE_CURVE('',#5985,#6081,#3284,.T.);
#7719=EDGE_CURVE('',#5680,#6055,#3285,.T.);
#7720=EDGE_CURVE('',#6080,#6082,#3286,.T.);
#7721=EDGE_CURVE('',#6082,#6083,#3287,.T.);
#7722=EDGE_CURVE('',#6083,#6081,#3288,.T.);
#7723=EDGE_CURVE('',#5986,#5958,#3289,.T.);
#7724=EDGE_CURVE('',#5959,#6081,#3290,.T.);
#7725=EDGE_CURVE('',#6083,#6084,#3291,.T.);
#7726=EDGE_CURVE('',#6084,#5960,#3292,.T.);
#7727=EDGE_CURVE('',#6085,#6084,#3293,.T.);
#7728=EDGE_CURVE('',#6074,#6085,#3294,.T.);
#7729=EDGE_CURVE('',#6073,#5932,#3295,.T.);
#7730=EDGE_CURVE('',#5931,#5765,#3296,.T.);
#7731=EDGE_CURVE('',#5924,#5764,#3297,.T.);
#7732=EDGE_CURVE('',#5923,#5779,#3298,.T.);
#7733=EDGE_CURVE('',#5916,#5778,#3299,.T.);
#7734=EDGE_CURVE('',#5915,#5787,#3300,.T.);
#7735=EDGE_CURVE('',#5908,#5786,#3301,.T.);
#7736=EDGE_CURVE('',#5909,#5785,#3302,.T.);
#7737=EDGE_CURVE('',#5910,#5784,#3303,.T.);
#7738=EDGE_CURVE('',#5906,#5783,#3304,.T.);
#7739=EDGE_CURVE('',#5911,#5782,#3305,.T.);
#7740=EDGE_CURVE('',#5912,#5775,#3306,.T.);
#7741=EDGE_CURVE('',#5919,#5774,#3307,.T.);
#7742=EDGE_CURVE('',#5920,#5761,#3308,.T.);
#7743=EDGE_CURVE('',#5927,#5760,#3309,.T.);
#7744=EDGE_CURVE('',#6072,#5928,#3310,.T.);
#7745=EDGE_CURVE('',#6009,#6071,#3311,.T.);
#7746=EDGE_CURVE('',#6070,#5998,#3312,.T.);
#7747=EDGE_CURVE('',#6056,#6069,#3313,.T.);
#7748=EDGE_CURVE('',#6062,#6075,#3314,.T.);
#7749=EDGE_CURVE('',#6076,#5990,#3315,.T.);
#7750=EDGE_CURVE('',#5989,#6086,#3316,.T.);
#7751=EDGE_CURVE('',#6077,#6086,#3317,.T.);
#7752=EDGE_CURVE('',#5875,#5751,#3318,.T.);
#7753=EDGE_CURVE('',#5880,#5750,#3319,.T.);
#7754=EDGE_CURVE('',#5879,#5737,#3320,.T.);
#7755=EDGE_CURVE('',#5886,#5736,#3321,.T.);
#7756=EDGE_CURVE('',#5885,#5723,#3322,.T.);
#7757=EDGE_CURVE('',#5890,#5722,#3323,.T.);
#7758=EDGE_CURVE('',#6078,#5889,#3324,.T.);
#7759=EDGE_CURVE('',#6086,#6087,#3325,.T.);
#7760=EDGE_CURVE('',#6087,#5954,#3326,.T.);
#7761=EDGE_CURVE('',#5988,#6087,#3327,.T.);
#7762=EDGE_CURVE('',#6027,#6001,#3328,.T.);
#7763=EDGE_CURVE('',#6028,#6000,#3329,.T.);
#7764=EDGE_CURVE('',#5891,#5721,#3330,.T.);
#7765=EDGE_CURVE('',#5892,#5720,#3331,.T.);
#7766=EDGE_CURVE('',#5884,#5724,#3332,.T.);
#7767=EDGE_CURVE('',#5883,#5725,#3333,.T.);
#7768=EDGE_CURVE('',#5887,#5735,#3334,.T.);
#7769=EDGE_CURVE('',#5888,#5734,#3335,.T.);
#7770=EDGE_CURVE('',#5878,#5738,#3336,.T.);
#7771=EDGE_CURVE('',#5877,#5739,#3337,.T.);
#7772=EDGE_CURVE('',#5881,#5749,#3338,.T.);
#7773=EDGE_CURVE('',#5882,#5748,#3339,.T.);
#7774=EDGE_CURVE('',#5874,#5752,#3340,.T.);
#7775=EDGE_CURVE('',#5873,#5753,#3341,.T.);
#7776=EDGE_CURVE('',#5929,#5767,#3342,.T.);
#7777=EDGE_CURVE('',#5930,#5766,#3343,.T.);
#7778=EDGE_CURVE('',#5926,#5762,#3344,.T.);
#7779=EDGE_CURVE('',#5925,#5763,#3345,.T.);
#7780=EDGE_CURVE('',#5921,#5781,#3346,.T.);
#7781=EDGE_CURVE('',#5922,#5780,#3347,.T.);
#7782=EDGE_CURVE('',#5918,#5776,#3348,.T.);
#7783=EDGE_CURVE('',#5917,#5777,#3349,.T.);
#7784=EDGE_CURVE('',#5913,#5789,#3350,.T.);
#7785=EDGE_CURVE('',#5914,#5788,#3351,.T.);
#7786=EDGE_CURVE('',#6082,#6085,#3352,.T.);
#7787=EDGE_CURVE('',#6061,#6042,#3353,.T.);
#7788=EDGE_CURVE('',#6060,#6043,#3354,.T.);
#7789=EDGE_CURVE('',#6059,#6046,#3355,.T.);
#7790=EDGE_CURVE('',#6040,#6044,#3356,.T.);
#7791=EDGE_CURVE('',#6058,#6047,#3357,.T.);
#7792=EDGE_CURVE('',#6044,#6045,#1941,.T.);
#7793=EDGE_CURVE('',#5974,#6039,#3358,.T.);
#7794=EDGE_CURVE('',#6088,#5797,#3359,.T.);
#7795=EDGE_CURVE('',#6089,#6088,#3360,.T.);
#7796=EDGE_CURVE('',#5805,#6089,#3361,.T.);
#7797=EDGE_CURVE('',#5936,#5804,#3362,.T.);
#7798=EDGE_CURVE('',#5934,#5796,#3363,.T.);
#7799=EDGE_CURVE('',#6090,#5809,#3364,.T.);
#7800=EDGE_CURVE('',#6088,#6090,#3365,.T.);
#7801=EDGE_CURVE('',#6090,#6091,#3366,.T.);
#7802=EDGE_CURVE('',#6091,#6092,#3367,.T.);
#7803=EDGE_CURVE('',#6092,#6093,#3368,.T.);
#7804=EDGE_CURVE('',#6093,#6089,#3369,.T.);
#7805=EDGE_CURVE('',#6094,#6094,#1942,.T.);
#7806=EDGE_CURVE('',#6093,#5806,#3370,.T.);
#7807=EDGE_CURVE('',#6092,#5807,#3371,.T.);
#7808=EDGE_CURVE('',#6091,#5808,#3372,.T.);
#7809=EDGE_CURVE('',#6094,#5696,#3373,.T.);
#7810=EDGE_CURVE('',#5896,#5800,#3374,.T.);
#7811=EDGE_CURVE('',#5895,#5801,#3375,.T.);
#7812=EDGE_CURVE('',#6024,#5996,#3376,.T.);
#7813=EDGE_CURVE('',#5903,#5815,#3377,.T.);
#7814=EDGE_CURVE('',#5904,#5814,#3378,.T.);
#7815=EDGE_CURVE('',#6010,#5697,#3379,.T.);
#7816=EDGE_CURVE('',#6011,#5698,#3380,.T.);
#7817=EDGE_CURVE('',#6013,#5701,#3381,.T.);
#7818=EDGE_CURVE('',#6095,#5700,#3382,.T.);
#7819=EDGE_CURVE('',#6096,#6095,#3383,.T.);
#7820=EDGE_CURVE('',#6096,#5699,#3384,.T.);
#7821=EDGE_CURVE('',#6095,#6096,#1943,.T.);
#7822=EDGE_CURVE('',#6097,#6098,#3385,.T.);
#7823=EDGE_CURVE('',#6097,#6098,#1944,.T.);
#7824=EDGE_CURVE('',#6012,#5702,#3386,.T.);
#7825=EDGE_CURVE('',#6097,#5704,#3387,.T.);
#7826=EDGE_CURVE('',#6098,#5703,#3388,.T.);
#7827=EDGE_CURVE('',#6099,#6099,#1945,.T.);
#7828=EDGE_CURVE('',#6099,#6100,#3389,.T.);
#7829=EDGE_CURVE('',#6100,#6100,#1946,.T.);
#7830=EDGE_CURVE('',#6101,#6101,#1947,.T.);
#7831=EDGE_CURVE('',#6101,#6102,#3390,.T.);
#7832=EDGE_CURVE('',#6102,#6102,#1948,.T.);
#7833=EDGE_CURVE('',#6103,#6103,#1949,.T.);
#7834=EDGE_CURVE('',#6103,#6104,#3391,.T.);
#7835=EDGE_CURVE('',#6104,#6104,#1950,.T.);
#7836=EDGE_CURVE('',#6105,#6105,#1951,.T.);
#7837=EDGE_CURVE('',#6105,#6106,#3392,.T.);
#7838=EDGE_CURVE('',#6106,#6106,#1952,.T.);
#7839=EDGE_CURVE('',#6107,#6107,#1953,.T.);
#7840=EDGE_CURVE('',#6107,#6108,#3393,.T.);
#7841=EDGE_CURVE('',#6108,#6108,#1954,.T.);
#7842=EDGE_CURVE('',#6109,#6109,#1955,.T.);
#7843=EDGE_CURVE('',#6109,#6110,#3394,.T.);
#7844=EDGE_CURVE('',#6110,#6110,#1956,.T.);
#7845=EDGE_CURVE('',#6111,#6111,#1957,.T.);
#7846=EDGE_CURVE('',#6111,#6112,#3395,.T.);
#7847=EDGE_CURVE('',#6112,#6112,#1958,.T.);
#7848=EDGE_CURVE('',#6113,#6113,#1959,.T.);
#7849=EDGE_CURVE('',#6113,#6114,#3396,.T.);
#7850=EDGE_CURVE('',#6114,#6114,#1960,.T.);
#7851=EDGE_CURVE('',#6115,#6115,#1961,.T.);
#7852=EDGE_CURVE('',#6115,#6116,#3397,.T.);
#7853=EDGE_CURVE('',#6116,#6116,#1962,.T.);
#7854=EDGE_CURVE('',#6117,#6117,#1963,.T.);
#7855=EDGE_CURVE('',#6117,#6118,#3398,.T.);
#7856=EDGE_CURVE('',#6118,#6118,#1964,.T.);
#7857=EDGE_CURVE('',#6119,#6119,#1965,.T.);
#7858=EDGE_CURVE('',#6119,#6120,#3399,.T.);
#7859=EDGE_CURVE('',#6120,#6120,#1966,.T.);
#7860=EDGE_CURVE('',#6121,#6121,#1967,.T.);
#7861=EDGE_CURVE('',#6121,#6122,#3400,.T.);
#7862=EDGE_CURVE('',#6122,#6122,#1968,.T.);
#7863=EDGE_CURVE('',#6123,#6123,#1969,.T.);
#7864=EDGE_CURVE('',#6123,#6124,#3401,.T.);
#7865=EDGE_CURVE('',#6124,#6124,#1970,.T.);
#7866=EDGE_CURVE('',#6125,#6125,#1971,.T.);
#7867=EDGE_CURVE('',#6125,#6126,#3402,.T.);
#7868=EDGE_CURVE('',#6126,#6126,#1972,.T.);
#7869=EDGE_CURVE('',#6127,#6127,#1973,.T.);
#7870=EDGE_CURVE('',#6127,#6128,#3403,.T.);
#7871=EDGE_CURVE('',#6128,#6128,#1974,.T.);
#7872=EDGE_CURVE('',#6129,#6129,#1975,.T.);
#7873=EDGE_CURVE('',#6129,#6130,#3404,.T.);
#7874=EDGE_CURVE('',#6130,#6130,#1976,.T.);
#7875=EDGE_CURVE('',#6131,#6132,#3405,.T.);
#7876=EDGE_CURVE('',#6133,#6131,#3406,.T.);
#7877=EDGE_CURVE('',#6134,#6133,#3407,.T.);
#7878=EDGE_CURVE('',#6134,#6132,#3408,.T.);
#7879=EDGE_CURVE('',#6135,#6136,#3409,.T.);
#7880=EDGE_CURVE('',#6135,#6137,#3410,.T.);
#7881=EDGE_CURVE('',#6138,#6137,#3411,.T.);
#7882=EDGE_CURVE('',#6136,#6138,#3412,.T.);
#7883=EDGE_CURVE('',#6139,#6131,#3413,.T.);
#7884=EDGE_CURVE('',#6140,#6139,#3414,.T.);
#7885=EDGE_CURVE('',#6133,#6140,#3415,.T.);
#7886=EDGE_CURVE('',#6136,#6141,#3416,.T.);
#7887=EDGE_CURVE('',#6142,#6138,#3417,.T.);
#7888=EDGE_CURVE('',#6141,#6142,#3418,.T.);
#7889=EDGE_CURVE('',#6132,#6143,#3419,.T.);
#7890=EDGE_CURVE('',#6144,#6134,#3420,.T.);
#7891=EDGE_CURVE('',#6144,#6143,#3421,.T.);
#7892=EDGE_CURVE('',#6143,#6139,#3422,.T.);
#7893=EDGE_CURVE('',#6140,#6144,#3423,.T.);
#7894=EDGE_CURVE('',#6141,#6145,#3424,.T.);
#7895=EDGE_CURVE('',#6146,#6142,#3425,.T.);
#7896=EDGE_CURVE('',#6145,#6146,#3426,.T.);
#7897=EDGE_CURVE('',#6145,#6135,#3427,.T.);
#7898=EDGE_CURVE('',#6137,#6146,#3428,.T.);
#7899=EDGE_CURVE('',#6147,#6148,#3429,.T.);
#7900=EDGE_CURVE('',#6149,#6147,#3430,.T.);
#7901=EDGE_CURVE('',#6150,#6149,#3431,.T.);
#7902=EDGE_CURVE('',#6148,#6150,#3432,.T.);
#7903=EDGE_CURVE('',#6151,#6147,#3433,.T.);
#7904=EDGE_CURVE('',#6152,#6151,#3434,.T.);
#7905=EDGE_CURVE('',#6153,#6152,#3435,.T.);
#7906=EDGE_CURVE('',#6154,#6153,#3436,.T.);
#7907=EDGE_CURVE('',#6149,#6154,#3437,.T.);
#7908=EDGE_CURVE('',#6155,#6154,#3438,.T.);
#7909=EDGE_CURVE('',#6156,#6155,#3439,.T.);
#7910=EDGE_CURVE('',#6156,#6157,#3440,.F.);
#7911=EDGE_CURVE('',#6158,#6157,#3441,.T.);
#7912=EDGE_CURVE('',#6159,#6158,#3442,.T.);
#7913=EDGE_CURVE('',#6150,#6159,#3443,.T.);
#7914=EDGE_CURVE('',#6160,#6156,#3444,.T.);
#7915=EDGE_CURVE('',#6161,#6160,#3445,.T.);
#7916=EDGE_CURVE('',#6157,#6161,#3446,.T.);
#7917=EDGE_CURVE('',#6160,#6162,#3447,.T.);
#7918=EDGE_CURVE('',#6163,#6155,#3448,.T.);
#7919=EDGE_CURVE('',#6164,#6163,#3449,.T.);
#7920=EDGE_CURVE('',#6162,#6164,#3450,.T.);
#7921=EDGE_CURVE('',#6165,#6162,#3451,.F.);
#7922=EDGE_CURVE('',#6166,#6164,#3452,.F.);
#7923=EDGE_CURVE('',#6166,#6165,#3453,.F.);
#7924=EDGE_CURVE('',#6165,#6161,#3454,.F.);
#7925=EDGE_CURVE('',#6148,#6167,#3455,.F.);
#7926=EDGE_CURVE('',#6167,#6151,#3456,.F.);
#7927=EDGE_CURVE('',#6167,#6168,#3457,.F.);
#7928=EDGE_CURVE('',#6168,#6152,#3458,.T.);
#7929=EDGE_CURVE('',#6169,#6166,#3459,.T.);
#7930=EDGE_CURVE('',#6158,#6169,#3460,.T.);
#7931=EDGE_CURVE('',#6170,#6159,#3461,.T.);
#7932=EDGE_CURVE('',#6168,#6170,#3462,.T.);
#7933=EDGE_CURVE('',#6169,#6170,#3463,.T.);
#7934=EDGE_CURVE('',#6153,#6163,#3464,.T.);
#7935=EDGE_CURVE('',#6171,#6172,#3465,.T.);
#7936=EDGE_CURVE('',#6172,#6173,#3466,.T.);
#7937=EDGE_CURVE('',#6173,#6174,#3467,.T.);
#7938=EDGE_CURVE('',#6174,#6171,#3468,.T.);
#7939=EDGE_CURVE('',#6171,#6175,#3469,.T.);
#7940=EDGE_CURVE('',#6175,#6176,#3470,.T.);
#7941=EDGE_CURVE('',#6176,#6172,#3471,.T.);
#7942=EDGE_CURVE('',#6174,#6177,#3472,.T.);
#7943=EDGE_CURVE('',#6178,#6177,#3473,.T.);
#7944=EDGE_CURVE('',#6171,#6178,#3474,.T.);
#7945=EDGE_CURVE('',#6179,#6178,#3475,.T.);
#7946=EDGE_CURVE('',#6177,#6180,#3476,.T.);
#7947=EDGE_CURVE('',#6180,#6179,#3477,.T.);
#7948=EDGE_CURVE('',#6179,#6181,#3478,.T.);
#7949=EDGE_CURVE('',#6181,#6182,#3479,.T.);
#7950=EDGE_CURVE('',#6182,#6178,#3480,.T.);
#7951=EDGE_CURVE('',#6183,#6181,#3481,.T.);
#7952=EDGE_CURVE('',#6184,#6183,#3482,.T.);
#7953=EDGE_CURVE('',#6184,#6182,#3483,.T.);
#7954=EDGE_CURVE('',#6183,#6180,#3484,.T.);
#7955=EDGE_CURVE('',#6185,#6176,#3485,.T.);
#7956=EDGE_CURVE('',#6173,#6185,#3486,.T.);
#7957=EDGE_CURVE('',#6186,#6175,#3487,.T.);
#7958=EDGE_CURVE('',#6185,#6186,#3488,.T.);
#7959=EDGE_CURVE('',#6177,#6184,#3489,.T.);
#7960=EDGE_CURVE('',#6186,#6174,#3490,.T.);
#7961=EDGE_CURVE('',#6184,#6186,#3491,.T.);
#7962=EDGE_CURVE('',#6182,#6175,#3492,.T.);
#7963=ORIENTED_EDGE('',*,*,#6187,.F.);
#7964=ORIENTED_EDGE('',*,*,#6188,.F.);
#7965=ORIENTED_EDGE('',*,*,#6189,.F.);
#7966=ORIENTED_EDGE('',*,*,#6190,.F.);
#7967=ORIENTED_EDGE('',*,*,#6191,.F.);
#7968=ORIENTED_EDGE('',*,*,#6192,.F.);
#7969=ORIENTED_EDGE('',*,*,#6193,.F.);
#7970=ORIENTED_EDGE('',*,*,#6194,.T.);
#7971=ORIENTED_EDGE('',*,*,#6195,.F.);
#7972=ORIENTED_EDGE('',*,*,#6196,.F.);
#7973=ORIENTED_EDGE('',*,*,#6197,.T.);
#7974=ORIENTED_EDGE('',*,*,#6198,.F.);
#7975=ORIENTED_EDGE('',*,*,#6199,.F.);
#7976=ORIENTED_EDGE('',*,*,#6200,.F.);
#7977=ORIENTED_EDGE('',*,*,#6201,.F.);
#7978=ORIENTED_EDGE('',*,*,#6202,.T.);
#7979=ORIENTED_EDGE('',*,*,#6203,.T.);
#7980=ORIENTED_EDGE('',*,*,#6197,.F.);
#7981=ORIENTED_EDGE('',*,*,#6204,.T.);
#7982=ORIENTED_EDGE('',*,*,#6205,.T.);
#7983=ORIENTED_EDGE('',*,*,#6204,.F.);
#7984=ORIENTED_EDGE('',*,*,#6206,.F.);
#7985=ORIENTED_EDGE('',*,*,#6207,.T.);
#7986=ORIENTED_EDGE('',*,*,#6208,.T.);
#7987=ORIENTED_EDGE('',*,*,#6207,.F.);
#7988=ORIENTED_EDGE('',*,*,#6209,.F.);
#7989=ORIENTED_EDGE('',*,*,#6210,.T.);
#7990=ORIENTED_EDGE('',*,*,#6211,.T.);
#7991=ORIENTED_EDGE('',*,*,#6212,.T.);
#7992=ORIENTED_EDGE('',*,*,#6213,.T.);
#7993=ORIENTED_EDGE('',*,*,#6214,.T.);
#7994=ORIENTED_EDGE('',*,*,#6215,.T.);
#7995=ORIENTED_EDGE('',*,*,#6216,.T.);
#7996=ORIENTED_EDGE('',*,*,#6217,.F.);
#7997=ORIENTED_EDGE('',*,*,#6218,.T.);
#7998=ORIENTED_EDGE('',*,*,#6219,.T.);
#7999=ORIENTED_EDGE('',*,*,#6220,.T.);
#8000=ORIENTED_EDGE('',*,*,#6221,.F.);
#8001=ORIENTED_EDGE('',*,*,#6222,.F.);
#8002=ORIENTED_EDGE('',*,*,#6223,.T.);
#8003=ORIENTED_EDGE('',*,*,#6224,.T.);
#8004=ORIENTED_EDGE('',*,*,#6225,.T.);
#8005=ORIENTED_EDGE('',*,*,#6226,.T.);
#8006=ORIENTED_EDGE('',*,*,#6205,.F.);
#8007=ORIENTED_EDGE('',*,*,#6227,.T.);
#8008=ORIENTED_EDGE('',*,*,#6228,.T.);
#8009=ORIENTED_EDGE('',*,*,#6229,.T.);
#8010=ORIENTED_EDGE('',*,*,#6230,.T.);
#8011=ORIENTED_EDGE('',*,*,#6231,.F.);
#8012=ORIENTED_EDGE('',*,*,#6232,.F.);
#8013=ORIENTED_EDGE('',*,*,#6227,.F.);
#8014=ORIENTED_EDGE('',*,*,#6233,.T.);
#8015=ORIENTED_EDGE('',*,*,#6234,.T.);
#8016=ORIENTED_EDGE('',*,*,#6233,.F.);
#8017=ORIENTED_EDGE('',*,*,#6235,.F.);
#8018=ORIENTED_EDGE('',*,*,#6236,.T.);
#8019=ORIENTED_EDGE('',*,*,#6237,.T.);
#8020=ORIENTED_EDGE('',*,*,#6236,.F.);
#8021=ORIENTED_EDGE('',*,*,#6238,.T.);
#8022=ORIENTED_EDGE('',*,*,#6239,.F.);
#8023=ORIENTED_EDGE('',*,*,#6240,.T.);
#8024=ORIENTED_EDGE('',*,*,#6234,.F.);
#8025=ORIENTED_EDGE('',*,*,#6241,.T.);
#8026=ORIENTED_EDGE('',*,*,#6242,.F.);
#8027=ORIENTED_EDGE('',*,*,#6243,.T.);
#8028=ORIENTED_EDGE('',*,*,#6244,.F.);
#8029=ORIENTED_EDGE('',*,*,#6238,.F.);
#8030=ORIENTED_EDGE('',*,*,#6245,.T.);
#8031=ORIENTED_EDGE('',*,*,#6246,.F.);
#8032=ORIENTED_EDGE('',*,*,#6245,.F.);
#8033=ORIENTED_EDGE('',*,*,#6247,.T.);
#8034=ORIENTED_EDGE('',*,*,#6246,.T.);
#8035=ORIENTED_EDGE('',*,*,#6248,.T.);
#8036=ORIENTED_EDGE('',*,*,#6249,.T.);
#8037=ORIENTED_EDGE('',*,*,#6250,.T.);
#8038=ORIENTED_EDGE('',*,*,#6251,.T.);
#8039=ORIENTED_EDGE('',*,*,#6252,.T.);
#8040=ORIENTED_EDGE('',*,*,#6253,.T.);
#8041=ORIENTED_EDGE('',*,*,#6240,.F.);
#8042=ORIENTED_EDGE('',*,*,#6254,.T.);
#8043=ORIENTED_EDGE('',*,*,#6249,.F.);
#8044=ORIENTED_EDGE('',*,*,#6254,.F.);
#8045=ORIENTED_EDGE('',*,*,#6241,.F.);
#8046=ORIENTED_EDGE('',*,*,#6255,.T.);
#8047=ORIENTED_EDGE('',*,*,#6251,.F.);
#8048=ORIENTED_EDGE('',*,*,#6255,.F.);
#8049=ORIENTED_EDGE('',*,*,#6243,.F.);
#8050=ORIENTED_EDGE('',*,*,#6256,.T.);
#8051=ORIENTED_EDGE('',*,*,#6253,.F.);
#8052=ORIENTED_EDGE('',*,*,#6256,.F.);
#8053=ORIENTED_EDGE('',*,*,#6247,.F.);
#8054=ORIENTED_EDGE('',*,*,#6257,.T.);
#8055=ORIENTED_EDGE('',*,*,#6258,.T.);
#8056=ORIENTED_EDGE('',*,*,#6259,.T.);
#8057=ORIENTED_EDGE('',*,*,#6257,.F.);
#8058=ORIENTED_EDGE('',*,*,#6258,.F.);
#8059=ORIENTED_EDGE('',*,*,#6259,.F.);
#8060=ORIENTED_EDGE('',*,*,#6260,.T.);
#8061=ORIENTED_EDGE('',*,*,#6198,.T.);
#8062=ORIENTED_EDGE('',*,*,#6260,.F.);
#8063=ORIENTED_EDGE('',*,*,#6248,.F.);
#8064=ORIENTED_EDGE('',*,*,#6261,.T.);
#8065=ORIENTED_EDGE('',*,*,#6262,.T.);
#8066=ORIENTED_EDGE('',*,*,#6263,.T.);
#8067=ORIENTED_EDGE('',*,*,#6261,.F.);
#8068=ORIENTED_EDGE('',*,*,#6262,.F.);
#8069=ORIENTED_EDGE('',*,*,#6263,.F.);
#8070=ORIENTED_EDGE('',*,*,#6264,.T.);
#8071=ORIENTED_EDGE('',*,*,#6199,.T.);
#8072=ORIENTED_EDGE('',*,*,#6264,.F.);
#8073=ORIENTED_EDGE('',*,*,#6250,.F.);
#8074=ORIENTED_EDGE('',*,*,#6265,.T.);
#8075=ORIENTED_EDGE('',*,*,#6266,.T.);
#8076=ORIENTED_EDGE('',*,*,#6267,.T.);
#8077=ORIENTED_EDGE('',*,*,#6265,.F.);
#8078=ORIENTED_EDGE('',*,*,#6266,.F.);
#8079=ORIENTED_EDGE('',*,*,#6267,.F.);
#8080=ORIENTED_EDGE('',*,*,#6268,.T.);
#8081=ORIENTED_EDGE('',*,*,#6200,.T.);
#8082=ORIENTED_EDGE('',*,*,#6268,.F.);
#8083=ORIENTED_EDGE('',*,*,#6252,.F.);
#8084=ORIENTED_EDGE('',*,*,#6269,.T.);
#8085=ORIENTED_EDGE('',*,*,#6270,.T.);
#8086=ORIENTED_EDGE('',*,*,#6271,.T.);
#8087=ORIENTED_EDGE('',*,*,#6269,.F.);
#8088=ORIENTED_EDGE('',*,*,#6270,.F.);
#8089=ORIENTED_EDGE('',*,*,#6271,.F.);
#8090=ORIENTED_EDGE('',*,*,#6272,.T.);
#8091=ORIENTED_EDGE('',*,*,#6201,.T.);
#8092=ORIENTED_EDGE('',*,*,#6272,.F.);
#8093=ORIENTED_EDGE('',*,*,#6273,.T.);
#8094=ORIENTED_EDGE('',*,*,#6235,.T.);
#8095=ORIENTED_EDGE('',*,*,#6274,.T.);
#8096=ORIENTED_EDGE('',*,*,#6275,.T.);
#8097=ORIENTED_EDGE('',*,*,#6276,.T.);
#8098=ORIENTED_EDGE('',*,*,#6277,.T.);
#8099=ORIENTED_EDGE('',*,*,#6278,.T.);
#8100=ORIENTED_EDGE('',*,*,#6279,.T.);
#8101=ORIENTED_EDGE('',*,*,#6273,.F.);
#8102=ORIENTED_EDGE('',*,*,#6280,.T.);
#8103=ORIENTED_EDGE('',*,*,#6281,.F.);
#8104=ORIENTED_EDGE('',*,*,#6280,.F.);
#8105=ORIENTED_EDGE('',*,*,#6282,.T.);
#8106=ORIENTED_EDGE('',*,*,#6281,.T.);
#8107=ORIENTED_EDGE('',*,*,#6283,.T.);
#8108=ORIENTED_EDGE('',*,*,#6284,.T.);
#8109=ORIENTED_EDGE('',*,*,#6285,.T.);
#8110=ORIENTED_EDGE('',*,*,#6286,.T.);
#8111=ORIENTED_EDGE('',*,*,#6287,.T.);
#8112=ORIENTED_EDGE('',*,*,#6288,.T.);
#8113=ORIENTED_EDGE('',*,*,#6274,.F.);
#8114=ORIENTED_EDGE('',*,*,#6289,.T.);
#8115=ORIENTED_EDGE('',*,*,#6284,.F.);
#8116=ORIENTED_EDGE('',*,*,#6289,.F.);
#8117=ORIENTED_EDGE('',*,*,#6276,.F.);
#8118=ORIENTED_EDGE('',*,*,#6290,.T.);
#8119=ORIENTED_EDGE('',*,*,#6286,.F.);
#8120=ORIENTED_EDGE('',*,*,#6290,.F.);
#8121=ORIENTED_EDGE('',*,*,#6278,.F.);
#8122=ORIENTED_EDGE('',*,*,#6291,.T.);
#8123=ORIENTED_EDGE('',*,*,#6288,.F.);
#8124=ORIENTED_EDGE('',*,*,#6291,.F.);
#8125=ORIENTED_EDGE('',*,*,#6282,.F.);
#8126=ORIENTED_EDGE('',*,*,#6292,.T.);
#8127=ORIENTED_EDGE('',*,*,#6293,.T.);
#8128=ORIENTED_EDGE('',*,*,#6294,.T.);
#8129=ORIENTED_EDGE('',*,*,#6292,.F.);
#8130=ORIENTED_EDGE('',*,*,#6293,.F.);
#8131=ORIENTED_EDGE('',*,*,#6294,.F.);
#8132=ORIENTED_EDGE('',*,*,#6295,.T.);
#8133=ORIENTED_EDGE('',*,*,#6296,.T.);
#8134=ORIENTED_EDGE('',*,*,#6295,.F.);
#8135=ORIENTED_EDGE('',*,*,#6297,.T.);
#8136=ORIENTED_EDGE('',*,*,#6298,.F.);
#8137=ORIENTED_EDGE('',*,*,#6299,.T.);
#8138=ORIENTED_EDGE('',*,*,#6300,.T.);
#8139=ORIENTED_EDGE('',*,*,#6301,.T.);
#8140=ORIENTED_EDGE('',*,*,#6302,.T.);
#8141=ORIENTED_EDGE('',*,*,#6303,.T.);
#8142=ORIENTED_EDGE('',*,*,#6304,.T.);
#8143=ORIENTED_EDGE('',*,*,#6305,.T.);
#8144=ORIENTED_EDGE('',*,*,#6306,.T.);
#8145=ORIENTED_EDGE('',*,*,#6208,.F.);
#8146=ORIENTED_EDGE('',*,*,#6296,.F.);
#8147=ORIENTED_EDGE('',*,*,#6307,.F.);
#8148=ORIENTED_EDGE('',*,*,#6308,.F.);
#8149=ORIENTED_EDGE('',*,*,#6309,.F.);
#8150=ORIENTED_EDGE('',*,*,#6310,.F.);
#8151=ORIENTED_EDGE('',*,*,#6311,.F.);
#8152=ORIENTED_EDGE('',*,*,#6312,.F.);
#8153=ORIENTED_EDGE('',*,*,#6313,.T.);
#8154=ORIENTED_EDGE('',*,*,#6307,.T.);
#8155=ORIENTED_EDGE('',*,*,#6313,.F.);
#8156=ORIENTED_EDGE('',*,*,#6314,.F.);
#8157=ORIENTED_EDGE('',*,*,#6283,.F.);
#8158=ORIENTED_EDGE('',*,*,#6315,.T.);
#8159=ORIENTED_EDGE('',*,*,#6314,.T.);
#8160=ORIENTED_EDGE('',*,*,#6312,.T.);
#8161=ORIENTED_EDGE('',*,*,#6315,.F.);
#8162=ORIENTED_EDGE('',*,*,#6316,.F.);
#8163=ORIENTED_EDGE('',*,*,#6317,.T.);
#8164=ORIENTED_EDGE('',*,*,#6308,.T.);
#8165=ORIENTED_EDGE('',*,*,#6317,.F.);
#8166=ORIENTED_EDGE('',*,*,#6318,.F.);
#8167=ORIENTED_EDGE('',*,*,#6285,.F.);
#8168=ORIENTED_EDGE('',*,*,#6319,.T.);
#8169=ORIENTED_EDGE('',*,*,#6318,.T.);
#8170=ORIENTED_EDGE('',*,*,#6316,.T.);
#8171=ORIENTED_EDGE('',*,*,#6319,.F.);
#8172=ORIENTED_EDGE('',*,*,#6320,.F.);
#8173=ORIENTED_EDGE('',*,*,#6321,.T.);
#8174=ORIENTED_EDGE('',*,*,#6309,.T.);
#8175=ORIENTED_EDGE('',*,*,#6321,.F.);
#8176=ORIENTED_EDGE('',*,*,#6322,.F.);
#8177=ORIENTED_EDGE('',*,*,#6287,.F.);
#8178=ORIENTED_EDGE('',*,*,#6323,.T.);
#8179=ORIENTED_EDGE('',*,*,#6322,.T.);
#8180=ORIENTED_EDGE('',*,*,#6320,.T.);
#8181=ORIENTED_EDGE('',*,*,#6323,.F.);
#8182=ORIENTED_EDGE('',*,*,#6324,.T.);
#8183=ORIENTED_EDGE('',*,*,#6297,.F.);
#8184=ORIENTED_EDGE('',*,*,#6325,.T.);
#8185=ORIENTED_EDGE('',*,*,#6326,.T.);
#8186=ORIENTED_EDGE('',*,*,#6327,.T.);
#8187=ORIENTED_EDGE('',*,*,#6215,.F.);
#8188=ORIENTED_EDGE('',*,*,#6328,.T.);
#8189=ORIENTED_EDGE('',*,*,#6195,.T.);
#8190=ORIENTED_EDGE('',*,*,#6329,.F.);
#8191=ORIENTED_EDGE('',*,*,#6330,.T.);
#8192=ORIENTED_EDGE('',*,*,#6331,.T.);
#8193=ORIENTED_EDGE('',*,*,#6216,.F.);
#8194=ORIENTED_EDGE('',*,*,#6327,.F.);
#8195=ORIENTED_EDGE('',*,*,#6194,.F.);
#8196=ORIENTED_EDGE('',*,*,#6332,.F.);
#8197=ORIENTED_EDGE('',*,*,#6333,.T.);
#8198=ORIENTED_EDGE('',*,*,#6334,.F.);
#8199=ORIENTED_EDGE('',*,*,#6335,.T.);
#8200=ORIENTED_EDGE('',*,*,#6336,.T.);
#8201=ORIENTED_EDGE('',*,*,#6337,.T.);
#8202=ORIENTED_EDGE('',*,*,#6338,.T.);
#8203=ORIENTED_EDGE('',*,*,#6339,.T.);
#8204=ORIENTED_EDGE('',*,*,#6340,.F.);
#8205=ORIENTED_EDGE('',*,*,#6341,.F.);
#8206=ORIENTED_EDGE('',*,*,#6342,.F.);
#8207=ORIENTED_EDGE('',*,*,#6298,.T.);
#8208=ORIENTED_EDGE('',*,*,#6324,.F.);
#8209=ORIENTED_EDGE('',*,*,#6343,.F.);
#8210=ORIENTED_EDGE('',*,*,#6344,.T.);
#8211=ORIENTED_EDGE('',*,*,#6345,.T.);
#8212=ORIENTED_EDGE('',*,*,#6346,.F.);
#8213=ORIENTED_EDGE('',*,*,#6329,.T.);
#8214=ORIENTED_EDGE('',*,*,#6347,.F.);
#8215=ORIENTED_EDGE('',*,*,#6348,.F.);
#8216=ORIENTED_EDGE('',*,*,#6346,.T.);
#8217=ORIENTED_EDGE('',*,*,#6349,.F.);
#8218=ORIENTED_EDGE('',*,*,#6350,.F.);
#8219=ORIENTED_EDGE('',*,*,#6330,.F.);
#8220=ORIENTED_EDGE('',*,*,#6350,.T.);
#8221=ORIENTED_EDGE('',*,*,#6351,.T.);
#8222=ORIENTED_EDGE('',*,*,#6217,.T.);
#8223=ORIENTED_EDGE('',*,*,#6331,.F.);
#8224=ORIENTED_EDGE('',*,*,#6352,.T.);
#8225=ORIENTED_EDGE('',*,*,#6353,.T.);
#8226=ORIENTED_EDGE('',*,*,#6354,.F.);
#8227=ORIENTED_EDGE('',*,*,#6355,.T.);
#8228=ORIENTED_EDGE('',*,*,#6356,.T.);
#8229=ORIENTED_EDGE('',*,*,#6357,.F.);
#8230=ORIENTED_EDGE('',*,*,#6358,.F.);
#8231=ORIENTED_EDGE('',*,*,#6359,.T.);
#8232=ORIENTED_EDGE('',*,*,#6218,.F.);
#8233=ORIENTED_EDGE('',*,*,#6351,.F.);
#8234=ORIENTED_EDGE('',*,*,#6349,.T.);
#8235=ORIENTED_EDGE('',*,*,#6348,.T.);
#8236=ORIENTED_EDGE('',*,*,#6360,.T.);
#8237=ORIENTED_EDGE('',*,*,#6361,.F.);
#8238=ORIENTED_EDGE('',*,*,#6362,.F.);
#8239=ORIENTED_EDGE('',*,*,#6363,.T.);
#8240=ORIENTED_EDGE('',*,*,#6364,.T.);
#8241=ORIENTED_EDGE('',*,*,#6365,.T.);
#8242=ORIENTED_EDGE('',*,*,#6366,.T.);
#8243=ORIENTED_EDGE('',*,*,#6367,.F.);
#8244=ORIENTED_EDGE('',*,*,#6368,.F.);
#8245=ORIENTED_EDGE('',*,*,#6369,.F.);
#8246=ORIENTED_EDGE('',*,*,#6370,.F.);
#8247=ORIENTED_EDGE('',*,*,#6371,.T.);
#8248=ORIENTED_EDGE('',*,*,#6372,.F.);
#8249=ORIENTED_EDGE('',*,*,#6373,.T.);
#8250=ORIENTED_EDGE('',*,*,#6374,.F.);
#8251=ORIENTED_EDGE('',*,*,#6375,.F.);
#8252=ORIENTED_EDGE('',*,*,#6376,.T.);
#8253=ORIENTED_EDGE('',*,*,#6377,.T.);
#8254=ORIENTED_EDGE('',*,*,#6378,.T.);
#8255=ORIENTED_EDGE('',*,*,#6352,.F.);
#8256=ORIENTED_EDGE('',*,*,#6379,.T.);
#8257=ORIENTED_EDGE('',*,*,#6380,.T.);
#8258=ORIENTED_EDGE('',*,*,#6381,.T.);
#8259=ORIENTED_EDGE('',*,*,#6382,.T.);
#8260=ORIENTED_EDGE('',*,*,#6383,.T.);
#8261=ORIENTED_EDGE('',*,*,#6384,.T.);
#8262=ORIENTED_EDGE('',*,*,#6385,.F.);
#8263=ORIENTED_EDGE('',*,*,#6386,.T.);
#8264=ORIENTED_EDGE('',*,*,#6387,.F.);
#8265=ORIENTED_EDGE('',*,*,#6388,.T.);
#8266=ORIENTED_EDGE('',*,*,#6389,.T.);
#8267=ORIENTED_EDGE('',*,*,#6390,.T.);
#8268=ORIENTED_EDGE('',*,*,#6391,.T.);
#8269=ORIENTED_EDGE('',*,*,#6392,.T.);
#8270=ORIENTED_EDGE('',*,*,#6393,.T.);
#8271=ORIENTED_EDGE('',*,*,#6394,.T.);
#8272=ORIENTED_EDGE('',*,*,#6395,.F.);
#8273=ORIENTED_EDGE('',*,*,#6396,.T.);
#8274=ORIENTED_EDGE('',*,*,#6397,.F.);
#8275=ORIENTED_EDGE('',*,*,#6398,.T.);
#8276=ORIENTED_EDGE('',*,*,#6374,.T.);
#8277=ORIENTED_EDGE('',*,*,#6399,.F.);
#8278=ORIENTED_EDGE('',*,*,#6400,.T.);
#8279=ORIENTED_EDGE('',*,*,#6401,.F.);
#8280=ORIENTED_EDGE('',*,*,#6402,.T.);
#8281=ORIENTED_EDGE('',*,*,#6403,.F.);
#8282=ORIENTED_EDGE('',*,*,#6404,.T.);
#8283=ORIENTED_EDGE('',*,*,#6405,.F.);
#8284=ORIENTED_EDGE('',*,*,#6406,.T.);
#8285=ORIENTED_EDGE('',*,*,#6407,.T.);
#8286=ORIENTED_EDGE('',*,*,#6408,.F.);
#8287=ORIENTED_EDGE('',*,*,#6409,.F.);
#8288=ORIENTED_EDGE('',*,*,#6410,.T.);
#8289=ORIENTED_EDGE('',*,*,#6411,.T.);
#8290=ORIENTED_EDGE('',*,*,#6412,.F.);
#8291=ORIENTED_EDGE('',*,*,#6413,.F.);
#8292=ORIENTED_EDGE('',*,*,#6399,.T.);
#8293=ORIENTED_EDGE('',*,*,#6414,.T.);
#8294=ORIENTED_EDGE('',*,*,#6415,.F.);
#8295=ORIENTED_EDGE('',*,*,#6407,.F.);
#8296=ORIENTED_EDGE('',*,*,#6406,.F.);
#8297=ORIENTED_EDGE('',*,*,#6416,.T.);
#8298=ORIENTED_EDGE('',*,*,#6417,.F.);
#8299=ORIENTED_EDGE('',*,*,#6414,.F.);
#8300=ORIENTED_EDGE('',*,*,#6405,.T.);
#8301=ORIENTED_EDGE('',*,*,#6418,.T.);
#8302=ORIENTED_EDGE('',*,*,#6419,.F.);
#8303=ORIENTED_EDGE('',*,*,#6416,.F.);
#8304=ORIENTED_EDGE('',*,*,#6404,.F.);
#8305=ORIENTED_EDGE('',*,*,#6418,.F.);
#8306=ORIENTED_EDGE('',*,*,#6403,.T.);
#8307=ORIENTED_EDGE('',*,*,#6420,.T.);
#8308=ORIENTED_EDGE('',*,*,#6421,.F.);
#8309=ORIENTED_EDGE('',*,*,#6422,.F.);
#8310=ORIENTED_EDGE('',*,*,#6423,.F.);
#8311=ORIENTED_EDGE('',*,*,#6424,.T.);
#8312=ORIENTED_EDGE('',*,*,#6425,.F.);
#8313=ORIENTED_EDGE('',*,*,#6426,.F.);
#8314=ORIENTED_EDGE('',*,*,#6427,.T.);
#8315=ORIENTED_EDGE('',*,*,#6428,.F.);
#8316=ORIENTED_EDGE('',*,*,#6429,.T.);
#8317=ORIENTED_EDGE('',*,*,#6430,.F.);
#8318=ORIENTED_EDGE('',*,*,#6431,.F.);
#8319=ORIENTED_EDGE('',*,*,#6432,.F.);
#8320=ORIENTED_EDGE('',*,*,#6433,.T.);
#8321=ORIENTED_EDGE('',*,*,#6434,.T.);
#8322=ORIENTED_EDGE('',*,*,#6435,.F.);
#8323=ORIENTED_EDGE('',*,*,#6436,.F.);
#8324=ORIENTED_EDGE('',*,*,#6437,.F.);
#8325=ORIENTED_EDGE('',*,*,#6438,.T.);
#8326=ORIENTED_EDGE('',*,*,#6439,.F.);
#8327=ORIENTED_EDGE('',*,*,#6440,.T.);
#8328=ORIENTED_EDGE('',*,*,#6441,.T.);
#8329=ORIENTED_EDGE('',*,*,#6442,.F.);
#8330=ORIENTED_EDGE('',*,*,#6443,.F.);
#8331=ORIENTED_EDGE('',*,*,#6444,.F.);
#8332=ORIENTED_EDGE('',*,*,#6445,.T.);
#8333=ORIENTED_EDGE('',*,*,#6446,.F.);
#8334=ORIENTED_EDGE('',*,*,#6447,.T.);
#8335=ORIENTED_EDGE('',*,*,#6448,.F.);
#8336=ORIENTED_EDGE('',*,*,#6449,.T.);
#8337=ORIENTED_EDGE('',*,*,#6450,.T.);
#8338=ORIENTED_EDGE('',*,*,#6451,.T.);
#8339=ORIENTED_EDGE('',*,*,#6452,.F.);
#8340=ORIENTED_EDGE('',*,*,#6453,.T.);
#8341=ORIENTED_EDGE('',*,*,#6454,.T.);
#8342=ORIENTED_EDGE('',*,*,#6455,.F.);
#8343=ORIENTED_EDGE('',*,*,#6456,.F.);
#8344=ORIENTED_EDGE('',*,*,#6457,.T.);
#8345=ORIENTED_EDGE('',*,*,#6458,.T.);
#8346=ORIENTED_EDGE('',*,*,#6459,.T.);
#8347=ORIENTED_EDGE('',*,*,#6460,.F.);
#8348=ORIENTED_EDGE('',*,*,#6461,.F.);
#8349=ORIENTED_EDGE('',*,*,#6462,.F.);
#8350=ORIENTED_EDGE('',*,*,#6463,.F.);
#8351=ORIENTED_EDGE('',*,*,#6464,.F.);
#8352=ORIENTED_EDGE('',*,*,#6465,.F.);
#8353=ORIENTED_EDGE('',*,*,#6466,.F.);
#8354=ORIENTED_EDGE('',*,*,#6467,.F.);
#8355=ORIENTED_EDGE('',*,*,#6468,.F.);
#8356=ORIENTED_EDGE('',*,*,#6469,.F.);
#8357=ORIENTED_EDGE('',*,*,#6470,.F.);
#8358=ORIENTED_EDGE('',*,*,#6471,.F.);
#8359=ORIENTED_EDGE('',*,*,#6417,.T.);
#8360=ORIENTED_EDGE('',*,*,#6419,.T.);
#8361=ORIENTED_EDGE('',*,*,#6425,.T.);
#8362=ORIENTED_EDGE('',*,*,#6472,.T.);
#8363=ORIENTED_EDGE('',*,*,#6421,.T.);
#8364=ORIENTED_EDGE('',*,*,#6473,.T.);
#8365=ORIENTED_EDGE('',*,*,#6474,.T.);
#8366=ORIENTED_EDGE('',*,*,#6475,.T.);
#8367=ORIENTED_EDGE('',*,*,#6412,.T.);
#8368=ORIENTED_EDGE('',*,*,#6476,.T.);
#8369=ORIENTED_EDGE('',*,*,#6408,.T.);
#8370=ORIENTED_EDGE('',*,*,#6415,.T.);
#8371=ORIENTED_EDGE('',*,*,#6477,.F.);
#8372=ORIENTED_EDGE('',*,*,#6478,.T.);
#8373=ORIENTED_EDGE('',*,*,#6460,.T.);
#8374=ORIENTED_EDGE('',*,*,#6478,.F.);
#8375=ORIENTED_EDGE('',*,*,#6479,.T.);
#8376=ORIENTED_EDGE('',*,*,#6480,.T.);
#8377=ORIENTED_EDGE('',*,*,#6481,.T.);
#8378=ORIENTED_EDGE('',*,*,#6482,.T.);
#8379=ORIENTED_EDGE('',*,*,#6483,.T.);
#8380=ORIENTED_EDGE('',*,*,#6484,.T.);
#8381=ORIENTED_EDGE('',*,*,#6477,.T.);
#8382=ORIENTED_EDGE('',*,*,#6485,.F.);
#8383=ORIENTED_EDGE('',*,*,#6479,.F.);
#8384=ORIENTED_EDGE('',*,*,#6486,.F.);
#8385=ORIENTED_EDGE('',*,*,#6487,.F.);
#8386=ORIENTED_EDGE('',*,*,#6488,.F.);
#8387=ORIENTED_EDGE('',*,*,#6480,.F.);
#8388=ORIENTED_EDGE('',*,*,#6485,.T.);
#8389=ORIENTED_EDGE('',*,*,#6489,.F.);
#8390=ORIENTED_EDGE('',*,*,#6490,.F.);
#8391=ORIENTED_EDGE('',*,*,#6481,.F.);
#8392=ORIENTED_EDGE('',*,*,#6488,.T.);
#8393=ORIENTED_EDGE('',*,*,#6491,.F.);
#8394=ORIENTED_EDGE('',*,*,#6492,.F.);
#8395=ORIENTED_EDGE('',*,*,#6482,.F.);
#8396=ORIENTED_EDGE('',*,*,#6490,.T.);
#8397=ORIENTED_EDGE('',*,*,#6493,.F.);
#8398=ORIENTED_EDGE('',*,*,#6494,.F.);
#8399=ORIENTED_EDGE('',*,*,#6483,.F.);
#8400=ORIENTED_EDGE('',*,*,#6492,.T.);
#8401=ORIENTED_EDGE('',*,*,#6495,.F.);
#8402=ORIENTED_EDGE('',*,*,#6486,.T.);
#8403=ORIENTED_EDGE('',*,*,#6484,.F.);
#8404=ORIENTED_EDGE('',*,*,#6494,.T.);
#8405=ORIENTED_EDGE('',*,*,#6496,.F.);
#8406=ORIENTED_EDGE('',*,*,#6497,.F.);
#8407=ORIENTED_EDGE('',*,*,#6498,.T.);
#8408=ORIENTED_EDGE('',*,*,#6499,.T.);
#8409=ORIENTED_EDGE('',*,*,#6500,.T.);
#8410=ORIENTED_EDGE('',*,*,#6501,.F.);
#8411=ORIENTED_EDGE('',*,*,#6502,.T.);
#8412=ORIENTED_EDGE('',*,*,#6503,.T.);
#8413=ORIENTED_EDGE('',*,*,#6504,.T.);
#8414=ORIENTED_EDGE('',*,*,#6505,.T.);
#8415=ORIENTED_EDGE('',*,*,#6506,.T.);
#8416=ORIENTED_EDGE('',*,*,#6507,.T.);
#8417=ORIENTED_EDGE('',*,*,#6508,.T.);
#8418=ORIENTED_EDGE('',*,*,#6509,.T.);
#8419=ORIENTED_EDGE('',*,*,#6510,.T.);
#8420=ORIENTED_EDGE('',*,*,#6511,.T.);
#8421=ORIENTED_EDGE('',*,*,#6512,.T.);
#8422=ORIENTED_EDGE('',*,*,#6513,.T.);
#8423=ORIENTED_EDGE('',*,*,#6514,.T.);
#8424=ORIENTED_EDGE('',*,*,#6515,.T.);
#8425=ORIENTED_EDGE('',*,*,#6516,.T.);
#8426=ORIENTED_EDGE('',*,*,#6517,.T.);
#8427=ORIENTED_EDGE('',*,*,#6518,.T.);
#8428=ORIENTED_EDGE('',*,*,#6519,.T.);
#8429=ORIENTED_EDGE('',*,*,#6520,.T.);
#8430=ORIENTED_EDGE('',*,*,#6521,.T.);
#8431=ORIENTED_EDGE('',*,*,#6522,.T.);
#8432=ORIENTED_EDGE('',*,*,#6523,.T.);
#8433=ORIENTED_EDGE('',*,*,#6524,.T.);
#8434=ORIENTED_EDGE('',*,*,#6525,.T.);
#8435=ORIENTED_EDGE('',*,*,#6526,.T.);
#8436=ORIENTED_EDGE('',*,*,#6527,.T.);
#8437=ORIENTED_EDGE('',*,*,#6528,.T.);
#8438=ORIENTED_EDGE('',*,*,#6529,.F.);
#8439=ORIENTED_EDGE('',*,*,#6530,.T.);
#8440=ORIENTED_EDGE('',*,*,#6531,.T.);
#8441=ORIENTED_EDGE('',*,*,#6532,.T.);
#8442=ORIENTED_EDGE('',*,*,#6533,.T.);
#8443=ORIENTED_EDGE('',*,*,#6534,.T.);
#8444=ORIENTED_EDGE('',*,*,#6535,.T.);
#8445=ORIENTED_EDGE('',*,*,#6536,.T.);
#8446=ORIENTED_EDGE('',*,*,#6537,.T.);
#8447=ORIENTED_EDGE('',*,*,#6538,.T.);
#8448=ORIENTED_EDGE('',*,*,#6539,.T.);
#8449=ORIENTED_EDGE('',*,*,#6540,.T.);
#8450=ORIENTED_EDGE('',*,*,#6541,.T.);
#8451=ORIENTED_EDGE('',*,*,#6542,.T.);
#8452=ORIENTED_EDGE('',*,*,#6543,.F.);
#8453=ORIENTED_EDGE('',*,*,#6544,.T.);
#8454=ORIENTED_EDGE('',*,*,#6545,.T.);
#8455=ORIENTED_EDGE('',*,*,#6546,.T.);
#8456=ORIENTED_EDGE('',*,*,#6547,.T.);
#8457=ORIENTED_EDGE('',*,*,#6548,.T.);
#8458=ORIENTED_EDGE('',*,*,#6549,.T.);
#8459=ORIENTED_EDGE('',*,*,#6550,.T.);
#8460=ORIENTED_EDGE('',*,*,#6551,.T.);
#8461=ORIENTED_EDGE('',*,*,#6552,.T.);
#8462=ORIENTED_EDGE('',*,*,#6553,.T.);
#8463=ORIENTED_EDGE('',*,*,#6554,.T.);
#8464=ORIENTED_EDGE('',*,*,#6555,.T.);
#8465=ORIENTED_EDGE('',*,*,#6556,.T.);
#8466=ORIENTED_EDGE('',*,*,#6557,.T.);
#8467=ORIENTED_EDGE('',*,*,#6558,.T.);
#8468=ORIENTED_EDGE('',*,*,#6559,.T.);
#8469=ORIENTED_EDGE('',*,*,#6560,.T.);
#8470=ORIENTED_EDGE('',*,*,#6496,.T.);
#8471=ORIENTED_EDGE('',*,*,#6495,.T.);
#8472=ORIENTED_EDGE('',*,*,#6493,.T.);
#8473=ORIENTED_EDGE('',*,*,#6491,.T.);
#8474=ORIENTED_EDGE('',*,*,#6489,.T.);
#8475=ORIENTED_EDGE('',*,*,#6487,.T.);
#8476=ORIENTED_EDGE('',*,*,#6561,.F.);
#8477=ORIENTED_EDGE('',*,*,#6562,.T.);
#8478=ORIENTED_EDGE('',*,*,#6563,.T.);
#8479=ORIENTED_EDGE('',*,*,#6564,.T.);
#8480=ORIENTED_EDGE('',*,*,#6565,.T.);
#8481=ORIENTED_EDGE('',*,*,#6566,.T.);
#8482=ORIENTED_EDGE('',*,*,#6567,.T.);
#8483=ORIENTED_EDGE('',*,*,#6568,.T.);
#8484=ORIENTED_EDGE('',*,*,#6569,.T.);
#8485=ORIENTED_EDGE('',*,*,#6570,.T.);
#8486=ORIENTED_EDGE('',*,*,#6571,.T.);
#8487=ORIENTED_EDGE('',*,*,#6572,.T.);
#8488=ORIENTED_EDGE('',*,*,#6573,.T.);
#8489=ORIENTED_EDGE('',*,*,#6574,.T.);
#8490=ORIENTED_EDGE('',*,*,#6575,.F.);
#8491=ORIENTED_EDGE('',*,*,#6576,.T.);
#8492=ORIENTED_EDGE('',*,*,#6577,.F.);
#8493=ORIENTED_EDGE('',*,*,#6578,.T.);
#8494=ORIENTED_EDGE('',*,*,#6579,.T.);
#8495=ORIENTED_EDGE('',*,*,#6580,.T.);
#8496=ORIENTED_EDGE('',*,*,#6581,.T.);
#8497=ORIENTED_EDGE('',*,*,#6582,.T.);
#8498=ORIENTED_EDGE('',*,*,#6583,.F.);
#8499=ORIENTED_EDGE('',*,*,#6584,.T.);
#8500=ORIENTED_EDGE('',*,*,#6585,.T.);
#8501=ORIENTED_EDGE('',*,*,#6586,.T.);
#8502=ORIENTED_EDGE('',*,*,#6587,.T.);
#8503=ORIENTED_EDGE('',*,*,#6588,.T.);
#8504=ORIENTED_EDGE('',*,*,#6589,.F.);
#8505=ORIENTED_EDGE('',*,*,#6590,.T.);
#8506=ORIENTED_EDGE('',*,*,#6591,.F.);
#8507=ORIENTED_EDGE('',*,*,#6592,.T.);
#8508=ORIENTED_EDGE('',*,*,#6593,.T.);
#8509=ORIENTED_EDGE('',*,*,#6594,.T.);
#8510=ORIENTED_EDGE('',*,*,#6595,.T.);
#8511=ORIENTED_EDGE('',*,*,#6596,.T.);
#8512=ORIENTED_EDGE('',*,*,#6597,.F.);
#8513=ORIENTED_EDGE('',*,*,#6598,.T.);
#8514=ORIENTED_EDGE('',*,*,#6599,.T.);
#8515=ORIENTED_EDGE('',*,*,#6600,.T.);
#8516=ORIENTED_EDGE('',*,*,#6601,.T.);
#8517=ORIENTED_EDGE('',*,*,#6602,.T.);
#8518=ORIENTED_EDGE('',*,*,#6603,.T.);
#8519=ORIENTED_EDGE('',*,*,#6604,.F.);
#8520=ORIENTED_EDGE('',*,*,#6605,.T.);
#8521=ORIENTED_EDGE('',*,*,#6505,.F.);
#8522=ORIENTED_EDGE('',*,*,#6606,.F.);
#8523=ORIENTED_EDGE('',*,*,#6607,.F.);
#8524=ORIENTED_EDGE('',*,*,#6603,.F.);
#8525=ORIENTED_EDGE('',*,*,#6510,.F.);
#8526=ORIENTED_EDGE('',*,*,#6608,.F.);
#8527=ORIENTED_EDGE('',*,*,#6609,.F.);
#8528=ORIENTED_EDGE('',*,*,#6606,.T.);
#8529=ORIENTED_EDGE('',*,*,#6509,.F.);
#8530=ORIENTED_EDGE('',*,*,#6610,.F.);
#8531=ORIENTED_EDGE('',*,*,#6611,.F.);
#8532=ORIENTED_EDGE('',*,*,#6608,.T.);
#8533=ORIENTED_EDGE('',*,*,#6508,.F.);
#8534=ORIENTED_EDGE('',*,*,#6612,.F.);
#8535=ORIENTED_EDGE('',*,*,#6613,.F.);
#8536=ORIENTED_EDGE('',*,*,#6610,.T.);
#8537=ORIENTED_EDGE('',*,*,#6507,.F.);
#8538=ORIENTED_EDGE('',*,*,#6605,.F.);
#8539=ORIENTED_EDGE('',*,*,#6614,.F.);
#8540=ORIENTED_EDGE('',*,*,#6612,.T.);
#8541=ORIENTED_EDGE('',*,*,#6506,.F.);
#8542=ORIENTED_EDGE('',*,*,#6607,.T.);
#8543=ORIENTED_EDGE('',*,*,#6609,.T.);
#8544=ORIENTED_EDGE('',*,*,#6611,.T.);
#8545=ORIENTED_EDGE('',*,*,#6613,.T.);
#8546=ORIENTED_EDGE('',*,*,#6614,.T.);
#8547=ORIENTED_EDGE('',*,*,#6604,.T.);
#8548=ORIENTED_EDGE('',*,*,#6615,.T.);
#8549=ORIENTED_EDGE('',*,*,#6615,.F.);
#8550=ORIENTED_EDGE('',*,*,#6616,.T.);
#8551=ORIENTED_EDGE('',*,*,#6465,.T.);
#8552=ORIENTED_EDGE('',*,*,#6616,.F.);
#8553=ORIENTED_EDGE('',*,*,#6617,.T.);
#8554=ORIENTED_EDGE('',*,*,#6618,.F.);
#8555=ORIENTED_EDGE('',*,*,#6619,.T.);
#8556=ORIENTED_EDGE('',*,*,#6533,.F.);
#8557=ORIENTED_EDGE('',*,*,#6620,.F.);
#8558=ORIENTED_EDGE('',*,*,#6621,.F.);
#8559=ORIENTED_EDGE('',*,*,#6617,.F.);
#8560=ORIENTED_EDGE('',*,*,#6538,.F.);
#8561=ORIENTED_EDGE('',*,*,#6622,.F.);
#8562=ORIENTED_EDGE('',*,*,#6623,.F.);
#8563=ORIENTED_EDGE('',*,*,#6620,.T.);
#8564=ORIENTED_EDGE('',*,*,#6537,.F.);
#8565=ORIENTED_EDGE('',*,*,#6624,.F.);
#8566=ORIENTED_EDGE('',*,*,#6625,.F.);
#8567=ORIENTED_EDGE('',*,*,#6622,.T.);
#8568=ORIENTED_EDGE('',*,*,#6536,.F.);
#8569=ORIENTED_EDGE('',*,*,#6626,.F.);
#8570=ORIENTED_EDGE('',*,*,#6627,.F.);
#8571=ORIENTED_EDGE('',*,*,#6624,.T.);
#8572=ORIENTED_EDGE('',*,*,#6535,.F.);
#8573=ORIENTED_EDGE('',*,*,#6619,.F.);
#8574=ORIENTED_EDGE('',*,*,#6628,.F.);
#8575=ORIENTED_EDGE('',*,*,#6626,.T.);
#8576=ORIENTED_EDGE('',*,*,#6534,.F.);
#8577=ORIENTED_EDGE('',*,*,#6621,.T.);
#8578=ORIENTED_EDGE('',*,*,#6623,.T.);
#8579=ORIENTED_EDGE('',*,*,#6625,.T.);
#8580=ORIENTED_EDGE('',*,*,#6627,.T.);
#8581=ORIENTED_EDGE('',*,*,#6628,.T.);
#8582=ORIENTED_EDGE('',*,*,#6618,.T.);
#8583=ORIENTED_EDGE('',*,*,#6629,.T.);
#8584=ORIENTED_EDGE('',*,*,#6629,.F.);
#8585=ORIENTED_EDGE('',*,*,#6630,.T.);
#8586=ORIENTED_EDGE('',*,*,#6462,.T.);
#8587=ORIENTED_EDGE('',*,*,#6630,.F.);
#8588=ORIENTED_EDGE('',*,*,#6631,.T.);
#8589=ORIENTED_EDGE('',*,*,#6632,.F.);
#8590=ORIENTED_EDGE('',*,*,#6633,.T.);
#8591=ORIENTED_EDGE('',*,*,#6547,.F.);
#8592=ORIENTED_EDGE('',*,*,#6634,.F.);
#8593=ORIENTED_EDGE('',*,*,#6635,.F.);
#8594=ORIENTED_EDGE('',*,*,#6631,.F.);
#8595=ORIENTED_EDGE('',*,*,#6552,.F.);
#8596=ORIENTED_EDGE('',*,*,#6636,.F.);
#8597=ORIENTED_EDGE('',*,*,#6637,.F.);
#8598=ORIENTED_EDGE('',*,*,#6634,.T.);
#8599=ORIENTED_EDGE('',*,*,#6551,.F.);
#8600=ORIENTED_EDGE('',*,*,#6638,.F.);
#8601=ORIENTED_EDGE('',*,*,#6639,.F.);
#8602=ORIENTED_EDGE('',*,*,#6636,.T.);
#8603=ORIENTED_EDGE('',*,*,#6550,.F.);
#8604=ORIENTED_EDGE('',*,*,#6640,.F.);
#8605=ORIENTED_EDGE('',*,*,#6641,.F.);
#8606=ORIENTED_EDGE('',*,*,#6638,.T.);
#8607=ORIENTED_EDGE('',*,*,#6549,.F.);
#8608=ORIENTED_EDGE('',*,*,#6633,.F.);
#8609=ORIENTED_EDGE('',*,*,#6642,.F.);
#8610=ORIENTED_EDGE('',*,*,#6640,.T.);
#8611=ORIENTED_EDGE('',*,*,#6548,.F.);
#8612=ORIENTED_EDGE('',*,*,#6635,.T.);
#8613=ORIENTED_EDGE('',*,*,#6637,.T.);
#8614=ORIENTED_EDGE('',*,*,#6639,.T.);
#8615=ORIENTED_EDGE('',*,*,#6641,.T.);
#8616=ORIENTED_EDGE('',*,*,#6642,.T.);
#8617=ORIENTED_EDGE('',*,*,#6632,.T.);
#8618=ORIENTED_EDGE('',*,*,#6643,.T.);
#8619=ORIENTED_EDGE('',*,*,#6643,.F.);
#8620=ORIENTED_EDGE('',*,*,#6644,.T.);
#8621=ORIENTED_EDGE('',*,*,#6466,.T.);
#8622=ORIENTED_EDGE('',*,*,#6644,.F.);
#8623=ORIENTED_EDGE('',*,*,#6645,.T.);
#8624=ORIENTED_EDGE('',*,*,#6646,.F.);
#8625=ORIENTED_EDGE('',*,*,#6647,.T.);
#8626=ORIENTED_EDGE('',*,*,#6569,.F.);
#8627=ORIENTED_EDGE('',*,*,#6648,.F.);
#8628=ORIENTED_EDGE('',*,*,#6649,.F.);
#8629=ORIENTED_EDGE('',*,*,#6645,.F.);
#8630=ORIENTED_EDGE('',*,*,#6574,.F.);
#8631=ORIENTED_EDGE('',*,*,#6650,.F.);
#8632=ORIENTED_EDGE('',*,*,#6651,.F.);
#8633=ORIENTED_EDGE('',*,*,#6648,.T.);
#8634=ORIENTED_EDGE('',*,*,#6573,.F.);
#8635=ORIENTED_EDGE('',*,*,#6652,.F.);
#8636=ORIENTED_EDGE('',*,*,#6653,.F.);
#8637=ORIENTED_EDGE('',*,*,#6650,.T.);
#8638=ORIENTED_EDGE('',*,*,#6572,.F.);
#8639=ORIENTED_EDGE('',*,*,#6654,.F.);
#8640=ORIENTED_EDGE('',*,*,#6655,.F.);
#8641=ORIENTED_EDGE('',*,*,#6652,.T.);
#8642=ORIENTED_EDGE('',*,*,#6571,.F.);
#8643=ORIENTED_EDGE('',*,*,#6647,.F.);
#8644=ORIENTED_EDGE('',*,*,#6656,.F.);
#8645=ORIENTED_EDGE('',*,*,#6654,.T.);
#8646=ORIENTED_EDGE('',*,*,#6570,.F.);
#8647=ORIENTED_EDGE('',*,*,#6649,.T.);
#8648=ORIENTED_EDGE('',*,*,#6651,.T.);
#8649=ORIENTED_EDGE('',*,*,#6653,.T.);
#8650=ORIENTED_EDGE('',*,*,#6655,.T.);
#8651=ORIENTED_EDGE('',*,*,#6656,.T.);
#8652=ORIENTED_EDGE('',*,*,#6646,.T.);
#8653=ORIENTED_EDGE('',*,*,#6657,.T.);
#8654=ORIENTED_EDGE('',*,*,#6657,.F.);
#8655=ORIENTED_EDGE('',*,*,#6658,.T.);
#8656=ORIENTED_EDGE('',*,*,#6467,.T.);
#8657=ORIENTED_EDGE('',*,*,#6658,.F.);
#8658=ORIENTED_EDGE('',*,*,#6659,.T.);
#8659=ORIENTED_EDGE('',*,*,#6660,.F.);
#8660=ORIENTED_EDGE('',*,*,#6661,.T.);
#8661=ORIENTED_EDGE('',*,*,#6519,.F.);
#8662=ORIENTED_EDGE('',*,*,#6662,.F.);
#8663=ORIENTED_EDGE('',*,*,#6663,.F.);
#8664=ORIENTED_EDGE('',*,*,#6659,.F.);
#8665=ORIENTED_EDGE('',*,*,#6524,.F.);
#8666=ORIENTED_EDGE('',*,*,#6664,.F.);
#8667=ORIENTED_EDGE('',*,*,#6665,.F.);
#8668=ORIENTED_EDGE('',*,*,#6662,.T.);
#8669=ORIENTED_EDGE('',*,*,#6523,.F.);
#8670=ORIENTED_EDGE('',*,*,#6666,.F.);
#8671=ORIENTED_EDGE('',*,*,#6667,.F.);
#8672=ORIENTED_EDGE('',*,*,#6664,.T.);
#8673=ORIENTED_EDGE('',*,*,#6522,.F.);
#8674=ORIENTED_EDGE('',*,*,#6668,.F.);
#8675=ORIENTED_EDGE('',*,*,#6669,.F.);
#8676=ORIENTED_EDGE('',*,*,#6666,.T.);
#8677=ORIENTED_EDGE('',*,*,#6521,.F.);
#8678=ORIENTED_EDGE('',*,*,#6661,.F.);
#8679=ORIENTED_EDGE('',*,*,#6670,.F.);
#8680=ORIENTED_EDGE('',*,*,#6668,.T.);
#8681=ORIENTED_EDGE('',*,*,#6520,.F.);
#8682=ORIENTED_EDGE('',*,*,#6663,.T.);
#8683=ORIENTED_EDGE('',*,*,#6665,.T.);
#8684=ORIENTED_EDGE('',*,*,#6667,.T.);
#8685=ORIENTED_EDGE('',*,*,#6669,.T.);
#8686=ORIENTED_EDGE('',*,*,#6670,.T.);
#8687=ORIENTED_EDGE('',*,*,#6660,.T.);
#8688=ORIENTED_EDGE('',*,*,#6671,.T.);
#8689=ORIENTED_EDGE('',*,*,#6671,.F.);
#8690=ORIENTED_EDGE('',*,*,#6672,.T.);
#8691=ORIENTED_EDGE('',*,*,#6464,.T.);
#8692=ORIENTED_EDGE('',*,*,#6672,.F.);
#8693=ORIENTED_EDGE('',*,*,#6525,.F.);
#8694=ORIENTED_EDGE('',*,*,#6673,.F.);
#8695=ORIENTED_EDGE('',*,*,#6674,.T.);
#8696=ORIENTED_EDGE('',*,*,#6675,.T.);
#8697=ORIENTED_EDGE('',*,*,#6497,.T.);
#8698=ORIENTED_EDGE('',*,*,#6676,.F.);
#8699=ORIENTED_EDGE('',*,*,#6677,.T.);
#8700=ORIENTED_EDGE('',*,*,#6678,.T.);
#8701=ORIENTED_EDGE('',*,*,#6388,.F.);
#8702=ORIENTED_EDGE('',*,*,#6679,.F.);
#8703=ORIENTED_EDGE('',*,*,#6680,.F.);
#8704=ORIENTED_EDGE('',*,*,#6681,.T.);
#8705=ORIENTED_EDGE('',*,*,#6539,.F.);
#8706=ORIENTED_EDGE('',*,*,#6682,.F.);
#8707=ORIENTED_EDGE('',*,*,#6683,.F.);
#8708=ORIENTED_EDGE('',*,*,#6684,.T.);
#8709=ORIENTED_EDGE('',*,*,#6684,.F.);
#8710=ORIENTED_EDGE('',*,*,#6685,.T.);
#8711=ORIENTED_EDGE('',*,*,#6686,.T.);
#8712=ORIENTED_EDGE('',*,*,#6526,.F.);
#8713=ORIENTED_EDGE('',*,*,#6687,.T.);
#8714=ORIENTED_EDGE('',*,*,#6688,.T.);
#8715=ORIENTED_EDGE('',*,*,#6527,.F.);
#8716=ORIENTED_EDGE('',*,*,#6686,.F.);
#8717=ORIENTED_EDGE('',*,*,#6689,.T.);
#8718=ORIENTED_EDGE('',*,*,#6690,.F.);
#8719=ORIENTED_EDGE('',*,*,#6691,.F.);
#8720=ORIENTED_EDGE('',*,*,#6692,.F.);
#8721=ORIENTED_EDGE('',*,*,#6693,.F.);
#8722=ORIENTED_EDGE('',*,*,#6694,.T.);
#8723=ORIENTED_EDGE('',*,*,#6695,.F.);
#8724=ORIENTED_EDGE('',*,*,#6696,.T.);
#8725=ORIENTED_EDGE('',*,*,#6697,.F.);
#8726=ORIENTED_EDGE('',*,*,#6698,.T.);
#8727=ORIENTED_EDGE('',*,*,#6699,.T.);
#8728=ORIENTED_EDGE('',*,*,#6700,.T.);
#8729=ORIENTED_EDGE('',*,*,#6674,.F.);
#8730=ORIENTED_EDGE('',*,*,#6701,.F.);
#8731=ORIENTED_EDGE('',*,*,#6702,.F.);
#8732=ORIENTED_EDGE('',*,*,#6703,.F.);
#8733=ORIENTED_EDGE('',*,*,#6704,.T.);
#8734=ORIENTED_EDGE('',*,*,#6705,.F.);
#8735=ORIENTED_EDGE('',*,*,#6706,.F.);
#8736=ORIENTED_EDGE('',*,*,#6707,.F.);
#8737=ORIENTED_EDGE('',*,*,#6677,.F.);
#8738=ORIENTED_EDGE('',*,*,#6708,.F.);
#8739=ORIENTED_EDGE('',*,*,#6709,.F.);
#8740=ORIENTED_EDGE('',*,*,#6710,.F.);
#8741=ORIENTED_EDGE('',*,*,#6711,.T.);
#8742=ORIENTED_EDGE('',*,*,#6712,.F.);
#8743=ORIENTED_EDGE('',*,*,#6713,.F.);
#8744=ORIENTED_EDGE('',*,*,#6714,.F.);
#8745=ORIENTED_EDGE('',*,*,#6715,.T.);
#8746=ORIENTED_EDGE('',*,*,#6716,.F.);
#8747=ORIENTED_EDGE('',*,*,#6717,.F.);
#8748=ORIENTED_EDGE('',*,*,#6718,.F.);
#8749=ORIENTED_EDGE('',*,*,#6719,.F.);
#8750=ORIENTED_EDGE('',*,*,#6720,.F.);
#8751=ORIENTED_EDGE('',*,*,#6721,.F.);
#8752=ORIENTED_EDGE('',*,*,#6722,.F.);
#8753=ORIENTED_EDGE('',*,*,#6723,.T.);
#8754=ORIENTED_EDGE('',*,*,#6724,.T.);
#8755=ORIENTED_EDGE('',*,*,#6725,.T.);
#8756=ORIENTED_EDGE('',*,*,#6726,.T.);
#8757=ORIENTED_EDGE('',*,*,#6727,.F.);
#8758=ORIENTED_EDGE('',*,*,#6728,.F.);
#8759=ORIENTED_EDGE('',*,*,#6729,.F.);
#8760=ORIENTED_EDGE('',*,*,#6730,.F.);
#8761=ORIENTED_EDGE('',*,*,#6683,.T.);
#8762=ORIENTED_EDGE('',*,*,#6731,.F.);
#8763=ORIENTED_EDGE('',*,*,#6732,.F.);
#8764=ORIENTED_EDGE('',*,*,#6733,.F.);
#8765=ORIENTED_EDGE('',*,*,#6734,.T.);
#8766=ORIENTED_EDGE('',*,*,#6735,.F.);
#8767=ORIENTED_EDGE('',*,*,#6687,.F.);
#8768=ORIENTED_EDGE('',*,*,#6685,.F.);
#8769=ORIENTED_EDGE('',*,*,#6680,.T.);
#8770=ORIENTED_EDGE('',*,*,#6736,.T.);
#8771=ORIENTED_EDGE('',*,*,#6737,.T.);
#8772=ORIENTED_EDGE('',*,*,#6738,.T.);
#8773=ORIENTED_EDGE('',*,*,#6739,.T.);
#8774=ORIENTED_EDGE('',*,*,#6740,.F.);
#8775=ORIENTED_EDGE('',*,*,#6741,.F.);
#8776=ORIENTED_EDGE('',*,*,#6742,.F.);
#8777=ORIENTED_EDGE('',*,*,#6743,.F.);
#8778=ORIENTED_EDGE('',*,*,#6744,.F.);
#8779=ORIENTED_EDGE('',*,*,#6745,.F.);
#8780=ORIENTED_EDGE('',*,*,#6746,.F.);
#8781=ORIENTED_EDGE('',*,*,#6747,.F.);
#8782=ORIENTED_EDGE('',*,*,#6748,.F.);
#8783=ORIENTED_EDGE('',*,*,#6749,.F.);
#8784=ORIENTED_EDGE('',*,*,#6750,.F.);
#8785=ORIENTED_EDGE('',*,*,#6751,.F.);
#8786=ORIENTED_EDGE('',*,*,#6752,.F.);
#8787=ORIENTED_EDGE('',*,*,#6753,.F.);
#8788=ORIENTED_EDGE('',*,*,#6754,.F.);
#8789=ORIENTED_EDGE('',*,*,#6755,.F.);
#8790=ORIENTED_EDGE('',*,*,#6756,.F.);
#8791=ORIENTED_EDGE('',*,*,#6757,.F.);
#8792=ORIENTED_EDGE('',*,*,#6376,.F.);
#8793=ORIENTED_EDGE('',*,*,#6758,.F.);
#8794=ORIENTED_EDGE('',*,*,#6759,.F.);
#8795=ORIENTED_EDGE('',*,*,#6760,.F.);
#8796=ORIENTED_EDGE('',*,*,#6761,.F.);
#8797=ORIENTED_EDGE('',*,*,#6762,.F.);
#8798=ORIENTED_EDGE('',*,*,#6763,.T.);
#8799=ORIENTED_EDGE('',*,*,#6764,.F.);
#8800=ORIENTED_EDGE('',*,*,#6765,.F.);
#8801=ORIENTED_EDGE('',*,*,#6766,.F.);
#8802=ORIENTED_EDGE('',*,*,#6767,.F.);
#8803=ORIENTED_EDGE('',*,*,#6768,.F.);
#8804=ORIENTED_EDGE('',*,*,#6769,.T.);
#8805=ORIENTED_EDGE('',*,*,#6770,.T.);
#8806=ORIENTED_EDGE('',*,*,#6771,.T.);
#8807=ORIENTED_EDGE('',*,*,#6772,.T.);
#8808=ORIENTED_EDGE('',*,*,#6773,.T.);
#8809=ORIENTED_EDGE('',*,*,#6774,.T.);
#8810=ORIENTED_EDGE('',*,*,#6775,.T.);
#8811=ORIENTED_EDGE('',*,*,#6776,.T.);
#8812=ORIENTED_EDGE('',*,*,#6777,.F.);
#8813=ORIENTED_EDGE('',*,*,#6778,.T.);
#8814=ORIENTED_EDGE('',*,*,#6779,.T.);
#8815=ORIENTED_EDGE('',*,*,#6780,.T.);
#8816=ORIENTED_EDGE('',*,*,#6781,.T.);
#8817=ORIENTED_EDGE('',*,*,#6782,.T.);
#8818=ORIENTED_EDGE('',*,*,#6783,.F.);
#8819=ORIENTED_EDGE('',*,*,#6784,.F.);
#8820=ORIENTED_EDGE('',*,*,#6785,.F.);
#8821=ORIENTED_EDGE('',*,*,#6786,.F.);
#8822=ORIENTED_EDGE('',*,*,#6787,.F.);
#8823=ORIENTED_EDGE('',*,*,#6334,.T.);
#8824=ORIENTED_EDGE('',*,*,#6788,.T.);
#8825=ORIENTED_EDGE('',*,*,#6789,.T.);
#8826=ORIENTED_EDGE('',*,*,#6790,.T.);
#8827=ORIENTED_EDGE('',*,*,#6791,.T.);
#8828=ORIENTED_EDGE('',*,*,#6792,.T.);
#8829=ORIENTED_EDGE('',*,*,#6793,.T.);
#8830=ORIENTED_EDGE('',*,*,#6794,.T.);
#8831=ORIENTED_EDGE('',*,*,#6340,.T.);
#8832=ORIENTED_EDGE('',*,*,#6795,.T.);
#8833=ORIENTED_EDGE('',*,*,#6796,.T.);
#8834=ORIENTED_EDGE('',*,*,#6797,.F.);
#8835=ORIENTED_EDGE('',*,*,#6798,.F.);
#8836=ORIENTED_EDGE('',*,*,#6799,.F.);
#8837=ORIENTED_EDGE('',*,*,#6800,.F.);
#8838=ORIENTED_EDGE('',*,*,#6801,.F.);
#8839=ORIENTED_EDGE('',*,*,#6802,.T.);
#8840=ORIENTED_EDGE('',*,*,#6803,.T.);
#8841=ORIENTED_EDGE('',*,*,#6804,.T.);
#8842=ORIENTED_EDGE('',*,*,#6805,.F.);
#8843=ORIENTED_EDGE('',*,*,#6806,.T.);
#8844=ORIENTED_EDGE('',*,*,#6807,.T.);
#8845=ORIENTED_EDGE('',*,*,#6808,.T.);
#8846=ORIENTED_EDGE('',*,*,#6809,.T.);
#8847=ORIENTED_EDGE('',*,*,#6810,.T.);
#8848=ORIENTED_EDGE('',*,*,#6811,.T.);
#8849=ORIENTED_EDGE('',*,*,#6812,.T.);
#8850=ORIENTED_EDGE('',*,*,#6813,.T.);
#8851=ORIENTED_EDGE('',*,*,#6689,.F.);
#8852=ORIENTED_EDGE('',*,*,#6814,.T.);
#8853=ORIENTED_EDGE('',*,*,#6815,.F.);
#8854=ORIENTED_EDGE('',*,*,#6816,.F.);
#8855=ORIENTED_EDGE('',*,*,#6817,.T.);
#8856=ORIENTED_EDGE('',*,*,#6818,.T.);
#8857=ORIENTED_EDGE('',*,*,#6819,.T.);
#8858=ORIENTED_EDGE('',*,*,#6820,.T.);
#8859=ORIENTED_EDGE('',*,*,#6821,.T.);
#8860=ORIENTED_EDGE('',*,*,#6822,.T.);
#8861=ORIENTED_EDGE('',*,*,#6220,.F.);
#8862=ORIENTED_EDGE('',*,*,#6823,.F.);
#8863=ORIENTED_EDGE('',*,*,#6690,.T.);
#8864=ORIENTED_EDGE('',*,*,#6816,.T.);
#8865=ORIENTED_EDGE('',*,*,#6824,.F.);
#8866=ORIENTED_EDGE('',*,*,#6825,.F.);
#8867=ORIENTED_EDGE('',*,*,#6755,.T.);
#8868=ORIENTED_EDGE('',*,*,#6826,.T.);
#8869=ORIENTED_EDGE('',*,*,#6565,.F.);
#8870=ORIENTED_EDGE('',*,*,#6827,.F.);
#8871=ORIENTED_EDGE('',*,*,#6747,.T.);
#8872=ORIENTED_EDGE('',*,*,#6828,.T.);
#8873=ORIENTED_EDGE('',*,*,#6557,.F.);
#8874=ORIENTED_EDGE('',*,*,#6829,.F.);
#8875=ORIENTED_EDGE('',*,*,#6719,.T.);
#8876=ORIENTED_EDGE('',*,*,#6830,.T.);
#8877=ORIENTED_EDGE('',*,*,#6515,.F.);
#8878=ORIENTED_EDGE('',*,*,#6831,.F.);
#8879=ORIENTED_EDGE('',*,*,#6727,.T.);
#8880=ORIENTED_EDGE('',*,*,#6832,.T.);
#8881=ORIENTED_EDGE('',*,*,#6833,.T.);
#8882=ORIENTED_EDGE('',*,*,#6834,.F.);
#8883=ORIENTED_EDGE('',*,*,#6697,.T.);
#8884=ORIENTED_EDGE('',*,*,#6835,.F.);
#8885=ORIENTED_EDGE('',*,*,#6836,.F.);
#8886=ORIENTED_EDGE('',*,*,#6837,.T.);
#8887=ORIENTED_EDGE('',*,*,#6838,.T.);
#8888=ORIENTED_EDGE('',*,*,#6839,.T.);
#8889=ORIENTED_EDGE('',*,*,#6840,.T.);
#8890=ORIENTED_EDGE('',*,*,#6817,.F.);
#8891=ORIENTED_EDGE('',*,*,#6841,.T.);
#8892=ORIENTED_EDGE('',*,*,#6842,.F.);
#8893=ORIENTED_EDGE('',*,*,#6838,.F.);
#8894=ORIENTED_EDGE('',*,*,#6837,.F.);
#8895=ORIENTED_EDGE('',*,*,#6841,.F.);
#8896=ORIENTED_EDGE('',*,*,#6836,.T.);
#8897=ORIENTED_EDGE('',*,*,#6843,.F.);
#8898=ORIENTED_EDGE('',*,*,#6362,.T.);
#8899=ORIENTED_EDGE('',*,*,#6844,.T.);
#8900=ORIENTED_EDGE('',*,*,#6343,.T.);
#8901=ORIENTED_EDGE('',*,*,#6326,.F.);
#8902=ORIENTED_EDGE('',*,*,#6845,.T.);
#8903=ORIENTED_EDGE('',*,*,#6846,.F.);
#8904=ORIENTED_EDGE('',*,*,#6847,.T.);
#8905=ORIENTED_EDGE('',*,*,#6848,.F.);
#8906=ORIENTED_EDGE('',*,*,#6849,.T.);
#8907=ORIENTED_EDGE('',*,*,#6850,.F.);
#8908=ORIENTED_EDGE('',*,*,#6851,.F.);
#8909=ORIENTED_EDGE('',*,*,#6852,.F.);
#8910=ORIENTED_EDGE('',*,*,#6853,.F.);
#8911=ORIENTED_EDGE('',*,*,#6854,.F.);
#8912=ORIENTED_EDGE('',*,*,#6855,.T.);
#8913=ORIENTED_EDGE('',*,*,#6206,.T.);
#8914=ORIENTED_EDGE('',*,*,#6237,.F.);
#8915=ORIENTED_EDGE('',*,*,#6856,.F.);
#8916=ORIENTED_EDGE('',*,*,#6857,.F.);
#8917=ORIENTED_EDGE('',*,*,#6858,.F.);
#8918=ORIENTED_EDGE('',*,*,#6859,.T.);
#8919=ORIENTED_EDGE('',*,*,#6860,.T.);
#8920=ORIENTED_EDGE('',*,*,#6228,.F.);
#8921=ORIENTED_EDGE('',*,*,#6861,.T.);
#8922=ORIENTED_EDGE('',*,*,#6242,.T.);
#8923=ORIENTED_EDGE('',*,*,#6861,.F.);
#8924=ORIENTED_EDGE('',*,*,#6279,.F.);
#8925=ORIENTED_EDGE('',*,*,#6862,.T.);
#8926=ORIENTED_EDGE('',*,*,#6856,.T.);
#8927=ORIENTED_EDGE('',*,*,#6862,.F.);
#8928=ORIENTED_EDGE('',*,*,#6229,.F.);
#8929=ORIENTED_EDGE('',*,*,#6863,.T.);
#8930=ORIENTED_EDGE('',*,*,#6244,.T.);
#8931=ORIENTED_EDGE('',*,*,#6863,.F.);
#8932=ORIENTED_EDGE('',*,*,#6277,.F.);
#8933=ORIENTED_EDGE('',*,*,#6864,.T.);
#8934=ORIENTED_EDGE('',*,*,#6857,.T.);
#8935=ORIENTED_EDGE('',*,*,#6864,.F.);
#8936=ORIENTED_EDGE('',*,*,#6230,.F.);
#8937=ORIENTED_EDGE('',*,*,#6865,.T.);
#8938=ORIENTED_EDGE('',*,*,#6239,.T.);
#8939=ORIENTED_EDGE('',*,*,#6865,.F.);
#8940=ORIENTED_EDGE('',*,*,#6275,.F.);
#8941=ORIENTED_EDGE('',*,*,#6866,.T.);
#8942=ORIENTED_EDGE('',*,*,#6858,.T.);
#8943=ORIENTED_EDGE('',*,*,#6866,.F.);
#8944=ORIENTED_EDGE('',*,*,#6202,.F.);
#8945=ORIENTED_EDGE('',*,*,#6867,.T.);
#8946=ORIENTED_EDGE('',*,*,#6231,.T.);
#8947=ORIENTED_EDGE('',*,*,#6867,.F.);
#8948=ORIENTED_EDGE('',*,*,#6859,.F.);
#8949=ORIENTED_EDGE('',*,*,#6868,.T.);
#8950=ORIENTED_EDGE('',*,*,#6310,.T.);
#8951=ORIENTED_EDGE('',*,*,#6868,.F.);
#8952=ORIENTED_EDGE('',*,*,#6203,.F.);
#8953=ORIENTED_EDGE('',*,*,#6869,.T.);
#8954=ORIENTED_EDGE('',*,*,#6232,.T.);
#8955=ORIENTED_EDGE('',*,*,#6869,.F.);
#8956=ORIENTED_EDGE('',*,*,#6860,.F.);
#8957=ORIENTED_EDGE('',*,*,#6870,.T.);
#8958=ORIENTED_EDGE('',*,*,#6311,.T.);
#8959=ORIENTED_EDGE('',*,*,#6870,.F.);
#8960=ORIENTED_EDGE('',*,*,#6855,.F.);
#8961=ORIENTED_EDGE('',*,*,#6871,.T.);
#8962=ORIENTED_EDGE('',*,*,#6300,.F.);
#8963=ORIENTED_EDGE('',*,*,#6872,.T.);
#8964=ORIENTED_EDGE('',*,*,#6454,.F.);
#8965=ORIENTED_EDGE('',*,*,#6873,.T.);
#8966=ORIENTED_EDGE('',*,*,#6192,.T.);
#8967=ORIENTED_EDGE('',*,*,#6874,.T.);
#8968=ORIENTED_EDGE('',*,*,#6222,.T.);
#8969=ORIENTED_EDGE('',*,*,#6875,.T.);
#8970=ORIENTED_EDGE('',*,*,#6876,.F.);
#8971=ORIENTED_EDGE('',*,*,#6877,.T.);
#8972=ORIENTED_EDGE('',*,*,#6878,.F.);
#8973=ORIENTED_EDGE('',*,*,#6879,.T.);
#8974=ORIENTED_EDGE('',*,*,#6839,.F.);
#8975=ORIENTED_EDGE('',*,*,#6842,.T.);
#8976=ORIENTED_EDGE('',*,*,#6880,.T.);
#8977=ORIENTED_EDGE('',*,*,#6818,.F.);
#8978=ORIENTED_EDGE('',*,*,#6840,.F.);
#8979=ORIENTED_EDGE('',*,*,#6879,.F.);
#8980=ORIENTED_EDGE('',*,*,#6880,.F.);
#8981=ORIENTED_EDGE('',*,*,#6878,.T.);
#8982=ORIENTED_EDGE('',*,*,#6881,.T.);
#8983=ORIENTED_EDGE('',*,*,#6819,.F.);
#8984=ORIENTED_EDGE('',*,*,#6882,.T.);
#8985=ORIENTED_EDGE('',*,*,#6820,.F.);
#8986=ORIENTED_EDGE('',*,*,#6881,.F.);
#8987=ORIENTED_EDGE('',*,*,#6877,.F.);
#8988=ORIENTED_EDGE('',*,*,#6883,.T.);
#8989=ORIENTED_EDGE('',*,*,#6821,.F.);
#8990=ORIENTED_EDGE('',*,*,#6882,.F.);
#8991=ORIENTED_EDGE('',*,*,#6876,.T.);
#8992=ORIENTED_EDGE('',*,*,#6221,.T.);
#8993=ORIENTED_EDGE('',*,*,#6822,.F.);
#8994=ORIENTED_EDGE('',*,*,#6883,.F.);
#8995=ORIENTED_EDGE('',*,*,#6875,.F.);
#8996=ORIENTED_EDGE('',*,*,#6223,.F.);
#8997=ORIENTED_EDGE('',*,*,#6874,.F.);
#8998=ORIENTED_EDGE('',*,*,#6191,.T.);
#8999=ORIENTED_EDGE('',*,*,#6884,.T.);
#9000=ORIENTED_EDGE('',*,*,#6854,.T.);
#9001=ORIENTED_EDGE('',*,*,#6885,.T.);
#9002=ORIENTED_EDGE('',*,*,#6301,.F.);
#9003=ORIENTED_EDGE('',*,*,#6871,.F.);
#9004=ORIENTED_EDGE('',*,*,#6224,.F.);
#9005=ORIENTED_EDGE('',*,*,#6884,.F.);
#9006=ORIENTED_EDGE('',*,*,#6190,.T.);
#9007=ORIENTED_EDGE('',*,*,#6886,.T.);
#9008=ORIENTED_EDGE('',*,*,#6853,.T.);
#9009=ORIENTED_EDGE('',*,*,#6887,.T.);
#9010=ORIENTED_EDGE('',*,*,#6302,.F.);
#9011=ORIENTED_EDGE('',*,*,#6885,.F.);
#9012=ORIENTED_EDGE('',*,*,#6225,.F.);
#9013=ORIENTED_EDGE('',*,*,#6886,.F.);
#9014=ORIENTED_EDGE('',*,*,#6189,.T.);
#9015=ORIENTED_EDGE('',*,*,#6888,.T.);
#9016=ORIENTED_EDGE('',*,*,#6852,.T.);
#9017=ORIENTED_EDGE('',*,*,#6889,.T.);
#9018=ORIENTED_EDGE('',*,*,#6303,.F.);
#9019=ORIENTED_EDGE('',*,*,#6887,.F.);
#9020=ORIENTED_EDGE('',*,*,#6890,.F.);
#9021=ORIENTED_EDGE('',*,*,#6891,.T.);
#9022=ORIENTED_EDGE('',*,*,#6892,.F.);
#9023=ORIENTED_EDGE('',*,*,#6893,.T.);
#9024=ORIENTED_EDGE('',*,*,#6894,.F.);
#9025=ORIENTED_EDGE('',*,*,#6895,.T.);
#9026=ORIENTED_EDGE('',*,*,#6226,.F.);
#9027=ORIENTED_EDGE('',*,*,#6888,.F.);
#9028=ORIENTED_EDGE('',*,*,#6188,.T.);
#9029=ORIENTED_EDGE('',*,*,#6896,.F.);
#9030=ORIENTED_EDGE('',*,*,#6437,.T.);
#9031=ORIENTED_EDGE('',*,*,#6897,.F.);
#9032=ORIENTED_EDGE('',*,*,#6304,.F.);
#9033=ORIENTED_EDGE('',*,*,#6889,.F.);
#9034=ORIENTED_EDGE('',*,*,#6851,.T.);
#9035=ORIENTED_EDGE('',*,*,#6898,.T.);
#9036=ORIENTED_EDGE('',*,*,#6899,.T.);
#9037=ORIENTED_EDGE('',*,*,#6900,.F.);
#9038=ORIENTED_EDGE('',*,*,#6901,.F.);
#9039=ORIENTED_EDGE('',*,*,#6890,.T.);
#9040=ORIENTED_EDGE('',*,*,#6850,.T.);
#9041=ORIENTED_EDGE('',*,*,#6902,.F.);
#9042=ORIENTED_EDGE('',*,*,#6899,.F.);
#9043=ORIENTED_EDGE('',*,*,#6898,.F.);
#9044=ORIENTED_EDGE('',*,*,#6849,.F.);
#9045=ORIENTED_EDGE('',*,*,#6903,.T.);
#9046=ORIENTED_EDGE('',*,*,#6699,.F.);
#9047=ORIENTED_EDGE('',*,*,#6904,.T.);
#9048=ORIENTED_EDGE('',*,*,#6905,.F.);
#9049=ORIENTED_EDGE('',*,*,#6906,.F.);
#9050=ORIENTED_EDGE('',*,*,#6711,.F.);
#9051=ORIENTED_EDGE('',*,*,#6907,.T.);
#9052=ORIENTED_EDGE('',*,*,#6501,.T.);
#9053=ORIENTED_EDGE('',*,*,#6908,.F.);
#9054=ORIENTED_EDGE('',*,*,#6704,.F.);
#9055=ORIENTED_EDGE('',*,*,#6909,.T.);
#9056=ORIENTED_EDGE('',*,*,#6529,.T.);
#9057=ORIENTED_EDGE('',*,*,#6910,.F.);
#9058=ORIENTED_EDGE('',*,*,#6734,.F.);
#9059=ORIENTED_EDGE('',*,*,#6911,.T.);
#9060=ORIENTED_EDGE('',*,*,#6543,.T.);
#9061=ORIENTED_EDGE('',*,*,#6912,.F.);
#9062=ORIENTED_EDGE('',*,*,#6739,.F.);
#9063=ORIENTED_EDGE('',*,*,#6913,.T.);
#9064=ORIENTED_EDGE('',*,*,#6914,.T.);
#9065=ORIENTED_EDGE('',*,*,#6915,.F.);
#9066=ORIENTED_EDGE('',*,*,#6694,.F.);
#9067=ORIENTED_EDGE('',*,*,#6916,.T.);
#9068=ORIENTED_EDGE('',*,*,#6210,.F.);
#9069=ORIENTED_EDGE('',*,*,#6917,.T.);
#9070=ORIENTED_EDGE('',*,*,#6918,.T.);
#9071=ORIENTED_EDGE('',*,*,#6919,.T.);
#9072=ORIENTED_EDGE('',*,*,#6920,.T.);
#9073=ORIENTED_EDGE('',*,*,#6921,.T.);
#9074=ORIENTED_EDGE('',*,*,#6900,.T.);
#9075=ORIENTED_EDGE('',*,*,#6902,.T.);
#9076=ORIENTED_EDGE('',*,*,#6901,.T.);
#9077=ORIENTED_EDGE('',*,*,#6921,.F.);
#9078=ORIENTED_EDGE('',*,*,#6922,.F.);
#9079=ORIENTED_EDGE('',*,*,#6891,.F.);
#9080=ORIENTED_EDGE('',*,*,#6922,.T.);
#9081=ORIENTED_EDGE('',*,*,#6920,.F.);
#9082=ORIENTED_EDGE('',*,*,#6923,.F.);
#9083=ORIENTED_EDGE('',*,*,#6892,.T.);
#9084=ORIENTED_EDGE('',*,*,#6923,.T.);
#9085=ORIENTED_EDGE('',*,*,#6919,.F.);
#9086=ORIENTED_EDGE('',*,*,#6924,.F.);
#9087=ORIENTED_EDGE('',*,*,#6893,.F.);
#9088=ORIENTED_EDGE('',*,*,#6925,.T.);
#9089=ORIENTED_EDGE('',*,*,#6894,.T.);
#9090=ORIENTED_EDGE('',*,*,#6924,.T.);
#9091=ORIENTED_EDGE('',*,*,#6918,.F.);
#9092=ORIENTED_EDGE('',*,*,#6209,.T.);
#9093=ORIENTED_EDGE('',*,*,#6895,.F.);
#9094=ORIENTED_EDGE('',*,*,#6925,.F.);
#9095=ORIENTED_EDGE('',*,*,#6917,.F.);
#9096=ORIENTED_EDGE('',*,*,#6926,.T.);
#9097=ORIENTED_EDGE('',*,*,#6211,.F.);
#9098=ORIENTED_EDGE('',*,*,#6916,.F.);
#9099=ORIENTED_EDGE('',*,*,#6693,.T.);
#9100=ORIENTED_EDGE('',*,*,#6927,.T.);
#9101=ORIENTED_EDGE('',*,*,#6928,.T.);
#9102=ORIENTED_EDGE('',*,*,#6929,.F.);
#9103=ORIENTED_EDGE('',*,*,#6359,.F.);
#9104=ORIENTED_EDGE('',*,*,#6930,.T.);
#9105=ORIENTED_EDGE('',*,*,#6931,.F.);
#9106=ORIENTED_EDGE('',*,*,#6814,.F.);
#9107=ORIENTED_EDGE('',*,*,#6691,.T.);
#9108=ORIENTED_EDGE('',*,*,#6823,.T.);
#9109=ORIENTED_EDGE('',*,*,#6219,.F.);
#9110=ORIENTED_EDGE('',*,*,#6932,.F.);
#9111=ORIENTED_EDGE('',*,*,#6933,.T.);
#9112=ORIENTED_EDGE('',*,*,#6934,.F.);
#9113=ORIENTED_EDGE('',*,*,#6212,.F.);
#9114=ORIENTED_EDGE('',*,*,#6926,.F.);
#9115=ORIENTED_EDGE('',*,*,#6935,.T.);
#9116=ORIENTED_EDGE('',*,*,#6936,.T.);
#9117=ORIENTED_EDGE('',*,*,#6937,.T.);
#9118=ORIENTED_EDGE('',*,*,#6938,.F.);
#9119=ORIENTED_EDGE('',*,*,#6939,.F.);
#9120=ORIENTED_EDGE('',*,*,#6940,.F.);
#9121=ORIENTED_EDGE('',*,*,#6941,.T.);
#9122=ORIENTED_EDGE('',*,*,#6942,.T.);
#9123=ORIENTED_EDGE('',*,*,#6943,.T.);
#9124=ORIENTED_EDGE('',*,*,#6944,.T.);
#9125=ORIENTED_EDGE('',*,*,#6945,.F.);
#9126=ORIENTED_EDGE('',*,*,#6946,.T.);
#9127=ORIENTED_EDGE('',*,*,#6947,.T.);
#9128=ORIENTED_EDGE('',*,*,#6948,.F.);
#9129=ORIENTED_EDGE('',*,*,#6949,.F.);
#9130=ORIENTED_EDGE('',*,*,#6950,.F.);
#9131=ORIENTED_EDGE('',*,*,#6847,.F.);
#9132=ORIENTED_EDGE('',*,*,#6951,.F.);
#9133=ORIENTED_EDGE('',*,*,#6952,.T.);
#9134=ORIENTED_EDGE('',*,*,#6953,.T.);
#9135=ORIENTED_EDGE('',*,*,#6954,.T.);
#9136=ORIENTED_EDGE('',*,*,#6955,.F.);
#9137=ORIENTED_EDGE('',*,*,#6932,.T.);
#9138=ORIENTED_EDGE('',*,*,#6956,.F.);
#9139=ORIENTED_EDGE('',*,*,#6957,.F.);
#9140=ORIENTED_EDGE('',*,*,#6955,.T.);
#9141=ORIENTED_EDGE('',*,*,#6958,.F.);
#9142=ORIENTED_EDGE('',*,*,#6959,.F.);
#9143=ORIENTED_EDGE('',*,*,#6933,.F.);
#9144=ORIENTED_EDGE('',*,*,#6959,.T.);
#9145=ORIENTED_EDGE('',*,*,#6960,.F.);
#9146=ORIENTED_EDGE('',*,*,#6213,.F.);
#9147=ORIENTED_EDGE('',*,*,#6934,.T.);
#9148=ORIENTED_EDGE('',*,*,#6961,.T.);
#9149=ORIENTED_EDGE('',*,*,#6780,.F.);
#9150=ORIENTED_EDGE('',*,*,#6962,.F.);
#9151=ORIENTED_EDGE('',*,*,#6963,.T.);
#9152=ORIENTED_EDGE('',*,*,#6196,.T.);
#9153=ORIENTED_EDGE('',*,*,#6328,.F.);
#9154=ORIENTED_EDGE('',*,*,#6214,.F.);
#9155=ORIENTED_EDGE('',*,*,#6960,.T.);
#9156=ORIENTED_EDGE('',*,*,#6958,.T.);
#9157=ORIENTED_EDGE('',*,*,#6957,.T.);
#9158=ORIENTED_EDGE('',*,*,#6964,.T.);
#9159=ORIENTED_EDGE('',*,*,#6965,.F.);
#9160=ORIENTED_EDGE('',*,*,#6966,.T.);
#9161=ORIENTED_EDGE('',*,*,#6967,.T.);
#9162=ORIENTED_EDGE('',*,*,#6845,.F.);
#9163=ORIENTED_EDGE('',*,*,#6325,.F.);
#9164=ORIENTED_EDGE('',*,*,#6306,.F.);
#9165=ORIENTED_EDGE('',*,*,#6968,.T.);
#9166=ORIENTED_EDGE('',*,*,#6969,.T.);
#9167=ORIENTED_EDGE('',*,*,#6802,.F.);
#9168=ORIENTED_EDGE('',*,*,#6970,.F.);
#9169=ORIENTED_EDGE('',*,*,#6971,.T.);
#9170=ORIENTED_EDGE('',*,*,#6385,.T.);
#9171=ORIENTED_EDGE('',*,*,#6972,.F.);
#9172=ORIENTED_EDGE('',*,*,#6781,.F.);
#9173=ORIENTED_EDGE('',*,*,#6961,.F.);
#9174=ORIENTED_EDGE('',*,*,#6973,.T.);
#9175=ORIENTED_EDGE('',*,*,#6956,.T.);
#9176=ORIENTED_EDGE('',*,*,#6942,.F.);
#9177=ORIENTED_EDGE('',*,*,#6974,.F.);
#9178=ORIENTED_EDGE('',*,*,#6386,.F.);
#9179=ORIENTED_EDGE('',*,*,#6973,.F.);
#9180=ORIENTED_EDGE('',*,*,#6964,.F.);
#9181=ORIENTED_EDGE('',*,*,#6941,.F.);
#9182=ORIENTED_EDGE('',*,*,#6975,.F.);
#9183=ORIENTED_EDGE('',*,*,#6976,.F.);
#9184=ORIENTED_EDGE('',*,*,#6736,.F.);
#9185=ORIENTED_EDGE('',*,*,#6679,.T.);
#9186=ORIENTED_EDGE('',*,*,#6387,.T.);
#9187=ORIENTED_EDGE('',*,*,#6974,.T.);
#9188=ORIENTED_EDGE('',*,*,#6976,.T.);
#9189=ORIENTED_EDGE('',*,*,#6977,.T.);
#9190=ORIENTED_EDGE('',*,*,#6978,.F.);
#9191=ORIENTED_EDGE('',*,*,#6737,.F.);
#9192=ORIENTED_EDGE('',*,*,#6738,.F.);
#9193=ORIENTED_EDGE('',*,*,#6978,.T.);
#9194=ORIENTED_EDGE('',*,*,#6979,.T.);
#9195=ORIENTED_EDGE('',*,*,#6913,.F.);
#9196=ORIENTED_EDGE('',*,*,#6975,.T.);
#9197=ORIENTED_EDGE('',*,*,#6940,.T.);
#9198=ORIENTED_EDGE('',*,*,#6980,.F.);
#9199=ORIENTED_EDGE('',*,*,#6981,.F.);
#9200=ORIENTED_EDGE('',*,*,#6982,.F.);
#9201=ORIENTED_EDGE('',*,*,#6983,.F.);
#9202=ORIENTED_EDGE('',*,*,#6984,.F.);
#9203=ORIENTED_EDGE('',*,*,#6936,.F.);
#9204=ORIENTED_EDGE('',*,*,#6985,.F.);
#9205=ORIENTED_EDGE('',*,*,#6928,.F.);
#9206=ORIENTED_EDGE('',*,*,#6986,.F.);
#9207=ORIENTED_EDGE('',*,*,#6914,.F.);
#9208=ORIENTED_EDGE('',*,*,#6979,.F.);
#9209=ORIENTED_EDGE('',*,*,#6977,.F.);
#9210=ORIENTED_EDGE('',*,*,#6692,.T.);
#9211=ORIENTED_EDGE('',*,*,#6915,.T.);
#9212=ORIENTED_EDGE('',*,*,#6986,.T.);
#9213=ORIENTED_EDGE('',*,*,#6927,.F.);
#9214=ORIENTED_EDGE('',*,*,#6935,.F.);
#9215=ORIENTED_EDGE('',*,*,#6929,.T.);
#9216=ORIENTED_EDGE('',*,*,#6985,.T.);
#9217=ORIENTED_EDGE('',*,*,#6937,.F.);
#9218=ORIENTED_EDGE('',*,*,#6984,.T.);
#9219=ORIENTED_EDGE('',*,*,#6987,.T.);
#9220=ORIENTED_EDGE('',*,*,#6988,.F.);
#9221=ORIENTED_EDGE('',*,*,#6989,.T.);
#9222=ORIENTED_EDGE('',*,*,#6990,.T.);
#9223=ORIENTED_EDGE('',*,*,#6938,.T.);
#9224=ORIENTED_EDGE('',*,*,#6988,.T.);
#9225=ORIENTED_EDGE('',*,*,#6991,.T.);
#9226=ORIENTED_EDGE('',*,*,#6992,.T.);
#9227=ORIENTED_EDGE('',*,*,#6993,.T.);
#9228=ORIENTED_EDGE('',*,*,#6994,.T.);
#9229=ORIENTED_EDGE('',*,*,#6989,.F.);
#9230=ORIENTED_EDGE('',*,*,#6995,.T.);
#9231=ORIENTED_EDGE('',*,*,#6981,.T.);
#9232=ORIENTED_EDGE('',*,*,#6980,.T.);
#9233=ORIENTED_EDGE('',*,*,#6939,.T.);
#9234=ORIENTED_EDGE('',*,*,#6990,.F.);
#9235=ORIENTED_EDGE('',*,*,#6994,.F.);
#9236=ORIENTED_EDGE('',*,*,#6995,.F.);
#9237=ORIENTED_EDGE('',*,*,#6992,.F.);
#9238=ORIENTED_EDGE('',*,*,#6996,.F.);
#9239=ORIENTED_EDGE('',*,*,#6982,.T.);
#9240=ORIENTED_EDGE('',*,*,#6996,.T.);
#9241=ORIENTED_EDGE('',*,*,#6991,.F.);
#9242=ORIENTED_EDGE('',*,*,#6987,.F.);
#9243=ORIENTED_EDGE('',*,*,#6983,.T.);
#9244=ORIENTED_EDGE('',*,*,#6993,.F.);
#9245=ORIENTED_EDGE('',*,*,#6997,.T.);
#9246=ORIENTED_EDGE('',*,*,#6469,.T.);
#9247=ORIENTED_EDGE('',*,*,#6997,.F.);
#9248=ORIENTED_EDGE('',*,*,#6998,.T.);
#9249=ORIENTED_EDGE('',*,*,#6392,.F.);
#9250=ORIENTED_EDGE('',*,*,#6999,.F.);
#9251=ORIENTED_EDGE('',*,*,#6800,.T.);
#9252=ORIENTED_EDGE('',*,*,#7000,.T.);
#9253=ORIENTED_EDGE('',*,*,#6577,.T.);
#9254=ORIENTED_EDGE('',*,*,#7001,.F.);
#9255=ORIENTED_EDGE('',*,*,#6759,.T.);
#9256=ORIENTED_EDGE('',*,*,#7002,.F.);
#9257=ORIENTED_EDGE('',*,*,#6769,.F.);
#9258=ORIENTED_EDGE('',*,*,#7003,.T.);
#9259=ORIENTED_EDGE('',*,*,#6595,.F.);
#9260=ORIENTED_EDGE('',*,*,#7004,.F.);
#9261=ORIENTED_EDGE('',*,*,#6782,.F.);
#9262=ORIENTED_EDGE('',*,*,#6972,.T.);
#9263=ORIENTED_EDGE('',*,*,#6384,.F.);
#9264=ORIENTED_EDGE('',*,*,#7005,.T.);
#9265=ORIENTED_EDGE('',*,*,#7006,.F.);
#9266=ORIENTED_EDGE('',*,*,#7007,.T.);
#9267=ORIENTED_EDGE('',*,*,#6583,.T.);
#9268=ORIENTED_EDGE('',*,*,#7008,.F.);
#9269=ORIENTED_EDGE('',*,*,#6761,.T.);
#9270=ORIENTED_EDGE('',*,*,#7009,.T.);
#9271=ORIENTED_EDGE('',*,*,#6393,.F.);
#9272=ORIENTED_EDGE('',*,*,#6998,.F.);
#9273=ORIENTED_EDGE('',*,*,#6758,.T.);
#9274=ORIENTED_EDGE('',*,*,#7010,.T.);
#9275=ORIENTED_EDGE('',*,*,#6575,.T.);
#9276=ORIENTED_EDGE('',*,*,#6588,.F.);
#9277=ORIENTED_EDGE('',*,*,#7011,.F.);
#9278=ORIENTED_EDGE('',*,*,#7012,.F.);
#9279=ORIENTED_EDGE('',*,*,#7005,.F.);
#9280=ORIENTED_EDGE('',*,*,#7012,.T.);
#9281=ORIENTED_EDGE('',*,*,#7013,.T.);
#9282=ORIENTED_EDGE('',*,*,#7014,.T.);
#9283=ORIENTED_EDGE('',*,*,#7015,.T.);
#9284=ORIENTED_EDGE('',*,*,#7016,.T.);
#9285=ORIENTED_EDGE('',*,*,#7006,.T.);
#9286=ORIENTED_EDGE('',*,*,#7017,.T.);
#9287=ORIENTED_EDGE('',*,*,#6584,.F.);
#9288=ORIENTED_EDGE('',*,*,#7007,.F.);
#9289=ORIENTED_EDGE('',*,*,#7016,.F.);
#9290=ORIENTED_EDGE('',*,*,#7018,.T.);
#9291=ORIENTED_EDGE('',*,*,#7018,.F.);
#9292=ORIENTED_EDGE('',*,*,#7015,.F.);
#9293=ORIENTED_EDGE('',*,*,#7019,.T.);
#9294=ORIENTED_EDGE('',*,*,#6585,.F.);
#9295=ORIENTED_EDGE('',*,*,#7019,.F.);
#9296=ORIENTED_EDGE('',*,*,#7014,.F.);
#9297=ORIENTED_EDGE('',*,*,#7020,.T.);
#9298=ORIENTED_EDGE('',*,*,#6586,.F.);
#9299=ORIENTED_EDGE('',*,*,#7020,.F.);
#9300=ORIENTED_EDGE('',*,*,#7013,.F.);
#9301=ORIENTED_EDGE('',*,*,#7011,.T.);
#9302=ORIENTED_EDGE('',*,*,#6587,.F.);
#9303=ORIENTED_EDGE('',*,*,#7017,.F.);
#9304=ORIENTED_EDGE('',*,*,#7021,.T.);
#9305=ORIENTED_EDGE('',*,*,#6463,.T.);
#9306=ORIENTED_EDGE('',*,*,#7021,.F.);
#9307=ORIENTED_EDGE('',*,*,#7010,.F.);
#9308=ORIENTED_EDGE('',*,*,#6760,.T.);
#9309=ORIENTED_EDGE('',*,*,#7001,.T.);
#9310=ORIENTED_EDGE('',*,*,#6576,.F.);
#9311=ORIENTED_EDGE('',*,*,#7009,.F.);
#9312=ORIENTED_EDGE('',*,*,#6763,.F.);
#9313=ORIENTED_EDGE('',*,*,#7022,.T.);
#9314=ORIENTED_EDGE('',*,*,#6581,.F.);
#9315=ORIENTED_EDGE('',*,*,#7023,.F.);
#9316=ORIENTED_EDGE('',*,*,#6796,.F.);
#9317=ORIENTED_EDGE('',*,*,#7024,.T.);
#9318=ORIENTED_EDGE('',*,*,#6394,.F.);
#9319=ORIENTED_EDGE('',*,*,#7025,.T.);
#9320=ORIENTED_EDGE('',*,*,#6382,.F.);
#9321=ORIENTED_EDGE('',*,*,#7026,.F.);
#9322=ORIENTED_EDGE('',*,*,#6786,.T.);
#9323=ORIENTED_EDGE('',*,*,#7027,.T.);
#9324=ORIENTED_EDGE('',*,*,#6591,.T.);
#9325=ORIENTED_EDGE('',*,*,#7028,.F.);
#9326=ORIENTED_EDGE('',*,*,#6765,.T.);
#9327=ORIENTED_EDGE('',*,*,#6395,.T.);
#9328=ORIENTED_EDGE('',*,*,#7024,.F.);
#9329=ORIENTED_EDGE('',*,*,#6795,.F.);
#9330=ORIENTED_EDGE('',*,*,#6339,.F.);
#9331=ORIENTED_EDGE('',*,*,#7029,.T.);
#9332=ORIENTED_EDGE('',*,*,#7030,.T.);
#9333=ORIENTED_EDGE('',*,*,#6371,.F.);
#9334=ORIENTED_EDGE('',*,*,#7031,.F.);
#9335=ORIENTED_EDGE('',*,*,#6396,.F.);
#9336=ORIENTED_EDGE('',*,*,#7029,.F.);
#9337=ORIENTED_EDGE('',*,*,#6338,.F.);
#9338=ORIENTED_EDGE('',*,*,#7032,.F.);
#9339=ORIENTED_EDGE('',*,*,#6372,.T.);
#9340=ORIENTED_EDGE('',*,*,#7030,.F.);
#9341=ORIENTED_EDGE('',*,*,#6337,.F.);
#9342=ORIENTED_EDGE('',*,*,#7032,.T.);
#9343=ORIENTED_EDGE('',*,*,#6345,.F.);
#9344=ORIENTED_EDGE('',*,*,#7033,.F.);
#9345=ORIENTED_EDGE('',*,*,#6373,.F.);
#9346=ORIENTED_EDGE('',*,*,#7033,.T.);
#9347=ORIENTED_EDGE('',*,*,#6344,.F.);
#9348=ORIENTED_EDGE('',*,*,#6844,.F.);
#9349=ORIENTED_EDGE('',*,*,#6361,.T.);
#9350=ORIENTED_EDGE('',*,*,#6370,.T.);
#9351=ORIENTED_EDGE('',*,*,#7034,.F.);
#9352=ORIENTED_EDGE('',*,*,#7035,.F.);
#9353=ORIENTED_EDGE('',*,*,#6724,.F.);
#9354=ORIENTED_EDGE('',*,*,#7036,.T.);
#9355=ORIENTED_EDGE('',*,*,#6397,.T.);
#9356=ORIENTED_EDGE('',*,*,#7031,.T.);
#9357=ORIENTED_EDGE('',*,*,#6398,.F.);
#9358=ORIENTED_EDGE('',*,*,#7036,.F.);
#9359=ORIENTED_EDGE('',*,*,#6723,.F.);
#9360=ORIENTED_EDGE('',*,*,#7037,.T.);
#9361=ORIENTED_EDGE('',*,*,#6511,.F.);
#9362=ORIENTED_EDGE('',*,*,#7038,.F.);
#9363=ORIENTED_EDGE('',*,*,#6715,.F.);
#9364=ORIENTED_EDGE('',*,*,#7039,.T.);
#9365=ORIENTED_EDGE('',*,*,#6553,.F.);
#9366=ORIENTED_EDGE('',*,*,#7040,.F.);
#9367=ORIENTED_EDGE('',*,*,#6743,.T.);
#9368=ORIENTED_EDGE('',*,*,#7041,.T.);
#9369=ORIENTED_EDGE('',*,*,#6561,.T.);
#9370=ORIENTED_EDGE('',*,*,#7042,.F.);
#9371=ORIENTED_EDGE('',*,*,#6751,.T.);
#9372=ORIENTED_EDGE('',*,*,#6375,.T.);
#9373=ORIENTED_EDGE('',*,*,#7042,.T.);
#9374=ORIENTED_EDGE('',*,*,#6568,.F.);
#9375=ORIENTED_EDGE('',*,*,#7043,.F.);
#9376=ORIENTED_EDGE('',*,*,#6752,.T.);
#9377=ORIENTED_EDGE('',*,*,#6753,.T.);
#9378=ORIENTED_EDGE('',*,*,#7043,.T.);
#9379=ORIENTED_EDGE('',*,*,#6567,.F.);
#9380=ORIENTED_EDGE('',*,*,#7044,.F.);
#9381=ORIENTED_EDGE('',*,*,#6826,.F.);
#9382=ORIENTED_EDGE('',*,*,#6754,.T.);
#9383=ORIENTED_EDGE('',*,*,#7044,.T.);
#9384=ORIENTED_EDGE('',*,*,#6566,.F.);
#9385=ORIENTED_EDGE('',*,*,#7041,.F.);
#9386=ORIENTED_EDGE('',*,*,#6750,.T.);
#9387=ORIENTED_EDGE('',*,*,#7045,.T.);
#9388=ORIENTED_EDGE('',*,*,#6562,.F.);
#9389=ORIENTED_EDGE('',*,*,#6749,.T.);
#9390=ORIENTED_EDGE('',*,*,#7046,.T.);
#9391=ORIENTED_EDGE('',*,*,#6563,.F.);
#9392=ORIENTED_EDGE('',*,*,#7045,.F.);
#9393=ORIENTED_EDGE('',*,*,#6827,.T.);
#9394=ORIENTED_EDGE('',*,*,#6564,.F.);
#9395=ORIENTED_EDGE('',*,*,#7046,.F.);
#9396=ORIENTED_EDGE('',*,*,#6748,.T.);
#9397=ORIENTED_EDGE('',*,*,#7040,.T.);
#9398=ORIENTED_EDGE('',*,*,#6560,.F.);
#9399=ORIENTED_EDGE('',*,*,#7047,.F.);
#9400=ORIENTED_EDGE('',*,*,#6744,.T.);
#9401=ORIENTED_EDGE('',*,*,#6745,.T.);
#9402=ORIENTED_EDGE('',*,*,#7047,.T.);
#9403=ORIENTED_EDGE('',*,*,#6559,.F.);
#9404=ORIENTED_EDGE('',*,*,#7048,.F.);
#9405=ORIENTED_EDGE('',*,*,#6828,.F.);
#9406=ORIENTED_EDGE('',*,*,#6746,.T.);
#9407=ORIENTED_EDGE('',*,*,#7048,.T.);
#9408=ORIENTED_EDGE('',*,*,#6558,.F.);
#9409=ORIENTED_EDGE('',*,*,#7039,.F.);
#9410=ORIENTED_EDGE('',*,*,#6722,.T.);
#9411=ORIENTED_EDGE('',*,*,#7049,.T.);
#9412=ORIENTED_EDGE('',*,*,#6554,.F.);
#9413=ORIENTED_EDGE('',*,*,#6721,.T.);
#9414=ORIENTED_EDGE('',*,*,#7050,.T.);
#9415=ORIENTED_EDGE('',*,*,#6555,.F.);
#9416=ORIENTED_EDGE('',*,*,#7049,.F.);
#9417=ORIENTED_EDGE('',*,*,#6829,.T.);
#9418=ORIENTED_EDGE('',*,*,#6556,.F.);
#9419=ORIENTED_EDGE('',*,*,#7050,.F.);
#9420=ORIENTED_EDGE('',*,*,#6720,.T.);
#9421=ORIENTED_EDGE('',*,*,#7038,.T.);
#9422=ORIENTED_EDGE('',*,*,#6518,.F.);
#9423=ORIENTED_EDGE('',*,*,#7051,.F.);
#9424=ORIENTED_EDGE('',*,*,#6716,.T.);
#9425=ORIENTED_EDGE('',*,*,#6717,.T.);
#9426=ORIENTED_EDGE('',*,*,#7051,.T.);
#9427=ORIENTED_EDGE('',*,*,#6517,.F.);
#9428=ORIENTED_EDGE('',*,*,#7052,.F.);
#9429=ORIENTED_EDGE('',*,*,#6830,.F.);
#9430=ORIENTED_EDGE('',*,*,#6718,.T.);
#9431=ORIENTED_EDGE('',*,*,#7052,.T.);
#9432=ORIENTED_EDGE('',*,*,#6516,.F.);
#9433=ORIENTED_EDGE('',*,*,#7037,.F.);
#9434=ORIENTED_EDGE('',*,*,#6730,.T.);
#9435=ORIENTED_EDGE('',*,*,#7053,.T.);
#9436=ORIENTED_EDGE('',*,*,#6512,.F.);
#9437=ORIENTED_EDGE('',*,*,#6729,.T.);
#9438=ORIENTED_EDGE('',*,*,#7054,.T.);
#9439=ORIENTED_EDGE('',*,*,#6513,.F.);
#9440=ORIENTED_EDGE('',*,*,#7053,.F.);
#9441=ORIENTED_EDGE('',*,*,#6831,.T.);
#9442=ORIENTED_EDGE('',*,*,#6514,.F.);
#9443=ORIENTED_EDGE('',*,*,#7054,.F.);
#9444=ORIENTED_EDGE('',*,*,#6728,.T.);
#9445=ORIENTED_EDGE('',*,*,#7035,.T.);
#9446=ORIENTED_EDGE('',*,*,#7055,.T.);
#9447=ORIENTED_EDGE('',*,*,#7056,.F.);
#9448=ORIENTED_EDGE('',*,*,#6725,.F.);
#9449=ORIENTED_EDGE('',*,*,#6726,.F.);
#9450=ORIENTED_EDGE('',*,*,#7056,.T.);
#9451=ORIENTED_EDGE('',*,*,#7057,.T.);
#9452=ORIENTED_EDGE('',*,*,#6832,.F.);
#9453=ORIENTED_EDGE('',*,*,#7034,.T.);
#9454=ORIENTED_EDGE('',*,*,#6369,.T.);
#9455=ORIENTED_EDGE('',*,*,#7058,.F.);
#9456=ORIENTED_EDGE('',*,*,#7059,.F.);
#9457=ORIENTED_EDGE('',*,*,#7060,.F.);
#9458=ORIENTED_EDGE('',*,*,#7061,.F.);
#9459=ORIENTED_EDGE('',*,*,#7062,.F.);
#9460=ORIENTED_EDGE('',*,*,#6365,.F.);
#9461=ORIENTED_EDGE('',*,*,#7063,.F.);
#9462=ORIENTED_EDGE('',*,*,#7064,.F.);
#9463=ORIENTED_EDGE('',*,*,#7065,.F.);
#9464=ORIENTED_EDGE('',*,*,#6833,.F.);
#9465=ORIENTED_EDGE('',*,*,#7057,.F.);
#9466=ORIENTED_EDGE('',*,*,#7055,.F.);
#9467=ORIENTED_EDGE('',*,*,#6695,.T.);
#9468=ORIENTED_EDGE('',*,*,#6834,.T.);
#9469=ORIENTED_EDGE('',*,*,#7065,.T.);
#9470=ORIENTED_EDGE('',*,*,#7066,.F.);
#9471=ORIENTED_EDGE('',*,*,#6950,.T.);
#9472=ORIENTED_EDGE('',*,*,#7067,.T.);
#9473=ORIENTED_EDGE('',*,*,#7068,.F.);
#9474=ORIENTED_EDGE('',*,*,#7069,.F.);
#9475=ORIENTED_EDGE('',*,*,#6700,.F.);
#9476=ORIENTED_EDGE('',*,*,#6903,.F.);
#9477=ORIENTED_EDGE('',*,*,#6848,.T.);
#9478=ORIENTED_EDGE('',*,*,#6363,.F.);
#9479=ORIENTED_EDGE('',*,*,#6843,.T.);
#9480=ORIENTED_EDGE('',*,*,#6835,.T.);
#9481=ORIENTED_EDGE('',*,*,#6696,.F.);
#9482=ORIENTED_EDGE('',*,*,#7066,.T.);
#9483=ORIENTED_EDGE('',*,*,#7064,.T.);
#9484=ORIENTED_EDGE('',*,*,#7070,.F.);
#9485=ORIENTED_EDGE('',*,*,#6698,.F.);
#9486=ORIENTED_EDGE('',*,*,#7069,.T.);
#9487=ORIENTED_EDGE('',*,*,#7071,.F.);
#9488=ORIENTED_EDGE('',*,*,#6904,.F.);
#9489=ORIENTED_EDGE('',*,*,#7072,.F.);
#9490=ORIENTED_EDGE('',*,*,#7073,.T.);
#9491=ORIENTED_EDGE('',*,*,#7074,.T.);
#9492=ORIENTED_EDGE('',*,*,#6905,.T.);
#9493=ORIENTED_EDGE('',*,*,#7071,.T.);
#9494=ORIENTED_EDGE('',*,*,#7068,.T.);
#9495=ORIENTED_EDGE('',*,*,#7075,.T.);
#9496=ORIENTED_EDGE('',*,*,#6948,.T.);
#9497=ORIENTED_EDGE('',*,*,#7076,.T.);
#9498=ORIENTED_EDGE('',*,*,#7077,.T.);
#9499=ORIENTED_EDGE('',*,*,#7078,.T.);
#9500=ORIENTED_EDGE('',*,*,#7079,.T.);
#9501=ORIENTED_EDGE('',*,*,#7080,.T.);
#9502=ORIENTED_EDGE('',*,*,#6944,.F.);
#9503=ORIENTED_EDGE('',*,*,#6389,.F.);
#9504=ORIENTED_EDGE('',*,*,#6678,.F.);
#9505=ORIENTED_EDGE('',*,*,#6714,.T.);
#9506=ORIENTED_EDGE('',*,*,#7081,.T.);
#9507=ORIENTED_EDGE('',*,*,#7072,.T.);
#9508=ORIENTED_EDGE('',*,*,#6943,.F.);
#9509=ORIENTED_EDGE('',*,*,#7082,.T.);
#9510=ORIENTED_EDGE('',*,*,#7083,.T.);
#9511=ORIENTED_EDGE('',*,*,#6971,.F.);
#9512=ORIENTED_EDGE('',*,*,#7084,.F.);
#9513=ORIENTED_EDGE('',*,*,#6390,.F.);
#9514=ORIENTED_EDGE('',*,*,#7082,.F.);
#9515=ORIENTED_EDGE('',*,*,#6954,.F.);
#9516=ORIENTED_EDGE('',*,*,#7083,.F.);
#9517=ORIENTED_EDGE('',*,*,#6953,.F.);
#9518=ORIENTED_EDGE('',*,*,#7085,.F.);
#9519=ORIENTED_EDGE('',*,*,#6965,.T.);
#9520=ORIENTED_EDGE('',*,*,#7085,.T.);
#9521=ORIENTED_EDGE('',*,*,#6952,.F.);
#9522=ORIENTED_EDGE('',*,*,#7086,.F.);
#9523=ORIENTED_EDGE('',*,*,#6966,.F.);
#9524=ORIENTED_EDGE('',*,*,#7086,.T.);
#9525=ORIENTED_EDGE('',*,*,#6951,.T.);
#9526=ORIENTED_EDGE('',*,*,#6846,.T.);
#9527=ORIENTED_EDGE('',*,*,#6967,.F.);
#9528=ORIENTED_EDGE('',*,*,#6970,.T.);
#9529=ORIENTED_EDGE('',*,*,#6801,.T.);
#9530=ORIENTED_EDGE('',*,*,#6999,.T.);
#9531=ORIENTED_EDGE('',*,*,#6391,.F.);
#9532=ORIENTED_EDGE('',*,*,#7084,.T.);
#9533=ORIENTED_EDGE('',*,*,#7081,.F.);
#9534=ORIENTED_EDGE('',*,*,#6713,.T.);
#9535=ORIENTED_EDGE('',*,*,#7087,.T.);
#9536=ORIENTED_EDGE('',*,*,#7073,.F.);
#9537=ORIENTED_EDGE('',*,*,#6712,.T.);
#9538=ORIENTED_EDGE('',*,*,#6906,.T.);
#9539=ORIENTED_EDGE('',*,*,#7074,.F.);
#9540=ORIENTED_EDGE('',*,*,#7087,.F.);
#9541=ORIENTED_EDGE('',*,*,#7080,.F.);
#9542=ORIENTED_EDGE('',*,*,#7088,.F.);
#9543=ORIENTED_EDGE('',*,*,#7089,.T.);
#9544=ORIENTED_EDGE('',*,*,#6945,.T.);
#9545=ORIENTED_EDGE('',*,*,#7090,.F.);
#9546=ORIENTED_EDGE('',*,*,#7091,.F.);
#9547=ORIENTED_EDGE('',*,*,#7092,.F.);
#9548=ORIENTED_EDGE('',*,*,#7093,.F.);
#9549=ORIENTED_EDGE('',*,*,#6946,.F.);
#9550=ORIENTED_EDGE('',*,*,#7089,.F.);
#9551=ORIENTED_EDGE('',*,*,#7094,.T.);
#9552=ORIENTED_EDGE('',*,*,#7095,.T.);
#9553=ORIENTED_EDGE('',*,*,#7090,.T.);
#9554=ORIENTED_EDGE('',*,*,#7088,.T.);
#9555=ORIENTED_EDGE('',*,*,#7079,.F.);
#9556=ORIENTED_EDGE('',*,*,#7096,.F.);
#9557=ORIENTED_EDGE('',*,*,#7091,.T.);
#9558=ORIENTED_EDGE('',*,*,#7095,.F.);
#9559=ORIENTED_EDGE('',*,*,#7078,.F.);
#9560=ORIENTED_EDGE('',*,*,#7097,.F.);
#9561=ORIENTED_EDGE('',*,*,#7092,.T.);
#9562=ORIENTED_EDGE('',*,*,#7096,.T.);
#9563=ORIENTED_EDGE('',*,*,#7077,.F.);
#9564=ORIENTED_EDGE('',*,*,#6947,.F.);
#9565=ORIENTED_EDGE('',*,*,#7093,.T.);
#9566=ORIENTED_EDGE('',*,*,#7097,.T.);
#9567=ORIENTED_EDGE('',*,*,#7076,.F.);
#9568=ORIENTED_EDGE('',*,*,#7094,.F.);
#9569=ORIENTED_EDGE('',*,*,#7098,.T.);
#9570=ORIENTED_EDGE('',*,*,#6470,.T.);
#9571=ORIENTED_EDGE('',*,*,#7098,.F.);
#9572=ORIENTED_EDGE('',*,*,#6949,.T.);
#9573=ORIENTED_EDGE('',*,*,#7075,.F.);
#9574=ORIENTED_EDGE('',*,*,#7067,.F.);
#9575=ORIENTED_EDGE('',*,*,#6364,.F.);
#9576=ORIENTED_EDGE('',*,*,#7070,.T.);
#9577=ORIENTED_EDGE('',*,*,#7063,.T.);
#9578=ORIENTED_EDGE('',*,*,#6366,.F.);
#9579=ORIENTED_EDGE('',*,*,#7062,.T.);
#9580=ORIENTED_EDGE('',*,*,#7099,.T.);
#9581=ORIENTED_EDGE('',*,*,#7100,.F.);
#9582=ORIENTED_EDGE('',*,*,#7101,.T.);
#9583=ORIENTED_EDGE('',*,*,#7102,.T.);
#9584=ORIENTED_EDGE('',*,*,#6367,.T.);
#9585=ORIENTED_EDGE('',*,*,#7100,.T.);
#9586=ORIENTED_EDGE('',*,*,#7103,.T.);
#9587=ORIENTED_EDGE('',*,*,#7104,.T.);
#9588=ORIENTED_EDGE('',*,*,#7105,.T.);
#9589=ORIENTED_EDGE('',*,*,#7106,.T.);
#9590=ORIENTED_EDGE('',*,*,#7101,.F.);
#9591=ORIENTED_EDGE('',*,*,#7107,.T.);
#9592=ORIENTED_EDGE('',*,*,#7059,.T.);
#9593=ORIENTED_EDGE('',*,*,#7058,.T.);
#9594=ORIENTED_EDGE('',*,*,#6368,.T.);
#9595=ORIENTED_EDGE('',*,*,#7102,.F.);
#9596=ORIENTED_EDGE('',*,*,#7106,.F.);
#9597=ORIENTED_EDGE('',*,*,#7107,.F.);
#9598=ORIENTED_EDGE('',*,*,#7104,.F.);
#9599=ORIENTED_EDGE('',*,*,#7108,.F.);
#9600=ORIENTED_EDGE('',*,*,#7060,.T.);
#9601=ORIENTED_EDGE('',*,*,#7108,.T.);
#9602=ORIENTED_EDGE('',*,*,#7103,.F.);
#9603=ORIENTED_EDGE('',*,*,#7099,.F.);
#9604=ORIENTED_EDGE('',*,*,#7061,.T.);
#9605=ORIENTED_EDGE('',*,*,#7105,.F.);
#9606=ORIENTED_EDGE('',*,*,#7109,.T.);
#9607=ORIENTED_EDGE('',*,*,#6471,.T.);
#9608=ORIENTED_EDGE('',*,*,#7109,.F.);
#9609=ORIENTED_EDGE('',*,*,#7023,.T.);
#9610=ORIENTED_EDGE('',*,*,#6580,.F.);
#9611=ORIENTED_EDGE('',*,*,#7110,.F.);
#9612=ORIENTED_EDGE('',*,*,#6797,.T.);
#9613=ORIENTED_EDGE('',*,*,#6798,.T.);
#9614=ORIENTED_EDGE('',*,*,#7110,.T.);
#9615=ORIENTED_EDGE('',*,*,#6579,.F.);
#9616=ORIENTED_EDGE('',*,*,#7111,.F.);
#9617=ORIENTED_EDGE('',*,*,#7000,.F.);
#9618=ORIENTED_EDGE('',*,*,#6799,.T.);
#9619=ORIENTED_EDGE('',*,*,#7111,.T.);
#9620=ORIENTED_EDGE('',*,*,#6578,.F.);
#9621=ORIENTED_EDGE('',*,*,#7008,.T.);
#9622=ORIENTED_EDGE('',*,*,#6582,.F.);
#9623=ORIENTED_EDGE('',*,*,#7022,.F.);
#9624=ORIENTED_EDGE('',*,*,#6762,.T.);
#9625=ORIENTED_EDGE('',*,*,#7112,.F.);
#9626=ORIENTED_EDGE('',*,*,#7113,.F.);
#9627=ORIENTED_EDGE('',*,*,#7114,.T.);
#9628=ORIENTED_EDGE('',*,*,#6597,.T.);
#9629=ORIENTED_EDGE('',*,*,#7115,.F.);
#9630=ORIENTED_EDGE('',*,*,#6767,.T.);
#9631=ORIENTED_EDGE('',*,*,#7002,.T.);
#9632=ORIENTED_EDGE('',*,*,#6383,.F.);
#9633=ORIENTED_EDGE('',*,*,#7025,.F.);
#9634=ORIENTED_EDGE('',*,*,#6764,.T.);
#9635=ORIENTED_EDGE('',*,*,#7116,.T.);
#9636=ORIENTED_EDGE('',*,*,#6589,.T.);
#9637=ORIENTED_EDGE('',*,*,#6602,.F.);
#9638=ORIENTED_EDGE('',*,*,#7117,.F.);
#9639=ORIENTED_EDGE('',*,*,#7118,.F.);
#9640=ORIENTED_EDGE('',*,*,#7112,.T.);
#9641=ORIENTED_EDGE('',*,*,#7119,.T.);
#9642=ORIENTED_EDGE('',*,*,#7120,.T.);
#9643=ORIENTED_EDGE('',*,*,#7113,.T.);
#9644=ORIENTED_EDGE('',*,*,#7118,.T.);
#9645=ORIENTED_EDGE('',*,*,#7121,.T.);
#9646=ORIENTED_EDGE('',*,*,#7122,.T.);
#9647=ORIENTED_EDGE('',*,*,#7123,.T.);
#9648=ORIENTED_EDGE('',*,*,#7124,.F.);
#9649=ORIENTED_EDGE('',*,*,#7119,.F.);
#9650=ORIENTED_EDGE('',*,*,#7125,.F.);
#9651=ORIENTED_EDGE('',*,*,#6599,.F.);
#9652=ORIENTED_EDGE('',*,*,#6598,.F.);
#9653=ORIENTED_EDGE('',*,*,#7114,.F.);
#9654=ORIENTED_EDGE('',*,*,#7120,.F.);
#9655=ORIENTED_EDGE('',*,*,#7124,.T.);
#9656=ORIENTED_EDGE('',*,*,#7125,.T.);
#9657=ORIENTED_EDGE('',*,*,#7122,.F.);
#9658=ORIENTED_EDGE('',*,*,#7126,.T.);
#9659=ORIENTED_EDGE('',*,*,#6600,.F.);
#9660=ORIENTED_EDGE('',*,*,#7126,.F.);
#9661=ORIENTED_EDGE('',*,*,#7121,.F.);
#9662=ORIENTED_EDGE('',*,*,#7117,.T.);
#9663=ORIENTED_EDGE('',*,*,#6601,.F.);
#9664=ORIENTED_EDGE('',*,*,#7123,.F.);
#9665=ORIENTED_EDGE('',*,*,#7127,.T.);
#9666=ORIENTED_EDGE('',*,*,#6461,.T.);
#9667=ORIENTED_EDGE('',*,*,#7127,.F.);
#9668=ORIENTED_EDGE('',*,*,#7116,.F.);
#9669=ORIENTED_EDGE('',*,*,#6766,.T.);
#9670=ORIENTED_EDGE('',*,*,#7028,.T.);
#9671=ORIENTED_EDGE('',*,*,#6590,.F.);
#9672=ORIENTED_EDGE('',*,*,#7115,.T.);
#9673=ORIENTED_EDGE('',*,*,#6596,.F.);
#9674=ORIENTED_EDGE('',*,*,#7003,.F.);
#9675=ORIENTED_EDGE('',*,*,#6768,.T.);
#9676=ORIENTED_EDGE('',*,*,#7027,.F.);
#9677=ORIENTED_EDGE('',*,*,#6785,.T.);
#9678=ORIENTED_EDGE('',*,*,#7128,.T.);
#9679=ORIENTED_EDGE('',*,*,#6592,.F.);
#9680=ORIENTED_EDGE('',*,*,#6784,.T.);
#9681=ORIENTED_EDGE('',*,*,#7129,.T.);
#9682=ORIENTED_EDGE('',*,*,#6593,.F.);
#9683=ORIENTED_EDGE('',*,*,#7128,.F.);
#9684=ORIENTED_EDGE('',*,*,#7004,.T.);
#9685=ORIENTED_EDGE('',*,*,#6594,.F.);
#9686=ORIENTED_EDGE('',*,*,#7129,.F.);
#9687=ORIENTED_EDGE('',*,*,#6783,.T.);
#9688=ORIENTED_EDGE('',*,*,#6335,.F.);
#9689=ORIENTED_EDGE('',*,*,#6787,.T.);
#9690=ORIENTED_EDGE('',*,*,#7026,.T.);
#9691=ORIENTED_EDGE('',*,*,#6381,.F.);
#9692=ORIENTED_EDGE('',*,*,#7130,.T.);
#9693=ORIENTED_EDGE('',*,*,#6347,.T.);
#9694=ORIENTED_EDGE('',*,*,#6336,.F.);
#9695=ORIENTED_EDGE('',*,*,#7130,.F.);
#9696=ORIENTED_EDGE('',*,*,#6380,.F.);
#9697=ORIENTED_EDGE('',*,*,#6379,.F.);
#9698=ORIENTED_EDGE('',*,*,#6360,.F.);
#9699=ORIENTED_EDGE('',*,*,#6332,.T.);
#9700=ORIENTED_EDGE('',*,*,#6193,.T.);
#9701=ORIENTED_EDGE('',*,*,#6873,.F.);
#9702=ORIENTED_EDGE('',*,*,#6453,.F.);
#9703=ORIENTED_EDGE('',*,*,#6963,.F.);
#9704=ORIENTED_EDGE('',*,*,#6438,.F.);
#9705=ORIENTED_EDGE('',*,*,#6896,.T.);
#9706=ORIENTED_EDGE('',*,*,#6187,.T.);
#9707=ORIENTED_EDGE('',*,*,#7131,.T.);
#9708=ORIENTED_EDGE('',*,*,#6439,.T.);
#9709=ORIENTED_EDGE('',*,*,#6962,.T.);
#9710=ORIENTED_EDGE('',*,*,#6779,.F.);
#9711=ORIENTED_EDGE('',*,*,#7132,.T.);
#9712=ORIENTED_EDGE('',*,*,#6788,.F.);
#9713=ORIENTED_EDGE('',*,*,#6333,.F.);
#9714=ORIENTED_EDGE('',*,*,#6452,.T.);
#9715=ORIENTED_EDGE('',*,*,#7133,.T.);
#9716=ORIENTED_EDGE('',*,*,#6440,.F.);
#9717=ORIENTED_EDGE('',*,*,#7131,.F.);
#9718=ORIENTED_EDGE('',*,*,#6778,.F.);
#9719=ORIENTED_EDGE('',*,*,#7133,.F.);
#9720=ORIENTED_EDGE('',*,*,#6777,.T.);
#9721=ORIENTED_EDGE('',*,*,#7134,.F.);
#9722=ORIENTED_EDGE('',*,*,#6441,.F.);
#9723=ORIENTED_EDGE('',*,*,#6442,.T.);
#9724=ORIENTED_EDGE('',*,*,#7134,.T.);
#9725=ORIENTED_EDGE('',*,*,#6776,.F.);
#9726=ORIENTED_EDGE('',*,*,#7135,.F.);
#9727=ORIENTED_EDGE('',*,*,#7136,.T.);
#9728=ORIENTED_EDGE('',*,*,#6443,.T.);
#9729=ORIENTED_EDGE('',*,*,#7135,.T.);
#9730=ORIENTED_EDGE('',*,*,#6775,.F.);
#9731=ORIENTED_EDGE('',*,*,#7137,.F.);
#9732=ORIENTED_EDGE('',*,*,#6444,.T.);
#9733=ORIENTED_EDGE('',*,*,#7136,.F.);
#9734=ORIENTED_EDGE('',*,*,#6774,.F.);
#9735=ORIENTED_EDGE('',*,*,#7137,.T.);
#9736=ORIENTED_EDGE('',*,*,#6773,.F.);
#9737=ORIENTED_EDGE('',*,*,#7138,.F.);
#9738=ORIENTED_EDGE('',*,*,#6445,.F.);
#9739=ORIENTED_EDGE('',*,*,#7139,.F.);
#9740=ORIENTED_EDGE('',*,*,#6446,.T.);
#9741=ORIENTED_EDGE('',*,*,#7138,.T.);
#9742=ORIENTED_EDGE('',*,*,#6772,.F.);
#9743=ORIENTED_EDGE('',*,*,#7139,.T.);
#9744=ORIENTED_EDGE('',*,*,#6771,.F.);
#9745=ORIENTED_EDGE('',*,*,#7140,.F.);
#9746=ORIENTED_EDGE('',*,*,#6447,.F.);
#9747=ORIENTED_EDGE('',*,*,#7141,.F.);
#9748=ORIENTED_EDGE('',*,*,#6448,.T.);
#9749=ORIENTED_EDGE('',*,*,#7140,.T.);
#9750=ORIENTED_EDGE('',*,*,#6770,.F.);
#9751=ORIENTED_EDGE('',*,*,#7141,.T.);
#9752=ORIENTED_EDGE('',*,*,#6791,.F.);
#9753=ORIENTED_EDGE('',*,*,#7142,.F.);
#9754=ORIENTED_EDGE('',*,*,#6449,.F.);
#9755=ORIENTED_EDGE('',*,*,#7142,.T.);
#9756=ORIENTED_EDGE('',*,*,#6790,.F.);
#9757=ORIENTED_EDGE('',*,*,#7143,.F.);
#9758=ORIENTED_EDGE('',*,*,#6450,.F.);
#9759=ORIENTED_EDGE('',*,*,#7143,.T.);
#9760=ORIENTED_EDGE('',*,*,#6789,.F.);
#9761=ORIENTED_EDGE('',*,*,#7132,.F.);
#9762=ORIENTED_EDGE('',*,*,#6451,.F.);
#9763=ORIENTED_EDGE('',*,*,#7144,.T.);
#9764=ORIENTED_EDGE('',*,*,#6803,.F.);
#9765=ORIENTED_EDGE('',*,*,#6969,.F.);
#9766=ORIENTED_EDGE('',*,*,#6435,.T.);
#9767=ORIENTED_EDGE('',*,*,#7145,.T.);
#9768=ORIENTED_EDGE('',*,*,#6456,.T.);
#9769=ORIENTED_EDGE('',*,*,#6341,.T.);
#9770=ORIENTED_EDGE('',*,*,#6794,.F.);
#9771=ORIENTED_EDGE('',*,*,#7146,.T.);
#9772=ORIENTED_EDGE('',*,*,#6804,.F.);
#9773=ORIENTED_EDGE('',*,*,#7144,.F.);
#9774=ORIENTED_EDGE('',*,*,#6434,.F.);
#9775=ORIENTED_EDGE('',*,*,#7146,.F.);
#9776=ORIENTED_EDGE('',*,*,#6433,.F.);
#9777=ORIENTED_EDGE('',*,*,#7147,.T.);
#9778=ORIENTED_EDGE('',*,*,#6805,.T.);
#9779=ORIENTED_EDGE('',*,*,#6432,.T.);
#9780=ORIENTED_EDGE('',*,*,#7148,.T.);
#9781=ORIENTED_EDGE('',*,*,#6806,.F.);
#9782=ORIENTED_EDGE('',*,*,#7147,.F.);
#9783=ORIENTED_EDGE('',*,*,#7149,.F.);
#9784=ORIENTED_EDGE('',*,*,#6807,.F.);
#9785=ORIENTED_EDGE('',*,*,#7148,.F.);
#9786=ORIENTED_EDGE('',*,*,#6431,.T.);
#9787=ORIENTED_EDGE('',*,*,#7150,.T.);
#9788=ORIENTED_EDGE('',*,*,#6808,.F.);
#9789=ORIENTED_EDGE('',*,*,#7149,.T.);
#9790=ORIENTED_EDGE('',*,*,#6430,.T.);
#9791=ORIENTED_EDGE('',*,*,#7151,.T.);
#9792=ORIENTED_EDGE('',*,*,#6809,.F.);
#9793=ORIENTED_EDGE('',*,*,#7150,.F.);
#9794=ORIENTED_EDGE('',*,*,#6429,.F.);
#9795=ORIENTED_EDGE('',*,*,#7152,.T.);
#9796=ORIENTED_EDGE('',*,*,#6810,.F.);
#9797=ORIENTED_EDGE('',*,*,#7151,.F.);
#9798=ORIENTED_EDGE('',*,*,#6428,.T.);
#9799=ORIENTED_EDGE('',*,*,#7153,.T.);
#9800=ORIENTED_EDGE('',*,*,#6811,.F.);
#9801=ORIENTED_EDGE('',*,*,#7152,.F.);
#9802=ORIENTED_EDGE('',*,*,#6427,.F.);
#9803=ORIENTED_EDGE('',*,*,#7154,.T.);
#9804=ORIENTED_EDGE('',*,*,#6812,.F.);
#9805=ORIENTED_EDGE('',*,*,#7153,.F.);
#9806=ORIENTED_EDGE('',*,*,#6426,.T.);
#9807=ORIENTED_EDGE('',*,*,#7155,.T.);
#9808=ORIENTED_EDGE('',*,*,#6813,.F.);
#9809=ORIENTED_EDGE('',*,*,#7154,.F.);
#9810=ORIENTED_EDGE('',*,*,#6459,.F.);
#9811=ORIENTED_EDGE('',*,*,#7155,.F.);
#9812=ORIENTED_EDGE('',*,*,#6458,.F.);
#9813=ORIENTED_EDGE('',*,*,#7156,.F.);
#9814=ORIENTED_EDGE('',*,*,#6792,.F.);
#9815=ORIENTED_EDGE('',*,*,#7156,.T.);
#9816=ORIENTED_EDGE('',*,*,#6457,.F.);
#9817=ORIENTED_EDGE('',*,*,#7145,.F.);
#9818=ORIENTED_EDGE('',*,*,#6793,.F.);
#9819=ORIENTED_EDGE('',*,*,#6968,.F.);
#9820=ORIENTED_EDGE('',*,*,#6305,.F.);
#9821=ORIENTED_EDGE('',*,*,#6897,.T.);
#9822=ORIENTED_EDGE('',*,*,#6436,.T.);
#9823=ORIENTED_EDGE('',*,*,#6342,.T.);
#9824=ORIENTED_EDGE('',*,*,#6455,.T.);
#9825=ORIENTED_EDGE('',*,*,#6872,.F.);
#9826=ORIENTED_EDGE('',*,*,#6299,.F.);
#9827=ORIENTED_EDGE('',*,*,#6378,.F.);
#9828=ORIENTED_EDGE('',*,*,#7157,.T.);
#9829=ORIENTED_EDGE('',*,*,#7158,.T.);
#9830=ORIENTED_EDGE('',*,*,#6824,.T.);
#9831=ORIENTED_EDGE('',*,*,#6815,.T.);
#9832=ORIENTED_EDGE('',*,*,#6931,.T.);
#9833=ORIENTED_EDGE('',*,*,#7159,.T.);
#9834=ORIENTED_EDGE('',*,*,#6357,.T.);
#9835=ORIENTED_EDGE('',*,*,#7160,.T.);
#9836=ORIENTED_EDGE('',*,*,#7161,.T.);
#9837=ORIENTED_EDGE('',*,*,#7162,.T.);
#9838=ORIENTED_EDGE('',*,*,#7163,.T.);
#9839=ORIENTED_EDGE('',*,*,#7164,.T.);
#9840=ORIENTED_EDGE('',*,*,#6353,.F.);
#9841=ORIENTED_EDGE('',*,*,#7164,.F.);
#9842=ORIENTED_EDGE('',*,*,#7165,.F.);
#9843=ORIENTED_EDGE('',*,*,#7166,.T.);
#9844=ORIENTED_EDGE('',*,*,#6354,.T.);
#9845=ORIENTED_EDGE('',*,*,#7167,.F.);
#9846=ORIENTED_EDGE('',*,*,#7168,.F.);
#9847=ORIENTED_EDGE('',*,*,#7169,.F.);
#9848=ORIENTED_EDGE('',*,*,#7170,.F.);
#9849=ORIENTED_EDGE('',*,*,#6355,.F.);
#9850=ORIENTED_EDGE('',*,*,#7166,.F.);
#9851=ORIENTED_EDGE('',*,*,#7171,.T.);
#9852=ORIENTED_EDGE('',*,*,#7172,.T.);
#9853=ORIENTED_EDGE('',*,*,#7167,.T.);
#9854=ORIENTED_EDGE('',*,*,#7165,.T.);
#9855=ORIENTED_EDGE('',*,*,#7163,.F.);
#9856=ORIENTED_EDGE('',*,*,#7173,.F.);
#9857=ORIENTED_EDGE('',*,*,#7168,.T.);
#9858=ORIENTED_EDGE('',*,*,#7172,.F.);
#9859=ORIENTED_EDGE('',*,*,#7162,.F.);
#9860=ORIENTED_EDGE('',*,*,#7174,.F.);
#9861=ORIENTED_EDGE('',*,*,#7169,.T.);
#9862=ORIENTED_EDGE('',*,*,#7173,.T.);
#9863=ORIENTED_EDGE('',*,*,#7161,.F.);
#9864=ORIENTED_EDGE('',*,*,#6356,.F.);
#9865=ORIENTED_EDGE('',*,*,#7170,.T.);
#9866=ORIENTED_EDGE('',*,*,#7174,.T.);
#9867=ORIENTED_EDGE('',*,*,#7160,.F.);
#9868=ORIENTED_EDGE('',*,*,#7171,.F.);
#9869=ORIENTED_EDGE('',*,*,#7175,.T.);
#9870=ORIENTED_EDGE('',*,*,#6468,.T.);
#9871=ORIENTED_EDGE('',*,*,#7175,.F.);
#9872=ORIENTED_EDGE('',*,*,#6358,.T.);
#9873=ORIENTED_EDGE('',*,*,#7159,.F.);
#9874=ORIENTED_EDGE('',*,*,#6930,.F.);
#9875=ORIENTED_EDGE('',*,*,#6756,.T.);
#9876=ORIENTED_EDGE('',*,*,#6825,.T.);
#9877=ORIENTED_EDGE('',*,*,#7158,.F.);
#9878=ORIENTED_EDGE('',*,*,#7176,.F.);
#9879=ORIENTED_EDGE('',*,*,#6377,.F.);
#9880=ORIENTED_EDGE('',*,*,#6757,.T.);
#9881=ORIENTED_EDGE('',*,*,#7176,.T.);
#9882=ORIENTED_EDGE('',*,*,#7157,.F.);
#9883=ORIENTED_EDGE('',*,*,#6912,.T.);
#9884=ORIENTED_EDGE('',*,*,#6542,.F.);
#9885=ORIENTED_EDGE('',*,*,#7177,.F.);
#9886=ORIENTED_EDGE('',*,*,#6740,.T.);
#9887=ORIENTED_EDGE('',*,*,#6741,.T.);
#9888=ORIENTED_EDGE('',*,*,#7177,.T.);
#9889=ORIENTED_EDGE('',*,*,#6541,.F.);
#9890=ORIENTED_EDGE('',*,*,#7178,.F.);
#9891=ORIENTED_EDGE('',*,*,#6681,.F.);
#9892=ORIENTED_EDGE('',*,*,#6742,.T.);
#9893=ORIENTED_EDGE('',*,*,#7178,.T.);
#9894=ORIENTED_EDGE('',*,*,#6540,.F.);
#9895=ORIENTED_EDGE('',*,*,#6911,.F.);
#9896=ORIENTED_EDGE('',*,*,#6733,.T.);
#9897=ORIENTED_EDGE('',*,*,#7179,.T.);
#9898=ORIENTED_EDGE('',*,*,#6544,.F.);
#9899=ORIENTED_EDGE('',*,*,#6732,.T.);
#9900=ORIENTED_EDGE('',*,*,#7180,.T.);
#9901=ORIENTED_EDGE('',*,*,#6545,.F.);
#9902=ORIENTED_EDGE('',*,*,#7179,.F.);
#9903=ORIENTED_EDGE('',*,*,#6682,.T.);
#9904=ORIENTED_EDGE('',*,*,#6546,.F.);
#9905=ORIENTED_EDGE('',*,*,#7180,.F.);
#9906=ORIENTED_EDGE('',*,*,#6731,.T.);
#9907=ORIENTED_EDGE('',*,*,#6910,.T.);
#9908=ORIENTED_EDGE('',*,*,#6528,.F.);
#9909=ORIENTED_EDGE('',*,*,#6688,.F.);
#9910=ORIENTED_EDGE('',*,*,#6735,.T.);
#9911=ORIENTED_EDGE('',*,*,#6909,.F.);
#9912=ORIENTED_EDGE('',*,*,#6703,.T.);
#9913=ORIENTED_EDGE('',*,*,#7181,.T.);
#9914=ORIENTED_EDGE('',*,*,#6530,.F.);
#9915=ORIENTED_EDGE('',*,*,#6702,.T.);
#9916=ORIENTED_EDGE('',*,*,#7182,.T.);
#9917=ORIENTED_EDGE('',*,*,#6531,.F.);
#9918=ORIENTED_EDGE('',*,*,#7181,.F.);
#9919=ORIENTED_EDGE('',*,*,#6673,.T.);
#9920=ORIENTED_EDGE('',*,*,#6532,.F.);
#9921=ORIENTED_EDGE('',*,*,#7182,.F.);
#9922=ORIENTED_EDGE('',*,*,#6701,.T.);
#9923=ORIENTED_EDGE('',*,*,#6908,.T.);
#9924=ORIENTED_EDGE('',*,*,#6500,.F.);
#9925=ORIENTED_EDGE('',*,*,#7183,.F.);
#9926=ORIENTED_EDGE('',*,*,#6705,.T.);
#9927=ORIENTED_EDGE('',*,*,#6706,.T.);
#9928=ORIENTED_EDGE('',*,*,#7183,.T.);
#9929=ORIENTED_EDGE('',*,*,#6499,.F.);
#9930=ORIENTED_EDGE('',*,*,#7184,.F.);
#9931=ORIENTED_EDGE('',*,*,#6675,.F.);
#9932=ORIENTED_EDGE('',*,*,#6707,.T.);
#9933=ORIENTED_EDGE('',*,*,#7184,.T.);
#9934=ORIENTED_EDGE('',*,*,#6498,.F.);
#9935=ORIENTED_EDGE('',*,*,#6907,.F.);
#9936=ORIENTED_EDGE('',*,*,#6710,.T.);
#9937=ORIENTED_EDGE('',*,*,#7185,.T.);
#9938=ORIENTED_EDGE('',*,*,#6502,.F.);
#9939=ORIENTED_EDGE('',*,*,#6709,.T.);
#9940=ORIENTED_EDGE('',*,*,#7186,.T.);
#9941=ORIENTED_EDGE('',*,*,#6503,.F.);
#9942=ORIENTED_EDGE('',*,*,#7185,.F.);
#9943=ORIENTED_EDGE('',*,*,#6676,.T.);
#9944=ORIENTED_EDGE('',*,*,#6504,.F.);
#9945=ORIENTED_EDGE('',*,*,#7186,.F.);
#9946=ORIENTED_EDGE('',*,*,#6708,.T.);
#9947=ORIENTED_EDGE('',*,*,#6472,.F.);
#9948=ORIENTED_EDGE('',*,*,#6424,.F.);
#9949=ORIENTED_EDGE('',*,*,#7187,.F.);
#9950=ORIENTED_EDGE('',*,*,#6422,.T.);
#9951=ORIENTED_EDGE('',*,*,#7188,.F.);
#9952=ORIENTED_EDGE('',*,*,#6409,.T.);
#9953=ORIENTED_EDGE('',*,*,#6476,.F.);
#9954=ORIENTED_EDGE('',*,*,#6411,.F.);
#9955=ORIENTED_EDGE('',*,*,#6423,.T.);
#9956=ORIENTED_EDGE('',*,*,#7187,.T.);
#9957=ORIENTED_EDGE('',*,*,#6410,.F.);
#9958=ORIENTED_EDGE('',*,*,#7188,.T.);
#9959=ORIENTED_EDGE('',*,*,#6413,.T.);
#9960=ORIENTED_EDGE('',*,*,#6475,.F.);
#9961=ORIENTED_EDGE('',*,*,#7189,.F.);
#9962=ORIENTED_EDGE('',*,*,#6400,.F.);
#9963=ORIENTED_EDGE('',*,*,#7189,.T.);
#9964=ORIENTED_EDGE('',*,*,#6474,.F.);
#9965=ORIENTED_EDGE('',*,*,#7190,.F.);
#9966=ORIENTED_EDGE('',*,*,#6401,.T.);
#9967=ORIENTED_EDGE('',*,*,#7190,.T.);
#9968=ORIENTED_EDGE('',*,*,#6473,.F.);
#9969=ORIENTED_EDGE('',*,*,#6420,.F.);
#9970=ORIENTED_EDGE('',*,*,#6402,.F.);
#9971=ORIENTED_EDGE('',*,*,#7191,.T.);
#9972=ORIENTED_EDGE('',*,*,#7192,.F.);
#9973=ORIENTED_EDGE('',*,*,#7193,.F.);
#9974=ORIENTED_EDGE('',*,*,#7194,.F.);
#9975=ORIENTED_EDGE('',*,*,#7195,.F.);
#9976=ORIENTED_EDGE('',*,*,#7196,.T.);
#9977=ORIENTED_EDGE('',*,*,#7197,.F.);
#9978=ORIENTED_EDGE('',*,*,#7198,.F.);
#9979=ORIENTED_EDGE('',*,*,#7199,.F.);
#9980=ORIENTED_EDGE('',*,*,#7200,.F.);
#9981=ORIENTED_EDGE('',*,*,#7201,.F.);
#9982=ORIENTED_EDGE('',*,*,#7202,.T.);
#9983=ORIENTED_EDGE('',*,*,#7203,.F.);
#9984=ORIENTED_EDGE('',*,*,#7204,.F.);
#9985=ORIENTED_EDGE('',*,*,#7205,.F.);
#9986=ORIENTED_EDGE('',*,*,#7206,.F.);
#9987=ORIENTED_EDGE('',*,*,#7207,.F.);
#9988=ORIENTED_EDGE('',*,*,#7208,.F.);
#9989=ORIENTED_EDGE('',*,*,#7209,.F.);
#9990=ORIENTED_EDGE('',*,*,#7210,.F.);
#9991=ORIENTED_EDGE('',*,*,#7211,.T.);
#9992=ORIENTED_EDGE('',*,*,#7212,.T.);
#9993=ORIENTED_EDGE('',*,*,#7213,.F.);
#9994=ORIENTED_EDGE('',*,*,#7214,.T.);
#9995=ORIENTED_EDGE('',*,*,#7215,.T.);
#9996=ORIENTED_EDGE('',*,*,#7216,.T.);
#9997=ORIENTED_EDGE('',*,*,#7217,.F.);
#9998=ORIENTED_EDGE('',*,*,#7218,.T.);
#9999=ORIENTED_EDGE('',*,*,#7219,.F.);
#10000=ORIENTED_EDGE('',*,*,#7220,.T.);
#10001=ORIENTED_EDGE('',*,*,#7203,.T.);
#10002=ORIENTED_EDGE('',*,*,#7220,.F.);
#10003=ORIENTED_EDGE('',*,*,#7221,.T.);
#10004=ORIENTED_EDGE('',*,*,#7222,.T.);
#10005=ORIENTED_EDGE('',*,*,#7223,.T.);
#10006=ORIENTED_EDGE('',*,*,#7224,.T.);
#10007=ORIENTED_EDGE('',*,*,#7225,.T.);
#10008=ORIENTED_EDGE('',*,*,#7226,.T.);
#10009=ORIENTED_EDGE('',*,*,#7219,.T.);
#10010=ORIENTED_EDGE('',*,*,#7227,.F.);
#10011=ORIENTED_EDGE('',*,*,#7221,.F.);
#10012=ORIENTED_EDGE('',*,*,#7228,.F.);
#10013=ORIENTED_EDGE('',*,*,#7229,.F.);
#10014=ORIENTED_EDGE('',*,*,#7230,.F.);
#10015=ORIENTED_EDGE('',*,*,#7222,.F.);
#10016=ORIENTED_EDGE('',*,*,#7227,.T.);
#10017=ORIENTED_EDGE('',*,*,#7231,.F.);
#10018=ORIENTED_EDGE('',*,*,#7232,.F.);
#10019=ORIENTED_EDGE('',*,*,#7223,.F.);
#10020=ORIENTED_EDGE('',*,*,#7230,.T.);
#10021=ORIENTED_EDGE('',*,*,#7233,.F.);
#10022=ORIENTED_EDGE('',*,*,#7234,.F.);
#10023=ORIENTED_EDGE('',*,*,#7224,.F.);
#10024=ORIENTED_EDGE('',*,*,#7232,.T.);
#10025=ORIENTED_EDGE('',*,*,#7235,.F.);
#10026=ORIENTED_EDGE('',*,*,#7236,.F.);
#10027=ORIENTED_EDGE('',*,*,#7225,.F.);
#10028=ORIENTED_EDGE('',*,*,#7234,.T.);
#10029=ORIENTED_EDGE('',*,*,#7237,.F.);
#10030=ORIENTED_EDGE('',*,*,#7228,.T.);
#10031=ORIENTED_EDGE('',*,*,#7226,.F.);
#10032=ORIENTED_EDGE('',*,*,#7236,.T.);
#10033=ORIENTED_EDGE('',*,*,#7238,.F.);
#10034=ORIENTED_EDGE('',*,*,#7239,.F.);
#10035=ORIENTED_EDGE('',*,*,#7240,.T.);
#10036=ORIENTED_EDGE('',*,*,#7241,.T.);
#10037=ORIENTED_EDGE('',*,*,#7242,.T.);
#10038=ORIENTED_EDGE('',*,*,#7243,.T.);
#10039=ORIENTED_EDGE('',*,*,#7244,.T.);
#10040=ORIENTED_EDGE('',*,*,#7245,.T.);
#10041=ORIENTED_EDGE('',*,*,#7246,.T.);
#10042=ORIENTED_EDGE('',*,*,#7247,.T.);
#10043=ORIENTED_EDGE('',*,*,#7248,.T.);
#10044=ORIENTED_EDGE('',*,*,#7249,.T.);
#10045=ORIENTED_EDGE('',*,*,#7250,.T.);
#10046=ORIENTED_EDGE('',*,*,#7251,.T.);
#10047=ORIENTED_EDGE('',*,*,#7252,.T.);
#10048=ORIENTED_EDGE('',*,*,#7253,.F.);
#10049=ORIENTED_EDGE('',*,*,#7254,.T.);
#10050=ORIENTED_EDGE('',*,*,#7255,.T.);
#10051=ORIENTED_EDGE('',*,*,#7256,.T.);
#10052=ORIENTED_EDGE('',*,*,#7257,.T.);
#10053=ORIENTED_EDGE('',*,*,#7258,.T.);
#10054=ORIENTED_EDGE('',*,*,#7259,.T.);
#10055=ORIENTED_EDGE('',*,*,#7260,.T.);
#10056=ORIENTED_EDGE('',*,*,#7261,.T.);
#10057=ORIENTED_EDGE('',*,*,#7262,.T.);
#10058=ORIENTED_EDGE('',*,*,#7263,.T.);
#10059=ORIENTED_EDGE('',*,*,#7264,.T.);
#10060=ORIENTED_EDGE('',*,*,#7265,.T.);
#10061=ORIENTED_EDGE('',*,*,#7266,.T.);
#10062=ORIENTED_EDGE('',*,*,#7267,.F.);
#10063=ORIENTED_EDGE('',*,*,#7268,.T.);
#10064=ORIENTED_EDGE('',*,*,#7269,.T.);
#10065=ORIENTED_EDGE('',*,*,#7270,.T.);
#10066=ORIENTED_EDGE('',*,*,#7271,.T.);
#10067=ORIENTED_EDGE('',*,*,#7272,.T.);
#10068=ORIENTED_EDGE('',*,*,#7273,.T.);
#10069=ORIENTED_EDGE('',*,*,#7274,.T.);
#10070=ORIENTED_EDGE('',*,*,#7275,.T.);
#10071=ORIENTED_EDGE('',*,*,#7276,.T.);
#10072=ORIENTED_EDGE('',*,*,#7277,.T.);
#10073=ORIENTED_EDGE('',*,*,#7278,.T.);
#10074=ORIENTED_EDGE('',*,*,#7279,.T.);
#10075=ORIENTED_EDGE('',*,*,#7280,.T.);
#10076=ORIENTED_EDGE('',*,*,#7281,.T.);
#10077=ORIENTED_EDGE('',*,*,#7282,.T.);
#10078=ORIENTED_EDGE('',*,*,#7283,.T.);
#10079=ORIENTED_EDGE('',*,*,#7284,.T.);
#10080=ORIENTED_EDGE('',*,*,#7285,.F.);
#10081=ORIENTED_EDGE('',*,*,#7286,.T.);
#10082=ORIENTED_EDGE('',*,*,#7287,.T.);
#10083=ORIENTED_EDGE('',*,*,#7288,.T.);
#10084=ORIENTED_EDGE('',*,*,#7289,.T.);
#10085=ORIENTED_EDGE('',*,*,#7290,.T.);
#10086=ORIENTED_EDGE('',*,*,#7291,.T.);
#10087=ORIENTED_EDGE('',*,*,#7292,.T.);
#10088=ORIENTED_EDGE('',*,*,#7293,.T.);
#10089=ORIENTED_EDGE('',*,*,#7294,.T.);
#10090=ORIENTED_EDGE('',*,*,#7295,.T.);
#10091=ORIENTED_EDGE('',*,*,#7296,.T.);
#10092=ORIENTED_EDGE('',*,*,#7297,.T.);
#10093=ORIENTED_EDGE('',*,*,#7298,.T.);
#10094=ORIENTED_EDGE('',*,*,#7299,.F.);
#10095=ORIENTED_EDGE('',*,*,#7300,.T.);
#10096=ORIENTED_EDGE('',*,*,#7301,.T.);
#10097=ORIENTED_EDGE('',*,*,#7302,.T.);
#10098=ORIENTED_EDGE('',*,*,#7238,.T.);
#10099=ORIENTED_EDGE('',*,*,#7237,.T.);
#10100=ORIENTED_EDGE('',*,*,#7235,.T.);
#10101=ORIENTED_EDGE('',*,*,#7233,.T.);
#10102=ORIENTED_EDGE('',*,*,#7231,.T.);
#10103=ORIENTED_EDGE('',*,*,#7229,.T.);
#10104=ORIENTED_EDGE('',*,*,#7303,.T.);
#10105=ORIENTED_EDGE('',*,*,#7304,.T.);
#10106=ORIENTED_EDGE('',*,*,#7305,.T.);
#10107=ORIENTED_EDGE('',*,*,#7306,.T.);
#10108=ORIENTED_EDGE('',*,*,#7307,.F.);
#10109=ORIENTED_EDGE('',*,*,#7308,.T.);
#10110=ORIENTED_EDGE('',*,*,#7309,.T.);
#10111=ORIENTED_EDGE('',*,*,#7310,.T.);
#10112=ORIENTED_EDGE('',*,*,#7311,.T.);
#10113=ORIENTED_EDGE('',*,*,#7312,.T.);
#10114=ORIENTED_EDGE('',*,*,#7313,.T.);
#10115=ORIENTED_EDGE('',*,*,#7314,.T.);
#10116=ORIENTED_EDGE('',*,*,#7315,.T.);
#10117=ORIENTED_EDGE('',*,*,#7316,.T.);
#10118=ORIENTED_EDGE('',*,*,#7317,.F.);
#10119=ORIENTED_EDGE('',*,*,#7318,.T.);
#10120=ORIENTED_EDGE('',*,*,#7319,.T.);
#10121=ORIENTED_EDGE('',*,*,#7320,.T.);
#10122=ORIENTED_EDGE('',*,*,#7321,.T.);
#10123=ORIENTED_EDGE('',*,*,#7322,.T.);
#10124=ORIENTED_EDGE('',*,*,#7323,.F.);
#10125=ORIENTED_EDGE('',*,*,#7324,.T.);
#10126=ORIENTED_EDGE('',*,*,#7325,.F.);
#10127=ORIENTED_EDGE('',*,*,#7326,.T.);
#10128=ORIENTED_EDGE('',*,*,#7327,.T.);
#10129=ORIENTED_EDGE('',*,*,#7328,.T.);
#10130=ORIENTED_EDGE('',*,*,#7329,.T.);
#10131=ORIENTED_EDGE('',*,*,#7330,.T.);
#10132=ORIENTED_EDGE('',*,*,#7331,.F.);
#10133=ORIENTED_EDGE('',*,*,#7332,.T.);
#10134=ORIENTED_EDGE('',*,*,#7333,.F.);
#10135=ORIENTED_EDGE('',*,*,#7334,.T.);
#10136=ORIENTED_EDGE('',*,*,#7335,.T.);
#10137=ORIENTED_EDGE('',*,*,#7336,.T.);
#10138=ORIENTED_EDGE('',*,*,#7337,.T.);
#10139=ORIENTED_EDGE('',*,*,#7338,.T.);
#10140=ORIENTED_EDGE('',*,*,#7339,.F.);
#10141=ORIENTED_EDGE('',*,*,#7340,.T.);
#10142=ORIENTED_EDGE('',*,*,#7341,.T.);
#10143=ORIENTED_EDGE('',*,*,#7342,.T.);
#10144=ORIENTED_EDGE('',*,*,#7343,.T.);
#10145=ORIENTED_EDGE('',*,*,#7344,.T.);
#10146=ORIENTED_EDGE('',*,*,#7345,.T.);
#10147=ORIENTED_EDGE('',*,*,#7346,.F.);
#10148=ORIENTED_EDGE('',*,*,#7347,.T.);
#10149=ORIENTED_EDGE('',*,*,#7289,.F.);
#10150=ORIENTED_EDGE('',*,*,#7348,.F.);
#10151=ORIENTED_EDGE('',*,*,#7349,.F.);
#10152=ORIENTED_EDGE('',*,*,#7345,.F.);
#10153=ORIENTED_EDGE('',*,*,#7294,.F.);
#10154=ORIENTED_EDGE('',*,*,#7350,.F.);
#10155=ORIENTED_EDGE('',*,*,#7351,.F.);
#10156=ORIENTED_EDGE('',*,*,#7348,.T.);
#10157=ORIENTED_EDGE('',*,*,#7293,.F.);
#10158=ORIENTED_EDGE('',*,*,#7352,.F.);
#10159=ORIENTED_EDGE('',*,*,#7353,.F.);
#10160=ORIENTED_EDGE('',*,*,#7350,.T.);
#10161=ORIENTED_EDGE('',*,*,#7292,.F.);
#10162=ORIENTED_EDGE('',*,*,#7354,.F.);
#10163=ORIENTED_EDGE('',*,*,#7355,.F.);
#10164=ORIENTED_EDGE('',*,*,#7352,.T.);
#10165=ORIENTED_EDGE('',*,*,#7291,.F.);
#10166=ORIENTED_EDGE('',*,*,#7347,.F.);
#10167=ORIENTED_EDGE('',*,*,#7356,.F.);
#10168=ORIENTED_EDGE('',*,*,#7354,.T.);
#10169=ORIENTED_EDGE('',*,*,#7290,.F.);
#10170=ORIENTED_EDGE('',*,*,#7349,.T.);
#10171=ORIENTED_EDGE('',*,*,#7351,.T.);
#10172=ORIENTED_EDGE('',*,*,#7353,.T.);
#10173=ORIENTED_EDGE('',*,*,#7355,.T.);
#10174=ORIENTED_EDGE('',*,*,#7356,.T.);
#10175=ORIENTED_EDGE('',*,*,#7346,.T.);
#10176=ORIENTED_EDGE('',*,*,#7357,.T.);
#10177=ORIENTED_EDGE('',*,*,#7357,.F.);
#10178=ORIENTED_EDGE('',*,*,#7358,.T.);
#10179=ORIENTED_EDGE('',*,*,#7205,.T.);
#10180=ORIENTED_EDGE('',*,*,#7358,.F.);
#10181=ORIENTED_EDGE('',*,*,#7359,.T.);
#10182=ORIENTED_EDGE('',*,*,#7360,.F.);
#10183=ORIENTED_EDGE('',*,*,#7361,.T.);
#10184=ORIENTED_EDGE('',*,*,#7311,.F.);
#10185=ORIENTED_EDGE('',*,*,#7362,.F.);
#10186=ORIENTED_EDGE('',*,*,#7363,.F.);
#10187=ORIENTED_EDGE('',*,*,#7359,.F.);
#10188=ORIENTED_EDGE('',*,*,#7316,.F.);
#10189=ORIENTED_EDGE('',*,*,#7364,.F.);
#10190=ORIENTED_EDGE('',*,*,#7365,.F.);
#10191=ORIENTED_EDGE('',*,*,#7362,.T.);
#10192=ORIENTED_EDGE('',*,*,#7315,.F.);
#10193=ORIENTED_EDGE('',*,*,#7366,.F.);
#10194=ORIENTED_EDGE('',*,*,#7367,.F.);
#10195=ORIENTED_EDGE('',*,*,#7364,.T.);
#10196=ORIENTED_EDGE('',*,*,#7314,.F.);
#10197=ORIENTED_EDGE('',*,*,#7368,.F.);
#10198=ORIENTED_EDGE('',*,*,#7369,.F.);
#10199=ORIENTED_EDGE('',*,*,#7366,.T.);
#10200=ORIENTED_EDGE('',*,*,#7313,.F.);
#10201=ORIENTED_EDGE('',*,*,#7361,.F.);
#10202=ORIENTED_EDGE('',*,*,#7370,.F.);
#10203=ORIENTED_EDGE('',*,*,#7368,.T.);
#10204=ORIENTED_EDGE('',*,*,#7312,.F.);
#10205=ORIENTED_EDGE('',*,*,#7363,.T.);
#10206=ORIENTED_EDGE('',*,*,#7365,.T.);
#10207=ORIENTED_EDGE('',*,*,#7367,.T.);
#10208=ORIENTED_EDGE('',*,*,#7369,.T.);
#10209=ORIENTED_EDGE('',*,*,#7370,.T.);
#10210=ORIENTED_EDGE('',*,*,#7360,.T.);
#10211=ORIENTED_EDGE('',*,*,#7371,.T.);
#10212=ORIENTED_EDGE('',*,*,#7371,.F.);
#10213=ORIENTED_EDGE('',*,*,#7372,.T.);
#10214=ORIENTED_EDGE('',*,*,#7204,.T.);
#10215=ORIENTED_EDGE('',*,*,#7372,.F.);
#10216=ORIENTED_EDGE('',*,*,#7373,.T.);
#10217=ORIENTED_EDGE('',*,*,#7374,.F.);
#10218=ORIENTED_EDGE('',*,*,#7375,.T.);
#10219=ORIENTED_EDGE('',*,*,#7261,.F.);
#10220=ORIENTED_EDGE('',*,*,#7376,.F.);
#10221=ORIENTED_EDGE('',*,*,#7377,.F.);
#10222=ORIENTED_EDGE('',*,*,#7373,.F.);
#10223=ORIENTED_EDGE('',*,*,#7266,.F.);
#10224=ORIENTED_EDGE('',*,*,#7378,.F.);
#10225=ORIENTED_EDGE('',*,*,#7379,.F.);
#10226=ORIENTED_EDGE('',*,*,#7376,.T.);
#10227=ORIENTED_EDGE('',*,*,#7265,.F.);
#10228=ORIENTED_EDGE('',*,*,#7380,.F.);
#10229=ORIENTED_EDGE('',*,*,#7381,.F.);
#10230=ORIENTED_EDGE('',*,*,#7378,.T.);
#10231=ORIENTED_EDGE('',*,*,#7264,.F.);
#10232=ORIENTED_EDGE('',*,*,#7382,.F.);
#10233=ORIENTED_EDGE('',*,*,#7383,.F.);
#10234=ORIENTED_EDGE('',*,*,#7380,.T.);
#10235=ORIENTED_EDGE('',*,*,#7263,.F.);
#10236=ORIENTED_EDGE('',*,*,#7375,.F.);
#10237=ORIENTED_EDGE('',*,*,#7384,.F.);
#10238=ORIENTED_EDGE('',*,*,#7382,.T.);
#10239=ORIENTED_EDGE('',*,*,#7262,.F.);
#10240=ORIENTED_EDGE('',*,*,#7377,.T.);
#10241=ORIENTED_EDGE('',*,*,#7379,.T.);
#10242=ORIENTED_EDGE('',*,*,#7381,.T.);
#10243=ORIENTED_EDGE('',*,*,#7383,.T.);
#10244=ORIENTED_EDGE('',*,*,#7384,.T.);
#10245=ORIENTED_EDGE('',*,*,#7374,.T.);
#10246=ORIENTED_EDGE('',*,*,#7385,.T.);
#10247=ORIENTED_EDGE('',*,*,#7385,.F.);
#10248=ORIENTED_EDGE('',*,*,#7386,.T.);
#10249=ORIENTED_EDGE('',*,*,#7208,.T.);
#10250=ORIENTED_EDGE('',*,*,#7386,.F.);
#10251=ORIENTED_EDGE('',*,*,#7387,.T.);
#10252=ORIENTED_EDGE('',*,*,#7388,.F.);
#10253=ORIENTED_EDGE('',*,*,#7389,.T.);
#10254=ORIENTED_EDGE('',*,*,#7247,.F.);
#10255=ORIENTED_EDGE('',*,*,#7390,.F.);
#10256=ORIENTED_EDGE('',*,*,#7391,.F.);
#10257=ORIENTED_EDGE('',*,*,#7387,.F.);
#10258=ORIENTED_EDGE('',*,*,#7252,.F.);
#10259=ORIENTED_EDGE('',*,*,#7392,.F.);
#10260=ORIENTED_EDGE('',*,*,#7393,.F.);
#10261=ORIENTED_EDGE('',*,*,#7390,.T.);
#10262=ORIENTED_EDGE('',*,*,#7251,.F.);
#10263=ORIENTED_EDGE('',*,*,#7394,.F.);
#10264=ORIENTED_EDGE('',*,*,#7395,.F.);
#10265=ORIENTED_EDGE('',*,*,#7392,.T.);
#10266=ORIENTED_EDGE('',*,*,#7250,.F.);
#10267=ORIENTED_EDGE('',*,*,#7396,.F.);
#10268=ORIENTED_EDGE('',*,*,#7397,.F.);
#10269=ORIENTED_EDGE('',*,*,#7394,.T.);
#10270=ORIENTED_EDGE('',*,*,#7249,.F.);
#10271=ORIENTED_EDGE('',*,*,#7389,.F.);
#10272=ORIENTED_EDGE('',*,*,#7398,.F.);
#10273=ORIENTED_EDGE('',*,*,#7396,.T.);
#10274=ORIENTED_EDGE('',*,*,#7248,.F.);
#10275=ORIENTED_EDGE('',*,*,#7391,.T.);
#10276=ORIENTED_EDGE('',*,*,#7393,.T.);
#10277=ORIENTED_EDGE('',*,*,#7395,.T.);
#10278=ORIENTED_EDGE('',*,*,#7397,.T.);
#10279=ORIENTED_EDGE('',*,*,#7398,.T.);
#10280=ORIENTED_EDGE('',*,*,#7388,.T.);
#10281=ORIENTED_EDGE('',*,*,#7399,.T.);
#10282=ORIENTED_EDGE('',*,*,#7399,.F.);
#10283=ORIENTED_EDGE('',*,*,#7400,.T.);
#10284=ORIENTED_EDGE('',*,*,#7207,.T.);
#10285=ORIENTED_EDGE('',*,*,#7400,.F.);
#10286=ORIENTED_EDGE('',*,*,#7401,.T.);
#10287=ORIENTED_EDGE('',*,*,#7402,.F.);
#10288=ORIENTED_EDGE('',*,*,#7403,.T.);
#10289=ORIENTED_EDGE('',*,*,#7275,.F.);
#10290=ORIENTED_EDGE('',*,*,#7404,.F.);
#10291=ORIENTED_EDGE('',*,*,#7405,.F.);
#10292=ORIENTED_EDGE('',*,*,#7401,.F.);
#10293=ORIENTED_EDGE('',*,*,#7280,.F.);
#10294=ORIENTED_EDGE('',*,*,#7406,.F.);
#10295=ORIENTED_EDGE('',*,*,#7407,.F.);
#10296=ORIENTED_EDGE('',*,*,#7404,.T.);
#10297=ORIENTED_EDGE('',*,*,#7279,.F.);
#10298=ORIENTED_EDGE('',*,*,#7408,.F.);
#10299=ORIENTED_EDGE('',*,*,#7409,.F.);
#10300=ORIENTED_EDGE('',*,*,#7406,.T.);
#10301=ORIENTED_EDGE('',*,*,#7278,.F.);
#10302=ORIENTED_EDGE('',*,*,#7410,.F.);
#10303=ORIENTED_EDGE('',*,*,#7411,.F.);
#10304=ORIENTED_EDGE('',*,*,#7408,.T.);
#10305=ORIENTED_EDGE('',*,*,#7277,.F.);
#10306=ORIENTED_EDGE('',*,*,#7403,.F.);
#10307=ORIENTED_EDGE('',*,*,#7412,.F.);
#10308=ORIENTED_EDGE('',*,*,#7410,.T.);
#10309=ORIENTED_EDGE('',*,*,#7276,.F.);
#10310=ORIENTED_EDGE('',*,*,#7405,.T.);
#10311=ORIENTED_EDGE('',*,*,#7407,.T.);
#10312=ORIENTED_EDGE('',*,*,#7409,.T.);
#10313=ORIENTED_EDGE('',*,*,#7411,.T.);
#10314=ORIENTED_EDGE('',*,*,#7412,.T.);
#10315=ORIENTED_EDGE('',*,*,#7402,.T.);
#10316=ORIENTED_EDGE('',*,*,#7413,.T.);
#10317=ORIENTED_EDGE('',*,*,#7413,.F.);
#10318=ORIENTED_EDGE('',*,*,#7414,.T.);
#10319=ORIENTED_EDGE('',*,*,#7209,.T.);
#10320=ORIENTED_EDGE('',*,*,#7414,.F.);
#10321=ORIENTED_EDGE('',*,*,#7415,.F.);
#10322=ORIENTED_EDGE('',*,*,#7416,.T.);
#10323=ORIENTED_EDGE('',*,*,#7417,.T.);
#10324=ORIENTED_EDGE('',*,*,#7418,.T.);
#10325=ORIENTED_EDGE('',*,*,#7419,.T.);
#10326=ORIENTED_EDGE('',*,*,#7420,.T.);
#10327=ORIENTED_EDGE('',*,*,#7421,.F.);
#10328=ORIENTED_EDGE('',*,*,#7422,.T.);
#10329=ORIENTED_EDGE('',*,*,#7423,.F.);
#10330=ORIENTED_EDGE('',*,*,#7424,.T.);
#10331=ORIENTED_EDGE('',*,*,#7239,.T.);
#10332=ORIENTED_EDGE('',*,*,#7425,.F.);
#10333=ORIENTED_EDGE('',*,*,#7426,.F.);
#10334=ORIENTED_EDGE('',*,*,#7427,.T.);
#10335=ORIENTED_EDGE('',*,*,#7253,.T.);
#10336=ORIENTED_EDGE('',*,*,#7428,.F.);
#10337=ORIENTED_EDGE('',*,*,#7429,.F.);
#10338=ORIENTED_EDGE('',*,*,#7430,.T.);
#10339=ORIENTED_EDGE('',*,*,#7267,.T.);
#10340=ORIENTED_EDGE('',*,*,#7431,.F.);
#10341=ORIENTED_EDGE('',*,*,#7415,.T.);
#10342=ORIENTED_EDGE('',*,*,#7432,.F.);
#10343=ORIENTED_EDGE('',*,*,#7433,.F.);
#10344=ORIENTED_EDGE('',*,*,#7434,.F.);
#10345=ORIENTED_EDGE('',*,*,#7435,.F.);
#10346=ORIENTED_EDGE('',*,*,#7436,.T.);
#10347=ORIENTED_EDGE('',*,*,#7429,.T.);
#10348=ORIENTED_EDGE('',*,*,#7437,.F.);
#10349=ORIENTED_EDGE('',*,*,#7438,.F.);
#10350=ORIENTED_EDGE('',*,*,#7439,.F.);
#10351=ORIENTED_EDGE('',*,*,#7440,.F.);
#10352=ORIENTED_EDGE('',*,*,#7441,.F.);
#10353=ORIENTED_EDGE('',*,*,#7442,.F.);
#10354=ORIENTED_EDGE('',*,*,#7443,.F.);
#10355=ORIENTED_EDGE('',*,*,#7426,.T.);
#10356=ORIENTED_EDGE('',*,*,#7444,.F.);
#10357=ORIENTED_EDGE('',*,*,#7445,.F.);
#10358=ORIENTED_EDGE('',*,*,#7446,.F.);
#10359=ORIENTED_EDGE('',*,*,#7447,.F.);
#10360=ORIENTED_EDGE('',*,*,#7448,.F.);
#10361=ORIENTED_EDGE('',*,*,#7449,.F.);
#10362=ORIENTED_EDGE('',*,*,#7450,.F.);
#10363=ORIENTED_EDGE('',*,*,#7423,.T.);
#10364=ORIENTED_EDGE('',*,*,#7451,.F.);
#10365=ORIENTED_EDGE('',*,*,#7452,.F.);
#10366=ORIENTED_EDGE('',*,*,#7453,.F.);
#10367=ORIENTED_EDGE('',*,*,#7454,.F.);
#10368=ORIENTED_EDGE('',*,*,#7455,.F.);
#10369=ORIENTED_EDGE('',*,*,#7456,.T.);
#10370=ORIENTED_EDGE('',*,*,#7457,.F.);
#10371=ORIENTED_EDGE('',*,*,#7458,.F.);
#10372=ORIENTED_EDGE('',*,*,#7459,.F.);
#10373=ORIENTED_EDGE('',*,*,#7460,.F.);
#10374=ORIENTED_EDGE('',*,*,#7461,.T.);
#10375=ORIENTED_EDGE('',*,*,#7462,.T.);
#10376=ORIENTED_EDGE('',*,*,#7463,.F.);
#10377=ORIENTED_EDGE('',*,*,#7464,.F.);
#10378=ORIENTED_EDGE('',*,*,#7465,.F.);
#10379=ORIENTED_EDGE('',*,*,#7466,.F.);
#10380=ORIENTED_EDGE('',*,*,#7467,.F.);
#10381=ORIENTED_EDGE('',*,*,#7468,.F.);
#10382=ORIENTED_EDGE('',*,*,#7469,.T.);
#10383=ORIENTED_EDGE('',*,*,#7470,.T.);
#10384=ORIENTED_EDGE('',*,*,#7471,.F.);
#10385=ORIENTED_EDGE('',*,*,#7472,.F.);
#10386=ORIENTED_EDGE('',*,*,#7473,.F.);
#10387=ORIENTED_EDGE('',*,*,#7474,.F.);
#10388=ORIENTED_EDGE('',*,*,#7475,.F.);
#10389=ORIENTED_EDGE('',*,*,#7476,.F.);
#10390=ORIENTED_EDGE('',*,*,#7477,.F.);
#10391=ORIENTED_EDGE('',*,*,#7478,.T.);
#10392=ORIENTED_EDGE('',*,*,#7479,.F.);
#10393=ORIENTED_EDGE('',*,*,#7480,.F.);
#10394=ORIENTED_EDGE('',*,*,#7481,.F.);
#10395=ORIENTED_EDGE('',*,*,#7482,.F.);
#10396=ORIENTED_EDGE('',*,*,#7483,.F.);
#10397=ORIENTED_EDGE('',*,*,#7484,.F.);
#10398=ORIENTED_EDGE('',*,*,#7485,.F.);
#10399=ORIENTED_EDGE('',*,*,#7486,.T.);
#10400=ORIENTED_EDGE('',*,*,#7487,.F.);
#10401=ORIENTED_EDGE('',*,*,#7488,.F.);
#10402=ORIENTED_EDGE('',*,*,#7489,.F.);
#10403=ORIENTED_EDGE('',*,*,#7490,.F.);
#10404=ORIENTED_EDGE('',*,*,#7491,.F.);
#10405=ORIENTED_EDGE('',*,*,#7492,.F.);
#10406=ORIENTED_EDGE('',*,*,#7493,.F.);
#10407=ORIENTED_EDGE('',*,*,#7494,.T.);
#10408=ORIENTED_EDGE('',*,*,#7495,.F.);
#10409=ORIENTED_EDGE('',*,*,#7496,.F.);
#10410=ORIENTED_EDGE('',*,*,#7497,.F.);
#10411=ORIENTED_EDGE('',*,*,#7498,.F.);
#10412=ORIENTED_EDGE('',*,*,#7499,.F.);
#10413=ORIENTED_EDGE('',*,*,#7500,.F.);
#10414=ORIENTED_EDGE('',*,*,#7501,.T.);
#10415=ORIENTED_EDGE('',*,*,#7502,.F.);
#10416=ORIENTED_EDGE('',*,*,#7503,.T.);
#10417=ORIENTED_EDGE('',*,*,#7504,.F.);
#10418=ORIENTED_EDGE('',*,*,#7505,.F.);
#10419=ORIENTED_EDGE('',*,*,#7506,.F.);
#10420=ORIENTED_EDGE('',*,*,#7507,.F.);
#10421=ORIENTED_EDGE('',*,*,#7416,.F.);
#10422=ORIENTED_EDGE('',*,*,#7436,.F.);
#10423=ORIENTED_EDGE('',*,*,#7508,.T.);
#10424=ORIENTED_EDGE('',*,*,#7509,.F.);
#10425=ORIENTED_EDGE('',*,*,#7510,.T.);
#10426=ORIENTED_EDGE('',*,*,#7511,.F.);
#10427=ORIENTED_EDGE('',*,*,#7512,.F.);
#10428=ORIENTED_EDGE('',*,*,#7469,.F.);
#10429=ORIENTED_EDGE('',*,*,#7513,.T.);
#10430=ORIENTED_EDGE('',*,*,#7514,.F.);
#10431=ORIENTED_EDGE('',*,*,#7461,.F.);
#10432=ORIENTED_EDGE('',*,*,#7515,.T.);
#10433=ORIENTED_EDGE('',*,*,#7516,.T.);
#10434=ORIENTED_EDGE('',*,*,#7517,.F.);
#10435=ORIENTED_EDGE('',*,*,#7518,.T.);
#10436=ORIENTED_EDGE('',*,*,#7519,.T.);
#10437=ORIENTED_EDGE('',*,*,#7417,.F.);
#10438=ORIENTED_EDGE('',*,*,#7509,.T.);
#10439=ORIENTED_EDGE('',*,*,#7520,.T.);
#10440=ORIENTED_EDGE('',*,*,#7521,.F.);
#10441=ORIENTED_EDGE('',*,*,#7522,.T.);
#10442=ORIENTED_EDGE('',*,*,#7523,.T.);
#10443=ORIENTED_EDGE('',*,*,#7524,.F.);
#10444=ORIENTED_EDGE('',*,*,#7525,.T.);
#10445=ORIENTED_EDGE('',*,*,#7526,.T.);
#10446=ORIENTED_EDGE('',*,*,#7527,.F.);
#10447=ORIENTED_EDGE('',*,*,#7511,.T.);
#10448=ORIENTED_EDGE('',*,*,#7528,.T.);
#10449=ORIENTED_EDGE('',*,*,#7529,.F.);
#10450=ORIENTED_EDGE('',*,*,#7530,.T.);
#10451=ORIENTED_EDGE('',*,*,#7530,.F.);
#10452=ORIENTED_EDGE('',*,*,#7531,.T.);
#10453=ORIENTED_EDGE('',*,*,#7532,.T.);
#10454=ORIENTED_EDGE('',*,*,#7531,.F.);
#10455=ORIENTED_EDGE('',*,*,#7533,.F.);
#10456=ORIENTED_EDGE('',*,*,#7534,.T.);
#10457=ORIENTED_EDGE('',*,*,#7535,.T.);
#10458=ORIENTED_EDGE('',*,*,#7534,.F.);
#10459=ORIENTED_EDGE('',*,*,#7536,.T.);
#10460=ORIENTED_EDGE('',*,*,#7532,.F.);
#10461=ORIENTED_EDGE('',*,*,#7537,.T.);
#10462=ORIENTED_EDGE('',*,*,#7538,.F.);
#10463=ORIENTED_EDGE('',*,*,#7536,.F.);
#10464=ORIENTED_EDGE('',*,*,#7539,.T.);
#10465=ORIENTED_EDGE('',*,*,#7540,.T.);
#10466=ORIENTED_EDGE('',*,*,#7539,.F.);
#10467=ORIENTED_EDGE('',*,*,#7541,.T.);
#10468=ORIENTED_EDGE('',*,*,#7542,.F.);
#10469=ORIENTED_EDGE('',*,*,#7543,.T.);
#10470=ORIENTED_EDGE('',*,*,#7544,.F.);
#10471=ORIENTED_EDGE('',*,*,#7545,.F.);
#10472=ORIENTED_EDGE('',*,*,#7546,.F.);
#10473=ORIENTED_EDGE('',*,*,#7547,.F.);
#10474=ORIENTED_EDGE('',*,*,#7548,.T.);
#10475=ORIENTED_EDGE('',*,*,#7549,.T.);
#10476=ORIENTED_EDGE('',*,*,#7550,.F.);
#10477=ORIENTED_EDGE('',*,*,#7551,.F.);
#10478=ORIENTED_EDGE('',*,*,#7552,.T.);
#10479=ORIENTED_EDGE('',*,*,#7553,.F.);
#10480=ORIENTED_EDGE('',*,*,#7554,.T.);
#10481=ORIENTED_EDGE('',*,*,#7555,.F.);
#10482=ORIENTED_EDGE('',*,*,#7556,.T.);
#10483=ORIENTED_EDGE('',*,*,#7557,.F.);
#10484=ORIENTED_EDGE('',*,*,#7540,.F.);
#10485=ORIENTED_EDGE('',*,*,#7537,.F.);
#10486=ORIENTED_EDGE('',*,*,#7558,.T.);
#10487=ORIENTED_EDGE('',*,*,#7551,.T.);
#10488=ORIENTED_EDGE('',*,*,#7558,.F.);
#10489=ORIENTED_EDGE('',*,*,#7541,.F.);
#10490=ORIENTED_EDGE('',*,*,#7559,.F.);
#10491=ORIENTED_EDGE('',*,*,#7516,.F.);
#10492=ORIENTED_EDGE('',*,*,#7560,.F.);
#10493=ORIENTED_EDGE('',*,*,#7561,.T.);
#10494=ORIENTED_EDGE('',*,*,#7561,.F.);
#10495=ORIENTED_EDGE('',*,*,#7562,.F.);
#10496=ORIENTED_EDGE('',*,*,#7563,.F.);
#10497=ORIENTED_EDGE('',*,*,#7564,.F.);
#10498=ORIENTED_EDGE('',*,*,#7565,.F.);
#10499=ORIENTED_EDGE('',*,*,#7566,.T.);
#10500=ORIENTED_EDGE('',*,*,#7567,.F.);
#10501=ORIENTED_EDGE('',*,*,#7200,.T.);
#10502=ORIENTED_EDGE('',*,*,#7568,.T.);
#10503=ORIENTED_EDGE('',*,*,#7542,.T.);
#10504=ORIENTED_EDGE('',*,*,#7569,.F.);
#10505=ORIENTED_EDGE('',*,*,#7195,.T.);
#10506=ORIENTED_EDGE('',*,*,#7570,.T.);
#10507=ORIENTED_EDGE('',*,*,#7554,.F.);
#10508=ORIENTED_EDGE('',*,*,#7571,.T.);
#10509=ORIENTED_EDGE('',*,*,#7543,.F.);
#10510=ORIENTED_EDGE('',*,*,#7568,.F.);
#10511=ORIENTED_EDGE('',*,*,#7199,.T.);
#10512=ORIENTED_EDGE('',*,*,#7572,.F.);
#10513=ORIENTED_EDGE('',*,*,#7573,.T.);
#10514=ORIENTED_EDGE('',*,*,#7574,.T.);
#10515=ORIENTED_EDGE('',*,*,#7575,.F.);
#10516=ORIENTED_EDGE('',*,*,#7501,.F.);
#10517=ORIENTED_EDGE('',*,*,#7576,.T.);
#10518=ORIENTED_EDGE('',*,*,#7323,.T.);
#10519=ORIENTED_EDGE('',*,*,#7577,.F.);
#10520=ORIENTED_EDGE('',*,*,#7456,.F.);
#10521=ORIENTED_EDGE('',*,*,#7514,.T.);
#10522=ORIENTED_EDGE('',*,*,#7578,.F.);
#10523=ORIENTED_EDGE('',*,*,#7579,.F.);
#10524=ORIENTED_EDGE('',*,*,#7196,.F.);
#10525=ORIENTED_EDGE('',*,*,#7569,.T.);
#10526=ORIENTED_EDGE('',*,*,#7553,.T.);
#10527=ORIENTED_EDGE('',*,*,#7580,.F.);
#10528=ORIENTED_EDGE('',*,*,#7581,.F.);
#10529=ORIENTED_EDGE('',*,*,#7582,.F.);
#10530=ORIENTED_EDGE('',*,*,#7192,.T.);
#10531=ORIENTED_EDGE('',*,*,#7583,.F.);
#10532=ORIENTED_EDGE('',*,*,#7584,.F.);
#10533=ORIENTED_EDGE('',*,*,#7585,.T.);
#10534=ORIENTED_EDGE('',*,*,#7462,.F.);
#10535=ORIENTED_EDGE('',*,*,#7586,.T.);
#10536=ORIENTED_EDGE('',*,*,#7333,.T.);
#10537=ORIENTED_EDGE('',*,*,#7587,.F.);
#10538=ORIENTED_EDGE('',*,*,#7503,.F.);
#10539=ORIENTED_EDGE('',*,*,#7588,.T.);
#10540=ORIENTED_EDGE('',*,*,#7589,.T.);
#10541=ORIENTED_EDGE('',*,*,#7590,.T.);
#10542=ORIENTED_EDGE('',*,*,#7552,.F.);
#10543=ORIENTED_EDGE('',*,*,#7591,.F.);
#10544=ORIENTED_EDGE('',*,*,#7523,.F.);
#10545=ORIENTED_EDGE('',*,*,#7592,.F.);
#10546=ORIENTED_EDGE('',*,*,#7572,.T.);
#10547=ORIENTED_EDGE('',*,*,#7592,.T.);
#10548=ORIENTED_EDGE('',*,*,#7529,.T.);
#10549=ORIENTED_EDGE('',*,*,#7593,.T.);
#10550=ORIENTED_EDGE('',*,*,#7594,.F.);
#10551=ORIENTED_EDGE('',*,*,#7573,.F.);
#10552=ORIENTED_EDGE('',*,*,#7595,.T.);
#10553=ORIENTED_EDGE('',*,*,#7596,.T.);
#10554=ORIENTED_EDGE('',*,*,#7597,.T.);
#10555=ORIENTED_EDGE('',*,*,#7419,.F.);
#10556=ORIENTED_EDGE('',*,*,#7598,.F.);
#10557=ORIENTED_EDGE('',*,*,#7599,.T.);
#10558=ORIENTED_EDGE('',*,*,#7600,.T.);
#10559=ORIENTED_EDGE('',*,*,#7574,.F.);
#10560=ORIENTED_EDGE('',*,*,#7594,.T.);
#10561=ORIENTED_EDGE('',*,*,#7601,.T.);
#10562=ORIENTED_EDGE('',*,*,#7602,.F.);
#10563=ORIENTED_EDGE('',*,*,#7589,.F.);
#10564=ORIENTED_EDGE('',*,*,#7603,.F.);
#10565=ORIENTED_EDGE('',*,*,#7604,.F.);
#10566=ORIENTED_EDGE('',*,*,#7605,.F.);
#10567=ORIENTED_EDGE('',*,*,#7606,.F.);
#10568=ORIENTED_EDGE('',*,*,#7607,.F.);
#10569=ORIENTED_EDGE('',*,*,#7608,.F.);
#10570=ORIENTED_EDGE('',*,*,#7609,.T.);
#10571=ORIENTED_EDGE('',*,*,#7339,.T.);
#10572=ORIENTED_EDGE('',*,*,#7610,.F.);
#10573=ORIENTED_EDGE('',*,*,#7505,.T.);
#10574=ORIENTED_EDGE('',*,*,#7611,.T.);
#10575=ORIENTED_EDGE('',*,*,#7595,.F.);
#10576=ORIENTED_EDGE('',*,*,#7588,.F.);
#10577=ORIENTED_EDGE('',*,*,#7502,.T.);
#10578=ORIENTED_EDGE('',*,*,#7612,.T.);
#10579=ORIENTED_EDGE('',*,*,#7331,.T.);
#10580=ORIENTED_EDGE('',*,*,#7344,.F.);
#10581=ORIENTED_EDGE('',*,*,#7613,.F.);
#10582=ORIENTED_EDGE('',*,*,#7614,.F.);
#10583=ORIENTED_EDGE('',*,*,#7607,.T.);
#10584=ORIENTED_EDGE('',*,*,#7615,.T.);
#10585=ORIENTED_EDGE('',*,*,#7616,.T.);
#10586=ORIENTED_EDGE('',*,*,#7617,.T.);
#10587=ORIENTED_EDGE('',*,*,#7608,.T.);
#10588=ORIENTED_EDGE('',*,*,#7614,.T.);
#10589=ORIENTED_EDGE('',*,*,#7618,.T.);
#10590=ORIENTED_EDGE('',*,*,#7619,.T.);
#10591=ORIENTED_EDGE('',*,*,#7620,.F.);
#10592=ORIENTED_EDGE('',*,*,#7615,.F.);
#10593=ORIENTED_EDGE('',*,*,#7621,.F.);
#10594=ORIENTED_EDGE('',*,*,#7342,.F.);
#10595=ORIENTED_EDGE('',*,*,#7622,.F.);
#10596=ORIENTED_EDGE('',*,*,#7616,.F.);
#10597=ORIENTED_EDGE('',*,*,#7620,.T.);
#10598=ORIENTED_EDGE('',*,*,#7341,.F.);
#10599=ORIENTED_EDGE('',*,*,#7340,.F.);
#10600=ORIENTED_EDGE('',*,*,#7609,.F.);
#10601=ORIENTED_EDGE('',*,*,#7617,.F.);
#10602=ORIENTED_EDGE('',*,*,#7622,.T.);
#10603=ORIENTED_EDGE('',*,*,#7621,.T.);
#10604=ORIENTED_EDGE('',*,*,#7618,.F.);
#10605=ORIENTED_EDGE('',*,*,#7613,.T.);
#10606=ORIENTED_EDGE('',*,*,#7343,.F.);
#10607=ORIENTED_EDGE('',*,*,#7619,.F.);
#10608=ORIENTED_EDGE('',*,*,#7623,.T.);
#10609=ORIENTED_EDGE('',*,*,#7206,.T.);
#10610=ORIENTED_EDGE('',*,*,#7623,.F.);
#10611=ORIENTED_EDGE('',*,*,#7612,.F.);
#10612=ORIENTED_EDGE('',*,*,#7504,.T.);
#10613=ORIENTED_EDGE('',*,*,#7587,.T.);
#10614=ORIENTED_EDGE('',*,*,#7332,.F.);
#10615=ORIENTED_EDGE('',*,*,#7624,.F.);
#10616=ORIENTED_EDGE('',*,*,#7625,.T.);
#10617=ORIENTED_EDGE('',*,*,#7626,.F.);
#10618=ORIENTED_EDGE('',*,*,#7571,.F.);
#10619=ORIENTED_EDGE('',*,*,#7198,.T.);
#10620=ORIENTED_EDGE('',*,*,#7627,.F.);
#10621=ORIENTED_EDGE('',*,*,#7628,.T.);
#10622=ORIENTED_EDGE('',*,*,#7515,.F.);
#10623=ORIENTED_EDGE('',*,*,#7460,.T.);
#10624=ORIENTED_EDGE('',*,*,#7629,.T.);
#10625=ORIENTED_EDGE('',*,*,#7319,.F.);
#10626=ORIENTED_EDGE('',*,*,#7630,.F.);
#10627=ORIENTED_EDGE('',*,*,#7497,.T.);
#10628=ORIENTED_EDGE('',*,*,#7631,.T.);
#10629=ORIENTED_EDGE('',*,*,#7599,.F.);
#10630=ORIENTED_EDGE('',*,*,#7632,.F.);
#10631=ORIENTED_EDGE('',*,*,#7633,.F.);
#10632=ORIENTED_EDGE('',*,*,#7634,.F.);
#10633=ORIENTED_EDGE('',*,*,#7596,.F.);
#10634=ORIENTED_EDGE('',*,*,#7611,.F.);
#10635=ORIENTED_EDGE('',*,*,#7507,.T.);
#10636=ORIENTED_EDGE('',*,*,#7635,.T.);
#10637=ORIENTED_EDGE('',*,*,#7337,.F.);
#10638=ORIENTED_EDGE('',*,*,#7636,.F.);
#10639=ORIENTED_EDGE('',*,*,#7464,.T.);
#10640=ORIENTED_EDGE('',*,*,#7637,.F.);
#10641=ORIENTED_EDGE('',*,*,#7638,.T.);
#10642=ORIENTED_EDGE('',*,*,#7639,.F.);
#10643=ORIENTED_EDGE('',*,*,#7202,.F.);
#10644=ORIENTED_EDGE('',*,*,#7640,.T.);
#10645=ORIENTED_EDGE('',*,*,#7641,.T.);
#10646=ORIENTED_EDGE('',*,*,#7642,.F.);
#10647=ORIENTED_EDGE('',*,*,#7518,.F.);
#10648=ORIENTED_EDGE('',*,*,#7643,.F.);
#10649=ORIENTED_EDGE('',*,*,#7549,.F.);
#10650=ORIENTED_EDGE('',*,*,#7644,.F.);
#10651=ORIENTED_EDGE('',*,*,#7645,.F.);
#10652=ORIENTED_EDGE('',*,*,#7624,.T.);
#10653=ORIENTED_EDGE('',*,*,#7646,.F.);
#10654=ORIENTED_EDGE('',*,*,#7646,.T.);
#10655=ORIENTED_EDGE('',*,*,#7632,.T.);
#10656=ORIENTED_EDGE('',*,*,#7598,.T.);
#10657=ORIENTED_EDGE('',*,*,#7418,.F.);
#10658=ORIENTED_EDGE('',*,*,#7519,.F.);
#10659=ORIENTED_EDGE('',*,*,#7647,.T.);
#10660=ORIENTED_EDGE('',*,*,#7648,.T.);
#10661=ORIENTED_EDGE('',*,*,#7649,.T.);
#10662=ORIENTED_EDGE('',*,*,#7650,.T.);
#10663=ORIENTED_EDGE('',*,*,#7651,.T.);
#10664=ORIENTED_EDGE('',*,*,#7652,.F.);
#10665=ORIENTED_EDGE('',*,*,#7653,.T.);
#10666=ORIENTED_EDGE('',*,*,#7654,.T.);
#10667=ORIENTED_EDGE('',*,*,#7655,.T.);
#10668=ORIENTED_EDGE('',*,*,#7625,.F.);
#10669=ORIENTED_EDGE('',*,*,#7645,.T.);
#10670=ORIENTED_EDGE('',*,*,#7548,.F.);
#10671=ORIENTED_EDGE('',*,*,#7656,.T.);
#10672=ORIENTED_EDGE('',*,*,#7647,.F.);
#10673=ORIENTED_EDGE('',*,*,#7644,.T.);
#10674=ORIENTED_EDGE('',*,*,#7648,.F.);
#10675=ORIENTED_EDGE('',*,*,#7656,.F.);
#10676=ORIENTED_EDGE('',*,*,#7547,.T.);
#10677=ORIENTED_EDGE('',*,*,#7657,.T.);
#10678=ORIENTED_EDGE('',*,*,#7657,.F.);
#10679=ORIENTED_EDGE('',*,*,#7546,.T.);
#10680=ORIENTED_EDGE('',*,*,#7658,.T.);
#10681=ORIENTED_EDGE('',*,*,#7653,.F.);
#10682=ORIENTED_EDGE('',*,*,#7659,.F.);
#10683=ORIENTED_EDGE('',*,*,#7649,.F.);
#10684=ORIENTED_EDGE('',*,*,#7660,.F.);
#10685=ORIENTED_EDGE('',*,*,#7659,.T.);
#10686=ORIENTED_EDGE('',*,*,#7661,.F.);
#10687=ORIENTED_EDGE('',*,*,#7651,.F.);
#10688=ORIENTED_EDGE('',*,*,#7662,.T.);
#10689=ORIENTED_EDGE('',*,*,#7663,.T.);
#10690=ORIENTED_EDGE('',*,*,#7650,.F.);
#10691=ORIENTED_EDGE('',*,*,#7660,.T.);
#10692=ORIENTED_EDGE('',*,*,#7642,.T.);
#10693=ORIENTED_EDGE('',*,*,#7664,.T.);
#10694=ORIENTED_EDGE('',*,*,#7665,.T.);
#10695=ORIENTED_EDGE('',*,*,#7666,.T.);
#10696=ORIENTED_EDGE('',*,*,#7667,.T.);
#10697=ORIENTED_EDGE('',*,*,#7668,.F.);
#10698=ORIENTED_EDGE('',*,*,#7662,.F.);
#10699=ORIENTED_EDGE('',*,*,#7669,.T.);
#10700=ORIENTED_EDGE('',*,*,#7670,.T.);
#10701=ORIENTED_EDGE('',*,*,#7671,.F.);
#10702=ORIENTED_EDGE('',*,*,#7672,.T.);
#10703=ORIENTED_EDGE('',*,*,#7673,.F.);
#10704=ORIENTED_EDGE('',*,*,#7674,.F.);
#10705=ORIENTED_EDGE('',*,*,#7675,.F.);
#10706=ORIENTED_EDGE('',*,*,#7676,.F.);
#10707=ORIENTED_EDGE('',*,*,#7633,.T.);
#10708=ORIENTED_EDGE('',*,*,#7672,.F.);
#10709=ORIENTED_EDGE('',*,*,#7677,.F.);
#10710=ORIENTED_EDGE('',*,*,#7678,.T.);
#10711=ORIENTED_EDGE('',*,*,#7679,.F.);
#10712=ORIENTED_EDGE('',*,*,#7680,.T.);
#10713=ORIENTED_EDGE('',*,*,#7581,.T.);
#10714=ORIENTED_EDGE('',*,*,#7681,.T.);
#10715=ORIENTED_EDGE('',*,*,#7682,.F.);
#10716=ORIENTED_EDGE('',*,*,#7683,.F.);
#10717=ORIENTED_EDGE('',*,*,#7673,.T.);
#10718=ORIENTED_EDGE('',*,*,#7684,.T.);
#10719=ORIENTED_EDGE('',*,*,#7685,.F.);
#10720=ORIENTED_EDGE('',*,*,#7686,.F.);
#10721=ORIENTED_EDGE('',*,*,#7687,.F.);
#10722=ORIENTED_EDGE('',*,*,#7688,.F.);
#10723=ORIENTED_EDGE('',*,*,#7689,.T.);
#10724=ORIENTED_EDGE('',*,*,#7566,.F.);
#10725=ORIENTED_EDGE('',*,*,#7690,.T.);
#10726=ORIENTED_EDGE('',*,*,#7691,.F.);
#10727=ORIENTED_EDGE('',*,*,#7692,.F.);
#10728=ORIENTED_EDGE('',*,*,#7693,.F.);
#10729=ORIENTED_EDGE('',*,*,#7694,.T.);
#10730=ORIENTED_EDGE('',*,*,#7683,.T.);
#10731=ORIENTED_EDGE('',*,*,#7694,.F.);
#10732=ORIENTED_EDGE('',*,*,#7695,.T.);
#10733=ORIENTED_EDGE('',*,*,#7696,.T.);
#10734=ORIENTED_EDGE('',*,*,#7693,.T.);
#10735=ORIENTED_EDGE('',*,*,#7533,.T.);
#10736=ORIENTED_EDGE('',*,*,#7695,.F.);
#10737=ORIENTED_EDGE('',*,*,#7697,.T.);
#10738=ORIENTED_EDGE('',*,*,#7692,.T.);
#10739=ORIENTED_EDGE('',*,*,#7697,.F.);
#10740=ORIENTED_EDGE('',*,*,#7698,.T.);
#10741=ORIENTED_EDGE('',*,*,#7699,.F.);
#10742=ORIENTED_EDGE('',*,*,#7700,.T.);
#10743=ORIENTED_EDGE('',*,*,#7701,.T.);
#10744=ORIENTED_EDGE('',*,*,#7702,.F.);
#10745=ORIENTED_EDGE('',*,*,#7703,.T.);
#10746=ORIENTED_EDGE('',*,*,#7704,.T.);
#10747=ORIENTED_EDGE('',*,*,#7705,.F.);
#10748=ORIENTED_EDGE('',*,*,#7535,.F.);
#10749=ORIENTED_EDGE('',*,*,#7675,.T.);
#10750=ORIENTED_EDGE('',*,*,#7706,.F.);
#10751=ORIENTED_EDGE('',*,*,#7707,.T.);
#10752=ORIENTED_EDGE('',*,*,#7708,.T.);
#10753=ORIENTED_EDGE('',*,*,#7709,.F.);
#10754=ORIENTED_EDGE('',*,*,#7710,.T.);
#10755=ORIENTED_EDGE('',*,*,#7421,.T.);
#10756=ORIENTED_EDGE('',*,*,#7711,.F.);
#10757=ORIENTED_EDGE('',*,*,#7712,.F.);
#10758=ORIENTED_EDGE('',*,*,#7522,.F.);
#10759=ORIENTED_EDGE('',*,*,#7713,.T.);
#10760=ORIENTED_EDGE('',*,*,#7538,.T.);
#10761=ORIENTED_EDGE('',*,*,#7713,.F.);
#10762=ORIENTED_EDGE('',*,*,#7696,.F.);
#10763=ORIENTED_EDGE('',*,*,#7714,.T.);
#10764=ORIENTED_EDGE('',*,*,#7712,.T.);
#10765=ORIENTED_EDGE('',*,*,#7714,.F.);
#10766=ORIENTED_EDGE('',*,*,#7678,.F.);
#10767=ORIENTED_EDGE('',*,*,#7715,.F.);
#10768=ORIENTED_EDGE('',*,*,#7698,.F.);
#10769=ORIENTED_EDGE('',*,*,#7716,.F.);
#10770=ORIENTED_EDGE('',*,*,#7717,.T.);
#10771=ORIENTED_EDGE('',*,*,#7718,.F.);
#10772=ORIENTED_EDGE('',*,*,#7555,.T.);
#10773=ORIENTED_EDGE('',*,*,#7570,.F.);
#10774=ORIENTED_EDGE('',*,*,#7194,.T.);
#10775=ORIENTED_EDGE('',*,*,#7719,.T.);
#10776=ORIENTED_EDGE('',*,*,#7679,.T.);
#10777=ORIENTED_EDGE('',*,*,#7717,.F.);
#10778=ORIENTED_EDGE('',*,*,#7720,.T.);
#10779=ORIENTED_EDGE('',*,*,#7721,.T.);
#10780=ORIENTED_EDGE('',*,*,#7722,.T.);
#10781=ORIENTED_EDGE('',*,*,#7525,.F.);
#10782=ORIENTED_EDGE('',*,*,#7723,.F.);
#10783=ORIENTED_EDGE('',*,*,#7556,.F.);
#10784=ORIENTED_EDGE('',*,*,#7718,.T.);
#10785=ORIENTED_EDGE('',*,*,#7724,.F.);
#10786=ORIENTED_EDGE('',*,*,#7724,.T.);
#10787=ORIENTED_EDGE('',*,*,#7722,.F.);
#10788=ORIENTED_EDGE('',*,*,#7725,.T.);
#10789=ORIENTED_EDGE('',*,*,#7726,.T.);
#10790=ORIENTED_EDGE('',*,*,#7526,.F.);
#10791=ORIENTED_EDGE('',*,*,#7470,.F.);
#10792=ORIENTED_EDGE('',*,*,#7512,.T.);
#10793=ORIENTED_EDGE('',*,*,#7527,.T.);
#10794=ORIENTED_EDGE('',*,*,#7726,.F.);
#10795=ORIENTED_EDGE('',*,*,#7727,.F.);
#10796=ORIENTED_EDGE('',*,*,#7728,.F.);
#10797=ORIENTED_EDGE('',*,*,#7704,.F.);
#10798=ORIENTED_EDGE('',*,*,#7729,.T.);
#10799=ORIENTED_EDGE('',*,*,#7494,.F.);
#10800=ORIENTED_EDGE('',*,*,#7730,.T.);
#10801=ORIENTED_EDGE('',*,*,#7285,.T.);
#10802=ORIENTED_EDGE('',*,*,#7731,.F.);
#10803=ORIENTED_EDGE('',*,*,#7486,.F.);
#10804=ORIENTED_EDGE('',*,*,#7732,.T.);
#10805=ORIENTED_EDGE('',*,*,#7299,.T.);
#10806=ORIENTED_EDGE('',*,*,#7733,.F.);
#10807=ORIENTED_EDGE('',*,*,#7478,.F.);
#10808=ORIENTED_EDGE('',*,*,#7734,.T.);
#10809=ORIENTED_EDGE('',*,*,#7307,.T.);
#10810=ORIENTED_EDGE('',*,*,#7735,.F.);
#10811=ORIENTED_EDGE('',*,*,#7735,.T.);
#10812=ORIENTED_EDGE('',*,*,#7306,.F.);
#10813=ORIENTED_EDGE('',*,*,#7736,.F.);
#10814=ORIENTED_EDGE('',*,*,#7471,.T.);
#10815=ORIENTED_EDGE('',*,*,#7472,.T.);
#10816=ORIENTED_EDGE('',*,*,#7736,.T.);
#10817=ORIENTED_EDGE('',*,*,#7305,.F.);
#10818=ORIENTED_EDGE('',*,*,#7737,.F.);
#10819=ORIENTED_EDGE('',*,*,#7738,.F.);
#10820=ORIENTED_EDGE('',*,*,#7473,.T.);
#10821=ORIENTED_EDGE('',*,*,#7737,.T.);
#10822=ORIENTED_EDGE('',*,*,#7304,.F.);
#10823=ORIENTED_EDGE('',*,*,#7468,.T.);
#10824=ORIENTED_EDGE('',*,*,#7738,.T.);
#10825=ORIENTED_EDGE('',*,*,#7303,.F.);
#10826=ORIENTED_EDGE('',*,*,#7739,.F.);
#10827=ORIENTED_EDGE('',*,*,#7474,.T.);
#10828=ORIENTED_EDGE('',*,*,#7740,.T.);
#10829=ORIENTED_EDGE('',*,*,#7295,.F.);
#10830=ORIENTED_EDGE('',*,*,#7741,.F.);
#10831=ORIENTED_EDGE('',*,*,#7482,.T.);
#10832=ORIENTED_EDGE('',*,*,#7742,.T.);
#10833=ORIENTED_EDGE('',*,*,#7281,.F.);
#10834=ORIENTED_EDGE('',*,*,#7743,.F.);
#10835=ORIENTED_EDGE('',*,*,#7490,.T.);
#10836=ORIENTED_EDGE('',*,*,#7744,.F.);
#10837=ORIENTED_EDGE('',*,*,#7702,.T.);
#10838=ORIENTED_EDGE('',*,*,#7745,.F.);
#10839=ORIENTED_EDGE('',*,*,#7601,.F.);
#10840=ORIENTED_EDGE('',*,*,#7593,.F.);
#10841=ORIENTED_EDGE('',*,*,#7528,.F.);
#10842=ORIENTED_EDGE('',*,*,#7510,.F.);
#10843=ORIENTED_EDGE('',*,*,#7746,.T.);
#10844=ORIENTED_EDGE('',*,*,#7590,.F.);
#10845=ORIENTED_EDGE('',*,*,#7602,.T.);
#10846=ORIENTED_EDGE('',*,*,#7745,.T.);
#10847=ORIENTED_EDGE('',*,*,#7701,.F.);
#10848=ORIENTED_EDGE('',*,*,#7700,.F.);
#10849=ORIENTED_EDGE('',*,*,#7747,.F.);
#10850=ORIENTED_EDGE('',*,*,#7681,.F.);
#10851=ORIENTED_EDGE('',*,*,#7580,.T.);
#10852=ORIENTED_EDGE('',*,*,#7746,.F.);
#10853=ORIENTED_EDGE('',*,*,#7559,.T.);
#10854=ORIENTED_EDGE('',*,*,#7550,.T.);
#10855=ORIENTED_EDGE('',*,*,#7643,.T.);
#10856=ORIENTED_EDGE('',*,*,#7517,.T.);
#10857=ORIENTED_EDGE('',*,*,#7591,.T.);
#10858=ORIENTED_EDGE('',*,*,#7557,.T.);
#10859=ORIENTED_EDGE('',*,*,#7723,.T.);
#10860=ORIENTED_EDGE('',*,*,#7524,.T.);
#10861=ORIENTED_EDGE('',*,*,#7715,.T.);
#10862=ORIENTED_EDGE('',*,*,#7682,.T.);
#10863=ORIENTED_EDGE('',*,*,#7747,.T.);
#10864=ORIENTED_EDGE('',*,*,#7699,.T.);
#10865=ORIENTED_EDGE('',*,*,#7674,.T.);
#10866=ORIENTED_EDGE('',*,*,#7691,.T.);
#10867=ORIENTED_EDGE('',*,*,#7748,.T.);
#10868=ORIENTED_EDGE('',*,*,#7706,.T.);
#10869=ORIENTED_EDGE('',*,*,#7707,.F.);
#10870=ORIENTED_EDGE('',*,*,#7748,.F.);
#10871=ORIENTED_EDGE('',*,*,#7690,.F.);
#10872=ORIENTED_EDGE('',*,*,#7565,.T.);
#10873=ORIENTED_EDGE('',*,*,#7749,.F.);
#10874=ORIENTED_EDGE('',*,*,#7749,.T.);
#10875=ORIENTED_EDGE('',*,*,#7564,.T.);
#10876=ORIENTED_EDGE('',*,*,#7750,.T.);
#10877=ORIENTED_EDGE('',*,*,#7751,.F.);
#10878=ORIENTED_EDGE('',*,*,#7708,.F.);
#10879=ORIENTED_EDGE('',*,*,#7435,.T.);
#10880=ORIENTED_EDGE('',*,*,#7752,.T.);
#10881=ORIENTED_EDGE('',*,*,#7271,.F.);
#10882=ORIENTED_EDGE('',*,*,#7753,.F.);
#10883=ORIENTED_EDGE('',*,*,#7440,.T.);
#10884=ORIENTED_EDGE('',*,*,#7754,.T.);
#10885=ORIENTED_EDGE('',*,*,#7257,.F.);
#10886=ORIENTED_EDGE('',*,*,#7755,.F.);
#10887=ORIENTED_EDGE('',*,*,#7447,.T.);
#10888=ORIENTED_EDGE('',*,*,#7756,.T.);
#10889=ORIENTED_EDGE('',*,*,#7243,.F.);
#10890=ORIENTED_EDGE('',*,*,#7757,.F.);
#10891=ORIENTED_EDGE('',*,*,#7452,.T.);
#10892=ORIENTED_EDGE('',*,*,#7758,.F.);
#10893=ORIENTED_EDGE('',*,*,#7709,.T.);
#10894=ORIENTED_EDGE('',*,*,#7751,.T.);
#10895=ORIENTED_EDGE('',*,*,#7759,.T.);
#10896=ORIENTED_EDGE('',*,*,#7760,.T.);
#10897=ORIENTED_EDGE('',*,*,#7520,.F.);
#10898=ORIENTED_EDGE('',*,*,#7508,.F.);
#10899=ORIENTED_EDGE('',*,*,#7560,.T.);
#10900=ORIENTED_EDGE('',*,*,#7521,.T.);
#10901=ORIENTED_EDGE('',*,*,#7760,.F.);
#10902=ORIENTED_EDGE('',*,*,#7761,.F.);
#10903=ORIENTED_EDGE('',*,*,#7562,.T.);
#10904=ORIENTED_EDGE('',*,*,#7563,.T.);
#10905=ORIENTED_EDGE('',*,*,#7761,.T.);
#10906=ORIENTED_EDGE('',*,*,#7759,.F.);
#10907=ORIENTED_EDGE('',*,*,#7750,.F.);
#10908=ORIENTED_EDGE('',*,*,#7422,.F.);
#10909=ORIENTED_EDGE('',*,*,#7710,.F.);
#10910=ORIENTED_EDGE('',*,*,#7758,.T.);
#10911=ORIENTED_EDGE('',*,*,#7451,.T.);
#10912=ORIENTED_EDGE('',*,*,#7744,.T.);
#10913=ORIENTED_EDGE('',*,*,#7495,.T.);
#10914=ORIENTED_EDGE('',*,*,#7729,.F.);
#10915=ORIENTED_EDGE('',*,*,#7703,.F.);
#10916=ORIENTED_EDGE('',*,*,#7762,.F.);
#10917=ORIENTED_EDGE('',*,*,#7637,.T.);
#10918=ORIENTED_EDGE('',*,*,#7463,.T.);
#10919=ORIENTED_EDGE('',*,*,#7585,.F.);
#10920=ORIENTED_EDGE('',*,*,#7762,.T.);
#10921=ORIENTED_EDGE('',*,*,#7584,.T.);
#10922=ORIENTED_EDGE('',*,*,#7763,.F.);
#10923=ORIENTED_EDGE('',*,*,#7638,.F.);
#10924=ORIENTED_EDGE('',*,*,#7763,.T.);
#10925=ORIENTED_EDGE('',*,*,#7583,.T.);
#10926=ORIENTED_EDGE('',*,*,#7191,.F.);
#10927=ORIENTED_EDGE('',*,*,#7639,.T.);
#10928=ORIENTED_EDGE('',*,*,#7757,.T.);
#10929=ORIENTED_EDGE('',*,*,#7242,.F.);
#10930=ORIENTED_EDGE('',*,*,#7764,.F.);
#10931=ORIENTED_EDGE('',*,*,#7453,.T.);
#10932=ORIENTED_EDGE('',*,*,#7454,.T.);
#10933=ORIENTED_EDGE('',*,*,#7764,.T.);
#10934=ORIENTED_EDGE('',*,*,#7241,.F.);
#10935=ORIENTED_EDGE('',*,*,#7765,.F.);
#10936=ORIENTED_EDGE('',*,*,#7424,.F.);
#10937=ORIENTED_EDGE('',*,*,#7455,.T.);
#10938=ORIENTED_EDGE('',*,*,#7765,.T.);
#10939=ORIENTED_EDGE('',*,*,#7240,.F.);
#10940=ORIENTED_EDGE('',*,*,#7756,.F.);
#10941=ORIENTED_EDGE('',*,*,#7446,.T.);
#10942=ORIENTED_EDGE('',*,*,#7766,.T.);
#10943=ORIENTED_EDGE('',*,*,#7244,.F.);
#10944=ORIENTED_EDGE('',*,*,#7445,.T.);
#10945=ORIENTED_EDGE('',*,*,#7767,.T.);
#10946=ORIENTED_EDGE('',*,*,#7245,.F.);
#10947=ORIENTED_EDGE('',*,*,#7766,.F.);
#10948=ORIENTED_EDGE('',*,*,#7425,.T.);
#10949=ORIENTED_EDGE('',*,*,#7246,.F.);
#10950=ORIENTED_EDGE('',*,*,#7767,.F.);
#10951=ORIENTED_EDGE('',*,*,#7444,.T.);
#10952=ORIENTED_EDGE('',*,*,#7755,.T.);
#10953=ORIENTED_EDGE('',*,*,#7256,.F.);
#10954=ORIENTED_EDGE('',*,*,#7768,.F.);
#10955=ORIENTED_EDGE('',*,*,#7448,.T.);
#10956=ORIENTED_EDGE('',*,*,#7449,.T.);
#10957=ORIENTED_EDGE('',*,*,#7768,.T.);
#10958=ORIENTED_EDGE('',*,*,#7255,.F.);
#10959=ORIENTED_EDGE('',*,*,#7769,.F.);
#10960=ORIENTED_EDGE('',*,*,#7427,.F.);
#10961=ORIENTED_EDGE('',*,*,#7450,.T.);
#10962=ORIENTED_EDGE('',*,*,#7769,.T.);
#10963=ORIENTED_EDGE('',*,*,#7254,.F.);
#10964=ORIENTED_EDGE('',*,*,#7754,.F.);
#10965=ORIENTED_EDGE('',*,*,#7439,.T.);
#10966=ORIENTED_EDGE('',*,*,#7770,.T.);
#10967=ORIENTED_EDGE('',*,*,#7258,.F.);
#10968=ORIENTED_EDGE('',*,*,#7438,.T.);
#10969=ORIENTED_EDGE('',*,*,#7771,.T.);
#10970=ORIENTED_EDGE('',*,*,#7259,.F.);
#10971=ORIENTED_EDGE('',*,*,#7770,.F.);
#10972=ORIENTED_EDGE('',*,*,#7428,.T.);
#10973=ORIENTED_EDGE('',*,*,#7260,.F.);
#10974=ORIENTED_EDGE('',*,*,#7771,.F.);
#10975=ORIENTED_EDGE('',*,*,#7437,.T.);
#10976=ORIENTED_EDGE('',*,*,#7753,.T.);
#10977=ORIENTED_EDGE('',*,*,#7270,.F.);
#10978=ORIENTED_EDGE('',*,*,#7772,.F.);
#10979=ORIENTED_EDGE('',*,*,#7441,.T.);
#10980=ORIENTED_EDGE('',*,*,#7442,.T.);
#10981=ORIENTED_EDGE('',*,*,#7772,.T.);
#10982=ORIENTED_EDGE('',*,*,#7269,.F.);
#10983=ORIENTED_EDGE('',*,*,#7773,.F.);
#10984=ORIENTED_EDGE('',*,*,#7430,.F.);
#10985=ORIENTED_EDGE('',*,*,#7443,.T.);
#10986=ORIENTED_EDGE('',*,*,#7773,.T.);
#10987=ORIENTED_EDGE('',*,*,#7268,.F.);
#10988=ORIENTED_EDGE('',*,*,#7752,.F.);
#10989=ORIENTED_EDGE('',*,*,#7434,.T.);
#10990=ORIENTED_EDGE('',*,*,#7774,.T.);
#10991=ORIENTED_EDGE('',*,*,#7272,.F.);
#10992=ORIENTED_EDGE('',*,*,#7433,.T.);
#10993=ORIENTED_EDGE('',*,*,#7775,.T.);
#10994=ORIENTED_EDGE('',*,*,#7273,.F.);
#10995=ORIENTED_EDGE('',*,*,#7774,.F.);
#10996=ORIENTED_EDGE('',*,*,#7431,.T.);
#10997=ORIENTED_EDGE('',*,*,#7274,.F.);
#10998=ORIENTED_EDGE('',*,*,#7775,.F.);
#10999=ORIENTED_EDGE('',*,*,#7432,.T.);
#11000=ORIENTED_EDGE('',*,*,#7743,.T.);
#11001=ORIENTED_EDGE('',*,*,#7288,.F.);
#11002=ORIENTED_EDGE('',*,*,#7776,.F.);
#11003=ORIENTED_EDGE('',*,*,#7491,.T.);
#11004=ORIENTED_EDGE('',*,*,#7492,.T.);
#11005=ORIENTED_EDGE('',*,*,#7776,.T.);
#11006=ORIENTED_EDGE('',*,*,#7287,.F.);
#11007=ORIENTED_EDGE('',*,*,#7777,.F.);
#11008=ORIENTED_EDGE('',*,*,#7730,.F.);
#11009=ORIENTED_EDGE('',*,*,#7493,.T.);
#11010=ORIENTED_EDGE('',*,*,#7777,.T.);
#11011=ORIENTED_EDGE('',*,*,#7286,.F.);
#11012=ORIENTED_EDGE('',*,*,#7742,.F.);
#11013=ORIENTED_EDGE('',*,*,#7489,.T.);
#11014=ORIENTED_EDGE('',*,*,#7778,.T.);
#11015=ORIENTED_EDGE('',*,*,#7282,.F.);
#11016=ORIENTED_EDGE('',*,*,#7488,.T.);
#11017=ORIENTED_EDGE('',*,*,#7779,.T.);
#11018=ORIENTED_EDGE('',*,*,#7283,.F.);
#11019=ORIENTED_EDGE('',*,*,#7778,.F.);
#11020=ORIENTED_EDGE('',*,*,#7731,.T.);
#11021=ORIENTED_EDGE('',*,*,#7284,.F.);
#11022=ORIENTED_EDGE('',*,*,#7779,.F.);
#11023=ORIENTED_EDGE('',*,*,#7487,.T.);
#11024=ORIENTED_EDGE('',*,*,#7741,.T.);
#11025=ORIENTED_EDGE('',*,*,#7302,.F.);
#11026=ORIENTED_EDGE('',*,*,#7780,.F.);
#11027=ORIENTED_EDGE('',*,*,#7483,.T.);
#11028=ORIENTED_EDGE('',*,*,#7484,.T.);
#11029=ORIENTED_EDGE('',*,*,#7780,.T.);
#11030=ORIENTED_EDGE('',*,*,#7301,.F.);
#11031=ORIENTED_EDGE('',*,*,#7781,.F.);
#11032=ORIENTED_EDGE('',*,*,#7732,.F.);
#11033=ORIENTED_EDGE('',*,*,#7485,.T.);
#11034=ORIENTED_EDGE('',*,*,#7781,.T.);
#11035=ORIENTED_EDGE('',*,*,#7300,.F.);
#11036=ORIENTED_EDGE('',*,*,#7740,.F.);
#11037=ORIENTED_EDGE('',*,*,#7481,.T.);
#11038=ORIENTED_EDGE('',*,*,#7782,.T.);
#11039=ORIENTED_EDGE('',*,*,#7296,.F.);
#11040=ORIENTED_EDGE('',*,*,#7480,.T.);
#11041=ORIENTED_EDGE('',*,*,#7783,.T.);
#11042=ORIENTED_EDGE('',*,*,#7297,.F.);
#11043=ORIENTED_EDGE('',*,*,#7782,.F.);
#11044=ORIENTED_EDGE('',*,*,#7733,.T.);
#11045=ORIENTED_EDGE('',*,*,#7298,.F.);
#11046=ORIENTED_EDGE('',*,*,#7783,.F.);
#11047=ORIENTED_EDGE('',*,*,#7479,.T.);
#11048=ORIENTED_EDGE('',*,*,#7739,.T.);
#11049=ORIENTED_EDGE('',*,*,#7310,.F.);
#11050=ORIENTED_EDGE('',*,*,#7784,.F.);
#11051=ORIENTED_EDGE('',*,*,#7475,.T.);
#11052=ORIENTED_EDGE('',*,*,#7476,.T.);
#11053=ORIENTED_EDGE('',*,*,#7784,.T.);
#11054=ORIENTED_EDGE('',*,*,#7309,.F.);
#11055=ORIENTED_EDGE('',*,*,#7785,.F.);
#11056=ORIENTED_EDGE('',*,*,#7734,.F.);
#11057=ORIENTED_EDGE('',*,*,#7477,.T.);
#11058=ORIENTED_EDGE('',*,*,#7785,.T.);
#11059=ORIENTED_EDGE('',*,*,#7308,.F.);
#11060=ORIENTED_EDGE('',*,*,#7716,.T.);
#11061=ORIENTED_EDGE('',*,*,#7705,.T.);
#11062=ORIENTED_EDGE('',*,*,#7728,.T.);
#11063=ORIENTED_EDGE('',*,*,#7786,.F.);
#11064=ORIENTED_EDGE('',*,*,#7720,.F.);
#11065=ORIENTED_EDGE('',*,*,#7721,.F.);
#11066=ORIENTED_EDGE('',*,*,#7786,.T.);
#11067=ORIENTED_EDGE('',*,*,#7727,.T.);
#11068=ORIENTED_EDGE('',*,*,#7725,.F.);
#11069=ORIENTED_EDGE('',*,*,#7582,.T.);
#11070=ORIENTED_EDGE('',*,*,#7680,.F.);
#11071=ORIENTED_EDGE('',*,*,#7719,.F.);
#11072=ORIENTED_EDGE('',*,*,#7193,.T.);
#11073=ORIENTED_EDGE('',*,*,#7640,.F.);
#11074=ORIENTED_EDGE('',*,*,#7201,.T.);
#11075=ORIENTED_EDGE('',*,*,#7567,.T.);
#11076=ORIENTED_EDGE('',*,*,#7689,.F.);
#11077=ORIENTED_EDGE('',*,*,#7676,.T.);
#11078=ORIENTED_EDGE('',*,*,#7711,.T.);
#11079=ORIENTED_EDGE('',*,*,#7420,.F.);
#11080=ORIENTED_EDGE('',*,*,#7597,.F.);
#11081=ORIENTED_EDGE('',*,*,#7634,.T.);
#11082=ORIENTED_EDGE('',*,*,#7787,.T.);
#11083=ORIENTED_EDGE('',*,*,#7664,.F.);
#11084=ORIENTED_EDGE('',*,*,#7641,.F.);
#11085=ORIENTED_EDGE('',*,*,#7688,.T.);
#11086=ORIENTED_EDGE('',*,*,#7665,.F.);
#11087=ORIENTED_EDGE('',*,*,#7787,.F.);
#11088=ORIENTED_EDGE('',*,*,#7687,.T.);
#11089=ORIENTED_EDGE('',*,*,#7788,.T.);
#11090=ORIENTED_EDGE('',*,*,#7789,.T.);
#11091=ORIENTED_EDGE('',*,*,#7669,.F.);
#11092=ORIENTED_EDGE('',*,*,#7790,.T.);
#11093=ORIENTED_EDGE('',*,*,#7666,.F.);
#11094=ORIENTED_EDGE('',*,*,#7788,.F.);
#11095=ORIENTED_EDGE('',*,*,#7686,.T.);
#11096=ORIENTED_EDGE('',*,*,#7670,.F.);
#11097=ORIENTED_EDGE('',*,*,#7789,.F.);
#11098=ORIENTED_EDGE('',*,*,#7685,.T.);
#11099=ORIENTED_EDGE('',*,*,#7791,.T.);
#11100=ORIENTED_EDGE('',*,*,#7671,.T.);
#11101=ORIENTED_EDGE('',*,*,#7791,.F.);
#11102=ORIENTED_EDGE('',*,*,#7684,.F.);
#11103=ORIENTED_EDGE('',*,*,#7677,.T.);
#11104=ORIENTED_EDGE('',*,*,#7792,.F.);
#11105=ORIENTED_EDGE('',*,*,#7790,.F.);
#11106=ORIENTED_EDGE('',*,*,#7663,.F.);
#11107=ORIENTED_EDGE('',*,*,#7668,.T.);
#11108=ORIENTED_EDGE('',*,*,#7667,.F.);
#11109=ORIENTED_EDGE('',*,*,#7792,.T.);
#11110=ORIENTED_EDGE('',*,*,#7652,.T.);
#11111=ORIENTED_EDGE('',*,*,#7661,.T.);
#11112=ORIENTED_EDGE('',*,*,#7654,.F.);
#11113=ORIENTED_EDGE('',*,*,#7658,.F.);
#11114=ORIENTED_EDGE('',*,*,#7545,.T.);
#11115=ORIENTED_EDGE('',*,*,#7793,.T.);
#11116=ORIENTED_EDGE('',*,*,#7793,.F.);
#11117=ORIENTED_EDGE('',*,*,#7544,.T.);
#11118=ORIENTED_EDGE('',*,*,#7626,.T.);
#11119=ORIENTED_EDGE('',*,*,#7655,.F.);
#11120=ORIENTED_EDGE('',*,*,#7794,.F.);
#11121=ORIENTED_EDGE('',*,*,#7795,.F.);
#11122=ORIENTED_EDGE('',*,*,#7796,.F.);
#11123=ORIENTED_EDGE('',*,*,#7325,.T.);
#11124=ORIENTED_EDGE('',*,*,#7797,.F.);
#11125=ORIENTED_EDGE('',*,*,#7499,.T.);
#11126=ORIENTED_EDGE('',*,*,#7575,.T.);
#11127=ORIENTED_EDGE('',*,*,#7600,.F.);
#11128=ORIENTED_EDGE('',*,*,#7631,.F.);
#11129=ORIENTED_EDGE('',*,*,#7496,.T.);
#11130=ORIENTED_EDGE('',*,*,#7798,.T.);
#11131=ORIENTED_EDGE('',*,*,#7317,.T.);
#11132=ORIENTED_EDGE('',*,*,#7330,.F.);
#11133=ORIENTED_EDGE('',*,*,#7799,.F.);
#11134=ORIENTED_EDGE('',*,*,#7800,.F.);
#11135=ORIENTED_EDGE('',*,*,#7794,.T.);
#11136=ORIENTED_EDGE('',*,*,#7795,.T.);
#11137=ORIENTED_EDGE('',*,*,#7800,.T.);
#11138=ORIENTED_EDGE('',*,*,#7801,.T.);
#11139=ORIENTED_EDGE('',*,*,#7802,.T.);
#11140=ORIENTED_EDGE('',*,*,#7803,.T.);
#11141=ORIENTED_EDGE('',*,*,#7804,.T.);
#11142=ORIENTED_EDGE('',*,*,#7805,.T.);
#11143=ORIENTED_EDGE('',*,*,#7326,.F.);
#11144=ORIENTED_EDGE('',*,*,#7796,.T.);
#11145=ORIENTED_EDGE('',*,*,#7804,.F.);
#11146=ORIENTED_EDGE('',*,*,#7806,.T.);
#11147=ORIENTED_EDGE('',*,*,#7806,.F.);
#11148=ORIENTED_EDGE('',*,*,#7803,.F.);
#11149=ORIENTED_EDGE('',*,*,#7807,.T.);
#11150=ORIENTED_EDGE('',*,*,#7327,.F.);
#11151=ORIENTED_EDGE('',*,*,#7807,.F.);
#11152=ORIENTED_EDGE('',*,*,#7802,.F.);
#11153=ORIENTED_EDGE('',*,*,#7808,.T.);
#11154=ORIENTED_EDGE('',*,*,#7328,.F.);
#11155=ORIENTED_EDGE('',*,*,#7808,.F.);
#11156=ORIENTED_EDGE('',*,*,#7801,.F.);
#11157=ORIENTED_EDGE('',*,*,#7799,.T.);
#11158=ORIENTED_EDGE('',*,*,#7329,.F.);
#11159=ORIENTED_EDGE('',*,*,#7805,.F.);
#11160=ORIENTED_EDGE('',*,*,#7809,.T.);
#11161=ORIENTED_EDGE('',*,*,#7210,.T.);
#11162=ORIENTED_EDGE('',*,*,#7809,.F.);
#11163=ORIENTED_EDGE('',*,*,#7798,.F.);
#11164=ORIENTED_EDGE('',*,*,#7498,.T.);
#11165=ORIENTED_EDGE('',*,*,#7630,.T.);
#11166=ORIENTED_EDGE('',*,*,#7318,.F.);
#11167=ORIENTED_EDGE('',*,*,#7797,.T.);
#11168=ORIENTED_EDGE('',*,*,#7324,.F.);
#11169=ORIENTED_EDGE('',*,*,#7576,.F.);
#11170=ORIENTED_EDGE('',*,*,#7500,.T.);
#11171=ORIENTED_EDGE('',*,*,#7629,.F.);
#11172=ORIENTED_EDGE('',*,*,#7459,.T.);
#11173=ORIENTED_EDGE('',*,*,#7810,.T.);
#11174=ORIENTED_EDGE('',*,*,#7320,.F.);
#11175=ORIENTED_EDGE('',*,*,#7458,.T.);
#11176=ORIENTED_EDGE('',*,*,#7811,.T.);
#11177=ORIENTED_EDGE('',*,*,#7321,.F.);
#11178=ORIENTED_EDGE('',*,*,#7810,.F.);
#11179=ORIENTED_EDGE('',*,*,#7577,.T.);
#11180=ORIENTED_EDGE('',*,*,#7322,.F.);
#11181=ORIENTED_EDGE('',*,*,#7811,.F.);
#11182=ORIENTED_EDGE('',*,*,#7457,.T.);
#11183=ORIENTED_EDGE('',*,*,#7513,.F.);
#11184=ORIENTED_EDGE('',*,*,#7628,.F.);
#11185=ORIENTED_EDGE('',*,*,#7812,.T.);
#11186=ORIENTED_EDGE('',*,*,#7578,.T.);
#11187=ORIENTED_EDGE('',*,*,#7812,.F.);
#11188=ORIENTED_EDGE('',*,*,#7627,.T.);
#11189=ORIENTED_EDGE('',*,*,#7197,.T.);
#11190=ORIENTED_EDGE('',*,*,#7579,.T.);
#11191=ORIENTED_EDGE('',*,*,#7636,.T.);
#11192=ORIENTED_EDGE('',*,*,#7336,.F.);
#11193=ORIENTED_EDGE('',*,*,#7813,.F.);
#11194=ORIENTED_EDGE('',*,*,#7465,.T.);
#11195=ORIENTED_EDGE('',*,*,#7466,.T.);
#11196=ORIENTED_EDGE('',*,*,#7813,.T.);
#11197=ORIENTED_EDGE('',*,*,#7335,.F.);
#11198=ORIENTED_EDGE('',*,*,#7814,.F.);
#11199=ORIENTED_EDGE('',*,*,#7586,.F.);
#11200=ORIENTED_EDGE('',*,*,#7467,.T.);
#11201=ORIENTED_EDGE('',*,*,#7814,.T.);
#11202=ORIENTED_EDGE('',*,*,#7334,.F.);
#11203=ORIENTED_EDGE('',*,*,#7610,.T.);
#11204=ORIENTED_EDGE('',*,*,#7338,.F.);
#11205=ORIENTED_EDGE('',*,*,#7635,.F.);
#11206=ORIENTED_EDGE('',*,*,#7506,.T.);
#11207=ORIENTED_EDGE('',*,*,#7211,.F.);
#11208=ORIENTED_EDGE('',*,*,#7815,.F.);
#11209=ORIENTED_EDGE('',*,*,#7603,.T.);
#11210=ORIENTED_EDGE('',*,*,#7816,.T.);
#11211=ORIENTED_EDGE('',*,*,#7212,.F.);
#11212=ORIENTED_EDGE('',*,*,#7816,.F.);
#11213=ORIENTED_EDGE('',*,*,#7606,.T.);
#11214=ORIENTED_EDGE('',*,*,#7817,.T.);
#11215=ORIENTED_EDGE('',*,*,#7214,.F.);
#11216=ORIENTED_EDGE('',*,*,#7818,.F.);
#11217=ORIENTED_EDGE('',*,*,#7819,.F.);
#11218=ORIENTED_EDGE('',*,*,#7820,.T.);
#11219=ORIENTED_EDGE('',*,*,#7818,.T.);
#11220=ORIENTED_EDGE('',*,*,#7213,.T.);
#11221=ORIENTED_EDGE('',*,*,#7820,.F.);
#11222=ORIENTED_EDGE('',*,*,#7821,.F.);
#11223=ORIENTED_EDGE('',*,*,#7819,.T.);
#11224=ORIENTED_EDGE('',*,*,#7821,.T.);
#11225=ORIENTED_EDGE('',*,*,#7822,.F.);
#11226=ORIENTED_EDGE('',*,*,#7823,.T.);
#11227=ORIENTED_EDGE('',*,*,#7216,.F.);
#11228=ORIENTED_EDGE('',*,*,#7824,.F.);
#11229=ORIENTED_EDGE('',*,*,#7604,.T.);
#11230=ORIENTED_EDGE('',*,*,#7815,.T.);
#11231=ORIENTED_EDGE('',*,*,#7218,.F.);
#11232=ORIENTED_EDGE('',*,*,#7825,.F.);
#11233=ORIENTED_EDGE('',*,*,#7822,.T.);
#11234=ORIENTED_EDGE('',*,*,#7826,.T.);
#11235=ORIENTED_EDGE('',*,*,#7825,.T.);
#11236=ORIENTED_EDGE('',*,*,#7217,.T.);
#11237=ORIENTED_EDGE('',*,*,#7826,.F.);
#11238=ORIENTED_EDGE('',*,*,#7823,.F.);
#11239=ORIENTED_EDGE('',*,*,#7215,.F.);
#11240=ORIENTED_EDGE('',*,*,#7817,.F.);
#11241=ORIENTED_EDGE('',*,*,#7605,.T.);
#11242=ORIENTED_EDGE('',*,*,#7824,.T.);
#11243=ORIENTED_EDGE('',*,*,#7827,.F.);
#11244=ORIENTED_EDGE('',*,*,#7828,.T.);
#11245=ORIENTED_EDGE('',*,*,#7829,.F.);
#11246=ORIENTED_EDGE('',*,*,#7828,.F.);
#11247=ORIENTED_EDGE('',*,*,#7830,.F.);
#11248=ORIENTED_EDGE('',*,*,#7831,.T.);
#11249=ORIENTED_EDGE('',*,*,#7832,.F.);
#11250=ORIENTED_EDGE('',*,*,#7831,.F.);
#11251=ORIENTED_EDGE('',*,*,#7833,.F.);
#11252=ORIENTED_EDGE('',*,*,#7834,.T.);
#11253=ORIENTED_EDGE('',*,*,#7835,.F.);
#11254=ORIENTED_EDGE('',*,*,#7834,.F.);
#11255=ORIENTED_EDGE('',*,*,#7836,.F.);
#11256=ORIENTED_EDGE('',*,*,#7837,.T.);
#11257=ORIENTED_EDGE('',*,*,#7838,.F.);
#11258=ORIENTED_EDGE('',*,*,#7837,.F.);
#11259=ORIENTED_EDGE('',*,*,#7839,.F.);
#11260=ORIENTED_EDGE('',*,*,#7840,.T.);
#11261=ORIENTED_EDGE('',*,*,#7841,.F.);
#11262=ORIENTED_EDGE('',*,*,#7840,.F.);
#11263=ORIENTED_EDGE('',*,*,#7842,.F.);
#11264=ORIENTED_EDGE('',*,*,#7843,.T.);
#11265=ORIENTED_EDGE('',*,*,#7844,.F.);
#11266=ORIENTED_EDGE('',*,*,#7843,.F.);
#11267=ORIENTED_EDGE('',*,*,#7845,.F.);
#11268=ORIENTED_EDGE('',*,*,#7846,.T.);
#11269=ORIENTED_EDGE('',*,*,#7847,.F.);
#11270=ORIENTED_EDGE('',*,*,#7846,.F.);
#11271=ORIENTED_EDGE('',*,*,#7848,.F.);
#11272=ORIENTED_EDGE('',*,*,#7849,.T.);
#11273=ORIENTED_EDGE('',*,*,#7850,.F.);
#11274=ORIENTED_EDGE('',*,*,#7849,.F.);
#11275=ORIENTED_EDGE('',*,*,#7851,.F.);
#11276=ORIENTED_EDGE('',*,*,#7852,.T.);
#11277=ORIENTED_EDGE('',*,*,#7853,.F.);
#11278=ORIENTED_EDGE('',*,*,#7852,.F.);
#11279=ORIENTED_EDGE('',*,*,#7854,.F.);
#11280=ORIENTED_EDGE('',*,*,#7855,.T.);
#11281=ORIENTED_EDGE('',*,*,#7856,.F.);
#11282=ORIENTED_EDGE('',*,*,#7855,.F.);
#11283=ORIENTED_EDGE('',*,*,#7857,.F.);
#11284=ORIENTED_EDGE('',*,*,#7858,.T.);
#11285=ORIENTED_EDGE('',*,*,#7859,.F.);
#11286=ORIENTED_EDGE('',*,*,#7858,.F.);
#11287=ORIENTED_EDGE('',*,*,#7860,.F.);
#11288=ORIENTED_EDGE('',*,*,#7861,.T.);
#11289=ORIENTED_EDGE('',*,*,#7862,.F.);
#11290=ORIENTED_EDGE('',*,*,#7861,.F.);
#11291=ORIENTED_EDGE('',*,*,#7863,.F.);
#11292=ORIENTED_EDGE('',*,*,#7864,.T.);
#11293=ORIENTED_EDGE('',*,*,#7865,.F.);
#11294=ORIENTED_EDGE('',*,*,#7864,.F.);
#11295=ORIENTED_EDGE('',*,*,#7866,.F.);
#11296=ORIENTED_EDGE('',*,*,#7867,.T.);
#11297=ORIENTED_EDGE('',*,*,#7868,.F.);
#11298=ORIENTED_EDGE('',*,*,#7867,.F.);
#11299=ORIENTED_EDGE('',*,*,#7869,.F.);
#11300=ORIENTED_EDGE('',*,*,#7870,.T.);
#11301=ORIENTED_EDGE('',*,*,#7871,.F.);
#11302=ORIENTED_EDGE('',*,*,#7870,.F.);
#11303=ORIENTED_EDGE('',*,*,#7872,.F.);
#11304=ORIENTED_EDGE('',*,*,#7873,.T.);
#11305=ORIENTED_EDGE('',*,*,#7874,.F.);
#11306=ORIENTED_EDGE('',*,*,#7873,.F.);
#11307=ORIENTED_EDGE('',*,*,#7875,.F.);
#11308=ORIENTED_EDGE('',*,*,#7876,.F.);
#11309=ORIENTED_EDGE('',*,*,#7877,.F.);
#11310=ORIENTED_EDGE('',*,*,#7878,.T.);
#11311=ORIENTED_EDGE('',*,*,#7879,.F.);
#11312=ORIENTED_EDGE('',*,*,#7880,.T.);
#11313=ORIENTED_EDGE('',*,*,#7881,.F.);
#11314=ORIENTED_EDGE('',*,*,#7882,.F.);
#11315=ORIENTED_EDGE('',*,*,#7883,.F.);
#11316=ORIENTED_EDGE('',*,*,#7884,.F.);
#11317=ORIENTED_EDGE('',*,*,#7885,.F.);
#11318=ORIENTED_EDGE('',*,*,#7876,.T.);
#11319=ORIENTED_EDGE('',*,*,#7886,.F.);
#11320=ORIENTED_EDGE('',*,*,#7882,.T.);
#11321=ORIENTED_EDGE('',*,*,#7887,.F.);
#11322=ORIENTED_EDGE('',*,*,#7888,.F.);
#11323=ORIENTED_EDGE('',*,*,#7889,.F.);
#11324=ORIENTED_EDGE('',*,*,#7878,.F.);
#11325=ORIENTED_EDGE('',*,*,#7890,.F.);
#11326=ORIENTED_EDGE('',*,*,#7891,.T.);
#11327=ORIENTED_EDGE('',*,*,#7892,.F.);
#11328=ORIENTED_EDGE('',*,*,#7891,.F.);
#11329=ORIENTED_EDGE('',*,*,#7893,.F.);
#11330=ORIENTED_EDGE('',*,*,#7884,.T.);
#11331=ORIENTED_EDGE('',*,*,#7894,.F.);
#11332=ORIENTED_EDGE('',*,*,#7888,.T.);
#11333=ORIENTED_EDGE('',*,*,#7895,.F.);
#11334=ORIENTED_EDGE('',*,*,#7896,.F.);
#11335=ORIENTED_EDGE('',*,*,#7897,.F.);
#11336=ORIENTED_EDGE('',*,*,#7896,.T.);
#11337=ORIENTED_EDGE('',*,*,#7898,.F.);
#11338=ORIENTED_EDGE('',*,*,#7880,.F.);
#11339=ORIENTED_EDGE('',*,*,#7899,.F.);
#11340=ORIENTED_EDGE('',*,*,#7900,.F.);
#11341=ORIENTED_EDGE('',*,*,#7901,.F.);
#11342=ORIENTED_EDGE('',*,*,#7902,.F.);
#11343=ORIENTED_EDGE('',*,*,#7900,.T.);
#11344=ORIENTED_EDGE('',*,*,#7903,.F.);
#11345=ORIENTED_EDGE('',*,*,#7904,.F.);
#11346=ORIENTED_EDGE('',*,*,#7905,.F.);
#11347=ORIENTED_EDGE('',*,*,#7906,.F.);
#11348=ORIENTED_EDGE('',*,*,#7907,.F.);
#11349=ORIENTED_EDGE('',*,*,#7901,.T.);
#11350=ORIENTED_EDGE('',*,*,#7907,.T.);
#11351=ORIENTED_EDGE('',*,*,#7908,.F.);
#11352=ORIENTED_EDGE('',*,*,#7909,.F.);
#11353=ORIENTED_EDGE('',*,*,#7910,.T.);
#11354=ORIENTED_EDGE('',*,*,#7911,.F.);
#11355=ORIENTED_EDGE('',*,*,#7912,.F.);
#11356=ORIENTED_EDGE('',*,*,#7913,.F.);
#11357=ORIENTED_EDGE('',*,*,#7872,.T.);
#11358=ORIENTED_EDGE('',*,*,#7866,.T.);
#11359=ORIENTED_EDGE('',*,*,#7860,.T.);
#11360=ORIENTED_EDGE('',*,*,#7854,.T.);
#11361=ORIENTED_EDGE('',*,*,#7848,.T.);
#11362=ORIENTED_EDGE('',*,*,#7842,.T.);
#11363=ORIENTED_EDGE('',*,*,#7836,.T.);
#11364=ORIENTED_EDGE('',*,*,#7830,.T.);
#11365=ORIENTED_EDGE('',*,*,#7914,.F.);
#11366=ORIENTED_EDGE('',*,*,#7915,.F.);
#11367=ORIENTED_EDGE('',*,*,#7916,.F.);
#11368=ORIENTED_EDGE('',*,*,#7910,.F.);
#11369=ORIENTED_EDGE('',*,*,#7917,.F.);
#11370=ORIENTED_EDGE('',*,*,#7914,.T.);
#11371=ORIENTED_EDGE('',*,*,#7909,.T.);
#11372=ORIENTED_EDGE('',*,*,#7918,.F.);
#11373=ORIENTED_EDGE('',*,*,#7919,.F.);
#11374=ORIENTED_EDGE('',*,*,#7920,.F.);
#11375=ORIENTED_EDGE('',*,*,#7921,.T.);
#11376=ORIENTED_EDGE('',*,*,#7920,.T.);
#11377=ORIENTED_EDGE('',*,*,#7922,.F.);
#11378=ORIENTED_EDGE('',*,*,#7923,.T.);
#11379=ORIENTED_EDGE('',*,*,#7915,.T.);
#11380=ORIENTED_EDGE('',*,*,#7917,.T.);
#11381=ORIENTED_EDGE('',*,*,#7921,.F.);
#11382=ORIENTED_EDGE('',*,*,#7924,.T.);
#11383=ORIENTED_EDGE('',*,*,#7894,.T.);
#11384=ORIENTED_EDGE('',*,*,#7897,.T.);
#11385=ORIENTED_EDGE('',*,*,#7879,.T.);
#11386=ORIENTED_EDGE('',*,*,#7886,.T.);
#11387=ORIENTED_EDGE('',*,*,#7899,.T.);
#11388=ORIENTED_EDGE('',*,*,#7925,.T.);
#11389=ORIENTED_EDGE('',*,*,#7926,.T.);
#11390=ORIENTED_EDGE('',*,*,#7903,.T.);
#11391=ORIENTED_EDGE('',*,*,#7892,.T.);
#11392=ORIENTED_EDGE('',*,*,#7883,.T.);
#11393=ORIENTED_EDGE('',*,*,#7875,.T.);
#11394=ORIENTED_EDGE('',*,*,#7889,.T.);
#11395=ORIENTED_EDGE('',*,*,#7904,.T.);
#11396=ORIENTED_EDGE('',*,*,#7926,.F.);
#11397=ORIENTED_EDGE('',*,*,#7927,.T.);
#11398=ORIENTED_EDGE('',*,*,#7928,.T.);
#11399=ORIENTED_EDGE('',*,*,#7916,.T.);
#11400=ORIENTED_EDGE('',*,*,#7924,.F.);
#11401=ORIENTED_EDGE('',*,*,#7923,.F.);
#11402=ORIENTED_EDGE('',*,*,#7929,.F.);
#11403=ORIENTED_EDGE('',*,*,#7930,.F.);
#11404=ORIENTED_EDGE('',*,*,#7911,.T.);
#11405=ORIENTED_EDGE('',*,*,#7925,.F.);
#11406=ORIENTED_EDGE('',*,*,#7902,.T.);
#11407=ORIENTED_EDGE('',*,*,#7913,.T.);
#11408=ORIENTED_EDGE('',*,*,#7931,.F.);
#11409=ORIENTED_EDGE('',*,*,#7932,.F.);
#11410=ORIENTED_EDGE('',*,*,#7927,.F.);
#11411=ORIENTED_EDGE('',*,*,#7933,.F.);
#11412=ORIENTED_EDGE('',*,*,#7929,.T.);
#11413=ORIENTED_EDGE('',*,*,#7922,.T.);
#11414=ORIENTED_EDGE('',*,*,#7919,.T.);
#11415=ORIENTED_EDGE('',*,*,#7934,.F.);
#11416=ORIENTED_EDGE('',*,*,#7905,.T.);
#11417=ORIENTED_EDGE('',*,*,#7928,.F.);
#11418=ORIENTED_EDGE('',*,*,#7932,.T.);
#11419=ORIENTED_EDGE('',*,*,#7871,.T.);
#11420=ORIENTED_EDGE('',*,*,#7865,.T.);
#11421=ORIENTED_EDGE('',*,*,#7859,.T.);
#11422=ORIENTED_EDGE('',*,*,#7853,.T.);
#11423=ORIENTED_EDGE('',*,*,#7847,.T.);
#11424=ORIENTED_EDGE('',*,*,#7841,.T.);
#11425=ORIENTED_EDGE('',*,*,#7835,.T.);
#11426=ORIENTED_EDGE('',*,*,#7829,.T.);
#11427=ORIENTED_EDGE('',*,*,#7935,.T.);
#11428=ORIENTED_EDGE('',*,*,#7936,.T.);
#11429=ORIENTED_EDGE('',*,*,#7937,.T.);
#11430=ORIENTED_EDGE('',*,*,#7938,.T.);
#11431=ORIENTED_EDGE('',*,*,#7935,.F.);
#11432=ORIENTED_EDGE('',*,*,#7939,.T.);
#11433=ORIENTED_EDGE('',*,*,#7940,.T.);
#11434=ORIENTED_EDGE('',*,*,#7941,.T.);
#11435=ORIENTED_EDGE('',*,*,#7938,.F.);
#11436=ORIENTED_EDGE('',*,*,#7942,.T.);
#11437=ORIENTED_EDGE('',*,*,#7943,.F.);
#11438=ORIENTED_EDGE('',*,*,#7944,.F.);
#11439=ORIENTED_EDGE('',*,*,#7874,.T.);
#11440=ORIENTED_EDGE('',*,*,#7868,.T.);
#11441=ORIENTED_EDGE('',*,*,#7862,.T.);
#11442=ORIENTED_EDGE('',*,*,#7856,.T.);
#11443=ORIENTED_EDGE('',*,*,#7850,.T.);
#11444=ORIENTED_EDGE('',*,*,#7844,.T.);
#11445=ORIENTED_EDGE('',*,*,#7838,.T.);
#11446=ORIENTED_EDGE('',*,*,#7832,.T.);
#11447=ORIENTED_EDGE('',*,*,#7945,.T.);
#11448=ORIENTED_EDGE('',*,*,#7943,.T.);
#11449=ORIENTED_EDGE('',*,*,#7946,.T.);
#11450=ORIENTED_EDGE('',*,*,#7947,.T.);
#11451=ORIENTED_EDGE('',*,*,#7945,.F.);
#11452=ORIENTED_EDGE('',*,*,#7948,.T.);
#11453=ORIENTED_EDGE('',*,*,#7949,.T.);
#11454=ORIENTED_EDGE('',*,*,#7950,.T.);
#11455=ORIENTED_EDGE('',*,*,#7949,.F.);
#11456=ORIENTED_EDGE('',*,*,#7951,.F.);
#11457=ORIENTED_EDGE('',*,*,#7952,.F.);
#11458=ORIENTED_EDGE('',*,*,#7953,.T.);
#11459=ORIENTED_EDGE('',*,*,#7947,.F.);
#11460=ORIENTED_EDGE('',*,*,#7954,.F.);
#11461=ORIENTED_EDGE('',*,*,#7951,.T.);
#11462=ORIENTED_EDGE('',*,*,#7948,.F.);
#11463=ORIENTED_EDGE('',*,*,#7895,.T.);
#11464=ORIENTED_EDGE('',*,*,#7887,.T.);
#11465=ORIENTED_EDGE('',*,*,#7881,.T.);
#11466=ORIENTED_EDGE('',*,*,#7898,.T.);
#11467=ORIENTED_EDGE('',*,*,#7936,.F.);
#11468=ORIENTED_EDGE('',*,*,#7941,.F.);
#11469=ORIENTED_EDGE('',*,*,#7955,.F.);
#11470=ORIENTED_EDGE('',*,*,#7956,.F.);
#11471=ORIENTED_EDGE('',*,*,#7893,.T.);
#11472=ORIENTED_EDGE('',*,*,#7890,.T.);
#11473=ORIENTED_EDGE('',*,*,#7877,.T.);
#11474=ORIENTED_EDGE('',*,*,#7885,.T.);
#11475=ORIENTED_EDGE('',*,*,#7940,.F.);
#11476=ORIENTED_EDGE('',*,*,#7957,.F.);
#11477=ORIENTED_EDGE('',*,*,#7958,.F.);
#11478=ORIENTED_EDGE('',*,*,#7955,.T.);
#11479=ORIENTED_EDGE('',*,*,#7946,.F.);
#11480=ORIENTED_EDGE('',*,*,#7959,.T.);
#11481=ORIENTED_EDGE('',*,*,#7952,.T.);
#11482=ORIENTED_EDGE('',*,*,#7954,.T.);
#11483=ORIENTED_EDGE('',*,*,#7937,.F.);
#11484=ORIENTED_EDGE('',*,*,#7956,.T.);
#11485=ORIENTED_EDGE('',*,*,#7958,.T.);
#11486=ORIENTED_EDGE('',*,*,#7960,.T.);
#11487=ORIENTED_EDGE('',*,*,#7961,.T.);
#11488=ORIENTED_EDGE('',*,*,#7957,.T.);
#11489=ORIENTED_EDGE('',*,*,#7962,.F.);
#11490=ORIENTED_EDGE('',*,*,#7953,.F.);
#11491=ORIENTED_EDGE('',*,*,#7869,.T.);
#11492=ORIENTED_EDGE('',*,*,#7863,.T.);
#11493=ORIENTED_EDGE('',*,*,#7857,.T.);
#11494=ORIENTED_EDGE('',*,*,#7851,.T.);
#11495=ORIENTED_EDGE('',*,*,#7845,.T.);
#11496=ORIENTED_EDGE('',*,*,#7839,.T.);
#11497=ORIENTED_EDGE('',*,*,#7833,.T.);
#11498=ORIENTED_EDGE('',*,*,#7827,.T.);
#11499=ORIENTED_EDGE('',*,*,#7959,.F.);
#11500=ORIENTED_EDGE('',*,*,#7942,.F.);
#11501=ORIENTED_EDGE('',*,*,#7960,.F.);
#11502=ORIENTED_EDGE('',*,*,#7961,.F.);
#11503=ORIENTED_EDGE('',*,*,#7912,.T.);
#11504=ORIENTED_EDGE('',*,*,#7930,.T.);
#11505=ORIENTED_EDGE('',*,*,#7933,.T.);
#11506=ORIENTED_EDGE('',*,*,#7931,.T.);
#11507=ORIENTED_EDGE('',*,*,#7950,.F.);
#11508=ORIENTED_EDGE('',*,*,#7962,.T.);
#11509=ORIENTED_EDGE('',*,*,#7939,.F.);
#11510=ORIENTED_EDGE('',*,*,#7944,.T.);
#11511=ORIENTED_EDGE('',*,*,#7906,.T.);
#11512=ORIENTED_EDGE('',*,*,#7934,.T.);
#11513=ORIENTED_EDGE('',*,*,#7918,.T.);
#11514=ORIENTED_EDGE('',*,*,#7908,.T.);
#11515=PLANE('',#12685);
#11516=PLANE('',#12699);
#11517=PLANE('',#12712);
#11518=PLANE('',#12715);
#11519=PLANE('',#12717);
#11520=PLANE('',#12720);
#11521=PLANE('',#12725);
#11522=PLANE('',#12727);
#11523=PLANE('',#12730);
#11524=PLANE('',#12733);
#11525=PLANE('',#12759);
#11526=PLANE('',#12761);
#11527=PLANE('',#12764);
#11528=PLANE('',#12767);
#11529=PLANE('',#12772);
#11530=PLANE('',#12774);
#11531=PLANE('',#12777);
#11532=PLANE('',#12780);
#11533=PLANE('',#12792);
#11534=PLANE('',#12814);
#11535=PLANE('',#12815);
#11536=PLANE('',#12816);
#11537=PLANE('',#12819);
#11538=PLANE('',#12822);
#11539=PLANE('',#12825);
#11540=PLANE('',#12826);
#11541=PLANE('',#12828);
#11542=PLANE('',#12831);
#11543=PLANE('',#12833);
#11544=PLANE('',#12838);
#11545=PLANE('',#12841);
#11546=PLANE('',#12844);
#11547=PLANE('',#12845);
#11548=PLANE('',#12876);
#11549=PLANE('',#12877);
#11550=PLANE('',#12878);
#11551=PLANE('',#12879);
#11552=PLANE('',#12880);
#11553=PLANE('',#12881);
#11554=PLANE('',#12882);
#11555=PLANE('',#12883);
#11556=PLANE('',#12884);
#11557=PLANE('',#12885);
#11558=PLANE('',#12886);
#11559=PLANE('',#12887);
#11560=PLANE('',#12888);
#11561=PLANE('',#12889);
#11562=PLANE('',#12890);
#11563=PLANE('',#12891);
#11564=PLANE('',#12892);
#11565=PLANE('',#12893);
#11566=PLANE('',#12894);
#11567=PLANE('',#12895);
#11568=PLANE('',#12896);
#11569=PLANE('',#12897);
#11570=PLANE('',#12900);
#11571=PLANE('',#12901);
#11572=PLANE('',#12902);
#11573=PLANE('',#12903);
#11574=PLANE('',#12904);
#11575=PLANE('',#12905);
#11576=PLANE('',#12906);
#11577=PLANE('',#12909);
#11578=PLANE('',#12910);
#11579=PLANE('',#12911);
#11580=PLANE('',#12912);
#11581=PLANE('',#12913);
#11582=PLANE('',#12914);
#11583=PLANE('',#12915);
#11584=PLANE('',#12918);
#11585=PLANE('',#12919);
#11586=PLANE('',#12920);
#11587=PLANE('',#12921);
#11588=PLANE('',#12922);
#11589=PLANE('',#12923);
#11590=PLANE('',#12924);
#11591=PLANE('',#12927);
#11592=PLANE('',#12928);
#11593=PLANE('',#12929);
#11594=PLANE('',#12930);
#11595=PLANE('',#12931);
#11596=PLANE('',#12932);
#11597=PLANE('',#12933);
#11598=PLANE('',#12936);
#11599=PLANE('',#12937);
#11600=PLANE('',#12938);
#11601=PLANE('',#12939);
#11602=PLANE('',#12940);
#11603=PLANE('',#12941);
#11604=PLANE('',#12942);
#11605=PLANE('',#12943);
#11606=PLANE('',#12944);
#11607=PLANE('',#12945);
#11608=PLANE('',#12946);
#11609=PLANE('',#12947);
#11610=PLANE('',#12948);
#11611=PLANE('',#12949);
#11612=PLANE('',#12950);
#11613=PLANE('',#12951);
#11614=PLANE('',#12952);
#11615=PLANE('',#12953);
#11616=PLANE('',#12954);
#11617=PLANE('',#12955);
#11618=PLANE('',#12962);
#11619=PLANE('',#12969);
#11620=PLANE('',#12970);
#11621=PLANE('',#12975);
#11622=PLANE('',#12978);
#11623=PLANE('',#12995);
#11624=PLANE('',#13000);
#11625=PLANE('',#13002);
#11626=PLANE('',#13004);
#11627=PLANE('',#13005);
#11628=PLANE('',#13008);
#11629=PLANE('',#13009);
#11630=PLANE('',#13010);
#11631=PLANE('',#13015);
#11632=PLANE('',#13018);
#11633=PLANE('',#13023);
#11634=PLANE('',#13025);
#11635=PLANE('',#13027);
#11636=PLANE('',#13028);
#11637=PLANE('',#13029);
#11638=PLANE('',#13032);
#11639=PLANE('',#13035);
#11640=PLANE('',#13038);
#11641=PLANE('',#13039);
#11642=PLANE('',#13041);
#11643=PLANE('',#13044);
#11644=PLANE('',#13048);
#11645=PLANE('',#13049);
#11646=PLANE('',#13050);
#11647=PLANE('',#13051);
#11648=PLANE('',#13052);
#11649=PLANE('',#13053);
#11650=PLANE('',#13054);
#11651=PLANE('',#13055);
#11652=PLANE('',#13057);
#11653=PLANE('',#13058);
#11654=PLANE('',#13059);
#11655=PLANE('',#13060);
#11656=PLANE('',#13062);
#11657=PLANE('',#13063);
#11658=PLANE('',#13064);
#11659=PLANE('',#13065);
#11660=PLANE('',#13066);
#11661=PLANE('',#13068);
#11662=PLANE('',#13069);
#11663=PLANE('',#13070);
#11664=PLANE('',#13071);
#11665=PLANE('',#13073);
#11666=PLANE('',#13074);
#11667=PLANE('',#13075);
#11668=PLANE('',#13076);
#11669=PLANE('',#13080);
#11670=PLANE('',#13082);
#11671=PLANE('',#13083);
#11672=PLANE('',#13084);
#11673=PLANE('',#13085);
#11674=PLANE('',#13086);
#11675=PLANE('',#13087);
#11676=PLANE('',#13088);
#11677=PLANE('',#13089);
#11678=PLANE('',#13090);
#11679=PLANE('',#13091);
#11680=PLANE('',#13092);
#11681=PLANE('',#13093);
#11682=PLANE('',#13094);
#11683=PLANE('',#13095);
#11684=PLANE('',#13096);
#11685=PLANE('',#13097);
#11686=PLANE('',#13098);
#11687=PLANE('',#13099);
#11688=PLANE('',#13100);
#11689=PLANE('',#13101);
#11690=PLANE('',#13102);
#11691=PLANE('',#13103);
#11692=PLANE('',#13104);
#11693=PLANE('',#13105);
#11694=PLANE('',#13106);
#11695=PLANE('',#13107);
#11696=PLANE('',#13108);
#11697=PLANE('',#13109);
#11698=PLANE('',#13110);
#11699=PLANE('',#13111);
#11700=PLANE('',#13115);
#11701=PLANE('',#13117);
#11702=PLANE('',#13118);
#11703=PLANE('',#13119);
#11704=PLANE('',#13120);
#11705=PLANE('',#13121);
#11706=PLANE('',#13122);
#11707=PLANE('',#13124);
#11708=PLANE('',#13125);
#11709=PLANE('',#13126);
#11710=PLANE('',#13127);
#11711=PLANE('',#13129);
#11712=PLANE('',#13130);
#11713=PLANE('',#13131);
#11714=PLANE('',#13132);
#11715=PLANE('',#13134);
#11716=PLANE('',#13135);
#11717=PLANE('',#13136);
#11718=PLANE('',#13137);
#11719=PLANE('',#13139);
#11720=PLANE('',#13140);
#11721=PLANE('',#13141);
#11722=PLANE('',#13142);
#11723=PLANE('',#13143);
#11724=PLANE('',#13144);
#11725=PLANE('',#13145);
#11726=PLANE('',#13147);
#11727=PLANE('',#13148);
#11728=PLANE('',#13149);
#11729=PLANE('',#13150);
#11730=PLANE('',#13152);
#11731=PLANE('',#13153);
#11732=PLANE('',#13154);
#11733=PLANE('',#13155);
#11734=PLANE('',#13156);
#11735=PLANE('',#13157);
#11736=PLANE('',#13160);
#11737=PLANE('',#13161);
#11738=PLANE('',#13162);
#11739=PLANE('',#13163);
#11740=PLANE('',#13165);
#11741=PLANE('',#13167);
#11742=PLANE('',#13168);
#11743=PLANE('',#13170);
#11744=PLANE('',#13172);
#11745=PLANE('',#13174);
#11746=PLANE('',#13176);
#11747=PLANE('',#13177);
#11748=PLANE('',#13179);
#11749=PLANE('',#13181);
#11750=PLANE('',#13182);
#11751=PLANE('',#13184);
#11752=PLANE('',#13186);
#11753=PLANE('',#13188);
#11754=PLANE('',#13190);
#11755=PLANE('',#13191);
#11756=PLANE('',#13192);
#11757=PLANE('',#13193);
#11758=PLANE('',#13194);
#11759=PLANE('',#13196);
#11760=PLANE('',#13197);
#11761=PLANE('',#13198);
#11762=PLANE('',#13199);
#11763=PLANE('',#13201);
#11764=PLANE('',#13202);
#11765=PLANE('',#13203);
#11766=PLANE('',#13204);
#11767=PLANE('',#13205);
#11768=PLANE('',#13206);
#11769=PLANE('',#13207);
#11770=PLANE('',#13208);
#11771=PLANE('',#13209);
#11772=PLANE('',#13210);
#11773=PLANE('',#13211);
#11774=PLANE('',#13212);
#11775=PLANE('',#13213);
#11776=PLANE('',#13214);
#11777=PLANE('',#13215);
#11778=PLANE('',#13216);
#11779=PLANE('',#13217);
#11780=PLANE('',#13218);
#11781=PLANE('',#13219);
#11782=PLANE('',#13224);
#11783=PLANE('',#13225);
#11784=PLANE('',#13227);
#11785=PLANE('',#13230);
#11786=PLANE('',#13243);
#11787=PLANE('',#13244);
#11788=PLANE('',#13245);
#11789=PLANE('',#13246);
#11790=PLANE('',#13247);
#11791=PLANE('',#13248);
#11792=PLANE('',#13249);
#11793=PLANE('',#13250);
#11794=PLANE('',#13251);
#11795=PLANE('',#13252);
#11796=PLANE('',#13253);
#11797=PLANE('',#13254);
#11798=PLANE('',#13255);
#11799=PLANE('',#13256);
#11800=PLANE('',#13257);
#11801=PLANE('',#13258);
#11802=PLANE('',#13259);
#11803=PLANE('',#13260);
#11804=PLANE('',#13261);
#11805=PLANE('',#13262);
#11806=PLANE('',#13263);
#11807=PLANE('',#13264);
#11808=PLANE('',#13267);
#11809=PLANE('',#13268);
#11810=PLANE('',#13269);
#11811=PLANE('',#13270);
#11812=PLANE('',#13271);
#11813=PLANE('',#13272);
#11814=PLANE('',#13273);
#11815=PLANE('',#13276);
#11816=PLANE('',#13277);
#11817=PLANE('',#13278);
#11818=PLANE('',#13279);
#11819=PLANE('',#13280);
#11820=PLANE('',#13281);
#11821=PLANE('',#13282);
#11822=PLANE('',#13285);
#11823=PLANE('',#13286);
#11824=PLANE('',#13287);
#11825=PLANE('',#13288);
#11826=PLANE('',#13289);
#11827=PLANE('',#13290);
#11828=PLANE('',#13291);
#11829=PLANE('',#13294);
#11830=PLANE('',#13295);
#11831=PLANE('',#13296);
#11832=PLANE('',#13297);
#11833=PLANE('',#13298);
#11834=PLANE('',#13299);
#11835=PLANE('',#13300);
#11836=PLANE('',#13303);
#11837=PLANE('',#13304);
#11838=PLANE('',#13305);
#11839=PLANE('',#13306);
#11840=PLANE('',#13307);
#11841=PLANE('',#13308);
#11842=PLANE('',#13309);
#11843=PLANE('',#13310);
#11844=PLANE('',#13311);
#11845=PLANE('',#13312);
#11846=PLANE('',#13313);
#11847=PLANE('',#13314);
#11848=PLANE('',#13315);
#11849=PLANE('',#13316);
#11850=PLANE('',#13317);
#11851=PLANE('',#13318);
#11852=PLANE('',#13319);
#11853=PLANE('',#13320);
#11854=PLANE('',#13321);
#11855=PLANE('',#13323);
#11856=PLANE('',#13330);
#11857=PLANE('',#13332);
#11858=PLANE('',#13337);
#11859=PLANE('',#13339);
#11860=PLANE('',#13341);
#11861=PLANE('',#13342);
#11862=PLANE('',#13343);
#11863=PLANE('',#13344);
#11864=PLANE('',#13345);
#11865=PLANE('',#13346);
#11866=PLANE('',#13347);
#11867=PLANE('',#13348);
#11868=PLANE('',#13349);
#11869=PLANE('',#13350);
#11870=PLANE('',#13351);
#11871=PLANE('',#13352);
#11872=PLANE('',#13354);
#11873=PLANE('',#13355);
#11874=PLANE('',#13356);
#11875=PLANE('',#13357);
#11876=PLANE('',#13359);
#11877=PLANE('',#13360);
#11878=PLANE('',#13361);
#11879=PLANE('',#13362);
#11880=PLANE('',#13363);
#11881=PLANE('',#13364);
#11882=PLANE('',#13365);
#11883=PLANE('',#13366);
#11884=PLANE('',#13367);
#11885=PLANE('',#13371);
#11886=PLANE('',#13373);
#11887=PLANE('',#13374);
#11888=PLANE('',#13375);
#11889=PLANE('',#13376);
#11890=PLANE('',#13378);
#11891=PLANE('',#13382);
#11892=PLANE('',#13385);
#11893=PLANE('',#13387);
#11894=PLANE('',#13388);
#11895=PLANE('',#13392);
#11896=PLANE('',#13393);
#11897=PLANE('',#13394);
#11898=PLANE('',#13395);
#11899=PLANE('',#13396);
#11900=PLANE('',#13397);
#11901=PLANE('',#13398);
#11902=PLANE('',#13399);
#11903=PLANE('',#13400);
#11904=PLANE('',#13401);
#11905=PLANE('',#13402);
#11906=PLANE('',#13403);
#11907=PLANE('',#13404);
#11908=PLANE('',#13405);
#11909=PLANE('',#13406);
#11910=PLANE('',#13407);
#11911=PLANE('',#13408);
#11912=PLANE('',#13409);
#11913=PLANE('',#13410);
#11914=PLANE('',#13411);
#11915=PLANE('',#13412);
#11916=PLANE('',#13413);
#11917=PLANE('',#13414);
#11918=PLANE('',#13415);
#11919=PLANE('',#13416);
#11920=PLANE('',#13417);
#11921=PLANE('',#13418);
#11922=PLANE('',#13419);
#11923=PLANE('',#13420);
#11924=PLANE('',#13421);
#11925=PLANE('',#13422);
#11926=PLANE('',#13423);
#11927=PLANE('',#13424);
#11928=PLANE('',#13425);
#11929=PLANE('',#13426);
#11930=PLANE('',#13427);
#11931=PLANE('',#13428);
#11932=PLANE('',#13429);
#11933=PLANE('',#13430);
#11934=PLANE('',#13431);
#11935=PLANE('',#13432);
#11936=PLANE('',#13433);
#11937=PLANE('',#13434);
#11938=PLANE('',#13435);
#11939=PLANE('',#13436);
#11940=PLANE('',#13437);
#11941=PLANE('',#13438);
#11942=PLANE('',#13439);
#11943=PLANE('',#13440);
#11944=PLANE('',#13441);
#11945=PLANE('',#13442);
#11946=PLANE('',#13443);
#11947=PLANE('',#13444);
#11948=PLANE('',#13445);
#11949=PLANE('',#13446);
#11950=PLANE('',#13447);
#11951=PLANE('',#13448);
#11952=PLANE('',#13449);
#11953=PLANE('',#13450);
#11954=PLANE('',#13451);
#11955=PLANE('',#13452);
#11956=PLANE('',#13453);
#11957=PLANE('',#13454);
#11958=PLANE('',#13455);
#11959=PLANE('',#13456);
#11960=PLANE('',#13457);
#11961=PLANE('',#13458);
#11962=PLANE('',#13459);
#11963=PLANE('',#13462);
#11964=PLANE('',#13463);
#11965=PLANE('',#13464);
#11966=PLANE('',#13465);
#11967=PLANE('',#13466);
#11968=PLANE('',#13467);
#11969=PLANE('',#13468);
#11970=PLANE('',#13470);
#11971=PLANE('',#13471);
#11972=PLANE('',#13472);
#11973=PLANE('',#13473);
#11974=PLANE('',#13475);
#11975=PLANE('',#13476);
#11976=PLANE('',#13477);
#11977=PLANE('',#13478);
#11978=PLANE('',#13479);
#11979=PLANE('',#13480);
#11980=PLANE('',#13481);
#11981=PLANE('',#13482);
#11982=PLANE('',#13483);
#11983=PLANE('',#13484);
#11984=PLANE('',#13485);
#11985=PLANE('',#13486);
#11986=PLANE('',#13487);
#11987=PLANE('',#13490);
#11988=PLANE('',#13491);
#11989=PLANE('',#13493);
#11990=PLANE('',#13495);
#11991=PLANE('',#13544);
#11992=PLANE('',#13545);
#11993=PLANE('',#13546);
#11994=PLANE('',#13547);
#11995=PLANE('',#13548);
#11996=PLANE('',#13549);
#11997=PLANE('',#13550);
#11998=PLANE('',#13551);
#11999=PLANE('',#13552);
#12000=PLANE('',#13553);
#12001=PLANE('',#13554);
#12002=PLANE('',#13555);
#12003=PLANE('',#13556);
#12004=PLANE('',#13557);
#12005=PLANE('',#13558);
#12006=PLANE('',#13559);
#12007=PLANE('',#13560);
#12008=PLANE('',#13561);
#12009=PLANE('',#13562);
#12010=PLANE('',#13563);
#12011=PLANE('',#13564);
#12012=PLANE('',#13565);
#12013=PLANE('',#13566);
#12014=PLANE('',#13567);
#12015=PLANE('',#13568);
#12016=PLANE('',#13569);
#12017=PLANE('',#13570);
#12018=PLANE('',#13571);
#12019=PLANE('',#13572);
#12020=PLANE('',#13573);
#12021=PLANE('',#13574);
#12022=PLANE('',#13575);
#12023=PLANE('',#13576);
#12024=PLANE('',#13577);
#12025=ADVANCED_FACE('',(#311,#161,#162,#163,#164,#165,#166,#167),#11515,
 .F.);
#12026=ADVANCED_FACE('',(#312),#47,.F.);
#12027=ADVANCED_FACE('',(#313),#48,.F.);
#12028=ADVANCED_FACE('',(#314,#168,#169,#170,#171,#172,#173,#174),#11516,
 .T.);
#12029=ADVANCED_FACE('',(#315),#49,.F.);
#12030=ADVANCED_FACE('',(#316),#50,.F.);
#12031=ADVANCED_FACE('',(#317,#175),#11517,.T.);
#12032=ADVANCED_FACE('',(#318,#176),#11518,.T.);
#12033=ADVANCED_FACE('',(#319,#177),#11519,.T.);
#12034=ADVANCED_FACE('',(#320,#178),#11520,.T.);
#12035=ADVANCED_FACE('',(#321),#51,.F.);
#12036=ADVANCED_FACE('',(#322,#179),#11521,.T.);
#12037=ADVANCED_FACE('',(#323,#180),#11522,.T.);
#12038=ADVANCED_FACE('',(#324,#181),#11523,.T.);
#12039=ADVANCED_FACE('',(#325,#182),#11524,.T.);
#12040=ADVANCED_FACE('',(#326),#52,.F.);
#12041=ADVANCED_FACE('',(#327),#53,.F.);
#12042=ADVANCED_FACE('',(#328),#54,.F.);
#12043=ADVANCED_FACE('',(#329),#39,.T.);
#12044=ADVANCED_FACE('',(#330),#55,.T.);
#12045=ADVANCED_FACE('',(#331),#40,.T.);
#12046=ADVANCED_FACE('',(#332),#56,.T.);
#12047=ADVANCED_FACE('',(#333),#41,.T.);
#12048=ADVANCED_FACE('',(#334),#57,.T.);
#12049=ADVANCED_FACE('',(#335),#42,.T.);
#12050=ADVANCED_FACE('',(#336),#58,.T.);
#12051=ADVANCED_FACE('',(#337,#183),#11525,.T.);
#12052=ADVANCED_FACE('',(#338,#184),#11526,.T.);
#12053=ADVANCED_FACE('',(#339,#185),#11527,.T.);
#12054=ADVANCED_FACE('',(#340,#186),#11528,.T.);
#12055=ADVANCED_FACE('',(#341),#59,.F.);
#12056=ADVANCED_FACE('',(#342,#187),#11529,.T.);
#12057=ADVANCED_FACE('',(#343,#188),#11530,.T.);
#12058=ADVANCED_FACE('',(#344,#189),#11531,.T.);
#12059=ADVANCED_FACE('',(#345,#190),#11532,.T.);
#12060=ADVANCED_FACE('',(#346),#60,.F.);
#12061=ADVANCED_FACE('',(#347),#61,.F.);
#12062=ADVANCED_FACE('',(#348),#62,.F.);
#12063=ADVANCED_FACE('',(#349),#43,.T.);
#12064=ADVANCED_FACE('',(#350),#63,.T.);
#12065=ADVANCED_FACE('',(#351,#191,#192,#193,#194,#195,#196,#197),#11533,
 .T.);
#12066=ADVANCED_FACE('',(#352),#64,.T.);
#12067=ADVANCED_FACE('',(#353),#44,.T.);
#12068=ADVANCED_FACE('',(#354),#65,.T.);
#12069=ADVANCED_FACE('',(#355),#45,.T.);
#12070=ADVANCED_FACE('',(#356),#66,.T.);
#12071=ADVANCED_FACE('',(#357),#46,.T.);
#12072=ADVANCED_FACE('',(#358),#11534,.T.);
#12073=ADVANCED_FACE('',(#359),#11535,.T.);
#12074=ADVANCED_FACE('',(#360),#11536,.F.);
#12075=ADVANCED_FACE('',(#361),#11537,.F.);
#12076=ADVANCED_FACE('',(#362),#11538,.T.);
#12077=ADVANCED_FACE('',(#363),#67,.F.);
#12078=ADVANCED_FACE('',(#364),#11539,.T.);
#12079=ADVANCED_FACE('',(#365),#11540,.F.);
#12080=ADVANCED_FACE('',(#366),#11541,.F.);
#12081=ADVANCED_FACE('',(#367),#11542,.T.);
#12082=ADVANCED_FACE('',(#368,#198),#11543,.T.);
#12083=ADVANCED_FACE('',(#369),#11544,.F.);
#12084=ADVANCED_FACE('',(#370),#68,.F.);
#12085=ADVANCED_FACE('',(#371),#11545,.F.);
#12086=ADVANCED_FACE('',(#372),#69,.F.);
#12087=ADVANCED_FACE('',(#373),#11546,.F.);
#12088=ADVANCED_FACE('',(#374,#199,#200,#201,#202,#203,#204,#205,#206,#207,
#208,#209,#210,#211),#11547,.T.);
#12089=ADVANCED_FACE('',(#375),#70,.F.);
#12090=ADVANCED_FACE('',(#376,#212),#11548,.T.);
#12091=ADVANCED_FACE('',(#377),#11549,.F.);
#12092=ADVANCED_FACE('',(#378),#11550,.F.);
#12093=ADVANCED_FACE('',(#379),#11551,.F.);
#12094=ADVANCED_FACE('',(#380),#11552,.F.);
#12095=ADVANCED_FACE('',(#381),#11553,.F.);
#12096=ADVANCED_FACE('',(#382),#11554,.F.);
#12097=ADVANCED_FACE('',(#383,#213),#11555,.T.);
#12098=ADVANCED_FACE('',(#384,#214),#11556,.T.);
#12099=ADVANCED_FACE('',(#385,#215),#11557,.T.);
#12100=ADVANCED_FACE('',(#386,#216),#11558,.T.);
#12101=ADVANCED_FACE('',(#387,#217),#11559,.T.);
#12102=ADVANCED_FACE('',(#388,#218),#11560,.T.);
#12103=ADVANCED_FACE('',(#389),#11561,.T.);
#12104=ADVANCED_FACE('',(#390),#11562,.T.);
#12105=ADVANCED_FACE('',(#391),#11563,.F.);
#12106=ADVANCED_FACE('',(#392),#11564,.F.);
#12107=ADVANCED_FACE('',(#393),#11565,.F.);
#12108=ADVANCED_FACE('',(#394),#11566,.F.);
#12109=ADVANCED_FACE('',(#395),#11567,.F.);
#12110=ADVANCED_FACE('',(#396),#11568,.F.);
#12111=ADVANCED_FACE('',(#397,#219),#11569,.T.);
#12112=ADVANCED_FACE('',(#398),#71,.F.);
#12113=ADVANCED_FACE('',(#399),#11570,.F.);
#12114=ADVANCED_FACE('',(#400),#11571,.F.);
#12115=ADVANCED_FACE('',(#401),#11572,.F.);
#12116=ADVANCED_FACE('',(#402),#11573,.F.);
#12117=ADVANCED_FACE('',(#403),#11574,.F.);
#12118=ADVANCED_FACE('',(#404),#11575,.F.);
#12119=ADVANCED_FACE('',(#405,#220),#11576,.T.);
#12120=ADVANCED_FACE('',(#406),#72,.F.);
#12121=ADVANCED_FACE('',(#407),#11577,.F.);
#12122=ADVANCED_FACE('',(#408),#11578,.F.);
#12123=ADVANCED_FACE('',(#409),#11579,.F.);
#12124=ADVANCED_FACE('',(#410),#11580,.F.);
#12125=ADVANCED_FACE('',(#411),#11581,.F.);
#12126=ADVANCED_FACE('',(#412),#11582,.F.);
#12127=ADVANCED_FACE('',(#413,#221),#11583,.T.);
#12128=ADVANCED_FACE('',(#414),#73,.F.);
#12129=ADVANCED_FACE('',(#415),#11584,.F.);
#12130=ADVANCED_FACE('',(#416),#11585,.F.);
#12131=ADVANCED_FACE('',(#417),#11586,.F.);
#12132=ADVANCED_FACE('',(#418),#11587,.F.);
#12133=ADVANCED_FACE('',(#419),#11588,.F.);
#12134=ADVANCED_FACE('',(#420),#11589,.F.);
#12135=ADVANCED_FACE('',(#421,#222),#11590,.T.);
#12136=ADVANCED_FACE('',(#422),#74,.F.);
#12137=ADVANCED_FACE('',(#423),#11591,.F.);
#12138=ADVANCED_FACE('',(#424),#11592,.F.);
#12139=ADVANCED_FACE('',(#425),#11593,.F.);
#12140=ADVANCED_FACE('',(#426),#11594,.F.);
#12141=ADVANCED_FACE('',(#427),#11595,.F.);
#12142=ADVANCED_FACE('',(#428),#11596,.F.);
#12143=ADVANCED_FACE('',(#429,#223),#11597,.T.);
#12144=ADVANCED_FACE('',(#430),#75,.F.);
#12145=ADVANCED_FACE('',(#431),#11598,.T.);
#12146=ADVANCED_FACE('',(#432),#11599,.T.);
#12147=ADVANCED_FACE('',(#433),#11600,.T.);
#12148=ADVANCED_FACE('',(#434),#11601,.F.);
#12149=ADVANCED_FACE('',(#435),#11602,.F.);
#12150=ADVANCED_FACE('',(#436),#11603,.F.);
#12151=ADVANCED_FACE('',(#437),#11604,.F.);
#12152=ADVANCED_FACE('',(#438),#11605,.F.);
#12153=ADVANCED_FACE('',(#439),#11606,.F.);
#12154=ADVANCED_FACE('',(#440),#11607,.F.);
#12155=ADVANCED_FACE('',(#441),#11608,.F.);
#12156=ADVANCED_FACE('',(#442),#11609,.F.);
#12157=ADVANCED_FACE('',(#443),#11610,.F.);
#12158=ADVANCED_FACE('',(#444),#11611,.F.);
#12159=ADVANCED_FACE('',(#445),#11612,.F.);
#12160=ADVANCED_FACE('',(#446),#11613,.F.);
#12161=ADVANCED_FACE('',(#447),#11614,.F.);
#12162=ADVANCED_FACE('',(#448),#11615,.F.);
#12163=ADVANCED_FACE('',(#449),#11616,.F.);
#12164=ADVANCED_FACE('',(#450),#11617,.F.);
#12165=ADVANCED_FACE('',(#451),#11618,.F.);
#12166=ADVANCED_FACE('',(#452),#11619,.T.);
#12167=ADVANCED_FACE('',(#453),#11620,.T.);
#12168=ADVANCED_FACE('',(#454),#11621,.T.);
#12169=ADVANCED_FACE('',(#455),#76,.F.);
#12170=ADVANCED_FACE('',(#456,#224,#225,#226,#227,#228,#229,#230),#11622,
 .F.);
#12171=ADVANCED_FACE('',(#457),#77,.F.);
#12172=ADVANCED_FACE('',(#458),#78,.F.);
#12173=ADVANCED_FACE('',(#459),#79,.F.);
#12174=ADVANCED_FACE('',(#460),#80,.F.);
#12175=ADVANCED_FACE('',(#461),#81,.F.);
#12176=ADVANCED_FACE('',(#462),#82,.F.);
#12177=ADVANCED_FACE('',(#463),#83,.F.);
#12178=ADVANCED_FACE('',(#464),#84,.F.);
#12179=ADVANCED_FACE('',(#465),#85,.F.);
#12180=ADVANCED_FACE('',(#466),#86,.F.);
#12181=ADVANCED_FACE('',(#467),#11623,.T.);
#12182=ADVANCED_FACE('',(#468),#87,.F.);
#12183=ADVANCED_FACE('',(#469),#11624,.T.);
#12184=ADVANCED_FACE('',(#470),#88,.F.);
#12185=ADVANCED_FACE('',(#471),#11625,.T.);
#12186=ADVANCED_FACE('',(#472),#89,.F.);
#12187=ADVANCED_FACE('',(#473),#11626,.T.);
#12188=ADVANCED_FACE('',(#474),#11627,.T.);
#12189=ADVANCED_FACE('',(#475),#90,.T.);
#12190=ADVANCED_FACE('',(#476),#91,.T.);
#12191=ADVANCED_FACE('',(#477),#11628,.T.);
#12192=ADVANCED_FACE('',(#478),#11629,.T.);
#12193=ADVANCED_FACE('',(#479),#11630,.T.);
#12194=ADVANCED_FACE('',(#480),#11631,.T.);
#12195=ADVANCED_FACE('',(#481),#92,.F.);
#12196=ADVANCED_FACE('',(#482),#11632,.T.);
#12197=ADVANCED_FACE('',(#483),#93,.F.);
#12198=ADVANCED_FACE('',(#484),#11633,.T.);
#12199=ADVANCED_FACE('',(#485),#94,.F.);
#12200=ADVANCED_FACE('',(#486),#11634,.T.);
#12201=ADVANCED_FACE('',(#487),#95,.F.);
#12202=ADVANCED_FACE('',(#488),#11635,.T.);
#12203=ADVANCED_FACE('',(#489),#11636,.T.);
#12204=ADVANCED_FACE('',(#490),#11637,.T.);
#12205=ADVANCED_FACE('',(#491),#11638,.T.);
#12206=ADVANCED_FACE('',(#492),#11639,.F.);
#12207=ADVANCED_FACE('',(#493),#96,.F.);
#12208=ADVANCED_FACE('',(#494),#11640,.T.);
#12209=ADVANCED_FACE('',(#495),#11641,.F.);
#12210=ADVANCED_FACE('',(#496),#11642,.F.);
#12211=ADVANCED_FACE('',(#497),#11643,.F.);
#12212=ADVANCED_FACE('',(#498),#97,.F.);
#12213=ADVANCED_FACE('',(#499),#11644,.F.);
#12214=ADVANCED_FACE('',(#500),#11645,.F.);
#12215=ADVANCED_FACE('',(#501),#11646,.F.);
#12216=ADVANCED_FACE('',(#502),#11647,.F.);
#12217=ADVANCED_FACE('',(#503),#11648,.F.);
#12218=ADVANCED_FACE('',(#504),#11649,.F.);
#12219=ADVANCED_FACE('',(#505),#11650,.T.);
#12220=ADVANCED_FACE('',(#506,#231),#11651,.T.);
#12221=ADVANCED_FACE('',(#507),#11652,.T.);
#12222=ADVANCED_FACE('',(#508),#11653,.T.);
#12223=ADVANCED_FACE('',(#509),#11654,.T.);
#12224=ADVANCED_FACE('',(#510),#11655,.T.);
#12225=ADVANCED_FACE('',(#511),#98,.F.);
#12226=ADVANCED_FACE('',(#512),#11656,.T.);
#12227=ADVANCED_FACE('',(#513),#11657,.T.);
#12228=ADVANCED_FACE('',(#514),#11658,.F.);
#12229=ADVANCED_FACE('',(#515),#11659,.F.);
#12230=ADVANCED_FACE('',(#516,#232),#11660,.T.);
#12231=ADVANCED_FACE('',(#517),#11661,.F.);
#12232=ADVANCED_FACE('',(#518),#11662,.F.);
#12233=ADVANCED_FACE('',(#519),#11663,.F.);
#12234=ADVANCED_FACE('',(#520),#11664,.F.);
#12235=ADVANCED_FACE('',(#521),#99,.F.);
#12236=ADVANCED_FACE('',(#522),#11665,.T.);
#12237=ADVANCED_FACE('',(#523),#11666,.F.);
#12238=ADVANCED_FACE('',(#524),#11667,.F.);
#12239=ADVANCED_FACE('',(#525),#11668,.F.);
#12240=ADVANCED_FACE('',(#526),#100,.F.);
#12241=ADVANCED_FACE('',(#527),#11669,.F.);
#12242=ADVANCED_FACE('',(#528),#101,.F.);
#12243=ADVANCED_FACE('',(#529),#11670,.T.);
#12244=ADVANCED_FACE('',(#530),#11671,.F.);
#12245=ADVANCED_FACE('',(#531),#11672,.F.);
#12246=ADVANCED_FACE('',(#532),#11673,.T.);
#12247=ADVANCED_FACE('',(#533),#11674,.T.);
#12248=ADVANCED_FACE('',(#534),#11675,.T.);
#12249=ADVANCED_FACE('',(#535),#11676,.T.);
#12250=ADVANCED_FACE('',(#536),#11677,.T.);
#12251=ADVANCED_FACE('',(#537),#11678,.T.);
#12252=ADVANCED_FACE('',(#538),#11679,.T.);
#12253=ADVANCED_FACE('',(#539),#11680,.T.);
#12254=ADVANCED_FACE('',(#540),#11681,.T.);
#12255=ADVANCED_FACE('',(#541),#11682,.T.);
#12256=ADVANCED_FACE('',(#542),#11683,.T.);
#12257=ADVANCED_FACE('',(#543),#11684,.T.);
#12258=ADVANCED_FACE('',(#544),#11685,.T.);
#12259=ADVANCED_FACE('',(#545),#11686,.T.);
#12260=ADVANCED_FACE('',(#546),#11687,.T.);
#12261=ADVANCED_FACE('',(#547),#11688,.T.);
#12262=ADVANCED_FACE('',(#548),#11689,.T.);
#12263=ADVANCED_FACE('',(#549),#11690,.T.);
#12264=ADVANCED_FACE('',(#550),#11691,.F.);
#12265=ADVANCED_FACE('',(#551),#11692,.F.);
#12266=ADVANCED_FACE('',(#552),#11693,.F.);
#12267=ADVANCED_FACE('',(#553),#11694,.F.);
#12268=ADVANCED_FACE('',(#554),#11695,.T.);
#12269=ADVANCED_FACE('',(#555),#11696,.T.);
#12270=ADVANCED_FACE('',(#556),#11697,.T.);
#12271=ADVANCED_FACE('',(#557),#11698,.T.);
#12272=ADVANCED_FACE('',(#558),#11699,.T.);
#12273=ADVANCED_FACE('',(#559),#102,.F.);
#12274=ADVANCED_FACE('',(#560),#11700,.T.);
#12275=ADVANCED_FACE('',(#561),#103,.F.);
#12276=ADVANCED_FACE('',(#562),#11701,.T.);
#12277=ADVANCED_FACE('',(#563),#11702,.T.);
#12278=ADVANCED_FACE('',(#564),#11703,.T.);
#12279=ADVANCED_FACE('',(#565),#11704,.T.);
#12280=ADVANCED_FACE('',(#566),#11705,.F.);
#12281=ADVANCED_FACE('',(#567,#233),#11706,.F.);
#12282=ADVANCED_FACE('',(#568),#11707,.F.);
#12283=ADVANCED_FACE('',(#569),#11708,.F.);
#12284=ADVANCED_FACE('',(#570),#11709,.F.);
#12285=ADVANCED_FACE('',(#571),#11710,.F.);
#12286=ADVANCED_FACE('',(#572),#104,.F.);
#12287=ADVANCED_FACE('',(#573),#11711,.T.);
#12288=ADVANCED_FACE('',(#574),#11712,.F.);
#12289=ADVANCED_FACE('',(#575),#11713,.T.);
#12290=ADVANCED_FACE('',(#576,#234),#11714,.T.);
#12291=ADVANCED_FACE('',(#577),#11715,.T.);
#12292=ADVANCED_FACE('',(#578),#11716,.T.);
#12293=ADVANCED_FACE('',(#579),#11717,.T.);
#12294=ADVANCED_FACE('',(#580),#11718,.T.);
#12295=ADVANCED_FACE('',(#581),#105,.F.);
#12296=ADVANCED_FACE('',(#582),#11719,.T.);
#12297=ADVANCED_FACE('',(#583),#11720,.T.);
#12298=ADVANCED_FACE('',(#584),#11721,.T.);
#12299=ADVANCED_FACE('',(#585),#11722,.T.);
#12300=ADVANCED_FACE('',(#586),#11723,.F.);
#12301=ADVANCED_FACE('',(#587),#11724,.F.);
#12302=ADVANCED_FACE('',(#588,#235),#11725,.T.);
#12303=ADVANCED_FACE('',(#589),#11726,.F.);
#12304=ADVANCED_FACE('',(#590),#11727,.F.);
#12305=ADVANCED_FACE('',(#591),#11728,.F.);
#12306=ADVANCED_FACE('',(#592),#11729,.F.);
#12307=ADVANCED_FACE('',(#593),#106,.F.);
#12308=ADVANCED_FACE('',(#594),#11730,.T.);
#12309=ADVANCED_FACE('',(#595),#11731,.T.);
#12310=ADVANCED_FACE('',(#596),#11732,.T.);
#12311=ADVANCED_FACE('',(#597),#11733,.T.);
#12312=ADVANCED_FACE('',(#598),#11734,.T.);
#12313=ADVANCED_FACE('',(#599),#11735,.T.);
#12314=ADVANCED_FACE('',(#600),#107,.F.);
#12315=ADVANCED_FACE('',(#601),#11736,.F.);
#12316=ADVANCED_FACE('',(#602),#11737,.F.);
#12317=ADVANCED_FACE('',(#603),#11738,.F.);
#12318=ADVANCED_FACE('',(#604),#11739,.F.);
#12319=ADVANCED_FACE('',(#605),#108,.T.);
#12320=ADVANCED_FACE('',(#606),#11740,.F.);
#12321=ADVANCED_FACE('',(#607),#109,.T.);
#12322=ADVANCED_FACE('',(#608),#11741,.T.);
#12323=ADVANCED_FACE('',(#609),#11742,.F.);
#12324=ADVANCED_FACE('',(#610),#110,.F.);
#12325=ADVANCED_FACE('',(#611),#11743,.F.);
#12326=ADVANCED_FACE('',(#612),#111,.F.);
#12327=ADVANCED_FACE('',(#613),#11744,.F.);
#12328=ADVANCED_FACE('',(#614),#112,.F.);
#12329=ADVANCED_FACE('',(#615),#11745,.F.);
#12330=ADVANCED_FACE('',(#616),#113,.T.);
#12331=ADVANCED_FACE('',(#617),#11746,.F.);
#12332=ADVANCED_FACE('',(#618),#11747,.F.);
#12333=ADVANCED_FACE('',(#619),#114,.T.);
#12334=ADVANCED_FACE('',(#620),#11748,.F.);
#12335=ADVANCED_FACE('',(#621),#115,.T.);
#12336=ADVANCED_FACE('',(#622),#11749,.T.);
#12337=ADVANCED_FACE('',(#623),#11750,.F.);
#12338=ADVANCED_FACE('',(#624),#116,.F.);
#12339=ADVANCED_FACE('',(#625),#11751,.F.);
#12340=ADVANCED_FACE('',(#626),#117,.F.);
#12341=ADVANCED_FACE('',(#627),#11752,.F.);
#12342=ADVANCED_FACE('',(#628),#118,.F.);
#12343=ADVANCED_FACE('',(#629),#11753,.F.);
#12344=ADVANCED_FACE('',(#630),#119,.T.);
#12345=ADVANCED_FACE('',(#631),#11754,.F.);
#12346=ADVANCED_FACE('',(#632),#11755,.F.);
#12347=ADVANCED_FACE('',(#633),#11756,.T.);
#12348=ADVANCED_FACE('',(#634),#11757,.F.);
#12349=ADVANCED_FACE('',(#635,#236),#11758,.F.);
#12350=ADVANCED_FACE('',(#636),#11759,.F.);
#12351=ADVANCED_FACE('',(#637),#11760,.F.);
#12352=ADVANCED_FACE('',(#638),#11761,.F.);
#12353=ADVANCED_FACE('',(#639),#11762,.F.);
#12354=ADVANCED_FACE('',(#640),#120,.F.);
#12355=ADVANCED_FACE('',(#641),#11763,.T.);
#12356=ADVANCED_FACE('',(#642),#11764,.T.);
#12357=ADVANCED_FACE('',(#643),#11765,.T.);
#12358=ADVANCED_FACE('',(#644),#11766,.T.);
#12359=ADVANCED_FACE('',(#645),#11767,.T.);
#12360=ADVANCED_FACE('',(#646),#11768,.T.);
#12361=ADVANCED_FACE('',(#647),#11769,.T.);
#12362=ADVANCED_FACE('',(#648),#11770,.T.);
#12363=ADVANCED_FACE('',(#649),#11771,.T.);
#12364=ADVANCED_FACE('',(#650),#11772,.T.);
#12365=ADVANCED_FACE('',(#651),#11773,.T.);
#12366=ADVANCED_FACE('',(#652),#11774,.T.);
#12367=ADVANCED_FACE('',(#653),#11775,.T.);
#12368=ADVANCED_FACE('',(#654),#11776,.T.);
#12369=ADVANCED_FACE('',(#655),#11777,.T.);
#12370=ADVANCED_FACE('',(#656),#11778,.T.);
#12371=ADVANCED_FACE('',(#657),#11779,.T.);
#12372=ADVANCED_FACE('',(#658),#11780,.T.);
#12373=ADVANCED_FACE('',(#659),#11781,.T.);
#12374=ADVANCED_FACE('',(#660),#121,.F.);
#12375=ADVANCED_FACE('',(#661),#122,.F.);
#12376=ADVANCED_FACE('',(#662),#11782,.F.);
#12377=ADVANCED_FACE('',(#663),#11783,.F.);
#12378=ADVANCED_FACE('',(#664),#123,.F.);
#12379=ADVANCED_FACE('',(#665),#11784,.F.);
#12380=ADVANCED_FACE('',(#666),#124,.F.);
#12381=ADVANCED_FACE('',(#667,#237,#238,#239,#240,#241,#242,#243,#244,#245),
#11785,.F.);
#12382=ADVANCED_FACE('',(#668),#125,.F.);
#12383=ADVANCED_FACE('',(#669,#246),#11786,.T.);
#12384=ADVANCED_FACE('',(#670),#11787,.F.);
#12385=ADVANCED_FACE('',(#671),#11788,.F.);
#12386=ADVANCED_FACE('',(#672),#11789,.F.);
#12387=ADVANCED_FACE('',(#673),#11790,.F.);
#12388=ADVANCED_FACE('',(#674),#11791,.F.);
#12389=ADVANCED_FACE('',(#675),#11792,.F.);
#12390=ADVANCED_FACE('',(#676,#247),#11793,.T.);
#12391=ADVANCED_FACE('',(#677,#248),#11794,.T.);
#12392=ADVANCED_FACE('',(#678,#249),#11795,.T.);
#12393=ADVANCED_FACE('',(#679,#250),#11796,.T.);
#12394=ADVANCED_FACE('',(#680,#251),#11797,.T.);
#12395=ADVANCED_FACE('',(#681,#252),#11798,.T.);
#12396=ADVANCED_FACE('',(#682),#11799,.T.);
#12397=ADVANCED_FACE('',(#683),#11800,.T.);
#12398=ADVANCED_FACE('',(#684),#11801,.F.);
#12399=ADVANCED_FACE('',(#685),#11802,.F.);
#12400=ADVANCED_FACE('',(#686),#11803,.F.);
#12401=ADVANCED_FACE('',(#687),#11804,.F.);
#12402=ADVANCED_FACE('',(#688),#11805,.F.);
#12403=ADVANCED_FACE('',(#689),#11806,.F.);
#12404=ADVANCED_FACE('',(#690,#253),#11807,.T.);
#12405=ADVANCED_FACE('',(#691),#126,.F.);
#12406=ADVANCED_FACE('',(#692),#11808,.F.);
#12407=ADVANCED_FACE('',(#693),#11809,.F.);
#12408=ADVANCED_FACE('',(#694),#11810,.F.);
#12409=ADVANCED_FACE('',(#695),#11811,.F.);
#12410=ADVANCED_FACE('',(#696),#11812,.F.);
#12411=ADVANCED_FACE('',(#697),#11813,.F.);
#12412=ADVANCED_FACE('',(#698,#254),#11814,.T.);
#12413=ADVANCED_FACE('',(#699),#127,.F.);
#12414=ADVANCED_FACE('',(#700),#11815,.F.);
#12415=ADVANCED_FACE('',(#701),#11816,.F.);
#12416=ADVANCED_FACE('',(#702),#11817,.F.);
#12417=ADVANCED_FACE('',(#703),#11818,.F.);
#12418=ADVANCED_FACE('',(#704),#11819,.F.);
#12419=ADVANCED_FACE('',(#705),#11820,.F.);
#12420=ADVANCED_FACE('',(#706,#255),#11821,.T.);
#12421=ADVANCED_FACE('',(#707),#128,.F.);
#12422=ADVANCED_FACE('',(#708),#11822,.F.);
#12423=ADVANCED_FACE('',(#709),#11823,.F.);
#12424=ADVANCED_FACE('',(#710),#11824,.F.);
#12425=ADVANCED_FACE('',(#711),#11825,.F.);
#12426=ADVANCED_FACE('',(#712),#11826,.F.);
#12427=ADVANCED_FACE('',(#713),#11827,.F.);
#12428=ADVANCED_FACE('',(#714,#256),#11828,.T.);
#12429=ADVANCED_FACE('',(#715),#129,.F.);
#12430=ADVANCED_FACE('',(#716),#11829,.F.);
#12431=ADVANCED_FACE('',(#717),#11830,.F.);
#12432=ADVANCED_FACE('',(#718),#11831,.F.);
#12433=ADVANCED_FACE('',(#719),#11832,.F.);
#12434=ADVANCED_FACE('',(#720),#11833,.F.);
#12435=ADVANCED_FACE('',(#721),#11834,.F.);
#12436=ADVANCED_FACE('',(#722,#257),#11835,.T.);
#12437=ADVANCED_FACE('',(#723),#130,.F.);
#12438=ADVANCED_FACE('',(#724),#11836,.T.);
#12439=ADVANCED_FACE('',(#725),#11837,.T.);
#12440=ADVANCED_FACE('',(#726),#11838,.T.);
#12441=ADVANCED_FACE('',(#727),#11839,.T.);
#12442=ADVANCED_FACE('',(#728),#11840,.T.);
#12443=ADVANCED_FACE('',(#729),#11841,.T.);
#12444=ADVANCED_FACE('',(#730),#11842,.T.);
#12445=ADVANCED_FACE('',(#731),#11843,.T.);
#12446=ADVANCED_FACE('',(#732),#11844,.T.);
#12447=ADVANCED_FACE('',(#733),#11845,.T.);
#12448=ADVANCED_FACE('',(#734),#11846,.T.);
#12449=ADVANCED_FACE('',(#735),#11847,.T.);
#12450=ADVANCED_FACE('',(#736),#11848,.T.);
#12451=ADVANCED_FACE('',(#737),#11849,.T.);
#12452=ADVANCED_FACE('',(#738),#11850,.T.);
#12453=ADVANCED_FACE('',(#739),#11851,.T.);
#12454=ADVANCED_FACE('',(#740),#11852,.T.);
#12455=ADVANCED_FACE('',(#741),#11853,.T.);
#12456=ADVANCED_FACE('',(#742,#258),#11854,.T.);
#12457=ADVANCED_FACE('',(#743,#259),#11855,.T.);
#12458=ADVANCED_FACE('',(#744),#131,.F.);
#12459=ADVANCED_FACE('',(#745),#132,.F.);
#12460=ADVANCED_FACE('',(#746,#260),#11856,.T.);
#12461=ADVANCED_FACE('',(#747,#261),#11857,.T.);
#12462=ADVANCED_FACE('',(#748),#133,.F.);
#12463=ADVANCED_FACE('',(#749,#262),#11858,.T.);
#12464=ADVANCED_FACE('',(#750,#263),#11859,.T.);
#12465=ADVANCED_FACE('',(#751),#134,.F.);
#12466=ADVANCED_FACE('',(#752),#11860,.T.);
#12467=ADVANCED_FACE('',(#753),#11861,.T.);
#12468=ADVANCED_FACE('',(#754),#11862,.T.);
#12469=ADVANCED_FACE('',(#755),#11863,.T.);
#12470=ADVANCED_FACE('',(#756),#11864,.F.);
#12471=ADVANCED_FACE('',(#757),#11865,.F.);
#12472=ADVANCED_FACE('',(#758),#11866,.T.);
#12473=ADVANCED_FACE('',(#759),#11867,.F.);
#12474=ADVANCED_FACE('',(#760,#264),#11868,.T.);
#12475=ADVANCED_FACE('',(#761),#11869,.F.);
#12476=ADVANCED_FACE('',(#762),#11870,.F.);
#12477=ADVANCED_FACE('',(#763,#265),#11871,.T.);
#12478=ADVANCED_FACE('',(#764),#11872,.F.);
#12479=ADVANCED_FACE('',(#765),#11873,.F.);
#12480=ADVANCED_FACE('',(#766),#11874,.F.);
#12481=ADVANCED_FACE('',(#767),#11875,.F.);
#12482=ADVANCED_FACE('',(#768),#135,.F.);
#12483=ADVANCED_FACE('',(#769),#11876,.T.);
#12484=ADVANCED_FACE('',(#770),#11877,.F.);
#12485=ADVANCED_FACE('',(#771),#11878,.F.);
#12486=ADVANCED_FACE('',(#772),#11879,.T.);
#12487=ADVANCED_FACE('',(#773),#11880,.T.);
#12488=ADVANCED_FACE('',(#774),#11881,.T.);
#12489=ADVANCED_FACE('',(#775),#11882,.T.);
#12490=ADVANCED_FACE('',(#776),#11883,.F.);
#12491=ADVANCED_FACE('',(#777),#11884,.T.);
#12492=ADVANCED_FACE('',(#778),#136,.T.);
#12493=ADVANCED_FACE('',(#779),#11885,.F.);
#12494=ADVANCED_FACE('',(#780),#11886,.F.);
#12495=ADVANCED_FACE('',(#781),#11887,.T.);
#12496=ADVANCED_FACE('',(#782),#11888,.T.);
#12497=ADVANCED_FACE('',(#783,#266),#11889,.T.);
#12498=ADVANCED_FACE('',(#784,#267),#11890,.T.);
#12499=ADVANCED_FACE('',(#785),#137,.F.);
#12500=ADVANCED_FACE('',(#786,#268),#11891,.T.);
#12501=ADVANCED_FACE('',(#787,#269),#11892,.T.);
#12502=ADVANCED_FACE('',(#788),#138,.F.);
#12503=ADVANCED_FACE('',(#789,#270),#11893,.T.);
#12504=ADVANCED_FACE('',(#790,#271),#11894,.T.);
#12505=ADVANCED_FACE('',(#791),#139,.F.);
#12506=ADVANCED_FACE('',(#792),#140,.F.);
#12507=ADVANCED_FACE('',(#793),#11895,.T.);
#12508=ADVANCED_FACE('',(#794),#11896,.T.);
#12509=ADVANCED_FACE('',(#795),#11897,.T.);
#12510=ADVANCED_FACE('',(#796),#11898,.F.);
#12511=ADVANCED_FACE('',(#797),#11899,.F.);
#12512=ADVANCED_FACE('',(#798),#11900,.T.);
#12513=ADVANCED_FACE('',(#799),#11901,.T.);
#12514=ADVANCED_FACE('',(#800),#11902,.T.);
#12515=ADVANCED_FACE('',(#801),#11903,.F.);
#12516=ADVANCED_FACE('',(#802),#11904,.F.);
#12517=ADVANCED_FACE('',(#803),#11905,.T.);
#12518=ADVANCED_FACE('',(#804),#11906,.T.);
#12519=ADVANCED_FACE('',(#805),#11907,.T.);
#12520=ADVANCED_FACE('',(#806),#11908,.T.);
#12521=ADVANCED_FACE('',(#807),#11909,.T.);
#12522=ADVANCED_FACE('',(#808),#11910,.T.);
#12523=ADVANCED_FACE('',(#809),#11911,.T.);
#12524=ADVANCED_FACE('',(#810),#11912,.T.);
#12525=ADVANCED_FACE('',(#811),#11913,.T.);
#12526=ADVANCED_FACE('',(#812),#11914,.T.);
#12527=ADVANCED_FACE('',(#813),#11915,.T.);
#12528=ADVANCED_FACE('',(#814),#11916,.T.);
#12529=ADVANCED_FACE('',(#815),#11917,.T.);
#12530=ADVANCED_FACE('',(#816),#11918,.F.);
#12531=ADVANCED_FACE('',(#817),#11919,.T.);
#12532=ADVANCED_FACE('',(#818),#11920,.T.);
#12533=ADVANCED_FACE('',(#819),#11921,.T.);
#12534=ADVANCED_FACE('',(#820),#11922,.T.);
#12535=ADVANCED_FACE('',(#821),#11923,.T.);
#12536=ADVANCED_FACE('',(#822),#11924,.T.);
#12537=ADVANCED_FACE('',(#823),#11925,.T.);
#12538=ADVANCED_FACE('',(#824),#11926,.T.);
#12539=ADVANCED_FACE('',(#825),#11927,.T.);
#12540=ADVANCED_FACE('',(#826),#11928,.T.);
#12541=ADVANCED_FACE('',(#827),#11929,.T.);
#12542=ADVANCED_FACE('',(#828),#11930,.T.);
#12543=ADVANCED_FACE('',(#829),#11931,.T.);
#12544=ADVANCED_FACE('',(#830),#11932,.T.);
#12545=ADVANCED_FACE('',(#831),#11933,.T.);
#12546=ADVANCED_FACE('',(#832),#11934,.T.);
#12547=ADVANCED_FACE('',(#833),#11935,.T.);
#12548=ADVANCED_FACE('',(#834),#11936,.T.);
#12549=ADVANCED_FACE('',(#835),#11937,.T.);
#12550=ADVANCED_FACE('',(#836),#11938,.T.);
#12551=ADVANCED_FACE('',(#837),#11939,.T.);
#12552=ADVANCED_FACE('',(#838),#11940,.T.);
#12553=ADVANCED_FACE('',(#839),#11941,.T.);
#12554=ADVANCED_FACE('',(#840),#11942,.T.);
#12555=ADVANCED_FACE('',(#841),#11943,.T.);
#12556=ADVANCED_FACE('',(#842),#11944,.T.);
#12557=ADVANCED_FACE('',(#843),#11945,.T.);
#12558=ADVANCED_FACE('',(#844),#11946,.T.);
#12559=ADVANCED_FACE('',(#845),#11947,.T.);
#12560=ADVANCED_FACE('',(#846),#11948,.T.);
#12561=ADVANCED_FACE('',(#847),#11949,.T.);
#12562=ADVANCED_FACE('',(#848),#11950,.T.);
#12563=ADVANCED_FACE('',(#849),#11951,.T.);
#12564=ADVANCED_FACE('',(#850),#11952,.T.);
#12565=ADVANCED_FACE('',(#851),#11953,.F.);
#12566=ADVANCED_FACE('',(#852),#11954,.F.);
#12567=ADVANCED_FACE('',(#853),#11955,.T.);
#12568=ADVANCED_FACE('',(#854),#11956,.T.);
#12569=ADVANCED_FACE('',(#855),#11957,.T.);
#12570=ADVANCED_FACE('',(#856),#11958,.T.);
#12571=ADVANCED_FACE('',(#857),#11959,.F.);
#12572=ADVANCED_FACE('',(#858),#11960,.T.);
#12573=ADVANCED_FACE('',(#859),#11961,.F.);
#12574=ADVANCED_FACE('',(#860),#11962,.T.);
#12575=ADVANCED_FACE('',(#861),#141,.T.);
#12576=ADVANCED_FACE('',(#862),#11963,.T.);
#12577=ADVANCED_FACE('',(#863),#11964,.T.);
#12578=ADVANCED_FACE('',(#864),#11965,.F.);
#12579=ADVANCED_FACE('',(#865),#11966,.T.);
#12580=ADVANCED_FACE('',(#866),#11967,.F.);
#12581=ADVANCED_FACE('',(#867),#11968,.F.);
#12582=ADVANCED_FACE('',(#868,#272),#11969,.T.);
#12583=ADVANCED_FACE('',(#869),#11970,.F.);
#12584=ADVANCED_FACE('',(#870),#11971,.F.);
#12585=ADVANCED_FACE('',(#871),#11972,.F.);
#12586=ADVANCED_FACE('',(#872),#11973,.F.);
#12587=ADVANCED_FACE('',(#873),#142,.F.);
#12588=ADVANCED_FACE('',(#874),#11974,.T.);
#12589=ADVANCED_FACE('',(#875),#11975,.T.);
#12590=ADVANCED_FACE('',(#876),#11976,.T.);
#12591=ADVANCED_FACE('',(#877),#11977,.T.);
#12592=ADVANCED_FACE('',(#878),#11978,.T.);
#12593=ADVANCED_FACE('',(#879),#11979,.F.);
#12594=ADVANCED_FACE('',(#880),#11980,.T.);
#12595=ADVANCED_FACE('',(#881),#11981,.T.);
#12596=ADVANCED_FACE('',(#882),#11982,.T.);
#12597=ADVANCED_FACE('',(#883),#11983,.T.);
#12598=ADVANCED_FACE('',(#884),#11984,.T.);
#12599=ADVANCED_FACE('',(#885),#11985,.F.);
#12600=ADVANCED_FACE('',(#886),#11986,.F.);
#12601=ADVANCED_FACE('',(#887),#143,.F.);
#12602=ADVANCED_FACE('',(#888),#11987,.F.);
#12603=ADVANCED_FACE('',(#889),#11988,.F.);
#12604=ADVANCED_FACE('',(#890),#11989,.F.);
#12605=ADVANCED_FACE('',(#891),#144,.F.);
#12606=ADVANCED_FACE('',(#892),#11990,.F.);
#12607=ADVANCED_FACE('',(#893),#145,.F.);
#12608=ADVANCED_FACE('',(#894),#146,.F.);
#12609=ADVANCED_FACE('',(#895),#147,.F.);
#12610=ADVANCED_FACE('',(#896),#148,.F.);
#12611=ADVANCED_FACE('',(#897),#149,.F.);
#12612=ADVANCED_FACE('',(#898),#150,.F.);
#12613=ADVANCED_FACE('',(#899),#151,.F.);
#12614=ADVANCED_FACE('',(#900),#152,.F.);
#12615=ADVANCED_FACE('',(#901),#153,.F.);
#12616=ADVANCED_FACE('',(#902),#154,.F.);
#12617=ADVANCED_FACE('',(#903),#155,.F.);
#12618=ADVANCED_FACE('',(#904),#156,.F.);
#12619=ADVANCED_FACE('',(#905),#157,.F.);
#12620=ADVANCED_FACE('',(#906),#158,.F.);
#12621=ADVANCED_FACE('',(#907),#159,.F.);
#12622=ADVANCED_FACE('',(#908),#160,.F.);
#12623=ADVANCED_FACE('',(#909),#11991,.F.);
#12624=ADVANCED_FACE('',(#910),#11992,.F.);
#12625=ADVANCED_FACE('',(#911),#11993,.F.);
#12626=ADVANCED_FACE('',(#912),#11994,.F.);
#12627=ADVANCED_FACE('',(#913),#11995,.F.);
#12628=ADVANCED_FACE('',(#914),#11996,.F.);
#12629=ADVANCED_FACE('',(#915),#11997,.F.);
#12630=ADVANCED_FACE('',(#916),#11998,.F.);
#12631=ADVANCED_FACE('',(#917),#11999,.F.);
#12632=ADVANCED_FACE('',(#918),#12000,.F.);
#12633=ADVANCED_FACE('',(#919,#273,#274,#275,#276,#277,#278,#279,#280),
#12001,.F.);
#12634=ADVANCED_FACE('',(#920),#12002,.F.);
#12635=ADVANCED_FACE('',(#921),#12003,.F.);
#12636=ADVANCED_FACE('',(#922),#12004,.F.);
#12637=ADVANCED_FACE('',(#923,#281),#12005,.F.);
#12638=ADVANCED_FACE('',(#924,#282),#12006,.F.);
#12639=ADVANCED_FACE('',(#925),#12007,.F.);
#12640=ADVANCED_FACE('',(#926),#12008,.F.);
#12641=ADVANCED_FACE('',(#927),#12009,.F.);
#12642=ADVANCED_FACE('',(#928,#283,#284,#285,#286,#287,#288,#289,#290),
#12010,.F.);
#12643=ADVANCED_FACE('',(#929),#12011,.T.);
#12644=ADVANCED_FACE('',(#930),#12012,.T.);
#12645=ADVANCED_FACE('',(#931,#291,#292,#293,#294,#295,#296,#297,#298),
#12013,.T.);
#12646=ADVANCED_FACE('',(#932),#12014,.T.);
#12647=ADVANCED_FACE('',(#933),#12015,.T.);
#12648=ADVANCED_FACE('',(#934),#12016,.T.);
#12649=ADVANCED_FACE('',(#935,#299),#12017,.T.);
#12650=ADVANCED_FACE('',(#936,#300),#12018,.T.);
#12651=ADVANCED_FACE('',(#937),#12019,.T.);
#12652=ADVANCED_FACE('',(#938),#12020,.T.);
#12653=ADVANCED_FACE('',(#939),#12021,.T.);
#12654=ADVANCED_FACE('',(#940,#301,#302,#303,#304,#305,#306,#307,#308),
#12022,.T.);
#12655=ADVANCED_FACE('',(#941,#309),#12023,.T.);
#12656=ADVANCED_FACE('',(#942,#310),#12024,.T.);
#12657=CLOSED_SHELL('',(#12025,#12026,#12027,#12028,#12029,#12030,#12031,
#12032,#12033,#12034,#12035,#12036,#12037,#12038,#12039,#12040,#12041,#12042,
#12043,#12044,#12045,#12046,#12047,#12048,#12049,#12050,#12051,#12052,#12053,
#12054,#12055,#12056,#12057,#12058,#12059,#12060,#12061,#12062,#12063,#12064,
#12065,#12066,#12067,#12068,#12069,#12070,#12071,#12072,#12073,#12074,#12075,
#12076,#12077,#12078,#12079,#12080,#12081,#12082,#12083,#12084,#12085,#12086,
#12087,#12088,#12089,#12090,#12091,#12092,#12093,#12094,#12095,#12096,#12097,
#12098,#12099,#12100,#12101,#12102,#12103,#12104,#12105,#12106,#12107,#12108,
#12109,#12110,#12111,#12112,#12113,#12114,#12115,#12116,#12117,#12118,#12119,
#12120,#12121,#12122,#12123,#12124,#12125,#12126,#12127,#12128,#12129,#12130,
#12131,#12132,#12133,#12134,#12135,#12136,#12137,#12138,#12139,#12140,#12141,
#12142,#12143,#12144,#12145,#12146,#12147,#12148,#12149,#12150,#12151,#12152,
#12153,#12154,#12155,#12156,#12157,#12158,#12159,#12160,#12161,#12162,#12163,
#12164,#12165,#12166,#12167,#12168,#12169,#12170,#12171,#12172,#12173,#12174,
#12175,#12176,#12177,#12178,#12179,#12180,#12181,#12182,#12183,#12184,#12185,
#12186,#12187,#12188,#12189,#12190,#12191,#12192,#12193,#12194,#12195,#12196,
#12197,#12198,#12199,#12200,#12201,#12202,#12203,#12204,#12205,#12206,#12207,
#12208,#12209,#12210,#12211,#12212,#12213,#12214,#12215,#12216,#12217,#12218,
#12219,#12220,#12221,#12222,#12223,#12224,#12225,#12226,#12227,#12228,#12229,
#12230,#12231,#12232,#12233,#12234,#12235,#12236,#12237,#12238,#12239,#12240,
#12241,#12242,#12243,#12244,#12245,#12246,#12247,#12248,#12249,#12250,#12251,
#12252,#12253,#12254,#12255,#12256,#12257,#12258,#12259,#12260,#12261,#12262,
#12263,#12264,#12265,#12266,#12267,#12268,#12269,#12270,#12271,#12272,#12273,
#12274,#12275,#12276,#12277,#12278,#12279,#12280,#12281,#12282,#12283,#12284,
#12285,#12286,#12287,#12288,#12289,#12290,#12291,#12292,#12293,#12294,#12295,
#12296,#12297,#12298,#12299,#12300,#12301,#12302,#12303,#12304,#12305,#12306,
#12307,#12308,#12309,#12310,#12311,#12312,#12313,#12314,#12315,#12316,#12317,
#12318,#12319,#12320,#12321,#12322,#12323,#12324,#12325,#12326,#12327,#12328,
#12329,#12330,#12331,#12332,#12333,#12334,#12335,#12336,#12337,#12338,#12339,
#12340,#12341,#12342,#12343,#12344,#12345,#12346,#12347,#12348,#12349,#12350,
#12351,#12352,#12353,#12354,#12355,#12356,#12357,#12358,#12359,#12360,#12361,
#12362,#12363,#12364,#12365,#12366,#12367,#12368,#12369,#12370,#12371,#12372,
#12373,#12374,#12375,#12376,#12377,#12378,#12379,#12380));
#12658=CLOSED_SHELL('',(#12381,#12382,#12383,#12384,#12385,#12386,#12387,
#12388,#12389,#12390,#12391,#12392,#12393,#12394,#12395,#12396,#12397,#12398,
#12399,#12400,#12401,#12402,#12403,#12404,#12405,#12406,#12407,#12408,#12409,
#12410,#12411,#12412,#12413,#12414,#12415,#12416,#12417,#12418,#12419,#12420,
#12421,#12422,#12423,#12424,#12425,#12426,#12427,#12428,#12429,#12430,#12431,
#12432,#12433,#12434,#12435,#12436,#12437,#12438,#12439,#12440,#12441,#12442,
#12443,#12444,#12445,#12446,#12447,#12448,#12449,#12450,#12451,#12452,#12453,
#12454,#12455,#12456,#12457,#12458,#12459,#12460,#12461,#12462,#12463,#12464,
#12465,#12466,#12467,#12468,#12469,#12470,#12471,#12472,#12473,#12474,#12475,
#12476,#12477,#12478,#12479,#12480,#12481,#12482,#12483,#12484,#12485,#12486,
#12487,#12488,#12489,#12490,#12491,#12492,#12493,#12494,#12495,#12496,#12497,
#12498,#12499,#12500,#12501,#12502,#12503,#12504,#12505,#12506,#12507,#12508,
#12509,#12510,#12511,#12512,#12513,#12514,#12515,#12516,#12517,#12518,#12519,
#12520,#12521,#12522,#12523,#12524,#12525,#12526,#12527,#12528,#12529,#12530,
#12531,#12532,#12533,#12534,#12535,#12536,#12537,#12538,#12539,#12540,#12541,
#12542,#12543,#12544,#12545,#12546,#12547,#12548,#12549,#12550,#12551,#12552,
#12553,#12554,#12555,#12556,#12557,#12558,#12559,#12560,#12561,#12562,#12563,
#12564,#12565,#12566,#12567,#12568,#12569,#12570,#12571,#12572,#12573,#12574,
#12575,#12576,#12577,#12578,#12579,#12580,#12581,#12582,#12583,#12584,#12585,
#12586,#12587,#12588,#12589,#12590,#12591,#12592,#12593,#12594,#12595,#12596,
#12597,#12598,#12599,#12600,#12601,#12602,#12603,#12604,#12605,#12606));
#12659=CLOSED_SHELL('',(#12607,#12608,#12609,#12610,#12611,#12612,#12613,
#12614,#12615,#12616,#12617,#12618,#12619,#12620,#12621,#12622,#12623,#12624,
#12625,#12626,#12627,#12628,#12629,#12630,#12631,#12632,#12633,#12634,#12635,
#12636,#12637,#12638,#12639,#12640,#12641,#12642,#12643,#12644,#12645,#12646,
#12647,#12648,#12649,#12650,#12651,#12652,#12653,#12654,#12655,#12656));
#12660=DERIVED_UNIT_ELEMENT(#12664,1.);
#12661=DERIVED_UNIT_ELEMENT(#20490,-3.);
#12662=DERIVED_UNIT_ELEMENT(#12664,1.);
#12663=DERIVED_UNIT_ELEMENT(#20490,-3.);
#12664=(
MASS_UNIT()
NAMED_UNIT(*)
SI_UNIT(.KILO.,.GRAM.)
);
#12665=DERIVED_UNIT((#12660,#12661));
#12666=DERIVED_UNIT((#12662,#12663));
#12667=MEASURE_REPRESENTATION_ITEM('density measure',
POSITIVE_RATIO_MEASURE(7850.),#12665);
#12668=MEASURE_REPRESENTATION_ITEM('density measure',
POSITIVE_RATIO_MEASURE(7850.),#12666);
#12669=PROPERTY_DEFINITION_REPRESENTATION(#12679,#12673);
#12670=PROPERTY_DEFINITION_REPRESENTATION(#12680,#12674);
#12671=PROPERTY_DEFINITION_REPRESENTATION(#12681,#12675);
#12672=PROPERTY_DEFINITION_REPRESENTATION(#12682,#12676);
#12673=REPRESENTATION('material name',(#12677),#20486);
#12674=REPRESENTATION('density',(#12667),#20486);
#12675=REPRESENTATION('material name',(#12678),#20487);
#12676=REPRESENTATION('density',(#12668),#20487);
#12677=DESCRIPTIVE_REPRESENTATION_ITEM('Steel','Steel');
#12678=DESCRIPTIVE_REPRESENTATION_ITEM('Steel','Steel');
#12679=PROPERTY_DEFINITION('material property','material name',#20506);
#12680=PROPERTY_DEFINITION('material property','density of part',#20506);
#12681=PROPERTY_DEFINITION('material property','material name',#20507);
#12682=PROPERTY_DEFINITION('material property','density of part',#20507);
#12683=AXIS2_PLACEMENT_3D('',#16890,#13580,#13581);
#12684=AXIS2_PLACEMENT_3D('',#16891,#13582,#13583);
#12685=AXIS2_PLACEMENT_3D('',#16892,#13584,#13585);
#12686=AXIS2_PLACEMENT_3D('',#16901,#13589,#13590);
#12687=AXIS2_PLACEMENT_3D('',#16914,#13597,#13598);
#12688=AXIS2_PLACEMENT_3D('',#16916,#13599,#13600);
#12689=AXIS2_PLACEMENT_3D('',#16918,#13601,#13602);
#12690=AXIS2_PLACEMENT_3D('',#16920,#13603,#13604);
#12691=AXIS2_PLACEMENT_3D('',#16922,#13605,#13606);
#12692=AXIS2_PLACEMENT_3D('',#16924,#13607,#13608);
#12693=AXIS2_PLACEMENT_3D('',#16926,#13609,#13610);
#12694=AXIS2_PLACEMENT_3D('',#16927,#13611,#13612);
#12695=AXIS2_PLACEMENT_3D('',#16930,#13614,#13615);
#12696=AXIS2_PLACEMENT_3D('',#16931,#13616,#13617);
#12697=AXIS2_PLACEMENT_3D('',#16933,#13618,#13619);
#12698=AXIS2_PLACEMENT_3D('',#16936,#13621,#13622);
#12699=AXIS2_PLACEMENT_3D('',#16937,#13623,#13624);
#12700=AXIS2_PLACEMENT_3D('',#16970,#13640,#13641);
#12701=AXIS2_PLACEMENT_3D('',#16975,#13644,#13645);
#12702=AXIS2_PLACEMENT_3D('',#16977,#13646,#13647);
#12703=AXIS2_PLACEMENT_3D('',#16979,#13648,#13649);
#12704=AXIS2_PLACEMENT_3D('',#16981,#13650,#13651);
#12705=AXIS2_PLACEMENT_3D('',#16983,#13652,#13653);
#12706=AXIS2_PLACEMENT_3D('',#16985,#13654,#13655);
#12707=AXIS2_PLACEMENT_3D('',#16986,#13656,#13657);
#12708=AXIS2_PLACEMENT_3D('',#16989,#13659,#13660);
#12709=AXIS2_PLACEMENT_3D('',#16990,#13661,#13662);
#12710=AXIS2_PLACEMENT_3D('',#16992,#13663,#13664);
#12711=AXIS2_PLACEMENT_3D('',#16995,#13666,#13667);
#12712=AXIS2_PLACEMENT_3D('',#16996,#13668,#13669);
#12713=AXIS2_PLACEMENT_3D('',#16998,#13670,#13671);
#12714=AXIS2_PLACEMENT_3D('',#17000,#13672,#13673);
#12715=AXIS2_PLACEMENT_3D('',#17001,#13674,#13675);
#12716=AXIS2_PLACEMENT_3D('',#17003,#13676,#13677);
#12717=AXIS2_PLACEMENT_3D('',#17004,#13678,#13679);
#12718=AXIS2_PLACEMENT_3D('',#17006,#13680,#13681);
#12719=AXIS2_PLACEMENT_3D('',#17008,#13682,#13683);
#12720=AXIS2_PLACEMENT_3D('',#17009,#13684,#13685);
#12721=AXIS2_PLACEMENT_3D('',#17011,#13686,#13687);
#12722=AXIS2_PLACEMENT_3D('',#17013,#13688,#13689);
#12723=AXIS2_PLACEMENT_3D('',#17014,#13690,#13691);
#12724=AXIS2_PLACEMENT_3D('',#17017,#13693,#13694);
#12725=AXIS2_PLACEMENT_3D('',#17018,#13695,#13696);
#12726=AXIS2_PLACEMENT_3D('',#17020,#13697,#13698);
#12727=AXIS2_PLACEMENT_3D('',#17021,#13699,#13700);
#12728=AXIS2_PLACEMENT_3D('',#17023,#13701,#13702);
#12729=AXIS2_PLACEMENT_3D('',#17025,#13703,#13704);
#12730=AXIS2_PLACEMENT_3D('',#17026,#13705,#13706);
#12731=AXIS2_PLACEMENT_3D('',#17028,#13707,#13708);
#12732=AXIS2_PLACEMENT_3D('',#17030,#13709,#13710);
#12733=AXIS2_PLACEMENT_3D('',#17031,#13711,#13712);
#12734=AXIS2_PLACEMENT_3D('',#17033,#13713,#13714);
#12735=AXIS2_PLACEMENT_3D('',#17035,#13715,#13716);
#12736=AXIS2_PLACEMENT_3D('',#17036,#13717,#13718);
#12737=AXIS2_PLACEMENT_3D('',#17038,#13720,#13721);
#12738=AXIS2_PLACEMENT_3D('',#17040,#13723,#13724);
#12739=AXIS2_PLACEMENT_3D('',#17042,#13726,#13727);
#12740=AXIS2_PLACEMENT_3D('',#17044,#13728,#13729);
#12741=AXIS2_PLACEMENT_3D('',#17046,#13730,#13731);
#12742=AXIS2_PLACEMENT_3D('',#17047,#13732,#13733);
#12743=AXIS2_PLACEMENT_3D('',#17048,#13734,#13735);
#12744=AXIS2_PLACEMENT_3D('',#17050,#13737,#13738);
#12745=AXIS2_PLACEMENT_3D('',#17052,#13739,#13740);
#12746=AXIS2_PLACEMENT_3D('',#17054,#13741,#13742);
#12747=AXIS2_PLACEMENT_3D('',#17055,#13743,#13744);
#12748=AXIS2_PLACEMENT_3D('',#17056,#13745,#13746);
#12749=AXIS2_PLACEMENT_3D('',#17058,#13748,#13749);
#12750=AXIS2_PLACEMENT_3D('',#17060,#13750,#13751);
#12751=AXIS2_PLACEMENT_3D('',#17062,#13752,#13753);
#12752=AXIS2_PLACEMENT_3D('',#17063,#13754,#13755);
#12753=AXIS2_PLACEMENT_3D('',#17064,#13756,#13757);
#12754=AXIS2_PLACEMENT_3D('',#17066,#13759,#13760);
#12755=AXIS2_PLACEMENT_3D('',#17068,#13761,#13762);
#12756=AXIS2_PLACEMENT_3D('',#17070,#13763,#13764);
#12757=AXIS2_PLACEMENT_3D('',#17071,#13765,#13766);
#12758=AXIS2_PLACEMENT_3D('',#17072,#13767,#13768);
#12759=AXIS2_PLACEMENT_3D('',#17074,#13770,#13771);
#12760=AXIS2_PLACEMENT_3D('',#17076,#13772,#13773);
#12761=AXIS2_PLACEMENT_3D('',#17077,#13774,#13775);
#12762=AXIS2_PLACEMENT_3D('',#17079,#13776,#13777);
#12763=AXIS2_PLACEMENT_3D('',#17081,#13778,#13779);
#12764=AXIS2_PLACEMENT_3D('',#17082,#13780,#13781);
#12765=AXIS2_PLACEMENT_3D('',#17084,#13782,#13783);
#12766=AXIS2_PLACEMENT_3D('',#17086,#13784,#13785);
#12767=AXIS2_PLACEMENT_3D('',#17087,#13786,#13787);
#12768=AXIS2_PLACEMENT_3D('',#17089,#13788,#13789);
#12769=AXIS2_PLACEMENT_3D('',#17091,#13790,#13791);
#12770=AXIS2_PLACEMENT_3D('',#17092,#13792,#13793);
#12771=AXIS2_PLACEMENT_3D('',#17095,#13795,#13796);
#12772=AXIS2_PLACEMENT_3D('',#17096,#13797,#13798);
#12773=AXIS2_PLACEMENT_3D('',#17098,#13799,#13800);
#12774=AXIS2_PLACEMENT_3D('',#17099,#13801,#13802);
#12775=AXIS2_PLACEMENT_3D('',#17101,#13803,#13804);
#12776=AXIS2_PLACEMENT_3D('',#17103,#13805,#13806);
#12777=AXIS2_PLACEMENT_3D('',#17104,#13807,#13808);
#12778=AXIS2_PLACEMENT_3D('',#17106,#13809,#13810);
#12779=AXIS2_PLACEMENT_3D('',#17108,#13811,#13812);
#12780=AXIS2_PLACEMENT_3D('',#17109,#13813,#13814);
#12781=AXIS2_PLACEMENT_3D('',#17111,#13815,#13816);
#12782=AXIS2_PLACEMENT_3D('',#17113,#13817,#13818);
#12783=AXIS2_PLACEMENT_3D('',#17114,#13819,#13820);
#12784=AXIS2_PLACEMENT_3D('',#17116,#13822,#13823);
#12785=AXIS2_PLACEMENT_3D('',#17118,#13825,#13826);
#12786=AXIS2_PLACEMENT_3D('',#17120,#13828,#13829);
#12787=AXIS2_PLACEMENT_3D('',#17122,#13830,#13831);
#12788=AXIS2_PLACEMENT_3D('',#17124,#13832,#13833);
#12789=AXIS2_PLACEMENT_3D('',#17125,#13834,#13835);
#12790=AXIS2_PLACEMENT_3D('',#17126,#13836,#13837);
#12791=AXIS2_PLACEMENT_3D('',#17129,#13839,#13840);
#12792=AXIS2_PLACEMENT_3D('',#17130,#13841,#13842);
#12793=AXIS2_PLACEMENT_3D('',#17143,#13848,#13849);
#12794=AXIS2_PLACEMENT_3D('',#17152,#13854,#13855);
#12795=AXIS2_PLACEMENT_3D('',#17154,#13856,#13857);
#12796=AXIS2_PLACEMENT_3D('',#17156,#13858,#13859);
#12797=AXIS2_PLACEMENT_3D('',#17158,#13860,#13861);
#12798=AXIS2_PLACEMENT_3D('',#17160,#13862,#13863);
#12799=AXIS2_PLACEMENT_3D('',#17161,#13864,#13865);
#12800=AXIS2_PLACEMENT_3D('',#17164,#13866,#13867);
#12801=AXIS2_PLACEMENT_3D('',#17166,#13869,#13870);
#12802=AXIS2_PLACEMENT_3D('',#17167,#13871,#13872);
#12803=AXIS2_PLACEMENT_3D('',#17168,#13873,#13874);
#12804=AXIS2_PLACEMENT_3D('',#17169,#13875,#13876);
#12805=AXIS2_PLACEMENT_3D('',#17172,#13877,#13878);
#12806=AXIS2_PLACEMENT_3D('',#17174,#13880,#13881);
#12807=AXIS2_PLACEMENT_3D('',#17175,#13882,#13883);
#12808=AXIS2_PLACEMENT_3D('',#17176,#13884,#13885);
#12809=AXIS2_PLACEMENT_3D('',#17177,#13886,#13887);
#12810=AXIS2_PLACEMENT_3D('',#17180,#13888,#13889);
#12811=AXIS2_PLACEMENT_3D('',#17182,#13891,#13892);
#12812=AXIS2_PLACEMENT_3D('',#17183,#13893,#13894);
#12813=AXIS2_PLACEMENT_3D('',#17184,#13895,#13896);
#12814=AXIS2_PLACEMENT_3D('',#17185,#13897,#13898);
#12815=AXIS2_PLACEMENT_3D('',#17191,#13902,#13903);
#12816=AXIS2_PLACEMENT_3D('',#17194,#13906,#13907);
#12817=AXIS2_PLACEMENT_3D('',#17199,#13909,#13910);
#12818=AXIS2_PLACEMENT_3D('',#17209,#13916,#13917);
#12819=AXIS2_PLACEMENT_3D('',#17210,#13918,#13919);
#12820=AXIS2_PLACEMENT_3D('',#17215,#13921,#13922);
#12821=AXIS2_PLACEMENT_3D('',#17227,#13929,#13930);
#12822=AXIS2_PLACEMENT_3D('',#17228,#13931,#13932);
#12823=AXIS2_PLACEMENT_3D('',#17234,#13936,#13937);
#12824=AXIS2_PLACEMENT_3D('',#17236,#13938,#13939);
#12825=AXIS2_PLACEMENT_3D('',#17238,#13941,#13942);
#12826=AXIS2_PLACEMENT_3D('',#17240,#13944,#13945);
#12827=AXIS2_PLACEMENT_3D('',#17257,#13954,#13955);
#12828=AXIS2_PLACEMENT_3D('',#17258,#13956,#13957);
#12829=AXIS2_PLACEMENT_3D('',#17281,#13968,#13969);
#12830=AXIS2_PLACEMENT_3D('',#17284,#13971,#13972);
#12831=AXIS2_PLACEMENT_3D('',#17285,#13973,#13974);
#12832=AXIS2_PLACEMENT_3D('',#17296,#13980,#13981);
#12833=AXIS2_PLACEMENT_3D('',#17297,#13982,#13983);
#12834=AXIS2_PLACEMENT_3D('',#17339,#14004,#14005);
#12835=AXIS2_PLACEMENT_3D('',#17343,#14007,#14008);
#12836=AXIS2_PLACEMENT_3D('',#17347,#14010,#14011);
#12837=AXIS2_PLACEMENT_3D('',#17350,#14013,#14014);
#12838=AXIS2_PLACEMENT_3D('',#17351,#14015,#14016);
#12839=AXIS2_PLACEMENT_3D('',#17365,#14024,#14025);
#12840=AXIS2_PLACEMENT_3D('',#17368,#14027,#14028);
#12841=AXIS2_PLACEMENT_3D('',#17369,#14029,#14030);
#12842=AXIS2_PLACEMENT_3D('',#17373,#14033,#14034);
#12843=AXIS2_PLACEMENT_3D('',#17376,#14036,#14037);
#12844=AXIS2_PLACEMENT_3D('',#17377,#14038,#14039);
#12845=AXIS2_PLACEMENT_3D('',#17389,#14046,#14047);
#12846=AXIS2_PLACEMENT_3D('',#17394,#14049,#14050);
#12847=AXIS2_PLACEMENT_3D('',#17398,#14052,#14053);
#12848=AXIS2_PLACEMENT_3D('',#17404,#14056,#14057);
#12849=AXIS2_PLACEMENT_3D('',#17408,#14059,#14060);
#12850=AXIS2_PLACEMENT_3D('',#17420,#14066,#14067);
#12851=AXIS2_PLACEMENT_3D('',#17424,#14069,#14070);
#12852=AXIS2_PLACEMENT_3D('',#17430,#14073,#14074);
#12853=AXIS2_PLACEMENT_3D('',#17434,#14076,#14077);
#12854=AXIS2_PLACEMENT_3D('',#17438,#14079,#14080);
#12855=AXIS2_PLACEMENT_3D('',#17442,#14082,#14083);
#12856=AXIS2_PLACEMENT_3D('',#17452,#14089,#14090);
#12857=AXIS2_PLACEMENT_3D('',#17455,#14092,#14093);
#12858=AXIS2_PLACEMENT_3D('',#17457,#14094,#14095);
#12859=AXIS2_PLACEMENT_3D('',#17459,#14096,#14097);
#12860=AXIS2_PLACEMENT_3D('',#17461,#14098,#14099);
#12861=AXIS2_PLACEMENT_3D('',#17463,#14100,#14101);
#12862=AXIS2_PLACEMENT_3D('',#17465,#14102,#14103);
#12863=AXIS2_PLACEMENT_3D('',#17467,#14104,#14105);
#12864=AXIS2_PLACEMENT_3D('',#17469,#14106,#14107);
#12865=AXIS2_PLACEMENT_3D('',#17471,#14108,#14109);
#12866=AXIS2_PLACEMENT_3D('',#17473,#14110,#14111);
#12867=AXIS2_PLACEMENT_3D('',#17475,#14112,#14113);
#12868=AXIS2_PLACEMENT_3D('',#17477,#14114,#14115);
#12869=AXIS2_PLACEMENT_3D('',#17479,#14116,#14117);
#12870=AXIS2_PLACEMENT_3D('',#17480,#14118,#14119);
#12871=AXIS2_PLACEMENT_3D('',#17482,#14120,#14121);
#12872=AXIS2_PLACEMENT_3D('',#17485,#14123,#14124);
#12873=AXIS2_PLACEMENT_3D('',#17486,#14125,#14126);
#12874=AXIS2_PLACEMENT_3D('',#17487,#14127,#14128);
#12875=AXIS2_PLACEMENT_3D('',#17489,#14129,#14130);
#12876=AXIS2_PLACEMENT_3D('',#17491,#14132,#14133);
#12877=AXIS2_PLACEMENT_3D('',#17504,#14140,#14141);
#12878=AXIS2_PLACEMENT_3D('',#17510,#14145,#14146);
#12879=AXIS2_PLACEMENT_3D('',#17514,#14149,#14150);
#12880=AXIS2_PLACEMENT_3D('',#17518,#14153,#14154);
#12881=AXIS2_PLACEMENT_3D('',#17522,#14157,#14158);
#12882=AXIS2_PLACEMENT_3D('',#17526,#14161,#14162);
#12883=AXIS2_PLACEMENT_3D('',#17528,#14164,#14165);
#12884=AXIS2_PLACEMENT_3D('',#17557,#14180,#14181);
#12885=AXIS2_PLACEMENT_3D('',#17586,#14196,#14197);
#12886=AXIS2_PLACEMENT_3D('',#17615,#14212,#14213);
#12887=AXIS2_PLACEMENT_3D('',#17644,#14228,#14229);
#12888=AXIS2_PLACEMENT_3D('',#17661,#14238,#14239);
#12889=AXIS2_PLACEMENT_3D('',#17690,#14254,#14255);
#12890=AXIS2_PLACEMENT_3D('',#17719,#14270,#14271);
#12891=AXIS2_PLACEMENT_3D('',#17748,#14286,#14287);
#12892=AXIS2_PLACEMENT_3D('',#17754,#14291,#14292);
#12893=AXIS2_PLACEMENT_3D('',#17758,#14295,#14296);
#12894=AXIS2_PLACEMENT_3D('',#17762,#14299,#14300);
#12895=AXIS2_PLACEMENT_3D('',#17766,#14303,#14304);
#12896=AXIS2_PLACEMENT_3D('',#17770,#14307,#14308);
#12897=AXIS2_PLACEMENT_3D('',#17772,#14310,#14311);
#12898=AXIS2_PLACEMENT_3D('',#17774,#14312,#14313);
#12899=AXIS2_PLACEMENT_3D('',#17775,#14314,#14315);
#12900=AXIS2_PLACEMENT_3D('',#17777,#14317,#14318);
#12901=AXIS2_PLACEMENT_3D('',#17783,#14322,#14323);
#12902=AXIS2_PLACEMENT_3D('',#17787,#14326,#14327);
#12903=AXIS2_PLACEMENT_3D('',#17791,#14330,#14331);
#12904=AXIS2_PLACEMENT_3D('',#17795,#14334,#14335);
#12905=AXIS2_PLACEMENT_3D('',#17799,#14338,#14339);
#12906=AXIS2_PLACEMENT_3D('',#17801,#14341,#14342);
#12907=AXIS2_PLACEMENT_3D('',#17803,#14343,#14344);
#12908=AXIS2_PLACEMENT_3D('',#17804,#14345,#14346);
#12909=AXIS2_PLACEMENT_3D('',#17806,#14348,#14349);
#12910=AXIS2_PLACEMENT_3D('',#17812,#14353,#14354);
#12911=AXIS2_PLACEMENT_3D('',#17816,#14357,#14358);
#12912=AXIS2_PLACEMENT_3D('',#17820,#14361,#14362);
#12913=AXIS2_PLACEMENT_3D('',#17824,#14365,#14366);
#12914=AXIS2_PLACEMENT_3D('',#17828,#14369,#14370);
#12915=AXIS2_PLACEMENT_3D('',#17830,#14372,#14373);
#12916=AXIS2_PLACEMENT_3D('',#17832,#14374,#14375);
#12917=AXIS2_PLACEMENT_3D('',#17833,#14376,#14377);
#12918=AXIS2_PLACEMENT_3D('',#17835,#14379,#14380);
#12919=AXIS2_PLACEMENT_3D('',#17841,#14384,#14385);
#12920=AXIS2_PLACEMENT_3D('',#17845,#14388,#14389);
#12921=AXIS2_PLACEMENT_3D('',#17849,#14392,#14393);
#12922=AXIS2_PLACEMENT_3D('',#17853,#14396,#14397);
#12923=AXIS2_PLACEMENT_3D('',#17857,#14400,#14401);
#12924=AXIS2_PLACEMENT_3D('',#17859,#14403,#14404);
#12925=AXIS2_PLACEMENT_3D('',#17861,#14405,#14406);
#12926=AXIS2_PLACEMENT_3D('',#17862,#14407,#14408);
#12927=AXIS2_PLACEMENT_3D('',#17864,#14410,#14411);
#12928=AXIS2_PLACEMENT_3D('',#17870,#14415,#14416);
#12929=AXIS2_PLACEMENT_3D('',#17874,#14419,#14420);
#12930=AXIS2_PLACEMENT_3D('',#17878,#14423,#14424);
#12931=AXIS2_PLACEMENT_3D('',#17882,#14427,#14428);
#12932=AXIS2_PLACEMENT_3D('',#17886,#14431,#14432);
#12933=AXIS2_PLACEMENT_3D('',#17888,#14434,#14435);
#12934=AXIS2_PLACEMENT_3D('',#17890,#14436,#14437);
#12935=AXIS2_PLACEMENT_3D('',#17891,#14438,#14439);
#12936=AXIS2_PLACEMENT_3D('',#17893,#14441,#14442);
#12937=AXIS2_PLACEMENT_3D('',#17914,#14455,#14456);
#12938=AXIS2_PLACEMENT_3D('',#17918,#14459,#14460);
#12939=AXIS2_PLACEMENT_3D('',#17922,#14463,#14464);
#12940=AXIS2_PLACEMENT_3D('',#17929,#14468,#14469);
#12941=AXIS2_PLACEMENT_3D('',#17936,#14473,#14474);
#12942=AXIS2_PLACEMENT_3D('',#17943,#14478,#14479);
#12943=AXIS2_PLACEMENT_3D('',#17950,#14483,#14484);
#12944=AXIS2_PLACEMENT_3D('',#17964,#14492,#14493);
#12945=AXIS2_PLACEMENT_3D('',#17978,#14501,#14502);
#12946=AXIS2_PLACEMENT_3D('',#17995,#14511,#14512);
#12947=AXIS2_PLACEMENT_3D('',#18012,#14521,#14522);
#12948=AXIS2_PLACEMENT_3D('',#18022,#14528,#14529);
#12949=AXIS2_PLACEMENT_3D('',#18036,#14537,#14538);
#12950=AXIS2_PLACEMENT_3D('',#18053,#14547,#14548);
#12951=AXIS2_PLACEMENT_3D('',#18067,#14556,#14557);
#12952=AXIS2_PLACEMENT_3D('',#18074,#14561,#14562);
#12953=AXIS2_PLACEMENT_3D('',#18081,#14566,#14567);
#12954=AXIS2_PLACEMENT_3D('',#18088,#14571,#14572);
#12955=AXIS2_PLACEMENT_3D('',#18095,#14576,#14577);
#12956=AXIS2_PLACEMENT_3D('',#18100,#14579,#14580);
#12957=AXIS2_PLACEMENT_3D('',#18104,#14582,#14583);
#12958=AXIS2_PLACEMENT_3D('',#18110,#14586,#14587);
#12959=AXIS2_PLACEMENT_3D('',#18114,#14589,#14590);
#12960=AXIS2_PLACEMENT_3D('',#18135,#14601,#14602);
#12961=AXIS2_PLACEMENT_3D('',#18138,#14604,#14605);
#12962=AXIS2_PLACEMENT_3D('',#18139,#14606,#14607);
#12963=AXIS2_PLACEMENT_3D('',#18144,#14609,#14610);
#12964=AXIS2_PLACEMENT_3D('',#18165,#14621,#14622);
#12965=AXIS2_PLACEMENT_3D('',#18169,#14624,#14625);
#12966=AXIS2_PLACEMENT_3D('',#18175,#14628,#14629);
#12967=AXIS2_PLACEMENT_3D('',#18179,#14631,#14632);
#12968=AXIS2_PLACEMENT_3D('',#18182,#14634,#14635);
#12969=AXIS2_PLACEMENT_3D('',#18183,#14636,#14637);
#12970=AXIS2_PLACEMENT_3D('',#18189,#14641,#14642);
#12971=AXIS2_PLACEMENT_3D('',#18194,#14644,#14645);
#12972=AXIS2_PLACEMENT_3D('',#18198,#14647,#14648);
#12973=AXIS2_PLACEMENT_3D('',#18201,#14650,#14651);
#12974=AXIS2_PLACEMENT_3D('',#18221,#14666,#14667);
#12975=AXIS2_PLACEMENT_3D('',#18222,#14668,#14669);
#12976=AXIS2_PLACEMENT_3D('',#18228,#14673,#14674);
#12977=AXIS2_PLACEMENT_3D('',#18231,#14676,#14677);
#12978=AXIS2_PLACEMENT_3D('',#18232,#14678,#14679);
#12979=AXIS2_PLACEMENT_3D('',#18252,#14690,#14691);
#12980=AXIS2_PLACEMENT_3D('',#18257,#14694,#14695);
#12981=AXIS2_PLACEMENT_3D('',#18259,#14696,#14697);
#12982=AXIS2_PLACEMENT_3D('',#18261,#14698,#14699);
#12983=AXIS2_PLACEMENT_3D('',#18263,#14700,#14701);
#12984=AXIS2_PLACEMENT_3D('',#18265,#14702,#14703);
#12985=AXIS2_PLACEMENT_3D('',#18266,#14704,#14705);
#12986=AXIS2_PLACEMENT_3D('',#18268,#14707,#14708);
#12987=AXIS2_PLACEMENT_3D('',#18270,#14710,#14711);
#12988=AXIS2_PLACEMENT_3D('',#18272,#14713,#14714);
#12989=AXIS2_PLACEMENT_3D('',#18274,#14716,#14717);
#12990=AXIS2_PLACEMENT_3D('',#18276,#14719,#14720);
#12991=AXIS2_PLACEMENT_3D('',#18278,#14722,#14723);
#12992=AXIS2_PLACEMENT_3D('',#18280,#14725,#14726);
#12993=AXIS2_PLACEMENT_3D('',#18282,#14728,#14729);
#12994=AXIS2_PLACEMENT_3D('',#18284,#14731,#14732);
#12995=AXIS2_PLACEMENT_3D('',#18286,#14734,#14735);
#12996=AXIS2_PLACEMENT_3D('',#18292,#14740,#14741);
#12997=AXIS2_PLACEMENT_3D('',#18296,#14743,#14744);
#12998=AXIS2_PLACEMENT_3D('',#18299,#14746,#14747);
#12999=AXIS2_PLACEMENT_3D('',#18300,#14748,#14749);
#13000=AXIS2_PLACEMENT_3D('',#18302,#14751,#14752);
#13001=AXIS2_PLACEMENT_3D('',#18304,#14754,#14755);
#13002=AXIS2_PLACEMENT_3D('',#18306,#14757,#14758);
#13003=AXIS2_PLACEMENT_3D('',#18308,#14760,#14761);
#13004=AXIS2_PLACEMENT_3D('',#18309,#14762,#14763);
#13005=AXIS2_PLACEMENT_3D('',#18311,#14765,#14766);
#13006=AXIS2_PLACEMENT_3D('',#18313,#14768,#14769);
#13007=AXIS2_PLACEMENT_3D('',#18315,#14771,#14772);
#13008=AXIS2_PLACEMENT_3D('',#18317,#14774,#14775);
#13009=AXIS2_PLACEMENT_3D('',#18319,#14777,#14778);
#13010=AXIS2_PLACEMENT_3D('',#18321,#14780,#14781);
#13011=AXIS2_PLACEMENT_3D('',#18326,#14783,#14784);
#13012=AXIS2_PLACEMENT_3D('',#18330,#14786,#14787);
#13013=AXIS2_PLACEMENT_3D('',#18333,#14789,#14790);
#13014=AXIS2_PLACEMENT_3D('',#18336,#14793,#14794);
#13015=AXIS2_PLACEMENT_3D('',#18337,#14795,#14796);
#13016=AXIS2_PLACEMENT_3D('',#18343,#14800,#14801);
#13017=AXIS2_PLACEMENT_3D('',#18344,#14802,#14803);
#13018=AXIS2_PLACEMENT_3D('',#18345,#14804,#14805);
#13019=AXIS2_PLACEMENT_3D('',#18365,#14820,#14821);
#13020=AXIS2_PLACEMENT_3D('',#18369,#14823,#14824);
#13021=AXIS2_PLACEMENT_3D('',#18372,#14826,#14827);
#13022=AXIS2_PLACEMENT_3D('',#18373,#14828,#14829);
#13023=AXIS2_PLACEMENT_3D('',#18375,#14831,#14832);
#13024=AXIS2_PLACEMENT_3D('',#18377,#14834,#14835);
#13025=AXIS2_PLACEMENT_3D('',#18379,#14837,#14838);
#13026=AXIS2_PLACEMENT_3D('',#18381,#14840,#14841);
#13027=AXIS2_PLACEMENT_3D('',#18382,#14842,#14843);
#13028=AXIS2_PLACEMENT_3D('',#18390,#14848,#14849);
#13029=AXIS2_PLACEMENT_3D('',#18394,#14852,#14853);
#13030=AXIS2_PLACEMENT_3D('',#18399,#14855,#14856);
#13031=AXIS2_PLACEMENT_3D('',#18415,#14865,#14866);
#13032=AXIS2_PLACEMENT_3D('',#18416,#14867,#14868);
#13033=AXIS2_PLACEMENT_3D('',#18436,#14878,#14879);
#13034=AXIS2_PLACEMENT_3D('',#18439,#14881,#14882);
#13035=AXIS2_PLACEMENT_3D('',#18440,#14883,#14884);
#13036=AXIS2_PLACEMENT_3D('',#18446,#14888,#14889);
#13037=AXIS2_PLACEMENT_3D('',#18448,#14890,#14891);
#13038=AXIS2_PLACEMENT_3D('',#18450,#14893,#14894);
#13039=AXIS2_PLACEMENT_3D('',#18452,#14896,#14897);
#13040=AXIS2_PLACEMENT_3D('',#18457,#14901,#14902);
#13041=AXIS2_PLACEMENT_3D('',#18458,#14903,#14904);
#13042=AXIS2_PLACEMENT_3D('',#18463,#14906,#14907);
#13043=AXIS2_PLACEMENT_3D('',#18469,#14912,#14913);
#13044=AXIS2_PLACEMENT_3D('',#18470,#14914,#14915);
#13045=AXIS2_PLACEMENT_3D('',#18472,#14917,#14918);
#13046=AXIS2_PLACEMENT_3D('',#18473,#14919,#14920);
#13047=AXIS2_PLACEMENT_3D('',#18474,#14921,#14922);
#13048=AXIS2_PLACEMENT_3D('',#18475,#14923,#14924);
#13049=AXIS2_PLACEMENT_3D('',#18479,#14927,#14928);
#13050=AXIS2_PLACEMENT_3D('',#18483,#14931,#14932);
#13051=AXIS2_PLACEMENT_3D('',#18485,#14934,#14935);
#13052=AXIS2_PLACEMENT_3D('',#18497,#14943,#14944);
#13053=AXIS2_PLACEMENT_3D('',#18498,#14945,#14946);
#13054=AXIS2_PLACEMENT_3D('',#18499,#14947,#14948);
#13055=AXIS2_PLACEMENT_3D('',#18503,#14951,#14952);
#13056=AXIS2_PLACEMENT_3D('',#18512,#14957,#14958);
#13057=AXIS2_PLACEMENT_3D('',#18513,#14959,#14960);
#13058=AXIS2_PLACEMENT_3D('',#18516,#14963,#14964);
#13059=AXIS2_PLACEMENT_3D('',#18517,#14965,#14966);
#13060=AXIS2_PLACEMENT_3D('',#18519,#14968,#14969);
#13061=AXIS2_PLACEMENT_3D('',#18520,#14970,#14971);
#13062=AXIS2_PLACEMENT_3D('',#18522,#14973,#14974);
#13063=AXIS2_PLACEMENT_3D('',#18527,#14979,#14980);
#13064=AXIS2_PLACEMENT_3D('',#18531,#14984,#14985);
#13065=AXIS2_PLACEMENT_3D('',#18540,#14992,#14993);
#13066=AXIS2_PLACEMENT_3D('',#18544,#14996,#14997);
#13067=AXIS2_PLACEMENT_3D('',#18553,#15002,#15003);
#13068=AXIS2_PLACEMENT_3D('',#18554,#15004,#15005);
#13069=AXIS2_PLACEMENT_3D('',#18556,#15007,#15008);
#13070=AXIS2_PLACEMENT_3D('',#18558,#15010,#15011);
#13071=AXIS2_PLACEMENT_3D('',#18560,#15013,#15014);
#13072=AXIS2_PLACEMENT_3D('',#18561,#15015,#15016);
#13073=AXIS2_PLACEMENT_3D('',#18563,#15018,#15019);
#13074=AXIS2_PLACEMENT_3D('',#18564,#15020,#15021);
#13075=AXIS2_PLACEMENT_3D('',#18568,#15025,#15026);
#13076=AXIS2_PLACEMENT_3D('',#18573,#15031,#15032);
#13077=AXIS2_PLACEMENT_3D('',#18574,#15033,#15034);
#13078=AXIS2_PLACEMENT_3D('',#18575,#15035,#15036);
#13079=AXIS2_PLACEMENT_3D('',#18577,#15038,#15039);
#13080=AXIS2_PLACEMENT_3D('',#18578,#15040,#15041);
#13081=AXIS2_PLACEMENT_3D('',#18580,#15043,#15044);
#13082=AXIS2_PLACEMENT_3D('',#18582,#15046,#15047);
#13083=AXIS2_PLACEMENT_3D('',#18583,#15048,#15049);
#13084=AXIS2_PLACEMENT_3D('',#18588,#15053,#15054);
#13085=AXIS2_PLACEMENT_3D('',#18595,#15061,#15062);
#13086=AXIS2_PLACEMENT_3D('',#18597,#15064,#15065);
#13087=AXIS2_PLACEMENT_3D('',#18599,#15067,#15068);
#13088=AXIS2_PLACEMENT_3D('',#18600,#15069,#15070);
#13089=AXIS2_PLACEMENT_3D('',#18602,#15072,#15073);
#13090=AXIS2_PLACEMENT_3D('',#18604,#15075,#15076);
#13091=AXIS2_PLACEMENT_3D('',#18605,#15077,#15078);
#13092=AXIS2_PLACEMENT_3D('',#18607,#15080,#15081);
#13093=AXIS2_PLACEMENT_3D('',#18609,#15083,#15084);
#13094=AXIS2_PLACEMENT_3D('',#18610,#15085,#15086);
#13095=AXIS2_PLACEMENT_3D('',#18612,#15088,#15089);
#13096=AXIS2_PLACEMENT_3D('',#18614,#15091,#15092);
#13097=AXIS2_PLACEMENT_3D('',#18615,#15093,#15094);
#13098=AXIS2_PLACEMENT_3D('',#18617,#15096,#15097);
#13099=AXIS2_PLACEMENT_3D('',#18619,#15099,#15100);
#13100=AXIS2_PLACEMENT_3D('',#18620,#15101,#15102);
#13101=AXIS2_PLACEMENT_3D('',#18622,#15104,#15105);
#13102=AXIS2_PLACEMENT_3D('',#18624,#15107,#15108);
#13103=AXIS2_PLACEMENT_3D('',#18625,#15109,#15110);
#13104=AXIS2_PLACEMENT_3D('',#18629,#15113,#15114);
#13105=AXIS2_PLACEMENT_3D('',#18631,#15116,#15117);
#13106=AXIS2_PLACEMENT_3D('',#18646,#15126,#15127);
#13107=AXIS2_PLACEMENT_3D('',#18648,#15129,#15130);
#13108=AXIS2_PLACEMENT_3D('',#18654,#15134,#15135);
#13109=AXIS2_PLACEMENT_3D('',#18656,#15137,#15138);
#13110=AXIS2_PLACEMENT_3D('',#18658,#15140,#15141);
#13111=AXIS2_PLACEMENT_3D('',#18674,#15151,#15152);
#13112=AXIS2_PLACEMENT_3D('',#18676,#15154,#15155);
#13113=AXIS2_PLACEMENT_3D('',#18677,#15156,#15157);
#13114=AXIS2_PLACEMENT_3D('',#18679,#15159,#15160);
#13115=AXIS2_PLACEMENT_3D('',#18680,#15161,#15162);
#13116=AXIS2_PLACEMENT_3D('',#18682,#15164,#15165);
#13117=AXIS2_PLACEMENT_3D('',#18684,#15167,#15168);
#13118=AXIS2_PLACEMENT_3D('',#18685,#15169,#15170);
#13119=AXIS2_PLACEMENT_3D('',#18686,#15171,#15172);
#13120=AXIS2_PLACEMENT_3D('',#18688,#15174,#15175);
#13121=AXIS2_PLACEMENT_3D('',#18689,#15176,#15177);
#13122=AXIS2_PLACEMENT_3D('',#18693,#15180,#15181);
#13123=AXIS2_PLACEMENT_3D('',#18702,#15186,#15187);
#13124=AXIS2_PLACEMENT_3D('',#18703,#15188,#15189);
#13125=AXIS2_PLACEMENT_3D('',#18705,#15191,#15192);
#13126=AXIS2_PLACEMENT_3D('',#18707,#15194,#15195);
#13127=AXIS2_PLACEMENT_3D('',#18709,#15197,#15198);
#13128=AXIS2_PLACEMENT_3D('',#18710,#15199,#15200);
#13129=AXIS2_PLACEMENT_3D('',#18712,#15202,#15203);
#13130=AXIS2_PLACEMENT_3D('',#18713,#15204,#15205);
#13131=AXIS2_PLACEMENT_3D('',#18714,#15206,#15207);
#13132=AXIS2_PLACEMENT_3D('',#18718,#15210,#15211);
#13133=AXIS2_PLACEMENT_3D('',#18727,#15216,#15217);
#13134=AXIS2_PLACEMENT_3D('',#18728,#15218,#15219);
#13135=AXIS2_PLACEMENT_3D('',#18731,#15222,#15223);
#13136=AXIS2_PLACEMENT_3D('',#18732,#15224,#15225);
#13137=AXIS2_PLACEMENT_3D('',#18734,#15227,#15228);
#13138=AXIS2_PLACEMENT_3D('',#18735,#15229,#15230);
#13139=AXIS2_PLACEMENT_3D('',#18737,#15232,#15233);
#13140=AXIS2_PLACEMENT_3D('',#18739,#15235,#15236);
#13141=AXIS2_PLACEMENT_3D('',#18741,#15238,#15239);
#13142=AXIS2_PLACEMENT_3D('',#18742,#15240,#15241);
#13143=AXIS2_PLACEMENT_3D('',#18743,#15242,#15243);
#13144=AXIS2_PLACEMENT_3D('',#18751,#15249,#15250);
#13145=AXIS2_PLACEMENT_3D('',#18755,#15253,#15254);
#13146=AXIS2_PLACEMENT_3D('',#18764,#15259,#15260);
#13147=AXIS2_PLACEMENT_3D('',#18765,#15261,#15262);
#13148=AXIS2_PLACEMENT_3D('',#18768,#15265,#15266);
#13149=AXIS2_PLACEMENT_3D('',#18769,#15267,#15268);
#13150=AXIS2_PLACEMENT_3D('',#18771,#15270,#15271);
#13151=AXIS2_PLACEMENT_3D('',#18772,#15272,#15273);
#13152=AXIS2_PLACEMENT_3D('',#18774,#15275,#15276);
#13153=AXIS2_PLACEMENT_3D('',#18775,#15277,#15278);
#13154=AXIS2_PLACEMENT_3D('',#18776,#15279,#15280);
#13155=AXIS2_PLACEMENT_3D('',#18778,#15282,#15283);
#13156=AXIS2_PLACEMENT_3D('',#18780,#15285,#15286);
#13157=AXIS2_PLACEMENT_3D('',#18781,#15287,#15288);
#13158=AXIS2_PLACEMENT_3D('',#18782,#15289,#15290);
#13159=AXIS2_PLACEMENT_3D('',#18783,#15291,#15292);
#13160=AXIS2_PLACEMENT_3D('',#18784,#15293,#15294);
#13161=AXIS2_PLACEMENT_3D('',#18785,#15295,#15296);
#13162=AXIS2_PLACEMENT_3D('',#18786,#15297,#15298);
#13163=AXIS2_PLACEMENT_3D('',#18788,#15300,#15301);
#13164=AXIS2_PLACEMENT_3D('',#18790,#15303,#15304);
#13165=AXIS2_PLACEMENT_3D('',#18792,#15306,#15307);
#13166=AXIS2_PLACEMENT_3D('',#18794,#15309,#15310);
#13167=AXIS2_PLACEMENT_3D('',#18796,#15312,#15313);
#13168=AXIS2_PLACEMENT_3D('',#18798,#15315,#15316);
#13169=AXIS2_PLACEMENT_3D('',#18800,#15318,#15319);
#13170=AXIS2_PLACEMENT_3D('',#18802,#15321,#15322);
#13171=AXIS2_PLACEMENT_3D('',#18804,#15324,#15325);
#13172=AXIS2_PLACEMENT_3D('',#18806,#15327,#15328);
#13173=AXIS2_PLACEMENT_3D('',#18808,#15330,#15331);
#13174=AXIS2_PLACEMENT_3D('',#18810,#15333,#15334);
#13175=AXIS2_PLACEMENT_3D('',#18812,#15336,#15337);
#13176=AXIS2_PLACEMENT_3D('',#18813,#15338,#15339);
#13177=AXIS2_PLACEMENT_3D('',#18815,#15341,#15342);
#13178=AXIS2_PLACEMENT_3D('',#18817,#15344,#15345);
#13179=AXIS2_PLACEMENT_3D('',#18819,#15347,#15348);
#13180=AXIS2_PLACEMENT_3D('',#18821,#15350,#15351);
#13181=AXIS2_PLACEMENT_3D('',#18823,#15353,#15354);
#13182=AXIS2_PLACEMENT_3D('',#18825,#15356,#15357);
#13183=AXIS2_PLACEMENT_3D('',#18827,#15359,#15360);
#13184=AXIS2_PLACEMENT_3D('',#18829,#15362,#15363);
#13185=AXIS2_PLACEMENT_3D('',#18831,#15365,#15366);
#13186=AXIS2_PLACEMENT_3D('',#18833,#15368,#15369);
#13187=AXIS2_PLACEMENT_3D('',#18835,#15371,#15372);
#13188=AXIS2_PLACEMENT_3D('',#18837,#15374,#15375);
#13189=AXIS2_PLACEMENT_3D('',#18839,#15377,#15378);
#13190=AXIS2_PLACEMENT_3D('',#18840,#15379,#15380);
#13191=AXIS2_PLACEMENT_3D('',#18841,#15381,#15382);
#13192=AXIS2_PLACEMENT_3D('',#18842,#15383,#15384);
#13193=AXIS2_PLACEMENT_3D('',#18856,#15393,#15394);
#13194=AXIS2_PLACEMENT_3D('',#18860,#15397,#15398);
#13195=AXIS2_PLACEMENT_3D('',#18869,#15403,#15404);
#13196=AXIS2_PLACEMENT_3D('',#18870,#15405,#15406);
#13197=AXIS2_PLACEMENT_3D('',#18872,#15408,#15409);
#13198=AXIS2_PLACEMENT_3D('',#18874,#15411,#15412);
#13199=AXIS2_PLACEMENT_3D('',#18876,#15414,#15415);
#13200=AXIS2_PLACEMENT_3D('',#18877,#15416,#15417);
#13201=AXIS2_PLACEMENT_3D('',#18879,#15419,#15420);
#13202=AXIS2_PLACEMENT_3D('',#18880,#15421,#15422);
#13203=AXIS2_PLACEMENT_3D('',#18882,#15424,#15425);
#13204=AXIS2_PLACEMENT_3D('',#18883,#15426,#15427);
#13205=AXIS2_PLACEMENT_3D('',#18885,#15429,#15430);
#13206=AXIS2_PLACEMENT_3D('',#18887,#15432,#15433);
#13207=AXIS2_PLACEMENT_3D('',#18888,#15434,#15435);
#13208=AXIS2_PLACEMENT_3D('',#18890,#15437,#15438);
#13209=AXIS2_PLACEMENT_3D('',#18892,#15440,#15441);
#13210=AXIS2_PLACEMENT_3D('',#18893,#15442,#15443);
#13211=AXIS2_PLACEMENT_3D('',#18894,#15444,#15445);
#13212=AXIS2_PLACEMENT_3D('',#18896,#15447,#15448);
#13213=AXIS2_PLACEMENT_3D('',#18898,#15450,#15451);
#13214=AXIS2_PLACEMENT_3D('',#18899,#15452,#15453);
#13215=AXIS2_PLACEMENT_3D('',#18901,#15455,#15456);
#13216=AXIS2_PLACEMENT_3D('',#18903,#15458,#15459);
#13217=AXIS2_PLACEMENT_3D('',#18904,#15460,#15461);
#13218=AXIS2_PLACEMENT_3D('',#18906,#15463,#15464);
#13219=AXIS2_PLACEMENT_3D('',#18908,#15466,#15467);
#13220=AXIS2_PLACEMENT_3D('',#18909,#15468,#15469);
#13221=AXIS2_PLACEMENT_3D('',#18910,#15470,#15471);
#13222=AXIS2_PLACEMENT_3D('',#18911,#15472,#15473);
#13223=AXIS2_PLACEMENT_3D('',#18912,#15474,#15475);
#13224=AXIS2_PLACEMENT_3D('',#18913,#15476,#15477);
#13225=AXIS2_PLACEMENT_3D('',#18914,#15478,#15479);
#13226=AXIS2_PLACEMENT_3D('',#18915,#15480,#15481);
#13227=AXIS2_PLACEMENT_3D('',#18917,#15483,#15484);
#13228=AXIS2_PLACEMENT_3D('',#18919,#15486,#15487);
#13229=AXIS2_PLACEMENT_3D('',#18920,#15488,#15489);
#13230=AXIS2_PLACEMENT_3D('',#18921,#15490,#15491);
#13231=AXIS2_PLACEMENT_3D('',#18947,#15504,#15505);
#13232=AXIS2_PLACEMENT_3D('',#18949,#15506,#15507);
#13233=AXIS2_PLACEMENT_3D('',#18951,#15508,#15509);
#13234=AXIS2_PLACEMENT_3D('',#18953,#15510,#15511);
#13235=AXIS2_PLACEMENT_3D('',#18955,#15512,#15513);
#13236=AXIS2_PLACEMENT_3D('',#18957,#15514,#15515);
#13237=AXIS2_PLACEMENT_3D('',#18959,#15516,#15517);
#13238=AXIS2_PLACEMENT_3D('',#18961,#15518,#15519);
#13239=AXIS2_PLACEMENT_3D('',#18968,#15522,#15523);
#13240=AXIS2_PLACEMENT_3D('',#18976,#15527,#15528);
#13241=AXIS2_PLACEMENT_3D('',#18978,#15530,#15531);
#13242=AXIS2_PLACEMENT_3D('',#18980,#15532,#15533);
#13243=AXIS2_PLACEMENT_3D('',#18982,#15535,#15536);
#13244=AXIS2_PLACEMENT_3D('',#18995,#15543,#15544);
#13245=AXIS2_PLACEMENT_3D('',#19001,#15548,#15549);
#13246=AXIS2_PLACEMENT_3D('',#19005,#15552,#15553);
#13247=AXIS2_PLACEMENT_3D('',#19009,#15556,#15557);
#13248=AXIS2_PLACEMENT_3D('',#19013,#15560,#15561);
#13249=AXIS2_PLACEMENT_3D('',#19017,#15564,#15565);
#13250=AXIS2_PLACEMENT_3D('',#19019,#15567,#15568);
#13251=AXIS2_PLACEMENT_3D('',#19048,#15583,#15584);
#13252=AXIS2_PLACEMENT_3D('',#19077,#15599,#15600);
#13253=AXIS2_PLACEMENT_3D('',#19106,#15615,#15616);
#13254=AXIS2_PLACEMENT_3D('',#19135,#15631,#15632);
#13255=AXIS2_PLACEMENT_3D('',#19152,#15641,#15642);
#13256=AXIS2_PLACEMENT_3D('',#19181,#15657,#15658);
#13257=AXIS2_PLACEMENT_3D('',#19210,#15673,#15674);
#13258=AXIS2_PLACEMENT_3D('',#19239,#15689,#15690);
#13259=AXIS2_PLACEMENT_3D('',#19245,#15694,#15695);
#13260=AXIS2_PLACEMENT_3D('',#19249,#15698,#15699);
#13261=AXIS2_PLACEMENT_3D('',#19253,#15702,#15703);
#13262=AXIS2_PLACEMENT_3D('',#19257,#15706,#15707);
#13263=AXIS2_PLACEMENT_3D('',#19261,#15710,#15711);
#13264=AXIS2_PLACEMENT_3D('',#19263,#15713,#15714);
#13265=AXIS2_PLACEMENT_3D('',#19265,#15715,#15716);
#13266=AXIS2_PLACEMENT_3D('',#19266,#15717,#15718);
#13267=AXIS2_PLACEMENT_3D('',#19268,#15720,#15721);
#13268=AXIS2_PLACEMENT_3D('',#19274,#15725,#15726);
#13269=AXIS2_PLACEMENT_3D('',#19278,#15729,#15730);
#13270=AXIS2_PLACEMENT_3D('',#19282,#15733,#15734);
#13271=AXIS2_PLACEMENT_3D('',#19286,#15737,#15738);
#13272=AXIS2_PLACEMENT_3D('',#19290,#15741,#15742);
#13273=AXIS2_PLACEMENT_3D('',#19292,#15744,#15745);
#13274=AXIS2_PLACEMENT_3D('',#19294,#15746,#15747);
#13275=AXIS2_PLACEMENT_3D('',#19295,#15748,#15749);
#13276=AXIS2_PLACEMENT_3D('',#19297,#15751,#15752);
#13277=AXIS2_PLACEMENT_3D('',#19303,#15756,#15757);
#13278=AXIS2_PLACEMENT_3D('',#19307,#15760,#15761);
#13279=AXIS2_PLACEMENT_3D('',#19311,#15764,#15765);
#13280=AXIS2_PLACEMENT_3D('',#19315,#15768,#15769);
#13281=AXIS2_PLACEMENT_3D('',#19319,#15772,#15773);
#13282=AXIS2_PLACEMENT_3D('',#19321,#15775,#15776);
#13283=AXIS2_PLACEMENT_3D('',#19323,#15777,#15778);
#13284=AXIS2_PLACEMENT_3D('',#19324,#15779,#15780);
#13285=AXIS2_PLACEMENT_3D('',#19326,#15782,#15783);
#13286=AXIS2_PLACEMENT_3D('',#19332,#15787,#15788);
#13287=AXIS2_PLACEMENT_3D('',#19336,#15791,#15792);
#13288=AXIS2_PLACEMENT_3D('',#19340,#15795,#15796);
#13289=AXIS2_PLACEMENT_3D('',#19344,#15799,#15800);
#13290=AXIS2_PLACEMENT_3D('',#19348,#15803,#15804);
#13291=AXIS2_PLACEMENT_3D('',#19350,#15806,#15807);
#13292=AXIS2_PLACEMENT_3D('',#19352,#15808,#15809);
#13293=AXIS2_PLACEMENT_3D('',#19353,#15810,#15811);
#13294=AXIS2_PLACEMENT_3D('',#19355,#15813,#15814);
#13295=AXIS2_PLACEMENT_3D('',#19361,#15818,#15819);
#13296=AXIS2_PLACEMENT_3D('',#19365,#15822,#15823);
#13297=AXIS2_PLACEMENT_3D('',#19369,#15826,#15827);
#13298=AXIS2_PLACEMENT_3D('',#19373,#15830,#15831);
#13299=AXIS2_PLACEMENT_3D('',#19377,#15834,#15835);
#13300=AXIS2_PLACEMENT_3D('',#19379,#15837,#15838);
#13301=AXIS2_PLACEMENT_3D('',#19381,#15839,#15840);
#13302=AXIS2_PLACEMENT_3D('',#19382,#15841,#15842);
#13303=AXIS2_PLACEMENT_3D('',#19384,#15844,#15845);
#13304=AXIS2_PLACEMENT_3D('',#19416,#15863,#15864);
#13305=AXIS2_PLACEMENT_3D('',#19426,#15870,#15871);
#13306=AXIS2_PLACEMENT_3D('',#19440,#15879,#15880);
#13307=AXIS2_PLACEMENT_3D('',#19454,#15888,#15889);
#13308=AXIS2_PLACEMENT_3D('',#19464,#15895,#15896);
#13309=AXIS2_PLACEMENT_3D('',#19477,#15903,#15904);
#13310=AXIS2_PLACEMENT_3D('',#19490,#15911,#15912);
#13311=AXIS2_PLACEMENT_3D('',#19503,#15919,#15920);
#13312=AXIS2_PLACEMENT_3D('',#19520,#15929,#15930);
#13313=AXIS2_PLACEMENT_3D('',#19537,#15939,#15940);
#13314=AXIS2_PLACEMENT_3D('',#19550,#15947,#15948);
#13315=AXIS2_PLACEMENT_3D('',#19557,#15952,#15953);
#13316=AXIS2_PLACEMENT_3D('',#19564,#15957,#15958);
#13317=AXIS2_PLACEMENT_3D('',#19571,#15962,#15963);
#13318=AXIS2_PLACEMENT_3D('',#19578,#15967,#15968);
#13319=AXIS2_PLACEMENT_3D('',#19582,#15971,#15972);
#13320=AXIS2_PLACEMENT_3D('',#19588,#15976,#15977);
#13321=AXIS2_PLACEMENT_3D('',#19594,#15981,#15982);
#13322=AXIS2_PLACEMENT_3D('',#19607,#15989,#15990);
#13323=AXIS2_PLACEMENT_3D('',#19608,#15991,#15992);
#13324=AXIS2_PLACEMENT_3D('',#19623,#16000,#16001);
#13325=AXIS2_PLACEMENT_3D('',#19624,#16002,#16003);
#13326=AXIS2_PLACEMENT_3D('',#19627,#16005,#16006);
#13327=AXIS2_PLACEMENT_3D('',#19628,#16007,#16008);
#13328=AXIS2_PLACEMENT_3D('',#19630,#16009,#16010);
#13329=AXIS2_PLACEMENT_3D('',#19633,#16012,#16013);
#13330=AXIS2_PLACEMENT_3D('',#19634,#16014,#16015);
#13331=AXIS2_PLACEMENT_3D('',#19636,#16016,#16017);
#13332=AXIS2_PLACEMENT_3D('',#19637,#16018,#16019);
#13333=AXIS2_PLACEMENT_3D('',#19639,#16020,#16021);
#13334=AXIS2_PLACEMENT_3D('',#19641,#16022,#16023);
#13335=AXIS2_PLACEMENT_3D('',#19642,#16024,#16025);
#13336=AXIS2_PLACEMENT_3D('',#19645,#16027,#16028);
#13337=AXIS2_PLACEMENT_3D('',#19646,#16029,#16030);
#13338=AXIS2_PLACEMENT_3D('',#19668,#16041,#16042);
#13339=AXIS2_PLACEMENT_3D('',#19669,#16043,#16044);
#13340=AXIS2_PLACEMENT_3D('',#19682,#16051,#16052);
#13341=AXIS2_PLACEMENT_3D('',#19684,#16054,#16055);
#13342=AXIS2_PLACEMENT_3D('',#19689,#16059,#16060);
#13343=AXIS2_PLACEMENT_3D('',#19702,#16068,#16069);
#13344=AXIS2_PLACEMENT_3D('',#19705,#16072,#16073);
#13345=AXIS2_PLACEMENT_3D('',#19707,#16075,#16076);
#13346=AXIS2_PLACEMENT_3D('',#19720,#16085,#16086);
#13347=AXIS2_PLACEMENT_3D('',#19739,#16098,#16099);
#13348=AXIS2_PLACEMENT_3D('',#19742,#16102,#16103);
#13349=AXIS2_PLACEMENT_3D('',#19746,#16106,#16107);
#13350=AXIS2_PLACEMENT_3D('',#19768,#16120,#16121);
#13351=AXIS2_PLACEMENT_3D('',#19777,#16128,#16129);
#13352=AXIS2_PLACEMENT_3D('',#19781,#16132,#16133);
#13353=AXIS2_PLACEMENT_3D('',#19790,#16138,#16139);
#13354=AXIS2_PLACEMENT_3D('',#19791,#16140,#16141);
#13355=AXIS2_PLACEMENT_3D('',#19794,#16144,#16145);
#13356=AXIS2_PLACEMENT_3D('',#19796,#16147,#16148);
#13357=AXIS2_PLACEMENT_3D('',#19797,#16149,#16150);
#13358=AXIS2_PLACEMENT_3D('',#19798,#16151,#16152);
#13359=AXIS2_PLACEMENT_3D('',#19800,#16154,#16155);
#13360=AXIS2_PLACEMENT_3D('',#19801,#16156,#16157);
#13361=AXIS2_PLACEMENT_3D('',#19815,#16167,#16168);
#13362=AXIS2_PLACEMENT_3D('',#19832,#16179,#16180);
#13363=AXIS2_PLACEMENT_3D('',#19838,#16185,#16186);
#13364=AXIS2_PLACEMENT_3D('',#19839,#16187,#16188);
#13365=AXIS2_PLACEMENT_3D('',#19857,#16198,#16199);
#13366=AXIS2_PLACEMENT_3D('',#19859,#16201,#16202);
#13367=AXIS2_PLACEMENT_3D('',#19861,#16204,#16205);
#13368=AXIS2_PLACEMENT_3D('',#19864,#16208,#16209);
#13369=AXIS2_PLACEMENT_3D('',#19865,#16210,#16211);
#13370=AXIS2_PLACEMENT_3D('',#19866,#16212,#16213);
#13371=AXIS2_PLACEMENT_3D('',#19867,#16214,#16215);
#13372=AXIS2_PLACEMENT_3D('',#19871,#16217,#16218);
#13373=AXIS2_PLACEMENT_3D('',#19872,#16219,#16220);
#13374=AXIS2_PLACEMENT_3D('',#19873,#16221,#16222);
#13375=AXIS2_PLACEMENT_3D('',#19890,#16232,#16233);
#13376=AXIS2_PLACEMENT_3D('',#19900,#16239,#16240);
#13377=AXIS2_PLACEMENT_3D('',#19911,#16246,#16247);
#13378=AXIS2_PLACEMENT_3D('',#19912,#16248,#16249);
#13379=AXIS2_PLACEMENT_3D('',#19927,#16258,#16259);
#13380=AXIS2_PLACEMENT_3D('',#19928,#16260,#16261);
#13381=AXIS2_PLACEMENT_3D('',#19930,#16262,#16263);
#13382=AXIS2_PLACEMENT_3D('',#19932,#16265,#16266);
#13383=AXIS2_PLACEMENT_3D('',#19934,#16267,#16268);
#13384=AXIS2_PLACEMENT_3D('',#19936,#16269,#16270);
#13385=AXIS2_PLACEMENT_3D('',#19937,#16271,#16272);
#13386=AXIS2_PLACEMENT_3D('',#19938,#16273,#16274);
#13387=AXIS2_PLACEMENT_3D('',#19940,#16276,#16277);
#13388=AXIS2_PLACEMENT_3D('',#19957,#16286,#16287);
#13389=AXIS2_PLACEMENT_3D('',#19969,#16294,#16295);
#13390=AXIS2_PLACEMENT_3D('',#19970,#16296,#16297);
#13391=AXIS2_PLACEMENT_3D('',#19972,#16299,#16300);
#13392=AXIS2_PLACEMENT_3D('',#19974,#16302,#16303);
#13393=AXIS2_PLACEMENT_3D('',#19979,#16307,#16308);
#13394=AXIS2_PLACEMENT_3D('',#19988,#16314,#16315);
#13395=AXIS2_PLACEMENT_3D('',#19991,#16318,#16319);
#13396=AXIS2_PLACEMENT_3D('',#19995,#16322,#16323);
#13397=AXIS2_PLACEMENT_3D('',#20006,#16333,#16334);
#13398=AXIS2_PLACEMENT_3D('',#20008,#16336,#16337);
#13399=AXIS2_PLACEMENT_3D('',#20010,#16339,#16340);
#13400=AXIS2_PLACEMENT_3D('',#20012,#16342,#16343);
#13401=AXIS2_PLACEMENT_3D('',#20020,#16351,#16352);
#13402=AXIS2_PLACEMENT_3D('',#20022,#16354,#16355);
#13403=AXIS2_PLACEMENT_3D('',#20024,#16357,#16358);
#13404=AXIS2_PLACEMENT_3D('',#20025,#16359,#16360);
#13405=AXIS2_PLACEMENT_3D('',#20026,#16361,#16362);
#13406=AXIS2_PLACEMENT_3D('',#20027,#16363,#16364);
#13407=AXIS2_PLACEMENT_3D('',#20029,#16366,#16367);
#13408=AXIS2_PLACEMENT_3D('',#20031,#16369,#16370);
#13409=AXIS2_PLACEMENT_3D('',#20035,#16373,#16374);
#13410=AXIS2_PLACEMENT_3D('',#20046,#16384,#16385);
#13411=AXIS2_PLACEMENT_3D('',#20048,#16387,#16388);
#13412=AXIS2_PLACEMENT_3D('',#20049,#16389,#16390);
#13413=AXIS2_PLACEMENT_3D('',#20050,#16391,#16392);
#13414=AXIS2_PLACEMENT_3D('',#20051,#16393,#16394);
#13415=AXIS2_PLACEMENT_3D('',#20053,#16396,#16397);
#13416=AXIS2_PLACEMENT_3D('',#20055,#16399,#16400);
#13417=AXIS2_PLACEMENT_3D('',#20056,#16401,#16402);
#13418=AXIS2_PLACEMENT_3D('',#20058,#16404,#16405);
#13419=AXIS2_PLACEMENT_3D('',#20060,#16407,#16408);
#13420=AXIS2_PLACEMENT_3D('',#20061,#16409,#16410);
#13421=AXIS2_PLACEMENT_3D('',#20063,#16412,#16413);
#13422=AXIS2_PLACEMENT_3D('',#20065,#16415,#16416);
#13423=AXIS2_PLACEMENT_3D('',#20066,#16417,#16418);
#13424=AXIS2_PLACEMENT_3D('',#20068,#16420,#16421);
#13425=AXIS2_PLACEMENT_3D('',#20070,#16423,#16424);
#13426=AXIS2_PLACEMENT_3D('',#20071,#16425,#16426);
#13427=AXIS2_PLACEMENT_3D('',#20073,#16428,#16429);
#13428=AXIS2_PLACEMENT_3D('',#20075,#16431,#16432);
#13429=AXIS2_PLACEMENT_3D('',#20076,#16433,#16434);
#13430=AXIS2_PLACEMENT_3D('',#20078,#16436,#16437);
#13431=AXIS2_PLACEMENT_3D('',#20080,#16439,#16440);
#13432=AXIS2_PLACEMENT_3D('',#20081,#16441,#16442);
#13433=AXIS2_PLACEMENT_3D('',#20083,#16444,#16445);
#13434=AXIS2_PLACEMENT_3D('',#20085,#16447,#16448);
#13435=AXIS2_PLACEMENT_3D('',#20086,#16449,#16450);
#13436=AXIS2_PLACEMENT_3D('',#20088,#16452,#16453);
#13437=AXIS2_PLACEMENT_3D('',#20090,#16455,#16456);
#13438=AXIS2_PLACEMENT_3D('',#20091,#16457,#16458);
#13439=AXIS2_PLACEMENT_3D('',#20093,#16460,#16461);
#13440=AXIS2_PLACEMENT_3D('',#20095,#16463,#16464);
#13441=AXIS2_PLACEMENT_3D('',#20096,#16465,#16466);
#13442=AXIS2_PLACEMENT_3D('',#20098,#16468,#16469);
#13443=AXIS2_PLACEMENT_3D('',#20100,#16471,#16472);
#13444=AXIS2_PLACEMENT_3D('',#20101,#16473,#16474);
#13445=AXIS2_PLACEMENT_3D('',#20103,#16476,#16477);
#13446=AXIS2_PLACEMENT_3D('',#20105,#16479,#16480);
#13447=AXIS2_PLACEMENT_3D('',#20106,#16481,#16482);
#13448=AXIS2_PLACEMENT_3D('',#20108,#16484,#16485);
#13449=AXIS2_PLACEMENT_3D('',#20110,#16487,#16488);
#13450=AXIS2_PLACEMENT_3D('',#20111,#16489,#16490);
#13451=AXIS2_PLACEMENT_3D('',#20113,#16492,#16493);
#13452=AXIS2_PLACEMENT_3D('',#20114,#16494,#16495);
#13453=AXIS2_PLACEMENT_3D('',#20115,#16496,#16497);
#13454=AXIS2_PLACEMENT_3D('',#20116,#16498,#16499);
#13455=AXIS2_PLACEMENT_3D('',#20117,#16500,#16501);
#13456=AXIS2_PLACEMENT_3D('',#20119,#16503,#16504);
#13457=AXIS2_PLACEMENT_3D('',#20121,#16506,#16507);
#13458=AXIS2_PLACEMENT_3D('',#20124,#16510,#16511);
#13459=AXIS2_PLACEMENT_3D('',#20126,#16513,#16514);
#13460=AXIS2_PLACEMENT_3D('',#20127,#16515,#16516);
#13461=AXIS2_PLACEMENT_3D('',#20128,#16517,#16518);
#13462=AXIS2_PLACEMENT_3D('',#20129,#16519,#16520);
#13463=AXIS2_PLACEMENT_3D('',#20130,#16521,#16522);
#13464=AXIS2_PLACEMENT_3D('',#20131,#16523,#16524);
#13465=AXIS2_PLACEMENT_3D('',#20133,#16526,#16527);
#13466=AXIS2_PLACEMENT_3D('',#20134,#16528,#16529);
#13467=AXIS2_PLACEMENT_3D('',#20142,#16535,#16536);
#13468=AXIS2_PLACEMENT_3D('',#20146,#16539,#16540);
#13469=AXIS2_PLACEMENT_3D('',#20155,#16545,#16546);
#13470=AXIS2_PLACEMENT_3D('',#20156,#16547,#16548);
#13471=AXIS2_PLACEMENT_3D('',#20158,#16550,#16551);
#13472=AXIS2_PLACEMENT_3D('',#20160,#16553,#16554);
#13473=AXIS2_PLACEMENT_3D('',#20162,#16556,#16557);
#13474=AXIS2_PLACEMENT_3D('',#20163,#16558,#16559);
#13475=AXIS2_PLACEMENT_3D('',#20165,#16561,#16562);
#13476=AXIS2_PLACEMENT_3D('',#20166,#16563,#16564);
#13477=AXIS2_PLACEMENT_3D('',#20167,#16565,#16566);
#13478=AXIS2_PLACEMENT_3D('',#20169,#16568,#16569);
#13479=AXIS2_PLACEMENT_3D('',#20171,#16571,#16572);
#13480=AXIS2_PLACEMENT_3D('',#20172,#16573,#16574);
#13481=AXIS2_PLACEMENT_3D('',#20174,#16576,#16577);
#13482=AXIS2_PLACEMENT_3D('',#20175,#16578,#16579);
#13483=AXIS2_PLACEMENT_3D('',#20177,#16581,#16582);
#13484=AXIS2_PLACEMENT_3D('',#20179,#16584,#16585);
#13485=AXIS2_PLACEMENT_3D('',#20180,#16586,#16587);
#13486=AXIS2_PLACEMENT_3D('',#20181,#16588,#16589);
#13487=AXIS2_PLACEMENT_3D('',#20184,#16592,#16593);
#13488=AXIS2_PLACEMENT_3D('',#20191,#16598,#16599);
#13489=AXIS2_PLACEMENT_3D('',#20192,#16600,#16601);
#13490=AXIS2_PLACEMENT_3D('',#20193,#16602,#16603);
#13491=AXIS2_PLACEMENT_3D('',#20194,#16604,#16605);
#13492=AXIS2_PLACEMENT_3D('',#20198,#16607,#16608);
#13493=AXIS2_PLACEMENT_3D('',#20199,#16609,#16610);
#13494=AXIS2_PLACEMENT_3D('',#20203,#16614,#16615);
#13495=AXIS2_PLACEMENT_3D('',#20204,#16616,#16617);
#13496=AXIS2_PLACEMENT_3D('',#20205,#16618,#16619);
#13497=AXIS2_PLACEMENT_3D('',#20207,#16620,#16621);
#13498=AXIS2_PLACEMENT_3D('',#20210,#16623,#16624);
#13499=AXIS2_PLACEMENT_3D('',#20211,#16625,#16626);
#13500=AXIS2_PLACEMENT_3D('',#20213,#16627,#16628);
#13501=AXIS2_PLACEMENT_3D('',#20216,#16630,#16631);
#13502=AXIS2_PLACEMENT_3D('',#20217,#16632,#16633);
#13503=AXIS2_PLACEMENT_3D('',#20219,#16634,#16635);
#13504=AXIS2_PLACEMENT_3D('',#20222,#16637,#16638);
#13505=AXIS2_PLACEMENT_3D('',#20223,#16639,#16640);
#13506=AXIS2_PLACEMENT_3D('',#20225,#16641,#16642);
#13507=AXIS2_PLACEMENT_3D('',#20228,#16644,#16645);
#13508=AXIS2_PLACEMENT_3D('',#20229,#16646,#16647);
#13509=AXIS2_PLACEMENT_3D('',#20231,#16648,#16649);
#13510=AXIS2_PLACEMENT_3D('',#20234,#16651,#16652);
#13511=AXIS2_PLACEMENT_3D('',#20235,#16653,#16654);
#13512=AXIS2_PLACEMENT_3D('',#20237,#16655,#16656);
#13513=AXIS2_PLACEMENT_3D('',#20240,#16658,#16659);
#13514=AXIS2_PLACEMENT_3D('',#20241,#16660,#16661);
#13515=AXIS2_PLACEMENT_3D('',#20243,#16662,#16663);
#13516=AXIS2_PLACEMENT_3D('',#20246,#16665,#16666);
#13517=AXIS2_PLACEMENT_3D('',#20247,#16667,#16668);
#13518=AXIS2_PLACEMENT_3D('',#20249,#16669,#16670);
#13519=AXIS2_PLACEMENT_3D('',#20252,#16672,#16673);
#13520=AXIS2_PLACEMENT_3D('',#20253,#16674,#16675);
#13521=AXIS2_PLACEMENT_3D('',#20255,#16676,#16677);
#13522=AXIS2_PLACEMENT_3D('',#20258,#16679,#16680);
#13523=AXIS2_PLACEMENT_3D('',#20259,#16681,#16682);
#13524=AXIS2_PLACEMENT_3D('',#20261,#16683,#16684);
#13525=AXIS2_PLACEMENT_3D('',#20264,#16686,#16687);
#13526=AXIS2_PLACEMENT_3D('',#20265,#16688,#16689);
#13527=AXIS2_PLACEMENT_3D('',#20267,#16690,#16691);
#13528=AXIS2_PLACEMENT_3D('',#20270,#16693,#16694);
#13529=AXIS2_PLACEMENT_3D('',#20271,#16695,#16696);
#13530=AXIS2_PLACEMENT_3D('',#20273,#16697,#16698);
#13531=AXIS2_PLACEMENT_3D('',#20276,#16700,#16701);
#13532=AXIS2_PLACEMENT_3D('',#20277,#16702,#16703);
#13533=AXIS2_PLACEMENT_3D('',#20279,#16704,#16705);
#13534=AXIS2_PLACEMENT_3D('',#20282,#16707,#16708);
#13535=AXIS2_PLACEMENT_3D('',#20283,#16709,#16710);
#13536=AXIS2_PLACEMENT_3D('',#20285,#16711,#16712);
#13537=AXIS2_PLACEMENT_3D('',#20288,#16714,#16715);
#13538=AXIS2_PLACEMENT_3D('',#20289,#16716,#16717);
#13539=AXIS2_PLACEMENT_3D('',#20291,#16718,#16719);
#13540=AXIS2_PLACEMENT_3D('',#20294,#16721,#16722);
#13541=AXIS2_PLACEMENT_3D('',#20295,#16723,#16724);
#13542=AXIS2_PLACEMENT_3D('',#20297,#16725,#16726);
#13543=AXIS2_PLACEMENT_3D('',#20300,#16728,#16729);
#13544=AXIS2_PLACEMENT_3D('',#20301,#16730,#16731);
#13545=AXIS2_PLACEMENT_3D('',#20310,#16736,#16737);
#13546=AXIS2_PLACEMENT_3D('',#20319,#16742,#16743);
#13547=AXIS2_PLACEMENT_3D('',#20325,#16747,#16748);
#13548=AXIS2_PLACEMENT_3D('',#20331,#16752,#16753);
#13549=AXIS2_PLACEMENT_3D('',#20337,#16757,#16758);
#13550=AXIS2_PLACEMENT_3D('',#20340,#16761,#16762);
#13551=AXIS2_PLACEMENT_3D('',#20346,#16766,#16767);
#13552=AXIS2_PLACEMENT_3D('',#20349,#16770,#16771);
#13553=AXIS2_PLACEMENT_3D('',#20358,#16776,#16777);
#13554=AXIS2_PLACEMENT_3D('',#20368,#16783,#16784);
#13555=AXIS2_PLACEMENT_3D('',#20380,#16791,#16792);
#13556=AXIS2_PLACEMENT_3D('',#20386,#16796,#16797);
#13557=AXIS2_PLACEMENT_3D('',#20394,#16802,#16803);
#13558=AXIS2_PLACEMENT_3D('',#20400,#16807,#16808);
#13559=AXIS2_PLACEMENT_3D('',#20402,#16810,#16811);
#13560=AXIS2_PLACEMENT_3D('',#20406,#16814,#16815);
#13561=AXIS2_PLACEMENT_3D('',#20410,#16818,#16819);
#13562=AXIS2_PLACEMENT_3D('',#20414,#16822,#16823);
#13563=AXIS2_PLACEMENT_3D('',#20418,#16826,#16827);
#13564=AXIS2_PLACEMENT_3D('',#20421,#16830,#16831);
#13565=AXIS2_PLACEMENT_3D('',#20430,#16836,#16837);
#13566=AXIS2_PLACEMENT_3D('',#20436,#16841,#16842);
#13567=AXIS2_PLACEMENT_3D('',#20442,#16846,#16847);
#13568=AXIS2_PLACEMENT_3D('',#20448,#16851,#16852);
#13569=AXIS2_PLACEMENT_3D('',#20454,#16856,#16857);
#13570=AXIS2_PLACEMENT_3D('',#20460,#16861,#16862);
#13571=AXIS2_PLACEMENT_3D('',#20462,#16864,#16865);
#13572=AXIS2_PLACEMENT_3D('',#20466,#16868,#16869);
#13573=AXIS2_PLACEMENT_3D('',#20470,#16872,#16873);
#13574=AXIS2_PLACEMENT_3D('',#20472,#16875,#16876);
#13575=AXIS2_PLACEMENT_3D('',#20474,#16878,#16879);
#13576=AXIS2_PLACEMENT_3D('',#20477,#16882,#16883);
#13577=AXIS2_PLACEMENT_3D('',#20478,#16884,#16885);
#13578=AXIS2_PLACEMENT_3D('',#20479,#16886,#16887);
#13579=AXIS2_PLACEMENT_3D('',#20480,#16888,#16889);
#13580=DIRECTION('axis',(0.,0.,1.));
#13581=DIRECTION('refdir',(1.,0.,0.));
#13582=DIRECTION('axis',(0.,0.,1.));
#13583=DIRECTION('refdir',(1.,0.,0.));
#13584=DIRECTION('center_axis',(1.,0.,0.));
#13585=DIRECTION('ref_axis',(0.,-1.,0.));
#13586=DIRECTION('',(0.,-1.,0.));
#13587=DIRECTION('',(0.,0.,1.));
#13588=DIRECTION('',(0.,0.127141568981104,0.991884580703331));
#13589=DIRECTION('center_axis',(1.,0.,0.));
#13590=DIRECTION('ref_axis',(0.,-0.991884580703331,-0.127141568981104));
#13591=DIRECTION('',(0.,0.127141568981104,-0.991884580703331));
#13592=DIRECTION('',(0.,0.,-1.));
#13593=DIRECTION('',(0.,-1.,0.));
#13594=DIRECTION('',(0.,0.,-1.));
#13595=DIRECTION('',(0.,-1.,0.));
#13596=DIRECTION('',(0.,0.,-1.));
#13597=DIRECTION('center_axis',(1.,0.,0.));
#13598=DIRECTION('ref_axis',(0.,0.,-1.));
#13599=DIRECTION('center_axis',(-1.,0.,0.));
#13600=DIRECTION('ref_axis',(0.,0.,-1.));
#13601=DIRECTION('center_axis',(-1.,0.,0.));
#13602=DIRECTION('ref_axis',(0.,0.,-1.));
#13603=DIRECTION('center_axis',(-1.,0.,0.));
#13604=DIRECTION('ref_axis',(0.,0.,-1.));
#13605=DIRECTION('center_axis',(-1.,0.,0.));
#13606=DIRECTION('ref_axis',(0.,0.,-1.));
#13607=DIRECTION('center_axis',(1.,0.,0.));
#13608=DIRECTION('ref_axis',(0.,-1.,0.));
#13609=DIRECTION('center_axis',(1.,0.,0.));
#13610=DIRECTION('ref_axis',(0.,-1.,0.));
#13611=DIRECTION('center_axis',(1.,0.,0.));
#13612=DIRECTION('ref_axis',(0.,0.,-1.));
#13613=DIRECTION('',(1.,0.,0.));
#13614=DIRECTION('center_axis',(1.,0.,0.));
#13615=DIRECTION('ref_axis',(0.,0.,-1.));
#13616=DIRECTION('center_axis',(1.,0.,0.));
#13617=DIRECTION('ref_axis',(0.,0.,-1.));
#13618=DIRECTION('center_axis',(1.,0.,0.));
#13619=DIRECTION('ref_axis',(0.,0.,-1.));
#13620=DIRECTION('',(1.,0.,0.));
#13621=DIRECTION('center_axis',(1.,0.,0.));
#13622=DIRECTION('ref_axis',(0.,0.,-1.));
#13623=DIRECTION('center_axis',(1.,0.,0.));
#13624=DIRECTION('ref_axis',(0.,-1.,0.));
#13625=DIRECTION('',(0.,1.,0.));
#13626=DIRECTION('',(0.,0.,1.));
#13627=DIRECTION('',(0.,-1.,0.));
#13628=DIRECTION('',(0.,0.,-1.));
#13629=DIRECTION('',(0.,-1.,0.));
#13630=DIRECTION('',(0.,0.,1.));
#13631=DIRECTION('',(0.,-1.,0.));
#13632=DIRECTION('',(0.,0.,-1.));
#13633=DIRECTION('',(0.,1.,0.));
#13634=DIRECTION('',(0.,0.,1.));
#13635=DIRECTION('',(0.,-1.,0.));
#13636=DIRECTION('',(0.,0.,-1.));
#13637=DIRECTION('',(0.,1.,0.));
#13638=DIRECTION('',(0.,0.,1.));
#13639=DIRECTION('',(0.,0.127141568981104,-0.991884580703331));
#13640=DIRECTION('center_axis',(1.,0.,0.));
#13641=DIRECTION('ref_axis',(0.,-0.991884580703331,-0.127141568981104));
#13642=DIRECTION('',(0.,0.127141568981104,0.991884580703331));
#13643=DIRECTION('',(0.,0.,1.));
#13644=DIRECTION('center_axis',(-1.,0.,0.));
#13645=DIRECTION('ref_axis',(0.,-1.,0.));
#13646=DIRECTION('center_axis',(-1.,0.,0.));
#13647=DIRECTION('ref_axis',(0.,-1.,0.));
#13648=DIRECTION('center_axis',(-1.,0.,0.));
#13649=DIRECTION('ref_axis',(0.,-1.,0.));
#13650=DIRECTION('center_axis',(-1.,0.,0.));
#13651=DIRECTION('ref_axis',(0.,-1.,0.));
#13652=DIRECTION('center_axis',(1.,0.,0.));
#13653=DIRECTION('ref_axis',(0.,-1.,0.));
#13654=DIRECTION('center_axis',(1.,0.,0.));
#13655=DIRECTION('ref_axis',(0.,-1.,0.));
#13656=DIRECTION('center_axis',(-1.,0.,0.));
#13657=DIRECTION('ref_axis',(0.,-1.,0.));
#13658=DIRECTION('',(-1.,0.,0.));
#13659=DIRECTION('center_axis',(-1.,0.,0.));
#13660=DIRECTION('ref_axis',(0.,-1.,0.));
#13661=DIRECTION('center_axis',(-1.,0.,0.));
#13662=DIRECTION('ref_axis',(0.,-1.,0.));
#13663=DIRECTION('center_axis',(-1.,0.,0.));
#13664=DIRECTION('ref_axis',(0.,-1.,0.));
#13665=DIRECTION('',(-1.,0.,0.));
#13666=DIRECTION('center_axis',(-1.,0.,0.));
#13667=DIRECTION('ref_axis',(0.,-1.,0.));
#13668=DIRECTION('center_axis',(-1.,0.,0.));
#13669=DIRECTION('ref_axis',(0.,0.,-1.));
#13670=DIRECTION('center_axis',(-1.,0.,0.));
#13671=DIRECTION('ref_axis',(0.,0.,-1.));
#13672=DIRECTION('center_axis',(-1.,0.,0.));
#13673=DIRECTION('ref_axis',(0.,-1.,0.));
#13674=DIRECTION('center_axis',(-1.,0.,0.));
#13675=DIRECTION('ref_axis',(0.,0.,-1.));
#13676=DIRECTION('center_axis',(-1.,0.,0.));
#13677=DIRECTION('ref_axis',(0.,0.,-1.));
#13678=DIRECTION('center_axis',(-1.,0.,0.));
#13679=DIRECTION('ref_axis',(0.,0.,-1.));
#13680=DIRECTION('center_axis',(-1.,0.,0.));
#13681=DIRECTION('ref_axis',(0.,0.,-1.));
#13682=DIRECTION('center_axis',(-1.,0.,0.));
#13683=DIRECTION('ref_axis',(0.,-1.,0.));
#13684=DIRECTION('center_axis',(-1.,0.,0.));
#13685=DIRECTION('ref_axis',(0.,0.,-1.));
#13686=DIRECTION('center_axis',(-1.,0.,0.));
#13687=DIRECTION('ref_axis',(0.,0.,-1.));
#13688=DIRECTION('center_axis',(-1.,0.,0.));
#13689=DIRECTION('ref_axis',(0.,-1.,0.));
#13690=DIRECTION('center_axis',(-1.,0.,0.));
#13691=DIRECTION('ref_axis',(0.,0.,-1.));
#13692=DIRECTION('',(-1.,0.,0.));
#13693=DIRECTION('center_axis',(1.,0.,0.));
#13694=DIRECTION('ref_axis',(0.,0.,-1.));
#13695=DIRECTION('center_axis',(-1.,0.,0.));
#13696=DIRECTION('ref_axis',(0.,0.,-1.));
#13697=DIRECTION('center_axis',(-1.,0.,0.));
#13698=DIRECTION('ref_axis',(0.,0.,1.));
#13699=DIRECTION('center_axis',(-1.,0.,0.));
#13700=DIRECTION('ref_axis',(0.,0.,-1.));
#13701=DIRECTION('center_axis',(-1.,0.,0.));
#13702=DIRECTION('ref_axis',(0.,0.,1.));
#13703=DIRECTION('center_axis',(1.,0.,0.));
#13704=DIRECTION('ref_axis',(0.,0.,-1.));
#13705=DIRECTION('center_axis',(-1.,0.,0.));
#13706=DIRECTION('ref_axis',(0.,0.,-1.));
#13707=DIRECTION('center_axis',(-1.,0.,0.));
#13708=DIRECTION('ref_axis',(0.,0.,1.));
#13709=DIRECTION('center_axis',(1.,0.,0.));
#13710=DIRECTION('ref_axis',(0.,0.,-1.));
#13711=DIRECTION('center_axis',(-1.,0.,0.));
#13712=DIRECTION('ref_axis',(0.,0.,-1.));
#13713=DIRECTION('center_axis',(-1.,0.,0.));
#13714=DIRECTION('ref_axis',(0.,0.,1.));
#13715=DIRECTION('center_axis',(1.,0.,0.));
#13716=DIRECTION('ref_axis',(0.,0.,-1.));
#13717=DIRECTION('center_axis',(-1.,0.,0.));
#13718=DIRECTION('ref_axis',(0.,0.,-1.));
#13719=DIRECTION('',(-1.,0.,0.));
#13720=DIRECTION('center_axis',(-1.,0.,0.));
#13721=DIRECTION('ref_axis',(0.,0.,-1.));
#13722=DIRECTION('',(-1.,0.,0.));
#13723=DIRECTION('center_axis',(-1.,0.,0.));
#13724=DIRECTION('ref_axis',(0.,0.,-1.));
#13725=DIRECTION('',(-1.,0.,0.));
#13726=DIRECTION('center_axis',(-1.,0.,0.));
#13727=DIRECTION('ref_axis',(0.,-0.0350648854429201,0.999385037815193));
#13728=DIRECTION('center_axis',(0.,-0.999385037815193,-0.0350648854429197));
#13729=DIRECTION('ref_axis',(0.,0.0350648854429197,-0.999385037815193));
#13730=DIRECTION('center_axis',(-1.,0.,0.));
#13731=DIRECTION('ref_axis',(0.,0.,1.));
#13732=DIRECTION('center_axis',(-1.,0.,0.));
#13733=DIRECTION('ref_axis',(0.,0.,1.));
#13734=DIRECTION('center_axis',(-1.,0.,0.));
#13735=DIRECTION('ref_axis',(0.,0.,-1.));
#13736=DIRECTION('',(1.,0.,0.));
#13737=DIRECTION('center_axis',(-1.,0.,0.));
#13738=DIRECTION('ref_axis',(0.,-0.0350648854429198,0.999385037815193));
#13739=DIRECTION('center_axis',(0.,-0.999385037815193,-0.0350648854429196));
#13740=DIRECTION('ref_axis',(0.,0.0350648854429196,-0.999385037815193));
#13741=DIRECTION('center_axis',(-1.,0.,0.));
#13742=DIRECTION('ref_axis',(0.,0.,1.));
#13743=DIRECTION('center_axis',(-1.,0.,0.));
#13744=DIRECTION('ref_axis',(0.,0.,1.));
#13745=DIRECTION('center_axis',(-1.,0.,0.));
#13746=DIRECTION('ref_axis',(0.,0.,-1.));
#13747=DIRECTION('',(1.,0.,0.));
#13748=DIRECTION('center_axis',(-1.,0.,0.));
#13749=DIRECTION('ref_axis',(0.,-0.0350648854429198,0.999385037815193));
#13750=DIRECTION('center_axis',(0.,-0.999385037815193,-0.0350648854429197));
#13751=DIRECTION('ref_axis',(0.,0.0350648854429197,-0.999385037815193));
#13752=DIRECTION('center_axis',(-1.,0.,0.));
#13753=DIRECTION('ref_axis',(0.,0.,1.));
#13754=DIRECTION('center_axis',(-1.,0.,0.));
#13755=DIRECTION('ref_axis',(0.,0.,1.));
#13756=DIRECTION('center_axis',(-1.,0.,0.));
#13757=DIRECTION('ref_axis',(0.,0.,-1.));
#13758=DIRECTION('',(1.,0.,0.));
#13759=DIRECTION('center_axis',(-1.,0.,0.));
#13760=DIRECTION('ref_axis',(0.,-0.0350648854429198,0.999385037815193));
#13761=DIRECTION('center_axis',(0.,-0.999385037815193,-0.0350648854429196));
#13762=DIRECTION('ref_axis',(0.,0.0350648854429196,-0.999385037815193));
#13763=DIRECTION('center_axis',(-1.,0.,0.));
#13764=DIRECTION('ref_axis',(0.,0.,1.));
#13765=DIRECTION('center_axis',(-1.,0.,0.));
#13766=DIRECTION('ref_axis',(0.,0.,1.));
#13767=DIRECTION('center_axis',(-1.,0.,0.));
#13768=DIRECTION('ref_axis',(0.,0.,-1.));
#13769=DIRECTION('',(1.,0.,0.));
#13770=DIRECTION('center_axis',(1.,0.,0.));
#13771=DIRECTION('ref_axis',(0.,1.,0.));
#13772=DIRECTION('center_axis',(1.,0.,0.));
#13773=DIRECTION('ref_axis',(0.,1.,0.));
#13774=DIRECTION('center_axis',(1.,0.,0.));
#13775=DIRECTION('ref_axis',(0.,1.,0.));
#13776=DIRECTION('center_axis',(1.,0.,0.));
#13777=DIRECTION('ref_axis',(0.,1.,0.));
#13778=DIRECTION('center_axis',(-1.,0.,0.));
#13779=DIRECTION('ref_axis',(0.,-1.,0.));
#13780=DIRECTION('center_axis',(1.,0.,0.));
#13781=DIRECTION('ref_axis',(0.,1.,0.));
#13782=DIRECTION('center_axis',(1.,0.,0.));
#13783=DIRECTION('ref_axis',(0.,1.,0.));
#13784=DIRECTION('center_axis',(-1.,0.,0.));
#13785=DIRECTION('ref_axis',(0.,-1.,0.));
#13786=DIRECTION('center_axis',(1.,0.,0.));
#13787=DIRECTION('ref_axis',(0.,1.,0.));
#13788=DIRECTION('center_axis',(1.,0.,0.));
#13789=DIRECTION('ref_axis',(0.,1.,0.));
#13790=DIRECTION('center_axis',(-1.,0.,0.));
#13791=DIRECTION('ref_axis',(0.,-1.,0.));
#13792=DIRECTION('center_axis',(1.,0.,0.));
#13793=DIRECTION('ref_axis',(0.,1.,0.));
#13794=DIRECTION('',(1.,0.,0.));
#13795=DIRECTION('center_axis',(-1.,0.,0.));
#13796=DIRECTION('ref_axis',(0.,1.,0.));
#13797=DIRECTION('center_axis',(1.,0.,0.));
#13798=DIRECTION('ref_axis',(0.,1.,0.));
#13799=DIRECTION('center_axis',(1.,0.,0.));
#13800=DIRECTION('ref_axis',(0.,-1.,0.));
#13801=DIRECTION('center_axis',(1.,0.,0.));
#13802=DIRECTION('ref_axis',(0.,1.,0.));
#13803=DIRECTION('center_axis',(1.,0.,0.));
#13804=DIRECTION('ref_axis',(0.,-1.,0.));
#13805=DIRECTION('center_axis',(-1.,0.,0.));
#13806=DIRECTION('ref_axis',(0.,1.,0.));
#13807=DIRECTION('center_axis',(1.,0.,0.));
#13808=DIRECTION('ref_axis',(0.,1.,0.));
#13809=DIRECTION('center_axis',(1.,0.,0.));
#13810=DIRECTION('ref_axis',(0.,-1.,0.));
#13811=DIRECTION('center_axis',(-1.,0.,0.));
#13812=DIRECTION('ref_axis',(0.,1.,0.));
#13813=DIRECTION('center_axis',(1.,0.,0.));
#13814=DIRECTION('ref_axis',(0.,1.,0.));
#13815=DIRECTION('center_axis',(1.,0.,0.));
#13816=DIRECTION('ref_axis',(0.,-1.,0.));
#13817=DIRECTION('center_axis',(-1.,0.,0.));
#13818=DIRECTION('ref_axis',(0.,1.,0.));
#13819=DIRECTION('center_axis',(1.,0.,0.));
#13820=DIRECTION('ref_axis',(0.,1.,0.));
#13821=DIRECTION('',(1.,0.,0.));
#13822=DIRECTION('center_axis',(1.,0.,0.));
#13823=DIRECTION('ref_axis',(0.,1.,0.));
#13824=DIRECTION('',(1.,0.,0.));
#13825=DIRECTION('center_axis',(1.,0.,0.));
#13826=DIRECTION('ref_axis',(0.,1.,0.));
#13827=DIRECTION('',(1.,0.,0.));
#13828=DIRECTION('center_axis',(1.,0.,0.));
#13829=DIRECTION('ref_axis',(0.,-0.999385037815193,0.0350648854429201));
#13830=DIRECTION('center_axis',(0.,0.0350648854429197,0.999385037815193));
#13831=DIRECTION('ref_axis',(0.,0.999385037815193,-0.0350648854429197));
#13832=DIRECTION('center_axis',(1.,0.,0.));
#13833=DIRECTION('ref_axis',(0.,-1.,0.));
#13834=DIRECTION('center_axis',(1.,0.,0.));
#13835=DIRECTION('ref_axis',(0.,-1.,0.));
#13836=DIRECTION('center_axis',(1.,0.,0.));
#13837=DIRECTION('ref_axis',(0.,1.,0.));
#13838=DIRECTION('',(-1.,0.,0.));
#13839=DIRECTION('center_axis',(1.,0.,0.));
#13840=DIRECTION('ref_axis',(0.,1.,0.));
#13841=DIRECTION('center_axis',(1.,0.,0.));
#13842=DIRECTION('ref_axis',(0.,-1.,0.));
#13843=DIRECTION('',(0.,-1.,0.));
#13844=DIRECTION('',(0.,0.,-1.));
#13845=DIRECTION('',(0.,-1.,0.));
#13846=DIRECTION('',(0.,0.,-1.));
#13847=DIRECTION('',(0.,0.127141568981104,-0.991884580703331));
#13848=DIRECTION('center_axis',(1.,0.,0.));
#13849=DIRECTION('ref_axis',(0.,-0.991884580703331,-0.127141568981104));
#13850=DIRECTION('',(0.,0.127141568981104,0.991884580703331));
#13851=DIRECTION('',(0.,0.,1.));
#13852=DIRECTION('',(0.,-1.,0.));
#13853=DIRECTION('',(0.,0.,-1.));
#13854=DIRECTION('center_axis',(1.,0.,0.));
#13855=DIRECTION('ref_axis',(0.,1.,0.));
#13856=DIRECTION('center_axis',(1.,0.,0.));
#13857=DIRECTION('ref_axis',(0.,1.,0.));
#13858=DIRECTION('center_axis',(1.,0.,0.));
#13859=DIRECTION('ref_axis',(0.,1.,0.));
#13860=DIRECTION('center_axis',(1.,0.,0.));
#13861=DIRECTION('ref_axis',(0.,-1.,0.));
#13862=DIRECTION('center_axis',(1.,0.,0.));
#13863=DIRECTION('ref_axis',(0.,-1.,0.));
#13864=DIRECTION('center_axis',(1.,0.,0.));
#13865=DIRECTION('ref_axis',(0.,1.,0.));
#13866=DIRECTION('center_axis',(1.,0.,0.));
#13867=DIRECTION('ref_axis',(0.,1.,0.));
#13868=DIRECTION('',(-1.,0.,0.));
#13869=DIRECTION('center_axis',(1.,0.,0.));
#13870=DIRECTION('ref_axis',(0.,1.,0.));
#13871=DIRECTION('center_axis',(1.,0.,0.));
#13872=DIRECTION('ref_axis',(0.,0.999385037815193,-0.0350648854429198));
#13873=DIRECTION('center_axis',(0.,-0.0350648854429196,-0.999385037815193));
#13874=DIRECTION('ref_axis',(0.,-0.999385037815193,0.0350648854429196));
#13875=DIRECTION('center_axis',(1.,0.,0.));
#13876=DIRECTION('ref_axis',(0.,1.,0.));
#13877=DIRECTION('center_axis',(1.,0.,0.));
#13878=DIRECTION('ref_axis',(0.,1.,0.));
#13879=DIRECTION('',(-1.,0.,0.));
#13880=DIRECTION('center_axis',(1.,0.,0.));
#13881=DIRECTION('ref_axis',(0.,1.,0.));
#13882=DIRECTION('center_axis',(1.,0.,0.));
#13883=DIRECTION('ref_axis',(0.,0.999385037815193,-0.0350648854429201));
#13884=DIRECTION('center_axis',(0.,-0.0350648854429197,-0.999385037815193));
#13885=DIRECTION('ref_axis',(0.,-0.999385037815193,0.0350648854429197));
#13886=DIRECTION('center_axis',(1.,0.,0.));
#13887=DIRECTION('ref_axis',(0.,1.,0.));
#13888=DIRECTION('center_axis',(1.,0.,0.));
#13889=DIRECTION('ref_axis',(0.,1.,0.));
#13890=DIRECTION('',(-1.,0.,0.));
#13891=DIRECTION('center_axis',(1.,0.,0.));
#13892=DIRECTION('ref_axis',(0.,1.,0.));
#13893=DIRECTION('center_axis',(1.,0.,0.));
#13894=DIRECTION('ref_axis',(0.,0.999385037815193,-0.0350648854429198));
#13895=DIRECTION('center_axis',(0.,-0.0350648854429196,-0.999385037815193));
#13896=DIRECTION('ref_axis',(0.,-0.999385037815193,0.0350648854429196));
#13897=DIRECTION('center_axis',(0.,0.,1.));
#13898=DIRECTION('ref_axis',(-1.,0.,0.));
#13899=DIRECTION('',(1.,0.,0.));
#13900=DIRECTION('',(-1.,0.,0.));
#13901=DIRECTION('',(0.,-1.,0.));
#13902=DIRECTION('center_axis',(0.,0.,1.));
#13903=DIRECTION('ref_axis',(-1.,0.,0.));
#13904=DIRECTION('',(1.,0.,0.));
#13905=DIRECTION('',(-1.,0.,0.));
#13906=DIRECTION('center_axis',(0.,-1.,0.));
#13907=DIRECTION('ref_axis',(1.,0.,0.));
#13908=DIRECTION('',(0.707106781186548,0.,0.707106781186548));
#13909=DIRECTION('center_axis',(0.,-1.,0.));
#13910=DIRECTION('ref_axis',(-0.707106781186548,0.,0.707106781186548));
#13911=DIRECTION('',(-0.241976907558599,0.,-0.970282008597695));
#13912=DIRECTION('',(-0.707106781186547,0.,-0.707106781186547));
#13913=DIRECTION('',(0.,0.,-1.));
#13914=DIRECTION('',(-1.,0.,0.));
#13915=DIRECTION('',(0.,0.,-1.));
#13916=DIRECTION('center_axis',(0.,-1.,0.));
#13917=DIRECTION('ref_axis',(-0.330391126091901,0.,0.943844109903603));
#13918=DIRECTION('center_axis',(0.,-1.,0.));
#13919=DIRECTION('ref_axis',(1.,0.,0.));
#13920=DIRECTION('',(-0.707106781186548,0.,0.707106781186548));
#13921=DIRECTION('center_axis',(0.,-1.,0.));
#13922=DIRECTION('ref_axis',(0.707106781186548,0.,0.707106781186548));
#13923=DIRECTION('',(0.,0.,1.));
#13924=DIRECTION('',(-1.,0.,0.));
#13925=DIRECTION('',(0.,0.,-1.));
#13926=DIRECTION('',(-0.707106781186547,0.,0.707106781186547));
#13927=DIRECTION('',(0.,0.,1.));
#13928=DIRECTION('',(-0.241976907558599,0.,0.970282008597695));
#13929=DIRECTION('center_axis',(0.,-1.,0.));
#13930=DIRECTION('ref_axis',(0.970282008597695,0.,0.241976907558599));
#13931=DIRECTION('center_axis',(0.707106781186548,0.,-0.707106781186548));
#13932=DIRECTION('ref_axis',(0.707106781186548,0.,0.707106781186548));
#13933=DIRECTION('',(0.,-1.,0.));
#13934=DIRECTION('',(0.,1.,0.));
#13935=DIRECTION('',(0.707106781186548,0.,0.707106781186548));
#13936=DIRECTION('center_axis',(0.,-1.,0.));
#13937=DIRECTION('ref_axis',(-0.707106781186548,0.,0.707106781186548));
#13938=DIRECTION('center_axis',(0.,1.,0.));
#13939=DIRECTION('ref_axis',(-0.970282008597695,0.,0.241976907558599));
#13940=DIRECTION('',(0.,-1.,0.));
#13941=DIRECTION('center_axis',(0.970282008597718,0.,-0.241976907558505));
#13942=DIRECTION('ref_axis',(-0.241976907558505,0.,-0.970282008597718));
#13943=DIRECTION('',(-0.241976907558599,0.,-0.970282008597695));
#13944=DIRECTION('center_axis',(0.,1.,0.));
#13945=DIRECTION('ref_axis',(-1.,0.,0.));
#13946=DIRECTION('',(0.,0.,1.));
#13947=DIRECTION('',(-1.,0.,0.));
#13948=DIRECTION('',(0.,0.,-1.));
#13949=DIRECTION('',(-1.,0.,0.));
#13950=DIRECTION('',(0.,0.,-1.));
#13951=DIRECTION('',(1.,0.,0.));
#13952=DIRECTION('',(0.,0.,-1.));
#13953=DIRECTION('',(-0.707106781186547,0.,-0.707106781186547));
#13954=DIRECTION('center_axis',(0.,1.,0.));
#13955=DIRECTION('ref_axis',(-0.707106781186548,0.,0.707106781186548));
#13956=DIRECTION('center_axis',(0.,1.,0.));
#13957=DIRECTION('ref_axis',(-1.,0.,0.));
#13958=DIRECTION('',(-0.241976907558599,0.,0.970282008597695));
#13959=DIRECTION('',(0.,0.,-1.));
#13960=DIRECTION('',(-0.707106781186547,0.,0.707106781186547));
#13961=DIRECTION('',(0.,0.,-1.));
#13962=DIRECTION('',(-1.,0.,0.));
#13963=DIRECTION('',(0.,0.,1.));
#13964=DIRECTION('',(1.,0.,0.));
#13965=DIRECTION('',(0.,0.,1.));
#13966=DIRECTION('',(1.,0.,0.));
#13967=DIRECTION('',(0.,0.,1.));
#13968=DIRECTION('center_axis',(0.,1.,0.));
#13969=DIRECTION('ref_axis',(0.298035998654217,0.,0.954554630969953));
#13970=DIRECTION('',(-0.707106781186548,0.,0.707106781186548));
#13971=DIRECTION('center_axis',(0.,1.,0.));
#13972=DIRECTION('ref_axis',(0.707106781186548,0.,0.707106781186548));
#13973=DIRECTION('center_axis',(0.315299459721587,-0.94899222899836,0.));
#13974=DIRECTION('ref_axis',(-0.94899222899836,-0.315299459721587,0.));
#13975=DIRECTION('',(-0.94899222899836,-0.315299459721587,0.));
#13976=DIRECTION('',(0.,0.,-1.));
#13977=DIRECTION('',(-0.94899222899836,-0.315299459721587,0.));
#13978=DIRECTION('',(0.,0.,-1.));
#13979=DIRECTION('',(-0.94899222899836,-0.315299459721587,0.));
#13980=DIRECTION('center_axis',(-0.315299459721587,0.94899222899836,0.));
#13981=DIRECTION('ref_axis',(-0.94899222899836,-0.315299459721587,0.));
#13982=DIRECTION('center_axis',(0.,0.,-1.));
#13983=DIRECTION('ref_axis',(1.,0.,0.));
#13984=DIRECTION('',(0.,1.,0.));
#13985=DIRECTION('',(0.94899222899836,0.315299459721587,0.));
#13986=DIRECTION('',(1.,0.,0.));
#13987=DIRECTION('',(0.,1.,0.));
#13988=DIRECTION('',(-1.,0.,0.));
#13989=DIRECTION('',(0.94899222899836,-0.315299459721587,0.));
#13990=DIRECTION('',(0.,1.,0.));
#13991=DIRECTION('',(-0.94899222899836,0.315299459721587,0.));
#13992=DIRECTION('',(1.,0.,0.));
#13993=DIRECTION('',(0.94899222899836,0.315299459721587,0.));
#13994=DIRECTION('',(0.,-1.,0.));
#13995=DIRECTION('',(-0.94899222899836,-0.315299459721587,0.));
#13996=DIRECTION('',(-1.,0.,0.));
#13997=DIRECTION('',(0.,-1.,0.));
#13998=DIRECTION('',(1.,0.,0.));
#13999=DIRECTION('',(-0.94899222899836,0.315299459721587,0.));
#14000=DIRECTION('',(0.,-1.,0.));
#14001=DIRECTION('',(0.94899222899836,-0.315299459721587,0.));
#14002=DIRECTION('',(-1.,0.,0.));
#14003=DIRECTION('',(1.,0.,0.));
#14004=DIRECTION('center_axis',(0.,0.,1.));
#14005=DIRECTION('ref_axis',(0.,1.,0.));
#14006=DIRECTION('',(0.,1.,0.));
#14007=DIRECTION('center_axis',(0.,0.,1.));
#14008=DIRECTION('ref_axis',(-1.,0.,0.));
#14009=DIRECTION('',(-1.,0.,0.));
#14010=DIRECTION('center_axis',(0.,0.,1.));
#14011=DIRECTION('ref_axis',(0.,-1.,0.));
#14012=DIRECTION('',(0.,-1.,0.));
#14013=DIRECTION('center_axis',(0.,0.,1.));
#14014=DIRECTION('ref_axis',(1.,0.,0.));
#14015=DIRECTION('center_axis',(0.,1.,0.));
#14016=DIRECTION('ref_axis',(1.,0.,0.));
#14017=DIRECTION('',(0.,0.,1.));
#14018=DIRECTION('',(1.,0.,0.));
#14019=DIRECTION('',(0.,0.,1.));
#14020=DIRECTION('',(-1.,0.,0.));
#14021=DIRECTION('',(0.,0.,1.));
#14022=DIRECTION('',(1.,0.,0.));
#14023=DIRECTION('',(0.,0.,1.));
#14024=DIRECTION('center_axis',(0.,0.,1.));
#14025=DIRECTION('ref_axis',(1.,0.,0.));
#14026=DIRECTION('',(0.,0.,1.));
#14027=DIRECTION('center_axis',(0.,0.,-1.));
#14028=DIRECTION('ref_axis',(0.,1.,0.));
#14029=DIRECTION('center_axis',(1.,0.,0.));
#14030=DIRECTION('ref_axis',(0.,-1.,0.));
#14031=DIRECTION('',(0.,0.,1.));
#14032=DIRECTION('',(0.,-1.,0.));
#14033=DIRECTION('center_axis',(0.,0.,1.));
#14034=DIRECTION('ref_axis',(0.,-1.,0.));
#14035=DIRECTION('',(0.,0.,1.));
#14036=DIRECTION('center_axis',(0.,0.,-1.));
#14037=DIRECTION('ref_axis',(1.,0.,0.));
#14038=DIRECTION('center_axis',(0.,-1.,0.));
#14039=DIRECTION('ref_axis',(-1.,0.,0.));
#14040=DIRECTION('',(0.,0.,1.));
#14041=DIRECTION('',(-1.,0.,0.));
#14042=DIRECTION('',(0.,0.,1.));
#14043=DIRECTION('',(-1.,0.,0.));
#14044=DIRECTION('',(0.,0.,1.));
#14045=DIRECTION('',(-1.,0.,0.));
#14046=DIRECTION('center_axis',(0.,0.,1.));
#14047=DIRECTION('ref_axis',(0.,-1.,0.));
#14048=DIRECTION('',(0.,-1.,0.));
#14049=DIRECTION('center_axis',(0.,0.,-1.));
#14050=DIRECTION('ref_axis',(-1.,0.,0.));
#14051=DIRECTION('',(-1.,0.,0.));
#14052=DIRECTION('center_axis',(0.,0.,-1.));
#14053=DIRECTION('ref_axis',(0.,1.,0.));
#14054=DIRECTION('',(0.,1.,0.));
#14055=DIRECTION('',(1.,0.,0.));
#14056=DIRECTION('center_axis',(0.,0.,-1.));
#14057=DIRECTION('ref_axis',(0.,-1.,0.));
#14058=DIRECTION('',(1.,0.,0.));
#14059=DIRECTION('center_axis',(0.,0.,1.));
#14060=DIRECTION('ref_axis',(0.,-1.,0.));
#14061=DIRECTION('',(0.,-1.,0.));
#14062=DIRECTION('',(0.,-1.,0.));
#14063=DIRECTION('',(1.,0.,0.));
#14064=DIRECTION('',(0.,-1.,0.));
#14065=DIRECTION('',(0.,1.,0.));
#14066=DIRECTION('center_axis',(0.,0.,1.));
#14067=DIRECTION('ref_axis',(-1.,0.,0.));
#14068=DIRECTION('',(1.,0.,0.));
#14069=DIRECTION('center_axis',(0.,0.,-1.));
#14070=DIRECTION('ref_axis',(0.,1.,0.));
#14071=DIRECTION('',(1.,0.,0.));
#14072=DIRECTION('',(0.,-1.,0.));
#14073=DIRECTION('center_axis',(0.,0.,-1.));
#14074=DIRECTION('ref_axis',(-1.,0.,0.));
#14075=DIRECTION('',(-1.,0.,0.));
#14076=DIRECTION('center_axis',(0.,0.,-1.));
#14077=DIRECTION('ref_axis',(0.,1.,0.));
#14078=DIRECTION('',(0.,1.,0.));
#14079=DIRECTION('center_axis',(0.,0.,-1.));
#14080=DIRECTION('ref_axis',(1.,0.,0.));
#14081=DIRECTION('',(-1.,0.,0.));
#14082=DIRECTION('center_axis',(0.,0.,1.));
#14083=DIRECTION('ref_axis',(0.,1.,0.));
#14084=DIRECTION('',(0.,1.,0.));
#14085=DIRECTION('',(0.,-1.,0.));
#14086=DIRECTION('',(1.,0.,0.));
#14087=DIRECTION('',(0.,-1.,0.));
#14088=DIRECTION('',(0.,-1.,0.));
#14089=DIRECTION('center_axis',(0.,0.,1.));
#14090=DIRECTION('ref_axis',(1.,0.,0.));
#14091=DIRECTION('',(-1.,0.,0.));
#14092=DIRECTION('center_axis',(0.,0.,-1.));
#14093=DIRECTION('ref_axis',(0.,-1.,0.));
#14094=DIRECTION('center_axis',(0.,0.,1.));
#14095=DIRECTION('ref_axis',(0.,-1.,0.));
#14096=DIRECTION('center_axis',(0.,0.,1.));
#14097=DIRECTION('ref_axis',(0.,-1.,0.));
#14098=DIRECTION('center_axis',(0.,0.,1.));
#14099=DIRECTION('ref_axis',(0.,-1.,0.));
#14100=DIRECTION('center_axis',(0.,0.,1.));
#14101=DIRECTION('ref_axis',(0.,-1.,0.));
#14102=DIRECTION('center_axis',(0.,0.,1.));
#14103=DIRECTION('ref_axis',(0.,-1.,0.));
#14104=DIRECTION('center_axis',(0.,0.,1.));
#14105=DIRECTION('ref_axis',(0.,-1.,0.));
#14106=DIRECTION('center_axis',(0.,0.,1.));
#14107=DIRECTION('ref_axis',(0.,-1.,0.));
#14108=DIRECTION('center_axis',(0.,0.,1.));
#14109=DIRECTION('ref_axis',(0.,-1.,0.));
#14110=DIRECTION('center_axis',(0.,0.,1.));
#14111=DIRECTION('ref_axis',(-1.,0.,0.));
#14112=DIRECTION('center_axis',(0.,0.,1.));
#14113=DIRECTION('ref_axis',(-1.,0.,0.));
#14114=DIRECTION('center_axis',(0.,0.,1.));
#14115=DIRECTION('ref_axis',(-1.,0.,0.));
#14116=DIRECTION('center_axis',(0.,0.,1.));
#14117=DIRECTION('ref_axis',(-1.,0.,0.));
#14118=DIRECTION('center_axis',(0.,0.,-1.));
#14119=DIRECTION('ref_axis',(0.661437827766121,-0.750000000000024,0.));
#14120=DIRECTION('center_axis',(0.,0.,-1.));
#14121=DIRECTION('ref_axis',(0.,-1.,0.));
#14122=DIRECTION('',(0.,1.,0.));
#14123=DIRECTION('center_axis',(0.,0.,-1.));
#14124=DIRECTION('ref_axis',(-1.,0.,0.));
#14125=DIRECTION('center_axis',(0.,0.,-1.));
#14126=DIRECTION('ref_axis',(-0.661437827766121,0.750000000000024,0.));
#14127=DIRECTION('center_axis',(0.,0.,1.));
#14128=DIRECTION('ref_axis',(0.,-1.,0.));
#14129=DIRECTION('center_axis',(0.,0.,1.));
#14130=DIRECTION('ref_axis',(0.,-1.,0.));
#14131=DIRECTION('',(0.,0.,1.));
#14132=DIRECTION('center_axis',(0.,0.,-1.));
#14133=DIRECTION('ref_axis',(0.,-1.,0.));
#14134=DIRECTION('',(0.866025403784429,0.500000000000017,0.));
#14135=DIRECTION('',(0.866025403784429,-0.500000000000017,0.));
#14136=DIRECTION('',(0.,-1.,0.));
#14137=DIRECTION('',(-0.866025403784429,-0.500000000000017,0.));
#14138=DIRECTION('',(-0.866025403784429,0.500000000000017,0.));
#14139=DIRECTION('',(0.,1.,0.));
#14140=DIRECTION('center_axis',(-0.500000000000017,0.866025403784429,0.));
#14141=DIRECTION('ref_axis',(0.866025403784429,0.500000000000017,0.));
#14142=DIRECTION('',(0.,0.,-1.));
#14143=DIRECTION('',(0.,0.,1.));
#14144=DIRECTION('',(-0.866025403784429,-0.500000000000017,0.));
#14145=DIRECTION('center_axis',(0.500000000000017,0.866025403784429,0.));
#14146=DIRECTION('ref_axis',(0.866025403784429,-0.500000000000017,0.));
#14147=DIRECTION('',(0.,0.,-1.));
#14148=DIRECTION('',(-0.866025403784429,0.500000000000017,0.));
#14149=DIRECTION('center_axis',(1.,0.,0.));
#14150=DIRECTION('ref_axis',(0.,-1.,0.));
#14151=DIRECTION('',(0.,0.,-1.));
#14152=DIRECTION('',(0.,1.,0.));
#14153=DIRECTION('center_axis',(0.500000000000017,-0.866025403784429,0.));
#14154=DIRECTION('ref_axis',(-0.866025403784429,-0.500000000000017,0.));
#14155=DIRECTION('',(0.,0.,-1.));
#14156=DIRECTION('',(0.866025403784429,0.500000000000017,0.));
#14157=DIRECTION('center_axis',(-0.500000000000017,-0.866025403784429,0.));
#14158=DIRECTION('ref_axis',(-0.866025403784429,0.500000000000017,0.));
#14159=DIRECTION('',(0.,0.,-1.));
#14160=DIRECTION('',(0.866025403784429,-0.500000000000017,0.));
#14161=DIRECTION('center_axis',(-1.,0.,0.));
#14162=DIRECTION('ref_axis',(0.,1.,0.));
#14163=DIRECTION('',(0.,-1.,0.));
#14164=DIRECTION('center_axis',(0.,0.,-1.));
#14165=DIRECTION('ref_axis',(0.,-1.,0.));
#14166=DIRECTION('',(1.,0.,0.));
#14167=DIRECTION('',(-0.866025403784429,0.500000000000017,0.));
#14168=DIRECTION('',(0.,1.,0.));
#14169=DIRECTION('',(0.866025403784429,0.500000000000017,0.));
#14170=DIRECTION('',(-1.,0.,0.));
#14171=DIRECTION('',(0.866025403784429,-0.500000000000017,0.));
#14172=DIRECTION('',(0.,-1.,0.));
#14173=DIRECTION('',(-0.866025403784429,-0.500000000000017,0.));
#14174=DIRECTION('',(0.,-1.,0.));
#14175=DIRECTION('',(0.866025403784429,-0.500000000000017,0.));
#14176=DIRECTION('',(0.866025403784429,0.500000000000017,0.));
#14177=DIRECTION('',(0.,1.,0.));
#14178=DIRECTION('',(-0.866025403784429,0.500000000000017,0.));
#14179=DIRECTION('',(-0.866025403784429,-0.500000000000017,0.));
#14180=DIRECTION('center_axis',(0.,0.,-1.));
#14181=DIRECTION('ref_axis',(0.,-1.,0.));
#14182=DIRECTION('',(1.,0.,0.));
#14183=DIRECTION('',(0.866025403784429,-0.500000000000017,0.));
#14184=DIRECTION('',(0.,-1.,0.));
#14185=DIRECTION('',(-0.866025403784429,-0.500000000000017,0.));
#14186=DIRECTION('',(-1.,0.,0.));
#14187=DIRECTION('',(-0.866025403784429,0.500000000000017,0.));
#14188=DIRECTION('',(0.,1.,0.));
#14189=DIRECTION('',(0.866025403784429,0.500000000000017,0.));
#14190=DIRECTION('',(0.,-1.,0.));
#14191=DIRECTION('',(0.866025403784429,-0.500000000000017,0.));
#14192=DIRECTION('',(0.866025403784429,0.500000000000017,0.));
#14193=DIRECTION('',(0.,1.,0.));
#14194=DIRECTION('',(-0.866025403784429,0.500000000000017,0.));
#14195=DIRECTION('',(-0.866025403784429,-0.500000000000017,0.));
#14196=DIRECTION('center_axis',(0.,0.,-1.));
#14197=DIRECTION('ref_axis',(0.,-1.,0.));
#14198=DIRECTION('',(-1.,0.,0.));
#14199=DIRECTION('',(-0.866025403784429,0.500000000000017,0.));
#14200=DIRECTION('',(0.,1.,0.));
#14201=DIRECTION('',(0.866025403784429,0.500000000000017,0.));
#14202=DIRECTION('',(-1.,0.,0.));
#14203=DIRECTION('',(0.866025403784429,-0.500000000000017,0.));
#14204=DIRECTION('',(0.,-1.,0.));
#14205=DIRECTION('',(-0.866025403784429,-0.500000000000017,0.));
#14206=DIRECTION('',(0.,-1.,0.));
#14207=DIRECTION('',(0.866025403784429,-0.500000000000017,0.));
#14208=DIRECTION('',(0.866025403784429,0.500000000000017,0.));
#14209=DIRECTION('',(0.,1.,0.));
#14210=DIRECTION('',(-0.866025403784429,0.500000000000017,0.));
#14211=DIRECTION('',(-0.866025403784429,-0.500000000000017,0.));
#14212=DIRECTION('center_axis',(0.,0.,-1.));
#14213=DIRECTION('ref_axis',(0.,-1.,0.));
#14214=DIRECTION('',(-1.,0.,0.));
#14215=DIRECTION('',(-0.866025403784429,0.500000000000017,0.));
#14216=DIRECTION('',(0.,1.,0.));
#14217=DIRECTION('',(0.866025403784429,0.500000000000017,0.));
#14218=DIRECTION('',(-1.,0.,0.));
#14219=DIRECTION('',(0.866025403784429,-0.500000000000017,0.));
#14220=DIRECTION('',(0.,-1.,0.));
#14221=DIRECTION('',(-0.866025403784429,-0.500000000000017,0.));
#14222=DIRECTION('',(0.,-1.,0.));
#14223=DIRECTION('',(0.866025403784429,-0.500000000000017,0.));
#14224=DIRECTION('',(0.866025403784429,0.500000000000017,0.));
#14225=DIRECTION('',(0.,1.,0.));
#14226=DIRECTION('',(-0.866025403784429,0.500000000000017,0.));
#14227=DIRECTION('',(-0.866025403784429,-0.500000000000017,0.));
#14228=DIRECTION('center_axis',(0.,0.,-1.));
#14229=DIRECTION('ref_axis',(0.,-1.,0.));
#14230=DIRECTION('',(1.,0.,0.));
#14231=DIRECTION('',(0.866025403784429,-0.500000000000017,0.));
#14232=DIRECTION('',(0.,-1.,0.));
#14233=DIRECTION('',(-0.866025403784429,-0.500000000000017,0.));
#14234=DIRECTION('',(-1.,0.,0.));
#14235=DIRECTION('',(-0.866025403784429,0.500000000000017,0.));
#14236=DIRECTION('',(0.,1.,0.));
#14237=DIRECTION('',(0.866025403784429,0.500000000000017,0.));
#14238=DIRECTION('center_axis',(0.,0.,-1.));
#14239=DIRECTION('ref_axis',(0.,-1.,0.));
#14240=DIRECTION('',(-1.,0.,0.));
#14241=DIRECTION('',(0.866025403784429,-0.500000000000017,0.));
#14242=DIRECTION('',(0.,-1.,0.));
#14243=DIRECTION('',(-0.866025403784429,-0.500000000000017,0.));
#14244=DIRECTION('',(-1.,0.,0.));
#14245=DIRECTION('',(-0.866025403784429,0.500000000000017,0.));
#14246=DIRECTION('',(0.,1.,0.));
#14247=DIRECTION('',(0.866025403784429,0.500000000000017,0.));
#14248=DIRECTION('',(0.,-1.,0.));
#14249=DIRECTION('',(0.866025403784429,-0.500000000000017,0.));
#14250=DIRECTION('',(0.866025403784429,0.500000000000017,0.));
#14251=DIRECTION('',(0.,1.,0.));
#14252=DIRECTION('',(-0.866025403784429,0.500000000000017,0.));
#14253=DIRECTION('',(-0.866025403784429,-0.500000000000017,0.));
#14254=DIRECTION('center_axis',(0.,0.,-1.));
#14255=DIRECTION('ref_axis',(0.,-1.,0.));
#14256=DIRECTION('',(0.,-1.,0.));
#14257=DIRECTION('',(0.866025403784429,0.500000000000017,0.));
#14258=DIRECTION('',(-1.,0.,0.));
#14259=DIRECTION('',(0.866025403784429,-0.500000000000017,0.));
#14260=DIRECTION('',(0.,-1.,0.));
#14261=DIRECTION('',(-0.866025403784429,-0.500000000000017,0.));
#14262=DIRECTION('',(-1.,0.,0.));
#14263=DIRECTION('',(-0.866025403784429,0.500000000000017,0.));
#14264=DIRECTION('',(0.,-1.,0.));
#14265=DIRECTION('',(0.866025403784429,-0.500000000000017,0.));
#14266=DIRECTION('',(0.866025403784429,0.500000000000017,0.));
#14267=DIRECTION('',(0.,1.,0.));
#14268=DIRECTION('',(-0.866025403784429,0.500000000000017,0.));
#14269=DIRECTION('',(-0.866025403784429,-0.500000000000017,0.));
#14270=DIRECTION('center_axis',(0.,0.,-1.));
#14271=DIRECTION('ref_axis',(0.,-1.,0.));
#14272=DIRECTION('',(0.,1.,0.));
#14273=DIRECTION('',(-0.866025403784429,-0.500000000000017,0.));
#14274=DIRECTION('',(1.,0.,0.));
#14275=DIRECTION('',(-0.866025403784429,0.500000000000017,0.));
#14276=DIRECTION('',(0.,1.,0.));
#14277=DIRECTION('',(0.866025403784429,0.500000000000017,0.));
#14278=DIRECTION('',(1.,0.,0.));
#14279=DIRECTION('',(0.866025403784429,-0.500000000000017,0.));
#14280=DIRECTION('',(0.,1.,0.));
#14281=DIRECTION('',(-0.866025403784429,0.500000000000017,0.));
#14282=DIRECTION('',(-0.866025403784429,-0.500000000000017,0.));
#14283=DIRECTION('',(0.,-1.,0.));
#14284=DIRECTION('',(0.866025403784429,-0.500000000000017,0.));
#14285=DIRECTION('',(0.866025403784429,0.500000000000017,0.));
#14286=DIRECTION('center_axis',(-1.,0.,0.));
#14287=DIRECTION('ref_axis',(0.,1.,0.));
#14288=DIRECTION('',(0.,0.,1.));
#14289=DIRECTION('',(0.,1.,0.));
#14290=DIRECTION('',(0.,0.,-1.));
#14291=DIRECTION('center_axis',(-0.500000000000017,0.866025403784429,0.));
#14292=DIRECTION('ref_axis',(0.866025403784429,0.500000000000017,0.));
#14293=DIRECTION('',(0.,0.,-1.));
#14294=DIRECTION('',(0.866025403784429,0.500000000000017,0.));
#14295=DIRECTION('center_axis',(0.500000000000017,0.866025403784429,0.));
#14296=DIRECTION('ref_axis',(0.866025403784429,-0.500000000000017,0.));
#14297=DIRECTION('',(0.,0.,-1.));
#14298=DIRECTION('',(0.866025403784429,-0.500000000000017,0.));
#14299=DIRECTION('center_axis',(1.,0.,0.));
#14300=DIRECTION('ref_axis',(0.,-1.,0.));
#14301=DIRECTION('',(0.,0.,-1.));
#14302=DIRECTION('',(0.,-1.,0.));
#14303=DIRECTION('center_axis',(0.500000000000017,-0.866025403784429,0.));
#14304=DIRECTION('ref_axis',(-0.866025403784429,-0.500000000000017,0.));
#14305=DIRECTION('',(0.,0.,-1.));
#14306=DIRECTION('',(-0.866025403784429,-0.500000000000017,0.));
#14307=DIRECTION('center_axis',(-0.500000000000017,-0.866025403784429,0.));
#14308=DIRECTION('ref_axis',(-0.866025403784429,0.500000000000017,0.));
#14309=DIRECTION('',(-0.866025403784429,0.500000000000017,0.));
#14310=DIRECTION('center_axis',(0.,0.,-1.));
#14311=DIRECTION('ref_axis',(0.,-1.,0.));
#14312=DIRECTION('center_axis',(0.,0.,1.));
#14313=DIRECTION('ref_axis',(0.,1.,0.));
#14314=DIRECTION('center_axis',(0.,0.,1.));
#14315=DIRECTION('ref_axis',(0.,-1.,0.));
#14316=DIRECTION('',(0.,0.,1.));
#14317=DIRECTION('center_axis',(-1.,0.,0.));
#14318=DIRECTION('ref_axis',(0.,1.,0.));
#14319=DIRECTION('',(0.,0.,1.));
#14320=DIRECTION('',(0.,1.,0.));
#14321=DIRECTION('',(0.,0.,-1.));
#14322=DIRECTION('center_axis',(-0.500000000000017,0.866025403784429,0.));
#14323=DIRECTION('ref_axis',(0.866025403784429,0.500000000000017,0.));
#14324=DIRECTION('',(0.,0.,-1.));
#14325=DIRECTION('',(0.866025403784429,0.500000000000017,0.));
#14326=DIRECTION('center_axis',(0.500000000000017,0.866025403784429,0.));
#14327=DIRECTION('ref_axis',(0.866025403784429,-0.500000000000017,0.));
#14328=DIRECTION('',(0.,0.,-1.));
#14329=DIRECTION('',(0.866025403784429,-0.500000000000017,0.));
#14330=DIRECTION('center_axis',(1.,0.,0.));
#14331=DIRECTION('ref_axis',(0.,-1.,0.));
#14332=DIRECTION('',(0.,0.,-1.));
#14333=DIRECTION('',(0.,-1.,0.));
#14334=DIRECTION('center_axis',(0.500000000000017,-0.866025403784429,0.));
#14335=DIRECTION('ref_axis',(-0.866025403784429,-0.500000000000017,0.));
#14336=DIRECTION('',(0.,0.,-1.));
#14337=DIRECTION('',(-0.866025403784429,-0.500000000000017,0.));
#14338=DIRECTION('center_axis',(-0.500000000000017,-0.866025403784429,0.));
#14339=DIRECTION('ref_axis',(-0.866025403784429,0.500000000000017,0.));
#14340=DIRECTION('',(-0.866025403784429,0.500000000000017,0.));
#14341=DIRECTION('center_axis',(0.,0.,-1.));
#14342=DIRECTION('ref_axis',(0.,-1.,0.));
#14343=DIRECTION('center_axis',(0.,0.,1.));
#14344=DIRECTION('ref_axis',(0.,1.,0.));
#14345=DIRECTION('center_axis',(0.,0.,1.));
#14346=DIRECTION('ref_axis',(0.,-1.,0.));
#14347=DIRECTION('',(0.,0.,1.));
#14348=DIRECTION('center_axis',(-1.,0.,0.));
#14349=DIRECTION('ref_axis',(0.,1.,0.));
#14350=DIRECTION('',(0.,0.,1.));
#14351=DIRECTION('',(0.,1.,0.));
#14352=DIRECTION('',(0.,0.,-1.));
#14353=DIRECTION('center_axis',(-0.500000000000017,0.866025403784429,0.));
#14354=DIRECTION('ref_axis',(0.866025403784429,0.500000000000017,0.));
#14355=DIRECTION('',(0.,0.,-1.));
#14356=DIRECTION('',(0.866025403784429,0.500000000000017,0.));
#14357=DIRECTION('center_axis',(0.500000000000017,0.866025403784429,0.));
#14358=DIRECTION('ref_axis',(0.866025403784429,-0.500000000000017,0.));
#14359=DIRECTION('',(0.,0.,-1.));
#14360=DIRECTION('',(0.866025403784429,-0.500000000000017,0.));
#14361=DIRECTION('center_axis',(1.,0.,0.));
#14362=DIRECTION('ref_axis',(0.,-1.,0.));
#14363=DIRECTION('',(0.,0.,-1.));
#14364=DIRECTION('',(0.,-1.,0.));
#14365=DIRECTION('center_axis',(0.500000000000017,-0.866025403784429,0.));
#14366=DIRECTION('ref_axis',(-0.866025403784429,-0.500000000000017,0.));
#14367=DIRECTION('',(0.,0.,-1.));
#14368=DIRECTION('',(-0.866025403784429,-0.500000000000017,0.));
#14369=DIRECTION('center_axis',(-0.500000000000017,-0.866025403784429,0.));
#14370=DIRECTION('ref_axis',(-0.866025403784429,0.500000000000017,0.));
#14371=DIRECTION('',(-0.866025403784429,0.500000000000017,0.));
#14372=DIRECTION('center_axis',(0.,0.,-1.));
#14373=DIRECTION('ref_axis',(0.,-1.,0.));
#14374=DIRECTION('center_axis',(0.,0.,1.));
#14375=DIRECTION('ref_axis',(0.,1.,0.));
#14376=DIRECTION('center_axis',(0.,0.,1.));
#14377=DIRECTION('ref_axis',(0.,-1.,0.));
#14378=DIRECTION('',(0.,0.,1.));
#14379=DIRECTION('center_axis',(-1.,0.,0.));
#14380=DIRECTION('ref_axis',(0.,1.,0.));
#14381=DIRECTION('',(0.,0.,1.));
#14382=DIRECTION('',(0.,1.,0.));
#14383=DIRECTION('',(0.,0.,-1.));
#14384=DIRECTION('center_axis',(-0.500000000000017,0.866025403784429,0.));
#14385=DIRECTION('ref_axis',(0.866025403784429,0.500000000000017,0.));
#14386=DIRECTION('',(0.,0.,-1.));
#14387=DIRECTION('',(0.866025403784429,0.500000000000017,0.));
#14388=DIRECTION('center_axis',(0.500000000000017,0.866025403784429,0.));
#14389=DIRECTION('ref_axis',(0.866025403784429,-0.500000000000017,0.));
#14390=DIRECTION('',(0.,0.,-1.));
#14391=DIRECTION('',(0.866025403784429,-0.500000000000017,0.));
#14392=DIRECTION('center_axis',(1.,0.,0.));
#14393=DIRECTION('ref_axis',(0.,-1.,0.));
#14394=DIRECTION('',(0.,0.,-1.));
#14395=DIRECTION('',(0.,-1.,0.));
#14396=DIRECTION('center_axis',(0.500000000000017,-0.866025403784429,0.));
#14397=DIRECTION('ref_axis',(-0.866025403784429,-0.500000000000017,0.));
#14398=DIRECTION('',(0.,0.,-1.));
#14399=DIRECTION('',(-0.866025403784429,-0.500000000000017,0.));
#14400=DIRECTION('center_axis',(-0.500000000000017,-0.866025403784429,0.));
#14401=DIRECTION('ref_axis',(-0.866025403784429,0.500000000000017,0.));
#14402=DIRECTION('',(-0.866025403784429,0.500000000000017,0.));
#14403=DIRECTION('center_axis',(0.,0.,-1.));
#14404=DIRECTION('ref_axis',(0.,-1.,0.));
#14405=DIRECTION('center_axis',(0.,0.,1.));
#14406=DIRECTION('ref_axis',(0.,1.,0.));
#14407=DIRECTION('center_axis',(0.,0.,1.));
#14408=DIRECTION('ref_axis',(0.,-1.,0.));
#14409=DIRECTION('',(0.,0.,1.));
#14410=DIRECTION('center_axis',(-1.,0.,0.));
#14411=DIRECTION('ref_axis',(0.,1.,0.));
#14412=DIRECTION('',(0.,0.,1.));
#14413=DIRECTION('',(0.,1.,0.));
#14414=DIRECTION('',(0.,0.,-1.));
#14415=DIRECTION('center_axis',(-0.500000000000017,0.866025403784429,0.));
#14416=DIRECTION('ref_axis',(0.866025403784429,0.500000000000017,0.));
#14417=DIRECTION('',(0.,0.,-1.));
#14418=DIRECTION('',(0.866025403784429,0.500000000000017,0.));
#14419=DIRECTION('center_axis',(0.500000000000017,0.866025403784429,0.));
#14420=DIRECTION('ref_axis',(0.866025403784429,-0.500000000000017,0.));
#14421=DIRECTION('',(0.,0.,-1.));
#14422=DIRECTION('',(0.866025403784429,-0.500000000000017,0.));
#14423=DIRECTION('center_axis',(1.,0.,0.));
#14424=DIRECTION('ref_axis',(0.,-1.,0.));
#14425=DIRECTION('',(0.,0.,-1.));
#14426=DIRECTION('',(0.,-1.,0.));
#14427=DIRECTION('center_axis',(0.500000000000017,-0.866025403784429,0.));
#14428=DIRECTION('ref_axis',(-0.866025403784429,-0.500000000000017,0.));
#14429=DIRECTION('',(0.,0.,-1.));
#14430=DIRECTION('',(-0.866025403784429,-0.500000000000017,0.));
#14431=DIRECTION('center_axis',(-0.500000000000017,-0.866025403784429,0.));
#14432=DIRECTION('ref_axis',(-0.866025403784429,0.500000000000017,0.));
#14433=DIRECTION('',(-0.866025403784429,0.500000000000017,0.));
#14434=DIRECTION('center_axis',(0.,0.,-1.));
#14435=DIRECTION('ref_axis',(0.,-1.,0.));
#14436=DIRECTION('center_axis',(0.,0.,1.));
#14437=DIRECTION('ref_axis',(0.,1.,0.));
#14438=DIRECTION('center_axis',(0.,0.,1.));
#14439=DIRECTION('ref_axis',(0.,-1.,0.));
#14440=DIRECTION('',(0.,0.,1.));
#14441=DIRECTION('center_axis',(0.,1.,0.));
#14442=DIRECTION('ref_axis',(1.,0.,0.));
#14443=DIRECTION('',(0.,0.,-1.));
#14444=DIRECTION('',(1.,0.,0.));
#14445=DIRECTION('',(0.,0.,-1.));
#14446=DIRECTION('',(0.,0.,-1.));
#14447=DIRECTION('',(1.,0.,0.));
#14448=DIRECTION('',(0.,0.,-1.));
#14449=DIRECTION('',(0.,0.,-1.));
#14450=DIRECTION('',(-1.,0.,0.));
#14451=DIRECTION('',(0.,0.,-1.));
#14452=DIRECTION('',(0.,0.,-1.));
#14453=DIRECTION('',(-1.,0.,0.));
#14454=DIRECTION('',(0.,0.,-1.));
#14455=DIRECTION('center_axis',(-0.500000000000017,-0.866025403784429,0.));
#14456=DIRECTION('ref_axis',(-0.866025403784429,0.500000000000017,0.));
#14457=DIRECTION('',(-0.866025403784429,0.500000000000017,0.));
#14458=DIRECTION('',(0.,0.,-1.));
#14459=DIRECTION('center_axis',(-1.,0.,0.));
#14460=DIRECTION('ref_axis',(0.,1.,0.));
#14461=DIRECTION('',(0.,1.,0.));
#14462=DIRECTION('',(0.,0.,-1.));
#14463=DIRECTION('center_axis',(0.,0.,1.));
#14464=DIRECTION('ref_axis',(0.,-1.,0.));
#14465=DIRECTION('',(0.499999999999898,-0.866025403784497,0.));
#14466=DIRECTION('',(1.,0.,0.));
#14467=DIRECTION('',(0.,-1.,0.));
#14468=DIRECTION('center_axis',(0.,0.,1.));
#14469=DIRECTION('ref_axis',(0.,-1.,0.));
#14470=DIRECTION('',(0.500000000000017,0.866025403784429,0.));
#14471=DIRECTION('',(0.,-1.,0.));
#14472=DIRECTION('',(1.,0.,0.));
#14473=DIRECTION('center_axis',(0.,0.,1.));
#14474=DIRECTION('ref_axis',(0.,-1.,0.));
#14475=DIRECTION('',(-0.499999999999898,-0.866025403784497,0.));
#14476=DIRECTION('',(0.,-1.,0.));
#14477=DIRECTION('',(1.,0.,0.));
#14478=DIRECTION('center_axis',(0.,0.,1.));
#14479=DIRECTION('ref_axis',(0.,-1.,0.));
#14480=DIRECTION('',(-0.499999999999973,0.866025403784454,0.));
#14481=DIRECTION('',(1.,0.,0.));
#14482=DIRECTION('',(0.,-1.,0.));
#14483=DIRECTION('center_axis',(0.,0.,1.));
#14484=DIRECTION('ref_axis',(0.,-1.,0.));
#14485=DIRECTION('',(-0.866025403784429,-0.500000000000017,0.));
#14486=DIRECTION('',(0.,-1.,0.));
#14487=DIRECTION('',(0.866025403784429,-0.500000000000017,0.));
#14488=DIRECTION('',(1.,0.,0.));
#14489=DIRECTION('',(0.866025403784429,0.500000000000017,0.));
#14490=DIRECTION('',(0.,1.,0.));
#14491=DIRECTION('',(-0.866025403784429,0.500000000000017,0.));
#14492=DIRECTION('center_axis',(0.,0.,1.));
#14493=DIRECTION('ref_axis',(0.,-1.,0.));
#14494=DIRECTION('',(-0.866025403784429,-0.500000000000017,0.));
#14495=DIRECTION('',(0.,-1.,0.));
#14496=DIRECTION('',(0.866025403784429,-0.500000000000017,0.));
#14497=DIRECTION('',(1.,0.,0.));
#14498=DIRECTION('',(0.500000000000017,0.866025403784429,0.));
#14499=DIRECTION('',(-0.500000000000017,0.866025403784429,0.));
#14500=DIRECTION('',(0.94899222899836,0.315299459721587,0.));
#14501=DIRECTION('center_axis',(0.,0.,1.));
#14502=DIRECTION('ref_axis',(0.,-1.,0.));
#14503=DIRECTION('',(1.,0.,0.));
#14504=DIRECTION('',(0.866025403784429,0.500000000000017,0.));
#14505=DIRECTION('',(0.,1.,0.));
#14506=DIRECTION('',(-0.866025403784429,0.500000000000017,0.));
#14507=DIRECTION('',(1.,0.,0.));
#14508=DIRECTION('',(-0.866025403784429,-0.500000000000017,0.));
#14509=DIRECTION('',(0.,-1.,0.));
#14510=DIRECTION('',(0.866025403784429,-0.500000000000017,0.));
#14511=DIRECTION('center_axis',(0.,0.,1.));
#14512=DIRECTION('ref_axis',(0.,-1.,0.));
#14513=DIRECTION('',(1.,0.,0.));
#14514=DIRECTION('',(0.94899222899836,-0.315299459721587,0.));
#14515=DIRECTION('',(-0.500000000000017,-0.866025403784429,0.));
#14516=DIRECTION('',(0.500000000000017,-0.866025403784429,0.));
#14517=DIRECTION('',(1.,0.,0.));
#14518=DIRECTION('',(-0.866025403784429,-0.500000000000017,0.));
#14519=DIRECTION('',(0.,-1.,0.));
#14520=DIRECTION('',(0.866025403784429,-0.500000000000017,0.));
#14521=DIRECTION('center_axis',(0.,0.,1.));
#14522=DIRECTION('ref_axis',(0.,-1.,0.));
#14523=DIRECTION('',(-0.866025403784429,-0.500000000000017,0.));
#14524=DIRECTION('',(0.,-1.,0.));
#14525=DIRECTION('',(0.866025403784429,-0.500000000000017,0.));
#14526=DIRECTION('',(1.,0.,0.));
#14527=DIRECTION('',(0.866025403784429,0.500000000000017,0.));
#14528=DIRECTION('center_axis',(0.,0.,1.));
#14529=DIRECTION('ref_axis',(0.,-1.,0.));
#14530=DIRECTION('',(-0.94899222899836,0.315299459721587,0.));
#14531=DIRECTION('',(0.500000000000017,0.866025403784429,0.));
#14532=DIRECTION('',(-0.500000000000017,0.866025403784429,0.));
#14533=DIRECTION('',(1.,0.,0.));
#14534=DIRECTION('',(0.866025403784429,0.500000000000017,0.));
#14535=DIRECTION('',(0.,1.,0.));
#14536=DIRECTION('',(-0.866025403784429,0.500000000000017,0.));
#14537=DIRECTION('center_axis',(0.,0.,1.));
#14538=DIRECTION('ref_axis',(0.,-1.,0.));
#14539=DIRECTION('',(-1.,0.,0.));
#14540=DIRECTION('',(0.866025403784429,0.500000000000017,0.));
#14541=DIRECTION('',(0.,1.,0.));
#14542=DIRECTION('',(-0.866025403784429,0.500000000000017,0.));
#14543=DIRECTION('',(1.,0.,0.));
#14544=DIRECTION('',(-0.866025403784429,-0.500000000000017,0.));
#14545=DIRECTION('',(0.,-1.,0.));
#14546=DIRECTION('',(0.866025403784429,-0.500000000000017,0.));
#14547=DIRECTION('center_axis',(0.,0.,1.));
#14548=DIRECTION('ref_axis',(0.,-1.,0.));
#14549=DIRECTION('',(-1.,0.,0.));
#14550=DIRECTION('',(0.866025403784429,0.500000000000017,0.));
#14551=DIRECTION('',(0.,1.,0.));
#14552=DIRECTION('',(-0.866025403784429,0.500000000000017,0.));
#14553=DIRECTION('',(1.,0.,0.));
#14554=DIRECTION('',(-0.500000000000017,-0.866025403784429,0.));
#14555=DIRECTION('',(0.500000000000017,-0.866025403784429,0.));
#14556=DIRECTION('center_axis',(0.,0.,1.));
#14557=DIRECTION('ref_axis',(0.,-1.,0.));
#14558=DIRECTION('',(0.,-1.,0.));
#14559=DIRECTION('',(-1.,0.,0.));
#14560=DIRECTION('',(0.866025403784429,0.500000000000017,0.));
#14561=DIRECTION('center_axis',(0.,0.,1.));
#14562=DIRECTION('ref_axis',(0.,-1.,0.));
#14563=DIRECTION('',(0.,-1.,0.));
#14564=DIRECTION('',(-0.866025403784429,0.500000000000017,0.));
#14565=DIRECTION('',(-1.,0.,0.));
#14566=DIRECTION('center_axis',(0.,0.,1.));
#14567=DIRECTION('ref_axis',(0.,-1.,0.));
#14568=DIRECTION('',(0.,1.,0.));
#14569=DIRECTION('',(1.,0.,0.));
#14570=DIRECTION('',(-0.866025403784429,-0.500000000000017,0.));
#14571=DIRECTION('center_axis',(0.,0.,1.));
#14572=DIRECTION('ref_axis',(0.,-1.,0.));
#14573=DIRECTION('',(0.,1.,0.));
#14574=DIRECTION('',(0.866025403784429,-0.500000000000017,0.));
#14575=DIRECTION('',(1.,0.,0.));
#14576=DIRECTION('center_axis',(0.,0.,1.));
#14577=DIRECTION('ref_axis',(0.,-1.,0.));
#14578=DIRECTION('',(0.,1.,0.));
#14579=DIRECTION('center_axis',(0.,0.,1.));
#14580=DIRECTION('ref_axis',(1.,0.,0.));
#14581=DIRECTION('',(-1.,0.,0.));
#14582=DIRECTION('center_axis',(0.,0.,1.));
#14583=DIRECTION('ref_axis',(0.,1.,0.));
#14584=DIRECTION('',(0.,-1.,0.));
#14585=DIRECTION('',(1.,0.,0.));
#14586=DIRECTION('center_axis',(0.,0.,-1.));
#14587=DIRECTION('ref_axis',(0.,1.,0.));
#14588=DIRECTION('',(1.,0.,0.));
#14589=DIRECTION('center_axis',(0.,0.,-1.));
#14590=DIRECTION('ref_axis',(0.,-1.,0.));
#14591=DIRECTION('',(0.,1.,0.));
#14592=DIRECTION('',(1.,0.,0.));
#14593=DIRECTION('',(0.94899222899836,-0.315299459721587,0.));
#14594=DIRECTION('',(1.,0.,0.));
#14595=DIRECTION('',(0.866025403784429,0.500000000000017,0.));
#14596=DIRECTION('',(0.,1.,0.));
#14597=DIRECTION('',(-0.866025403784429,0.500000000000017,0.));
#14598=DIRECTION('',(1.,0.,0.));
#14599=DIRECTION('',(0.94899222899836,0.315299459721587,0.));
#14600=DIRECTION('',(0.,1.,0.));
#14601=DIRECTION('center_axis',(0.,0.,-1.));
#14602=DIRECTION('ref_axis',(-1.,0.,0.));
#14603=DIRECTION('',(1.,0.,0.));
#14604=DIRECTION('center_axis',(0.,0.,1.));
#14605=DIRECTION('ref_axis',(0.,-1.,0.));
#14606=DIRECTION('center_axis',(0.,0.,1.));
#14607=DIRECTION('ref_axis',(0.,-1.,0.));
#14608=DIRECTION('',(1.,0.,0.));
#14609=DIRECTION('center_axis',(0.,0.,-1.));
#14610=DIRECTION('ref_axis',(0.,1.,0.));
#14611=DIRECTION('',(0.,-1.,0.));
#14612=DIRECTION('',(-0.94899222899836,0.315299459721587,0.));
#14613=DIRECTION('',(-1.,0.,0.));
#14614=DIRECTION('',(-0.866025403784429,-0.500000000000017,0.));
#14615=DIRECTION('',(0.,-1.,0.));
#14616=DIRECTION('',(0.866025403784429,-0.500000000000017,0.));
#14617=DIRECTION('',(-1.,0.,0.));
#14618=DIRECTION('',(-0.94899222899836,-0.315299459721587,0.));
#14619=DIRECTION('',(1.,0.,0.));
#14620=DIRECTION('',(0.,-1.,0.));
#14621=DIRECTION('center_axis',(0.,0.,-1.));
#14622=DIRECTION('ref_axis',(1.,0.,0.));
#14623=DIRECTION('',(1.,0.,0.));
#14624=DIRECTION('center_axis',(0.,0.,-1.));
#14625=DIRECTION('ref_axis',(0.,-1.,0.));
#14626=DIRECTION('',(1.,0.,0.));
#14627=DIRECTION('',(0.,1.,0.));
#14628=DIRECTION('center_axis',(0.,0.,1.));
#14629=DIRECTION('ref_axis',(1.,0.,0.));
#14630=DIRECTION('',(-1.,0.,0.));
#14631=DIRECTION('center_axis',(0.,0.,1.));
#14632=DIRECTION('ref_axis',(0.,1.,0.));
#14633=DIRECTION('',(0.,-1.,0.));
#14634=DIRECTION('center_axis',(0.,0.,1.));
#14635=DIRECTION('ref_axis',(-1.,0.,0.));
#14636=DIRECTION('center_axis',(-0.866025403784429,-0.500000000000017,0.));
#14637=DIRECTION('ref_axis',(-0.500000000000017,0.866025403784429,0.));
#14638=DIRECTION('',(-0.447213595499977,0.774596669241461,-0.447213595499977));
#14639=DIRECTION('',(-0.500000000000017,0.866025403784429,0.));
#14640=DIRECTION('',(0.,0.,-1.));
#14641=DIRECTION('center_axis',(0.,1.,0.));
#14642=DIRECTION('ref_axis',(0.,0.,-1.));
#14643=DIRECTION('',(-0.707106781186548,0.,0.707106781186548));
#14644=DIRECTION('center_axis',(0.,-1.,0.));
#14645=DIRECTION('ref_axis',(0.707106781186548,0.,0.707106781186548));
#14646=DIRECTION('',(-1.,0.,0.));
#14647=DIRECTION('center_axis',(0.,-1.,0.));
#14648=DIRECTION('ref_axis',(0.,0.,1.));
#14649=DIRECTION('',(-0.707106781186548,0.,-0.707106781186548));
#14650=DIRECTION('center_axis',(0.,-1.,0.));
#14651=DIRECTION('ref_axis',(-0.707106781186548,0.,0.707106781186548));
#14652=DIRECTION('',(-0.707106781186548,0.,-0.707106781186548));
#14653=DIRECTION('',(-1.,0.,0.));
#14654=DIRECTION('',(0.,0.,-1.));
#14655=DIRECTION('',(0.,0.,-1.));
#14656=DIRECTION('',(0.,0.,-1.));
#14657=DIRECTION('',(0.,0.,-1.));
#14658=DIRECTION('',(0.,0.,-1.));
#14659=DIRECTION('',(0.,0.,-1.));
#14660=DIRECTION('',(0.,0.,-1.));
#14661=DIRECTION('',(0.,0.,-1.));
#14662=DIRECTION('',(1.,0.,0.));
#14663=DIRECTION('',(0.,0.,-1.));
#14664=DIRECTION('',(-0.707106781186548,0.,0.707106781186548));
#14665=DIRECTION('',(0.,0.,1.));
#14666=DIRECTION('center_axis',(0.,-1.,0.));
#14667=DIRECTION('ref_axis',(1.,0.,0.));
#14668=DIRECTION('center_axis',(-0.707106781186548,0.,-0.707106781186548));
#14669=DIRECTION('ref_axis',(-0.707106781186548,0.,0.707106781186548));
#14670=DIRECTION('',(0.,-1.,0.));
#14671=DIRECTION('',(-0.707106781186548,0.,0.707106781186548));
#14672=DIRECTION('',(0.,1.,0.));
#14673=DIRECTION('center_axis',(0.,-1.,0.));
#14674=DIRECTION('ref_axis',(1.,0.,0.));
#14675=DIRECTION('',(0.,-1.,0.));
#14676=DIRECTION('center_axis',(0.,1.,0.));
#14677=DIRECTION('ref_axis',(0.707106781186548,0.,0.707106781186548));
#14678=DIRECTION('center_axis',(1.,0.,0.));
#14679=DIRECTION('ref_axis',(0.,-1.,0.));
#14680=DIRECTION('',(0.,-1.,0.));
#14681=DIRECTION('',(0.,1.,0.));
#14682=DIRECTION('',(0.,0.,-1.));
#14683=DIRECTION('',(0.,-1.,0.));
#14684=DIRECTION('',(0.,0.,1.));
#14685=DIRECTION('',(0.,-1.,0.));
#14686=DIRECTION('',(0.,0.,-1.));
#14687=DIRECTION('',(0.,-1.,0.));
#14688=DIRECTION('',(0.,0.,1.));
#14689=DIRECTION('',(0.,0.127141568981104,0.991884580703331));
#14690=DIRECTION('center_axis',(1.,0.,0.));
#14691=DIRECTION('ref_axis',(0.,-0.991884580703331,-0.127141568981104));
#14692=DIRECTION('',(0.,0.127141568981104,-0.991884580703331));
#14693=DIRECTION('',(0.,0.,1.));
#14694=DIRECTION('center_axis',(-1.,0.,0.));
#14695=DIRECTION('ref_axis',(0.,-1.,0.));
#14696=DIRECTION('center_axis',(-1.,0.,0.));
#14697=DIRECTION('ref_axis',(0.,-1.,0.));
#14698=DIRECTION('center_axis',(-1.,0.,0.));
#14699=DIRECTION('ref_axis',(0.,-1.,0.));
#14700=DIRECTION('center_axis',(1.,0.,0.));
#14701=DIRECTION('ref_axis',(0.,-1.,0.));
#14702=DIRECTION('center_axis',(1.,0.,0.));
#14703=DIRECTION('ref_axis',(0.,-1.,0.));
#14704=DIRECTION('center_axis',(-1.,0.,0.));
#14705=DIRECTION('ref_axis',(0.,-1.,0.));
#14706=DIRECTION('',(-1.,0.,0.));
#14707=DIRECTION('center_axis',(-1.,0.,0.));
#14708=DIRECTION('ref_axis',(0.,-1.,0.));
#14709=DIRECTION('',(-1.,0.,0.));
#14710=DIRECTION('center_axis',(-1.,0.,0.));
#14711=DIRECTION('ref_axis',(0.,-1.,0.));
#14712=DIRECTION('',(-1.,0.,0.));
#14713=DIRECTION('center_axis',(-1.,0.,0.));
#14714=DIRECTION('ref_axis',(0.,-1.,0.));
#14715=DIRECTION('',(-1.,0.,0.));
#14716=DIRECTION('center_axis',(-1.,0.,0.));
#14717=DIRECTION('ref_axis',(0.,-1.,0.));
#14718=DIRECTION('',(-1.,0.,0.));
#14719=DIRECTION('center_axis',(-1.,0.,0.));
#14720=DIRECTION('ref_axis',(0.,-1.,0.));
#14721=DIRECTION('',(-1.,0.,0.));
#14722=DIRECTION('center_axis',(1.,0.,0.));
#14723=DIRECTION('ref_axis',(0.,-1.,0.));
#14724=DIRECTION('',(1.,0.,0.));
#14725=DIRECTION('center_axis',(1.,0.,0.));
#14726=DIRECTION('ref_axis',(0.,-1.,0.));
#14727=DIRECTION('',(1.,0.,0.));
#14728=DIRECTION('center_axis',(1.,0.,0.));
#14729=DIRECTION('ref_axis',(0.,-1.,0.));
#14730=DIRECTION('',(1.,0.,0.));
#14731=DIRECTION('center_axis',(1.,0.,0.));
#14732=DIRECTION('ref_axis',(0.,-1.,0.));
#14733=DIRECTION('',(1.,0.,0.));
#14734=DIRECTION('center_axis',(0.,-1.,0.));
#14735=DIRECTION('ref_axis',(0.,0.,-1.));
#14736=DIRECTION('',(1.,0.,0.));
#14737=DIRECTION('',(-0.707106781186547,0.,0.707106781186547));
#14738=DIRECTION('',(-0.707106781186547,0.,-0.707106781186547));
#14739=DIRECTION('',(1.,0.,0.));
#14740=DIRECTION('center_axis',(0.,1.,0.));
#14741=DIRECTION('ref_axis',(-1.,0.,0.));
#14742=DIRECTION('',(-0.707106781186548,0.,-0.707106781186548));
#14743=DIRECTION('center_axis',(0.,1.,0.));
#14744=DIRECTION('ref_axis',(-0.707106781186548,0.,0.707106781186548));
#14745=DIRECTION('',(-1.,0.,0.));
#14746=DIRECTION('center_axis',(0.,1.,0.));
#14747=DIRECTION('ref_axis',(0.,0.,1.));
#14748=DIRECTION('center_axis',(0.,1.,0.));
#14749=DIRECTION('ref_axis',(0.,0.,1.));
#14750=DIRECTION('',(0.,1.,0.));
#14751=DIRECTION('center_axis',(0.,0.,-1.));
#14752=DIRECTION('ref_axis',(-1.,0.,0.));
#14753=DIRECTION('',(0.,1.,0.));
#14754=DIRECTION('center_axis',(0.,1.,0.));
#14755=DIRECTION('ref_axis',(-0.707106781186548,0.,0.707106781186548));
#14756=DIRECTION('',(0.,1.,0.));
#14757=DIRECTION('center_axis',(0.707106781186548,0.,-0.707106781186548));
#14758=DIRECTION('ref_axis',(-0.707106781186548,0.,-0.707106781186548));
#14759=DIRECTION('',(0.,1.,0.));
#14760=DIRECTION('center_axis',(0.,1.,0.));
#14761=DIRECTION('ref_axis',(-1.,0.,0.));
#14762=DIRECTION('center_axis',(0.,-0.991884580703331,-0.127141568981104));
#14763=DIRECTION('ref_axis',(0.,0.127141568981104,-0.991884580703331));
#14764=DIRECTION('',(1.,0.,0.));
#14765=DIRECTION('center_axis',(0.,-0.991884580703331,-0.127141568981104));
#14766=DIRECTION('ref_axis',(0.,0.127141568981104,-0.991884580703331));
#14767=DIRECTION('',(1.,0.,0.));
#14768=DIRECTION('center_axis',(1.,0.,0.));
#14769=DIRECTION('ref_axis',(0.,-1.,0.));
#14770=DIRECTION('',(1.,0.,0.));
#14771=DIRECTION('center_axis',(1.,0.,0.));
#14772=DIRECTION('ref_axis',(0.,-1.,0.));
#14773=DIRECTION('',(1.,0.,0.));
#14774=DIRECTION('center_axis',(0.,0.991884580703331,-0.127141568981104));
#14775=DIRECTION('ref_axis',(0.,0.127141568981104,0.991884580703331));
#14776=DIRECTION('',(1.,0.,0.));
#14777=DIRECTION('center_axis',(0.,0.991884580703331,-0.127141568981104));
#14778=DIRECTION('ref_axis',(0.,0.127141568981104,0.991884580703331));
#14779=DIRECTION('',(1.,0.,0.));
#14780=DIRECTION('center_axis',(0.,1.,0.));
#14781=DIRECTION('ref_axis',(0.,0.,1.));
#14782=DIRECTION('',(0.707106781186498,0.,-0.707106781186597));
#14783=DIRECTION('center_axis',(0.,-1.,0.));
#14784=DIRECTION('ref_axis',(0.707106781186548,0.,0.707106781186548));
#14785=DIRECTION('',(1.,0.,0.));
#14786=DIRECTION('center_axis',(0.,-1.,0.));
#14787=DIRECTION('ref_axis',(0.,0.,1.));
#14788=DIRECTION('',(0.707106781186548,0.,0.707106781186548));
#14789=DIRECTION('center_axis',(0.,-1.,0.));
#14790=DIRECTION('ref_axis',(-0.707106781186548,0.,0.707106781186548));
#14791=DIRECTION('',(-0.707106781186547,0.,-0.707106781186547));
#14792=DIRECTION('',(-0.707106781186547,0.,0.707106781186547));
#14793=DIRECTION('center_axis',(0.,-1.,0.));
#14794=DIRECTION('ref_axis',(1.,0.,0.));
#14795=DIRECTION('center_axis',(-0.707106781186548,0.,-0.707106781186548));
#14796=DIRECTION('ref_axis',(0.707106781186548,0.,-0.707106781186548));
#14797=DIRECTION('',(0.,-1.,0.));
#14798=DIRECTION('',(0.707106781186498,0.,-0.707106781186597));
#14799=DIRECTION('',(0.,-1.,0.));
#14800=DIRECTION('center_axis',(0.,-1.,0.));
#14801=DIRECTION('ref_axis',(1.,0.,0.));
#14802=DIRECTION('center_axis',(0.,1.,0.));
#14803=DIRECTION('ref_axis',(0.707106781186548,0.,0.707106781186548));
#14804=DIRECTION('center_axis',(0.,-1.,0.));
#14805=DIRECTION('ref_axis',(0.,0.,1.));
#14806=DIRECTION('',(-0.707106781186548,0.,0.707106781186548));
#14807=DIRECTION('',(0.,0.,-1.));
#14808=DIRECTION('',(1.,0.,0.));
#14809=DIRECTION('',(0.,0.,-1.));
#14810=DIRECTION('',(0.,0.,-1.));
#14811=DIRECTION('',(0.,0.,-1.));
#14812=DIRECTION('',(0.,0.,-1.));
#14813=DIRECTION('',(0.,0.,-1.));
#14814=DIRECTION('',(0.,0.,-1.));
#14815=DIRECTION('',(0.,0.,-1.));
#14816=DIRECTION('',(0.,0.,-1.));
#14817=DIRECTION('',(-1.,0.,0.));
#14818=DIRECTION('',(0.,0.,-1.));
#14819=DIRECTION('',(-0.707106781186548,0.,-0.707106781186548));
#14820=DIRECTION('center_axis',(0.,1.,0.));
#14821=DIRECTION('ref_axis',(-1.,0.,0.));
#14822=DIRECTION('',(0.707106781186548,0.,0.707106781186548));
#14823=DIRECTION('center_axis',(0.,1.,0.));
#14824=DIRECTION('ref_axis',(-0.707106781186548,0.,0.707106781186548));
#14825=DIRECTION('',(1.,0.,0.));
#14826=DIRECTION('center_axis',(0.,1.,0.));
#14827=DIRECTION('ref_axis',(0.,0.,1.));
#14828=DIRECTION('center_axis',(0.,-1.,0.));
#14829=DIRECTION('ref_axis',(0.707106781186548,0.,0.707106781186548));
#14830=DIRECTION('',(0.,-1.,0.));
#14831=DIRECTION('center_axis',(0.,0.,-1.));
#14832=DIRECTION('ref_axis',(1.,0.,0.));
#14833=DIRECTION('',(0.,-1.,0.));
#14834=DIRECTION('center_axis',(0.,-1.,0.));
#14835=DIRECTION('ref_axis',(0.,0.,1.));
#14836=DIRECTION('',(0.,-1.,0.));
#14837=DIRECTION('center_axis',(0.707106781186548,0.,-0.707106781186548));
#14838=DIRECTION('ref_axis',(0.707106781186548,0.,0.707106781186548));
#14839=DIRECTION('',(0.,1.,0.));
#14840=DIRECTION('center_axis',(0.,1.,0.));
#14841=DIRECTION('ref_axis',(-1.,0.,0.));
#14842=DIRECTION('center_axis',(0.707106781186548,0.,-0.707106781186548));
#14843=DIRECTION('ref_axis',(-0.707106781186548,0.,-0.707106781186548));
#14844=DIRECTION('',(-0.707106781186547,0.,-0.707106781186547));
#14845=DIRECTION('',(-0.447213595499977,-0.774596669241461,-0.447213595499977));
#14846=DIRECTION('',(0.,-1.,0.));
#14847=DIRECTION('',(-0.447213595499977,0.774596669241461,-0.447213595499977));
#14848=DIRECTION('center_axis',(0.707106781186548,0.,-0.707106781186548));
#14849=DIRECTION('ref_axis',(-0.707106781186548,0.,-0.707106781186548));
#14850=DIRECTION('',(-0.447213595499977,-0.774596669241461,-0.447213595499977));
#14851=DIRECTION('',(0.,1.,0.));
#14852=DIRECTION('center_axis',(0.,1.,0.));
#14853=DIRECTION('ref_axis',(-1.,0.,0.));
#14854=DIRECTION('',(0.707106781186548,0.,0.707106781186548));
#14855=DIRECTION('center_axis',(0.,-1.,0.));
#14856=DIRECTION('ref_axis',(-0.707106781186498,0.,0.707106781186598));
#14857=DIRECTION('',(0.241976907558599,0.,0.970282008597695));
#14858=DIRECTION('',(0.,0.,-1.));
#14859=DIRECTION('',(1.,0.,0.));
#14860=DIRECTION('',(0.,0.,1.));
#14861=DIRECTION('',(-1.,0.,0.));
#14862=DIRECTION('',(0.,0.,1.));
#14863=DIRECTION('',(-1.,0.,0.));
#14864=DIRECTION('',(0.,0.,-1.));
#14865=DIRECTION('center_axis',(0.,-1.,0.));
#14866=DIRECTION('ref_axis',(-0.298035998654217,0.,0.954554630969953));
#14867=DIRECTION('center_axis',(0.,1.,0.));
#14868=DIRECTION('ref_axis',(-1.,0.,0.));
#14869=DIRECTION('',(0.,0.,1.));
#14870=DIRECTION('',(1.,0.,0.));
#14871=DIRECTION('',(0.,0.,-1.));
#14872=DIRECTION('',(1.,0.,0.));
#14873=DIRECTION('',(0.,0.,-1.));
#14874=DIRECTION('',(-1.,0.,0.));
#14875=DIRECTION('',(0.,0.,-1.));
#14876=DIRECTION('',(-0.707106781186547,0.,0.707106781186547));
#14877=DIRECTION('',(0.241976907558505,0.,-0.970282008597718));
#14878=DIRECTION('center_axis',(0.,-1.,0.));
#14879=DIRECTION('ref_axis',(0.970282008597718,0.,0.241976907558505));
#14880=DIRECTION('',(-0.707106781186548,0.,0.707106781186548));
#14881=DIRECTION('center_axis',(0.,-1.,0.));
#14882=DIRECTION('ref_axis',(0.707106781186548,0.,0.707106781186548));
#14883=DIRECTION('center_axis',(-0.707106781186548,0.,0.707106781186548));
#14884=DIRECTION('ref_axis',(0.707106781186548,0.,0.707106781186548));
#14885=DIRECTION('',(0.,-1.,0.));
#14886=DIRECTION('',(0.,1.,0.));
#14887=DIRECTION('',(0.707106781186548,0.,0.707106781186548));
#14888=DIRECTION('center_axis',(0.,-1.,0.));
#14889=DIRECTION('ref_axis',(-0.707106781186548,0.,0.707106781186548));
#14890=DIRECTION('center_axis',(0.,1.,0.));
#14891=DIRECTION('ref_axis',(-0.970282008597718,0.,0.241976907558505));
#14892=DIRECTION('',(0.,-1.,0.));
#14893=DIRECTION('center_axis',(0.970282008597718,0.,-0.241976907558505));
#14894=DIRECTION('ref_axis',(0.241976907558505,0.,0.970282008597718));
#14895=DIRECTION('',(0.241976907558599,0.,0.970282008597695));
#14896=DIRECTION('center_axis',(0.,1.,0.));
#14897=DIRECTION('ref_axis',(-1.,0.,0.));
#14898=DIRECTION('',(0.,0.,1.));
#14899=DIRECTION('',(0.,0.,-1.));
#14900=DIRECTION('',(-0.707106781186547,0.,-0.707106781186547));
#14901=DIRECTION('center_axis',(0.,1.,0.));
#14902=DIRECTION('ref_axis',(-0.707106781186548,0.,0.707106781186548));
#14903=DIRECTION('center_axis',(0.,1.,0.));
#14904=DIRECTION('ref_axis',(-1.,0.,0.));
#14905=DIRECTION('',(-0.707106781186548,0.,0.707106781186548));
#14906=DIRECTION('center_axis',(0.,1.,0.));
#14907=DIRECTION('ref_axis',(0.707106781186548,0.,0.707106781186548));
#14908=DIRECTION('',(0.241976907558505,0.,-0.970282008597718));
#14909=DIRECTION('',(-0.707106781186547,0.,0.707106781186547));
#14910=DIRECTION('',(0.,0.,-1.));
#14911=DIRECTION('',(0.,0.,1.));
#14912=DIRECTION('center_axis',(0.,1.,0.));
#14913=DIRECTION('ref_axis',(0.330391126091901,0.,0.943844109903603));
#14914=DIRECTION('center_axis',(0.315299459721587,0.94899222899836,0.));
#14915=DIRECTION('ref_axis',(0.94899222899836,-0.315299459721587,0.));
#14916=DIRECTION('',(0.,0.,-1.));
#14917=DIRECTION('center_axis',(0.315299459721587,0.94899222899836,0.));
#14918=DIRECTION('ref_axis',(-0.94899222899836,0.315299459721587,0.));
#14919=DIRECTION('center_axis',(0.,1.,0.));
#14920=DIRECTION('ref_axis',(-0.707106781186548,0.,0.707106781186548));
#14921=DIRECTION('center_axis',(-0.315299459721587,-0.94899222899836,0.));
#14922=DIRECTION('ref_axis',(-0.94899222899836,0.315299459721587,0.));
#14923=DIRECTION('center_axis',(-0.315299459721587,-0.94899222899836,0.));
#14924=DIRECTION('ref_axis',(-0.94899222899836,0.315299459721587,0.));
#14925=DIRECTION('',(-0.94899222899836,0.315299459721587,0.));
#14926=DIRECTION('',(0.,0.,-1.));
#14927=DIRECTION('center_axis',(-0.866025403784429,0.500000000000017,0.));
#14928=DIRECTION('ref_axis',(0.500000000000017,0.866025403784429,0.));
#14929=DIRECTION('',(0.500000000000017,0.866025403784429,0.));
#14930=DIRECTION('',(0.,0.,-1.));
#14931=DIRECTION('center_axis',(-0.866025403784429,-0.500000000000017,0.));
#14932=DIRECTION('ref_axis',(-0.500000000000017,0.866025403784429,0.));
#14933=DIRECTION('',(-0.500000000000017,0.866025403784429,0.));
#14934=DIRECTION('center_axis',(0.,0.,1.));
#14935=DIRECTION('ref_axis',(-1.,0.,0.));
#14936=DIRECTION('',(-0.500000000000017,-0.866025403784429,0.));
#14937=DIRECTION('',(0.500000000000017,-0.866025403784429,0.));
#14938=DIRECTION('',(1.,0.,0.));
#14939=DIRECTION('',(0.500000000000017,0.866025403784429,0.));
#14940=DIRECTION('',(-0.500000000000017,0.866025403784429,0.));
#14941=DIRECTION('',(0.500000000000017,-0.866025403784429,0.));
#14942=DIRECTION('',(-0.500000000000017,-0.866025403784429,0.));
#14943=DIRECTION('center_axis',(0.866025403784429,-0.500000000000017,0.));
#14944=DIRECTION('ref_axis',(-0.500000000000017,-0.866025403784429,0.));
#14945=DIRECTION('center_axis',(0.866025403784429,0.500000000000017,0.));
#14946=DIRECTION('ref_axis',(0.500000000000017,-0.866025403784429,0.));
#14947=DIRECTION('center_axis',(0.866025403784429,0.500000000000017,0.));
#14948=DIRECTION('ref_axis',(-0.500000000000017,0.866025403784429,0.));
#14949=DIRECTION('',(0.,0.,1.));
#14950=DIRECTION('',(-0.500000000000017,0.866025403784429,0.));
#14951=DIRECTION('center_axis',(0.,0.,-1.));
#14952=DIRECTION('ref_axis',(-1.,0.,0.));
#14953=DIRECTION('',(0.500000000000017,-0.866025403784429,0.));
#14954=DIRECTION('',(-0.500000000000017,-0.866025403784429,0.));
#14955=DIRECTION('',(0.500000000000017,0.866025403784429,0.));
#14956=DIRECTION('',(1.,0.,0.));
#14957=DIRECTION('center_axis',(0.,0.,1.));
#14958=DIRECTION('ref_axis',(-1.,0.,0.));
#14959=DIRECTION('center_axis',(-0.866025403784429,-0.500000000000017,0.));
#14960=DIRECTION('ref_axis',(0.500000000000017,-0.866025403784429,0.));
#14961=DIRECTION('',(0.,0.,1.));
#14962=DIRECTION('',(0.,0.,-1.));
#14963=DIRECTION('center_axis',(-0.866025403784429,0.500000000000017,0.));
#14964=DIRECTION('ref_axis',(-0.500000000000017,-0.866025403784429,0.));
#14965=DIRECTION('center_axis',(0.,-1.,0.));
#14966=DIRECTION('ref_axis',(1.,0.,0.));
#14967=DIRECTION('',(0.,0.,1.));
#14968=DIRECTION('center_axis',(0.866025403784429,-0.500000000000017,0.));
#14969=DIRECTION('ref_axis',(0.500000000000017,0.866025403784429,0.));
#14970=DIRECTION('center_axis',(0.,0.,1.));
#14971=DIRECTION('ref_axis',(-1.,0.,0.));
#14972=DIRECTION('',(0.,0.,1.));
#14973=DIRECTION('center_axis',(0.,-1.,0.));
#14974=DIRECTION('ref_axis',(-1.,0.,0.));
#14975=DIRECTION('',(0.,0.,-1.));
#14976=DIRECTION('',(0.,0.,-1.));
#14977=DIRECTION('',(0.,0.,-1.));
#14978=DIRECTION('',(0.,0.,-1.));
#14979=DIRECTION('center_axis',(0.,-1.,0.));
#14980=DIRECTION('ref_axis',(-1.,0.,0.));
#14981=DIRECTION('',(0.,0.,-1.));
#14982=DIRECTION('',(0.,0.,-1.));
#14983=DIRECTION('',(0.,0.,-1.));
#14984=DIRECTION('center_axis',(-1.,0.,0.));
#14985=DIRECTION('ref_axis',(0.,1.,0.));
#14986=DIRECTION('',(0.,0.,1.));
#14987=DIRECTION('',(0.,1.,0.));
#14988=DIRECTION('',(0.,0.,-1.));
#14989=DIRECTION('',(0.,0.,-1.));
#14990=DIRECTION('',(0.,0.,-1.));
#14991=DIRECTION('',(0.,0.,-1.));
#14992=DIRECTION('center_axis',(-0.500000000000017,0.866025403784429,0.));
#14993=DIRECTION('ref_axis',(0.866025403784429,0.500000000000017,0.));
#14994=DIRECTION('',(0.,0.,-1.));
#14995=DIRECTION('',(0.866025403784429,0.500000000000017,0.));
#14996=DIRECTION('center_axis',(0.,0.,-1.));
#14997=DIRECTION('ref_axis',(0.,-1.,0.));
#14998=DIRECTION('',(0.866025403784429,-0.500000000000017,0.));
#14999=DIRECTION('',(0.,-1.,0.));
#15000=DIRECTION('',(-0.866025403784429,-0.500000000000017,0.));
#15001=DIRECTION('',(-0.866025403784429,0.500000000000017,0.));
#15002=DIRECTION('center_axis',(0.,0.,1.));
#15003=DIRECTION('ref_axis',(0.,1.,0.));
#15004=DIRECTION('center_axis',(-0.500000000000017,-0.866025403784429,0.));
#15005=DIRECTION('ref_axis',(-0.866025403784429,0.500000000000017,0.));
#15006=DIRECTION('',(0.,0.,-1.));
#15007=DIRECTION('center_axis',(0.500000000000017,-0.866025403784429,0.));
#15008=DIRECTION('ref_axis',(-0.866025403784429,-0.500000000000017,0.));
#15009=DIRECTION('',(0.,0.,-1.));
#15010=DIRECTION('center_axis',(1.,0.,0.));
#15011=DIRECTION('ref_axis',(0.,-1.,0.));
#15012=DIRECTION('',(0.,0.,-1.));
#15013=DIRECTION('center_axis',(0.500000000000017,0.866025403784429,0.));
#15014=DIRECTION('ref_axis',(0.866025403784429,-0.500000000000017,0.));
#15015=DIRECTION('center_axis',(0.,0.,1.));
#15016=DIRECTION('ref_axis',(0.,-1.,0.));
#15017=DIRECTION('',(0.,0.,1.));
#15018=DIRECTION('center_axis',(-0.500000000000017,0.866025403784429,0.));
#15019=DIRECTION('ref_axis',(0.866025403784429,0.500000000000017,0.));
#15020=DIRECTION('center_axis',(0.,-1.,0.));
#15021=DIRECTION('ref_axis',(-1.,0.,0.));
#15022=DIRECTION('',(0.,0.,-1.));
#15023=DIRECTION('',(0.,0.,-1.));
#15024=DIRECTION('',(0.,0.,-1.));
#15025=DIRECTION('center_axis',(0.,-1.,0.));
#15026=DIRECTION('ref_axis',(-1.,0.,0.));
#15027=DIRECTION('',(0.,0.,-1.));
#15028=DIRECTION('',(0.,0.,-1.));
#15029=DIRECTION('',(0.,0.,-1.));
#15030=DIRECTION('',(0.,0.,-1.));
#15031=DIRECTION('center_axis',(-0.315299459721587,-0.94899222899836,0.));
#15032=DIRECTION('ref_axis',(-0.94899222899836,0.315299459721587,0.));
#15033=DIRECTION('center_axis',(-0.315299459721587,-0.94899222899836,0.));
#15034=DIRECTION('ref_axis',(0.94899222899836,-0.315299459721587,0.));
#15035=DIRECTION('center_axis',(0.,-1.,0.));
#15036=DIRECTION('ref_axis',(0.707106781186548,0.,0.707106781186548));
#15037=DIRECTION('',(0.,-1.,0.));
#15038=DIRECTION('center_axis',(0.315299459721587,0.94899222899836,0.));
#15039=DIRECTION('ref_axis',(0.94899222899836,-0.315299459721587,0.));
#15040=DIRECTION('center_axis',(0.707106781186548,0.,0.707106781186548));
#15041=DIRECTION('ref_axis',(-0.707106781186548,0.,0.707106781186548));
#15042=DIRECTION('',(0.,1.,0.));
#15043=DIRECTION('center_axis',(0.,1.,0.));
#15044=DIRECTION('ref_axis',(0.707106781186548,0.,0.707106781186548));
#15045=DIRECTION('',(0.,1.,0.));
#15046=DIRECTION('center_axis',(-0.970282008597718,0.,-0.241976907558505));
#15047=DIRECTION('ref_axis',(-0.241976907558505,0.,0.970282008597718));
#15048=DIRECTION('center_axis',(0.315299459721587,0.94899222899836,0.));
#15049=DIRECTION('ref_axis',(0.94899222899836,-0.315299459721587,0.));
#15050=DIRECTION('',(0.94899222899836,-0.315299459721587,0.));
#15051=DIRECTION('',(0.,0.,-1.));
#15052=DIRECTION('',(0.,0.,-1.));
#15053=DIRECTION('center_axis',(0.,1.,0.));
#15054=DIRECTION('ref_axis',(1.,0.,0.));
#15055=DIRECTION('',(0.,0.,-1.));
#15056=DIRECTION('',(0.,0.,-1.));
#15057=DIRECTION('',(0.,0.,-1.));
#15058=DIRECTION('',(0.,0.,-1.));
#15059=DIRECTION('',(0.,0.,-1.));
#15060=DIRECTION('',(0.,0.,-1.));
#15061=DIRECTION('center_axis',(-0.500000000000017,0.866025403784429,0.));
#15062=DIRECTION('ref_axis',(0.866025403784429,0.500000000000017,0.));
#15063=DIRECTION('',(0.,0.,-1.));
#15064=DIRECTION('center_axis',(-1.,0.,0.));
#15065=DIRECTION('ref_axis',(0.,1.,0.));
#15066=DIRECTION('',(0.,0.,-1.));
#15067=DIRECTION('center_axis',(-0.500000000000017,-0.866025403784429,0.));
#15068=DIRECTION('ref_axis',(-0.866025403784429,0.500000000000017,0.));
#15069=DIRECTION('center_axis',(0.500000000000017,0.866025403784429,0.));
#15070=DIRECTION('ref_axis',(0.866025403784429,-0.500000000000017,0.));
#15071=DIRECTION('',(0.,0.,-1.));
#15072=DIRECTION('center_axis',(1.,0.,0.));
#15073=DIRECTION('ref_axis',(0.,-1.,0.));
#15074=DIRECTION('',(0.,0.,-1.));
#15075=DIRECTION('center_axis',(0.500000000000017,-0.866025403784429,0.));
#15076=DIRECTION('ref_axis',(-0.866025403784429,-0.500000000000017,0.));
#15077=DIRECTION('center_axis',(-0.500000000000017,0.866025403784429,0.));
#15078=DIRECTION('ref_axis',(0.866025403784429,0.500000000000017,0.));
#15079=DIRECTION('',(0.,0.,-1.));
#15080=DIRECTION('center_axis',(-1.,0.,0.));
#15081=DIRECTION('ref_axis',(0.,1.,0.));
#15082=DIRECTION('',(0.,0.,-1.));
#15083=DIRECTION('center_axis',(-0.500000000000017,-0.866025403784429,0.));
#15084=DIRECTION('ref_axis',(-0.866025403784429,0.500000000000017,0.));
#15085=DIRECTION('center_axis',(0.500000000000017,0.866025403784429,0.));
#15086=DIRECTION('ref_axis',(0.866025403784429,-0.500000000000017,0.));
#15087=DIRECTION('',(0.,0.,-1.));
#15088=DIRECTION('center_axis',(1.,0.,0.));
#15089=DIRECTION('ref_axis',(0.,-1.,0.));
#15090=DIRECTION('',(0.,0.,-1.));
#15091=DIRECTION('center_axis',(0.500000000000017,-0.866025403784429,0.));
#15092=DIRECTION('ref_axis',(-0.866025403784429,-0.500000000000017,0.));
#15093=DIRECTION('center_axis',(-0.500000000000017,0.866025403784429,0.));
#15094=DIRECTION('ref_axis',(0.866025403784429,0.500000000000017,0.));
#15095=DIRECTION('',(0.,0.,-1.));
#15096=DIRECTION('center_axis',(-1.,0.,0.));
#15097=DIRECTION('ref_axis',(0.,1.,0.));
#15098=DIRECTION('',(0.,0.,-1.));
#15099=DIRECTION('center_axis',(-0.500000000000017,-0.866025403784429,0.));
#15100=DIRECTION('ref_axis',(-0.866025403784429,0.500000000000017,0.));
#15101=DIRECTION('center_axis',(0.500000000000017,0.866025403784429,0.));
#15102=DIRECTION('ref_axis',(0.866025403784429,-0.500000000000017,0.));
#15103=DIRECTION('',(0.,0.,-1.));
#15104=DIRECTION('center_axis',(1.,0.,0.));
#15105=DIRECTION('ref_axis',(0.,-1.,0.));
#15106=DIRECTION('',(0.,0.,-1.));
#15107=DIRECTION('center_axis',(0.500000000000017,-0.866025403784429,0.));
#15108=DIRECTION('ref_axis',(-0.866025403784429,-0.500000000000017,0.));
#15109=DIRECTION('center_axis',(0.866025403784429,-0.500000000000017,0.));
#15110=DIRECTION('ref_axis',(-0.500000000000017,-0.866025403784429,0.));
#15111=DIRECTION('',(-0.500000000000017,-0.866025403784429,0.));
#15112=DIRECTION('',(0.,0.,-1.));
#15113=DIRECTION('center_axis',(0.866025403784429,0.500000000000017,0.));
#15114=DIRECTION('ref_axis',(0.500000000000017,-0.866025403784429,0.));
#15115=DIRECTION('',(0.500000000000017,-0.866025403784429,0.));
#15116=DIRECTION('center_axis',(0.,0.,1.));
#15117=DIRECTION('ref_axis',(1.,0.,0.));
#15118=DIRECTION('',(0.500000000000017,0.866025403784429,0.));
#15119=DIRECTION('',(-0.500000000000017,0.866025403784429,0.));
#15120=DIRECTION('',(-1.,0.,0.));
#15121=DIRECTION('',(-0.500000000000017,-0.866025403784429,0.));
#15122=DIRECTION('',(0.500000000000017,-0.866025403784429,0.));
#15123=DIRECTION('',(-0.500000000000017,0.866025403784429,0.));
#15124=DIRECTION('',(0.,1.,0.));
#15125=DIRECTION('',(0.500000000000017,0.866025403784429,0.));
#15126=DIRECTION('center_axis',(-0.866025403784429,0.500000000000017,0.));
#15127=DIRECTION('ref_axis',(0.500000000000017,0.866025403784429,0.));
#15128=DIRECTION('',(0.447213595499977,0.774596669241461,-0.447213595499977));
#15129=DIRECTION('center_axis',(-0.707106781186548,0.,-0.707106781186548));
#15130=DIRECTION('ref_axis',(-0.707106781186548,0.,0.707106781186548));
#15131=DIRECTION('',(0.447213595499977,0.774596669241461,-0.447213595499977));
#15132=DIRECTION('',(0.,-1.,0.));
#15133=DIRECTION('',(0.447213595499977,-0.774596669241461,-0.447213595499977));
#15134=DIRECTION('center_axis',(-0.707106781186548,0.,-0.707106781186548));
#15135=DIRECTION('ref_axis',(-0.707106781186548,0.,0.707106781186548));
#15136=DIRECTION('',(0.447213595499977,-0.774596669241461,-0.447213595499977));
#15137=DIRECTION('center_axis',(0.866025403784429,0.500000000000017,0.));
#15138=DIRECTION('ref_axis',(0.500000000000017,-0.866025403784429,0.));
#15139=DIRECTION('',(0.500000000000017,-0.866025403784429,0.));
#15140=DIRECTION('center_axis',(0.,0.,-1.));
#15141=DIRECTION('ref_axis',(1.,0.,0.));
#15142=DIRECTION('',(0.94899222899836,0.315299459721587,0.));
#15143=DIRECTION('',(-0.500000000000017,0.866025403784429,0.));
#15144=DIRECTION('',(0.500000000000017,0.866025403784429,0.));
#15145=DIRECTION('',(-0.500000000000017,-0.866025403784429,0.));
#15146=DIRECTION('',(0.500000000000017,0.866025403784429,0.));
#15147=DIRECTION('',(-0.500000000000017,0.866025403784429,0.));
#15148=DIRECTION('',(-1.,0.,0.));
#15149=DIRECTION('',(-0.500000000000017,-0.866025403784429,0.));
#15150=DIRECTION('',(0.500000000000017,-0.866025403784429,0.));
#15151=DIRECTION('center_axis',(-0.315299459721587,0.94899222899836,0.));
#15152=DIRECTION('ref_axis',(0.94899222899836,0.315299459721587,0.));
#15153=DIRECTION('',(0.,0.,-1.));
#15154=DIRECTION('center_axis',(0.315299459721587,-0.94899222899836,0.));
#15155=DIRECTION('ref_axis',(0.94899222899836,0.315299459721587,0.));
#15156=DIRECTION('center_axis',(0.,-1.,0.));
#15157=DIRECTION('ref_axis',(0.707106781186548,0.,0.707106781186548));
#15158=DIRECTION('',(0.,-1.,0.));
#15159=DIRECTION('center_axis',(-0.315299459721587,0.94899222899836,0.));
#15160=DIRECTION('ref_axis',(0.94899222899836,0.315299459721587,0.));
#15161=DIRECTION('center_axis',(-0.707106781186548,0.,-0.707106781186548));
#15162=DIRECTION('ref_axis',(-0.707106781186548,0.,0.707106781186548));
#15163=DIRECTION('',(0.,1.,0.));
#15164=DIRECTION('center_axis',(0.,1.,0.));
#15165=DIRECTION('ref_axis',(0.707106781186548,0.,0.707106781186548));
#15166=DIRECTION('',(0.,1.,0.));
#15167=DIRECTION('center_axis',(-0.970282008597718,0.,-0.241976907558505));
#15168=DIRECTION('ref_axis',(0.241976907558505,0.,-0.970282008597718));
#15169=DIRECTION('center_axis',(0.315299459721587,-0.94899222899836,0.));
#15170=DIRECTION('ref_axis',(-0.94899222899836,-0.315299459721587,0.));
#15171=DIRECTION('center_axis',(-0.866025403784429,-0.500000000000017,0.));
#15172=DIRECTION('ref_axis',(-0.500000000000017,0.866025403784429,0.));
#15173=DIRECTION('',(0.,0.,-1.));
#15174=DIRECTION('center_axis',(-0.866025403784429,0.500000000000017,0.));
#15175=DIRECTION('ref_axis',(0.500000000000017,0.866025403784429,0.));
#15176=DIRECTION('center_axis',(-0.866025403784429,-0.500000000000017,0.));
#15177=DIRECTION('ref_axis',(0.500000000000017,-0.866025403784429,0.));
#15178=DIRECTION('',(0.,0.,-1.));
#15179=DIRECTION('',(0.500000000000017,-0.866025403784429,0.));
#15180=DIRECTION('center_axis',(0.,0.,1.));
#15181=DIRECTION('ref_axis',(1.,0.,0.));
#15182=DIRECTION('',(-0.500000000000017,-0.866025403784429,0.));
#15183=DIRECTION('',(-1.,0.,0.));
#15184=DIRECTION('',(-0.500000000000017,0.866025403784429,0.));
#15185=DIRECTION('',(0.500000000000017,0.866025403784429,0.));
#15186=DIRECTION('center_axis',(0.,0.,1.));
#15187=DIRECTION('ref_axis',(-1.,0.,0.));
#15188=DIRECTION('center_axis',(-0.866025403784429,0.500000000000017,0.));
#15189=DIRECTION('ref_axis',(-0.500000000000017,-0.866025403784429,0.));
#15190=DIRECTION('',(0.,0.,1.));
#15191=DIRECTION('center_axis',(0.,1.,0.));
#15192=DIRECTION('ref_axis',(-1.,0.,0.));
#15193=DIRECTION('',(0.,0.,-1.));
#15194=DIRECTION('center_axis',(0.866025403784429,0.500000000000017,0.));
#15195=DIRECTION('ref_axis',(-0.500000000000017,0.866025403784429,0.));
#15196=DIRECTION('',(0.,0.,-1.));
#15197=DIRECTION('center_axis',(0.866025403784429,-0.500000000000017,0.));
#15198=DIRECTION('ref_axis',(0.500000000000017,0.866025403784429,0.));
#15199=DIRECTION('center_axis',(0.,0.,1.));
#15200=DIRECTION('ref_axis',(-1.,0.,0.));
#15201=DIRECTION('',(0.,0.,1.));
#15202=DIRECTION('center_axis',(0.866025403784429,-0.500000000000017,0.));
#15203=DIRECTION('ref_axis',(-0.500000000000017,-0.866025403784429,0.));
#15204=DIRECTION('center_axis',(-0.866025403784429,-0.500000000000017,0.));
#15205=DIRECTION('ref_axis',(-0.500000000000017,0.866025403784429,0.));
#15206=DIRECTION('center_axis',(-0.866025403784429,-0.500000000000017,0.));
#15207=DIRECTION('ref_axis',(0.500000000000017,-0.866025403784429,0.));
#15208=DIRECTION('',(0.,0.,1.));
#15209=DIRECTION('',(0.500000000000017,-0.866025403784429,0.));
#15210=DIRECTION('center_axis',(0.,0.,-1.));
#15211=DIRECTION('ref_axis',(1.,0.,0.));
#15212=DIRECTION('',(-0.500000000000017,0.866025403784429,0.));
#15213=DIRECTION('',(0.500000000000017,0.866025403784429,0.));
#15214=DIRECTION('',(-0.500000000000017,-0.866025403784429,0.));
#15215=DIRECTION('',(-1.,0.,0.));
#15216=DIRECTION('center_axis',(0.,0.,1.));
#15217=DIRECTION('ref_axis',(-1.,0.,0.));
#15218=DIRECTION('center_axis',(0.866025403784429,0.500000000000017,0.));
#15219=DIRECTION('ref_axis',(-0.500000000000017,0.866025403784429,0.));
#15220=DIRECTION('',(0.,0.,1.));
#15221=DIRECTION('',(0.,0.,-1.));
#15222=DIRECTION('center_axis',(0.866025403784429,-0.500000000000017,0.));
#15223=DIRECTION('ref_axis',(0.500000000000017,0.866025403784429,0.));
#15224=DIRECTION('center_axis',(0.,1.,0.));
#15225=DIRECTION('ref_axis',(-1.,0.,0.));
#15226=DIRECTION('',(0.,0.,1.));
#15227=DIRECTION('center_axis',(-0.866025403784429,0.500000000000017,0.));
#15228=DIRECTION('ref_axis',(-0.500000000000017,-0.866025403784429,0.));
#15229=DIRECTION('center_axis',(0.,0.,1.));
#15230=DIRECTION('ref_axis',(-1.,0.,0.));
#15231=DIRECTION('',(0.,0.,1.));
#15232=DIRECTION('center_axis',(0.500000000000017,-0.866025403784429,0.));
#15233=DIRECTION('ref_axis',(-0.866025403784429,-0.500000000000017,0.));
#15234=DIRECTION('',(0.,0.,-1.));
#15235=DIRECTION('center_axis',(1.,0.,0.));
#15236=DIRECTION('ref_axis',(0.,-1.,0.));
#15237=DIRECTION('',(0.,0.,-1.));
#15238=DIRECTION('center_axis',(0.500000000000017,0.866025403784429,0.));
#15239=DIRECTION('ref_axis',(0.866025403784429,-0.500000000000017,0.));
#15240=DIRECTION('center_axis',(-0.500000000000017,-0.866025403784429,0.));
#15241=DIRECTION('ref_axis',(-0.866025403784429,0.500000000000017,0.));
#15242=DIRECTION('center_axis',(1.,0.,0.));
#15243=DIRECTION('ref_axis',(0.,-1.,0.));
#15244=DIRECTION('',(0.,0.,-1.));
#15245=DIRECTION('',(0.,-1.,0.));
#15246=DIRECTION('',(0.,0.,-1.));
#15247=DIRECTION('',(0.,0.,-1.));
#15248=DIRECTION('',(0.,0.,-1.));
#15249=DIRECTION('center_axis',(0.500000000000017,-0.866025403784429,0.));
#15250=DIRECTION('ref_axis',(-0.866025403784429,-0.500000000000017,0.));
#15251=DIRECTION('',(0.,0.,-1.));
#15252=DIRECTION('',(-0.866025403784429,-0.500000000000017,0.));
#15253=DIRECTION('center_axis',(0.,0.,-1.));
#15254=DIRECTION('ref_axis',(0.,-1.,0.));
#15255=DIRECTION('',(0.866025403784429,0.500000000000017,0.));
#15256=DIRECTION('',(0.866025403784429,-0.500000000000017,0.));
#15257=DIRECTION('',(-0.866025403784429,0.500000000000017,0.));
#15258=DIRECTION('',(0.,1.,0.));
#15259=DIRECTION('center_axis',(0.,0.,1.));
#15260=DIRECTION('ref_axis',(0.,1.,0.));
#15261=DIRECTION('center_axis',(-0.500000000000017,0.866025403784429,0.));
#15262=DIRECTION('ref_axis',(0.866025403784429,0.500000000000017,0.));
#15263=DIRECTION('',(0.,0.,-1.));
#15264=DIRECTION('',(0.,0.,1.));
#15265=DIRECTION('center_axis',(0.500000000000017,0.866025403784429,0.));
#15266=DIRECTION('ref_axis',(0.866025403784429,-0.500000000000017,0.));
#15267=DIRECTION('center_axis',(-1.,0.,0.));
#15268=DIRECTION('ref_axis',(0.,1.,0.));
#15269=DIRECTION('',(0.,0.,-1.));
#15270=DIRECTION('center_axis',(-0.500000000000017,-0.866025403784429,0.));
#15271=DIRECTION('ref_axis',(-0.866025403784429,0.500000000000017,0.));
#15272=DIRECTION('center_axis',(0.,0.,1.));
#15273=DIRECTION('ref_axis',(0.,-1.,0.));
#15274=DIRECTION('',(0.,0.,1.));
#15275=DIRECTION('center_axis',(0.500000000000017,-0.866025403784429,0.));
#15276=DIRECTION('ref_axis',(-0.866025403784429,-0.500000000000017,0.));
#15277=DIRECTION('center_axis',(0.500000000000017,0.866025403784429,0.));
#15278=DIRECTION('ref_axis',(0.866025403784429,-0.500000000000017,0.));
#15279=DIRECTION('center_axis',(-0.500000000000017,-0.866025403784429,0.));
#15280=DIRECTION('ref_axis',(-0.866025403784429,0.500000000000017,0.));
#15281=DIRECTION('',(0.,0.,-1.));
#15282=DIRECTION('center_axis',(-1.,0.,0.));
#15283=DIRECTION('ref_axis',(0.,1.,0.));
#15284=DIRECTION('',(0.,0.,-1.));
#15285=DIRECTION('center_axis',(-0.500000000000017,0.866025403784429,0.));
#15286=DIRECTION('ref_axis',(0.866025403784429,0.500000000000017,0.));
#15287=DIRECTION('center_axis',(-0.315299459721587,0.94899222899836,0.));
#15288=DIRECTION('ref_axis',(0.94899222899836,0.315299459721587,0.));
#15289=DIRECTION('center_axis',(0.315299459721587,-0.94899222899836,0.));
#15290=DIRECTION('ref_axis',(-0.94899222899836,-0.315299459721587,0.));
#15291=DIRECTION('center_axis',(0.,1.,0.));
#15292=DIRECTION('ref_axis',(-0.707106781186548,0.,0.707106781186548));
#15293=DIRECTION('center_axis',(0.707106781186548,0.,-0.707106781186548));
#15294=DIRECTION('ref_axis',(-0.707106781186548,0.,-0.707106781186548));
#15295=DIRECTION('center_axis',(0.707106781186548,0.,-0.707106781186548));
#15296=DIRECTION('ref_axis',(-0.707106781186548,0.,-0.707106781186548));
#15297=DIRECTION('center_axis',(1.,0.,0.));
#15298=DIRECTION('ref_axis',(0.,1.,0.));
#15299=DIRECTION('',(0.,0.,1.));
#15300=DIRECTION('center_axis',(1.,0.,0.));
#15301=DIRECTION('ref_axis',(0.,1.,0.));
#15302=DIRECTION('',(0.,0.,-1.));
#15303=DIRECTION('center_axis',(0.,0.,1.));
#15304=DIRECTION('ref_axis',(-1.,0.,0.));
#15305=DIRECTION('',(0.,0.,1.));
#15306=DIRECTION('center_axis',(0.,1.,0.));
#15307=DIRECTION('ref_axis',(-1.,0.,0.));
#15308=DIRECTION('',(0.,0.,-1.));
#15309=DIRECTION('center_axis',(0.,0.,-1.));
#15310=DIRECTION('ref_axis',(1.,1.22464679914735E-16,0.));
#15311=DIRECTION('',(0.,0.,-1.));
#15312=DIRECTION('center_axis',(0.,1.,0.));
#15313=DIRECTION('ref_axis',(1.,0.,0.));
#15314=DIRECTION('',(0.,0.,1.));
#15315=DIRECTION('center_axis',(-1.,0.,0.));
#15316=DIRECTION('ref_axis',(0.,-1.,0.));
#15317=DIRECTION('',(0.,0.,-1.));
#15318=DIRECTION('center_axis',(0.,0.,-1.));
#15319=DIRECTION('ref_axis',(-1.,0.,0.));
#15320=DIRECTION('',(0.,0.,-1.));
#15321=DIRECTION('center_axis',(0.,1.,0.));
#15322=DIRECTION('ref_axis',(-1.,0.,0.));
#15323=DIRECTION('',(0.,0.,-1.));
#15324=DIRECTION('center_axis',(0.,0.,-1.));
#15325=DIRECTION('ref_axis',(0.,1.,0.));
#15326=DIRECTION('',(0.,0.,-1.));
#15327=DIRECTION('center_axis',(1.,0.,0.));
#15328=DIRECTION('ref_axis',(0.,1.,0.));
#15329=DIRECTION('',(0.,0.,-1.));
#15330=DIRECTION('center_axis',(0.,0.,-1.));
#15331=DIRECTION('ref_axis',(1.,0.,0.));
#15332=DIRECTION('',(0.,0.,-1.));
#15333=DIRECTION('center_axis',(0.,-1.,0.));
#15334=DIRECTION('ref_axis',(1.,0.,0.));
#15335=DIRECTION('',(0.,0.,-1.));
#15336=DIRECTION('center_axis',(0.,0.,-1.));
#15337=DIRECTION('ref_axis',(-1.,0.,0.));
#15338=DIRECTION('center_axis',(-1.,0.,0.));
#15339=DIRECTION('ref_axis',(0.,-1.,0.));
#15340=DIRECTION('',(0.,0.,-1.));
#15341=DIRECTION('center_axis',(-1.,0.,0.));
#15342=DIRECTION('ref_axis',(0.,-1.,0.));
#15343=DIRECTION('',(0.,0.,1.));
#15344=DIRECTION('center_axis',(0.,0.,-1.));
#15345=DIRECTION('ref_axis',(1.,0.,0.));
#15346=DIRECTION('',(0.,0.,-1.));
#15347=DIRECTION('center_axis',(0.,1.,0.));
#15348=DIRECTION('ref_axis',(-1.,0.,0.));
#15349=DIRECTION('',(0.,0.,-1.));
#15350=DIRECTION('center_axis',(0.,0.,-1.));
#15351=DIRECTION('ref_axis',(-1.,0.,0.));
#15352=DIRECTION('',(0.,0.,-1.));
#15353=DIRECTION('center_axis',(0.,1.,0.));
#15354=DIRECTION('ref_axis',(1.,0.,0.));
#15355=DIRECTION('',(0.,0.,1.));
#15356=DIRECTION('center_axis',(1.,0.,0.));
#15357=DIRECTION('ref_axis',(0.,1.,0.));
#15358=DIRECTION('',(0.,0.,-1.));
#15359=DIRECTION('center_axis',(0.,0.,-1.));
#15360=DIRECTION('ref_axis',(0.,1.,0.));
#15361=DIRECTION('',(0.,0.,-1.));
#15362=DIRECTION('center_axis',(0.,1.,0.));
#15363=DIRECTION('ref_axis',(-1.,0.,0.));
#15364=DIRECTION('',(0.,0.,-1.));
#15365=DIRECTION('center_axis',(0.,0.,-1.));
#15366=DIRECTION('ref_axis',(-1.,0.,0.));
#15367=DIRECTION('',(0.,0.,-1.));
#15368=DIRECTION('center_axis',(-1.,0.,0.));
#15369=DIRECTION('ref_axis',(0.,-1.,0.));
#15370=DIRECTION('',(0.,0.,-1.));
#15371=DIRECTION('center_axis',(0.,0.,-1.));
#15372=DIRECTION('ref_axis',(0.,-1.,0.));
#15373=DIRECTION('',(0.,0.,-1.));
#15374=DIRECTION('center_axis',(0.,-1.,0.));
#15375=DIRECTION('ref_axis',(1.,0.,0.));
#15376=DIRECTION('',(0.,0.,1.));
#15377=DIRECTION('center_axis',(0.,0.,1.));
#15378=DIRECTION('ref_axis',(1.,0.,0.));
#15379=DIRECTION('center_axis',(-0.707106781186548,0.,-0.707106781186548));
#15380=DIRECTION('ref_axis',(-0.707106781186548,0.,0.707106781186548));
#15381=DIRECTION('center_axis',(-0.707106781186548,0.,-0.707106781186548));
#15382=DIRECTION('ref_axis',(-0.707106781186548,0.,0.707106781186548));
#15383=DIRECTION('center_axis',(0.,0.,-1.));
#15384=DIRECTION('ref_axis',(-1.,0.,0.));
#15385=DIRECTION('',(0.500000000000017,-0.866025403784429,0.));
#15386=DIRECTION('',(-0.500000000000017,-0.866025403784429,0.));
#15387=DIRECTION('',(0.500000000000017,0.866025403784429,0.));
#15388=DIRECTION('',(-0.500000000000017,-0.866025403784429,0.));
#15389=DIRECTION('',(0.500000000000017,-0.866025403784429,0.));
#15390=DIRECTION('',(1.,0.,0.));
#15391=DIRECTION('',(0.500000000000017,0.866025403784429,0.));
#15392=DIRECTION('',(-0.500000000000017,0.866025403784429,0.));
#15393=DIRECTION('center_axis',(0.866025403784429,0.500000000000017,0.));
#15394=DIRECTION('ref_axis',(-0.500000000000017,0.866025403784429,0.));
#15395=DIRECTION('',(0.,0.,-1.));
#15396=DIRECTION('',(-0.500000000000017,0.866025403784429,0.));
#15397=DIRECTION('center_axis',(0.,0.,1.));
#15398=DIRECTION('ref_axis',(-1.,0.,0.));
#15399=DIRECTION('',(0.500000000000017,0.866025403784429,0.));
#15400=DIRECTION('',(1.,0.,0.));
#15401=DIRECTION('',(0.500000000000017,-0.866025403784429,0.));
#15402=DIRECTION('',(-0.500000000000017,-0.866025403784429,0.));
#15403=DIRECTION('center_axis',(0.,0.,1.));
#15404=DIRECTION('ref_axis',(-1.,0.,0.));
#15405=DIRECTION('center_axis',(0.866025403784429,-0.500000000000017,0.));
#15406=DIRECTION('ref_axis',(0.500000000000017,0.866025403784429,0.));
#15407=DIRECTION('',(0.,0.,1.));
#15408=DIRECTION('center_axis',(0.,-1.,0.));
#15409=DIRECTION('ref_axis',(1.,0.,0.));
#15410=DIRECTION('',(0.,0.,-1.));
#15411=DIRECTION('center_axis',(-0.866025403784429,-0.500000000000017,0.));
#15412=DIRECTION('ref_axis',(0.500000000000017,-0.866025403784429,0.));
#15413=DIRECTION('',(0.,0.,-1.));
#15414=DIRECTION('center_axis',(-0.866025403784429,0.500000000000017,0.));
#15415=DIRECTION('ref_axis',(-0.500000000000017,-0.866025403784429,0.));
#15416=DIRECTION('center_axis',(0.,0.,1.));
#15417=DIRECTION('ref_axis',(-1.,0.,0.));
#15418=DIRECTION('',(0.,0.,1.));
#15419=DIRECTION('center_axis',(-0.866025403784429,0.500000000000017,0.));
#15420=DIRECTION('ref_axis',(0.500000000000017,0.866025403784429,0.));
#15421=DIRECTION('center_axis',(0.866025403784429,-0.500000000000017,0.));
#15422=DIRECTION('ref_axis',(-0.500000000000017,-0.866025403784429,0.));
#15423=DIRECTION('',(0.,0.,-1.));
#15424=DIRECTION('center_axis',(0.866025403784429,0.500000000000017,0.));
#15425=DIRECTION('ref_axis',(0.500000000000017,-0.866025403784429,0.));
#15426=DIRECTION('center_axis',(-0.500000000000017,0.866025403784429,0.));
#15427=DIRECTION('ref_axis',(0.866025403784429,0.500000000000017,0.));
#15428=DIRECTION('',(0.,0.,-1.));
#15429=DIRECTION('center_axis',(-1.,0.,0.));
#15430=DIRECTION('ref_axis',(0.,1.,0.));
#15431=DIRECTION('',(0.,0.,-1.));
#15432=DIRECTION('center_axis',(-0.500000000000017,-0.866025403784429,0.));
#15433=DIRECTION('ref_axis',(-0.866025403784429,0.500000000000017,0.));
#15434=DIRECTION('center_axis',(0.500000000000017,0.866025403784429,0.));
#15435=DIRECTION('ref_axis',(0.866025403784429,-0.500000000000017,0.));
#15436=DIRECTION('',(0.,0.,-1.));
#15437=DIRECTION('center_axis',(1.,0.,0.));
#15438=DIRECTION('ref_axis',(0.,-1.,0.));
#15439=DIRECTION('',(0.,0.,-1.));
#15440=DIRECTION('center_axis',(0.500000000000017,-0.866025403784429,0.));
#15441=DIRECTION('ref_axis',(-0.866025403784429,-0.500000000000017,0.));
#15442=DIRECTION('center_axis',(-0.500000000000017,0.866025403784429,0.));
#15443=DIRECTION('ref_axis',(0.866025403784429,0.500000000000017,0.));
#15444=DIRECTION('center_axis',(0.500000000000017,0.866025403784429,0.));
#15445=DIRECTION('ref_axis',(0.866025403784429,-0.500000000000017,0.));
#15446=DIRECTION('',(0.,0.,-1.));
#15447=DIRECTION('center_axis',(1.,0.,0.));
#15448=DIRECTION('ref_axis',(0.,-1.,0.));
#15449=DIRECTION('',(0.,0.,-1.));
#15450=DIRECTION('center_axis',(0.500000000000017,-0.866025403784429,0.));
#15451=DIRECTION('ref_axis',(-0.866025403784429,-0.500000000000017,0.));
#15452=DIRECTION('center_axis',(-0.500000000000017,0.866025403784429,0.));
#15453=DIRECTION('ref_axis',(0.866025403784429,0.500000000000017,0.));
#15454=DIRECTION('',(0.,0.,-1.));
#15455=DIRECTION('center_axis',(-1.,0.,0.));
#15456=DIRECTION('ref_axis',(0.,1.,0.));
#15457=DIRECTION('',(0.,0.,-1.));
#15458=DIRECTION('center_axis',(-0.500000000000017,-0.866025403784429,0.));
#15459=DIRECTION('ref_axis',(-0.866025403784429,0.500000000000017,0.));
#15460=DIRECTION('center_axis',(0.500000000000017,0.866025403784429,0.));
#15461=DIRECTION('ref_axis',(0.866025403784429,-0.500000000000017,0.));
#15462=DIRECTION('',(0.,0.,-1.));
#15463=DIRECTION('center_axis',(1.,0.,0.));
#15464=DIRECTION('ref_axis',(0.,-1.,0.));
#15465=DIRECTION('',(0.,0.,-1.));
#15466=DIRECTION('center_axis',(0.500000000000017,-0.866025403784429,0.));
#15467=DIRECTION('ref_axis',(-0.866025403784429,-0.500000000000017,0.));
#15468=DIRECTION('center_axis',(0.,0.,1.));
#15469=DIRECTION('ref_axis',(0.,-1.,0.));
#15470=DIRECTION('center_axis',(0.,0.,1.));
#15471=DIRECTION('ref_axis',(-0.661437827766121,-0.750000000000024,0.));
#15472=DIRECTION('center_axis',(0.,0.,1.));
#15473=DIRECTION('ref_axis',(1.22464679914735E-16,1.,0.));
#15474=DIRECTION('center_axis',(0.,0.,1.));
#15475=DIRECTION('ref_axis',(0.661437827766121,0.750000000000024,0.));
#15476=DIRECTION('center_axis',(0.,0.,-1.));
#15477=DIRECTION('ref_axis',(-1.,0.,0.));
#15478=DIRECTION('center_axis',(0.,0.,-1.));
#15479=DIRECTION('ref_axis',(-1.,0.,0.));
#15480=DIRECTION('center_axis',(0.,0.,1.));
#15481=DIRECTION('ref_axis',(0.,1.,0.));
#15482=DIRECTION('',(0.,0.,1.));
#15483=DIRECTION('center_axis',(-1.,0.,0.));
#15484=DIRECTION('ref_axis',(0.,1.,0.));
#15485=DIRECTION('',(0.,0.,1.));
#15486=DIRECTION('center_axis',(0.,0.,1.));
#15487=DIRECTION('ref_axis',(-1.,0.,0.));
#15488=DIRECTION('axis',(0.,0.,1.));
#15489=DIRECTION('refdir',(1.,0.,0.));
#15490=DIRECTION('center_axis',(0.,1.,0.));
#15491=DIRECTION('ref_axis',(1.,0.,0.));
#15492=DIRECTION('',(1.,0.,0.));
#15493=DIRECTION('',(0.,0.,1.));
#15494=DIRECTION('',(-1.,0.,0.));
#15495=DIRECTION('',(0.,0.,-1.));
#15496=DIRECTION('',(1.,0.,0.));
#15497=DIRECTION('',(0.,0.,-1.));
#15498=DIRECTION('',(1.,0.,0.));
#15499=DIRECTION('',(0.,0.,-1.));
#15500=DIRECTION('',(1.,0.,0.));
#15501=DIRECTION('',(0.,0.,1.));
#15502=DIRECTION('',(-1.,0.,0.));
#15503=DIRECTION('',(0.,0.,1.));
#15504=DIRECTION('center_axis',(0.,-1.,0.));
#15505=DIRECTION('ref_axis',(0.,0.,-1.));
#15506=DIRECTION('center_axis',(0.,-1.,0.));
#15507=DIRECTION('ref_axis',(0.,0.,-1.));
#15508=DIRECTION('center_axis',(0.,-1.,0.));
#15509=DIRECTION('ref_axis',(0.,0.,-1.));
#15510=DIRECTION('center_axis',(0.,-1.,0.));
#15511=DIRECTION('ref_axis',(0.,0.,-1.));
#15512=DIRECTION('center_axis',(0.,-1.,0.));
#15513=DIRECTION('ref_axis',(0.,0.,-1.));
#15514=DIRECTION('center_axis',(0.,-1.,0.));
#15515=DIRECTION('ref_axis',(0.,0.,-1.));
#15516=DIRECTION('center_axis',(0.,-1.,0.));
#15517=DIRECTION('ref_axis',(0.,0.,-1.));
#15518=DIRECTION('center_axis',(0.,-1.,0.));
#15519=DIRECTION('ref_axis',(0.,0.,-1.));
#15520=DIRECTION('',(1.,0.,0.));
#15521=DIRECTION('',(0.,0.,-1.));
#15522=DIRECTION('center_axis',(0.,-1.,0.));
#15523=DIRECTION('ref_axis',(0.750000000000024,0.,-0.661437827766121));
#15524=DIRECTION('',(0.,0.,-1.));
#15525=DIRECTION('',(-1.,0.,0.));
#15526=DIRECTION('',(0.,0.,1.));
#15527=DIRECTION('center_axis',(0.,-1.,0.));
#15528=DIRECTION('ref_axis',(-0.750000000000024,0.,0.661437827766121));
#15529=DIRECTION('',(0.,0.,1.));
#15530=DIRECTION('center_axis',(0.,-1.,0.));
#15531=DIRECTION('ref_axis',(0.,0.,-1.));
#15532=DIRECTION('center_axis',(0.,-1.,0.));
#15533=DIRECTION('ref_axis',(0.,0.,-1.));
#15534=DIRECTION('',(0.,-1.,0.));
#15535=DIRECTION('center_axis',(0.,1.,0.));
#15536=DIRECTION('ref_axis',(0.,0.,1.));
#15537=DIRECTION('',(-1.,0.,0.));
#15538=DIRECTION('',(-0.500000000000017,0.,0.866025403784429));
#15539=DIRECTION('',(0.500000000000017,0.,0.866025403784429));
#15540=DIRECTION('',(1.,0.,0.));
#15541=DIRECTION('',(0.500000000000017,0.,-0.866025403784429));
#15542=DIRECTION('',(-0.500000000000017,0.,-0.866025403784429));
#15543=DIRECTION('center_axis',(0.,0.,-1.));
#15544=DIRECTION('ref_axis',(-1.,0.,0.));
#15545=DIRECTION('',(0.,1.,0.));
#15546=DIRECTION('',(0.,-1.,0.));
#15547=DIRECTION('',(1.,0.,0.));
#15548=DIRECTION('center_axis',(-0.866025403784429,0.,-0.500000000000017));
#15549=DIRECTION('ref_axis',(-0.500000000000017,0.,0.866025403784429));
#15550=DIRECTION('',(0.,1.,0.));
#15551=DIRECTION('',(0.500000000000017,0.,-0.866025403784429));
#15552=DIRECTION('center_axis',(-0.866025403784429,0.,0.500000000000017));
#15553=DIRECTION('ref_axis',(0.500000000000017,0.,0.866025403784429));
#15554=DIRECTION('',(0.,1.,0.));
#15555=DIRECTION('',(-0.500000000000017,0.,-0.866025403784429));
#15556=DIRECTION('center_axis',(0.,0.,1.));
#15557=DIRECTION('ref_axis',(1.,0.,0.));
#15558=DIRECTION('',(0.,1.,0.));
#15559=DIRECTION('',(-1.,0.,0.));
#15560=DIRECTION('center_axis',(0.866025403784429,0.,0.500000000000017));
#15561=DIRECTION('ref_axis',(0.500000000000017,0.,-0.866025403784429));
#15562=DIRECTION('',(0.,1.,0.));
#15563=DIRECTION('',(-0.500000000000017,0.,0.866025403784429));
#15564=DIRECTION('center_axis',(0.866025403784429,0.,-0.500000000000017));
#15565=DIRECTION('ref_axis',(-0.500000000000017,0.,-0.866025403784429));
#15566=DIRECTION('',(0.500000000000017,0.,0.866025403784429));
#15567=DIRECTION('center_axis',(0.,1.,0.));
#15568=DIRECTION('ref_axis',(0.,0.,1.));
#15569=DIRECTION('',(0.,0.,1.));
#15570=DIRECTION('',(-0.500000000000017,0.,-0.866025403784429));
#15571=DIRECTION('',(-1.,0.,0.));
#15572=DIRECTION('',(-0.500000000000017,0.,0.866025403784429));
#15573=DIRECTION('',(0.,0.,1.));
#15574=DIRECTION('',(0.500000000000017,0.,0.866025403784429));
#15575=DIRECTION('',(1.,0.,0.));
#15576=DIRECTION('',(0.500000000000017,0.,-0.866025403784429));
#15577=DIRECTION('',(0.500000000000017,0.,0.866025403784429));
#15578=DIRECTION('',(-0.500000000000017,0.,0.866025403784429));
#15579=DIRECTION('',(-1.,0.,0.));
#15580=DIRECTION('',(-0.500000000000017,0.,-0.866025403784429));
#15581=DIRECTION('',(0.500000000000017,0.,-0.866025403784429));
#15582=DIRECTION('',(1.,0.,0.));
#15583=DIRECTION('center_axis',(0.,1.,0.));
#15584=DIRECTION('ref_axis',(0.,0.,1.));
#15585=DIRECTION('',(0.,0.,1.));
#15586=DIRECTION('',(-0.500000000000017,0.,-0.866025403784429));
#15587=DIRECTION('',(-1.,0.,0.));
#15588=DIRECTION('',(-0.500000000000017,0.,0.866025403784429));
#15589=DIRECTION('',(0.,0.,1.));
#15590=DIRECTION('',(0.500000000000017,0.,0.866025403784429));
#15591=DIRECTION('',(1.,0.,0.));
#15592=DIRECTION('',(0.500000000000017,0.,-0.866025403784429));
#15593=DIRECTION('',(0.500000000000017,0.,0.866025403784429));
#15594=DIRECTION('',(-0.500000000000017,0.,0.866025403784429));
#15595=DIRECTION('',(-1.,0.,0.));
#15596=DIRECTION('',(-0.500000000000017,0.,-0.866025403784429));
#15597=DIRECTION('',(0.500000000000017,0.,-0.866025403784429));
#15598=DIRECTION('',(1.,0.,0.));
#15599=DIRECTION('center_axis',(0.,1.,0.));
#15600=DIRECTION('ref_axis',(0.,0.,1.));
#15601=DIRECTION('',(0.,0.,1.));
#15602=DIRECTION('',(-0.500000000000017,0.,-0.866025403784429));
#15603=DIRECTION('',(-1.,0.,0.));
#15604=DIRECTION('',(-0.500000000000017,0.,0.866025403784429));
#15605=DIRECTION('',(0.,0.,1.));
#15606=DIRECTION('',(0.500000000000017,0.,0.866025403784429));
#15607=DIRECTION('',(1.,0.,0.));
#15608=DIRECTION('',(0.500000000000017,0.,-0.866025403784429));
#15609=DIRECTION('',(0.500000000000017,0.,0.866025403784429));
#15610=DIRECTION('',(-0.500000000000017,0.,0.866025403784429));
#15611=DIRECTION('',(-1.,0.,0.));
#15612=DIRECTION('',(-0.500000000000017,0.,-0.866025403784429));
#15613=DIRECTION('',(0.500000000000017,0.,-0.866025403784429));
#15614=DIRECTION('',(1.,0.,0.));
#15615=DIRECTION('center_axis',(0.,1.,0.));
#15616=DIRECTION('ref_axis',(0.,0.,1.));
#15617=DIRECTION('',(0.,0.,1.));
#15618=DIRECTION('',(0.500000000000017,0.,0.866025403784429));
#15619=DIRECTION('',(1.,0.,0.));
#15620=DIRECTION('',(0.500000000000017,0.,-0.866025403784429));
#15621=DIRECTION('',(0.,0.,1.));
#15622=DIRECTION('',(-0.500000000000017,0.,-0.866025403784429));
#15623=DIRECTION('',(-1.,0.,0.));
#15624=DIRECTION('',(-0.500000000000017,0.,0.866025403784429));
#15625=DIRECTION('',(0.500000000000017,0.,0.866025403784429));
#15626=DIRECTION('',(-0.500000000000017,0.,0.866025403784429));
#15627=DIRECTION('',(-1.,0.,0.));
#15628=DIRECTION('',(-0.500000000000017,0.,-0.866025403784429));
#15629=DIRECTION('',(0.500000000000017,0.,-0.866025403784429));
#15630=DIRECTION('',(1.,0.,0.));
#15631=DIRECTION('center_axis',(0.,1.,0.));
#15632=DIRECTION('ref_axis',(0.,0.,1.));
#15633=DIRECTION('',(0.,0.,1.));
#15634=DIRECTION('',(0.500000000000017,0.,0.866025403784429));
#15635=DIRECTION('',(1.,0.,0.));
#15636=DIRECTION('',(0.500000000000017,0.,-0.866025403784429));
#15637=DIRECTION('',(0.,0.,1.));
#15638=DIRECTION('',(-0.500000000000017,0.,-0.866025403784429));
#15639=DIRECTION('',(-1.,0.,0.));
#15640=DIRECTION('',(-0.500000000000017,0.,0.866025403784429));
#15641=DIRECTION('center_axis',(0.,1.,0.));
#15642=DIRECTION('ref_axis',(0.,0.,1.));
#15643=DIRECTION('',(0.,0.,1.));
#15644=DIRECTION('',(0.500000000000017,0.,0.866025403784429));
#15645=DIRECTION('',(1.,0.,0.));
#15646=DIRECTION('',(0.500000000000017,0.,-0.866025403784429));
#15647=DIRECTION('',(0.,0.,1.));
#15648=DIRECTION('',(-0.500000000000017,0.,-0.866025403784429));
#15649=DIRECTION('',(-1.,0.,0.));
#15650=DIRECTION('',(-0.500000000000017,0.,0.866025403784429));
#15651=DIRECTION('',(0.500000000000017,0.,0.866025403784429));
#15652=DIRECTION('',(-0.500000000000017,0.,0.866025403784429));
#15653=DIRECTION('',(-1.,0.,0.));
#15654=DIRECTION('',(-0.500000000000017,0.,-0.866025403784429));
#15655=DIRECTION('',(0.500000000000017,0.,-0.866025403784429));
#15656=DIRECTION('',(1.,0.,0.));
#15657=DIRECTION('center_axis',(0.,1.,0.));
#15658=DIRECTION('ref_axis',(0.,0.,1.));
#15659=DIRECTION('',(1.,0.,0.));
#15660=DIRECTION('',(-0.500000000000017,0.,0.866025403784429));
#15661=DIRECTION('',(0.,0.,1.));
#15662=DIRECTION('',(0.500000000000017,0.,0.866025403784429));
#15663=DIRECTION('',(1.,0.,0.));
#15664=DIRECTION('',(0.500000000000017,0.,-0.866025403784429));
#15665=DIRECTION('',(0.,0.,1.));
#15666=DIRECTION('',(-0.500000000000017,0.,-0.866025403784429));
#15667=DIRECTION('',(1.,0.,0.));
#15668=DIRECTION('',(0.500000000000017,0.,0.866025403784429));
#15669=DIRECTION('',(-0.500000000000017,0.,0.866025403784429));
#15670=DIRECTION('',(-1.,0.,0.));
#15671=DIRECTION('',(-0.500000000000017,0.,-0.866025403784429));
#15672=DIRECTION('',(0.500000000000017,0.,-0.866025403784429));
#15673=DIRECTION('center_axis',(0.,1.,0.));
#15674=DIRECTION('ref_axis',(0.,0.,1.));
#15675=DIRECTION('',(-1.,0.,0.));
#15676=DIRECTION('',(0.500000000000017,0.,-0.866025403784429));
#15677=DIRECTION('',(0.,0.,1.));
#15678=DIRECTION('',(-0.500000000000017,0.,-0.866025403784429));
#15679=DIRECTION('',(-1.,0.,0.));
#15680=DIRECTION('',(-0.500000000000017,0.,0.866025403784429));
#15681=DIRECTION('',(0.,0.,1.));
#15682=DIRECTION('',(0.500000000000017,0.,0.866025403784429));
#15683=DIRECTION('',(-1.,0.,0.));
#15684=DIRECTION('',(-0.500000000000017,0.,-0.866025403784429));
#15685=DIRECTION('',(0.500000000000017,0.,-0.866025403784429));
#15686=DIRECTION('',(1.,0.,0.));
#15687=DIRECTION('',(0.500000000000017,0.,0.866025403784429));
#15688=DIRECTION('',(-0.500000000000017,0.,0.866025403784429));
#15689=DIRECTION('center_axis',(0.866025403784429,0.,-0.500000000000017));
#15690=DIRECTION('ref_axis',(-0.500000000000017,0.,-0.866025403784429));
#15691=DIRECTION('',(0.,-1.,0.));
#15692=DIRECTION('',(-0.500000000000017,0.,-0.866025403784429));
#15693=DIRECTION('',(0.,1.,0.));
#15694=DIRECTION('center_axis',(0.,0.,-1.));
#15695=DIRECTION('ref_axis',(-1.,0.,0.));
#15696=DIRECTION('',(0.,1.,0.));
#15697=DIRECTION('',(-1.,0.,0.));
#15698=DIRECTION('center_axis',(-0.866025403784429,0.,-0.500000000000017));
#15699=DIRECTION('ref_axis',(-0.500000000000017,0.,0.866025403784429));
#15700=DIRECTION('',(0.,1.,0.));
#15701=DIRECTION('',(-0.500000000000017,0.,0.866025403784429));
#15702=DIRECTION('center_axis',(-0.866025403784429,0.,0.500000000000017));
#15703=DIRECTION('ref_axis',(0.500000000000017,0.,0.866025403784429));
#15704=DIRECTION('',(0.,1.,0.));
#15705=DIRECTION('',(0.500000000000017,0.,0.866025403784429));
#15706=DIRECTION('center_axis',(0.,0.,1.));
#15707=DIRECTION('ref_axis',(1.,0.,0.));
#15708=DIRECTION('',(0.,1.,0.));
#15709=DIRECTION('',(1.,0.,0.));
#15710=DIRECTION('center_axis',(0.866025403784429,0.,0.500000000000017));
#15711=DIRECTION('ref_axis',(0.500000000000017,0.,-0.866025403784429));
#15712=DIRECTION('',(0.500000000000017,0.,-0.866025403784429));
#15713=DIRECTION('center_axis',(0.,1.,0.));
#15714=DIRECTION('ref_axis',(0.,0.,1.));
#15715=DIRECTION('center_axis',(0.,-1.,0.));
#15716=DIRECTION('ref_axis',(0.,0.,-1.));
#15717=DIRECTION('center_axis',(0.,-1.,0.));
#15718=DIRECTION('ref_axis',(0.,0.,-1.));
#15719=DIRECTION('',(0.,-1.,0.));
#15720=DIRECTION('center_axis',(0.866025403784429,0.,-0.500000000000017));
#15721=DIRECTION('ref_axis',(-0.500000000000017,0.,-0.866025403784429));
#15722=DIRECTION('',(0.,-1.,0.));
#15723=DIRECTION('',(-0.500000000000017,0.,-0.866025403784429));
#15724=DIRECTION('',(0.,1.,0.));
#15725=DIRECTION('center_axis',(0.,0.,-1.));
#15726=DIRECTION('ref_axis',(-1.,0.,0.));
#15727=DIRECTION('',(0.,1.,0.));
#15728=DIRECTION('',(-1.,0.,0.));
#15729=DIRECTION('center_axis',(-0.866025403784429,0.,-0.500000000000017));
#15730=DIRECTION('ref_axis',(-0.500000000000017,0.,0.866025403784429));
#15731=DIRECTION('',(0.,1.,0.));
#15732=DIRECTION('',(-0.500000000000017,0.,0.866025403784429));
#15733=DIRECTION('center_axis',(-0.866025403784429,0.,0.500000000000017));
#15734=DIRECTION('ref_axis',(0.500000000000017,0.,0.866025403784429));
#15735=DIRECTION('',(0.,1.,0.));
#15736=DIRECTION('',(0.500000000000017,0.,0.866025403784429));
#15737=DIRECTION('center_axis',(0.,0.,1.));
#15738=DIRECTION('ref_axis',(1.,0.,0.));
#15739=DIRECTION('',(0.,1.,0.));
#15740=DIRECTION('',(1.,0.,0.));
#15741=DIRECTION('center_axis',(0.866025403784429,0.,0.500000000000017));
#15742=DIRECTION('ref_axis',(0.500000000000017,0.,-0.866025403784429));
#15743=DIRECTION('',(0.500000000000017,0.,-0.866025403784429));
#15744=DIRECTION('center_axis',(0.,1.,0.));
#15745=DIRECTION('ref_axis',(0.,0.,1.));
#15746=DIRECTION('center_axis',(0.,-1.,0.));
#15747=DIRECTION('ref_axis',(0.,0.,-1.));
#15748=DIRECTION('center_axis',(0.,-1.,0.));
#15749=DIRECTION('ref_axis',(0.,0.,-1.));
#15750=DIRECTION('',(0.,-1.,0.));
#15751=DIRECTION('center_axis',(0.866025403784429,0.,-0.500000000000017));
#15752=DIRECTION('ref_axis',(-0.500000000000017,0.,-0.866025403784429));
#15753=DIRECTION('',(0.,-1.,0.));
#15754=DIRECTION('',(-0.500000000000017,0.,-0.866025403784429));
#15755=DIRECTION('',(0.,1.,0.));
#15756=DIRECTION('center_axis',(0.,0.,-1.));
#15757=DIRECTION('ref_axis',(-1.,0.,0.));
#15758=DIRECTION('',(0.,1.,0.));
#15759=DIRECTION('',(-1.,0.,0.));
#15760=DIRECTION('center_axis',(-0.866025403784429,0.,-0.500000000000017));
#15761=DIRECTION('ref_axis',(-0.500000000000017,0.,0.866025403784429));
#15762=DIRECTION('',(0.,1.,0.));
#15763=DIRECTION('',(-0.500000000000017,0.,0.866025403784429));
#15764=DIRECTION('center_axis',(-0.866025403784429,0.,0.500000000000017));
#15765=DIRECTION('ref_axis',(0.500000000000017,0.,0.866025403784429));
#15766=DIRECTION('',(0.,1.,0.));
#15767=DIRECTION('',(0.500000000000017,0.,0.866025403784429));
#15768=DIRECTION('center_axis',(0.,0.,1.));
#15769=DIRECTION('ref_axis',(1.,0.,0.));
#15770=DIRECTION('',(0.,1.,0.));
#15771=DIRECTION('',(1.,0.,0.));
#15772=DIRECTION('center_axis',(0.866025403784429,0.,0.500000000000017));
#15773=DIRECTION('ref_axis',(0.500000000000017,0.,-0.866025403784429));
#15774=DIRECTION('',(0.500000000000017,0.,-0.866025403784429));
#15775=DIRECTION('center_axis',(0.,1.,0.));
#15776=DIRECTION('ref_axis',(0.,0.,1.));
#15777=DIRECTION('center_axis',(0.,-1.,0.));
#15778=DIRECTION('ref_axis',(0.,0.,-1.));
#15779=DIRECTION('center_axis',(0.,-1.,0.));
#15780=DIRECTION('ref_axis',(0.,0.,-1.));
#15781=DIRECTION('',(0.,-1.,0.));
#15782=DIRECTION('center_axis',(0.866025403784429,0.,-0.500000000000017));
#15783=DIRECTION('ref_axis',(-0.500000000000017,0.,-0.866025403784429));
#15784=DIRECTION('',(0.,-1.,0.));
#15785=DIRECTION('',(-0.500000000000017,0.,-0.866025403784429));
#15786=DIRECTION('',(0.,1.,0.));
#15787=DIRECTION('center_axis',(0.,0.,-1.));
#15788=DIRECTION('ref_axis',(-1.,0.,0.));
#15789=DIRECTION('',(0.,1.,0.));
#15790=DIRECTION('',(-1.,0.,0.));
#15791=DIRECTION('center_axis',(-0.866025403784429,0.,-0.500000000000017));
#15792=DIRECTION('ref_axis',(-0.500000000000017,0.,0.866025403784429));
#15793=DIRECTION('',(0.,1.,0.));
#15794=DIRECTION('',(-0.500000000000017,0.,0.866025403784429));
#15795=DIRECTION('center_axis',(-0.866025403784429,0.,0.500000000000017));
#15796=DIRECTION('ref_axis',(0.500000000000017,0.,0.866025403784429));
#15797=DIRECTION('',(0.,1.,0.));
#15798=DIRECTION('',(0.500000000000017,0.,0.866025403784429));
#15799=DIRECTION('center_axis',(0.,0.,1.));
#15800=DIRECTION('ref_axis',(1.,0.,0.));
#15801=DIRECTION('',(0.,1.,0.));
#15802=DIRECTION('',(1.,0.,0.));
#15803=DIRECTION('center_axis',(0.866025403784429,0.,0.500000000000017));
#15804=DIRECTION('ref_axis',(0.500000000000017,0.,-0.866025403784429));
#15805=DIRECTION('',(0.500000000000017,0.,-0.866025403784429));
#15806=DIRECTION('center_axis',(0.,1.,0.));
#15807=DIRECTION('ref_axis',(0.,0.,1.));
#15808=DIRECTION('center_axis',(0.,-1.,0.));
#15809=DIRECTION('ref_axis',(0.,0.,-1.));
#15810=DIRECTION('center_axis',(0.,-1.,0.));
#15811=DIRECTION('ref_axis',(0.,0.,-1.));
#15812=DIRECTION('',(0.,-1.,0.));
#15813=DIRECTION('center_axis',(0.866025403784429,0.,-0.500000000000017));
#15814=DIRECTION('ref_axis',(-0.500000000000017,0.,-0.866025403784429));
#15815=DIRECTION('',(0.,-1.,0.));
#15816=DIRECTION('',(-0.500000000000017,0.,-0.866025403784429));
#15817=DIRECTION('',(0.,1.,0.));
#15818=DIRECTION('center_axis',(0.,0.,-1.));
#15819=DIRECTION('ref_axis',(-1.,0.,0.));
#15820=DIRECTION('',(0.,1.,0.));
#15821=DIRECTION('',(-1.,0.,0.));
#15822=DIRECTION('center_axis',(-0.866025403784429,0.,-0.500000000000017));
#15823=DIRECTION('ref_axis',(-0.500000000000017,0.,0.866025403784429));
#15824=DIRECTION('',(0.,1.,0.));
#15825=DIRECTION('',(-0.500000000000017,0.,0.866025403784429));
#15826=DIRECTION('center_axis',(-0.866025403784429,0.,0.500000000000017));
#15827=DIRECTION('ref_axis',(0.500000000000017,0.,0.866025403784429));
#15828=DIRECTION('',(0.,1.,0.));
#15829=DIRECTION('',(0.500000000000017,0.,0.866025403784429));
#15830=DIRECTION('center_axis',(0.,0.,1.));
#15831=DIRECTION('ref_axis',(1.,0.,0.));
#15832=DIRECTION('',(0.,1.,0.));
#15833=DIRECTION('',(1.,0.,0.));
#15834=DIRECTION('center_axis',(0.866025403784429,0.,0.500000000000017));
#15835=DIRECTION('ref_axis',(0.500000000000017,0.,-0.866025403784429));
#15836=DIRECTION('',(0.500000000000017,0.,-0.866025403784429));
#15837=DIRECTION('center_axis',(0.,1.,0.));
#15838=DIRECTION('ref_axis',(0.,0.,1.));
#15839=DIRECTION('center_axis',(0.,-1.,0.));
#15840=DIRECTION('ref_axis',(0.,0.,-1.));
#15841=DIRECTION('center_axis',(0.,-1.,0.));
#15842=DIRECTION('ref_axis',(0.,0.,-1.));
#15843=DIRECTION('',(0.,-1.,0.));
#15844=DIRECTION('center_axis',(-1.,0.,0.));
#15845=DIRECTION('ref_axis',(0.,1.,0.));
#15846=DIRECTION('',(0.,0.,-1.));
#15847=DIRECTION('',(0.,0.707106781186548,0.707106781186548));
#15848=DIRECTION('',(0.,1.,0.));
#15849=DIRECTION('',(0.,-0.707106781186547,-0.707106781186547));
#15850=DIRECTION('',(0.,0.,-1.));
#15851=DIRECTION('',(0.,0.707106781186547,-0.707106781186547));
#15852=DIRECTION('',(0.,1.,0.));
#15853=DIRECTION('',(0.,-0.707106781186548,0.707106781186548));
#15854=DIRECTION('',(0.,0.,-1.));
#15855=DIRECTION('',(0.,1.,0.));
#15856=DIRECTION('',(0.,1.,0.));
#15857=DIRECTION('',(0.,0.,-1.));
#15858=DIRECTION('',(0.,1.,0.));
#15859=DIRECTION('',(0.,1.,0.));
#15860=DIRECTION('',(0.,0.,-1.));
#15861=DIRECTION('',(0.,1.,0.));
#15862=DIRECTION('',(0.,1.,0.));
#15863=DIRECTION('center_axis',(0.,1.,0.));
#15864=DIRECTION('ref_axis',(1.,0.,0.));
#15865=DIRECTION('',(0.500000000000017,0.,-0.866025403784429));
#15866=DIRECTION('',(1.,0.,0.));
#15867=DIRECTION('',(0.500000000000017,0.,0.866025403784429));
#15868=DIRECTION('',(0.,0.,-1.));
#15869=DIRECTION('',(1.,0.,0.));
#15870=DIRECTION('center_axis',(0.,1.,0.));
#15871=DIRECTION('ref_axis',(1.,0.,0.));
#15872=DIRECTION('',(0.500000000000017,0.,-0.866025403784429));
#15873=DIRECTION('',(1.,0.,0.));
#15874=DIRECTION('',(0.500000000000017,0.,0.866025403784429));
#15875=DIRECTION('',(0.,0.,-1.));
#15876=DIRECTION('',(-0.500000000000017,0.,0.866025403784429));
#15877=DIRECTION('',(-1.,0.,0.));
#15878=DIRECTION('',(-0.500000000000017,0.,-0.866025403784429));
#15879=DIRECTION('center_axis',(0.,1.,0.));
#15880=DIRECTION('ref_axis',(1.,0.,0.));
#15881=DIRECTION('',(0.500000000000017,0.,-0.866025403784429));
#15882=DIRECTION('',(1.,0.,0.));
#15883=DIRECTION('',(0.500000000000017,0.,0.866025403784429));
#15884=DIRECTION('',(0.,0.,-1.));
#15885=DIRECTION('',(-0.500000000000017,0.,0.866025403784429));
#15886=DIRECTION('',(-1.,0.,0.));
#15887=DIRECTION('',(-0.500000000000017,0.,-0.866025403784429));
#15888=DIRECTION('center_axis',(0.,1.,0.));
#15889=DIRECTION('ref_axis',(1.,0.,0.));
#15890=DIRECTION('',(1.,0.,0.));
#15891=DIRECTION('',(0.,0.,-1.));
#15892=DIRECTION('',(-0.500000000000017,0.,0.866025403784429));
#15893=DIRECTION('',(-1.,0.,0.));
#15894=DIRECTION('',(-0.500000000000017,0.,-0.866025403784429));
#15895=DIRECTION('center_axis',(0.,1.,0.));
#15896=DIRECTION('ref_axis',(1.,0.,0.));
#15897=DIRECTION('',(0.,0.,-1.));
#15898=DIRECTION('',(0.500000000000017,0.,-0.866025403784429));
#15899=DIRECTION('',(1.,0.,0.));
#15900=DIRECTION('',(0.500000000000017,0.,0.866025403784429));
#15901=DIRECTION('',(0.,0.,-1.));
#15902=DIRECTION('',(1.,0.,0.));
#15903=DIRECTION('center_axis',(0.,1.,0.));
#15904=DIRECTION('ref_axis',(1.,0.,0.));
#15905=DIRECTION('',(0.,0.,-1.));
#15906=DIRECTION('',(1.,0.,0.));
#15907=DIRECTION('',(0.,0.,-1.));
#15908=DIRECTION('',(-0.500000000000017,0.,0.866025403784429));
#15909=DIRECTION('',(-1.,0.,0.));
#15910=DIRECTION('',(-0.500000000000017,0.,-0.866025403784429));
#15911=DIRECTION('center_axis',(0.,1.,0.));
#15912=DIRECTION('ref_axis',(1.,0.,0.));
#15913=DIRECTION('',(0.,0.,-1.));
#15914=DIRECTION('',(1.,0.,0.));
#15915=DIRECTION('',(0.,0.,-1.));
#15916=DIRECTION('',(0.500000000000017,0.,-0.866025403784429));
#15917=DIRECTION('',(1.,0.,0.));
#15918=DIRECTION('',(0.500000000000017,0.,0.866025403784429));
#15919=DIRECTION('center_axis',(0.,1.,0.));
#15920=DIRECTION('ref_axis',(1.,0.,0.));
#15921=DIRECTION('',(0.,0.,-1.));
#15922=DIRECTION('',(-0.500000000000017,0.,0.866025403784429));
#15923=DIRECTION('',(-1.,0.,0.));
#15924=DIRECTION('',(-0.500000000000017,0.,-0.866025403784429));
#15925=DIRECTION('',(0.,0.,-1.));
#15926=DIRECTION('',(0.500000000000017,0.,-0.866025403784429));
#15927=DIRECTION('',(1.,0.,0.));
#15928=DIRECTION('',(0.500000000000017,0.,0.866025403784429));
#15929=DIRECTION('center_axis',(0.,1.,0.));
#15930=DIRECTION('ref_axis',(1.,0.,0.));
#15931=DIRECTION('',(0.,0.,-1.));
#15932=DIRECTION('',(-0.500000000000017,0.,0.866025403784429));
#15933=DIRECTION('',(-1.,0.,0.));
#15934=DIRECTION('',(-0.500000000000017,0.,-0.866025403784429));
#15935=DIRECTION('',(0.,0.,-1.));
#15936=DIRECTION('',(0.500000000000017,0.,-0.866025403784429));
#15937=DIRECTION('',(1.,0.,0.));
#15938=DIRECTION('',(0.500000000000017,0.,0.866025403784429));
#15939=DIRECTION('center_axis',(0.,1.,0.));
#15940=DIRECTION('ref_axis',(1.,0.,0.));
#15941=DIRECTION('',(0.,0.,-1.));
#15942=DIRECTION('',(-0.500000000000017,0.,0.866025403784429));
#15943=DIRECTION('',(-1.,0.,0.));
#15944=DIRECTION('',(-0.500000000000017,0.,-0.866025403784429));
#15945=DIRECTION('',(0.,0.,-1.));
#15946=DIRECTION('',(1.,0.,0.));
#15947=DIRECTION('center_axis',(0.,1.,0.));
#15948=DIRECTION('ref_axis',(1.,0.,0.));
#15949=DIRECTION('',(1.,0.,0.));
#15950=DIRECTION('',(0.,0.,-1.));
#15951=DIRECTION('',(-0.500000000000017,0.,0.866025403784429));
#15952=DIRECTION('center_axis',(0.,1.,0.));
#15953=DIRECTION('ref_axis',(1.,0.,0.));
#15954=DIRECTION('',(1.,0.,0.));
#15955=DIRECTION('',(-0.500000000000017,0.,-0.866025403784429));
#15956=DIRECTION('',(0.,0.,-1.));
#15957=DIRECTION('center_axis',(0.,1.,0.));
#15958=DIRECTION('ref_axis',(1.,0.,0.));
#15959=DIRECTION('',(-1.,0.,0.));
#15960=DIRECTION('',(0.,0.,-1.));
#15961=DIRECTION('',(0.500000000000017,0.,-0.866025403784429));
#15962=DIRECTION('center_axis',(0.,1.,0.));
#15963=DIRECTION('ref_axis',(1.,0.,0.));
#15964=DIRECTION('',(-1.,0.,0.));
#15965=DIRECTION('',(0.500000000000017,0.,0.866025403784429));
#15966=DIRECTION('',(0.,0.,-1.));
#15967=DIRECTION('center_axis',(0.,0.707106781186548,-0.707106781186548));
#15968=DIRECTION('ref_axis',(0.,0.707106781186548,0.707106781186548));
#15969=DIRECTION('',(0.,0.707106781186548,0.707106781186548));
#15970=DIRECTION('',(-1.,0.,0.));
#15971=DIRECTION('center_axis',(0.,0.707106781186548,-0.707106781186548));
#15972=DIRECTION('ref_axis',(0.,0.707106781186548,0.707106781186548));
#15973=DIRECTION('',(0.,0.707106781186548,0.707106781186548));
#15974=DIRECTION('',(-1.,0.,0.));
#15975=DIRECTION('',(0.,0.707106781186548,0.707106781186548));
#15976=DIRECTION('center_axis',(0.,0.707106781186548,-0.707106781186548));
#15977=DIRECTION('ref_axis',(0.,0.707106781186548,0.707106781186548));
#15978=DIRECTION('',(1.,0.,0.));
#15979=DIRECTION('',(0.,0.707106781186548,0.707106781186548));
#15980=DIRECTION('',(0.,0.707106781186548,0.707106781186548));
#15981=DIRECTION('center_axis',(0.,0.,-1.));
#15982=DIRECTION('ref_axis',(-1.,0.,0.));
#15983=DIRECTION('',(0.707106781186547,0.707106781186547,0.));
#15984=DIRECTION('',(-1.,0.,0.));
#15985=DIRECTION('',(0.707106781186547,-0.707106781186547,0.));
#15986=DIRECTION('',(-1.,0.,0.));
#15987=DIRECTION('',(0.,1.,0.));
#15988=DIRECTION('',(1.,0.,0.));
#15989=DIRECTION('center_axis',(0.,0.,1.));
#15990=DIRECTION('ref_axis',(0.,-1.,0.));
#15991=DIRECTION('center_axis',(0.,0.,-1.));
#15992=DIRECTION('ref_axis',(-1.,0.,0.));
#15993=DIRECTION('',(0.707106781186547,0.707106781186547,0.));
#15994=DIRECTION('',(-1.,0.,0.));
#15995=DIRECTION('',(0.707106781186547,-0.707106781186547,0.));
#15996=DIRECTION('',(-1.,0.,0.));
#15997=DIRECTION('',(0.,1.,0.));
#15998=DIRECTION('',(0.,1.,0.));
#15999=DIRECTION('',(1.,0.,0.));
#16000=DIRECTION('center_axis',(0.,0.,1.));
#16001=DIRECTION('ref_axis',(0.,-1.,0.));
#16002=DIRECTION('center_axis',(0.,0.,1.));
#16003=DIRECTION('ref_axis',(0.,-1.,0.));
#16004=DIRECTION('',(0.,0.,1.));
#16005=DIRECTION('center_axis',(0.,0.,1.));
#16006=DIRECTION('ref_axis',(0.,-1.,0.));
#16007=DIRECTION('center_axis',(0.,0.,1.));
#16008=DIRECTION('ref_axis',(0.,-1.,0.));
#16009=DIRECTION('center_axis',(0.,0.,1.));
#16010=DIRECTION('ref_axis',(0.,-1.,0.));
#16011=DIRECTION('',(0.,0.,1.));
#16012=DIRECTION('center_axis',(0.,0.,1.));
#16013=DIRECTION('ref_axis',(0.,-1.,0.));
#16014=DIRECTION('center_axis',(0.,0.,1.));
#16015=DIRECTION('ref_axis',(1.,0.,0.));
#16016=DIRECTION('center_axis',(0.,0.,1.));
#16017=DIRECTION('ref_axis',(1.,0.,0.));
#16018=DIRECTION('center_axis',(0.,0.,1.));
#16019=DIRECTION('ref_axis',(1.,0.,0.));
#16020=DIRECTION('center_axis',(0.,0.,1.));
#16021=DIRECTION('ref_axis',(1.,0.,0.));
#16022=DIRECTION('center_axis',(0.,0.,1.));
#16023=DIRECTION('ref_axis',(0.,-1.,0.));
#16024=DIRECTION('center_axis',(0.,0.,1.));
#16025=DIRECTION('ref_axis',(1.,0.,0.));
#16026=DIRECTION('',(0.,0.,1.));
#16027=DIRECTION('center_axis',(0.,0.,1.));
#16028=DIRECTION('ref_axis',(1.,0.,0.));
#16029=DIRECTION('center_axis',(0.,0.,1.));
#16030=DIRECTION('ref_axis',(1.,0.,0.));
#16031=DIRECTION('',(-0.707106781186548,-0.707106781186548,0.));
#16032=DIRECTION('',(0.,1.,0.));
#16033=DIRECTION('',(1.,0.,0.));
#16034=DIRECTION('',(-1.,0.,0.));
#16035=DIRECTION('',(-0.948683298050524,-0.316227766016808,0.));
#16036=DIRECTION('',(0.,-1.,0.));
#16037=DIRECTION('',(0.948683298050524,-0.316227766016808,0.));
#16038=DIRECTION('',(-1.,0.,0.));
#16039=DIRECTION('',(-0.707106781186548,0.707106781186548,0.));
#16040=DIRECTION('',(1.,0.,0.));
#16041=DIRECTION('center_axis',(0.,0.,1.));
#16042=DIRECTION('ref_axis',(1.,0.,0.));
#16043=DIRECTION('center_axis',(0.,0.,1.));
#16044=DIRECTION('ref_axis',(1.,0.,0.));
#16045=DIRECTION('',(-0.707106781186548,-0.707106781186548,0.));
#16046=DIRECTION('',(0.,1.,0.));
#16047=DIRECTION('',(1.,0.,0.));
#16048=DIRECTION('',(0.,-1.,0.));
#16049=DIRECTION('',(-0.707106781186548,0.707106781186548,0.));
#16050=DIRECTION('',(1.,0.,0.));
#16051=DIRECTION('center_axis',(0.,0.,1.));
#16052=DIRECTION('ref_axis',(1.,0.,0.));
#16053=DIRECTION('',(0.,0.,1.));
#16054=DIRECTION('center_axis',(-0.707106781186548,0.707106781186548,0.));
#16055=DIRECTION('ref_axis',(-0.707106781186548,-0.707106781186548,0.));
#16056=DIRECTION('',(0.,0.,1.));
#16057=DIRECTION('',(0.577350269189626,0.577350269189626,0.577350269189626));
#16058=DIRECTION('',(0.,0.,1.));
#16059=DIRECTION('center_axis',(-1.,0.,0.));
#16060=DIRECTION('ref_axis',(0.,0.,1.));
#16061=DIRECTION('',(0.,0.707106781186547,0.707106781186547));
#16062=DIRECTION('',(0.,0.,1.));
#16063=DIRECTION('',(0.,-0.707106781186547,0.707106781186547));
#16064=DIRECTION('',(0.,0.,1.));
#16065=DIRECTION('',(0.,-1.,0.));
#16066=DIRECTION('',(0.,0.707106781186548,-0.707106781186548));
#16067=DIRECTION('',(0.,0.707106781186548,0.707106781186548));
#16068=DIRECTION('center_axis',(0.,-0.707106781186548,0.707106781186548));
#16069=DIRECTION('ref_axis',(1.,0.,0.));
#16070=DIRECTION('',(0.,0.707106781186548,0.707106781186548));
#16071=DIRECTION('',(0.,0.707106781186548,0.707106781186548));
#16072=DIRECTION('center_axis',(0.,-0.707106781186548,0.707106781186548));
#16073=DIRECTION('ref_axis',(1.,0.,0.));
#16074=DIRECTION('',(0.,0.707106781186548,0.707106781186548));
#16075=DIRECTION('center_axis',(1.,0.,0.));
#16076=DIRECTION('ref_axis',(0.,1.,0.));
#16077=DIRECTION('',(0.,0.,1.));
#16078=DIRECTION('',(0.,-0.707106781186547,-0.707106781186547));
#16079=DIRECTION('',(0.,0.,-1.));
#16080=DIRECTION('',(0.,1.,0.));
#16081=DIRECTION('',(0.,1.,0.));
#16082=DIRECTION('',(0.,1.,0.));
#16083=DIRECTION('',(0.,0.,-1.));
#16084=DIRECTION('',(0.,1.,0.));
#16085=DIRECTION('center_axis',(1.,0.,0.));
#16086=DIRECTION('ref_axis',(0.,1.,0.));
#16087=DIRECTION('',(0.,0.,1.));
#16088=DIRECTION('',(0.,1.,0.));
#16089=DIRECTION('',(0.,0.707106781186548,-0.707106781186548));
#16090=DIRECTION('',(0.,-1.,0.));
#16091=DIRECTION('',(0.,0.,-1.));
#16092=DIRECTION('',(0.,-0.707106781186548,0.707106781186548));
#16093=DIRECTION('',(0.,1.,0.));
#16094=DIRECTION('',(0.,1.,0.));
#16095=DIRECTION('',(0.,1.,0.));
#16096=DIRECTION('',(0.,0.,-1.));
#16097=DIRECTION('',(0.,0.707106781186547,-0.707106781186547));
#16098=DIRECTION('center_axis',(-0.707106781186548,0.707106781186548,0.));
#16099=DIRECTION('ref_axis',(-0.707106781186548,-0.707106781186548,0.));
#16100=DIRECTION('',(0.,0.,1.));
#16101=DIRECTION('',(0.577350269189626,0.577350269189626,0.577350269189626));
#16102=DIRECTION('center_axis',(0.,-0.707106781186548,0.707106781186548));
#16103=DIRECTION('ref_axis',(0.,-0.707106781186548,-0.707106781186548));
#16104=DIRECTION('',(0.,-0.707106781186547,-0.707106781186547));
#16105=DIRECTION('',(1.,0.,0.));
#16106=DIRECTION('center_axis',(0.,1.,0.));
#16107=DIRECTION('ref_axis',(0.,0.,-1.));
#16108=DIRECTION('',(-1.,0.,0.));
#16109=DIRECTION('',(0.,0.,-1.));
#16110=DIRECTION('',(-1.,0.,0.));
#16111=DIRECTION('',(-1.,0.,0.));
#16112=DIRECTION('',(0.,0.,-1.));
#16113=DIRECTION('',(1.,0.,0.));
#16114=DIRECTION('',(0.,0.,-1.));
#16115=DIRECTION('',(1.,0.,0.));
#16116=DIRECTION('',(1.,0.,0.));
#16117=DIRECTION('',(0.,0.,1.));
#16118=DIRECTION('',(-1.,0.,0.));
#16119=DIRECTION('',(0.,0.,-1.));
#16120=DIRECTION('center_axis',(0.,0.,1.));
#16121=DIRECTION('ref_axis',(1.,0.,0.));
#16122=DIRECTION('',(0.,1.,0.));
#16123=DIRECTION('',(1.,0.,0.));
#16124=DIRECTION('',(0.,1.,0.));
#16125=DIRECTION('',(0.,1.,0.));
#16126=DIRECTION('',(0.,1.,0.));
#16127=DIRECTION('',(0.,1.,0.));
#16128=DIRECTION('center_axis',(0.866025403784429,0.,0.500000000000017));
#16129=DIRECTION('ref_axis',(0.500000000000017,0.,-0.866025403784429));
#16130=DIRECTION('',(0.,1.,0.));
#16131=DIRECTION('',(0.500000000000017,0.,-0.866025403784429));
#16132=DIRECTION('center_axis',(0.,1.,0.));
#16133=DIRECTION('ref_axis',(0.,0.,1.));
#16134=DIRECTION('',(-1.,0.,0.));
#16135=DIRECTION('',(-0.500000000000017,0.,0.866025403784429));
#16136=DIRECTION('',(0.500000000000017,0.,0.866025403784429));
#16137=DIRECTION('',(-0.500000000000017,0.,-0.866025403784429));
#16138=DIRECTION('center_axis',(0.,-1.,0.));
#16139=DIRECTION('ref_axis',(0.,0.,-1.));
#16140=DIRECTION('center_axis',(0.,0.,-1.));
#16141=DIRECTION('ref_axis',(-1.,0.,0.));
#16142=DIRECTION('',(0.,1.,0.));
#16143=DIRECTION('',(0.,-1.,0.));
#16144=DIRECTION('center_axis',(-0.866025403784429,0.,-0.500000000000017));
#16145=DIRECTION('ref_axis',(-0.500000000000017,0.,0.866025403784429));
#16146=DIRECTION('',(0.,1.,0.));
#16147=DIRECTION('center_axis',(-0.866025403784429,0.,0.500000000000017));
#16148=DIRECTION('ref_axis',(0.500000000000017,0.,0.866025403784429));
#16149=DIRECTION('center_axis',(0.866025403784429,0.,-0.500000000000017));
#16150=DIRECTION('ref_axis',(-0.500000000000017,0.,-0.866025403784429));
#16151=DIRECTION('center_axis',(0.,-1.,0.));
#16152=DIRECTION('ref_axis',(0.,0.,-1.));
#16153=DIRECTION('',(0.,-1.,0.));
#16154=DIRECTION('center_axis',(0.866025403784429,0.,0.500000000000017));
#16155=DIRECTION('ref_axis',(0.500000000000017,0.,-0.866025403784429));
#16156=DIRECTION('center_axis',(-1.,0.,0.));
#16157=DIRECTION('ref_axis',(0.,-1.,0.));
#16158=DIRECTION('',(0.,0.,-1.));
#16159=DIRECTION('',(0.,-1.,0.));
#16160=DIRECTION('',(0.,0.,-1.));
#16161=DIRECTION('',(0.,-1.,0.));
#16162=DIRECTION('',(0.,0.,-1.));
#16163=DIRECTION('',(0.,1.,0.));
#16164=DIRECTION('',(0.,1.,0.));
#16165=DIRECTION('',(0.,1.,0.));
#16166=DIRECTION('',(0.,-0.707106781186547,-0.707106781186547));
#16167=DIRECTION('center_axis',(-1.,0.,0.));
#16168=DIRECTION('ref_axis',(0.,-1.,0.));
#16169=DIRECTION('',(0.,0.,-1.));
#16170=DIRECTION('',(0.,0.707106781186547,-0.707106781186547));
#16171=DIRECTION('',(0.,1.,0.));
#16172=DIRECTION('',(0.,1.,0.));
#16173=DIRECTION('',(0.,-0.707106781186548,0.707106781186548));
#16174=DIRECTION('',(0.,0.,-1.));
#16175=DIRECTION('',(0.,1.,0.));
#16176=DIRECTION('',(0.,0.707106781186548,-0.707106781186548));
#16177=DIRECTION('',(0.,0.,1.));
#16178=DIRECTION('',(0.,-1.,0.));
#16179=DIRECTION('center_axis',(0.707106781186548,0.707106781186548,0.));
#16180=DIRECTION('ref_axis',(0.707106781186548,-0.707106781186548,0.));
#16181=DIRECTION('',(0.,0.,-1.));
#16182=DIRECTION('',(0.,0.,1.));
#16183=DIRECTION('',(-0.707106781186548,0.707106781186548,0.));
#16184=DIRECTION('',(0.577350269189626,-0.577350269189626,-0.577350269189626));
#16185=DIRECTION('center_axis',(0.,0.707106781186548,-0.707106781186548));
#16186=DIRECTION('ref_axis',(0.,-0.707106781186548,-0.707106781186548));
#16187=DIRECTION('center_axis',(0.,0.,-1.));
#16188=DIRECTION('ref_axis',(0.,-1.,0.));
#16189=DIRECTION('',(1.,0.,0.));
#16190=DIRECTION('',(0.948683298050524,-0.316227766016808,0.));
#16191=DIRECTION('',(0.,-1.,0.));
#16192=DIRECTION('',(-1.,0.,0.));
#16193=DIRECTION('',(0.,-1.,0.));
#16194=DIRECTION('',(-1.,0.,0.));
#16195=DIRECTION('',(0.,-1.,0.));
#16196=DIRECTION('',(-0.948683298050524,-0.316227766016808,0.));
#16197=DIRECTION('',(-1.,0.,0.));
#16198=DIRECTION('center_axis',(0.,1.,0.));
#16199=DIRECTION('ref_axis',(1.,0.,0.));
#16200=DIRECTION('',(0.,0.,-1.));
#16201=DIRECTION('center_axis',(-0.316227766016808,-0.948683298050524,0.));
#16202=DIRECTION('ref_axis',(0.948683298050524,-0.316227766016808,0.));
#16203=DIRECTION('',(0.,0.,-1.));
#16204=DIRECTION('center_axis',(1.,0.,0.));
#16205=DIRECTION('ref_axis',(0.,-1.,0.));
#16206=DIRECTION('',(0.,0.,-1.));
#16207=DIRECTION('',(0.,-1.,0.));
#16208=DIRECTION('center_axis',(0.,-1.,0.));
#16209=DIRECTION('ref_axis',(0.,0.,-1.));
#16210=DIRECTION('center_axis',(0.,1.,0.));
#16211=DIRECTION('ref_axis',(1.,0.,0.));
#16212=DIRECTION('center_axis',(0.,-1.,0.));
#16213=DIRECTION('ref_axis',(-1.,0.,0.));
#16214=DIRECTION('center_axis',(0.,-1.,0.));
#16215=DIRECTION('ref_axis',(0.,0.,-1.));
#16216=DIRECTION('',(-1.,0.,0.));
#16217=DIRECTION('center_axis',(0.,1.,0.));
#16218=DIRECTION('ref_axis',(-1.,0.,0.));
#16219=DIRECTION('center_axis',(0.,-1.,0.));
#16220=DIRECTION('ref_axis',(0.,0.,-1.));
#16221=DIRECTION('center_axis',(0.,0.,1.));
#16222=DIRECTION('ref_axis',(0.,1.,0.));
#16223=DIRECTION('',(1.,0.,0.));
#16224=DIRECTION('',(0.948683298050524,0.316227766016808,0.));
#16225=DIRECTION('',(0.,1.,0.));
#16226=DIRECTION('',(-1.,0.,0.));
#16227=DIRECTION('',(0.,-1.,0.));
#16228=DIRECTION('',(0.,1.,0.));
#16229=DIRECTION('',(-0.948683298050524,0.316227766016808,0.));
#16230=DIRECTION('',(1.,0.,0.));
#16231=DIRECTION('',(0.707106781186548,-0.707106781186548,0.));
#16232=DIRECTION('center_axis',(0.707106781186548,0.707106781186548,0.));
#16233=DIRECTION('ref_axis',(0.707106781186548,-0.707106781186548,0.));
#16234=DIRECTION('',(0.707106781186548,-0.707106781186548,0.));
#16235=DIRECTION('',(0.,0.,-1.));
#16236=DIRECTION('',(-0.707106781186547,0.707106781186547,0.));
#16237=DIRECTION('',(-0.577350269189626,0.577350269189626,-0.577350269189626));
#16238=DIRECTION('',(0.,0.,1.));
#16239=DIRECTION('center_axis',(0.,0.,-1.));
#16240=DIRECTION('ref_axis',(-1.,0.,0.));
#16241=DIRECTION('',(0.707106781186548,-0.707106781186548,0.));
#16242=DIRECTION('',(0.,1.,0.));
#16243=DIRECTION('',(-1.,0.,0.));
#16244=DIRECTION('',(0.707106781186548,0.707106781186548,0.));
#16245=DIRECTION('',(-1.,0.,0.));
#16246=DIRECTION('center_axis',(0.,0.,-1.));
#16247=DIRECTION('ref_axis',(-1.,0.,0.));
#16248=DIRECTION('center_axis',(0.,0.,-1.));
#16249=DIRECTION('ref_axis',(-1.,0.,0.));
#16250=DIRECTION('',(1.,0.,0.));
#16251=DIRECTION('',(-0.948683298050524,0.316227766016808,0.));
#16252=DIRECTION('',(0.,1.,0.));
#16253=DIRECTION('',(0.948683298050524,0.316227766016808,0.));
#16254=DIRECTION('',(1.,0.,0.));
#16255=DIRECTION('',(-1.,0.,0.));
#16256=DIRECTION('',(0.707106781186548,0.707106781186548,0.));
#16257=DIRECTION('',(-1.,0.,0.));
#16258=DIRECTION('center_axis',(0.,0.,-1.));
#16259=DIRECTION('ref_axis',(-1.,0.,0.));
#16260=DIRECTION('center_axis',(0.,0.,-1.));
#16261=DIRECTION('ref_axis',(-1.,0.,0.));
#16262=DIRECTION('center_axis',(0.,0.,-1.));
#16263=DIRECTION('ref_axis',(-1.,0.,0.));
#16264=DIRECTION('',(0.,0.,-1.));
#16265=DIRECTION('center_axis',(0.,0.,-1.));
#16266=DIRECTION('ref_axis',(-1.,0.,0.));
#16267=DIRECTION('center_axis',(0.,0.,-1.));
#16268=DIRECTION('ref_axis',(-1.,0.,0.));
#16269=DIRECTION('center_axis',(0.,0.,1.));
#16270=DIRECTION('ref_axis',(0.,-1.,0.));
#16271=DIRECTION('center_axis',(0.,0.,-1.));
#16272=DIRECTION('ref_axis',(-1.,0.,0.));
#16273=DIRECTION('center_axis',(0.,0.,-1.));
#16274=DIRECTION('ref_axis',(-1.,0.,0.));
#16275=DIRECTION('',(0.,0.,-1.));
#16276=DIRECTION('center_axis',(0.,0.,1.));
#16277=DIRECTION('ref_axis',(1.,0.,0.));
#16278=DIRECTION('',(-0.707106781186547,0.707106781186547,0.));
#16279=DIRECTION('',(1.,0.,0.));
#16280=DIRECTION('',(-0.707106781186547,-0.707106781186547,0.));
#16281=DIRECTION('',(1.,0.,0.));
#16282=DIRECTION('',(0.,1.,0.));
#16283=DIRECTION('',(1.,0.,0.));
#16284=DIRECTION('',(0.,1.,0.));
#16285=DIRECTION('',(-1.,0.,0.));
#16286=DIRECTION('center_axis',(0.,0.,1.));
#16287=DIRECTION('ref_axis',(1.,0.,0.));
#16288=DIRECTION('',(1.,0.,0.));
#16289=DIRECTION('',(-0.707106781186547,-0.707106781186547,0.));
#16290=DIRECTION('',(1.,0.,0.));
#16291=DIRECTION('',(0.,1.,0.));
#16292=DIRECTION('',(1.,0.,0.));
#16293=DIRECTION('',(-1.,0.,0.));
#16294=DIRECTION('center_axis',(0.,0.,1.));
#16295=DIRECTION('ref_axis',(0.,-1.,0.));
#16296=DIRECTION('center_axis',(0.,0.,1.));
#16297=DIRECTION('ref_axis',(0.,-1.,0.));
#16298=DIRECTION('',(0.,0.,1.));
#16299=DIRECTION('center_axis',(0.,0.,1.));
#16300=DIRECTION('ref_axis',(0.,-1.,0.));
#16301=DIRECTION('',(0.,0.,1.));
#16302=DIRECTION('center_axis',(0.707106781186548,0.707106781186548,0.));
#16303=DIRECTION('ref_axis',(0.707106781186548,-0.707106781186548,0.));
#16304=DIRECTION('',(0.,0.,-1.));
#16305=DIRECTION('',(-0.577350269189626,0.577350269189626,-0.577350269189626));
#16306=DIRECTION('',(0.,0.,-1.));
#16307=DIRECTION('center_axis',(1.,0.,0.));
#16308=DIRECTION('ref_axis',(0.,0.,-1.));
#16309=DIRECTION('',(0.,0.,-1.));
#16310=DIRECTION('',(0.,0.707106781186548,-0.707106781186548));
#16311=DIRECTION('',(0.,-0.707106781186547,0.707106781186547));
#16312=DIRECTION('',(0.,0.,1.));
#16313=DIRECTION('',(0.,0.707106781186547,0.707106781186547));
#16314=DIRECTION('center_axis',(0.707106781186548,0.707106781186548,0.));
#16315=DIRECTION('ref_axis',(0.707106781186548,-0.707106781186548,0.));
#16316=DIRECTION('',(0.,0.,-1.));
#16317=DIRECTION('',(0.577350269189626,-0.577350269189626,-0.577350269189626));
#16318=DIRECTION('center_axis',(0.,-0.707106781186548,0.707106781186548));
#16319=DIRECTION('ref_axis',(0.,0.707106781186548,0.707106781186548));
#16320=DIRECTION('',(-1.,0.,0.));
#16321=DIRECTION('',(0.,0.707106781186547,0.707106781186547));
#16322=DIRECTION('center_axis',(1.,0.,0.));
#16323=DIRECTION('ref_axis',(0.,-1.,0.));
#16324=DIRECTION('',(0.,0.,1.));
#16325=DIRECTION('',(0.,-0.707106781186547,0.707106781186547));
#16326=DIRECTION('',(0.,-0.707106781186548,0.707106781186548));
#16327=DIRECTION('',(0.,1.,0.));
#16328=DIRECTION('',(0.,1.,0.));
#16329=DIRECTION('',(0.,1.,0.));
#16330=DIRECTION('',(0.,1.,0.));
#16331=DIRECTION('',(0.,1.,0.));
#16332=DIRECTION('',(0.,1.,0.));
#16333=DIRECTION('center_axis',(0.866025403784429,0.,0.500000000000017));
#16334=DIRECTION('ref_axis',(0.500000000000017,0.,-0.866025403784429));
#16335=DIRECTION('',(0.,1.,0.));
#16336=DIRECTION('center_axis',(0.,0.,1.));
#16337=DIRECTION('ref_axis',(1.,0.,0.));
#16338=DIRECTION('',(0.,1.,0.));
#16339=DIRECTION('center_axis',(-0.866025403784429,0.,0.500000000000017));
#16340=DIRECTION('ref_axis',(0.500000000000017,0.,0.866025403784429));
#16341=DIRECTION('',(0.,1.,0.));
#16342=DIRECTION('center_axis',(-1.,0.,0.));
#16343=DIRECTION('ref_axis',(0.,1.,0.));
#16344=DIRECTION('',(0.,1.,0.));
#16345=DIRECTION('',(0.,1.,0.));
#16346=DIRECTION('',(0.,1.,0.));
#16347=DIRECTION('',(0.,1.,0.));
#16348=DIRECTION('',(0.,1.,0.));
#16349=DIRECTION('',(0.,-0.707106781186548,0.707106781186548));
#16350=DIRECTION('',(0.,0.707106781186547,-0.707106781186547));
#16351=DIRECTION('center_axis',(0.,-0.707106781186548,-0.707106781186548));
#16352=DIRECTION('ref_axis',(0.,0.707106781186548,-0.707106781186548));
#16353=DIRECTION('',(-0.577350269189626,-0.577350269189626,0.577350269189626));
#16354=DIRECTION('center_axis',(-0.707106781186548,0.707106781186548,0.));
#16355=DIRECTION('ref_axis',(-0.707106781186548,-0.707106781186548,0.));
#16356=DIRECTION('',(0.,0.,1.));
#16357=DIRECTION('center_axis',(0.,1.,0.));
#16358=DIRECTION('ref_axis',(1.,0.,0.));
#16359=DIRECTION('center_axis',(0.,1.,0.));
#16360=DIRECTION('ref_axis',(1.,0.,0.));
#16361=DIRECTION('center_axis',(0.,1.,0.));
#16362=DIRECTION('ref_axis',(1.,0.,0.));
#16363=DIRECTION('center_axis',(0.,1.,0.));
#16364=DIRECTION('ref_axis',(1.,0.,0.));
#16365=DIRECTION('',(0.,0.,1.));
#16366=DIRECTION('center_axis',(-0.707106781186548,0.707106781186548,0.));
#16367=DIRECTION('ref_axis',(-0.707106781186548,-0.707106781186548,0.));
#16368=DIRECTION('',(-0.577350269189626,-0.577350269189626,0.577350269189626));
#16369=DIRECTION('center_axis',(0.,0.707106781186548,0.707106781186548));
#16370=DIRECTION('ref_axis',(0.,-0.707106781186548,0.707106781186548));
#16371=DIRECTION('',(1.,0.,0.));
#16372=DIRECTION('',(0.,-0.707106781186547,0.707106781186547));
#16373=DIRECTION('center_axis',(1.,0.,0.));
#16374=DIRECTION('ref_axis',(0.,-1.,0.));
#16375=DIRECTION('',(0.,1.,0.));
#16376=DIRECTION('',(0.,1.,0.));
#16377=DIRECTION('',(0.,1.,0.));
#16378=DIRECTION('',(0.,1.,0.));
#16379=DIRECTION('',(0.,1.,0.));
#16380=DIRECTION('',(0.,1.,0.));
#16381=DIRECTION('',(0.,-0.707106781186548,0.707106781186548));
#16382=DIRECTION('',(0.,0.,1.));
#16383=DIRECTION('',(0.,0.707106781186547,0.707106781186547));
#16384=DIRECTION('center_axis',(0.,0.707106781186548,-0.707106781186548));
#16385=DIRECTION('ref_axis',(0.,0.707106781186548,0.707106781186548));
#16386=DIRECTION('',(1.,0.,0.));
#16387=DIRECTION('center_axis',(0.,1.,0.));
#16388=DIRECTION('ref_axis',(0.,0.,1.));
#16389=DIRECTION('center_axis',(0.,0.707106781186548,0.707106781186548));
#16390=DIRECTION('ref_axis',(0.,-0.707106781186548,0.707106781186548));
#16391=DIRECTION('center_axis',(0.,0.707106781186548,0.707106781186548));
#16392=DIRECTION('ref_axis',(0.,-0.707106781186548,0.707106781186548));
#16393=DIRECTION('center_axis',(0.,0.707106781186548,0.707106781186548));
#16394=DIRECTION('ref_axis',(0.,-0.707106781186548,0.707106781186548));
#16395=DIRECTION('',(1.,0.,0.));
#16396=DIRECTION('center_axis',(0.,-1.,0.));
#16397=DIRECTION('ref_axis',(0.,0.,-1.));
#16398=DIRECTION('',(1.,0.,0.));
#16399=DIRECTION('center_axis',(0.,0.,-1.));
#16400=DIRECTION('ref_axis',(0.,1.,0.));
#16401=DIRECTION('center_axis',(-0.866025403784429,0.,-0.500000000000017));
#16402=DIRECTION('ref_axis',(-0.500000000000017,0.,0.866025403784429));
#16403=DIRECTION('',(0.,1.,0.));
#16404=DIRECTION('center_axis',(0.,0.,-1.));
#16405=DIRECTION('ref_axis',(-1.,0.,0.));
#16406=DIRECTION('',(0.,1.,0.));
#16407=DIRECTION('center_axis',(0.866025403784429,0.,-0.500000000000017));
#16408=DIRECTION('ref_axis',(-0.500000000000017,0.,-0.866025403784429));
#16409=DIRECTION('center_axis',(-0.866025403784429,0.,0.500000000000017));
#16410=DIRECTION('ref_axis',(0.500000000000017,0.,0.866025403784429));
#16411=DIRECTION('',(0.,1.,0.));
#16412=DIRECTION('center_axis',(0.,0.,1.));
#16413=DIRECTION('ref_axis',(1.,0.,0.));
#16414=DIRECTION('',(0.,1.,0.));
#16415=DIRECTION('center_axis',(0.866025403784429,0.,0.500000000000017));
#16416=DIRECTION('ref_axis',(0.500000000000017,0.,-0.866025403784429));
#16417=DIRECTION('center_axis',(-0.866025403784429,0.,-0.500000000000017));
#16418=DIRECTION('ref_axis',(-0.500000000000017,0.,0.866025403784429));
#16419=DIRECTION('',(0.,1.,0.));
#16420=DIRECTION('center_axis',(0.,0.,-1.));
#16421=DIRECTION('ref_axis',(-1.,0.,0.));
#16422=DIRECTION('',(0.,1.,0.));
#16423=DIRECTION('center_axis',(0.866025403784429,0.,-0.500000000000017));
#16424=DIRECTION('ref_axis',(-0.500000000000017,0.,-0.866025403784429));
#16425=DIRECTION('center_axis',(-0.866025403784429,0.,0.500000000000017));
#16426=DIRECTION('ref_axis',(0.500000000000017,0.,0.866025403784429));
#16427=DIRECTION('',(0.,1.,0.));
#16428=DIRECTION('center_axis',(0.,0.,1.));
#16429=DIRECTION('ref_axis',(1.,0.,0.));
#16430=DIRECTION('',(0.,1.,0.));
#16431=DIRECTION('center_axis',(0.866025403784429,0.,0.500000000000017));
#16432=DIRECTION('ref_axis',(0.500000000000017,0.,-0.866025403784429));
#16433=DIRECTION('center_axis',(-0.866025403784429,0.,-0.500000000000017));
#16434=DIRECTION('ref_axis',(-0.500000000000017,0.,0.866025403784429));
#16435=DIRECTION('',(0.,1.,0.));
#16436=DIRECTION('center_axis',(0.,0.,-1.));
#16437=DIRECTION('ref_axis',(-1.,0.,0.));
#16438=DIRECTION('',(0.,1.,0.));
#16439=DIRECTION('center_axis',(0.866025403784429,0.,-0.500000000000017));
#16440=DIRECTION('ref_axis',(-0.500000000000017,0.,-0.866025403784429));
#16441=DIRECTION('center_axis',(-0.866025403784429,0.,0.500000000000017));
#16442=DIRECTION('ref_axis',(0.500000000000017,0.,0.866025403784429));
#16443=DIRECTION('',(0.,1.,0.));
#16444=DIRECTION('center_axis',(0.,0.,1.));
#16445=DIRECTION('ref_axis',(1.,0.,0.));
#16446=DIRECTION('',(0.,1.,0.));
#16447=DIRECTION('center_axis',(0.866025403784429,0.,0.500000000000017));
#16448=DIRECTION('ref_axis',(0.500000000000017,0.,-0.866025403784429));
#16449=DIRECTION('center_axis',(-0.866025403784429,0.,-0.500000000000017));
#16450=DIRECTION('ref_axis',(-0.500000000000017,0.,0.866025403784429));
#16451=DIRECTION('',(0.,1.,0.));
#16452=DIRECTION('center_axis',(0.,0.,-1.));
#16453=DIRECTION('ref_axis',(-1.,0.,0.));
#16454=DIRECTION('',(0.,1.,0.));
#16455=DIRECTION('center_axis',(0.866025403784429,0.,-0.500000000000017));
#16456=DIRECTION('ref_axis',(-0.500000000000017,0.,-0.866025403784429));
#16457=DIRECTION('center_axis',(-0.866025403784429,0.,0.500000000000017));
#16458=DIRECTION('ref_axis',(0.500000000000017,0.,0.866025403784429));
#16459=DIRECTION('',(0.,1.,0.));
#16460=DIRECTION('center_axis',(0.,0.,1.));
#16461=DIRECTION('ref_axis',(1.,0.,0.));
#16462=DIRECTION('',(0.,1.,0.));
#16463=DIRECTION('center_axis',(0.866025403784429,0.,0.500000000000017));
#16464=DIRECTION('ref_axis',(0.500000000000017,0.,-0.866025403784429));
#16465=DIRECTION('center_axis',(-0.866025403784429,0.,-0.500000000000017));
#16466=DIRECTION('ref_axis',(-0.500000000000017,0.,0.866025403784429));
#16467=DIRECTION('',(0.,1.,0.));
#16468=DIRECTION('center_axis',(0.,0.,-1.));
#16469=DIRECTION('ref_axis',(-1.,0.,0.));
#16470=DIRECTION('',(0.,1.,0.));
#16471=DIRECTION('center_axis',(0.866025403784429,0.,-0.500000000000017));
#16472=DIRECTION('ref_axis',(-0.500000000000017,0.,-0.866025403784429));
#16473=DIRECTION('center_axis',(-0.866025403784429,0.,0.500000000000017));
#16474=DIRECTION('ref_axis',(0.500000000000017,0.,0.866025403784429));
#16475=DIRECTION('',(0.,1.,0.));
#16476=DIRECTION('center_axis',(0.,0.,1.));
#16477=DIRECTION('ref_axis',(1.,0.,0.));
#16478=DIRECTION('',(0.,1.,0.));
#16479=DIRECTION('center_axis',(0.866025403784429,0.,0.500000000000017));
#16480=DIRECTION('ref_axis',(0.500000000000017,0.,-0.866025403784429));
#16481=DIRECTION('center_axis',(-0.866025403784429,0.,-0.500000000000017));
#16482=DIRECTION('ref_axis',(-0.500000000000017,0.,0.866025403784429));
#16483=DIRECTION('',(0.,1.,0.));
#16484=DIRECTION('center_axis',(0.,0.,-1.));
#16485=DIRECTION('ref_axis',(-1.,0.,0.));
#16486=DIRECTION('',(0.,1.,0.));
#16487=DIRECTION('center_axis',(0.866025403784429,0.,-0.500000000000017));
#16488=DIRECTION('ref_axis',(-0.500000000000017,0.,-0.866025403784429));
#16489=DIRECTION('center_axis',(0.,-0.707106781186548,-0.707106781186548));
#16490=DIRECTION('ref_axis',(0.,-0.707106781186548,0.707106781186548));
#16491=DIRECTION('',(-1.,0.,0.));
#16492=DIRECTION('center_axis',(0.,-1.,0.));
#16493=DIRECTION('ref_axis',(0.,0.,1.));
#16494=DIRECTION('center_axis',(0.,-0.707106781186548,-0.707106781186548));
#16495=DIRECTION('ref_axis',(-1.,0.,0.));
#16496=DIRECTION('center_axis',(0.,-0.707106781186548,-0.707106781186548));
#16497=DIRECTION('ref_axis',(-1.,0.,0.));
#16498=DIRECTION('center_axis',(0.,0.707106781186548,0.707106781186548));
#16499=DIRECTION('ref_axis',(0.,0.707106781186548,-0.707106781186548));
#16500=DIRECTION('center_axis',(0.,-1.,0.));
#16501=DIRECTION('ref_axis',(1.,0.,0.));
#16502=DIRECTION('',(0.,0.,1.));
#16503=DIRECTION('center_axis',(-0.316227766016808,0.948683298050524,0.));
#16504=DIRECTION('ref_axis',(0.948683298050524,0.316227766016808,0.));
#16505=DIRECTION('',(0.,0.,1.));
#16506=DIRECTION('center_axis',(1.,0.,0.));
#16507=DIRECTION('ref_axis',(0.,1.,0.));
#16508=DIRECTION('',(0.,0.,1.));
#16509=DIRECTION('',(0.,-1.,0.));
#16510=DIRECTION('center_axis',(-0.316227766016808,-0.948683298050524,0.));
#16511=DIRECTION('ref_axis',(-0.948683298050524,0.316227766016808,0.));
#16512=DIRECTION('',(0.,0.,1.));
#16513=DIRECTION('center_axis',(0.,1.,0.));
#16514=DIRECTION('ref_axis',(-1.,0.,0.));
#16515=DIRECTION('center_axis',(0.,-1.,0.));
#16516=DIRECTION('ref_axis',(1.22464679914735E-16,0.,1.));
#16517=DIRECTION('center_axis',(0.,-1.,0.));
#16518=DIRECTION('ref_axis',(1.,0.,0.));
#16519=DIRECTION('center_axis',(0.,-1.,0.));
#16520=DIRECTION('ref_axis',(1.,0.,0.));
#16521=DIRECTION('center_axis',(0.,-1.,0.));
#16522=DIRECTION('ref_axis',(1.,0.,0.));
#16523=DIRECTION('center_axis',(-0.316227766016808,0.948683298050524,0.));
#16524=DIRECTION('ref_axis',(-0.948683298050524,-0.316227766016808,0.));
#16525=DIRECTION('',(0.,0.,-1.));
#16526=DIRECTION('center_axis',(0.,-1.,0.));
#16527=DIRECTION('ref_axis',(-1.,0.,0.));
#16528=DIRECTION('center_axis',(0.,0.,-1.));
#16529=DIRECTION('ref_axis',(-1.,0.,0.));
#16530=DIRECTION('',(0.,1.,0.));
#16531=DIRECTION('',(-1.,0.,0.));
#16532=DIRECTION('',(0.,-1.,0.));
#16533=DIRECTION('',(0.,1.,0.));
#16534=DIRECTION('',(0.,1.,0.));
#16535=DIRECTION('center_axis',(-0.866025403784429,0.,-0.500000000000017));
#16536=DIRECTION('ref_axis',(-0.500000000000017,0.,0.866025403784429));
#16537=DIRECTION('',(0.,1.,0.));
#16538=DIRECTION('',(-0.500000000000017,0.,0.866025403784429));
#16539=DIRECTION('center_axis',(0.,1.,0.));
#16540=DIRECTION('ref_axis',(0.,0.,1.));
#16541=DIRECTION('',(0.500000000000017,0.,0.866025403784429));
#16542=DIRECTION('',(1.,0.,0.));
#16543=DIRECTION('',(0.500000000000017,0.,-0.866025403784429));
#16544=DIRECTION('',(-0.500000000000017,0.,-0.866025403784429));
#16545=DIRECTION('center_axis',(0.,-1.,0.));
#16546=DIRECTION('ref_axis',(0.,0.,-1.));
#16547=DIRECTION('center_axis',(0.866025403784429,0.,-0.500000000000017));
#16548=DIRECTION('ref_axis',(-0.500000000000017,0.,-0.866025403784429));
#16549=DIRECTION('',(0.,1.,0.));
#16550=DIRECTION('center_axis',(0.866025403784429,0.,0.500000000000017));
#16551=DIRECTION('ref_axis',(0.500000000000017,0.,-0.866025403784429));
#16552=DIRECTION('',(0.,1.,0.));
#16553=DIRECTION('center_axis',(0.,0.,1.));
#16554=DIRECTION('ref_axis',(1.,0.,0.));
#16555=DIRECTION('',(0.,1.,0.));
#16556=DIRECTION('center_axis',(-0.866025403784429,0.,0.500000000000017));
#16557=DIRECTION('ref_axis',(0.500000000000017,0.,0.866025403784429));
#16558=DIRECTION('center_axis',(0.,-1.,0.));
#16559=DIRECTION('ref_axis',(0.,0.,-1.));
#16560=DIRECTION('',(0.,-1.,0.));
#16561=DIRECTION('center_axis',(-0.866025403784429,0.,-0.500000000000017));
#16562=DIRECTION('ref_axis',(-0.500000000000017,0.,0.866025403784429));
#16563=DIRECTION('center_axis',(0.866025403784429,0.,-0.500000000000017));
#16564=DIRECTION('ref_axis',(-0.500000000000017,0.,-0.866025403784429));
#16565=DIRECTION('center_axis',(-0.866025403784429,0.,0.500000000000017));
#16566=DIRECTION('ref_axis',(0.500000000000017,0.,0.866025403784429));
#16567=DIRECTION('',(0.,1.,0.));
#16568=DIRECTION('center_axis',(0.,0.,1.));
#16569=DIRECTION('ref_axis',(1.,0.,0.));
#16570=DIRECTION('',(0.,1.,0.));
#16571=DIRECTION('center_axis',(0.866025403784429,0.,0.500000000000017));
#16572=DIRECTION('ref_axis',(0.500000000000017,0.,-0.866025403784429));
#16573=DIRECTION('center_axis',(0.,-1.,0.));
#16574=DIRECTION('ref_axis',(0.,0.,-1.));
#16575=DIRECTION('',(1.,0.,0.));
#16576=DIRECTION('center_axis',(0.,0.,1.));
#16577=DIRECTION('ref_axis',(0.,-1.,0.));
#16578=DIRECTION('center_axis',(-0.866025403784429,0.,-0.500000000000017));
#16579=DIRECTION('ref_axis',(-0.500000000000017,0.,0.866025403784429));
#16580=DIRECTION('',(0.,1.,0.));
#16581=DIRECTION('center_axis',(0.,0.,-1.));
#16582=DIRECTION('ref_axis',(-1.,0.,0.));
#16583=DIRECTION('',(0.,1.,0.));
#16584=DIRECTION('center_axis',(0.866025403784429,0.,-0.500000000000017));
#16585=DIRECTION('ref_axis',(-0.500000000000017,0.,-0.866025403784429));
#16586=DIRECTION('center_axis',(-0.866025403784429,0.,0.500000000000017));
#16587=DIRECTION('ref_axis',(0.500000000000017,0.,0.866025403784429));
#16588=DIRECTION('center_axis',(0.,0.,1.));
#16589=DIRECTION('ref_axis',(1.,0.,0.));
#16590=DIRECTION('',(0.,-1.,0.));
#16591=DIRECTION('',(0.,-1.,0.));
#16592=DIRECTION('center_axis',(1.,0.,0.));
#16593=DIRECTION('ref_axis',(0.,0.,-1.));
#16594=DIRECTION('',(0.,-1.,0.));
#16595=DIRECTION('',(0.,-1.,0.));
#16596=DIRECTION('',(0.,0.,-1.));
#16597=DIRECTION('',(0.,-1.,0.));
#16598=DIRECTION('center_axis',(0.,-1.,0.));
#16599=DIRECTION('ref_axis',(0.,0.,-1.));
#16600=DIRECTION('center_axis',(0.,-1.,0.));
#16601=DIRECTION('ref_axis',(0.750000000000024,0.,-0.661437827766121));
#16602=DIRECTION('center_axis',(0.,1.,0.));
#16603=DIRECTION('ref_axis',(0.,0.,-1.));
#16604=DIRECTION('center_axis',(0.,1.,0.));
#16605=DIRECTION('ref_axis',(0.,0.,-1.));
#16606=DIRECTION('',(0.,0.,-1.));
#16607=DIRECTION('center_axis',(0.,-1.,0.));
#16608=DIRECTION('ref_axis',(-0.750000000000024,0.,0.661437827766121));
#16609=DIRECTION('center_axis',(-1.,0.,0.));
#16610=DIRECTION('ref_axis',(0.,0.,1.));
#16611=DIRECTION('',(0.,-1.,0.));
#16612=DIRECTION('',(0.,-1.,0.));
#16613=DIRECTION('',(0.,-1.,0.));
#16614=DIRECTION('center_axis',(0.,-1.,0.));
#16615=DIRECTION('ref_axis',(0.,0.,-1.));
#16616=DIRECTION('center_axis',(0.,0.,-1.));
#16617=DIRECTION('ref_axis',(-1.,0.,0.));
#16618=DIRECTION('center_axis',(-1.,0.,-1.56396634773283E-15));
#16619=DIRECTION('ref_axis',(0.,1.,0.));
#16620=DIRECTION('center_axis',(-1.,0.,-1.57768535078311E-15));
#16621=DIRECTION('ref_axis',(0.,1.,0.));
#16622=DIRECTION('',(-1.,0.,-1.56396634773283E-15));
#16623=DIRECTION('center_axis',(1.,0.,1.57768535078311E-15));
#16624=DIRECTION('ref_axis',(0.,1.,0.));
#16625=DIRECTION('center_axis',(-1.,0.,-1.56396634773283E-15));
#16626=DIRECTION('ref_axis',(0.,1.,0.));
#16627=DIRECTION('center_axis',(-1.,0.,1.77493703674727E-30));
#16628=DIRECTION('ref_axis',(0.,1.,0.));
#16629=DIRECTION('',(-1.,0.,-1.56396634773283E-15));
#16630=DIRECTION('center_axis',(1.,0.,-1.77493703674727E-30));
#16631=DIRECTION('ref_axis',(0.,1.,0.));
#16632=DIRECTION('center_axis',(-1.,0.,-1.58327457424805E-15));
#16633=DIRECTION('ref_axis',(0.,1.,0.));
#16634=DIRECTION('center_axis',(-1.,0.,-1.57768535078311E-15));
#16635=DIRECTION('ref_axis',(0.,1.,0.));
#16636=DIRECTION('',(-1.,0.,-1.58327457424805E-15));
#16637=DIRECTION('center_axis',(1.,0.,1.57768535078311E-15));
#16638=DIRECTION('ref_axis',(0.,1.,0.));
#16639=DIRECTION('center_axis',(-1.,0.,-1.58327457424805E-15));
#16640=DIRECTION('ref_axis',(0.,1.,0.));
#16641=DIRECTION('center_axis',(-1.,0.,1.77493703674727E-30));
#16642=DIRECTION('ref_axis',(0.,1.,0.));
#16643=DIRECTION('',(-1.,0.,-1.58327457424805E-15));
#16644=DIRECTION('center_axis',(1.,0.,-1.77493703674727E-30));
#16645=DIRECTION('ref_axis',(0.,1.,0.));
#16646=DIRECTION('center_axis',(-1.,0.,-1.58327457424805E-15));
#16647=DIRECTION('ref_axis',(0.,1.,0.));
#16648=DIRECTION('center_axis',(-1.,0.,-1.57768535078311E-15));
#16649=DIRECTION('ref_axis',(0.,1.,0.));
#16650=DIRECTION('',(-1.,0.,-1.58327457424805E-15));
#16651=DIRECTION('center_axis',(1.,0.,1.57768535078311E-15));
#16652=DIRECTION('ref_axis',(0.,1.,0.));
#16653=DIRECTION('center_axis',(-1.,0.,-1.58327457424805E-15));
#16654=DIRECTION('ref_axis',(0.,1.,0.));
#16655=DIRECTION('center_axis',(-1.,0.,1.77493703674727E-30));
#16656=DIRECTION('ref_axis',(0.,1.,0.));
#16657=DIRECTION('',(-1.,0.,-1.58327457424805E-15));
#16658=DIRECTION('center_axis',(1.,0.,-1.77493703674727E-30));
#16659=DIRECTION('ref_axis',(0.,1.,0.));
#16660=DIRECTION('center_axis',(-1.,0.,-1.56396634773283E-15));
#16661=DIRECTION('ref_axis',(0.,1.,0.));
#16662=DIRECTION('center_axis',(-1.,0.,-1.57768535078311E-15));
#16663=DIRECTION('ref_axis',(0.,1.,0.));
#16664=DIRECTION('',(-1.,0.,-1.56396634773283E-15));
#16665=DIRECTION('center_axis',(1.,0.,1.57768535078311E-15));
#16666=DIRECTION('ref_axis',(0.,1.,0.));
#16667=DIRECTION('center_axis',(-1.,0.,-1.56396634773283E-15));
#16668=DIRECTION('ref_axis',(0.,1.,0.));
#16669=DIRECTION('center_axis',(-1.,0.,1.77493703674727E-30));
#16670=DIRECTION('ref_axis',(0.,1.,0.));
#16671=DIRECTION('',(-1.,0.,-1.56396634773283E-15));
#16672=DIRECTION('center_axis',(1.,0.,-1.77493703674727E-30));
#16673=DIRECTION('ref_axis',(0.,1.,0.));
#16674=DIRECTION('center_axis',(-1.,0.,-1.56396634773283E-15));
#16675=DIRECTION('ref_axis',(0.,1.,0.));
#16676=DIRECTION('center_axis',(-1.,0.,-1.57768535078311E-15));
#16677=DIRECTION('ref_axis',(0.,1.,0.));
#16678=DIRECTION('',(-1.,0.,-1.56396634773283E-15));
#16679=DIRECTION('center_axis',(1.,0.,1.57768535078311E-15));
#16680=DIRECTION('ref_axis',(0.,1.,0.));
#16681=DIRECTION('center_axis',(-1.,0.,-1.56396634773283E-15));
#16682=DIRECTION('ref_axis',(0.,1.,0.));
#16683=DIRECTION('center_axis',(-1.,0.,1.77493703674727E-30));
#16684=DIRECTION('ref_axis',(0.,1.,0.));
#16685=DIRECTION('',(-1.,0.,-1.56396634773283E-15));
#16686=DIRECTION('center_axis',(1.,0.,-1.77493703674727E-30));
#16687=DIRECTION('ref_axis',(0.,1.,0.));
#16688=DIRECTION('center_axis',(-1.,0.,-1.58327457424805E-15));
#16689=DIRECTION('ref_axis',(0.,1.,0.));
#16690=DIRECTION('center_axis',(-1.,0.,-1.57768535078311E-15));
#16691=DIRECTION('ref_axis',(0.,1.,0.));
#16692=DIRECTION('',(-1.,0.,-1.58327457424805E-15));
#16693=DIRECTION('center_axis',(1.,0.,1.57768535078311E-15));
#16694=DIRECTION('ref_axis',(0.,1.,0.));
#16695=DIRECTION('center_axis',(-1.,0.,-1.58327457424805E-15));
#16696=DIRECTION('ref_axis',(0.,1.,0.));
#16697=DIRECTION('center_axis',(-1.,0.,1.77493703674727E-30));
#16698=DIRECTION('ref_axis',(0.,1.,0.));
#16699=DIRECTION('',(-1.,0.,-1.58327457424805E-15));
#16700=DIRECTION('center_axis',(1.,0.,-1.77493703674727E-30));
#16701=DIRECTION('ref_axis',(0.,1.,0.));
#16702=DIRECTION('center_axis',(-1.,0.,-1.56396634773283E-15));
#16703=DIRECTION('ref_axis',(0.,1.,0.));
#16704=DIRECTION('center_axis',(-1.,0.,-1.57768535078311E-15));
#16705=DIRECTION('ref_axis',(0.,1.,0.));
#16706=DIRECTION('',(-1.,0.,-1.56396634773283E-15));
#16707=DIRECTION('center_axis',(1.,0.,1.57768535078311E-15));
#16708=DIRECTION('ref_axis',(0.,1.,0.));
#16709=DIRECTION('center_axis',(-1.,0.,-1.56396634773283E-15));
#16710=DIRECTION('ref_axis',(0.,1.,0.));
#16711=DIRECTION('center_axis',(-1.,0.,1.77493703674727E-30));
#16712=DIRECTION('ref_axis',(0.,1.,0.));
#16713=DIRECTION('',(-1.,0.,-1.56396634773283E-15));
#16714=DIRECTION('center_axis',(1.,0.,-1.77493703674727E-30));
#16715=DIRECTION('ref_axis',(0.,1.,0.));
#16716=DIRECTION('center_axis',(-1.,0.,-1.56396634773283E-15));
#16717=DIRECTION('ref_axis',(0.,1.,0.));
#16718=DIRECTION('center_axis',(-1.,0.,-1.57768535078311E-15));
#16719=DIRECTION('ref_axis',(0.,1.,0.));
#16720=DIRECTION('',(-1.,0.,-1.56396634773283E-15));
#16721=DIRECTION('center_axis',(1.,0.,1.57768535078311E-15));
#16722=DIRECTION('ref_axis',(0.,1.,0.));
#16723=DIRECTION('center_axis',(-1.,0.,-1.56396634773283E-15));
#16724=DIRECTION('ref_axis',(0.,1.,0.));
#16725=DIRECTION('center_axis',(-1.,0.,1.77493703674727E-30));
#16726=DIRECTION('ref_axis',(0.,1.,0.));
#16727=DIRECTION('',(-1.,0.,-1.56396634773283E-15));
#16728=DIRECTION('center_axis',(1.,0.,-1.77493703674727E-30));
#16729=DIRECTION('ref_axis',(0.,1.,0.));
#16730=DIRECTION('center_axis',(8.32096257207179E-18,-1.,0.));
#16731=DIRECTION('ref_axis',(-1.,-8.32096257207179E-18,0.));
#16732=DIRECTION('',(1.,8.32096257207179E-18,-1.77493703674727E-30));
#16733=DIRECTION('',(0.,0.,-1.));
#16734=DIRECTION('',(-1.,-8.32096257207179E-18,1.77493703674727E-30));
#16735=DIRECTION('',(0.,0.,-1.));
#16736=DIRECTION('center_axis',(8.32096257207179E-18,-1.,0.));
#16737=DIRECTION('ref_axis',(-1.,-8.32096257207179E-18,0.));
#16738=DIRECTION('',(-1.,-8.32096257207179E-18,1.77493703674727E-30));
#16739=DIRECTION('',(0.,0.,-1.));
#16740=DIRECTION('',(1.,8.32096257207179E-18,-1.77493703674727E-30));
#16741=DIRECTION('',(0.,0.,-1.));
#16742=DIRECTION('center_axis',(-1.,0.,0.));
#16743=DIRECTION('ref_axis',(0.,1.,0.));
#16744=DIRECTION('',(0.,-1.,0.));
#16745=DIRECTION('',(0.,0.,-1.));
#16746=DIRECTION('',(0.,1.,0.));
#16747=DIRECTION('center_axis',(-1.,0.,0.));
#16748=DIRECTION('ref_axis',(0.,1.,0.));
#16749=DIRECTION('',(0.,1.,0.));
#16750=DIRECTION('',(0.,-1.,0.));
#16751=DIRECTION('',(0.,0.,-1.));
#16752=DIRECTION('center_axis',(1.,0.,0.));
#16753=DIRECTION('ref_axis',(0.,-1.,0.));
#16754=DIRECTION('',(0.,1.,0.));
#16755=DIRECTION('',(0.,-1.,0.));
#16756=DIRECTION('',(0.,0.,-1.));
#16757=DIRECTION('center_axis',(0.,1.,0.));
#16758=DIRECTION('ref_axis',(1.,0.,0.));
#16759=DIRECTION('',(-1.,0.,1.77493703674727E-30));
#16760=DIRECTION('',(1.,0.,-1.77493703674727E-30));
#16761=DIRECTION('center_axis',(0.,1.,0.));
#16762=DIRECTION('ref_axis',(1.,0.,0.));
#16763=DIRECTION('',(1.,0.,-1.77493703674727E-30));
#16764=DIRECTION('',(-1.,0.,1.77493703674727E-30));
#16765=DIRECTION('',(0.,0.,-1.));
#16766=DIRECTION('center_axis',(1.,0.,0.));
#16767=DIRECTION('ref_axis',(0.,-1.,0.));
#16768=DIRECTION('',(0.,-1.,0.));
#16769=DIRECTION('',(0.,1.,0.));
#16770=DIRECTION('center_axis',(-0.707106781186548,0.,0.707106781186548));
#16771=DIRECTION('ref_axis',(0.707106781186548,0.,0.707106781186548));
#16772=DIRECTION('',(0.,1.,0.));
#16773=DIRECTION('',(0.577350269189626,0.577350269189626,0.577350269189626));
#16774=DIRECTION('',(0.,-1.,0.));
#16775=DIRECTION('',(-0.577350269189626,0.577350269189625,-0.577350269189626));
#16776=DIRECTION('center_axis',(1.25507001486315E-30,-0.707106781186548,
0.707106781186548));
#16777=DIRECTION('ref_axis',(1.,0.,-1.77493703674727E-30));
#16778=DIRECTION('',(-1.,0.,1.77493703674727E-30));
#16779=DIRECTION('',(0.577350269189624,0.577350269189627,0.577350269189627));
#16780=DIRECTION('',(-1.11559201011742E-15,0.707106781186548,0.707106781186548));
#16781=DIRECTION('',(1.,0.,-1.77493703674727E-30));
#16782=DIRECTION('',(-1.25507001486315E-30,-0.707106781186547,-0.707106781186547));
#16783=DIRECTION('center_axis',(-1.,0.,1.77493703674727E-30));
#16784=DIRECTION('ref_axis',(-1.77493703674727E-30,0.,-1.));
#16785=DIRECTION('',(1.77493703674727E-30,0.,1.));
#16786=DIRECTION('',(1.25507001486315E-30,-0.707106781186548,0.707106781186548));
#16787=DIRECTION('',(0.,-1.,0.));
#16788=DIRECTION('',(-1.25507001486315E-30,-0.707106781186548,-0.707106781186548));
#16789=DIRECTION('',(-1.77493703674727E-30,0.,-1.));
#16790=DIRECTION('',(-1.25507001486315E-30,0.707106781186547,-0.707106781186548));
#16791=DIRECTION('center_axis',(-0.707106781186548,0.,-0.707106781186548));
#16792=DIRECTION('ref_axis',(-0.707106781186548,0.,0.707106781186548));
#16793=DIRECTION('',(-0.577350269189626,-0.577350269189626,0.577350269189626));
#16794=DIRECTION('',(0.,-1.,0.));
#16795=DIRECTION('',(0.577350269189626,-0.577350269189626,-0.577350269189626));
#16796=DIRECTION('center_axis',(-1.25507001486315E-30,-0.707106781186548,
-0.707106781186548));
#16797=DIRECTION('ref_axis',(-1.,0.,1.77493703674727E-30));
#16798=DIRECTION('',(1.,0.,-1.77493703674727E-30));
#16799=DIRECTION('',(-1.,0.,1.77493703674727E-30));
#16800=DIRECTION('',(-1.11559201011742E-15,-0.707106781186548,0.707106781186548));
#16801=DIRECTION('',(-0.577350269189627,-0.577350269189625,0.577350269189625));
#16802=DIRECTION('center_axis',(0.707106781186547,0.,0.707106781186548));
#16803=DIRECTION('ref_axis',(-0.707106781186548,0.,0.707106781186547));
#16804=DIRECTION('',(0.,1.,0.));
#16805=DIRECTION('',(0.,1.,0.));
#16806=DIRECTION('',(-0.577350269189627,0.577350269189625,0.577350269189625));
#16807=DIRECTION('center_axis',(-1.77493703674727E-30,0.,-1.));
#16808=DIRECTION('ref_axis',(1.,0.,-1.77493703674727E-30));
#16809=DIRECTION('',(1.,0.,-1.77493703674727E-30));
#16810=DIRECTION('center_axis',(1.77493703674727E-30,0.,1.));
#16811=DIRECTION('ref_axis',(-1.,0.,1.77493703674727E-30));
#16812=DIRECTION('',(-1.,0.,1.77493703674727E-30));
#16813=DIRECTION('',(0.,1.,0.));
#16814=DIRECTION('center_axis',(0.707106781186549,0.,-0.707106781186546));
#16815=DIRECTION('ref_axis',(0.707106781186546,0.,0.707106781186549));
#16816=DIRECTION('',(0.577350269189624,-0.577350269189626,0.577350269189627));
#16817=DIRECTION('',(0.,-1.,0.));
#16818=DIRECTION('center_axis',(-1.25507001486315E-30,0.707106781186548,
-0.707106781186548));
#16819=DIRECTION('ref_axis',(-1.,0.,1.77493703674727E-30));
#16820=DIRECTION('',(1.11559201011742E-15,-0.707106781186548,-0.707106781186548));
#16821=DIRECTION('',(1.,0.,-1.77493703674727E-30));
#16822=DIRECTION('center_axis',(1.25507001486315E-30,0.707106781186548,
0.707106781186547));
#16823=DIRECTION('ref_axis',(1.,0.,-1.77493703674727E-30));
#16824=DIRECTION('',(-1.,0.,1.77493703674727E-30));
#16825=DIRECTION('',(1.11559201011742E-15,0.707106781186547,-0.707106781186548));
#16826=DIRECTION('center_axis',(1.,0.,1.57768535078311E-15));
#16827=DIRECTION('ref_axis',(-1.57768535078311E-15,0.,1.));
#16828=DIRECTION('',(-1.57768535078311E-15,0.,1.));
#16829=DIRECTION('',(1.57768535078311E-15,0.,-1.));
#16830=DIRECTION('center_axis',(-0.707106781186548,0.,0.707106781186548));
#16831=DIRECTION('ref_axis',(0.707106781186548,0.,0.707106781186548));
#16832=DIRECTION('',(0.577350269189626,0.577350269189626,0.577350269189626));
#16833=DIRECTION('',(0.,1.,0.));
#16834=DIRECTION('',(-0.577350269189626,0.577350269189625,-0.577350269189626));
#16835=DIRECTION('',(0.,-1.,0.));
#16836=DIRECTION('center_axis',(1.25507001486315E-30,-0.707106781186548,
0.707106781186548));
#16837=DIRECTION('ref_axis',(1.,0.,-1.77493703674727E-30));
#16838=DIRECTION('',(1.,0.,-1.77493703674727E-30));
#16839=DIRECTION('',(0.577350269189624,0.577350269189627,0.577350269189627));
#16840=DIRECTION('',(-1.,0.,1.77493703674727E-30));
#16841=DIRECTION('center_axis',(-1.,0.,1.77493703674727E-30));
#16842=DIRECTION('ref_axis',(-1.77493703674727E-30,0.,-1.));
#16843=DIRECTION('',(-1.77493703674727E-30,0.,-1.));
#16844=DIRECTION('',(0.,1.,0.));
#16845=DIRECTION('',(-1.77493703674727E-30,0.,-1.));
#16846=DIRECTION('center_axis',(-0.707106781186548,0.,-0.707106781186548));
#16847=DIRECTION('ref_axis',(-0.707106781186548,0.,0.707106781186548));
#16848=DIRECTION('',(-0.577350269189626,-0.577350269189626,0.577350269189626));
#16849=DIRECTION('',(0.577350269189626,-0.577350269189626,-0.577350269189626));
#16850=DIRECTION('',(0.,-1.,0.));
#16851=DIRECTION('center_axis',(-1.25507001486315E-30,-0.707106781186548,
-0.707106781186548));
#16852=DIRECTION('ref_axis',(-1.,0.,1.77493703674727E-30));
#16853=DIRECTION('',(1.,0.,-1.77493703674727E-30));
#16854=DIRECTION('',(-0.577350269189627,-0.577350269189625,0.577350269189625));
#16855=DIRECTION('',(-1.,0.,1.77493703674727E-30));
#16856=DIRECTION('center_axis',(0.707106781186547,0.,0.707106781186548));
#16857=DIRECTION('ref_axis',(-0.707106781186548,0.,0.707106781186547));
#16858=DIRECTION('',(0.,-1.,0.));
#16859=DIRECTION('',(0.577350269189627,-0.577350269189625,-0.577350269189625));
#16860=DIRECTION('',(0.,-1.,0.));
#16861=DIRECTION('center_axis',(-1.77493703674727E-30,0.,-1.));
#16862=DIRECTION('ref_axis',(1.,0.,-1.77493703674727E-30));
#16863=DIRECTION('',(-1.,0.,1.77493703674727E-30));
#16864=DIRECTION('center_axis',(1.77493703674727E-30,0.,1.));
#16865=DIRECTION('ref_axis',(-1.,0.,1.77493703674727E-30));
#16866=DIRECTION('',(0.,-1.,0.));
#16867=DIRECTION('',(1.,0.,-1.77493703674727E-30));
#16868=DIRECTION('center_axis',(0.707106781186549,0.,-0.707106781186546));
#16869=DIRECTION('ref_axis',(0.707106781186546,0.,0.707106781186549));
#16870=DIRECTION('',(0.,-1.,0.));
#16871=DIRECTION('',(-0.577350269189624,0.577350269189626,-0.577350269189627));
#16872=DIRECTION('center_axis',(-1.25507001486315E-30,0.707106781186548,
-0.707106781186548));
#16873=DIRECTION('ref_axis',(-1.,0.,1.77493703674727E-30));
#16874=DIRECTION('',(1.,0.,-1.77493703674727E-30));
#16875=DIRECTION('center_axis',(1.25507001486315E-30,0.707106781186548,
0.707106781186547));
#16876=DIRECTION('ref_axis',(1.,0.,-1.77493703674727E-30));
#16877=DIRECTION('',(-1.,0.,1.77493703674727E-30));
#16878=DIRECTION('center_axis',(1.,0.,1.57768535078311E-15));
#16879=DIRECTION('ref_axis',(-1.57768535078311E-15,0.,1.));
#16880=DIRECTION('',(-1.57768535078311E-15,0.,1.));
#16881=DIRECTION('',(-1.57768535078311E-15,0.,1.));
#16882=DIRECTION('center_axis',(0.,1.,0.));
#16883=DIRECTION('ref_axis',(-1.,0.,1.77493703674727E-30));
#16884=DIRECTION('center_axis',(0.,-1.,0.));
#16885=DIRECTION('ref_axis',(0.,0.,-1.));
#16886=DIRECTION('',(-1.,1.27675647831893E-15,-1.0328744253849E-15));
#16887=DIRECTION('',(-3.88655832715492E-16,-1.08091286457704E-15,1.));
#16888=DIRECTION('',(-8.41204702570534E-16,1.20858217210605E-15,0.999999999999984));
#16889=DIRECTION('',(-6.2727600891323E-15,0.999999999999998,2.30551825626046E-15));
#16890=CARTESIAN_POINT('',(0.,0.,0.));
#16891=CARTESIAN_POINT('',(0.,0.,0.));
#16892=CARTESIAN_POINT('Origin',(-24.,0.,0.));
#16893=CARTESIAN_POINT('',(-24.,12.5,21.));
#16894=CARTESIAN_POINT('',(-24.,5.,21.));
#16895=CARTESIAN_POINT('',(-24.,12.5,21.));
#16896=CARTESIAN_POINT('',(-24.,12.5,11.));
#16897=CARTESIAN_POINT('',(-24.,12.5,11.));
#16898=CARTESIAN_POINT('',(-24.,10.91073038774,-1.398557258792));
#16899=CARTESIAN_POINT('',(-24.,10.91073038774,-1.398557258792));
#16900=CARTESIAN_POINT('',(-24.,-10.91073038774,-1.398557258792));
#16901=CARTESIAN_POINT('Origin',(-24.,0.,0.));
#16902=CARTESIAN_POINT('',(-24.,-12.5,11.));
#16903=CARTESIAN_POINT('',(-24.,-12.5,11.));
#16904=CARTESIAN_POINT('',(-24.,-12.5,21.));
#16905=CARTESIAN_POINT('',(-24.,-12.5,21.));
#16906=CARTESIAN_POINT('',(-24.,-5.,21.));
#16907=CARTESIAN_POINT('',(-24.,-5.,21.));
#16908=CARTESIAN_POINT('',(-24.,-5.,19.));
#16909=CARTESIAN_POINT('',(-24.,-5.,21.));
#16910=CARTESIAN_POINT('',(-24.,5.,19.));
#16911=CARTESIAN_POINT('',(-24.,5.,19.));
#16912=CARTESIAN_POINT('',(-24.,5.,21.));
#16913=CARTESIAN_POINT('',(-24.,0.,4.));
#16914=CARTESIAN_POINT('Origin',(-24.,0.,0.));
#16915=CARTESIAN_POINT('',(-24.,-8.,2.9));
#16916=CARTESIAN_POINT('Origin',(-24.,-8.,0.));
#16917=CARTESIAN_POINT('',(-24.,0.,10.9));
#16918=CARTESIAN_POINT('Origin',(-24.,0.,8.));
#16919=CARTESIAN_POINT('',(-24.,8.,2.9));
#16920=CARTESIAN_POINT('Origin',(-24.,8.,0.));
#16921=CARTESIAN_POINT('',(-24.,0.,-5.1));
#16922=CARTESIAN_POINT('Origin',(-24.,0.,-8.));
#16923=CARTESIAN_POINT('',(-24.,-7.15,16.));
#16924=CARTESIAN_POINT('Origin',(-24.,-8.,16.));
#16925=CARTESIAN_POINT('',(-24.,8.85,16.));
#16926=CARTESIAN_POINT('Origin',(-24.,8.,16.));
#16927=CARTESIAN_POINT('Origin',(24.,0.,0.));
#16928=CARTESIAN_POINT('',(-21.,0.,4.));
#16929=CARTESIAN_POINT('',(24.,-4.89858719658941E-16,4.));
#16930=CARTESIAN_POINT('Origin',(-21.,0.,0.));
#16931=CARTESIAN_POINT('Origin',(24.,0.,0.));
#16932=CARTESIAN_POINT('',(21.,-4.89858719658941E-16,4.));
#16933=CARTESIAN_POINT('Origin',(21.,0.,0.));
#16934=CARTESIAN_POINT('',(24.,-4.89858719658941E-16,4.));
#16935=CARTESIAN_POINT('',(24.,-4.89858719658941E-16,4.));
#16936=CARTESIAN_POINT('Origin',(24.,0.,0.));
#16937=CARTESIAN_POINT('Origin',(-21.,0.,0.));
#16938=CARTESIAN_POINT('',(-21.,11.,13.4436508139));
#16939=CARTESIAN_POINT('',(-21.,12.5,13.4436508139));
#16940=CARTESIAN_POINT('',(-21.,11.,13.4436508139));
#16941=CARTESIAN_POINT('',(-21.,11.,19.75735931288));
#16942=CARTESIAN_POINT('',(-21.,11.,13.4436508139));
#16943=CARTESIAN_POINT('',(-21.,6.,19.75735931288));
#16944=CARTESIAN_POINT('',(-21.,11.,19.75735931288));
#16945=CARTESIAN_POINT('',(-21.,6.,11.));
#16946=CARTESIAN_POINT('',(-21.,6.,19.75735931288));
#16947=CARTESIAN_POINT('',(-21.,5.,11.));
#16948=CARTESIAN_POINT('',(-21.,6.,11.));
#16949=CARTESIAN_POINT('',(-21.,5.,19.));
#16950=CARTESIAN_POINT('',(-21.,5.,11.));
#16951=CARTESIAN_POINT('',(-21.,-5.,19.));
#16952=CARTESIAN_POINT('',(-21.,5.,19.));
#16953=CARTESIAN_POINT('',(-21.,-5.,11.));
#16954=CARTESIAN_POINT('',(-21.,-5.,19.));
#16955=CARTESIAN_POINT('',(-21.,-6.,11.));
#16956=CARTESIAN_POINT('',(-21.,-6.,11.));
#16957=CARTESIAN_POINT('',(-21.,-6.,19.75735931288));
#16958=CARTESIAN_POINT('',(-21.,-6.,11.));
#16959=CARTESIAN_POINT('',(-21.,-11.,19.75735931288));
#16960=CARTESIAN_POINT('',(-21.,-6.,19.75735931288));
#16961=CARTESIAN_POINT('',(-21.,-11.,13.4436508139));
#16962=CARTESIAN_POINT('',(-21.,-11.,19.75735931288));
#16963=CARTESIAN_POINT('',(-21.,-12.5,13.4436508139));
#16964=CARTESIAN_POINT('',(-21.,-12.5,13.4436508139));
#16965=CARTESIAN_POINT('',(-21.,-12.5,11.));
#16966=CARTESIAN_POINT('',(-21.,-12.5,11.));
#16967=CARTESIAN_POINT('',(-21.,-10.91073038774,-1.398557258792));
#16968=CARTESIAN_POINT('',(-21.,-12.5,11.));
#16969=CARTESIAN_POINT('',(-21.,10.91073038774,-1.398557258792));
#16970=CARTESIAN_POINT('Origin',(-21.,0.,0.));
#16971=CARTESIAN_POINT('',(-21.,12.5,11.));
#16972=CARTESIAN_POINT('',(-21.,10.91073038774,-1.398557258792));
#16973=CARTESIAN_POINT('',(-21.,12.5,11.));
#16974=CARTESIAN_POINT('',(-21.,1.05,8.));
#16975=CARTESIAN_POINT('Origin',(-21.,0.,8.));
#16976=CARTESIAN_POINT('',(-21.,9.05,-1.28587913910472E-16));
#16977=CARTESIAN_POINT('Origin',(-21.,8.,0.));
#16978=CARTESIAN_POINT('',(-21.,1.05,-8.));
#16979=CARTESIAN_POINT('Origin',(-21.,0.,-8.));
#16980=CARTESIAN_POINT('',(-21.,-6.95,-1.28587913910472E-16));
#16981=CARTESIAN_POINT('Origin',(-21.,-8.,0.));
#16982=CARTESIAN_POINT('',(-21.,-7.15,16.));
#16983=CARTESIAN_POINT('Origin',(-21.,-8.,16.));
#16984=CARTESIAN_POINT('',(-21.,8.85,16.));
#16985=CARTESIAN_POINT('Origin',(-21.,8.,16.));
#16986=CARTESIAN_POINT('Origin',(-24.,0.,8.));
#16987=CARTESIAN_POINT('',(-23.,1.05,8.));
#16988=CARTESIAN_POINT('',(-24.,1.05,8.));
#16989=CARTESIAN_POINT('Origin',(-23.,0.,8.));
#16990=CARTESIAN_POINT('Origin',(-24.,0.,8.));
#16991=CARTESIAN_POINT('',(23.,1.05,8.));
#16992=CARTESIAN_POINT('Origin',(23.,0.,8.));
#16993=CARTESIAN_POINT('',(21.,1.05,8.));
#16994=CARTESIAN_POINT('',(-24.,1.05,8.));
#16995=CARTESIAN_POINT('Origin',(21.,0.,8.));
#16996=CARTESIAN_POINT('Origin',(-23.,0.,0.));
#16997=CARTESIAN_POINT('',(-23.,-8.,1.9));
#16998=CARTESIAN_POINT('Origin',(-23.,-8.,0.));
#16999=CARTESIAN_POINT('',(-23.,-6.95,-1.28587913910472E-16));
#17000=CARTESIAN_POINT('Origin',(-23.,-8.,0.));
#17001=CARTESIAN_POINT('Origin',(-23.,0.,0.));
#17002=CARTESIAN_POINT('',(-23.,0.,9.9));
#17003=CARTESIAN_POINT('Origin',(-23.,0.,8.));
#17004=CARTESIAN_POINT('Origin',(-23.,0.,0.));
#17005=CARTESIAN_POINT('',(-23.,8.,1.9));
#17006=CARTESIAN_POINT('Origin',(-23.,8.,0.));
#17007=CARTESIAN_POINT('',(-23.,9.05,-1.28587913910472E-16));
#17008=CARTESIAN_POINT('Origin',(-23.,8.,0.));
#17009=CARTESIAN_POINT('Origin',(-23.,0.,0.));
#17010=CARTESIAN_POINT('',(-23.,0.,-6.1));
#17011=CARTESIAN_POINT('Origin',(-23.,0.,-8.));
#17012=CARTESIAN_POINT('',(-23.,1.05,-8.));
#17013=CARTESIAN_POINT('Origin',(-23.,0.,-8.));
#17014=CARTESIAN_POINT('Origin',(-24.,-8.,0.));
#17015=CARTESIAN_POINT('',(-24.4,-8.,1.9));
#17016=CARTESIAN_POINT('',(-24.,-8.,1.9));
#17017=CARTESIAN_POINT('Origin',(-24.4,-8.,0.));
#17018=CARTESIAN_POINT('Origin',(-24.4,0.,0.));
#17019=CARTESIAN_POINT('',(-24.4,-7.90883134647906,-2.59839971229638));
#17020=CARTESIAN_POINT('Origin',(-24.4,-8.,0.));
#17021=CARTESIAN_POINT('Origin',(-24.4,0.,0.));
#17022=CARTESIAN_POINT('',(-24.4,0.091168653520943,5.40160028770362));
#17023=CARTESIAN_POINT('Origin',(-24.4,0.,8.));
#17024=CARTESIAN_POINT('',(-24.4,0.,9.9));
#17025=CARTESIAN_POINT('Origin',(-24.4,0.,8.));
#17026=CARTESIAN_POINT('Origin',(-24.4,0.,0.));
#17027=CARTESIAN_POINT('',(-24.4,8.09116865352094,-2.59839971229638));
#17028=CARTESIAN_POINT('Origin',(-24.4,8.,0.));
#17029=CARTESIAN_POINT('',(-24.4,8.,1.9));
#17030=CARTESIAN_POINT('Origin',(-24.4,8.,0.));
#17031=CARTESIAN_POINT('Origin',(-24.4,0.,0.));
#17032=CARTESIAN_POINT('',(-24.4,0.0911686535209429,-10.5983997122964));
#17033=CARTESIAN_POINT('Origin',(-24.4,0.,-8.));
#17034=CARTESIAN_POINT('',(-24.4,0.,-6.1));
#17035=CARTESIAN_POINT('Origin',(-24.4,0.,-8.));
#17036=CARTESIAN_POINT('Origin',(-24.,0.,8.));
#17037=CARTESIAN_POINT('',(-24.,2.32682891837997E-16,9.9));
#17038=CARTESIAN_POINT('Origin',(-24.,8.,0.));
#17039=CARTESIAN_POINT('',(-24.,8.,1.9));
#17040=CARTESIAN_POINT('Origin',(-24.,0.,-8.));
#17041=CARTESIAN_POINT('',(-24.,2.32682891837997E-16,-6.1));
#17042=CARTESIAN_POINT('Origin',(-24.1,-8.,0.));
#17043=CARTESIAN_POINT('',(-24.1,-7.89831183221553,-2.89821660966406));
#17044=CARTESIAN_POINT('Origin',(-24.1,-7.90883129784841,-2.5984010983195));
#17045=CARTESIAN_POINT('',(-24.1,-8.,2.9));
#17046=CARTESIAN_POINT('Origin',(-24.1,-8.,0.));
#17047=CARTESIAN_POINT('Origin',(-24.1,-8.,0.));
#17048=CARTESIAN_POINT('Origin',(-24.,-8.,0.));
#17049=CARTESIAN_POINT('',(-24.,-8.,2.9));
#17050=CARTESIAN_POINT('Origin',(-24.1,0.,8.));
#17051=CARTESIAN_POINT('',(-24.1,0.101688167784467,5.10178339033594));
#17052=CARTESIAN_POINT('Origin',(-24.1,0.091168702151591,5.4015989016805));
#17053=CARTESIAN_POINT('',(-24.1,3.55147571752732E-16,10.9));
#17054=CARTESIAN_POINT('Origin',(-24.1,0.,8.));
#17055=CARTESIAN_POINT('Origin',(-24.1,0.,8.));
#17056=CARTESIAN_POINT('Origin',(-24.,0.,8.));
#17057=CARTESIAN_POINT('',(-24.,3.55147571752732E-16,10.9));
#17058=CARTESIAN_POINT('Origin',(-24.1,8.,0.));
#17059=CARTESIAN_POINT('',(-24.1,8.10168816778447,-2.89821660966406));
#17060=CARTESIAN_POINT('Origin',(-24.1,8.09116870215159,-2.5984010983195));
#17061=CARTESIAN_POINT('',(-24.1,8.,2.9));
#17062=CARTESIAN_POINT('Origin',(-24.1,8.,0.));
#17063=CARTESIAN_POINT('Origin',(-24.1,8.,0.));
#17064=CARTESIAN_POINT('Origin',(-24.,8.,0.));
#17065=CARTESIAN_POINT('',(-24.,8.,2.9));
#17066=CARTESIAN_POINT('Origin',(-24.1,0.,-8.));
#17067=CARTESIAN_POINT('',(-24.1,0.101688167784467,-10.8982166096641));
#17068=CARTESIAN_POINT('Origin',(-24.1,0.091168702151591,-10.5984010983195));
#17069=CARTESIAN_POINT('',(-24.1,3.55147571752732E-16,-5.1));
#17070=CARTESIAN_POINT('Origin',(-24.1,0.,-8.));
#17071=CARTESIAN_POINT('Origin',(-24.1,0.,-8.));
#17072=CARTESIAN_POINT('Origin',(-24.,0.,-8.));
#17073=CARTESIAN_POINT('',(-24.,3.55147571752732E-16,-5.1));
#17074=CARTESIAN_POINT('Origin',(23.,0.,0.));
#17075=CARTESIAN_POINT('',(23.,-1.9,8.));
#17076=CARTESIAN_POINT('Origin',(23.,0.,8.));
#17077=CARTESIAN_POINT('Origin',(23.,0.,0.));
#17078=CARTESIAN_POINT('',(23.,-9.9,0.));
#17079=CARTESIAN_POINT('Origin',(23.,-8.,0.));
#17080=CARTESIAN_POINT('',(23.,-6.95,0.));
#17081=CARTESIAN_POINT('Origin',(23.,-8.,0.));
#17082=CARTESIAN_POINT('Origin',(23.,0.,0.));
#17083=CARTESIAN_POINT('',(23.,-1.9,-8.));
#17084=CARTESIAN_POINT('Origin',(23.,0.,-8.));
#17085=CARTESIAN_POINT('',(23.,1.05,-8.));
#17086=CARTESIAN_POINT('Origin',(23.,0.,-8.));
#17087=CARTESIAN_POINT('Origin',(23.,0.,0.));
#17088=CARTESIAN_POINT('',(23.,6.1,0.));
#17089=CARTESIAN_POINT('Origin',(23.,8.,0.));
#17090=CARTESIAN_POINT('',(23.,9.05,0.));
#17091=CARTESIAN_POINT('Origin',(23.,8.,0.));
#17092=CARTESIAN_POINT('Origin',(24.,0.,8.));
#17093=CARTESIAN_POINT('',(24.4,-1.9,8.));
#17094=CARTESIAN_POINT('',(24.,-1.9,8.));
#17095=CARTESIAN_POINT('Origin',(24.4,0.,8.));
#17096=CARTESIAN_POINT('Origin',(24.4,0.,0.));
#17097=CARTESIAN_POINT('',(24.4,2.59839971229638,7.90883134647906));
#17098=CARTESIAN_POINT('Origin',(24.4,0.,8.));
#17099=CARTESIAN_POINT('Origin',(24.4,0.,0.));
#17100=CARTESIAN_POINT('',(24.4,-10.5983997122964,0.0911686535209429));
#17101=CARTESIAN_POINT('Origin',(24.4,-8.,0.));
#17102=CARTESIAN_POINT('',(24.4,-9.9,0.));
#17103=CARTESIAN_POINT('Origin',(24.4,-8.,0.));
#17104=CARTESIAN_POINT('Origin',(24.4,0.,0.));
#17105=CARTESIAN_POINT('',(24.4,-2.59839971229638,-7.90883134647906));
#17106=CARTESIAN_POINT('Origin',(24.4,0.,-8.));
#17107=CARTESIAN_POINT('',(24.4,-1.9,-8.));
#17108=CARTESIAN_POINT('Origin',(24.4,0.,-8.));
#17109=CARTESIAN_POINT('Origin',(24.4,0.,0.));
#17110=CARTESIAN_POINT('',(24.4,5.40160028770362,0.091168653520943));
#17111=CARTESIAN_POINT('Origin',(24.4,8.,0.));
#17112=CARTESIAN_POINT('',(24.4,6.1,0.));
#17113=CARTESIAN_POINT('Origin',(24.4,8.,0.));
#17114=CARTESIAN_POINT('Origin',(24.,-8.,0.));
#17115=CARTESIAN_POINT('',(24.,-9.9,-2.32682891837997E-16));
#17116=CARTESIAN_POINT('Origin',(24.,0.,-8.));
#17117=CARTESIAN_POINT('',(24.,-1.9,-8.));
#17118=CARTESIAN_POINT('Origin',(24.,8.,0.));
#17119=CARTESIAN_POINT('',(24.,6.1,-2.32682891837997E-16));
#17120=CARTESIAN_POINT('Origin',(24.1,0.,8.));
#17121=CARTESIAN_POINT('',(24.1,2.89821660966406,7.89831183221553));
#17122=CARTESIAN_POINT('Origin',(24.1,2.5984010983195,7.90883129784841));
#17123=CARTESIAN_POINT('',(24.1,-2.9,8.));
#17124=CARTESIAN_POINT('Origin',(24.1,0.,8.));
#17125=CARTESIAN_POINT('Origin',(24.1,0.,8.));
#17126=CARTESIAN_POINT('Origin',(24.,0.,8.));
#17127=CARTESIAN_POINT('',(24.,-2.9,8.));
#17128=CARTESIAN_POINT('',(24.,-2.9,8.));
#17129=CARTESIAN_POINT('Origin',(24.,0.,8.));
#17130=CARTESIAN_POINT('Origin',(24.,0.,0.));
#17131=CARTESIAN_POINT('',(24.,5.,19.));
#17132=CARTESIAN_POINT('',(24.,-5.,19.));
#17133=CARTESIAN_POINT('',(24.,5.,19.));
#17134=CARTESIAN_POINT('',(24.,-5.,21.));
#17135=CARTESIAN_POINT('',(24.,-5.,21.));
#17136=CARTESIAN_POINT('',(24.,-12.5,21.));
#17137=CARTESIAN_POINT('',(24.,-5.,21.));
#17138=CARTESIAN_POINT('',(24.,-12.5,11.));
#17139=CARTESIAN_POINT('',(24.,-12.5,21.));
#17140=CARTESIAN_POINT('',(24.,-10.91073038774,-1.398557258792));
#17141=CARTESIAN_POINT('',(24.,-12.5,11.));
#17142=CARTESIAN_POINT('',(24.,10.91073038774,-1.398557258792));
#17143=CARTESIAN_POINT('Origin',(24.,0.,0.));
#17144=CARTESIAN_POINT('',(24.,12.5,11.));
#17145=CARTESIAN_POINT('',(24.,10.91073038774,-1.398557258792));
#17146=CARTESIAN_POINT('',(24.,12.5,21.));
#17147=CARTESIAN_POINT('',(24.,12.5,11.));
#17148=CARTESIAN_POINT('',(24.,5.,21.));
#17149=CARTESIAN_POINT('',(24.,12.5,21.));
#17150=CARTESIAN_POINT('',(24.,5.,21.));
#17151=CARTESIAN_POINT('',(24.,-10.9,0.));
#17152=CARTESIAN_POINT('Origin',(24.,-8.,0.));
#17153=CARTESIAN_POINT('',(24.,-2.9,-8.));
#17154=CARTESIAN_POINT('Origin',(24.,0.,-8.));
#17155=CARTESIAN_POINT('',(24.,5.1,0.));
#17156=CARTESIAN_POINT('Origin',(24.,8.,0.));
#17157=CARTESIAN_POINT('',(24.,-7.15,16.));
#17158=CARTESIAN_POINT('Origin',(24.,-8.,16.));
#17159=CARTESIAN_POINT('',(24.,8.85,16.));
#17160=CARTESIAN_POINT('Origin',(24.,8.,16.));
#17161=CARTESIAN_POINT('Origin',(24.,-8.,0.));
#17162=CARTESIAN_POINT('',(24.1,-10.9,0.));
#17163=CARTESIAN_POINT('',(24.1,-10.8982166096641,0.101688167784467));
#17164=CARTESIAN_POINT('Origin',(24.1,-8.,0.));
#17165=CARTESIAN_POINT('',(24.,-10.9,-3.55147571752732E-16));
#17166=CARTESIAN_POINT('Origin',(24.1,-8.,0.));
#17167=CARTESIAN_POINT('Origin',(24.1,-8.,0.));
#17168=CARTESIAN_POINT('Origin',(24.1,-10.5984010983195,0.091168702151591));
#17169=CARTESIAN_POINT('Origin',(24.,0.,-8.));
#17170=CARTESIAN_POINT('',(24.1,-2.9,-8.));
#17171=CARTESIAN_POINT('',(24.1,-2.89821660966406,-7.89831183221553));
#17172=CARTESIAN_POINT('Origin',(24.1,0.,-8.));
#17173=CARTESIAN_POINT('',(24.,-2.9,-8.));
#17174=CARTESIAN_POINT('Origin',(24.1,0.,-8.));
#17175=CARTESIAN_POINT('Origin',(24.1,0.,-8.));
#17176=CARTESIAN_POINT('Origin',(24.1,-2.5984010983195,-7.90883129784841));
#17177=CARTESIAN_POINT('Origin',(24.,8.,0.));
#17178=CARTESIAN_POINT('',(24.1,5.1,0.));
#17179=CARTESIAN_POINT('',(24.1,5.10178339033594,0.101688167784467));
#17180=CARTESIAN_POINT('Origin',(24.1,8.,0.));
#17181=CARTESIAN_POINT('',(24.,5.1,-3.55147571752732E-16));
#17182=CARTESIAN_POINT('Origin',(24.1,8.,0.));
#17183=CARTESIAN_POINT('Origin',(24.1,8.,0.));
#17184=CARTESIAN_POINT('Origin',(24.1,5.4015989016805,0.091168702151591));
#17185=CARTESIAN_POINT('Origin',(-24.,0.,19.));
#17186=CARTESIAN_POINT('',(21.,-5.,19.));
#17187=CARTESIAN_POINT('',(21.,-5.,19.));
#17188=CARTESIAN_POINT('',(21.,5.,19.));
#17189=CARTESIAN_POINT('',(24.,5.,19.));
#17190=CARTESIAN_POINT('',(21.,5.,19.));
#17191=CARTESIAN_POINT('Origin',(-24.,0.,19.));
#17192=CARTESIAN_POINT('',(-24.,-5.,19.));
#17193=CARTESIAN_POINT('',(-21.,5.,19.));
#17194=CARTESIAN_POINT('Origin',(-24.,-5.,26.));
#17195=CARTESIAN_POINT('',(-18.51961760512,-5.,17.99510102064));
#17196=CARTESIAN_POINT('',(-16.47918471983,-5.,20.03553390593));
#17197=CARTESIAN_POINT('',(-18.51961760512,-5.,17.99510102064));
#17198=CARTESIAN_POINT('',(-19.83549374218,-5.,15.6694516525));
#17199=CARTESIAN_POINT('Origin',(-14.98408369919,-5.,14.45956711471));
#17200=CARTESIAN_POINT('',(-19.83549374218,-5.,15.6694516525));
#17201=CARTESIAN_POINT('',(-19.,-5.,26.));
#17202=CARTESIAN_POINT('',(-19.,-5.,26.));
#17203=CARTESIAN_POINT('',(-19.,-5.,23.));
#17204=CARTESIAN_POINT('',(-19.,-5.,26.));
#17205=CARTESIAN_POINT('',(-14.59560644436,-5.,23.));
#17206=CARTESIAN_POINT('',(-14.59560644436,-5.,23.));
#17207=CARTESIAN_POINT('',(-14.59560644436,-5.,21.21922054952));
#17208=CARTESIAN_POINT('',(-14.59560644436,-5.,23.));
#17209=CARTESIAN_POINT('Origin',(-12.9436508139,-5.,16.5));
#17210=CARTESIAN_POINT('Origin',(-24.,-5.,26.));
#17211=CARTESIAN_POINT('',(18.51961760512,-5.,17.99510102064));
#17212=CARTESIAN_POINT('',(16.47918471983,-5.,20.03553390593));
#17213=CARTESIAN_POINT('',(18.51961760512,-5.,17.99510102064));
#17214=CARTESIAN_POINT('',(14.59560644436,-5.,21.21922054952));
#17215=CARTESIAN_POINT('Origin',(12.9436508139,-5.,16.5));
#17216=CARTESIAN_POINT('',(14.59560644436,-5.,23.));
#17217=CARTESIAN_POINT('',(14.59560644436,-5.,21.21922054952));
#17218=CARTESIAN_POINT('',(19.,-5.,23.));
#17219=CARTESIAN_POINT('',(19.,-5.,23.));
#17220=CARTESIAN_POINT('',(19.,-5.,26.));
#17221=CARTESIAN_POINT('',(19.,-5.,26.));
#17222=CARTESIAN_POINT('',(24.,-5.,21.));
#17223=CARTESIAN_POINT('',(21.,-5.,11.));
#17224=CARTESIAN_POINT('',(21.,-5.,11.));
#17225=CARTESIAN_POINT('',(19.83549374218,-5.,15.6694516525));
#17226=CARTESIAN_POINT('',(21.,-5.,11.));
#17227=CARTESIAN_POINT('Origin',(14.98408369919,-5.,14.45956711471));
#17228=CARTESIAN_POINT('Origin',(-21.,-5.,15.51471862576));
#17229=CARTESIAN_POINT('',(-18.51961760512,-6.,17.99510102064));
#17230=CARTESIAN_POINT('',(-18.51961760512,-5.,17.99510102064));
#17231=CARTESIAN_POINT('',(-16.47918471983,-6.,20.03553390593));
#17232=CARTESIAN_POINT('',(-16.47918471983,-6.,20.03553390593));
#17233=CARTESIAN_POINT('',(-18.51961760512,-6.,17.99510102064));
#17234=CARTESIAN_POINT('Origin',(-14.98408369919,45.09,14.45956711471));
#17235=CARTESIAN_POINT('',(-19.83549374218,-6.,15.6694516525));
#17236=CARTESIAN_POINT('Origin',(-14.98408369919,-6.,14.45956711471));
#17237=CARTESIAN_POINT('',(-19.83549374218,-5.,15.6694516525));
#17238=CARTESIAN_POINT('Origin',(-19.5,-6.,17.01471862576));
#17239=CARTESIAN_POINT('',(-19.83549374218,-6.,15.6694516525));
#17240=CARTESIAN_POINT('Origin',(-14.84529946162,-6.,24.));
#17241=CARTESIAN_POINT('',(-14.43383080717,-6.,21.27277315485));
#17242=CARTESIAN_POINT('',(-14.43383080717,-6.,22.));
#17243=CARTESIAN_POINT('',(-14.43383080717,-6.,21.27277315485));
#17244=CARTESIAN_POINT('',(-14.84529946162,-6.,22.));
#17245=CARTESIAN_POINT('',(-14.43383080717,-6.,22.));
#17246=CARTESIAN_POINT('',(-14.84529946162,-6.,24.));
#17247=CARTESIAN_POINT('',(-14.84529946162,-6.,24.));
#17248=CARTESIAN_POINT('',(-17.15470053838,-6.,24.));
#17249=CARTESIAN_POINT('',(-14.84529946162,-6.,24.));
#17250=CARTESIAN_POINT('',(-17.15470053838,-6.,22.));
#17251=CARTESIAN_POINT('',(-17.15470053838,-6.,24.));
#17252=CARTESIAN_POINT('',(-18.30940107676,-6.,22.));
#17253=CARTESIAN_POINT('',(-18.30940107676,-6.,22.));
#17254=CARTESIAN_POINT('',(-18.30940107676,-6.,22.44795823612));
#17255=CARTESIAN_POINT('',(-18.30940107676,-6.,22.44795823612));
#17256=CARTESIAN_POINT('',(-18.30940107676,-6.,22.44795823612));
#17257=CARTESIAN_POINT('Origin',(-12.9436508139,-6.,16.5));
#17258=CARTESIAN_POINT('Origin',(-14.84529946162,-6.,24.));
#17259=CARTESIAN_POINT('',(21.,-6.,11.));
#17260=CARTESIAN_POINT('',(19.83549374218,-6.,15.6694516525));
#17261=CARTESIAN_POINT('',(21.,-6.,11.));
#17262=CARTESIAN_POINT('',(21.,-6.,19.75735931288));
#17263=CARTESIAN_POINT('',(21.,-6.,19.75735931288));
#17264=CARTESIAN_POINT('',(18.30940107676,-6.,22.44795823612));
#17265=CARTESIAN_POINT('',(21.,-6.,19.75735931288));
#17266=CARTESIAN_POINT('',(18.30940107676,-6.,22.));
#17267=CARTESIAN_POINT('',(18.30940107676,-6.,22.44795823612));
#17268=CARTESIAN_POINT('',(17.15470053838,-6.,22.));
#17269=CARTESIAN_POINT('',(18.30940107676,-6.,22.));
#17270=CARTESIAN_POINT('',(17.15470053838,-6.,24.));
#17271=CARTESIAN_POINT('',(17.15470053838,-6.,22.));
#17272=CARTESIAN_POINT('',(14.84529946162,-6.,24.));
#17273=CARTESIAN_POINT('',(14.84529946162,-6.,24.));
#17274=CARTESIAN_POINT('',(14.84529946162,-6.,22.));
#17275=CARTESIAN_POINT('',(14.84529946162,-6.,22.));
#17276=CARTESIAN_POINT('',(14.43383080717,-6.,22.));
#17277=CARTESIAN_POINT('',(14.43383080717,-6.,22.));
#17278=CARTESIAN_POINT('',(14.43383080717,-6.,21.27277315485));
#17279=CARTESIAN_POINT('',(14.43383080717,-6.,21.27277315485));
#17280=CARTESIAN_POINT('',(16.47918471983,-6.,20.03553390593));
#17281=CARTESIAN_POINT('Origin',(12.9436508139,-6.,16.5));
#17282=CARTESIAN_POINT('',(18.51961760512,-6.,17.99510102064));
#17283=CARTESIAN_POINT('',(18.51961760512,-6.,17.99510102064));
#17284=CARTESIAN_POINT('Origin',(14.98408369919,-6.,14.45956711471));
#17285=CARTESIAN_POINT('Origin',(-9.919112181406,-4.5,23.));
#17286=CARTESIAN_POINT('',(-9.919112181406,-4.5,21.5));
#17287=CARTESIAN_POINT('',(-12.9436508139,-5.504892735252,21.5));
#17288=CARTESIAN_POINT('',(-9.919112181406,-4.5,21.5));
#17289=CARTESIAN_POINT('',(-9.919112181406,-4.5,23.));
#17290=CARTESIAN_POINT('',(-9.919112181406,-4.5,23.));
#17291=CARTESIAN_POINT('',(-13.81022135628,-5.792807868249,23.));
#17292=CARTESIAN_POINT('',(-9.919112181406,-4.5,23.));
#17293=CARTESIAN_POINT('',(-13.81022135628,-5.792807868249,22.));
#17294=CARTESIAN_POINT('',(-13.81022135628,-5.792807868249,23.));
#17295=CARTESIAN_POINT('',(-13.81022135628,-5.792807868249,22.));
#17296=CARTESIAN_POINT('Origin',(-12.9436508139,-5.50489273525345,16.5));
#17297=CARTESIAN_POINT('Origin',(-24.,0.,21.5));
#17298=CARTESIAN_POINT('',(-12.9436508139,-4.451143326729,21.5));
#17299=CARTESIAN_POINT('',(-12.9436508139,-5.504892735252,21.5));
#17300=CARTESIAN_POINT('',(-10.08088781859,-3.5,21.5));
#17301=CARTESIAN_POINT('',(-12.9436508139,-4.451143326729,21.5));
#17302=CARTESIAN_POINT('',(-6.,-3.5,21.5));
#17303=CARTESIAN_POINT('',(-10.08088781859,-3.5,21.5));
#17304=CARTESIAN_POINT('',(-6.,3.5,21.5));
#17305=CARTESIAN_POINT('',(-6.,-3.5,21.5));
#17306=CARTESIAN_POINT('',(-10.08088781859,3.5,21.5));
#17307=CARTESIAN_POINT('',(-6.,3.5,21.5));
#17308=CARTESIAN_POINT('',(-12.9436508139,4.451143326729,21.5));
#17309=CARTESIAN_POINT('',(-12.9436508139,4.451143326729,21.5));
#17310=CARTESIAN_POINT('',(-12.9436508139,5.504892735252,21.5));
#17311=CARTESIAN_POINT('',(-12.9436508139,4.451143326729,21.5));
#17312=CARTESIAN_POINT('',(-9.919112181406,4.5,21.5));
#17313=CARTESIAN_POINT('',(-9.919112181406,4.5,21.5));
#17314=CARTESIAN_POINT('',(9.919112181406,4.5,21.5));
#17315=CARTESIAN_POINT('',(-9.919112181406,4.5,21.5));
#17316=CARTESIAN_POINT('',(12.9436508139,5.504892735252,21.5));
#17317=CARTESIAN_POINT('',(9.919112181406,4.5,21.5));
#17318=CARTESIAN_POINT('',(12.9436508139,4.451143326729,21.5));
#17319=CARTESIAN_POINT('',(12.9436508139,5.504892735252,21.5));
#17320=CARTESIAN_POINT('',(10.08088781859,3.5,21.5));
#17321=CARTESIAN_POINT('',(12.9436508139,4.451143326729,21.5));
#17322=CARTESIAN_POINT('',(6.,3.5,21.5));
#17323=CARTESIAN_POINT('',(10.08088781859,3.5,21.5));
#17324=CARTESIAN_POINT('',(6.,-3.5,21.5));
#17325=CARTESIAN_POINT('',(6.,3.5,21.5));
#17326=CARTESIAN_POINT('',(10.08088781859,-3.5,21.5));
#17327=CARTESIAN_POINT('',(6.,-3.5,21.5));
#17328=CARTESIAN_POINT('',(12.9436508139,-4.451143326729,21.5));
#17329=CARTESIAN_POINT('',(12.9436508139,-4.451143326729,21.5));
#17330=CARTESIAN_POINT('',(12.9436508139,-5.504892735252,21.5));
#17331=CARTESIAN_POINT('',(12.9436508139,-4.451143326729,21.5));
#17332=CARTESIAN_POINT('',(9.919112181406,-4.5,21.5));
#17333=CARTESIAN_POINT('',(9.919112181406,-4.5,21.5));
#17334=CARTESIAN_POINT('',(9.919112181406,-4.5,21.5));
#17335=CARTESIAN_POINT('',(-4.45,3.,21.5));
#17336=CARTESIAN_POINT('',(4.45,3.,21.5));
#17337=CARTESIAN_POINT('',(-4.45,3.,21.5));
#17338=CARTESIAN_POINT('',(-4.95,2.5,21.5));
#17339=CARTESIAN_POINT('Origin',(-4.45,2.5,21.5));
#17340=CARTESIAN_POINT('',(-4.95,-2.5,21.5));
#17341=CARTESIAN_POINT('',(-4.95,-2.5,21.5));
#17342=CARTESIAN_POINT('',(-4.45,-3.,21.5));
#17343=CARTESIAN_POINT('Origin',(-4.45,-2.5,21.5));
#17344=CARTESIAN_POINT('',(4.45,-3.,21.5));
#17345=CARTESIAN_POINT('',(4.45,-3.,21.5));
#17346=CARTESIAN_POINT('',(4.95,-2.5,21.5));
#17347=CARTESIAN_POINT('Origin',(4.45,-2.5,21.5));
#17348=CARTESIAN_POINT('',(4.95,2.5,21.5));
#17349=CARTESIAN_POINT('',(4.95,2.5,21.5));
#17350=CARTESIAN_POINT('Origin',(4.45,2.5,21.5));
#17351=CARTESIAN_POINT('Origin',(-4.95,3.,21.5));
#17352=CARTESIAN_POINT('',(4.45,3.,26.));
#17353=CARTESIAN_POINT('',(4.45,3.,21.5));
#17354=CARTESIAN_POINT('',(2.645751311065,3.,26.));
#17355=CARTESIAN_POINT('',(2.645751311065,3.,26.));
#17356=CARTESIAN_POINT('',(2.645751311065,3.,24.5));
#17357=CARTESIAN_POINT('',(2.645751311065,3.,24.5));
#17358=CARTESIAN_POINT('',(-2.645751311065,3.,24.5));
#17359=CARTESIAN_POINT('',(2.645751311065,3.,24.5));
#17360=CARTESIAN_POINT('',(-2.645751311065,3.,26.));
#17361=CARTESIAN_POINT('',(-2.645751311065,3.,24.5));
#17362=CARTESIAN_POINT('',(-4.45,3.,26.));
#17363=CARTESIAN_POINT('',(-4.45,3.,26.));
#17364=CARTESIAN_POINT('',(-4.45,3.,21.5));
#17365=CARTESIAN_POINT('Origin',(4.45,2.5,21.39649714446));
#17366=CARTESIAN_POINT('',(4.95,2.5,26.));
#17367=CARTESIAN_POINT('',(4.95,2.5,21.5));
#17368=CARTESIAN_POINT('Origin',(4.45,2.5,26.));
#17369=CARTESIAN_POINT('Origin',(4.95,3.,21.5));
#17370=CARTESIAN_POINT('',(4.95,-2.5,26.));
#17371=CARTESIAN_POINT('',(4.95,-2.5,21.5));
#17372=CARTESIAN_POINT('',(4.95,2.5,26.));
#17373=CARTESIAN_POINT('Origin',(4.45,-2.5,21.39649714446));
#17374=CARTESIAN_POINT('',(4.45,-3.,26.));
#17375=CARTESIAN_POINT('',(4.45,-3.,21.5));
#17376=CARTESIAN_POINT('Origin',(4.45,-2.5,26.));
#17377=CARTESIAN_POINT('Origin',(4.95,-3.,21.5));
#17378=CARTESIAN_POINT('',(-4.45,-3.,26.));
#17379=CARTESIAN_POINT('',(-4.45,-3.,21.5));
#17380=CARTESIAN_POINT('',(-2.645751311065,-3.,26.));
#17381=CARTESIAN_POINT('',(-2.645751311065,-3.,26.));
#17382=CARTESIAN_POINT('',(-2.645751311065,-3.,24.5));
#17383=CARTESIAN_POINT('',(-2.645751311065,-3.,24.5));
#17384=CARTESIAN_POINT('',(2.645751311065,-3.,24.5));
#17385=CARTESIAN_POINT('',(2.645751311065,-3.,24.5));
#17386=CARTESIAN_POINT('',(2.645751311065,-3.,26.));
#17387=CARTESIAN_POINT('',(2.645751311065,-3.,24.5));
#17388=CARTESIAN_POINT('',(4.45,-3.,26.));
#17389=CARTESIAN_POINT('Origin',(-24.,12.5,26.));
#17390=CARTESIAN_POINT('',(14.8,2.9,26.));
#17391=CARTESIAN_POINT('',(14.8,-1.5,26.));
#17392=CARTESIAN_POINT('',(14.8,2.9,26.));
#17393=CARTESIAN_POINT('',(15.4,3.5,26.));
#17394=CARTESIAN_POINT('Origin',(15.4,2.9,26.));
#17395=CARTESIAN_POINT('',(17.2,3.5,26.));
#17396=CARTESIAN_POINT('',(17.2,3.5,26.));
#17397=CARTESIAN_POINT('',(17.8,2.9,26.));
#17398=CARTESIAN_POINT('Origin',(17.2,2.9,26.));
#17399=CARTESIAN_POINT('',(17.8,-0.9,26.));
#17400=CARTESIAN_POINT('',(17.8,-0.9,26.));
#17401=CARTESIAN_POINT('',(17.7,-0.9,26.));
#17402=CARTESIAN_POINT('',(17.7,-0.9,26.));
#17403=CARTESIAN_POINT('',(17.7,-2.1,26.));
#17404=CARTESIAN_POINT('Origin',(17.7,-1.5,26.));
#17405=CARTESIAN_POINT('',(18.,-2.1,26.));
#17406=CARTESIAN_POINT('',(17.7,-2.1,26.));
#17407=CARTESIAN_POINT('',(19.,-1.1,26.));
#17408=CARTESIAN_POINT('Origin',(18.,-1.1,26.));
#17409=CARTESIAN_POINT('',(19.,5.,26.));
#17410=CARTESIAN_POINT('',(19.,5.,26.));
#17411=CARTESIAN_POINT('',(19.,12.5,26.));
#17412=CARTESIAN_POINT('',(19.,12.5,26.));
#17413=CARTESIAN_POINT('',(-19.,12.5,26.));
#17414=CARTESIAN_POINT('',(-19.,12.5,26.));
#17415=CARTESIAN_POINT('',(-19.,5.,26.));
#17416=CARTESIAN_POINT('',(-19.,12.5,26.));
#17417=CARTESIAN_POINT('',(-19.,-1.1,26.));
#17418=CARTESIAN_POINT('',(-19.,-1.1,26.));
#17419=CARTESIAN_POINT('',(-18.,-2.1,26.));
#17420=CARTESIAN_POINT('Origin',(-18.,-1.1,26.));
#17421=CARTESIAN_POINT('',(-17.7,-2.1,26.));
#17422=CARTESIAN_POINT('',(-18.,-2.1,26.));
#17423=CARTESIAN_POINT('',(-17.7,-0.9,26.));
#17424=CARTESIAN_POINT('Origin',(-17.7,-1.5,26.));
#17425=CARTESIAN_POINT('',(-17.8,-0.9,26.));
#17426=CARTESIAN_POINT('',(-17.8,-0.9,26.));
#17427=CARTESIAN_POINT('',(-17.8,2.9,26.));
#17428=CARTESIAN_POINT('',(-17.8,2.9,26.));
#17429=CARTESIAN_POINT('',(-17.2,3.5,26.));
#17430=CARTESIAN_POINT('Origin',(-17.2,2.9,26.));
#17431=CARTESIAN_POINT('',(-15.4,3.5,26.));
#17432=CARTESIAN_POINT('',(-15.4,3.5,26.));
#17433=CARTESIAN_POINT('',(-14.8,2.9,26.));
#17434=CARTESIAN_POINT('Origin',(-15.4,2.9,26.));
#17435=CARTESIAN_POINT('',(-14.8,-1.5,26.));
#17436=CARTESIAN_POINT('',(-14.8,-1.5,26.));
#17437=CARTESIAN_POINT('',(-16.8,-3.5,26.));
#17438=CARTESIAN_POINT('Origin',(-16.8,-1.5,26.));
#17439=CARTESIAN_POINT('',(-18.,-3.5,26.));
#17440=CARTESIAN_POINT('',(-16.8,-3.5,26.));
#17441=CARTESIAN_POINT('',(-19.,-4.5,26.));
#17442=CARTESIAN_POINT('Origin',(-18.,-4.5,26.));
#17443=CARTESIAN_POINT('',(-19.,-5.,26.));
#17444=CARTESIAN_POINT('',(-19.,-12.5,26.));
#17445=CARTESIAN_POINT('',(-19.,-5.,26.));
#17446=CARTESIAN_POINT('',(19.,-12.5,26.));
#17447=CARTESIAN_POINT('',(-19.,-12.5,26.));
#17448=CARTESIAN_POINT('',(19.,-5.,26.));
#17449=CARTESIAN_POINT('',(19.,-4.5,26.));
#17450=CARTESIAN_POINT('',(19.,-4.5,26.));
#17451=CARTESIAN_POINT('',(18.,-3.5,26.));
#17452=CARTESIAN_POINT('Origin',(18.,-4.5,26.));
#17453=CARTESIAN_POINT('',(16.8,-3.5,26.));
#17454=CARTESIAN_POINT('',(18.,-3.5,26.));
#17455=CARTESIAN_POINT('Origin',(16.8,-1.5,26.));
#17456=CARTESIAN_POINT('',(0.,-6.95,26.));
#17457=CARTESIAN_POINT('Origin',(0.,-8.,26.));
#17458=CARTESIAN_POINT('',(-8.,1.05,26.));
#17459=CARTESIAN_POINT('Origin',(-8.,0.,26.));
#17460=CARTESIAN_POINT('',(-1.28587913910472E-16,9.05,26.));
#17461=CARTESIAN_POINT('Origin',(0.,8.,26.));
#17462=CARTESIAN_POINT('',(8.,1.05,26.));
#17463=CARTESIAN_POINT('Origin',(8.,0.,26.));
#17464=CARTESIAN_POINT('',(8.,-6.95,26.));
#17465=CARTESIAN_POINT('Origin',(8.,-8.,26.));
#17466=CARTESIAN_POINT('',(8.,9.05,26.));
#17467=CARTESIAN_POINT('Origin',(8.,8.,26.));
#17468=CARTESIAN_POINT('',(-8.,9.05,26.));
#17469=CARTESIAN_POINT('Origin',(-8.,8.,26.));
#17470=CARTESIAN_POINT('',(-8.,-6.95,26.));
#17471=CARTESIAN_POINT('Origin',(-8.,-8.,26.));
#17472=CARTESIAN_POINT('',(-14.95,-8.,26.));
#17473=CARTESIAN_POINT('Origin',(-16.,-8.,26.));
#17474=CARTESIAN_POINT('',(-14.95,8.,26.));
#17475=CARTESIAN_POINT('Origin',(-16.,8.,26.));
#17476=CARTESIAN_POINT('',(17.05,8.,26.));
#17477=CARTESIAN_POINT('Origin',(16.,8.,26.));
#17478=CARTESIAN_POINT('',(17.05,-8.,26.));
#17479=CARTESIAN_POINT('Origin',(16.,-8.,26.));
#17480=CARTESIAN_POINT('Origin',(0.,0.,26.));
#17481=CARTESIAN_POINT('',(-4.95,-2.5,26.));
#17482=CARTESIAN_POINT('Origin',(-4.45,-2.5,26.));
#17483=CARTESIAN_POINT('',(-4.95,2.5,26.));
#17484=CARTESIAN_POINT('',(-4.95,-2.5,26.));
#17485=CARTESIAN_POINT('Origin',(-4.45,2.5,26.));
#17486=CARTESIAN_POINT('Origin',(0.,0.,26.));
#17487=CARTESIAN_POINT('Origin',(0.,-8.,26.));
#17488=CARTESIAN_POINT('',(0.,-6.95,24.));
#17489=CARTESIAN_POINT('Origin',(0.,-8.,24.));
#17490=CARTESIAN_POINT('',(-1.28587913910472E-16,-6.95,26.));
#17491=CARTESIAN_POINT('Origin',(-24.,0.,24.));
#17492=CARTESIAN_POINT('',(-2.,-6.845299461621,24.));
#17493=CARTESIAN_POINT('',(0.,-5.690598923241,24.));
#17494=CARTESIAN_POINT('',(-2.,-6.845299461621,24.));
#17495=CARTESIAN_POINT('',(2.,-6.845299461621,24.));
#17496=CARTESIAN_POINT('',(0.,-5.690598923241,24.));
#17497=CARTESIAN_POINT('',(2.,-9.154700538379,24.));
#17498=CARTESIAN_POINT('',(2.,-6.845299461621,24.));
#17499=CARTESIAN_POINT('',(0.,-10.30940107676,24.));
#17500=CARTESIAN_POINT('',(2.,-9.154700538379,24.));
#17501=CARTESIAN_POINT('',(-2.,-9.154700538379,24.));
#17502=CARTESIAN_POINT('',(0.,-10.30940107676,24.));
#17503=CARTESIAN_POINT('',(-2.,-9.154700538379,24.));
#17504=CARTESIAN_POINT('Origin',(-2.,-6.845299461621,23.));
#17505=CARTESIAN_POINT('',(0.,-5.690598923241,22.));
#17506=CARTESIAN_POINT('',(0.,-5.690598923241,24.));
#17507=CARTESIAN_POINT('',(-2.,-6.845299461621,22.));
#17508=CARTESIAN_POINT('',(-2.,-6.845299461621,22.));
#17509=CARTESIAN_POINT('',(0.,-5.690598923241,22.));
#17510=CARTESIAN_POINT('Origin',(0.,-5.690598923241,23.));
#17511=CARTESIAN_POINT('',(2.,-6.845299461621,22.));
#17512=CARTESIAN_POINT('',(2.,-6.845299461621,24.));
#17513=CARTESIAN_POINT('',(2.,-6.845299461621,22.));
#17514=CARTESIAN_POINT('Origin',(2.,-6.845299461621,23.));
#17515=CARTESIAN_POINT('',(2.,-9.154700538379,22.));
#17516=CARTESIAN_POINT('',(2.,-9.154700538379,24.));
#17517=CARTESIAN_POINT('',(2.,-9.154700538379,22.));
#17518=CARTESIAN_POINT('Origin',(2.,-9.154700538379,23.));
#17519=CARTESIAN_POINT('',(0.,-10.30940107676,22.));
#17520=CARTESIAN_POINT('',(0.,-10.30940107676,24.));
#17521=CARTESIAN_POINT('',(0.,-10.30940107676,22.));
#17522=CARTESIAN_POINT('Origin',(0.,-10.30940107676,23.));
#17523=CARTESIAN_POINT('',(-2.,-9.154700538379,22.));
#17524=CARTESIAN_POINT('',(-2.,-9.154700538379,24.));
#17525=CARTESIAN_POINT('',(-2.,-9.154700538379,22.));
#17526=CARTESIAN_POINT('Origin',(-2.,-9.154700538379,23.));
#17527=CARTESIAN_POINT('',(-2.,-6.845299461621,22.));
#17528=CARTESIAN_POINT('Origin',(-24.,0.,22.));
#17529=CARTESIAN_POINT('',(7.662177826491,4.5,22.));
#17530=CARTESIAN_POINT('',(8.337822173509,4.5,22.));
#17531=CARTESIAN_POINT('',(7.662177826491,4.5,22.));
#17532=CARTESIAN_POINT('',(4.8,6.152479138593,22.));
#17533=CARTESIAN_POINT('',(7.662177826491,4.5,22.));
#17534=CARTESIAN_POINT('',(4.8,9.847520861407,22.));
#17535=CARTESIAN_POINT('',(4.8,6.152479138593,22.));
#17536=CARTESIAN_POINT('',(6.796152422707,11.,22.));
#17537=CARTESIAN_POINT('',(4.8,9.847520861407,22.));
#17538=CARTESIAN_POINT('',(9.203847577293,11.,22.));
#17539=CARTESIAN_POINT('',(9.203847577293,11.,22.));
#17540=CARTESIAN_POINT('',(11.2,9.847520861407,22.));
#17541=CARTESIAN_POINT('',(9.203847577293,11.,22.));
#17542=CARTESIAN_POINT('',(11.2,6.152479138593,22.));
#17543=CARTESIAN_POINT('',(11.2,9.847520861407,22.));
#17544=CARTESIAN_POINT('',(11.2,6.152479138593,22.));
#17545=CARTESIAN_POINT('',(6.,9.154700538379,22.));
#17546=CARTESIAN_POINT('',(6.,6.845299461621,22.));
#17547=CARTESIAN_POINT('',(6.,9.154700538379,22.));
#17548=CARTESIAN_POINT('',(8.,5.690598923241,22.));
#17549=CARTESIAN_POINT('',(6.,6.845299461621,22.));
#17550=CARTESIAN_POINT('',(10.,6.845299461621,22.));
#17551=CARTESIAN_POINT('',(8.,5.690598923241,22.));
#17552=CARTESIAN_POINT('',(10.,9.154700538379,22.));
#17553=CARTESIAN_POINT('',(10.,6.845299461621,22.));
#17554=CARTESIAN_POINT('',(8.,10.30940107676,22.));
#17555=CARTESIAN_POINT('',(10.,9.154700538379,22.));
#17556=CARTESIAN_POINT('',(8.,10.30940107676,22.));
#17557=CARTESIAN_POINT('Origin',(-24.,0.,22.));
#17558=CARTESIAN_POINT('',(7.662177826491,-4.5,22.));
#17559=CARTESIAN_POINT('',(8.337822173509,-4.5,22.));
#17560=CARTESIAN_POINT('',(7.662177826491,-4.5,22.));
#17561=CARTESIAN_POINT('',(11.2,-6.152479138593,22.));
#17562=CARTESIAN_POINT('',(8.337822173509,-4.5,22.));
#17563=CARTESIAN_POINT('',(11.2,-9.847520861407,22.));
#17564=CARTESIAN_POINT('',(11.2,-6.152479138593,22.));
#17565=CARTESIAN_POINT('',(9.203847577293,-11.,22.));
#17566=CARTESIAN_POINT('',(11.2,-9.847520861407,22.));
#17567=CARTESIAN_POINT('',(6.796152422707,-11.,22.));
#17568=CARTESIAN_POINT('',(9.203847577293,-11.,22.));
#17569=CARTESIAN_POINT('',(4.8,-9.847520861407,22.));
#17570=CARTESIAN_POINT('',(6.796152422707,-11.,22.));
#17571=CARTESIAN_POINT('',(4.8,-6.152479138593,22.));
#17572=CARTESIAN_POINT('',(4.8,-9.847520861407,22.));
#17573=CARTESIAN_POINT('',(4.8,-6.152479138593,22.));
#17574=CARTESIAN_POINT('',(6.,-6.845299461621,22.));
#17575=CARTESIAN_POINT('',(6.,-9.154700538379,22.));
#17576=CARTESIAN_POINT('',(6.,-6.845299461621,22.));
#17577=CARTESIAN_POINT('',(8.,-10.30940107676,22.));
#17578=CARTESIAN_POINT('',(6.,-9.154700538379,22.));
#17579=CARTESIAN_POINT('',(10.,-9.154700538379,22.));
#17580=CARTESIAN_POINT('',(8.,-10.30940107676,22.));
#17581=CARTESIAN_POINT('',(10.,-6.845299461621,22.));
#17582=CARTESIAN_POINT('',(10.,-9.154700538379,22.));
#17583=CARTESIAN_POINT('',(8.,-5.690598923241,22.));
#17584=CARTESIAN_POINT('',(10.,-6.845299461621,22.));
#17585=CARTESIAN_POINT('',(8.,-5.690598923241,22.));
#17586=CARTESIAN_POINT('Origin',(-24.,0.,22.));
#17587=CARTESIAN_POINT('',(0.3378221735089,4.5,22.));
#17588=CARTESIAN_POINT('',(-0.3378221735089,4.5,22.));
#17589=CARTESIAN_POINT('',(0.3378221735089,4.5,22.));
#17590=CARTESIAN_POINT('',(-3.2,6.152479138593,22.));
#17591=CARTESIAN_POINT('',(-0.3378221735089,4.5,22.));
#17592=CARTESIAN_POINT('',(-3.2,9.847520861407,22.));
#17593=CARTESIAN_POINT('',(-3.2,6.152479138593,22.));
#17594=CARTESIAN_POINT('',(-1.203847577293,11.,22.));
#17595=CARTESIAN_POINT('',(-3.2,9.847520861407,22.));
#17596=CARTESIAN_POINT('',(1.203847577293,11.,22.));
#17597=CARTESIAN_POINT('',(1.203847577293,11.,22.));
#17598=CARTESIAN_POINT('',(3.2,9.847520861407,22.));
#17599=CARTESIAN_POINT('',(1.203847577293,11.,22.));
#17600=CARTESIAN_POINT('',(3.2,6.152479138593,22.));
#17601=CARTESIAN_POINT('',(3.2,9.847520861407,22.));
#17602=CARTESIAN_POINT('',(3.2,6.152479138593,22.));
#17603=CARTESIAN_POINT('',(-2.,9.154700538379,22.));
#17604=CARTESIAN_POINT('',(-2.,6.845299461621,22.));
#17605=CARTESIAN_POINT('',(-2.,9.154700538379,22.));
#17606=CARTESIAN_POINT('',(0.,5.690598923241,22.));
#17607=CARTESIAN_POINT('',(-2.,6.845299461621,22.));
#17608=CARTESIAN_POINT('',(2.,6.845299461621,22.));
#17609=CARTESIAN_POINT('',(0.,5.690598923241,22.));
#17610=CARTESIAN_POINT('',(2.,9.154700538379,22.));
#17611=CARTESIAN_POINT('',(2.,6.845299461621,22.));
#17612=CARTESIAN_POINT('',(0.,10.30940107676,22.));
#17613=CARTESIAN_POINT('',(2.,9.154700538379,22.));
#17614=CARTESIAN_POINT('',(0.,10.30940107676,22.));
#17615=CARTESIAN_POINT('Origin',(-24.,0.,22.));
#17616=CARTESIAN_POINT('',(-7.662177826491,4.5,22.));
#17617=CARTESIAN_POINT('',(-8.337822173509,4.5,22.));
#17618=CARTESIAN_POINT('',(-7.662177826491,4.5,22.));
#17619=CARTESIAN_POINT('',(-11.2,6.152479138593,22.));
#17620=CARTESIAN_POINT('',(-8.337822173509,4.5,22.));
#17621=CARTESIAN_POINT('',(-11.2,9.847520861407,22.));
#17622=CARTESIAN_POINT('',(-11.2,6.152479138593,22.));
#17623=CARTESIAN_POINT('',(-9.203847577293,11.,22.));
#17624=CARTESIAN_POINT('',(-11.2,9.847520861407,22.));
#17625=CARTESIAN_POINT('',(-6.796152422707,11.,22.));
#17626=CARTESIAN_POINT('',(-6.796152422707,11.,22.));
#17627=CARTESIAN_POINT('',(-4.8,9.847520861407,22.));
#17628=CARTESIAN_POINT('',(-6.796152422707,11.,22.));
#17629=CARTESIAN_POINT('',(-4.8,6.152479138593,22.));
#17630=CARTESIAN_POINT('',(-4.8,9.847520861407,22.));
#17631=CARTESIAN_POINT('',(-4.8,6.152479138593,22.));
#17632=CARTESIAN_POINT('',(-10.,9.154700538379,22.));
#17633=CARTESIAN_POINT('',(-10.,6.845299461621,22.));
#17634=CARTESIAN_POINT('',(-10.,9.154700538379,22.));
#17635=CARTESIAN_POINT('',(-8.,5.690598923241,22.));
#17636=CARTESIAN_POINT('',(-10.,6.845299461621,22.));
#17637=CARTESIAN_POINT('',(-6.,6.845299461621,22.));
#17638=CARTESIAN_POINT('',(-8.,5.690598923241,22.));
#17639=CARTESIAN_POINT('',(-6.,9.154700538379,22.));
#17640=CARTESIAN_POINT('',(-6.,6.845299461621,22.));
#17641=CARTESIAN_POINT('',(-8.,10.30940107676,22.));
#17642=CARTESIAN_POINT('',(-6.,9.154700538379,22.));
#17643=CARTESIAN_POINT('',(-8.,10.30940107676,22.));
#17644=CARTESIAN_POINT('Origin',(-24.,0.,22.));
#17645=CARTESIAN_POINT('',(-0.3378221735089,-4.5,22.));
#17646=CARTESIAN_POINT('',(0.3378221735089,-4.5,22.));
#17647=CARTESIAN_POINT('',(-0.3378221735089,-4.5,22.));
#17648=CARTESIAN_POINT('',(3.2,-6.152479138593,22.));
#17649=CARTESIAN_POINT('',(0.3378221735089,-4.5,22.));
#17650=CARTESIAN_POINT('',(3.2,-9.847520861407,22.));
#17651=CARTESIAN_POINT('',(3.2,-6.152479138593,22.));
#17652=CARTESIAN_POINT('',(1.203847577293,-11.,22.));
#17653=CARTESIAN_POINT('',(3.2,-9.847520861407,22.));
#17654=CARTESIAN_POINT('',(-1.203847577293,-11.,22.));
#17655=CARTESIAN_POINT('',(1.203847577293,-11.,22.));
#17656=CARTESIAN_POINT('',(-3.2,-9.847520861407,22.));
#17657=CARTESIAN_POINT('',(-1.203847577293,-11.,22.));
#17658=CARTESIAN_POINT('',(-3.2,-6.152479138593,22.));
#17659=CARTESIAN_POINT('',(-3.2,-9.847520861407,22.));
#17660=CARTESIAN_POINT('',(-3.2,-6.152479138593,22.));
#17661=CARTESIAN_POINT('Origin',(-24.,0.,22.));
#17662=CARTESIAN_POINT('',(-7.662177826491,-4.5,22.));
#17663=CARTESIAN_POINT('',(-8.337822173509,-4.5,22.));
#17664=CARTESIAN_POINT('',(-7.662177826491,-4.5,22.));
#17665=CARTESIAN_POINT('',(-4.8,-6.152479138593,22.));
#17666=CARTESIAN_POINT('',(-7.662177826491,-4.5,22.));
#17667=CARTESIAN_POINT('',(-4.8,-9.847520861407,22.));
#17668=CARTESIAN_POINT('',(-4.8,-6.152479138593,22.));
#17669=CARTESIAN_POINT('',(-6.796152422707,-11.,22.));
#17670=CARTESIAN_POINT('',(-4.8,-9.847520861407,22.));
#17671=CARTESIAN_POINT('',(-9.203847577293,-11.,22.));
#17672=CARTESIAN_POINT('',(-6.796152422707,-11.,22.));
#17673=CARTESIAN_POINT('',(-11.2,-9.847520861407,22.));
#17674=CARTESIAN_POINT('',(-9.203847577293,-11.,22.));
#17675=CARTESIAN_POINT('',(-11.2,-6.152479138593,22.));
#17676=CARTESIAN_POINT('',(-11.2,-9.847520861407,22.));
#17677=CARTESIAN_POINT('',(-11.2,-6.152479138593,22.));
#17678=CARTESIAN_POINT('',(-10.,-6.845299461621,22.));
#17679=CARTESIAN_POINT('',(-10.,-9.154700538379,22.));
#17680=CARTESIAN_POINT('',(-10.,-6.845299461621,22.));
#17681=CARTESIAN_POINT('',(-8.,-10.30940107676,22.));
#17682=CARTESIAN_POINT('',(-10.,-9.154700538379,22.));
#17683=CARTESIAN_POINT('',(-6.,-9.154700538379,22.));
#17684=CARTESIAN_POINT('',(-8.,-10.30940107676,22.));
#17685=CARTESIAN_POINT('',(-6.,-6.845299461621,22.));
#17686=CARTESIAN_POINT('',(-6.,-9.154700538379,22.));
#17687=CARTESIAN_POINT('',(-8.,-5.690598923241,22.));
#17688=CARTESIAN_POINT('',(-6.,-6.845299461621,22.));
#17689=CARTESIAN_POINT('',(-8.,-5.690598923241,22.));
#17690=CARTESIAN_POINT('Origin',(-24.,0.,22.));
#17691=CARTESIAN_POINT('',(6.,2.540341184434,22.));
#17692=CARTESIAN_POINT('',(6.,1.154700538379,22.));
#17693=CARTESIAN_POINT('',(6.,2.540341184434,22.));
#17694=CARTESIAN_POINT('',(7.662177826491,3.5,22.));
#17695=CARTESIAN_POINT('',(6.,2.540341184434,22.));
#17696=CARTESIAN_POINT('',(8.337822173509,3.5,22.));
#17697=CARTESIAN_POINT('',(8.337822173509,3.5,22.));
#17698=CARTESIAN_POINT('',(11.2,1.847520861407,22.));
#17699=CARTESIAN_POINT('',(8.337822173509,3.5,22.));
#17700=CARTESIAN_POINT('',(11.2,-1.847520861407,22.));
#17701=CARTESIAN_POINT('',(11.2,1.847520861407,22.));
#17702=CARTESIAN_POINT('',(8.337822173509,-3.5,22.));
#17703=CARTESIAN_POINT('',(11.2,-1.847520861407,22.));
#17704=CARTESIAN_POINT('',(7.662177826491,-3.5,22.));
#17705=CARTESIAN_POINT('',(8.337822173509,-3.5,22.));
#17706=CARTESIAN_POINT('',(6.,-2.540341184434,22.));
#17707=CARTESIAN_POINT('',(7.662177826491,-3.5,22.));
#17708=CARTESIAN_POINT('',(6.,-1.154700538379,22.));
#17709=CARTESIAN_POINT('',(6.,-1.154700538379,22.));
#17710=CARTESIAN_POINT('',(8.,-2.309401076759,22.));
#17711=CARTESIAN_POINT('',(6.,-1.154700538379,22.));
#17712=CARTESIAN_POINT('',(10.,-1.154700538379,22.));
#17713=CARTESIAN_POINT('',(8.,-2.309401076759,22.));
#17714=CARTESIAN_POINT('',(10.,1.154700538379,22.));
#17715=CARTESIAN_POINT('',(10.,-1.154700538379,22.));
#17716=CARTESIAN_POINT('',(8.,2.309401076759,22.));
#17717=CARTESIAN_POINT('',(10.,1.154700538379,22.));
#17718=CARTESIAN_POINT('',(8.,2.309401076759,22.));
#17719=CARTESIAN_POINT('Origin',(-24.,0.,22.));
#17720=CARTESIAN_POINT('',(-6.,-2.540341184434,22.));
#17721=CARTESIAN_POINT('',(-6.,-1.154700538379,22.));
#17722=CARTESIAN_POINT('',(-6.,-2.540341184434,22.));
#17723=CARTESIAN_POINT('',(-7.662177826491,-3.5,22.));
#17724=CARTESIAN_POINT('',(-6.,-2.540341184434,22.));
#17725=CARTESIAN_POINT('',(-8.337822173509,-3.5,22.));
#17726=CARTESIAN_POINT('',(-8.337822173509,-3.5,22.));
#17727=CARTESIAN_POINT('',(-11.2,-1.847520861407,22.));
#17728=CARTESIAN_POINT('',(-8.337822173509,-3.5,22.));
#17729=CARTESIAN_POINT('',(-11.2,1.847520861407,22.));
#17730=CARTESIAN_POINT('',(-11.2,-1.847520861407,22.));
#17731=CARTESIAN_POINT('',(-8.337822173509,3.5,22.));
#17732=CARTESIAN_POINT('',(-11.2,1.847520861407,22.));
#17733=CARTESIAN_POINT('',(-7.662177826491,3.5,22.));
#17734=CARTESIAN_POINT('',(-8.337822173509,3.5,22.));
#17735=CARTESIAN_POINT('',(-6.,2.540341184434,22.));
#17736=CARTESIAN_POINT('',(-7.662177826491,3.5,22.));
#17737=CARTESIAN_POINT('',(-6.,1.154700538379,22.));
#17738=CARTESIAN_POINT('',(-6.,1.154700538379,22.));
#17739=CARTESIAN_POINT('',(-8.,2.309401076759,22.));
#17740=CARTESIAN_POINT('',(-6.,1.154700538379,22.));
#17741=CARTESIAN_POINT('',(-10.,1.154700538379,22.));
#17742=CARTESIAN_POINT('',(-8.,2.309401076759,22.));
#17743=CARTESIAN_POINT('',(-10.,-1.154700538379,22.));
#17744=CARTESIAN_POINT('',(-10.,1.154700538379,22.));
#17745=CARTESIAN_POINT('',(-8.,-2.309401076759,22.));
#17746=CARTESIAN_POINT('',(-10.,-1.154700538379,22.));
#17747=CARTESIAN_POINT('',(-8.,-2.309401076759,22.));
#17748=CARTESIAN_POINT('Origin',(6.,6.845299461621,23.));
#17749=CARTESIAN_POINT('',(6.,9.154700538379,24.));
#17750=CARTESIAN_POINT('',(6.,9.154700538379,22.));
#17751=CARTESIAN_POINT('',(6.,6.845299461621,24.));
#17752=CARTESIAN_POINT('',(6.,6.845299461621,24.));
#17753=CARTESIAN_POINT('',(6.,6.845299461621,24.));
#17754=CARTESIAN_POINT('Origin',(6.,9.154700538379,23.));
#17755=CARTESIAN_POINT('',(8.,10.30940107676,24.));
#17756=CARTESIAN_POINT('',(8.,10.30940107676,24.));
#17757=CARTESIAN_POINT('',(6.,9.154700538379,24.));
#17758=CARTESIAN_POINT('Origin',(8.,10.30940107676,23.));
#17759=CARTESIAN_POINT('',(10.,9.154700538379,24.));
#17760=CARTESIAN_POINT('',(10.,9.154700538379,24.));
#17761=CARTESIAN_POINT('',(8.,10.30940107676,24.));
#17762=CARTESIAN_POINT('Origin',(10.,9.154700538379,23.));
#17763=CARTESIAN_POINT('',(10.,6.845299461621,24.));
#17764=CARTESIAN_POINT('',(10.,6.845299461621,24.));
#17765=CARTESIAN_POINT('',(10.,9.154700538379,24.));
#17766=CARTESIAN_POINT('Origin',(10.,6.845299461621,23.));
#17767=CARTESIAN_POINT('',(8.,5.690598923241,24.));
#17768=CARTESIAN_POINT('',(8.,5.690598923241,24.));
#17769=CARTESIAN_POINT('',(10.,6.845299461621,24.));
#17770=CARTESIAN_POINT('Origin',(8.,5.690598923241,23.));
#17771=CARTESIAN_POINT('',(8.,5.690598923241,24.));
#17772=CARTESIAN_POINT('Origin',(-24.,0.,24.));
#17773=CARTESIAN_POINT('',(8.,9.05,24.));
#17774=CARTESIAN_POINT('Origin',(8.,8.,24.));
#17775=CARTESIAN_POINT('Origin',(8.,8.,26.));
#17776=CARTESIAN_POINT('',(8.,9.05,26.));
#17777=CARTESIAN_POINT('Origin',(-2.,6.845299461621,23.));
#17778=CARTESIAN_POINT('',(-2.,9.154700538379,24.));
#17779=CARTESIAN_POINT('',(-2.,9.154700538379,22.));
#17780=CARTESIAN_POINT('',(-2.,6.845299461621,24.));
#17781=CARTESIAN_POINT('',(-2.,6.845299461621,24.));
#17782=CARTESIAN_POINT('',(-2.,6.845299461621,24.));
#17783=CARTESIAN_POINT('Origin',(-2.,9.154700538379,23.));
#17784=CARTESIAN_POINT('',(0.,10.30940107676,24.));
#17785=CARTESIAN_POINT('',(0.,10.30940107676,24.));
#17786=CARTESIAN_POINT('',(-2.,9.154700538379,24.));
#17787=CARTESIAN_POINT('Origin',(0.,10.30940107676,23.));
#17788=CARTESIAN_POINT('',(2.,9.154700538379,24.));
#17789=CARTESIAN_POINT('',(2.,9.154700538379,24.));
#17790=CARTESIAN_POINT('',(0.,10.30940107676,24.));
#17791=CARTESIAN_POINT('Origin',(2.,9.154700538379,23.));
#17792=CARTESIAN_POINT('',(2.,6.845299461621,24.));
#17793=CARTESIAN_POINT('',(2.,6.845299461621,24.));
#17794=CARTESIAN_POINT('',(2.,9.154700538379,24.));
#17795=CARTESIAN_POINT('Origin',(2.,6.845299461621,23.));
#17796=CARTESIAN_POINT('',(0.,5.690598923241,24.));
#17797=CARTESIAN_POINT('',(0.,5.690598923241,24.));
#17798=CARTESIAN_POINT('',(2.,6.845299461621,24.));
#17799=CARTESIAN_POINT('Origin',(0.,5.690598923241,23.));
#17800=CARTESIAN_POINT('',(0.,5.690598923241,24.));
#17801=CARTESIAN_POINT('Origin',(-24.,0.,24.));
#17802=CARTESIAN_POINT('',(-1.28587913910472E-16,9.05,24.));
#17803=CARTESIAN_POINT('Origin',(0.,8.,24.));
#17804=CARTESIAN_POINT('Origin',(0.,8.,26.));
#17805=CARTESIAN_POINT('',(-1.28587913910472E-16,9.05,26.));
#17806=CARTESIAN_POINT('Origin',(-10.,6.845299461621,23.));
#17807=CARTESIAN_POINT('',(-10.,9.154700538379,24.));
#17808=CARTESIAN_POINT('',(-10.,9.154700538379,22.));
#17809=CARTESIAN_POINT('',(-10.,6.845299461621,24.));
#17810=CARTESIAN_POINT('',(-10.,6.845299461621,24.));
#17811=CARTESIAN_POINT('',(-10.,6.845299461621,24.));
#17812=CARTESIAN_POINT('Origin',(-10.,9.154700538379,23.));
#17813=CARTESIAN_POINT('',(-8.,10.30940107676,24.));
#17814=CARTESIAN_POINT('',(-8.,10.30940107676,24.));
#17815=CARTESIAN_POINT('',(-10.,9.154700538379,24.));
#17816=CARTESIAN_POINT('Origin',(-8.,10.30940107676,23.));
#17817=CARTESIAN_POINT('',(-6.,9.154700538379,24.));
#17818=CARTESIAN_POINT('',(-6.,9.154700538379,24.));
#17819=CARTESIAN_POINT('',(-8.,10.30940107676,24.));
#17820=CARTESIAN_POINT('Origin',(-6.,9.154700538379,23.));
#17821=CARTESIAN_POINT('',(-6.,6.845299461621,24.));
#17822=CARTESIAN_POINT('',(-6.,6.845299461621,24.));
#17823=CARTESIAN_POINT('',(-6.,9.154700538379,24.));
#17824=CARTESIAN_POINT('Origin',(-6.,6.845299461621,23.));
#17825=CARTESIAN_POINT('',(-8.,5.690598923241,24.));
#17826=CARTESIAN_POINT('',(-8.,5.690598923241,24.));
#17827=CARTESIAN_POINT('',(-6.,6.845299461621,24.));
#17828=CARTESIAN_POINT('Origin',(-8.,5.690598923241,23.));
#17829=CARTESIAN_POINT('',(-8.,5.690598923241,24.));
#17830=CARTESIAN_POINT('Origin',(-24.,0.,24.));
#17831=CARTESIAN_POINT('',(-8.,9.05,24.));
#17832=CARTESIAN_POINT('Origin',(-8.,8.,24.));
#17833=CARTESIAN_POINT('Origin',(-8.,8.,26.));
#17834=CARTESIAN_POINT('',(-8.,9.05,26.));
#17835=CARTESIAN_POINT('Origin',(-10.,-9.154700538379,23.));
#17836=CARTESIAN_POINT('',(-10.,-6.845299461621,24.));
#17837=CARTESIAN_POINT('',(-10.,-6.845299461621,22.));
#17838=CARTESIAN_POINT('',(-10.,-9.154700538379,24.));
#17839=CARTESIAN_POINT('',(-10.,-9.154700538379,24.));
#17840=CARTESIAN_POINT('',(-10.,-9.154700538379,24.));
#17841=CARTESIAN_POINT('Origin',(-10.,-6.845299461621,23.));
#17842=CARTESIAN_POINT('',(-8.,-5.690598923241,24.));
#17843=CARTESIAN_POINT('',(-8.,-5.690598923241,24.));
#17844=CARTESIAN_POINT('',(-10.,-6.845299461621,24.));
#17845=CARTESIAN_POINT('Origin',(-8.,-5.690598923241,23.));
#17846=CARTESIAN_POINT('',(-6.,-6.845299461621,24.));
#17847=CARTESIAN_POINT('',(-6.,-6.845299461621,24.));
#17848=CARTESIAN_POINT('',(-8.,-5.690598923241,24.));
#17849=CARTESIAN_POINT('Origin',(-6.,-6.845299461621,23.));
#17850=CARTESIAN_POINT('',(-6.,-9.154700538379,24.));
#17851=CARTESIAN_POINT('',(-6.,-9.154700538379,24.));
#17852=CARTESIAN_POINT('',(-6.,-6.845299461621,24.));
#17853=CARTESIAN_POINT('Origin',(-6.,-9.154700538379,23.));
#17854=CARTESIAN_POINT('',(-8.,-10.30940107676,24.));
#17855=CARTESIAN_POINT('',(-8.,-10.30940107676,24.));
#17856=CARTESIAN_POINT('',(-6.,-9.154700538379,24.));
#17857=CARTESIAN_POINT('Origin',(-8.,-10.30940107676,23.));
#17858=CARTESIAN_POINT('',(-8.,-10.30940107676,24.));
#17859=CARTESIAN_POINT('Origin',(-24.,0.,24.));
#17860=CARTESIAN_POINT('',(-8.,-6.95,24.));
#17861=CARTESIAN_POINT('Origin',(-8.,-8.,24.));
#17862=CARTESIAN_POINT('Origin',(-8.,-8.,26.));
#17863=CARTESIAN_POINT('',(-8.,-6.95,26.));
#17864=CARTESIAN_POINT('Origin',(6.,-9.154700538379,23.));
#17865=CARTESIAN_POINT('',(6.,-6.845299461621,24.));
#17866=CARTESIAN_POINT('',(6.,-6.845299461621,22.));
#17867=CARTESIAN_POINT('',(6.,-9.154700538379,24.));
#17868=CARTESIAN_POINT('',(6.,-9.154700538379,24.));
#17869=CARTESIAN_POINT('',(6.,-9.154700538379,24.));
#17870=CARTESIAN_POINT('Origin',(6.,-6.845299461621,23.));
#17871=CARTESIAN_POINT('',(8.,-5.690598923241,24.));
#17872=CARTESIAN_POINT('',(8.,-5.690598923241,24.));
#17873=CARTESIAN_POINT('',(6.,-6.845299461621,24.));
#17874=CARTESIAN_POINT('Origin',(8.,-5.690598923241,23.));
#17875=CARTESIAN_POINT('',(10.,-6.845299461621,24.));
#17876=CARTESIAN_POINT('',(10.,-6.845299461621,24.));
#17877=CARTESIAN_POINT('',(8.,-5.690598923241,24.));
#17878=CARTESIAN_POINT('Origin',(10.,-6.845299461621,23.));
#17879=CARTESIAN_POINT('',(10.,-9.154700538379,24.));
#17880=CARTESIAN_POINT('',(10.,-9.154700538379,24.));
#17881=CARTESIAN_POINT('',(10.,-6.845299461621,24.));
#17882=CARTESIAN_POINT('Origin',(10.,-9.154700538379,23.));
#17883=CARTESIAN_POINT('',(8.,-10.30940107676,24.));
#17884=CARTESIAN_POINT('',(8.,-10.30940107676,24.));
#17885=CARTESIAN_POINT('',(10.,-9.154700538379,24.));
#17886=CARTESIAN_POINT('Origin',(8.,-10.30940107676,23.));
#17887=CARTESIAN_POINT('',(8.,-10.30940107676,24.));
#17888=CARTESIAN_POINT('Origin',(-24.,0.,24.));
#17889=CARTESIAN_POINT('',(8.,-6.95,24.));
#17890=CARTESIAN_POINT('Origin',(8.,-8.,24.));
#17891=CARTESIAN_POINT('Origin',(8.,-8.,26.));
#17892=CARTESIAN_POINT('',(8.,-6.95,26.));
#17893=CARTESIAN_POINT('Origin',(0.,4.5,23.));
#17894=CARTESIAN_POINT('',(0.3378221735089,4.5,23.));
#17895=CARTESIAN_POINT('',(0.3378221735089,4.5,23.));
#17896=CARTESIAN_POINT('',(7.662177826491,4.5,23.));
#17897=CARTESIAN_POINT('',(0.3378221735089,4.5,23.));
#17898=CARTESIAN_POINT('',(7.662177826491,4.5,23.));
#17899=CARTESIAN_POINT('',(8.337822173509,4.5,23.));
#17900=CARTESIAN_POINT('',(8.337822173509,4.5,23.));
#17901=CARTESIAN_POINT('',(9.919112181406,4.5,23.));
#17902=CARTESIAN_POINT('',(8.337822173509,4.5,23.));
#17903=CARTESIAN_POINT('',(9.919112181406,4.5,23.));
#17904=CARTESIAN_POINT('',(-9.919112181406,4.5,23.));
#17905=CARTESIAN_POINT('',(-9.919112181406,4.5,23.));
#17906=CARTESIAN_POINT('',(-8.337822173509,4.5,23.));
#17907=CARTESIAN_POINT('',(-8.337822173509,4.5,23.));
#17908=CARTESIAN_POINT('',(-8.337822173509,4.5,23.));
#17909=CARTESIAN_POINT('',(-7.662177826491,4.5,23.));
#17910=CARTESIAN_POINT('',(-7.662177826491,4.5,23.));
#17911=CARTESIAN_POINT('',(-0.3378221735089,4.5,23.));
#17912=CARTESIAN_POINT('',(-0.3378221735089,4.5,23.));
#17913=CARTESIAN_POINT('',(-0.3378221735089,4.5,23.));
#17914=CARTESIAN_POINT('Origin',(0.,4.304958277186,23.));
#17915=CARTESIAN_POINT('',(-3.2,6.152479138593,23.));
#17916=CARTESIAN_POINT('',(-0.3378221735089,4.5,23.));
#17917=CARTESIAN_POINT('',(-3.2,6.152479138593,23.));
#17918=CARTESIAN_POINT('Origin',(-3.2,6.152479138593,23.));
#17919=CARTESIAN_POINT('',(-3.2,9.847520861407,23.));
#17920=CARTESIAN_POINT('',(-3.2,6.152479138593,23.));
#17921=CARTESIAN_POINT('',(-3.2,9.847520861407,23.));
#17922=CARTESIAN_POINT('Origin',(-24.,12.5,23.));
#17923=CARTESIAN_POINT('',(-17.75735931288,-10.95616438294,23.));
#17924=CARTESIAN_POINT('',(-17.73205080757,-11.,23.));
#17925=CARTESIAN_POINT('',(-17.75735931288,-10.95616438294,23.));
#17926=CARTESIAN_POINT('',(-17.75735931288,-11.,23.));
#17927=CARTESIAN_POINT('',(-17.75735931288,-11.,23.));
#17928=CARTESIAN_POINT('',(-17.75735931288,-10.95616438294,23.));
#17929=CARTESIAN_POINT('Origin',(-24.,12.5,23.));
#17930=CARTESIAN_POINT('',(-17.75735931288,10.95616438294,23.));
#17931=CARTESIAN_POINT('',(-17.73205080757,11.,23.));
#17932=CARTESIAN_POINT('',(-17.75735931288,10.95616438294,23.));
#17933=CARTESIAN_POINT('',(-17.75735931288,11.,23.));
#17934=CARTESIAN_POINT('',(-17.75735931288,11.,23.));
#17935=CARTESIAN_POINT('',(-17.75735931288,11.,23.));
#17936=CARTESIAN_POINT('Origin',(-24.,12.5,23.));
#17937=CARTESIAN_POINT('',(17.75735931288,-10.95616438294,23.));
#17938=CARTESIAN_POINT('',(17.73205080757,-11.,23.));
#17939=CARTESIAN_POINT('',(17.75735931288,-10.95616438294,23.));
#17940=CARTESIAN_POINT('',(17.75735931288,-11.,23.));
#17941=CARTESIAN_POINT('',(17.75735931288,-10.95616438294,23.));
#17942=CARTESIAN_POINT('',(17.73205080757,-11.,23.));
#17943=CARTESIAN_POINT('Origin',(-24.,12.5,23.));
#17944=CARTESIAN_POINT('',(17.75735931288,10.95616438294,23.));
#17945=CARTESIAN_POINT('',(17.73205080757,11.,23.));
#17946=CARTESIAN_POINT('',(17.75735931288,10.95616438294,23.));
#17947=CARTESIAN_POINT('',(17.75735931288,11.,23.));
#17948=CARTESIAN_POINT('',(17.73205080757,11.,23.));
#17949=CARTESIAN_POINT('',(17.75735931288,11.,23.));
#17950=CARTESIAN_POINT('Origin',(-24.,12.5,23.));
#17951=CARTESIAN_POINT('',(3.2,6.152479138593,23.));
#17952=CARTESIAN_POINT('',(3.2,6.152479138593,23.));
#17953=CARTESIAN_POINT('',(3.2,9.847520861407,23.));
#17954=CARTESIAN_POINT('',(3.2,9.847520861407,23.));
#17955=CARTESIAN_POINT('',(1.203847577293,11.,23.));
#17956=CARTESIAN_POINT('',(1.203847577293,11.,23.));
#17957=CARTESIAN_POINT('',(6.796152422707,11.,23.));
#17958=CARTESIAN_POINT('',(1.203847577293,11.,23.));
#17959=CARTESIAN_POINT('',(4.8,9.847520861407,23.));
#17960=CARTESIAN_POINT('',(4.8,9.847520861407,23.));
#17961=CARTESIAN_POINT('',(4.8,6.152479138593,23.));
#17962=CARTESIAN_POINT('',(4.8,6.152479138593,23.));
#17963=CARTESIAN_POINT('',(7.662177826491,4.5,23.));
#17964=CARTESIAN_POINT('Origin',(-24.,12.5,23.));
#17965=CARTESIAN_POINT('',(11.2,6.152479138593,23.));
#17966=CARTESIAN_POINT('',(11.2,6.152479138593,23.));
#17967=CARTESIAN_POINT('',(11.2,9.847520861407,23.));
#17968=CARTESIAN_POINT('',(11.2,9.847520861407,23.));
#17969=CARTESIAN_POINT('',(9.203847577293,11.,23.));
#17970=CARTESIAN_POINT('',(9.203847577293,11.,23.));
#17971=CARTESIAN_POINT('',(14.26794919243,11.,23.));
#17972=CARTESIAN_POINT('',(9.203847577293,11.,23.));
#17973=CARTESIAN_POINT('',(12.53589838486,8.,23.));
#17974=CARTESIAN_POINT('',(12.53589838486,8.,23.));
#17975=CARTESIAN_POINT('',(13.81022135628,5.792807868249,23.));
#17976=CARTESIAN_POINT('',(13.81022135628,5.792807868249,23.));
#17977=CARTESIAN_POINT('',(9.919112181406,4.5,23.));
#17978=CARTESIAN_POINT('Origin',(-24.,12.5,23.));
#17979=CARTESIAN_POINT('',(0.3378221735089,-4.5,23.));
#17980=CARTESIAN_POINT('',(7.662177826491,-4.5,23.));
#17981=CARTESIAN_POINT('',(0.3378221735089,-4.5,23.));
#17982=CARTESIAN_POINT('',(4.8,-6.152479138593,23.));
#17983=CARTESIAN_POINT('',(4.8,-6.152479138593,23.));
#17984=CARTESIAN_POINT('',(4.8,-9.847520861407,23.));
#17985=CARTESIAN_POINT('',(4.8,-9.847520861407,23.));
#17986=CARTESIAN_POINT('',(6.796152422707,-11.,23.));
#17987=CARTESIAN_POINT('',(6.796152422707,-11.,23.));
#17988=CARTESIAN_POINT('',(1.203847577293,-11.,23.));
#17989=CARTESIAN_POINT('',(1.203847577293,-11.,23.));
#17990=CARTESIAN_POINT('',(3.2,-9.847520861407,23.));
#17991=CARTESIAN_POINT('',(3.2,-9.847520861407,23.));
#17992=CARTESIAN_POINT('',(3.2,-6.152479138593,23.));
#17993=CARTESIAN_POINT('',(3.2,-6.152479138593,23.));
#17994=CARTESIAN_POINT('',(0.3378221735089,-4.5,23.));
#17995=CARTESIAN_POINT('Origin',(-24.,12.5,23.));
#17996=CARTESIAN_POINT('',(8.337822173509,-4.5,23.));
#17997=CARTESIAN_POINT('',(9.919112181406,-4.5,23.));
#17998=CARTESIAN_POINT('',(8.337822173509,-4.5,23.));
#17999=CARTESIAN_POINT('',(13.81022135628,-5.792807868249,23.));
#18000=CARTESIAN_POINT('',(9.919112181406,-4.5,23.));
#18001=CARTESIAN_POINT('',(12.53589838486,-8.,23.));
#18002=CARTESIAN_POINT('',(13.81022135628,-5.792807868249,23.));
#18003=CARTESIAN_POINT('',(14.26794919243,-11.,23.));
#18004=CARTESIAN_POINT('',(12.53589838486,-8.,23.));
#18005=CARTESIAN_POINT('',(9.203847577293,-11.,23.));
#18006=CARTESIAN_POINT('',(9.203847577293,-11.,23.));
#18007=CARTESIAN_POINT('',(11.2,-9.847520861407,23.));
#18008=CARTESIAN_POINT('',(11.2,-9.847520861407,23.));
#18009=CARTESIAN_POINT('',(11.2,-6.152479138593,23.));
#18010=CARTESIAN_POINT('',(11.2,-6.152479138593,23.));
#18011=CARTESIAN_POINT('',(8.337822173509,-4.5,23.));
#18012=CARTESIAN_POINT('Origin',(-24.,12.5,23.));
#18013=CARTESIAN_POINT('',(-4.8,6.152479138593,23.));
#18014=CARTESIAN_POINT('',(-4.8,6.152479138593,23.));
#18015=CARTESIAN_POINT('',(-4.8,9.847520861407,23.));
#18016=CARTESIAN_POINT('',(-4.8,9.847520861407,23.));
#18017=CARTESIAN_POINT('',(-6.796152422707,11.,23.));
#18018=CARTESIAN_POINT('',(-6.796152422707,11.,23.));
#18019=CARTESIAN_POINT('',(-1.203847577293,11.,23.));
#18020=CARTESIAN_POINT('',(-6.796152422707,11.,23.));
#18021=CARTESIAN_POINT('',(-3.2,9.847520861407,23.));
#18022=CARTESIAN_POINT('Origin',(-24.,12.5,23.));
#18023=CARTESIAN_POINT('',(-13.81022135628,5.792807868249,23.));
#18024=CARTESIAN_POINT('',(-9.919112181406,4.5,23.));
#18025=CARTESIAN_POINT('',(-12.53589838486,8.,23.));
#18026=CARTESIAN_POINT('',(-13.81022135628,5.792807868249,23.));
#18027=CARTESIAN_POINT('',(-14.26794919243,11.,23.));
#18028=CARTESIAN_POINT('',(-12.53589838486,8.,23.));
#18029=CARTESIAN_POINT('',(-9.203847577293,11.,23.));
#18030=CARTESIAN_POINT('',(-14.26794919243,11.,23.));
#18031=CARTESIAN_POINT('',(-11.2,9.847520861407,23.));
#18032=CARTESIAN_POINT('',(-11.2,9.847520861407,23.));
#18033=CARTESIAN_POINT('',(-11.2,6.152479138593,23.));
#18034=CARTESIAN_POINT('',(-11.2,6.152479138593,23.));
#18035=CARTESIAN_POINT('',(-8.337822173509,4.5,23.));
#18036=CARTESIAN_POINT('Origin',(-24.,12.5,23.));
#18037=CARTESIAN_POINT('',(-0.3378221735089,-4.5,23.));
#18038=CARTESIAN_POINT('',(-7.662177826491,-4.5,23.));
#18039=CARTESIAN_POINT('',(-0.3378221735089,-4.5,23.));
#18040=CARTESIAN_POINT('',(-3.2,-6.152479138593,23.));
#18041=CARTESIAN_POINT('',(-3.2,-6.152479138593,23.));
#18042=CARTESIAN_POINT('',(-3.2,-9.847520861407,23.));
#18043=CARTESIAN_POINT('',(-3.2,-9.847520861407,23.));
#18044=CARTESIAN_POINT('',(-1.203847577293,-11.,23.));
#18045=CARTESIAN_POINT('',(-1.203847577293,-11.,23.));
#18046=CARTESIAN_POINT('',(-6.796152422707,-11.,23.));
#18047=CARTESIAN_POINT('',(-6.796152422707,-11.,23.));
#18048=CARTESIAN_POINT('',(-4.8,-9.847520861407,23.));
#18049=CARTESIAN_POINT('',(-4.8,-9.847520861407,23.));
#18050=CARTESIAN_POINT('',(-4.8,-6.152479138593,23.));
#18051=CARTESIAN_POINT('',(-4.8,-6.152479138593,23.));
#18052=CARTESIAN_POINT('',(-7.662177826491,-4.5,23.));
#18053=CARTESIAN_POINT('Origin',(-24.,12.5,23.));
#18054=CARTESIAN_POINT('',(-8.337822173509,-4.5,23.));
#18055=CARTESIAN_POINT('',(-8.337822173509,-4.5,23.));
#18056=CARTESIAN_POINT('',(-11.2,-6.152479138593,23.));
#18057=CARTESIAN_POINT('',(-11.2,-6.152479138593,23.));
#18058=CARTESIAN_POINT('',(-11.2,-9.847520861407,23.));
#18059=CARTESIAN_POINT('',(-11.2,-9.847520861407,23.));
#18060=CARTESIAN_POINT('',(-9.203847577293,-11.,23.));
#18061=CARTESIAN_POINT('',(-9.203847577293,-11.,23.));
#18062=CARTESIAN_POINT('',(-14.26794919243,-11.,23.));
#18063=CARTESIAN_POINT('',(-14.26794919243,-11.,23.));
#18064=CARTESIAN_POINT('',(-12.53589838486,-8.,23.));
#18065=CARTESIAN_POINT('',(-12.53589838486,-8.,23.));
#18066=CARTESIAN_POINT('',(-13.81022135628,-5.792807868249,23.));
#18067=CARTESIAN_POINT('Origin',(-24.,12.5,23.));
#18068=CARTESIAN_POINT('',(6.,3.5,23.));
#18069=CARTESIAN_POINT('',(6.,2.540341184434,23.));
#18070=CARTESIAN_POINT('',(6.,3.5,23.));
#18071=CARTESIAN_POINT('',(7.662177826491,3.5,23.));
#18072=CARTESIAN_POINT('',(7.662177826491,3.5,23.));
#18073=CARTESIAN_POINT('',(6.,2.540341184434,23.));
#18074=CARTESIAN_POINT('Origin',(-24.,12.5,23.));
#18075=CARTESIAN_POINT('',(6.,-2.540341184434,23.));
#18076=CARTESIAN_POINT('',(6.,-3.5,23.));
#18077=CARTESIAN_POINT('',(6.,-2.540341184434,23.));
#18078=CARTESIAN_POINT('',(7.662177826491,-3.5,23.));
#18079=CARTESIAN_POINT('',(7.662177826491,-3.5,23.));
#18080=CARTESIAN_POINT('',(7.662177826491,-3.5,23.));
#18081=CARTESIAN_POINT('Origin',(-24.,12.5,23.));
#18082=CARTESIAN_POINT('',(-6.,-3.5,23.));
#18083=CARTESIAN_POINT('',(-6.,-2.540341184434,23.));
#18084=CARTESIAN_POINT('',(-6.,-3.5,23.));
#18085=CARTESIAN_POINT('',(-7.662177826491,-3.5,23.));
#18086=CARTESIAN_POINT('',(-7.662177826491,-3.5,23.));
#18087=CARTESIAN_POINT('',(-6.,-2.540341184434,23.));
#18088=CARTESIAN_POINT('Origin',(-24.,12.5,23.));
#18089=CARTESIAN_POINT('',(-6.,2.540341184434,23.));
#18090=CARTESIAN_POINT('',(-6.,3.5,23.));
#18091=CARTESIAN_POINT('',(-6.,2.540341184434,23.));
#18092=CARTESIAN_POINT('',(-7.662177826491,3.5,23.));
#18093=CARTESIAN_POINT('',(-7.662177826491,3.5,23.));
#18094=CARTESIAN_POINT('',(-7.662177826491,3.5,23.));
#18095=CARTESIAN_POINT('Origin',(-24.,12.5,23.));
#18096=CARTESIAN_POINT('',(-14.8,-1.5,23.));
#18097=CARTESIAN_POINT('',(-14.8,2.9,23.));
#18098=CARTESIAN_POINT('',(-14.8,-1.5,23.));
#18099=CARTESIAN_POINT('',(-15.4,3.5,23.));
#18100=CARTESIAN_POINT('Origin',(-15.4,2.9,23.));
#18101=CARTESIAN_POINT('',(-17.2,3.5,23.));
#18102=CARTESIAN_POINT('',(-15.4,3.5,23.));
#18103=CARTESIAN_POINT('',(-17.8,2.9,23.));
#18104=CARTESIAN_POINT('Origin',(-17.2,2.9,23.));
#18105=CARTESIAN_POINT('',(-17.8,-0.9,23.));
#18106=CARTESIAN_POINT('',(-17.8,2.9,23.));
#18107=CARTESIAN_POINT('',(-17.7,-0.9,23.));
#18108=CARTESIAN_POINT('',(-17.8,-0.9,23.));
#18109=CARTESIAN_POINT('',(-17.7,-2.1,23.));
#18110=CARTESIAN_POINT('Origin',(-17.7,-1.5,23.));
#18111=CARTESIAN_POINT('',(-18.,-2.1,23.));
#18112=CARTESIAN_POINT('',(-18.,-2.1,23.));
#18113=CARTESIAN_POINT('',(-19.,-1.1,23.));
#18114=CARTESIAN_POINT('Origin',(-18.,-1.1,23.));
#18115=CARTESIAN_POINT('',(-19.,5.,23.));
#18116=CARTESIAN_POINT('',(-19.,-1.1,23.));
#18117=CARTESIAN_POINT('',(-14.59560644436,5.,23.));
#18118=CARTESIAN_POINT('',(-19.,5.,23.));
#18119=CARTESIAN_POINT('',(-10.08088781859,3.5,23.));
#18120=CARTESIAN_POINT('',(-14.59560644436,5.,23.));
#18121=CARTESIAN_POINT('',(-8.337822173509,3.5,23.));
#18122=CARTESIAN_POINT('',(-10.08088781859,3.5,23.));
#18123=CARTESIAN_POINT('',(-11.2,1.847520861407,23.));
#18124=CARTESIAN_POINT('',(-11.2,1.847520861407,23.));
#18125=CARTESIAN_POINT('',(-11.2,-1.847520861407,23.));
#18126=CARTESIAN_POINT('',(-11.2,-1.847520861407,23.));
#18127=CARTESIAN_POINT('',(-8.337822173509,-3.5,23.));
#18128=CARTESIAN_POINT('',(-8.337822173509,-3.5,23.));
#18129=CARTESIAN_POINT('',(-10.08088781859,-3.5,23.));
#18130=CARTESIAN_POINT('',(-10.08088781859,-3.5,23.));
#18131=CARTESIAN_POINT('',(-14.59560644436,-5.,23.));
#18132=CARTESIAN_POINT('',(-19.,-4.5,23.));
#18133=CARTESIAN_POINT('',(-19.,-5.,23.));
#18134=CARTESIAN_POINT('',(-18.,-3.5,23.));
#18135=CARTESIAN_POINT('Origin',(-18.,-4.5,23.));
#18136=CARTESIAN_POINT('',(-16.8,-3.5,23.));
#18137=CARTESIAN_POINT('',(-18.,-3.5,23.));
#18138=CARTESIAN_POINT('Origin',(-16.8,-1.5,23.));
#18139=CARTESIAN_POINT('Origin',(-24.,12.5,23.));
#18140=CARTESIAN_POINT('',(16.8,-3.5,23.));
#18141=CARTESIAN_POINT('',(18.,-3.5,23.));
#18142=CARTESIAN_POINT('',(16.8,-3.5,23.));
#18143=CARTESIAN_POINT('',(19.,-4.5,23.));
#18144=CARTESIAN_POINT('Origin',(18.,-4.5,23.));
#18145=CARTESIAN_POINT('',(19.,-4.5,23.));
#18146=CARTESIAN_POINT('',(10.08088781859,-3.5,23.));
#18147=CARTESIAN_POINT('',(14.59560644436,-5.,23.));
#18148=CARTESIAN_POINT('',(8.337822173509,-3.5,23.));
#18149=CARTESIAN_POINT('',(10.08088781859,-3.5,23.));
#18150=CARTESIAN_POINT('',(11.2,-1.847520861407,23.));
#18151=CARTESIAN_POINT('',(11.2,-1.847520861407,23.));
#18152=CARTESIAN_POINT('',(11.2,1.847520861407,23.));
#18153=CARTESIAN_POINT('',(11.2,1.847520861407,23.));
#18154=CARTESIAN_POINT('',(8.337822173509,3.5,23.));
#18155=CARTESIAN_POINT('',(8.337822173509,3.5,23.));
#18156=CARTESIAN_POINT('',(10.08088781859,3.5,23.));
#18157=CARTESIAN_POINT('',(10.08088781859,3.5,23.));
#18158=CARTESIAN_POINT('',(14.59560644436,5.,23.));
#18159=CARTESIAN_POINT('',(14.59560644436,5.,23.));
#18160=CARTESIAN_POINT('',(19.,5.,23.));
#18161=CARTESIAN_POINT('',(14.59560644436,5.,23.));
#18162=CARTESIAN_POINT('',(19.,-1.1,23.));
#18163=CARTESIAN_POINT('',(19.,5.,23.));
#18164=CARTESIAN_POINT('',(18.,-2.1,23.));
#18165=CARTESIAN_POINT('Origin',(18.,-1.1,23.));
#18166=CARTESIAN_POINT('',(17.7,-2.1,23.));
#18167=CARTESIAN_POINT('',(17.7,-2.1,23.));
#18168=CARTESIAN_POINT('',(17.7,-0.9,23.));
#18169=CARTESIAN_POINT('Origin',(17.7,-1.5,23.));
#18170=CARTESIAN_POINT('',(17.8,-0.9,23.));
#18171=CARTESIAN_POINT('',(17.7,-0.9,23.));
#18172=CARTESIAN_POINT('',(17.8,2.9,23.));
#18173=CARTESIAN_POINT('',(17.8,-0.9,23.));
#18174=CARTESIAN_POINT('',(17.2,3.5,23.));
#18175=CARTESIAN_POINT('Origin',(17.2,2.9,23.));
#18176=CARTESIAN_POINT('',(15.4,3.5,23.));
#18177=CARTESIAN_POINT('',(17.2,3.5,23.));
#18178=CARTESIAN_POINT('',(14.8,2.9,23.));
#18179=CARTESIAN_POINT('Origin',(15.4,2.9,23.));
#18180=CARTESIAN_POINT('',(14.8,-1.5,23.));
#18181=CARTESIAN_POINT('',(14.8,2.9,23.));
#18182=CARTESIAN_POINT('Origin',(16.8,-1.5,23.));
#18183=CARTESIAN_POINT('Origin',(-17.73205080757,-11.,23.));
#18184=CARTESIAN_POINT('',(-18.75735931288,-9.224113575367,22.));
#18185=CARTESIAN_POINT('',(-17.75735931288,-10.95616438294,23.));
#18186=CARTESIAN_POINT('',(-17.73205080757,-11.,22.));
#18187=CARTESIAN_POINT('',(-17.73205080757,-11.,22.));
#18188=CARTESIAN_POINT('',(-17.73205080757,-11.,23.));
#18189=CARTESIAN_POINT('Origin',(-24.,-11.,0.));
#18190=CARTESIAN_POINT('',(19.53553390593,-11.,16.97918471983));
#18191=CARTESIAN_POINT('',(18.97918471983,-11.,17.53553390593));
#18192=CARTESIAN_POINT('',(19.53553390593,-11.,16.97918471983));
#18193=CARTESIAN_POINT('',(15.4436508139,-11.,19.));
#18194=CARTESIAN_POINT('Origin',(15.4436508139,-11.,14.));
#18195=CARTESIAN_POINT('',(-15.4436508139,-11.,19.));
#18196=CARTESIAN_POINT('',(15.4436508139,-11.,19.));
#18197=CARTESIAN_POINT('',(-18.97918471983,-11.,17.53553390593));
#18198=CARTESIAN_POINT('Origin',(-15.4436508139,-11.,14.));
#18199=CARTESIAN_POINT('',(-19.53553390593,-11.,16.97918471983));
#18200=CARTESIAN_POINT('',(-18.97918471983,-11.,17.53553390593));
#18201=CARTESIAN_POINT('Origin',(-16.,-11.,13.4436508139));
#18202=CARTESIAN_POINT('',(-17.75735931288,-11.,23.));
#18203=CARTESIAN_POINT('',(-14.26794919243,-11.,22.));
#18204=CARTESIAN_POINT('',(-14.26794919243,-11.,22.));
#18205=CARTESIAN_POINT('',(-14.26794919243,-11.,23.));
#18206=CARTESIAN_POINT('',(-9.203847577293,-11.,23.));
#18207=CARTESIAN_POINT('',(-6.796152422707,-11.,23.));
#18208=CARTESIAN_POINT('',(-1.203847577293,-11.,23.));
#18209=CARTESIAN_POINT('',(1.203847577293,-11.,23.));
#18210=CARTESIAN_POINT('',(6.796152422707,-11.,23.));
#18211=CARTESIAN_POINT('',(9.203847577293,-11.,23.));
#18212=CARTESIAN_POINT('',(14.26794919243,-11.,22.));
#18213=CARTESIAN_POINT('',(14.26794919243,-11.,23.));
#18214=CARTESIAN_POINT('',(17.73205080757,-11.,22.));
#18215=CARTESIAN_POINT('',(14.26794919243,-11.,22.));
#18216=CARTESIAN_POINT('',(17.73205080757,-11.,23.));
#18217=CARTESIAN_POINT('',(21.,-11.,19.75735931288));
#18218=CARTESIAN_POINT('',(21.,-11.,19.75735931288));
#18219=CARTESIAN_POINT('',(21.,-11.,13.4436508139));
#18220=CARTESIAN_POINT('',(21.,-11.,13.4436508139));
#18221=CARTESIAN_POINT('Origin',(16.,-11.,13.4436508139));
#18222=CARTESIAN_POINT('Origin',(21.,-12.5,15.51471862576));
#18223=CARTESIAN_POINT('',(19.53553390593,-12.5,16.97918471983));
#18224=CARTESIAN_POINT('',(19.53553390593,-11.,16.97918471983));
#18225=CARTESIAN_POINT('',(18.97918471983,-12.5,17.53553390593));
#18226=CARTESIAN_POINT('',(19.53553390593,-12.5,16.97918471983));
#18227=CARTESIAN_POINT('',(18.97918471983,-12.5,17.53553390593));
#18228=CARTESIAN_POINT('Origin',(16.,45.09,13.4436508139));
#18229=CARTESIAN_POINT('',(21.,-12.5,13.4436508139));
#18230=CARTESIAN_POINT('',(21.,-11.,13.4436508139));
#18231=CARTESIAN_POINT('Origin',(16.,-12.5,13.4436508139));
#18232=CARTESIAN_POINT('Origin',(21.,0.,0.));
#18233=CARTESIAN_POINT('',(21.,-6.,19.75735931288));
#18234=CARTESIAN_POINT('',(21.,-6.,11.));
#18235=CARTESIAN_POINT('',(21.,5.,11.));
#18236=CARTESIAN_POINT('',(21.,5.,19.));
#18237=CARTESIAN_POINT('',(21.,6.,11.));
#18238=CARTESIAN_POINT('',(21.,6.,11.));
#18239=CARTESIAN_POINT('',(21.,6.,19.75735931288));
#18240=CARTESIAN_POINT('',(21.,6.,11.));
#18241=CARTESIAN_POINT('',(21.,11.,19.75735931288));
#18242=CARTESIAN_POINT('',(21.,11.,19.75735931288));
#18243=CARTESIAN_POINT('',(21.,11.,13.4436508139));
#18244=CARTESIAN_POINT('',(21.,11.,19.75735931288));
#18245=CARTESIAN_POINT('',(21.,12.5,13.4436508139));
#18246=CARTESIAN_POINT('',(21.,12.5,13.4436508139));
#18247=CARTESIAN_POINT('',(21.,12.5,11.));
#18248=CARTESIAN_POINT('',(21.,12.5,11.));
#18249=CARTESIAN_POINT('',(21.,10.91073038774,-1.398557258792));
#18250=CARTESIAN_POINT('',(21.,10.91073038774,-1.398557258792));
#18251=CARTESIAN_POINT('',(21.,-10.91073038774,-1.398557258792));
#18252=CARTESIAN_POINT('Origin',(21.,0.,0.));
#18253=CARTESIAN_POINT('',(21.,-12.5,11.));
#18254=CARTESIAN_POINT('',(21.,-12.5,11.));
#18255=CARTESIAN_POINT('',(21.,-12.5,11.));
#18256=CARTESIAN_POINT('',(21.,9.05,0.));
#18257=CARTESIAN_POINT('Origin',(21.,8.,0.));
#18258=CARTESIAN_POINT('',(21.,1.05,-8.));
#18259=CARTESIAN_POINT('Origin',(21.,0.,-8.));
#18260=CARTESIAN_POINT('',(21.,-6.95,0.));
#18261=CARTESIAN_POINT('Origin',(21.,-8.,0.));
#18262=CARTESIAN_POINT('',(21.,-7.15,16.));
#18263=CARTESIAN_POINT('Origin',(21.,-8.,16.));
#18264=CARTESIAN_POINT('',(21.,8.85,16.));
#18265=CARTESIAN_POINT('Origin',(21.,8.,16.));
#18266=CARTESIAN_POINT('Origin',(-24.,8.,0.));
#18267=CARTESIAN_POINT('',(-24.,9.05,-1.28587913910472E-16));
#18268=CARTESIAN_POINT('Origin',(-24.,8.,0.));
#18269=CARTESIAN_POINT('',(-24.,9.05,-1.28587913910472E-16));
#18270=CARTESIAN_POINT('Origin',(-24.,0.,-8.));
#18271=CARTESIAN_POINT('',(-24.,1.05,-8.));
#18272=CARTESIAN_POINT('Origin',(-24.,0.,-8.));
#18273=CARTESIAN_POINT('',(-24.,1.05,-8.));
#18274=CARTESIAN_POINT('Origin',(-24.,-8.,0.));
#18275=CARTESIAN_POINT('',(-24.,-6.95,-1.28587913910472E-16));
#18276=CARTESIAN_POINT('Origin',(-24.,-8.,0.));
#18277=CARTESIAN_POINT('',(-24.,-6.95,-1.28587913910472E-16));
#18278=CARTESIAN_POINT('Origin',(24.,-8.,16.));
#18279=CARTESIAN_POINT('',(24.,-7.15,16.));
#18280=CARTESIAN_POINT('Origin',(24.,-8.,16.));
#18281=CARTESIAN_POINT('',(24.,-7.15,16.));
#18282=CARTESIAN_POINT('Origin',(24.,8.,16.));
#18283=CARTESIAN_POINT('',(24.,8.85,16.));
#18284=CARTESIAN_POINT('Origin',(24.,8.,16.));
#18285=CARTESIAN_POINT('',(24.,8.85,16.));
#18286=CARTESIAN_POINT('Origin',(-24.,-12.5,26.));
#18287=CARTESIAN_POINT('',(21.,-12.5,11.));
#18288=CARTESIAN_POINT('',(24.,-12.5,21.));
#18289=CARTESIAN_POINT('',(-19.,-12.5,26.));
#18290=CARTESIAN_POINT('',(-24.,-12.5,11.));
#18291=CARTESIAN_POINT('',(-19.53553390593,-12.5,16.97918471983));
#18292=CARTESIAN_POINT('Origin',(-16.,-12.5,13.4436508139));
#18293=CARTESIAN_POINT('',(-18.97918471983,-12.5,17.53553390593));
#18294=CARTESIAN_POINT('',(-18.97918471983,-12.5,17.53553390593));
#18295=CARTESIAN_POINT('',(-15.4436508139,-12.5,19.));
#18296=CARTESIAN_POINT('Origin',(-15.4436508139,-12.5,14.));
#18297=CARTESIAN_POINT('',(15.4436508139,-12.5,19.));
#18298=CARTESIAN_POINT('',(15.4436508139,-12.5,19.));
#18299=CARTESIAN_POINT('Origin',(15.4436508139,-12.5,14.));
#18300=CARTESIAN_POINT('Origin',(15.4436508139,-12.58843779267,14.));
#18301=CARTESIAN_POINT('',(15.4436508139,-12.5,19.));
#18302=CARTESIAN_POINT('Origin',(17.51471862576,-12.5,19.));
#18303=CARTESIAN_POINT('',(-15.4436508139,-12.5,19.));
#18304=CARTESIAN_POINT('Origin',(-15.4436508139,-12.58843779267,14.));
#18305=CARTESIAN_POINT('',(-18.97918471983,-12.5,17.53553390593));
#18306=CARTESIAN_POINT('Origin',(-17.51471862576,-12.5,19.));
#18307=CARTESIAN_POINT('',(-19.53553390593,-12.5,16.97918471983));
#18308=CARTESIAN_POINT('Origin',(-16.,-45.09,13.4436508139));
#18309=CARTESIAN_POINT('Origin',(-24.,-12.5,11.));
#18310=CARTESIAN_POINT('',(-24.,-10.91073038774,-1.398557258792));
#18311=CARTESIAN_POINT('Origin',(-24.,-12.5,11.));
#18312=CARTESIAN_POINT('',(21.,-10.91073038774,-1.398557258792));
#18313=CARTESIAN_POINT('Origin',(-24.,0.,0.));
#18314=CARTESIAN_POINT('',(-24.,10.91073038774,-1.398557258792));
#18315=CARTESIAN_POINT('Origin',(-24.,0.,0.));
#18316=CARTESIAN_POINT('',(21.,10.91073038774,-1.398557258792));
#18317=CARTESIAN_POINT('Origin',(-24.,10.91073038774,-1.398557258792));
#18318=CARTESIAN_POINT('',(-24.,12.5,11.));
#18319=CARTESIAN_POINT('Origin',(-24.,10.91073038774,-1.398557258792));
#18320=CARTESIAN_POINT('',(21.,12.5,11.));
#18321=CARTESIAN_POINT('Origin',(-24.,12.5,11.));
#18322=CARTESIAN_POINT('',(18.97918471983,12.5,17.53553390593));
#18323=CARTESIAN_POINT('',(19.53553390593,12.5,16.97918471983));
#18324=CARTESIAN_POINT('',(18.97918471983,12.5,17.53553390593));
#18325=CARTESIAN_POINT('',(15.4436508139,12.5,19.));
#18326=CARTESIAN_POINT('Origin',(15.4436508139,12.5,14.));
#18327=CARTESIAN_POINT('',(-15.4436508139,12.5,19.));
#18328=CARTESIAN_POINT('',(-15.4436508139,12.5,19.));
#18329=CARTESIAN_POINT('',(-18.97918471983,12.5,17.53553390593));
#18330=CARTESIAN_POINT('Origin',(-15.4436508139,12.5,14.));
#18331=CARTESIAN_POINT('',(-19.53553390593,12.5,16.97918471983));
#18332=CARTESIAN_POINT('',(-19.53553390593,12.5,16.97918471983));
#18333=CARTESIAN_POINT('Origin',(-16.,12.5,13.4436508139));
#18334=CARTESIAN_POINT('',(-19.,12.5,26.));
#18335=CARTESIAN_POINT('',(24.,12.5,21.));
#18336=CARTESIAN_POINT('Origin',(16.,12.5,13.4436508139));
#18337=CARTESIAN_POINT('Origin',(17.51471862576,12.5,19.));
#18338=CARTESIAN_POINT('',(19.53553390593,11.,16.97918471983));
#18339=CARTESIAN_POINT('',(19.53553390593,12.5,16.97918471983));
#18340=CARTESIAN_POINT('',(18.97918471983,11.,17.53553390593));
#18341=CARTESIAN_POINT('',(18.97918471983,11.,17.53553390593));
#18342=CARTESIAN_POINT('',(18.97918471983,12.5,17.53553390593));
#18343=CARTESIAN_POINT('Origin',(16.,45.09,13.4436508139));
#18344=CARTESIAN_POINT('Origin',(16.,11.,13.4436508139));
#18345=CARTESIAN_POINT('Origin',(-24.,11.,0.));
#18346=CARTESIAN_POINT('',(21.,11.,19.75735931288));
#18347=CARTESIAN_POINT('',(17.73205080757,11.,22.));
#18348=CARTESIAN_POINT('',(17.73205080757,11.,23.));
#18349=CARTESIAN_POINT('',(14.26794919243,11.,22.));
#18350=CARTESIAN_POINT('',(14.26794919243,11.,22.));
#18351=CARTESIAN_POINT('',(14.26794919243,11.,23.));
#18352=CARTESIAN_POINT('',(9.203847577293,11.,23.));
#18353=CARTESIAN_POINT('',(6.796152422707,11.,23.));
#18354=CARTESIAN_POINT('',(1.203847577293,11.,23.));
#18355=CARTESIAN_POINT('',(-1.203847577293,11.,23.));
#18356=CARTESIAN_POINT('',(-6.796152422707,11.,23.));
#18357=CARTESIAN_POINT('',(-9.203847577293,11.,23.));
#18358=CARTESIAN_POINT('',(-14.26794919243,11.,22.));
#18359=CARTESIAN_POINT('',(-14.26794919243,11.,23.));
#18360=CARTESIAN_POINT('',(-17.73205080757,11.,22.));
#18361=CARTESIAN_POINT('',(-14.26794919243,11.,22.));
#18362=CARTESIAN_POINT('',(-17.73205080757,11.,23.));
#18363=CARTESIAN_POINT('',(-17.75735931288,11.,23.));
#18364=CARTESIAN_POINT('',(-19.53553390593,11.,16.97918471983));
#18365=CARTESIAN_POINT('Origin',(-16.,11.,13.4436508139));
#18366=CARTESIAN_POINT('',(-18.97918471983,11.,17.53553390593));
#18367=CARTESIAN_POINT('',(-19.53553390593,11.,16.97918471983));
#18368=CARTESIAN_POINT('',(-15.4436508139,11.,19.));
#18369=CARTESIAN_POINT('Origin',(-15.4436508139,11.,14.));
#18370=CARTESIAN_POINT('',(15.4436508139,11.,19.));
#18371=CARTESIAN_POINT('',(-15.4436508139,11.,19.));
#18372=CARTESIAN_POINT('Origin',(15.4436508139,11.,14.));
#18373=CARTESIAN_POINT('Origin',(15.4436508139,12.58843779267,14.));
#18374=CARTESIAN_POINT('',(15.4436508139,12.5,19.));
#18375=CARTESIAN_POINT('Origin',(-17.51471862576,12.5,19.));
#18376=CARTESIAN_POINT('',(-15.4436508139,12.5,19.));
#18377=CARTESIAN_POINT('Origin',(-15.4436508139,12.58843779267,14.));
#18378=CARTESIAN_POINT('',(-18.97918471983,12.5,17.53553390593));
#18379=CARTESIAN_POINT('Origin',(-21.,12.5,15.51471862576));
#18380=CARTESIAN_POINT('',(-19.53553390593,11.,16.97918471983));
#18381=CARTESIAN_POINT('Origin',(-16.,-45.09,13.4436508139));
#18382=CARTESIAN_POINT('Origin',(-16.87867965644,12.5,23.87867965644));
#18383=CARTESIAN_POINT('',(-18.30940107676,6.,22.44795823612));
#18384=CARTESIAN_POINT('',(-18.30940107676,6.,22.44795823612));
#18385=CARTESIAN_POINT('',(-18.75735931288,9.224113575367,22.));
#18386=CARTESIAN_POINT('',(-17.75735931288,10.95616438294,23.));
#18387=CARTESIAN_POINT('',(-18.75735931288,6.775886424633,22.));
#18388=CARTESIAN_POINT('',(-18.75735931288,9.224113575367,22.));
#18389=CARTESIAN_POINT('',(-18.30940107676,6.,22.44795823612));
#18390=CARTESIAN_POINT('Origin',(-16.87867965644,12.5,23.87867965644));
#18391=CARTESIAN_POINT('',(-18.75735931288,-6.775886424633,22.));
#18392=CARTESIAN_POINT('',(-18.30940107676,-6.,22.44795823612));
#18393=CARTESIAN_POINT('',(-18.75735931288,-9.224113575367,22.));
#18394=CARTESIAN_POINT('Origin',(-14.84529946162,6.,24.));
#18395=CARTESIAN_POINT('',(-18.51961760512,6.,17.99510102064));
#18396=CARTESIAN_POINT('',(-16.47918471983,6.,20.03553390593));
#18397=CARTESIAN_POINT('',(-18.51961760512,6.,17.99510102064));
#18398=CARTESIAN_POINT('',(-19.83549374218,6.,15.6694516525));
#18399=CARTESIAN_POINT('Origin',(-14.98408369919,6.,14.45956711471));
#18400=CARTESIAN_POINT('',(-21.,6.,11.));
#18401=CARTESIAN_POINT('',(-18.30940107676,6.,22.));
#18402=CARTESIAN_POINT('',(-18.30940107676,6.,22.44795823612));
#18403=CARTESIAN_POINT('',(-17.15470053838,6.,22.));
#18404=CARTESIAN_POINT('',(-18.30940107676,6.,22.));
#18405=CARTESIAN_POINT('',(-17.15470053838,6.,24.));
#18406=CARTESIAN_POINT('',(-17.15470053838,6.,22.));
#18407=CARTESIAN_POINT('',(-14.84529946162,6.,24.));
#18408=CARTESIAN_POINT('',(-14.84529946162,6.,24.));
#18409=CARTESIAN_POINT('',(-14.84529946162,6.,22.));
#18410=CARTESIAN_POINT('',(-14.84529946162,6.,22.));
#18411=CARTESIAN_POINT('',(-14.43383080717,6.,22.));
#18412=CARTESIAN_POINT('',(-14.43383080717,6.,22.));
#18413=CARTESIAN_POINT('',(-14.43383080717,6.,21.27277315485));
#18414=CARTESIAN_POINT('',(-14.43383080717,6.,22.));
#18415=CARTESIAN_POINT('Origin',(-12.9436508139,6.,16.5));
#18416=CARTESIAN_POINT('Origin',(-14.84529946162,6.,24.));
#18417=CARTESIAN_POINT('',(14.43383080717,6.,21.27277315485));
#18418=CARTESIAN_POINT('',(14.43383080717,6.,22.));
#18419=CARTESIAN_POINT('',(14.43383080717,6.,21.27277315485));
#18420=CARTESIAN_POINT('',(14.84529946162,6.,22.));
#18421=CARTESIAN_POINT('',(14.43383080717,6.,22.));
#18422=CARTESIAN_POINT('',(14.84529946162,6.,24.));
#18423=CARTESIAN_POINT('',(14.84529946162,6.,24.));
#18424=CARTESIAN_POINT('',(17.15470053838,6.,24.));
#18425=CARTESIAN_POINT('',(14.84529946162,6.,24.));
#18426=CARTESIAN_POINT('',(17.15470053838,6.,22.));
#18427=CARTESIAN_POINT('',(17.15470053838,6.,24.));
#18428=CARTESIAN_POINT('',(18.30940107676,6.,22.));
#18429=CARTESIAN_POINT('',(18.30940107676,6.,22.));
#18430=CARTESIAN_POINT('',(18.30940107676,6.,22.44795823612));
#18431=CARTESIAN_POINT('',(18.30940107676,6.,22.44795823612));
#18432=CARTESIAN_POINT('',(21.,6.,19.75735931288));
#18433=CARTESIAN_POINT('',(19.83549374218,6.,15.6694516525));
#18434=CARTESIAN_POINT('',(19.83549374218,6.,15.6694516525));
#18435=CARTESIAN_POINT('',(18.51961760512,6.,17.99510102064));
#18436=CARTESIAN_POINT('Origin',(14.98408369919,6.,14.45956711471));
#18437=CARTESIAN_POINT('',(16.47918471983,6.,20.03553390593));
#18438=CARTESIAN_POINT('',(18.51961760512,6.,17.99510102064));
#18439=CARTESIAN_POINT('Origin',(12.9436508139,6.,16.5));
#18440=CARTESIAN_POINT('Origin',(-21.,5.,15.51471862576));
#18441=CARTESIAN_POINT('',(-18.51961760512,5.,17.99510102064));
#18442=CARTESIAN_POINT('',(-18.51961760512,6.,17.99510102064));
#18443=CARTESIAN_POINT('',(-16.47918471983,5.,20.03553390593));
#18444=CARTESIAN_POINT('',(-16.47918471983,5.,20.03553390593));
#18445=CARTESIAN_POINT('',(-18.51961760512,5.,17.99510102064));
#18446=CARTESIAN_POINT('Origin',(-14.98408369919,45.09,14.45956711471));
#18447=CARTESIAN_POINT('',(-19.83549374218,5.,15.6694516525));
#18448=CARTESIAN_POINT('Origin',(-14.98408369919,5.,14.45956711471));
#18449=CARTESIAN_POINT('',(-19.83549374218,6.,15.6694516525));
#18450=CARTESIAN_POINT('Origin',(-21.,6.,11.));
#18451=CARTESIAN_POINT('',(-21.,5.,11.));
#18452=CARTESIAN_POINT('Origin',(-19.,5.,26.));
#18453=CARTESIAN_POINT('',(-14.59560644436,5.,21.21922054952));
#18454=CARTESIAN_POINT('',(-14.59560644436,5.,21.21922054952));
#18455=CARTESIAN_POINT('',(-19.,5.,26.));
#18456=CARTESIAN_POINT('',(-19.,5.,26.));
#18457=CARTESIAN_POINT('Origin',(-12.9436508139,5.,16.5));
#18458=CARTESIAN_POINT('Origin',(-19.,5.,26.));
#18459=CARTESIAN_POINT('',(18.51961760512,5.,17.99510102064));
#18460=CARTESIAN_POINT('',(16.47918471983,5.,20.03553390593));
#18461=CARTESIAN_POINT('',(18.51961760512,5.,17.99510102064));
#18462=CARTESIAN_POINT('',(19.83549374218,5.,15.6694516525));
#18463=CARTESIAN_POINT('Origin',(14.98408369919,5.,14.45956711471));
#18464=CARTESIAN_POINT('',(19.83549374218,5.,15.6694516525));
#18465=CARTESIAN_POINT('',(24.,5.,21.));
#18466=CARTESIAN_POINT('',(19.,5.,26.));
#18467=CARTESIAN_POINT('',(14.59560644436,5.,21.21922054952));
#18468=CARTESIAN_POINT('',(14.59560644436,5.,21.21922054952));
#18469=CARTESIAN_POINT('Origin',(12.9436508139,5.,16.5));
#18470=CARTESIAN_POINT('Origin',(-14.59560644436,5.,23.));
#18471=CARTESIAN_POINT('',(-10.08088781859,3.5,23.));
#18472=CARTESIAN_POINT('Origin',(-12.9436508139,4.45114332672901,16.5));
#18473=CARTESIAN_POINT('Origin',(-12.9436508139,-45.09,16.5));
#18474=CARTESIAN_POINT('Origin',(-12.9436508139,5.50489273525344,16.5));
#18475=CARTESIAN_POINT('Origin',(-9.919112181406,4.5,23.));
#18476=CARTESIAN_POINT('',(-13.81022135628,5.792807868249,22.));
#18477=CARTESIAN_POINT('',(-13.81022135628,5.792807868249,22.));
#18478=CARTESIAN_POINT('',(-13.81022135628,5.792807868249,23.));
#18479=CARTESIAN_POINT('Origin',(-14.26794919243,5.,23.));
#18480=CARTESIAN_POINT('',(-12.53589838486,8.,22.));
#18481=CARTESIAN_POINT('',(-13.81022135628,5.792807868249,22.));
#18482=CARTESIAN_POINT('',(-12.53589838486,8.,23.));
#18483=CARTESIAN_POINT('Origin',(-12.53589838486,8.,23.));
#18484=CARTESIAN_POINT('',(-12.53589838486,8.,22.));
#18485=CARTESIAN_POINT('Origin',(-24.,0.,22.));
#18486=CARTESIAN_POINT('',(-13.69059892324,8.,22.));
#18487=CARTESIAN_POINT('',(-13.69059892324,8.,22.));
#18488=CARTESIAN_POINT('',(-14.84529946162,10.,22.));
#18489=CARTESIAN_POINT('',(-14.84529946162,10.,22.));
#18490=CARTESIAN_POINT('',(-17.15470053838,10.,22.));
#18491=CARTESIAN_POINT('',(-17.15470053838,10.,22.));
#18492=CARTESIAN_POINT('',(-18.30940107676,8.,22.));
#18493=CARTESIAN_POINT('',(-18.30940107676,8.,22.));
#18494=CARTESIAN_POINT('',(-17.15470053838,6.,22.));
#18495=CARTESIAN_POINT('',(-18.75735931288,6.775886424633,22.));
#18496=CARTESIAN_POINT('',(-17.73205080757,11.,22.));
#18497=CARTESIAN_POINT('Origin',(-17.73205080757,11.,23.));
#18498=CARTESIAN_POINT('Origin',(-19.46410161514,8.,23.));
#18499=CARTESIAN_POINT('Origin',(-17.15470053838,6.,24.));
#18500=CARTESIAN_POINT('',(-18.30940107676,8.,24.));
#18501=CARTESIAN_POINT('',(-18.30940107676,8.,22.));
#18502=CARTESIAN_POINT('',(-17.15470053838,6.,24.));
#18503=CARTESIAN_POINT('Origin',(-24.,0.,24.));
#18504=CARTESIAN_POINT('',(-14.84529946162,10.,24.));
#18505=CARTESIAN_POINT('',(-13.69059892324,8.,24.));
#18506=CARTESIAN_POINT('',(-14.84529946162,10.,24.));
#18507=CARTESIAN_POINT('',(-13.69059892324,8.,24.));
#18508=CARTESIAN_POINT('',(-17.15470053838,10.,24.));
#18509=CARTESIAN_POINT('',(-18.30940107676,8.,24.));
#18510=CARTESIAN_POINT('',(-17.15470053838,10.,24.));
#18511=CARTESIAN_POINT('',(-14.95,8.,24.));
#18512=CARTESIAN_POINT('Origin',(-16.,8.,24.));
#18513=CARTESIAN_POINT('Origin',(-14.84529946162,10.,24.));
#18514=CARTESIAN_POINT('',(-13.69059892324,8.,22.));
#18515=CARTESIAN_POINT('',(-14.84529946162,10.,24.));
#18516=CARTESIAN_POINT('Origin',(-13.69059892324,8.,24.));
#18517=CARTESIAN_POINT('Origin',(-17.15470053838,10.,24.));
#18518=CARTESIAN_POINT('',(-17.15470053838,10.,22.));
#18519=CARTESIAN_POINT('Origin',(-18.30940107676,8.,24.));
#18520=CARTESIAN_POINT('Origin',(-16.,8.,26.));
#18521=CARTESIAN_POINT('',(-14.95,8.,26.));
#18522=CARTESIAN_POINT('Origin',(10.08088781859,3.5,23.));
#18523=CARTESIAN_POINT('',(6.,3.5,23.));
#18524=CARTESIAN_POINT('',(10.08088781859,3.5,23.));
#18525=CARTESIAN_POINT('',(8.337822173509,3.5,23.));
#18526=CARTESIAN_POINT('',(7.662177826491,3.5,23.));
#18527=CARTESIAN_POINT('Origin',(10.08088781859,3.5,23.));
#18528=CARTESIAN_POINT('',(-6.,3.5,23.));
#18529=CARTESIAN_POINT('',(-7.662177826491,3.5,23.));
#18530=CARTESIAN_POINT('',(-8.337822173509,3.5,23.));
#18531=CARTESIAN_POINT('Origin',(6.,-1.154700538379,23.));
#18532=CARTESIAN_POINT('',(6.,1.154700538379,24.));
#18533=CARTESIAN_POINT('',(6.,1.154700538379,22.));
#18534=CARTESIAN_POINT('',(6.,-1.154700538379,24.));
#18535=CARTESIAN_POINT('',(6.,-1.154700538379,24.));
#18536=CARTESIAN_POINT('',(6.,-1.154700538379,24.));
#18537=CARTESIAN_POINT('',(6.,-2.540341184434,23.));
#18538=CARTESIAN_POINT('',(6.,-3.5,23.));
#18539=CARTESIAN_POINT('',(6.,2.540341184434,23.));
#18540=CARTESIAN_POINT('Origin',(6.,1.154700538379,23.));
#18541=CARTESIAN_POINT('',(8.,2.309401076759,24.));
#18542=CARTESIAN_POINT('',(8.,2.309401076759,24.));
#18543=CARTESIAN_POINT('',(6.,1.154700538379,24.));
#18544=CARTESIAN_POINT('Origin',(-24.,0.,24.));
#18545=CARTESIAN_POINT('',(10.,1.154700538379,24.));
#18546=CARTESIAN_POINT('',(8.,2.309401076759,24.));
#18547=CARTESIAN_POINT('',(10.,-1.154700538379,24.));
#18548=CARTESIAN_POINT('',(10.,1.154700538379,24.));
#18549=CARTESIAN_POINT('',(8.,-2.309401076759,24.));
#18550=CARTESIAN_POINT('',(10.,-1.154700538379,24.));
#18551=CARTESIAN_POINT('',(8.,-2.309401076759,24.));
#18552=CARTESIAN_POINT('',(8.,1.05,24.));
#18553=CARTESIAN_POINT('Origin',(8.,0.,24.));
#18554=CARTESIAN_POINT('Origin',(8.,-2.309401076759,23.));
#18555=CARTESIAN_POINT('',(8.,-2.309401076759,24.));
#18556=CARTESIAN_POINT('Origin',(10.,-1.154700538379,23.));
#18557=CARTESIAN_POINT('',(10.,-1.154700538379,24.));
#18558=CARTESIAN_POINT('Origin',(10.,1.154700538379,23.));
#18559=CARTESIAN_POINT('',(10.,1.154700538379,24.));
#18560=CARTESIAN_POINT('Origin',(8.,2.309401076759,23.));
#18561=CARTESIAN_POINT('Origin',(8.,0.,26.));
#18562=CARTESIAN_POINT('',(8.,1.05,26.));
#18563=CARTESIAN_POINT('Origin',(4.8,1.847520861407,23.));
#18564=CARTESIAN_POINT('Origin',(10.08088781859,-3.5,23.));
#18565=CARTESIAN_POINT('',(7.662177826491,-3.5,23.));
#18566=CARTESIAN_POINT('',(8.337822173509,-3.5,23.));
#18567=CARTESIAN_POINT('',(10.08088781859,-3.5,23.));
#18568=CARTESIAN_POINT('Origin',(10.08088781859,-3.5,23.));
#18569=CARTESIAN_POINT('',(-6.,-3.5,23.));
#18570=CARTESIAN_POINT('',(-10.08088781859,-3.5,23.));
#18571=CARTESIAN_POINT('',(-8.337822173509,-3.5,23.));
#18572=CARTESIAN_POINT('',(-7.662177826491,-3.5,23.));
#18573=CARTESIAN_POINT('Origin',(14.59560644436,-5.,23.));
#18574=CARTESIAN_POINT('Origin',(12.9436508139,-4.45114332672901,16.5));
#18575=CARTESIAN_POINT('Origin',(12.9436508139,45.09,16.5));
#18576=CARTESIAN_POINT('',(16.47918471983,-5.,20.03553390593));
#18577=CARTESIAN_POINT('Origin',(12.9436508139,-5.50489273525344,16.5));
#18578=CARTESIAN_POINT('Origin',(21.,-5.,15.51471862576));
#18579=CARTESIAN_POINT('',(18.51961760512,-6.,17.99510102064));
#18580=CARTESIAN_POINT('Origin',(14.98408369919,-45.09,14.45956711471));
#18581=CARTESIAN_POINT('',(19.83549374218,-6.,15.6694516525));
#18582=CARTESIAN_POINT('Origin',(21.,-6.,11.));
#18583=CARTESIAN_POINT('Origin',(9.919112181406,-4.5,23.));
#18584=CARTESIAN_POINT('',(13.81022135628,-5.792807868249,22.));
#18585=CARTESIAN_POINT('',(13.81022135628,-5.792807868249,22.));
#18586=CARTESIAN_POINT('',(13.81022135628,-5.792807868249,23.));
#18587=CARTESIAN_POINT('',(9.919112181406,-4.5,23.));
#18588=CARTESIAN_POINT('Origin',(0.,-4.5,23.));
#18589=CARTESIAN_POINT('',(8.337822173509,-4.5,23.));
#18590=CARTESIAN_POINT('',(7.662177826491,-4.5,23.));
#18591=CARTESIAN_POINT('',(0.3378221735089,-4.5,23.));
#18592=CARTESIAN_POINT('',(-0.3378221735089,-4.5,23.));
#18593=CARTESIAN_POINT('',(-7.662177826491,-4.5,23.));
#18594=CARTESIAN_POINT('',(-8.337822173509,-4.5,23.));
#18595=CARTESIAN_POINT('Origin',(-11.2,-6.152479138593,23.));
#18596=CARTESIAN_POINT('',(-11.2,-6.152479138593,23.));
#18597=CARTESIAN_POINT('Origin',(-11.2,-9.847520861407,23.));
#18598=CARTESIAN_POINT('',(-11.2,-9.847520861407,23.));
#18599=CARTESIAN_POINT('Origin',(-8.,-11.69504172281,23.));
#18600=CARTESIAN_POINT('Origin',(-8.,-4.304958277186,23.));
#18601=CARTESIAN_POINT('',(-4.8,-6.152479138593,23.));
#18602=CARTESIAN_POINT('Origin',(-4.8,-6.152479138593,23.));
#18603=CARTESIAN_POINT('',(-4.8,-9.847520861407,23.));
#18604=CARTESIAN_POINT('Origin',(-4.8,-9.847520861407,23.));
#18605=CARTESIAN_POINT('Origin',(-3.2,-6.152479138593,23.));
#18606=CARTESIAN_POINT('',(-3.2,-6.152479138593,23.));
#18607=CARTESIAN_POINT('Origin',(-3.2,-9.847520861407,23.));
#18608=CARTESIAN_POINT('',(-3.2,-9.847520861407,23.));
#18609=CARTESIAN_POINT('Origin',(0.,-11.69504172281,23.));
#18610=CARTESIAN_POINT('Origin',(0.,-4.304958277186,23.));
#18611=CARTESIAN_POINT('',(3.2,-6.152479138593,23.));
#18612=CARTESIAN_POINT('Origin',(3.2,-6.152479138593,23.));
#18613=CARTESIAN_POINT('',(3.2,-9.847520861407,23.));
#18614=CARTESIAN_POINT('Origin',(3.2,-9.847520861407,23.));
#18615=CARTESIAN_POINT('Origin',(4.8,-6.152479138593,23.));
#18616=CARTESIAN_POINT('',(4.8,-6.152479138593,23.));
#18617=CARTESIAN_POINT('Origin',(4.8,-9.847520861407,23.));
#18618=CARTESIAN_POINT('',(4.8,-9.847520861407,23.));
#18619=CARTESIAN_POINT('Origin',(8.,-11.69504172281,23.));
#18620=CARTESIAN_POINT('Origin',(8.,-4.304958277186,23.));
#18621=CARTESIAN_POINT('',(11.2,-6.152479138593,23.));
#18622=CARTESIAN_POINT('Origin',(11.2,-6.152479138593,23.));
#18623=CARTESIAN_POINT('',(11.2,-9.847520861407,23.));
#18624=CARTESIAN_POINT('Origin',(11.2,-9.847520861407,23.));
#18625=CARTESIAN_POINT('Origin',(14.26794919243,-5.,23.));
#18626=CARTESIAN_POINT('',(12.53589838486,-8.,22.));
#18627=CARTESIAN_POINT('',(13.81022135628,-5.792807868249,22.));
#18628=CARTESIAN_POINT('',(12.53589838486,-8.,23.));
#18629=CARTESIAN_POINT('Origin',(12.53589838486,-8.,23.));
#18630=CARTESIAN_POINT('',(12.53589838486,-8.,22.));
#18631=CARTESIAN_POINT('Origin',(24.,0.,22.));
#18632=CARTESIAN_POINT('',(13.69059892324,-8.,22.));
#18633=CARTESIAN_POINT('',(13.69059892324,-8.,22.));
#18634=CARTESIAN_POINT('',(14.84529946162,-10.,22.));
#18635=CARTESIAN_POINT('',(14.84529946162,-10.,22.));
#18636=CARTESIAN_POINT('',(17.15470053838,-10.,22.));
#18637=CARTESIAN_POINT('',(17.15470053838,-10.,22.));
#18638=CARTESIAN_POINT('',(18.30940107676,-8.,22.));
#18639=CARTESIAN_POINT('',(18.30940107676,-8.,22.));
#18640=CARTESIAN_POINT('',(17.15470053838,-6.,22.));
#18641=CARTESIAN_POINT('',(18.75735931288,-6.775886424633,22.));
#18642=CARTESIAN_POINT('',(18.75735931288,-6.775886424633,22.));
#18643=CARTESIAN_POINT('',(18.75735931288,-9.224113575367,22.));
#18644=CARTESIAN_POINT('',(18.75735931288,-9.224113575367,22.));
#18645=CARTESIAN_POINT('',(17.73205080757,-11.,22.));
#18646=CARTESIAN_POINT('Origin',(17.73205080757,-11.,23.));
#18647=CARTESIAN_POINT('',(17.75735931288,-10.95616438294,23.));
#18648=CARTESIAN_POINT('Origin',(21.87867965644,12.5,18.87867965644));
#18649=CARTESIAN_POINT('',(18.75735931288,6.775886424633,22.));
#18650=CARTESIAN_POINT('',(18.30940107676,6.,22.44795823612));
#18651=CARTESIAN_POINT('',(18.75735931288,9.224113575367,22.));
#18652=CARTESIAN_POINT('',(18.75735931288,9.224113575367,22.));
#18653=CARTESIAN_POINT('',(17.75735931288,10.95616438294,23.));
#18654=CARTESIAN_POINT('Origin',(21.87867965644,12.5,18.87867965644));
#18655=CARTESIAN_POINT('',(18.30940107676,-6.,22.44795823612));
#18656=CARTESIAN_POINT('Origin',(17.73205080757,11.,23.));
#18657=CARTESIAN_POINT('',(17.73205080757,11.,22.));
#18658=CARTESIAN_POINT('Origin',(24.,0.,22.));
#18659=CARTESIAN_POINT('',(13.81022135628,5.792807868249,22.));
#18660=CARTESIAN_POINT('',(13.81022135628,5.792807868249,22.));
#18661=CARTESIAN_POINT('',(12.53589838486,8.,22.));
#18662=CARTESIAN_POINT('',(13.81022135628,5.792807868249,22.));
#18663=CARTESIAN_POINT('',(12.53589838486,8.,22.));
#18664=CARTESIAN_POINT('',(18.75735931288,6.775886424633,22.));
#18665=CARTESIAN_POINT('',(18.30940107676,8.,22.));
#18666=CARTESIAN_POINT('',(17.15470053838,6.,22.));
#18667=CARTESIAN_POINT('',(17.15470053838,10.,22.));
#18668=CARTESIAN_POINT('',(18.30940107676,8.,22.));
#18669=CARTESIAN_POINT('',(14.84529946162,10.,22.));
#18670=CARTESIAN_POINT('',(17.15470053838,10.,22.));
#18671=CARTESIAN_POINT('',(13.69059892324,8.,22.));
#18672=CARTESIAN_POINT('',(14.84529946162,10.,22.));
#18673=CARTESIAN_POINT('',(13.69059892324,8.,22.));
#18674=CARTESIAN_POINT('Origin',(9.919112181406,4.5,23.));
#18675=CARTESIAN_POINT('',(13.81022135628,5.792807868249,23.));
#18676=CARTESIAN_POINT('Origin',(12.9436508139,5.50489273525345,16.5));
#18677=CARTESIAN_POINT('Origin',(12.9436508139,45.09,16.5));
#18678=CARTESIAN_POINT('',(16.47918471983,6.,20.03553390593));
#18679=CARTESIAN_POINT('Origin',(12.9436508139,4.451143326729,16.5));
#18680=CARTESIAN_POINT('Origin',(21.,5.,15.51471862576));
#18681=CARTESIAN_POINT('',(18.51961760512,5.,17.99510102064));
#18682=CARTESIAN_POINT('Origin',(14.98408369919,-45.09,14.45956711471));
#18683=CARTESIAN_POINT('',(19.83549374218,5.,15.6694516525));
#18684=CARTESIAN_POINT('Origin',(19.5,6.,17.01471862576));
#18685=CARTESIAN_POINT('Origin',(14.59560644436,5.,23.));
#18686=CARTESIAN_POINT('Origin',(14.26794919243,5.,23.));
#18687=CARTESIAN_POINT('',(12.53589838486,8.,23.));
#18688=CARTESIAN_POINT('Origin',(12.53589838486,8.,23.));
#18689=CARTESIAN_POINT('Origin',(13.69059892324,8.,24.));
#18690=CARTESIAN_POINT('',(13.69059892324,8.,24.));
#18691=CARTESIAN_POINT('',(13.69059892324,8.,24.));
#18692=CARTESIAN_POINT('',(13.69059892324,8.,24.));
#18693=CARTESIAN_POINT('Origin',(24.,0.,24.));
#18694=CARTESIAN_POINT('',(14.84529946162,10.,24.));
#18695=CARTESIAN_POINT('',(14.84529946162,10.,24.));
#18696=CARTESIAN_POINT('',(17.15470053838,10.,24.));
#18697=CARTESIAN_POINT('',(17.15470053838,10.,24.));
#18698=CARTESIAN_POINT('',(18.30940107676,8.,24.));
#18699=CARTESIAN_POINT('',(18.30940107676,8.,24.));
#18700=CARTESIAN_POINT('',(17.15470053838,6.,24.));
#18701=CARTESIAN_POINT('',(17.05,8.,24.));
#18702=CARTESIAN_POINT('Origin',(16.,8.,24.));
#18703=CARTESIAN_POINT('Origin',(14.84529946162,10.,24.));
#18704=CARTESIAN_POINT('',(14.84529946162,10.,22.));
#18705=CARTESIAN_POINT('Origin',(17.15470053838,10.,24.));
#18706=CARTESIAN_POINT('',(17.15470053838,10.,24.));
#18707=CARTESIAN_POINT('Origin',(18.30940107676,8.,24.));
#18708=CARTESIAN_POINT('',(18.30940107676,8.,24.));
#18709=CARTESIAN_POINT('Origin',(17.15470053838,6.,24.));
#18710=CARTESIAN_POINT('Origin',(16.,8.,26.));
#18711=CARTESIAN_POINT('',(17.05,8.,26.));
#18712=CARTESIAN_POINT('Origin',(19.46410161514,8.,23.));
#18713=CARTESIAN_POINT('Origin',(19.46410161514,-8.,23.));
#18714=CARTESIAN_POINT('Origin',(17.15470053838,-6.,24.));
#18715=CARTESIAN_POINT('',(18.30940107676,-8.,24.));
#18716=CARTESIAN_POINT('',(18.30940107676,-8.,22.));
#18717=CARTESIAN_POINT('',(17.15470053838,-6.,24.));
#18718=CARTESIAN_POINT('Origin',(24.,0.,24.));
#18719=CARTESIAN_POINT('',(14.84529946162,-10.,24.));
#18720=CARTESIAN_POINT('',(13.69059892324,-8.,24.));
#18721=CARTESIAN_POINT('',(14.84529946162,-10.,24.));
#18722=CARTESIAN_POINT('',(13.69059892324,-8.,24.));
#18723=CARTESIAN_POINT('',(17.15470053838,-10.,24.));
#18724=CARTESIAN_POINT('',(18.30940107676,-8.,24.));
#18725=CARTESIAN_POINT('',(17.15470053838,-10.,24.));
#18726=CARTESIAN_POINT('',(17.05,-8.,24.));
#18727=CARTESIAN_POINT('Origin',(16.,-8.,24.));
#18728=CARTESIAN_POINT('Origin',(14.84529946162,-10.,24.));
#18729=CARTESIAN_POINT('',(13.69059892324,-8.,22.));
#18730=CARTESIAN_POINT('',(14.84529946162,-10.,24.));
#18731=CARTESIAN_POINT('Origin',(13.69059892324,-8.,24.));
#18732=CARTESIAN_POINT('Origin',(17.15470053838,-10.,24.));
#18733=CARTESIAN_POINT('',(17.15470053838,-10.,22.));
#18734=CARTESIAN_POINT('Origin',(18.30940107676,-8.,24.));
#18735=CARTESIAN_POINT('Origin',(16.,-8.,26.));
#18736=CARTESIAN_POINT('',(17.05,-8.,26.));
#18737=CARTESIAN_POINT('Origin',(11.2,-1.847520861407,23.));
#18738=CARTESIAN_POINT('',(11.2,-1.847520861407,23.));
#18739=CARTESIAN_POINT('Origin',(11.2,1.847520861407,23.));
#18740=CARTESIAN_POINT('',(11.2,1.847520861407,23.));
#18741=CARTESIAN_POINT('Origin',(8.,3.695041722814,23.));
#18742=CARTESIAN_POINT('Origin',(8.,-3.695041722814,23.));
#18743=CARTESIAN_POINT('Origin',(-6.,1.154700538379,23.));
#18744=CARTESIAN_POINT('',(-6.,-1.154700538379,24.));
#18745=CARTESIAN_POINT('',(-6.,-1.154700538379,24.));
#18746=CARTESIAN_POINT('',(-6.,1.154700538379,24.));
#18747=CARTESIAN_POINT('',(-6.,1.154700538379,24.));
#18748=CARTESIAN_POINT('',(-6.,1.154700538379,24.));
#18749=CARTESIAN_POINT('',(-6.,2.540341184434,23.));
#18750=CARTESIAN_POINT('',(-6.,-2.540341184434,23.));
#18751=CARTESIAN_POINT('Origin',(-6.,-1.154700538379,23.));
#18752=CARTESIAN_POINT('',(-8.,-2.309401076759,24.));
#18753=CARTESIAN_POINT('',(-8.,-2.309401076759,24.));
#18754=CARTESIAN_POINT('',(-6.,-1.154700538379,24.));
#18755=CARTESIAN_POINT('Origin',(-24.,0.,24.));
#18756=CARTESIAN_POINT('',(-10.,1.154700538379,24.));
#18757=CARTESIAN_POINT('',(-8.,2.309401076759,24.));
#18758=CARTESIAN_POINT('',(-10.,1.154700538379,24.));
#18759=CARTESIAN_POINT('',(-8.,2.309401076759,24.));
#18760=CARTESIAN_POINT('',(-10.,-1.154700538379,24.));
#18761=CARTESIAN_POINT('',(-8.,-2.309401076759,24.));
#18762=CARTESIAN_POINT('',(-10.,-1.154700538379,24.));
#18763=CARTESIAN_POINT('',(-8.,1.05,24.));
#18764=CARTESIAN_POINT('Origin',(-8.,0.,24.));
#18765=CARTESIAN_POINT('Origin',(-10.,1.154700538379,23.));
#18766=CARTESIAN_POINT('',(-8.,2.309401076759,24.));
#18767=CARTESIAN_POINT('',(-10.,1.154700538379,22.));
#18768=CARTESIAN_POINT('Origin',(-8.,2.309401076759,23.));
#18769=CARTESIAN_POINT('Origin',(-10.,-1.154700538379,23.));
#18770=CARTESIAN_POINT('',(-10.,-1.154700538379,24.));
#18771=CARTESIAN_POINT('Origin',(-8.,-2.309401076759,23.));
#18772=CARTESIAN_POINT('Origin',(-8.,0.,26.));
#18773=CARTESIAN_POINT('',(-8.,1.05,26.));
#18774=CARTESIAN_POINT('Origin',(-4.8,-1.847520861407,23.));
#18775=CARTESIAN_POINT('Origin',(-8.,3.695041722814,23.));
#18776=CARTESIAN_POINT('Origin',(-8.,-3.695041722814,23.));
#18777=CARTESIAN_POINT('',(-11.2,-1.847520861407,23.));
#18778=CARTESIAN_POINT('Origin',(-11.2,-1.847520861407,23.));
#18779=CARTESIAN_POINT('',(-11.2,1.847520861407,23.));
#18780=CARTESIAN_POINT('Origin',(-11.2,1.847520861407,23.));
#18781=CARTESIAN_POINT('Origin',(-14.59560644436,-5.,23.));
#18782=CARTESIAN_POINT('Origin',(-12.9436508139,-4.451143326729,16.5));
#18783=CARTESIAN_POINT('Origin',(-12.9436508139,-45.09,16.5));
#18784=CARTESIAN_POINT('Origin',(-19.,12.5,26.));
#18785=CARTESIAN_POINT('Origin',(-19.,12.5,26.));
#18786=CARTESIAN_POINT('Origin',(-19.,-5.,26.));
#18787=CARTESIAN_POINT('',(-19.,-1.1,23.));
#18788=CARTESIAN_POINT('Origin',(-19.,-5.,26.));
#18789=CARTESIAN_POINT('',(-19.,-4.5,26.));
#18790=CARTESIAN_POINT('Origin',(-18.,-1.1,22.91156220733));
#18791=CARTESIAN_POINT('',(-18.,-2.1,23.));
#18792=CARTESIAN_POINT('Origin',(-17.8,-2.1,26.));
#18793=CARTESIAN_POINT('',(-17.7,-2.1,26.));
#18794=CARTESIAN_POINT('Origin',(-17.7,-1.5,26.));
#18795=CARTESIAN_POINT('',(-17.7,-0.9,26.));
#18796=CARTESIAN_POINT('Origin',(-17.8,-0.9,26.));
#18797=CARTESIAN_POINT('',(-17.8,-0.9,23.));
#18798=CARTESIAN_POINT('Origin',(-17.8,3.5,26.));
#18799=CARTESIAN_POINT('',(-17.8,2.9,26.));
#18800=CARTESIAN_POINT('Origin',(-17.2,2.9,26.10350285554));
#18801=CARTESIAN_POINT('',(-17.2,3.5,26.));
#18802=CARTESIAN_POINT('Origin',(-14.8,3.5,26.));
#18803=CARTESIAN_POINT('',(-15.4,3.5,26.));
#18804=CARTESIAN_POINT('Origin',(-15.4,2.9,26.10350285554));
#18805=CARTESIAN_POINT('',(-14.8,2.9,26.));
#18806=CARTESIAN_POINT('Origin',(-14.8,-3.5,26.));
#18807=CARTESIAN_POINT('',(-14.8,-1.5,26.));
#18808=CARTESIAN_POINT('Origin',(-16.8,-1.5,74.2332));
#18809=CARTESIAN_POINT('',(-16.8,-3.5,26.));
#18810=CARTESIAN_POINT('Origin',(-17.8,-3.5,26.));
#18811=CARTESIAN_POINT('',(-18.,-3.5,26.));
#18812=CARTESIAN_POINT('Origin',(-18.,-4.5,26.10350285554));
#18813=CARTESIAN_POINT('Origin',(19.,5.,26.));
#18814=CARTESIAN_POINT('',(19.,-1.1,26.));
#18815=CARTESIAN_POINT('Origin',(19.,5.,26.));
#18816=CARTESIAN_POINT('',(19.,-4.5,23.));
#18817=CARTESIAN_POINT('Origin',(18.,-1.1,26.10350285554));
#18818=CARTESIAN_POINT('',(18.,-2.1,26.));
#18819=CARTESIAN_POINT('Origin',(19.,-2.1,26.));
#18820=CARTESIAN_POINT('',(17.7,-2.1,26.));
#18821=CARTESIAN_POINT('Origin',(17.7,-1.5,26.));
#18822=CARTESIAN_POINT('',(17.7,-0.9,26.));
#18823=CARTESIAN_POINT('Origin',(17.7,-0.9,26.));
#18824=CARTESIAN_POINT('',(17.8,-0.9,23.));
#18825=CARTESIAN_POINT('Origin',(17.8,-3.5,26.));
#18826=CARTESIAN_POINT('',(17.8,2.9,26.));
#18827=CARTESIAN_POINT('Origin',(17.2,2.9,26.10350285554));
#18828=CARTESIAN_POINT('',(17.2,3.5,26.));
#18829=CARTESIAN_POINT('Origin',(17.8,3.5,26.));
#18830=CARTESIAN_POINT('',(15.4,3.5,26.));
#18831=CARTESIAN_POINT('Origin',(15.4,2.9,26.10350285554));
#18832=CARTESIAN_POINT('',(14.8,2.9,26.));
#18833=CARTESIAN_POINT('Origin',(14.8,3.5,26.));
#18834=CARTESIAN_POINT('',(14.8,-1.5,26.));
#18835=CARTESIAN_POINT('Origin',(16.8,-1.5,74.2332));
#18836=CARTESIAN_POINT('',(16.8,-3.5,26.));
#18837=CARTESIAN_POINT('Origin',(14.8,-3.5,26.));
#18838=CARTESIAN_POINT('',(18.,-3.5,23.));
#18839=CARTESIAN_POINT('Origin',(18.,-4.5,22.91156220733));
#18840=CARTESIAN_POINT('Origin',(24.,12.5,21.));
#18841=CARTESIAN_POINT('Origin',(24.,12.5,21.));
#18842=CARTESIAN_POINT('Origin',(-24.,0.,22.));
#18843=CARTESIAN_POINT('',(-12.53589838486,-8.,22.));
#18844=CARTESIAN_POINT('',(-13.81022135628,-5.792807868249,22.));
#18845=CARTESIAN_POINT('',(-12.53589838486,-8.,22.));
#18846=CARTESIAN_POINT('',(-18.75735931288,-6.775886424633,22.));
#18847=CARTESIAN_POINT('',(-18.30940107676,-8.,22.));
#18848=CARTESIAN_POINT('',(-17.15470053838,-6.,22.));
#18849=CARTESIAN_POINT('',(-17.15470053838,-10.,22.));
#18850=CARTESIAN_POINT('',(-18.30940107676,-8.,22.));
#18851=CARTESIAN_POINT('',(-14.84529946162,-10.,22.));
#18852=CARTESIAN_POINT('',(-17.15470053838,-10.,22.));
#18853=CARTESIAN_POINT('',(-13.69059892324,-8.,22.));
#18854=CARTESIAN_POINT('',(-14.84529946162,-10.,22.));
#18855=CARTESIAN_POINT('',(-13.69059892324,-8.,22.));
#18856=CARTESIAN_POINT('Origin',(-13.69059892324,-8.,24.));
#18857=CARTESIAN_POINT('',(-13.69059892324,-8.,24.));
#18858=CARTESIAN_POINT('',(-13.69059892324,-8.,24.));
#18859=CARTESIAN_POINT('',(-13.69059892324,-8.,24.));
#18860=CARTESIAN_POINT('Origin',(-24.,0.,24.));
#18861=CARTESIAN_POINT('',(-14.84529946162,-10.,24.));
#18862=CARTESIAN_POINT('',(-14.84529946162,-10.,24.));
#18863=CARTESIAN_POINT('',(-17.15470053838,-10.,24.));
#18864=CARTESIAN_POINT('',(-17.15470053838,-10.,24.));
#18865=CARTESIAN_POINT('',(-18.30940107676,-8.,24.));
#18866=CARTESIAN_POINT('',(-18.30940107676,-8.,24.));
#18867=CARTESIAN_POINT('',(-17.15470053838,-6.,24.));
#18868=CARTESIAN_POINT('',(-14.95,-8.,24.));
#18869=CARTESIAN_POINT('Origin',(-16.,-8.,24.));
#18870=CARTESIAN_POINT('Origin',(-14.84529946162,-10.,24.));
#18871=CARTESIAN_POINT('',(-14.84529946162,-10.,22.));
#18872=CARTESIAN_POINT('Origin',(-17.15470053838,-10.,24.));
#18873=CARTESIAN_POINT('',(-17.15470053838,-10.,24.));
#18874=CARTESIAN_POINT('Origin',(-18.30940107676,-8.,24.));
#18875=CARTESIAN_POINT('',(-18.30940107676,-8.,24.));
#18876=CARTESIAN_POINT('Origin',(-17.15470053838,-6.,24.));
#18877=CARTESIAN_POINT('Origin',(-16.,-8.,26.));
#18878=CARTESIAN_POINT('',(-14.95,-8.,26.));
#18879=CARTESIAN_POINT('Origin',(-19.46410161514,-8.,23.));
#18880=CARTESIAN_POINT('Origin',(-12.53589838486,-8.,23.));
#18881=CARTESIAN_POINT('',(-12.53589838486,-8.,23.));
#18882=CARTESIAN_POINT('Origin',(-14.26794919243,-5.,23.));
#18883=CARTESIAN_POINT('Origin',(-11.2,9.847520861407,23.));
#18884=CARTESIAN_POINT('',(-11.2,9.847520861407,23.));
#18885=CARTESIAN_POINT('Origin',(-11.2,6.152479138593,23.));
#18886=CARTESIAN_POINT('',(-11.2,6.152479138593,23.));
#18887=CARTESIAN_POINT('Origin',(-8.,4.304958277186,23.));
#18888=CARTESIAN_POINT('Origin',(-8.,11.69504172281,23.));
#18889=CARTESIAN_POINT('',(-4.8,9.847520861407,23.));
#18890=CARTESIAN_POINT('Origin',(-4.8,9.847520861407,23.));
#18891=CARTESIAN_POINT('',(-4.8,6.152479138593,23.));
#18892=CARTESIAN_POINT('Origin',(-4.8,6.152479138593,23.));
#18893=CARTESIAN_POINT('Origin',(-3.2,9.847520861407,23.));
#18894=CARTESIAN_POINT('Origin',(0.,11.69504172281,23.));
#18895=CARTESIAN_POINT('',(3.2,9.847520861407,23.));
#18896=CARTESIAN_POINT('Origin',(3.2,9.847520861407,23.));
#18897=CARTESIAN_POINT('',(3.2,6.152479138593,23.));
#18898=CARTESIAN_POINT('Origin',(3.2,6.152479138593,23.));
#18899=CARTESIAN_POINT('Origin',(4.8,9.847520861407,23.));
#18900=CARTESIAN_POINT('',(4.8,9.847520861407,23.));
#18901=CARTESIAN_POINT('Origin',(4.8,6.152479138593,23.));
#18902=CARTESIAN_POINT('',(4.8,6.152479138593,23.));
#18903=CARTESIAN_POINT('Origin',(8.,4.304958277186,23.));
#18904=CARTESIAN_POINT('Origin',(8.,11.69504172281,23.));
#18905=CARTESIAN_POINT('',(11.2,9.847520861407,23.));
#18906=CARTESIAN_POINT('Origin',(11.2,9.847520861407,23.));
#18907=CARTESIAN_POINT('',(11.2,6.152479138593,23.));
#18908=CARTESIAN_POINT('Origin',(11.2,6.152479138593,23.));
#18909=CARTESIAN_POINT('Origin',(0.,0.,26.));
#18910=CARTESIAN_POINT('Origin',(0.,0.,24.5));
#18911=CARTESIAN_POINT('Origin',(0.,0.,26.));
#18912=CARTESIAN_POINT('Origin',(0.,0.,24.5));
#18913=CARTESIAN_POINT('Origin',(-24.,0.,24.5));
#18914=CARTESIAN_POINT('Origin',(-24.,0.,24.5));
#18915=CARTESIAN_POINT('Origin',(-4.45,2.5,21.39649714446));
#18916=CARTESIAN_POINT('',(-4.95,2.5,21.5));
#18917=CARTESIAN_POINT('Origin',(-4.95,-3.,21.5));
#18918=CARTESIAN_POINT('',(-4.95,-2.5,21.5));
#18919=CARTESIAN_POINT('Origin',(-4.45,-2.5,21.39649714446));
#18920=CARTESIAN_POINT('',(0.,0.,0.));
#18921=CARTESIAN_POINT('Origin',(0.,0.,0.));
#18922=CARTESIAN_POINT('',(-3.5,0.,-16.));
#18923=CARTESIAN_POINT('',(3.5,0.,-16.));
#18924=CARTESIAN_POINT('',(-3.5,0.,-16.));
#18925=CARTESIAN_POINT('',(3.5,0.,-17.));
#18926=CARTESIAN_POINT('',(3.5,0.,-17.));
#18927=CARTESIAN_POINT('',(12.5,0.,-17.));
#18928=CARTESIAN_POINT('',(12.5,0.,-17.));
#18929=CARTESIAN_POINT('',(12.5,0.,17.));
#18930=CARTESIAN_POINT('',(12.5,0.,17.));
#18931=CARTESIAN_POINT('',(3.5,0.,17.));
#18932=CARTESIAN_POINT('',(3.5,0.,17.));
#18933=CARTESIAN_POINT('',(3.5,0.,16.));
#18934=CARTESIAN_POINT('',(3.5,0.,17.));
#18935=CARTESIAN_POINT('',(-3.5,0.,16.));
#18936=CARTESIAN_POINT('',(-3.5,0.,16.));
#18937=CARTESIAN_POINT('',(-3.5,0.,17.));
#18938=CARTESIAN_POINT('',(-3.5,0.,17.));
#18939=CARTESIAN_POINT('',(-12.5,0.,17.));
#18940=CARTESIAN_POINT('',(-12.5,0.,17.));
#18941=CARTESIAN_POINT('',(-12.5,0.,-17.));
#18942=CARTESIAN_POINT('',(-12.5,0.,-17.));
#18943=CARTESIAN_POINT('',(-3.5,0.,-17.));
#18944=CARTESIAN_POINT('',(-3.5,0.,-17.));
#18945=CARTESIAN_POINT('',(-3.5,0.,-17.));
#18946=CARTESIAN_POINT('',(8.,0.,1.05));
#18947=CARTESIAN_POINT('Origin',(8.,0.,0.));
#18948=CARTESIAN_POINT('',(8.,0.,9.05));
#18949=CARTESIAN_POINT('Origin',(8.,0.,8.));
#18950=CARTESIAN_POINT('',(8.,0.,-6.95));
#18951=CARTESIAN_POINT('Origin',(8.,0.,-8.));
#18952=CARTESIAN_POINT('',(0.,0.,-6.95));
#18953=CARTESIAN_POINT('Origin',(0.,0.,-8.));
#18954=CARTESIAN_POINT('',(-8.,0.,-6.95));
#18955=CARTESIAN_POINT('Origin',(-8.,0.,-8.));
#18956=CARTESIAN_POINT('',(-8.,0.,1.05));
#18957=CARTESIAN_POINT('Origin',(-8.,0.,0.));
#18958=CARTESIAN_POINT('',(-8.,0.,9.05));
#18959=CARTESIAN_POINT('Origin',(-8.,0.,8.));
#18960=CARTESIAN_POINT('',(0.,0.,9.05));
#18961=CARTESIAN_POINT('Origin',(0.,0.,8.));
#18962=CARTESIAN_POINT('',(-3.,0.,4.95));
#18963=CARTESIAN_POINT('',(3.,0.,4.95));
#18964=CARTESIAN_POINT('',(-3.,0.,4.95));
#18965=CARTESIAN_POINT('',(3.,0.,2.645751311065));
#18966=CARTESIAN_POINT('',(3.,0.,4.95));
#18967=CARTESIAN_POINT('',(3.,0.,-2.645751311065));
#18968=CARTESIAN_POINT('Origin',(0.,0.,0.));
#18969=CARTESIAN_POINT('',(3.,0.,-4.95));
#18970=CARTESIAN_POINT('',(3.,0.,-2.645751311065));
#18971=CARTESIAN_POINT('',(-3.,0.,-4.95));
#18972=CARTESIAN_POINT('',(3.,0.,-4.95));
#18973=CARTESIAN_POINT('',(-3.,0.,-2.645751311065));
#18974=CARTESIAN_POINT('',(-3.,0.,-4.95));
#18975=CARTESIAN_POINT('',(-3.,0.,2.645751311065));
#18976=CARTESIAN_POINT('Origin',(0.,0.,0.));
#18977=CARTESIAN_POINT('',(-3.,0.,2.645751311065));
#18978=CARTESIAN_POINT('Origin',(8.,0.,0.));
#18979=CARTESIAN_POINT('',(8.,2.,1.05));
#18980=CARTESIAN_POINT('Origin',(8.,2.,0.));
#18981=CARTESIAN_POINT('',(8.,0.,1.05));
#18982=CARTESIAN_POINT('Origin',(0.,2.,0.));
#18983=CARTESIAN_POINT('',(9.154700538379,2.,-2.));
#18984=CARTESIAN_POINT('',(6.845299461621,2.,-2.));
#18985=CARTESIAN_POINT('',(9.154700538379,2.,-2.));
#18986=CARTESIAN_POINT('',(5.690598923241,2.,0.));
#18987=CARTESIAN_POINT('',(6.845299461621,2.,-2.));
#18988=CARTESIAN_POINT('',(6.845299461621,2.,2.));
#18989=CARTESIAN_POINT('',(5.690598923241,2.,0.));
#18990=CARTESIAN_POINT('',(9.154700538379,2.,2.));
#18991=CARTESIAN_POINT('',(6.845299461621,2.,2.));
#18992=CARTESIAN_POINT('',(10.30940107676,2.,0.));
#18993=CARTESIAN_POINT('',(9.154700538379,2.,2.));
#18994=CARTESIAN_POINT('',(10.30940107676,2.,0.));
#18995=CARTESIAN_POINT('Origin',(9.154700538379,3.,-2.));
#18996=CARTESIAN_POINT('',(6.845299461621,4.,-2.));
#18997=CARTESIAN_POINT('',(6.845299461621,2.,-2.));
#18998=CARTESIAN_POINT('',(9.154700538379,4.,-2.));
#18999=CARTESIAN_POINT('',(9.154700538379,4.,-2.));
#19000=CARTESIAN_POINT('',(6.845299461621,4.,-2.));
#19001=CARTESIAN_POINT('Origin',(6.845299461621,3.,-2.));
#19002=CARTESIAN_POINT('',(5.690598923241,4.,0.));
#19003=CARTESIAN_POINT('',(5.690598923241,2.,0.));
#19004=CARTESIAN_POINT('',(5.690598923241,4.,0.));
#19005=CARTESIAN_POINT('Origin',(5.690598923241,3.,0.));
#19006=CARTESIAN_POINT('',(6.845299461621,4.,2.));
#19007=CARTESIAN_POINT('',(6.845299461621,2.,2.));
#19008=CARTESIAN_POINT('',(6.845299461621,4.,2.));
#19009=CARTESIAN_POINT('Origin',(6.845299461621,3.,2.));
#19010=CARTESIAN_POINT('',(9.154700538379,4.,2.));
#19011=CARTESIAN_POINT('',(9.154700538379,2.,2.));
#19012=CARTESIAN_POINT('',(9.154700538379,4.,2.));
#19013=CARTESIAN_POINT('Origin',(9.154700538379,3.,2.));
#19014=CARTESIAN_POINT('',(10.30940107676,4.,0.));
#19015=CARTESIAN_POINT('',(10.30940107676,2.,0.));
#19016=CARTESIAN_POINT('',(10.30940107676,4.,0.));
#19017=CARTESIAN_POINT('Origin',(10.30940107676,3.,0.));
#19018=CARTESIAN_POINT('',(9.154700538379,4.,-2.));
#19019=CARTESIAN_POINT('Origin',(0.,4.,0.));
#19020=CARTESIAN_POINT('',(-4.5,4.,-8.337822173509));
#19021=CARTESIAN_POINT('',(-4.5,4.,-7.662177826491));
#19022=CARTESIAN_POINT('',(-4.5,4.,-8.337822173509));
#19023=CARTESIAN_POINT('',(-6.152479138593,4.,-11.2));
#19024=CARTESIAN_POINT('',(-4.5,4.,-8.337822173509));
#19025=CARTESIAN_POINT('',(-9.847520861407,4.,-11.2));
#19026=CARTESIAN_POINT('',(-6.152479138593,4.,-11.2));
#19027=CARTESIAN_POINT('',(-11.5,4.,-8.337822173509));
#19028=CARTESIAN_POINT('',(-9.847520861407,4.,-11.2));
#19029=CARTESIAN_POINT('',(-11.5,4.,-7.662177826491));
#19030=CARTESIAN_POINT('',(-11.5,4.,-8.337822173509));
#19031=CARTESIAN_POINT('',(-9.847520861407,4.,-4.8));
#19032=CARTESIAN_POINT('',(-11.5,4.,-7.662177826491));
#19033=CARTESIAN_POINT('',(-6.152479138593,4.,-4.8));
#19034=CARTESIAN_POINT('',(-9.847520861407,4.,-4.8));
#19035=CARTESIAN_POINT('',(-6.152479138593,4.,-4.8));
#19036=CARTESIAN_POINT('',(-6.845299461621,4.,-10.));
#19037=CARTESIAN_POINT('',(-5.690598923241,4.,-8.));
#19038=CARTESIAN_POINT('',(-6.845299461621,4.,-10.));
#19039=CARTESIAN_POINT('',(-6.845299461621,4.,-6.));
#19040=CARTESIAN_POINT('',(-5.690598923241,4.,-8.));
#19041=CARTESIAN_POINT('',(-9.154700538379,4.,-6.));
#19042=CARTESIAN_POINT('',(-6.845299461621,4.,-6.));
#19043=CARTESIAN_POINT('',(-10.30940107676,4.,-8.));
#19044=CARTESIAN_POINT('',(-9.154700538379,4.,-6.));
#19045=CARTESIAN_POINT('',(-9.154700538379,4.,-10.));
#19046=CARTESIAN_POINT('',(-10.30940107676,4.,-8.));
#19047=CARTESIAN_POINT('',(-9.154700538379,4.,-10.));
#19048=CARTESIAN_POINT('Origin',(0.,4.,0.));
#19049=CARTESIAN_POINT('',(-4.5,4.,-0.3378221735089));
#19050=CARTESIAN_POINT('',(-4.5,4.,0.3378221735089));
#19051=CARTESIAN_POINT('',(-4.5,4.,-0.3378221735089));
#19052=CARTESIAN_POINT('',(-6.152479138593,4.,-3.2));
#19053=CARTESIAN_POINT('',(-4.5,4.,-0.3378221735089));
#19054=CARTESIAN_POINT('',(-9.847520861407,4.,-3.2));
#19055=CARTESIAN_POINT('',(-6.152479138593,4.,-3.2));
#19056=CARTESIAN_POINT('',(-11.5,4.,-0.3378221735089));
#19057=CARTESIAN_POINT('',(-9.847520861407,4.,-3.2));
#19058=CARTESIAN_POINT('',(-11.5,4.,0.3378221735089));
#19059=CARTESIAN_POINT('',(-11.5,4.,-0.3378221735089));
#19060=CARTESIAN_POINT('',(-9.847520861407,4.,3.2));
#19061=CARTESIAN_POINT('',(-11.5,4.,0.3378221735089));
#19062=CARTESIAN_POINT('',(-6.152479138593,4.,3.2));
#19063=CARTESIAN_POINT('',(-9.847520861407,4.,3.2));
#19064=CARTESIAN_POINT('',(-6.152479138593,4.,3.2));
#19065=CARTESIAN_POINT('',(-6.845299461621,4.,-2.));
#19066=CARTESIAN_POINT('',(-5.690598923241,4.,0.));
#19067=CARTESIAN_POINT('',(-6.845299461621,4.,-2.));
#19068=CARTESIAN_POINT('',(-6.845299461621,4.,2.));
#19069=CARTESIAN_POINT('',(-5.690598923241,4.,0.));
#19070=CARTESIAN_POINT('',(-9.154700538379,4.,2.));
#19071=CARTESIAN_POINT('',(-6.845299461621,4.,2.));
#19072=CARTESIAN_POINT('',(-10.30940107676,4.,0.));
#19073=CARTESIAN_POINT('',(-9.154700538379,4.,2.));
#19074=CARTESIAN_POINT('',(-9.154700538379,4.,-2.));
#19075=CARTESIAN_POINT('',(-10.30940107676,4.,0.));
#19076=CARTESIAN_POINT('',(-9.154700538379,4.,-2.));
#19077=CARTESIAN_POINT('Origin',(0.,4.,0.));
#19078=CARTESIAN_POINT('',(-4.5,4.,7.662177826491));
#19079=CARTESIAN_POINT('',(-4.5,4.,8.337822173509));
#19080=CARTESIAN_POINT('',(-4.5,4.,7.662177826491));
#19081=CARTESIAN_POINT('',(-6.152479138593,4.,4.8));
#19082=CARTESIAN_POINT('',(-4.5,4.,7.662177826491));
#19083=CARTESIAN_POINT('',(-9.847520861407,4.,4.8));
#19084=CARTESIAN_POINT('',(-6.152479138593,4.,4.8));
#19085=CARTESIAN_POINT('',(-11.5,4.,7.662177826491));
#19086=CARTESIAN_POINT('',(-9.847520861407,4.,4.8));
#19087=CARTESIAN_POINT('',(-11.5,4.,8.337822173509));
#19088=CARTESIAN_POINT('',(-11.5,4.,7.662177826491));
#19089=CARTESIAN_POINT('',(-9.847520861407,4.,11.2));
#19090=CARTESIAN_POINT('',(-11.5,4.,8.337822173509));
#19091=CARTESIAN_POINT('',(-6.152479138593,4.,11.2));
#19092=CARTESIAN_POINT('',(-9.847520861407,4.,11.2));
#19093=CARTESIAN_POINT('',(-6.152479138593,4.,11.2));
#19094=CARTESIAN_POINT('',(-6.845299461621,4.,6.));
#19095=CARTESIAN_POINT('',(-5.690598923241,4.,8.));
#19096=CARTESIAN_POINT('',(-6.845299461621,4.,6.));
#19097=CARTESIAN_POINT('',(-6.845299461621,4.,10.));
#19098=CARTESIAN_POINT('',(-5.690598923241,4.,8.));
#19099=CARTESIAN_POINT('',(-9.154700538379,4.,10.));
#19100=CARTESIAN_POINT('',(-6.845299461621,4.,10.));
#19101=CARTESIAN_POINT('',(-10.30940107676,4.,8.));
#19102=CARTESIAN_POINT('',(-9.154700538379,4.,10.));
#19103=CARTESIAN_POINT('',(-9.154700538379,4.,6.));
#19104=CARTESIAN_POINT('',(-10.30940107676,4.,8.));
#19105=CARTESIAN_POINT('',(-9.154700538379,4.,6.));
#19106=CARTESIAN_POINT('Origin',(0.,4.,0.));
#19107=CARTESIAN_POINT('',(4.5,4.,-8.337822173509));
#19108=CARTESIAN_POINT('',(4.5,4.,-7.662177826491));
#19109=CARTESIAN_POINT('',(4.5,4.,-8.337822173509));
#19110=CARTESIAN_POINT('',(6.152479138593,4.,-4.8));
#19111=CARTESIAN_POINT('',(4.5,4.,-7.662177826491));
#19112=CARTESIAN_POINT('',(9.847520861407,4.,-4.8));
#19113=CARTESIAN_POINT('',(6.152479138593,4.,-4.8));
#19114=CARTESIAN_POINT('',(11.5,4.,-7.662177826491));
#19115=CARTESIAN_POINT('',(9.847520861407,4.,-4.8));
#19116=CARTESIAN_POINT('',(11.5,4.,-8.337822173509));
#19117=CARTESIAN_POINT('',(11.5,4.,-8.337822173509));
#19118=CARTESIAN_POINT('',(9.847520861407,4.,-11.2));
#19119=CARTESIAN_POINT('',(11.5,4.,-8.337822173509));
#19120=CARTESIAN_POINT('',(6.152479138593,4.,-11.2));
#19121=CARTESIAN_POINT('',(9.847520861407,4.,-11.2));
#19122=CARTESIAN_POINT('',(6.152479138593,4.,-11.2));
#19123=CARTESIAN_POINT('',(9.154700538379,4.,-10.));
#19124=CARTESIAN_POINT('',(10.30940107676,4.,-8.));
#19125=CARTESIAN_POINT('',(9.154700538379,4.,-10.));
#19126=CARTESIAN_POINT('',(9.154700538379,4.,-6.));
#19127=CARTESIAN_POINT('',(10.30940107676,4.,-8.));
#19128=CARTESIAN_POINT('',(6.845299461621,4.,-6.));
#19129=CARTESIAN_POINT('',(9.154700538379,4.,-6.));
#19130=CARTESIAN_POINT('',(5.690598923241,4.,-8.));
#19131=CARTESIAN_POINT('',(6.845299461621,4.,-6.));
#19132=CARTESIAN_POINT('',(6.845299461621,4.,-10.));
#19133=CARTESIAN_POINT('',(5.690598923241,4.,-8.));
#19134=CARTESIAN_POINT('',(6.845299461621,4.,-10.));
#19135=CARTESIAN_POINT('Origin',(0.,4.,0.));
#19136=CARTESIAN_POINT('',(4.5,4.,-0.3378221735089));
#19137=CARTESIAN_POINT('',(4.5,4.,0.3378221735089));
#19138=CARTESIAN_POINT('',(4.5,4.,-0.3378221735089));
#19139=CARTESIAN_POINT('',(6.152479138593,4.,3.2));
#19140=CARTESIAN_POINT('',(4.5,4.,0.3378221735089));
#19141=CARTESIAN_POINT('',(9.847520861407,4.,3.2));
#19142=CARTESIAN_POINT('',(6.152479138593,4.,3.2));
#19143=CARTESIAN_POINT('',(11.5,4.,0.3378221735089));
#19144=CARTESIAN_POINT('',(9.847520861407,4.,3.2));
#19145=CARTESIAN_POINT('',(11.5,4.,-0.3378221735089));
#19146=CARTESIAN_POINT('',(11.5,4.,-0.3378221735089));
#19147=CARTESIAN_POINT('',(9.847520861407,4.,-3.2));
#19148=CARTESIAN_POINT('',(11.5,4.,-0.3378221735089));
#19149=CARTESIAN_POINT('',(6.152479138593,4.,-3.2));
#19150=CARTESIAN_POINT('',(9.847520861407,4.,-3.2));
#19151=CARTESIAN_POINT('',(6.152479138593,4.,-3.2));
#19152=CARTESIAN_POINT('Origin',(0.,4.,0.));
#19153=CARTESIAN_POINT('',(4.5,4.,7.662177826491));
#19154=CARTESIAN_POINT('',(4.5,4.,8.337822173509));
#19155=CARTESIAN_POINT('',(4.5,4.,7.662177826491));
#19156=CARTESIAN_POINT('',(6.152479138593,4.,11.2));
#19157=CARTESIAN_POINT('',(4.5,4.,8.337822173509));
#19158=CARTESIAN_POINT('',(9.847520861407,4.,11.2));
#19159=CARTESIAN_POINT('',(6.152479138593,4.,11.2));
#19160=CARTESIAN_POINT('',(11.5,4.,8.337822173509));
#19161=CARTESIAN_POINT('',(9.847520861407,4.,11.2));
#19162=CARTESIAN_POINT('',(11.5,4.,7.662177826491));
#19163=CARTESIAN_POINT('',(11.5,4.,7.662177826491));
#19164=CARTESIAN_POINT('',(9.847520861407,4.,4.8));
#19165=CARTESIAN_POINT('',(11.5,4.,7.662177826491));
#19166=CARTESIAN_POINT('',(6.152479138593,4.,4.8));
#19167=CARTESIAN_POINT('',(9.847520861407,4.,4.8));
#19168=CARTESIAN_POINT('',(6.152479138593,4.,4.8));
#19169=CARTESIAN_POINT('',(9.154700538379,4.,6.));
#19170=CARTESIAN_POINT('',(10.30940107676,4.,8.));
#19171=CARTESIAN_POINT('',(9.154700538379,4.,6.));
#19172=CARTESIAN_POINT('',(9.154700538379,4.,10.));
#19173=CARTESIAN_POINT('',(10.30940107676,4.,8.));
#19174=CARTESIAN_POINT('',(6.845299461621,4.,10.));
#19175=CARTESIAN_POINT('',(9.154700538379,4.,10.));
#19176=CARTESIAN_POINT('',(5.690598923241,4.,8.));
#19177=CARTESIAN_POINT('',(6.845299461621,4.,10.));
#19178=CARTESIAN_POINT('',(6.845299461621,4.,6.));
#19179=CARTESIAN_POINT('',(5.690598923241,4.,8.));
#19180=CARTESIAN_POINT('',(6.845299461621,4.,6.));
#19181=CARTESIAN_POINT('Origin',(0.,4.,0.));
#19182=CARTESIAN_POINT('',(-2.540341184434,4.,6.));
#19183=CARTESIAN_POINT('',(-1.154700538379,4.,6.));
#19184=CARTESIAN_POINT('',(-2.540341184434,4.,6.));
#19185=CARTESIAN_POINT('',(-3.5,4.,7.662177826491));
#19186=CARTESIAN_POINT('',(-2.540341184434,4.,6.));
#19187=CARTESIAN_POINT('',(-3.5,4.,8.337822173509));
#19188=CARTESIAN_POINT('',(-3.5,4.,7.662177826491));
#19189=CARTESIAN_POINT('',(-1.847520861407,4.,11.2));
#19190=CARTESIAN_POINT('',(-3.5,4.,8.337822173509));
#19191=CARTESIAN_POINT('',(1.847520861407,4.,11.2));
#19192=CARTESIAN_POINT('',(-1.847520861407,4.,11.2));
#19193=CARTESIAN_POINT('',(3.5,4.,8.337822173509));
#19194=CARTESIAN_POINT('',(1.847520861407,4.,11.2));
#19195=CARTESIAN_POINT('',(3.5,4.,7.662177826491));
#19196=CARTESIAN_POINT('',(3.5,4.,7.662177826491));
#19197=CARTESIAN_POINT('',(2.540341184434,4.,6.));
#19198=CARTESIAN_POINT('',(3.5,4.,7.662177826491));
#19199=CARTESIAN_POINT('',(1.154700538379,4.,6.));
#19200=CARTESIAN_POINT('',(1.154700538379,4.,6.));
#19201=CARTESIAN_POINT('',(2.309401076759,4.,8.));
#19202=CARTESIAN_POINT('',(1.154700538379,4.,6.));
#19203=CARTESIAN_POINT('',(1.154700538379,4.,10.));
#19204=CARTESIAN_POINT('',(2.309401076759,4.,8.));
#19205=CARTESIAN_POINT('',(-1.154700538379,4.,10.));
#19206=CARTESIAN_POINT('',(1.154700538379,4.,10.));
#19207=CARTESIAN_POINT('',(-2.309401076759,4.,8.));
#19208=CARTESIAN_POINT('',(-1.154700538379,4.,10.));
#19209=CARTESIAN_POINT('',(-2.309401076759,4.,8.));
#19210=CARTESIAN_POINT('Origin',(0.,4.,0.));
#19211=CARTESIAN_POINT('',(2.540341184434,4.,-6.));
#19212=CARTESIAN_POINT('',(1.154700538379,4.,-6.));
#19213=CARTESIAN_POINT('',(2.540341184434,4.,-6.));
#19214=CARTESIAN_POINT('',(3.5,4.,-7.662177826491));
#19215=CARTESIAN_POINT('',(2.540341184434,4.,-6.));
#19216=CARTESIAN_POINT('',(3.5,4.,-8.337822173509));
#19217=CARTESIAN_POINT('',(3.5,4.,-8.337822173509));
#19218=CARTESIAN_POINT('',(1.847520861407,4.,-11.2));
#19219=CARTESIAN_POINT('',(3.5,4.,-8.337822173509));
#19220=CARTESIAN_POINT('',(-1.847520861407,4.,-11.2));
#19221=CARTESIAN_POINT('',(1.847520861407,4.,-11.2));
#19222=CARTESIAN_POINT('',(-3.5,4.,-8.337822173509));
#19223=CARTESIAN_POINT('',(-1.847520861407,4.,-11.2));
#19224=CARTESIAN_POINT('',(-3.5,4.,-7.662177826491));
#19225=CARTESIAN_POINT('',(-3.5,4.,-8.337822173509));
#19226=CARTESIAN_POINT('',(-2.540341184434,4.,-6.));
#19227=CARTESIAN_POINT('',(-3.5,4.,-7.662177826491));
#19228=CARTESIAN_POINT('',(-1.154700538379,4.,-6.));
#19229=CARTESIAN_POINT('',(-1.154700538379,4.,-6.));
#19230=CARTESIAN_POINT('',(-2.309401076759,4.,-8.));
#19231=CARTESIAN_POINT('',(-1.154700538379,4.,-6.));
#19232=CARTESIAN_POINT('',(-1.154700538379,4.,-10.));
#19233=CARTESIAN_POINT('',(-2.309401076759,4.,-8.));
#19234=CARTESIAN_POINT('',(1.154700538379,4.,-10.));
#19235=CARTESIAN_POINT('',(-1.154700538379,4.,-10.));
#19236=CARTESIAN_POINT('',(2.309401076759,4.,-8.));
#19237=CARTESIAN_POINT('',(1.154700538379,4.,-10.));
#19238=CARTESIAN_POINT('',(2.309401076759,4.,-8.));
#19239=CARTESIAN_POINT('Origin',(10.30940107676,3.,-8.));
#19240=CARTESIAN_POINT('',(9.154700538379,2.,-10.));
#19241=CARTESIAN_POINT('',(9.154700538379,4.,-10.));
#19242=CARTESIAN_POINT('',(10.30940107676,2.,-8.));
#19243=CARTESIAN_POINT('',(10.30940107676,2.,-8.));
#19244=CARTESIAN_POINT('',(10.30940107676,2.,-8.));
#19245=CARTESIAN_POINT('Origin',(9.154700538379,3.,-10.));
#19246=CARTESIAN_POINT('',(6.845299461621,2.,-10.));
#19247=CARTESIAN_POINT('',(6.845299461621,2.,-10.));
#19248=CARTESIAN_POINT('',(9.154700538379,2.,-10.));
#19249=CARTESIAN_POINT('Origin',(6.845299461621,3.,-10.));
#19250=CARTESIAN_POINT('',(5.690598923241,2.,-8.));
#19251=CARTESIAN_POINT('',(5.690598923241,2.,-8.));
#19252=CARTESIAN_POINT('',(6.845299461621,2.,-10.));
#19253=CARTESIAN_POINT('Origin',(5.690598923241,3.,-8.));
#19254=CARTESIAN_POINT('',(6.845299461621,2.,-6.));
#19255=CARTESIAN_POINT('',(6.845299461621,2.,-6.));
#19256=CARTESIAN_POINT('',(5.690598923241,2.,-8.));
#19257=CARTESIAN_POINT('Origin',(6.845299461621,3.,-6.));
#19258=CARTESIAN_POINT('',(9.154700538379,2.,-6.));
#19259=CARTESIAN_POINT('',(9.154700538379,2.,-6.));
#19260=CARTESIAN_POINT('',(6.845299461621,2.,-6.));
#19261=CARTESIAN_POINT('Origin',(9.154700538379,3.,-6.));
#19262=CARTESIAN_POINT('',(9.154700538379,2.,-6.));
#19263=CARTESIAN_POINT('Origin',(0.,2.,0.));
#19264=CARTESIAN_POINT('',(8.,2.,-6.95));
#19265=CARTESIAN_POINT('Origin',(8.,2.,-8.));
#19266=CARTESIAN_POINT('Origin',(8.,0.,-8.));
#19267=CARTESIAN_POINT('',(8.,0.,-6.95));
#19268=CARTESIAN_POINT('Origin',(10.30940107676,3.,8.));
#19269=CARTESIAN_POINT('',(9.154700538379,2.,6.));
#19270=CARTESIAN_POINT('',(9.154700538379,4.,6.));
#19271=CARTESIAN_POINT('',(10.30940107676,2.,8.));
#19272=CARTESIAN_POINT('',(10.30940107676,2.,8.));
#19273=CARTESIAN_POINT('',(10.30940107676,2.,8.));
#19274=CARTESIAN_POINT('Origin',(9.154700538379,3.,6.));
#19275=CARTESIAN_POINT('',(6.845299461621,2.,6.));
#19276=CARTESIAN_POINT('',(6.845299461621,2.,6.));
#19277=CARTESIAN_POINT('',(9.154700538379,2.,6.));
#19278=CARTESIAN_POINT('Origin',(6.845299461621,3.,6.));
#19279=CARTESIAN_POINT('',(5.690598923241,2.,8.));
#19280=CARTESIAN_POINT('',(5.690598923241,2.,8.));
#19281=CARTESIAN_POINT('',(6.845299461621,2.,6.));
#19282=CARTESIAN_POINT('Origin',(5.690598923241,3.,8.));
#19283=CARTESIAN_POINT('',(6.845299461621,2.,10.));
#19284=CARTESIAN_POINT('',(6.845299461621,2.,10.));
#19285=CARTESIAN_POINT('',(5.690598923241,2.,8.));
#19286=CARTESIAN_POINT('Origin',(6.845299461621,3.,10.));
#19287=CARTESIAN_POINT('',(9.154700538379,2.,10.));
#19288=CARTESIAN_POINT('',(9.154700538379,2.,10.));
#19289=CARTESIAN_POINT('',(6.845299461621,2.,10.));
#19290=CARTESIAN_POINT('Origin',(9.154700538379,3.,10.));
#19291=CARTESIAN_POINT('',(9.154700538379,2.,10.));
#19292=CARTESIAN_POINT('Origin',(0.,2.,0.));
#19293=CARTESIAN_POINT('',(8.,2.,9.05));
#19294=CARTESIAN_POINT('Origin',(8.,2.,8.));
#19295=CARTESIAN_POINT('Origin',(8.,0.,8.));
#19296=CARTESIAN_POINT('',(8.,0.,9.05));
#19297=CARTESIAN_POINT('Origin',(-5.690598923241,3.,0.));
#19298=CARTESIAN_POINT('',(-6.845299461621,2.,-2.));
#19299=CARTESIAN_POINT('',(-6.845299461621,4.,-2.));
#19300=CARTESIAN_POINT('',(-5.690598923241,2.,0.));
#19301=CARTESIAN_POINT('',(-5.690598923241,2.,0.));
#19302=CARTESIAN_POINT('',(-5.690598923241,2.,0.));
#19303=CARTESIAN_POINT('Origin',(-6.845299461621,3.,-2.));
#19304=CARTESIAN_POINT('',(-9.154700538379,2.,-2.));
#19305=CARTESIAN_POINT('',(-9.154700538379,2.,-2.));
#19306=CARTESIAN_POINT('',(-6.845299461621,2.,-2.));
#19307=CARTESIAN_POINT('Origin',(-9.154700538379,3.,-2.));
#19308=CARTESIAN_POINT('',(-10.30940107676,2.,0.));
#19309=CARTESIAN_POINT('',(-10.30940107676,2.,0.));
#19310=CARTESIAN_POINT('',(-9.154700538379,2.,-2.));
#19311=CARTESIAN_POINT('Origin',(-10.30940107676,3.,0.));
#19312=CARTESIAN_POINT('',(-9.154700538379,2.,2.));
#19313=CARTESIAN_POINT('',(-9.154700538379,2.,2.));
#19314=CARTESIAN_POINT('',(-10.30940107676,2.,0.));
#19315=CARTESIAN_POINT('Origin',(-9.154700538379,3.,2.));
#19316=CARTESIAN_POINT('',(-6.845299461621,2.,2.));
#19317=CARTESIAN_POINT('',(-6.845299461621,2.,2.));
#19318=CARTESIAN_POINT('',(-9.154700538379,2.,2.));
#19319=CARTESIAN_POINT('Origin',(-6.845299461621,3.,2.));
#19320=CARTESIAN_POINT('',(-6.845299461621,2.,2.));
#19321=CARTESIAN_POINT('Origin',(0.,2.,0.));
#19322=CARTESIAN_POINT('',(-8.,2.,1.05));
#19323=CARTESIAN_POINT('Origin',(-8.,2.,0.));
#19324=CARTESIAN_POINT('Origin',(-8.,0.,0.));
#19325=CARTESIAN_POINT('',(-8.,0.,1.05));
#19326=CARTESIAN_POINT('Origin',(-5.690598923241,3.,-8.));
#19327=CARTESIAN_POINT('',(-6.845299461621,2.,-10.));
#19328=CARTESIAN_POINT('',(-6.845299461621,4.,-10.));
#19329=CARTESIAN_POINT('',(-5.690598923241,2.,-8.));
#19330=CARTESIAN_POINT('',(-5.690598923241,2.,-8.));
#19331=CARTESIAN_POINT('',(-5.690598923241,2.,-8.));
#19332=CARTESIAN_POINT('Origin',(-6.845299461621,3.,-10.));
#19333=CARTESIAN_POINT('',(-9.154700538379,2.,-10.));
#19334=CARTESIAN_POINT('',(-9.154700538379,2.,-10.));
#19335=CARTESIAN_POINT('',(-6.845299461621,2.,-10.));
#19336=CARTESIAN_POINT('Origin',(-9.154700538379,3.,-10.));
#19337=CARTESIAN_POINT('',(-10.30940107676,2.,-8.));
#19338=CARTESIAN_POINT('',(-10.30940107676,2.,-8.));
#19339=CARTESIAN_POINT('',(-9.154700538379,2.,-10.));
#19340=CARTESIAN_POINT('Origin',(-10.30940107676,3.,-8.));
#19341=CARTESIAN_POINT('',(-9.154700538379,2.,-6.));
#19342=CARTESIAN_POINT('',(-9.154700538379,2.,-6.));
#19343=CARTESIAN_POINT('',(-10.30940107676,2.,-8.));
#19344=CARTESIAN_POINT('Origin',(-9.154700538379,3.,-6.));
#19345=CARTESIAN_POINT('',(-6.845299461621,2.,-6.));
#19346=CARTESIAN_POINT('',(-6.845299461621,2.,-6.));
#19347=CARTESIAN_POINT('',(-9.154700538379,2.,-6.));
#19348=CARTESIAN_POINT('Origin',(-6.845299461621,3.,-6.));
#19349=CARTESIAN_POINT('',(-6.845299461621,2.,-6.));
#19350=CARTESIAN_POINT('Origin',(0.,2.,0.));
#19351=CARTESIAN_POINT('',(-8.,2.,-6.95));
#19352=CARTESIAN_POINT('Origin',(-8.,2.,-8.));
#19353=CARTESIAN_POINT('Origin',(-8.,0.,-8.));
#19354=CARTESIAN_POINT('',(-8.,0.,-6.95));
#19355=CARTESIAN_POINT('Origin',(-5.690598923241,3.,8.));
#19356=CARTESIAN_POINT('',(-6.845299461621,2.,6.));
#19357=CARTESIAN_POINT('',(-6.845299461621,4.,6.));
#19358=CARTESIAN_POINT('',(-5.690598923241,2.,8.));
#19359=CARTESIAN_POINT('',(-5.690598923241,2.,8.));
#19360=CARTESIAN_POINT('',(-5.690598923241,2.,8.));
#19361=CARTESIAN_POINT('Origin',(-6.845299461621,3.,6.));
#19362=CARTESIAN_POINT('',(-9.154700538379,2.,6.));
#19363=CARTESIAN_POINT('',(-9.154700538379,2.,6.));
#19364=CARTESIAN_POINT('',(-6.845299461621,2.,6.));
#19365=CARTESIAN_POINT('Origin',(-9.154700538379,3.,6.));
#19366=CARTESIAN_POINT('',(-10.30940107676,2.,8.));
#19367=CARTESIAN_POINT('',(-10.30940107676,2.,8.));
#19368=CARTESIAN_POINT('',(-9.154700538379,2.,6.));
#19369=CARTESIAN_POINT('Origin',(-10.30940107676,3.,8.));
#19370=CARTESIAN_POINT('',(-9.154700538379,2.,10.));
#19371=CARTESIAN_POINT('',(-9.154700538379,2.,10.));
#19372=CARTESIAN_POINT('',(-10.30940107676,2.,8.));
#19373=CARTESIAN_POINT('Origin',(-9.154700538379,3.,10.));
#19374=CARTESIAN_POINT('',(-6.845299461621,2.,10.));
#19375=CARTESIAN_POINT('',(-6.845299461621,2.,10.));
#19376=CARTESIAN_POINT('',(-9.154700538379,2.,10.));
#19377=CARTESIAN_POINT('Origin',(-6.845299461621,3.,10.));
#19378=CARTESIAN_POINT('',(-6.845299461621,2.,10.));
#19379=CARTESIAN_POINT('Origin',(0.,2.,0.));
#19380=CARTESIAN_POINT('',(-8.,2.,9.05));
#19381=CARTESIAN_POINT('Origin',(-8.,2.,8.));
#19382=CARTESIAN_POINT('Origin',(-8.,0.,8.));
#19383=CARTESIAN_POINT('',(-8.,0.,9.05));
#19384=CARTESIAN_POINT('Origin',(-4.5,0.,-16.));
#19385=CARTESIAN_POINT('',(-4.5,3.,15.));
#19386=CARTESIAN_POINT('',(-4.5,3.,8.337822173509));
#19387=CARTESIAN_POINT('',(-4.5,3.,15.));
#19388=CARTESIAN_POINT('',(-4.5,4.,16.));
#19389=CARTESIAN_POINT('',(-4.5,3.,15.));
#19390=CARTESIAN_POINT('',(-4.5,6.1,16.));
#19391=CARTESIAN_POINT('',(-4.5,4.,16.));
#19392=CARTESIAN_POINT('',(-4.5,4.3,14.2));
#19393=CARTESIAN_POINT('',(-4.5,6.1,16.));
#19394=CARTESIAN_POINT('',(-4.5,4.3,-14.2));
#19395=CARTESIAN_POINT('',(-4.5,4.3,14.2));
#19396=CARTESIAN_POINT('',(-4.5,6.1,-16.));
#19397=CARTESIAN_POINT('',(-4.5,4.3,-14.2));
#19398=CARTESIAN_POINT('',(-4.5,4.,-16.));
#19399=CARTESIAN_POINT('',(-4.5,4.,-16.));
#19400=CARTESIAN_POINT('',(-4.5,3.,-15.));
#19401=CARTESIAN_POINT('',(-4.5,4.,-16.));
#19402=CARTESIAN_POINT('',(-4.5,3.,-8.337822173509));
#19403=CARTESIAN_POINT('',(-4.5,3.,-8.337822173509));
#19404=CARTESIAN_POINT('',(-4.5,3.,-8.337822173509));
#19405=CARTESIAN_POINT('',(-4.5,3.,-7.662177826491));
#19406=CARTESIAN_POINT('',(-4.5,3.,-7.662177826491));
#19407=CARTESIAN_POINT('',(-4.5,3.,-0.3378221735089));
#19408=CARTESIAN_POINT('',(-4.5,3.,-0.3378221735089));
#19409=CARTESIAN_POINT('',(-4.5,3.,-0.3378221735089));
#19410=CARTESIAN_POINT('',(-4.5,3.,0.3378221735089));
#19411=CARTESIAN_POINT('',(-4.5,3.,0.3378221735089));
#19412=CARTESIAN_POINT('',(-4.5,3.,7.662177826491));
#19413=CARTESIAN_POINT('',(-4.5,3.,7.662177826491));
#19414=CARTESIAN_POINT('',(-4.5,3.,7.662177826491));
#19415=CARTESIAN_POINT('',(-4.5,3.,8.337822173509));
#19416=CARTESIAN_POINT('Origin',(0.,3.,0.));
#19417=CARTESIAN_POINT('',(-6.152479138593,3.,11.2));
#19418=CARTESIAN_POINT('',(-6.152479138593,3.,11.2));
#19419=CARTESIAN_POINT('',(-9.847520861407,3.,11.2));
#19420=CARTESIAN_POINT('',(-9.847520861407,3.,11.2));
#19421=CARTESIAN_POINT('',(-11.5,3.,8.337822173509));
#19422=CARTESIAN_POINT('',(-11.5,3.,8.337822173509));
#19423=CARTESIAN_POINT('',(-11.5,3.,15.));
#19424=CARTESIAN_POINT('',(-11.5,3.,15.));
#19425=CARTESIAN_POINT('',(-11.5,3.,15.));
#19426=CARTESIAN_POINT('Origin',(0.,3.,0.));
#19427=CARTESIAN_POINT('',(-6.152479138593,3.,3.2));
#19428=CARTESIAN_POINT('',(-6.152479138593,3.,3.2));
#19429=CARTESIAN_POINT('',(-9.847520861407,3.,3.2));
#19430=CARTESIAN_POINT('',(-9.847520861407,3.,3.2));
#19431=CARTESIAN_POINT('',(-11.5,3.,0.3378221735089));
#19432=CARTESIAN_POINT('',(-11.5,3.,0.3378221735089));
#19433=CARTESIAN_POINT('',(-11.5,3.,7.662177826491));
#19434=CARTESIAN_POINT('',(-11.5,3.,7.662177826491));
#19435=CARTESIAN_POINT('',(-9.847520861407,3.,4.8));
#19436=CARTESIAN_POINT('',(-9.847520861407,3.,4.8));
#19437=CARTESIAN_POINT('',(-6.152479138593,3.,4.8));
#19438=CARTESIAN_POINT('',(-6.152479138593,3.,4.8));
#19439=CARTESIAN_POINT('',(-4.5,3.,7.662177826491));
#19440=CARTESIAN_POINT('Origin',(0.,3.,0.));
#19441=CARTESIAN_POINT('',(-6.152479138593,3.,-4.8));
#19442=CARTESIAN_POINT('',(-6.152479138593,3.,-4.8));
#19443=CARTESIAN_POINT('',(-9.847520861407,3.,-4.8));
#19444=CARTESIAN_POINT('',(-9.847520861407,3.,-4.8));
#19445=CARTESIAN_POINT('',(-11.5,3.,-7.662177826491));
#19446=CARTESIAN_POINT('',(-11.5,3.,-7.662177826491));
#19447=CARTESIAN_POINT('',(-11.5,3.,-0.3378221735089));
#19448=CARTESIAN_POINT('',(-11.5,3.,-0.3378221735089));
#19449=CARTESIAN_POINT('',(-9.847520861407,3.,-3.2));
#19450=CARTESIAN_POINT('',(-9.847520861407,3.,-3.2));
#19451=CARTESIAN_POINT('',(-6.152479138593,3.,-3.2));
#19452=CARTESIAN_POINT('',(-6.152479138593,3.,-3.2));
#19453=CARTESIAN_POINT('',(-4.5,3.,-0.3378221735089));
#19454=CARTESIAN_POINT('Origin',(0.,3.,0.));
#19455=CARTESIAN_POINT('',(-11.5,3.,-15.));
#19456=CARTESIAN_POINT('',(-11.5,3.,-15.));
#19457=CARTESIAN_POINT('',(-11.5,3.,-8.337822173509));
#19458=CARTESIAN_POINT('',(-11.5,3.,-8.337822173509));
#19459=CARTESIAN_POINT('',(-9.847520861407,3.,-11.2));
#19460=CARTESIAN_POINT('',(-9.847520861407,3.,-11.2));
#19461=CARTESIAN_POINT('',(-6.152479138593,3.,-11.2));
#19462=CARTESIAN_POINT('',(-6.152479138593,3.,-11.2));
#19463=CARTESIAN_POINT('',(-4.5,3.,-8.337822173509));
#19464=CARTESIAN_POINT('Origin',(0.,3.,0.));
#19465=CARTESIAN_POINT('',(3.5,3.,15.));
#19466=CARTESIAN_POINT('',(3.5,3.,8.337822173509));
#19467=CARTESIAN_POINT('',(3.5,3.,15.));
#19468=CARTESIAN_POINT('',(1.847520861407,3.,11.2));
#19469=CARTESIAN_POINT('',(1.847520861407,3.,11.2));
#19470=CARTESIAN_POINT('',(-1.847520861407,3.,11.2));
#19471=CARTESIAN_POINT('',(-1.847520861407,3.,11.2));
#19472=CARTESIAN_POINT('',(-3.5,3.,8.337822173509));
#19473=CARTESIAN_POINT('',(-3.5,3.,8.337822173509));
#19474=CARTESIAN_POINT('',(-3.5,3.,15.));
#19475=CARTESIAN_POINT('',(-3.5,3.,15.));
#19476=CARTESIAN_POINT('',(-3.5,3.,15.));
#19477=CARTESIAN_POINT('Origin',(0.,3.,0.));
#19478=CARTESIAN_POINT('',(3.5,3.,-8.337822173509));
#19479=CARTESIAN_POINT('',(3.5,3.,-15.));
#19480=CARTESIAN_POINT('',(3.5,3.,-8.337822173509));
#19481=CARTESIAN_POINT('',(-3.5,3.,-15.));
#19482=CARTESIAN_POINT('',(-3.5,3.,-15.));
#19483=CARTESIAN_POINT('',(-3.5,3.,-8.337822173509));
#19484=CARTESIAN_POINT('',(-3.5,3.,-8.337822173509));
#19485=CARTESIAN_POINT('',(-1.847520861407,3.,-11.2));
#19486=CARTESIAN_POINT('',(-1.847520861407,3.,-11.2));
#19487=CARTESIAN_POINT('',(1.847520861407,3.,-11.2));
#19488=CARTESIAN_POINT('',(1.847520861407,3.,-11.2));
#19489=CARTESIAN_POINT('',(3.5,3.,-8.337822173509));
#19490=CARTESIAN_POINT('Origin',(0.,3.,0.));
#19491=CARTESIAN_POINT('',(4.5,3.,15.));
#19492=CARTESIAN_POINT('',(4.5,3.,8.337822173509));
#19493=CARTESIAN_POINT('',(4.5,3.,15.));
#19494=CARTESIAN_POINT('',(11.5,3.,15.));
#19495=CARTESIAN_POINT('',(4.5,3.,15.));
#19496=CARTESIAN_POINT('',(11.5,3.,8.337822173509));
#19497=CARTESIAN_POINT('',(11.5,3.,15.));
#19498=CARTESIAN_POINT('',(9.847520861407,3.,11.2));
#19499=CARTESIAN_POINT('',(9.847520861407,3.,11.2));
#19500=CARTESIAN_POINT('',(6.152479138593,3.,11.2));
#19501=CARTESIAN_POINT('',(6.152479138593,3.,11.2));
#19502=CARTESIAN_POINT('',(4.5,3.,8.337822173509));
#19503=CARTESIAN_POINT('Origin',(0.,3.,0.));
#19504=CARTESIAN_POINT('',(4.5,3.,7.662177826491));
#19505=CARTESIAN_POINT('',(4.5,3.,0.3378221735089));
#19506=CARTESIAN_POINT('',(4.5,3.,7.662177826491));
#19507=CARTESIAN_POINT('',(6.152479138593,3.,4.8));
#19508=CARTESIAN_POINT('',(6.152479138593,3.,4.8));
#19509=CARTESIAN_POINT('',(9.847520861407,3.,4.8));
#19510=CARTESIAN_POINT('',(9.847520861407,3.,4.8));
#19511=CARTESIAN_POINT('',(11.5,3.,7.662177826491));
#19512=CARTESIAN_POINT('',(11.5,3.,7.662177826491));
#19513=CARTESIAN_POINT('',(11.5,3.,0.3378221735089));
#19514=CARTESIAN_POINT('',(11.5,3.,7.662177826491));
#19515=CARTESIAN_POINT('',(9.847520861407,3.,3.2));
#19516=CARTESIAN_POINT('',(9.847520861407,3.,3.2));
#19517=CARTESIAN_POINT('',(6.152479138593,3.,3.2));
#19518=CARTESIAN_POINT('',(6.152479138593,3.,3.2));
#19519=CARTESIAN_POINT('',(4.5,3.,0.3378221735089));
#19520=CARTESIAN_POINT('Origin',(0.,3.,0.));
#19521=CARTESIAN_POINT('',(4.5,3.,-0.3378221735089));
#19522=CARTESIAN_POINT('',(4.5,3.,-7.662177826491));
#19523=CARTESIAN_POINT('',(4.5,3.,-0.3378221735089));
#19524=CARTESIAN_POINT('',(6.152479138593,3.,-3.2));
#19525=CARTESIAN_POINT('',(6.152479138593,3.,-3.2));
#19526=CARTESIAN_POINT('',(9.847520861407,3.,-3.2));
#19527=CARTESIAN_POINT('',(9.847520861407,3.,-3.2));
#19528=CARTESIAN_POINT('',(11.5,3.,-0.3378221735089));
#19529=CARTESIAN_POINT('',(11.5,3.,-0.3378221735089));
#19530=CARTESIAN_POINT('',(11.5,3.,-7.662177826491));
#19531=CARTESIAN_POINT('',(11.5,3.,-0.3378221735089));
#19532=CARTESIAN_POINT('',(9.847520861407,3.,-4.8));
#19533=CARTESIAN_POINT('',(9.847520861407,3.,-4.8));
#19534=CARTESIAN_POINT('',(6.152479138593,3.,-4.8));
#19535=CARTESIAN_POINT('',(6.152479138593,3.,-4.8));
#19536=CARTESIAN_POINT('',(4.5,3.,-7.662177826491));
#19537=CARTESIAN_POINT('Origin',(0.,3.,0.));
#19538=CARTESIAN_POINT('',(4.5,3.,-8.337822173509));
#19539=CARTESIAN_POINT('',(4.5,3.,-15.));
#19540=CARTESIAN_POINT('',(4.5,3.,-8.337822173509));
#19541=CARTESIAN_POINT('',(6.152479138593,3.,-11.2));
#19542=CARTESIAN_POINT('',(6.152479138593,3.,-11.2));
#19543=CARTESIAN_POINT('',(9.847520861407,3.,-11.2));
#19544=CARTESIAN_POINT('',(9.847520861407,3.,-11.2));
#19545=CARTESIAN_POINT('',(11.5,3.,-8.337822173509));
#19546=CARTESIAN_POINT('',(11.5,3.,-8.337822173509));
#19547=CARTESIAN_POINT('',(11.5,3.,-15.));
#19548=CARTESIAN_POINT('',(11.5,3.,-8.337822173509));
#19549=CARTESIAN_POINT('',(4.5,3.,-15.));
#19550=CARTESIAN_POINT('Origin',(0.,3.,0.));
#19551=CARTESIAN_POINT('',(-3.5,3.,6.));
#19552=CARTESIAN_POINT('',(-2.540341184434,3.,6.));
#19553=CARTESIAN_POINT('',(-3.5,3.,6.));
#19554=CARTESIAN_POINT('',(-3.5,3.,7.662177826491));
#19555=CARTESIAN_POINT('',(-3.5,3.,7.662177826491));
#19556=CARTESIAN_POINT('',(-2.540341184434,3.,6.));
#19557=CARTESIAN_POINT('Origin',(0.,3.,0.));
#19558=CARTESIAN_POINT('',(2.540341184434,3.,6.));
#19559=CARTESIAN_POINT('',(3.5,3.,6.));
#19560=CARTESIAN_POINT('',(2.540341184434,3.,6.));
#19561=CARTESIAN_POINT('',(3.5,3.,7.662177826491));
#19562=CARTESIAN_POINT('',(3.5,3.,7.662177826491));
#19563=CARTESIAN_POINT('',(3.5,3.,7.662177826491));
#19564=CARTESIAN_POINT('Origin',(0.,3.,0.));
#19565=CARTESIAN_POINT('',(3.5,3.,-6.));
#19566=CARTESIAN_POINT('',(2.540341184434,3.,-6.));
#19567=CARTESIAN_POINT('',(3.5,3.,-6.));
#19568=CARTESIAN_POINT('',(3.5,3.,-7.662177826491));
#19569=CARTESIAN_POINT('',(3.5,3.,-6.));
#19570=CARTESIAN_POINT('',(2.540341184434,3.,-6.));
#19571=CARTESIAN_POINT('Origin',(0.,3.,0.));
#19572=CARTESIAN_POINT('',(-2.540341184434,3.,-6.));
#19573=CARTESIAN_POINT('',(-3.5,3.,-6.));
#19574=CARTESIAN_POINT('',(-2.540341184434,3.,-6.));
#19575=CARTESIAN_POINT('',(-3.5,3.,-7.662177826491));
#19576=CARTESIAN_POINT('',(-3.5,3.,-7.662177826491));
#19577=CARTESIAN_POINT('',(-3.5,3.,-6.));
#19578=CARTESIAN_POINT('Origin',(-12.5,3.,15.));
#19579=CARTESIAN_POINT('',(-11.5,4.,16.));
#19580=CARTESIAN_POINT('',(-11.5,3.,15.));
#19581=CARTESIAN_POINT('',(-4.5,4.,16.));
#19582=CARTESIAN_POINT('Origin',(-12.5,3.,15.));
#19583=CARTESIAN_POINT('',(4.5,4.,16.));
#19584=CARTESIAN_POINT('',(4.5,3.,15.));
#19585=CARTESIAN_POINT('',(11.5,4.,16.));
#19586=CARTESIAN_POINT('',(11.5,4.,16.));
#19587=CARTESIAN_POINT('',(11.5,3.,15.));
#19588=CARTESIAN_POINT('Origin',(-12.5,3.,15.));
#19589=CARTESIAN_POINT('',(-3.5,3.5,15.5));
#19590=CARTESIAN_POINT('',(3.5,3.5,15.5));
#19591=CARTESIAN_POINT('',(-3.5,3.5,15.5));
#19592=CARTESIAN_POINT('',(3.5,3.,15.));
#19593=CARTESIAN_POINT('',(-3.5,3.,15.));
#19594=CARTESIAN_POINT('Origin',(12.5,3.,16.));
#19595=CARTESIAN_POINT('',(-12.4,6.1,16.));
#19596=CARTESIAN_POINT('',(-9.5,9.,16.));
#19597=CARTESIAN_POINT('',(-12.4,6.1,16.));
#19598=CARTESIAN_POINT('',(-6.5,9.,16.));
#19599=CARTESIAN_POINT('',(-6.5,9.,16.));
#19600=CARTESIAN_POINT('',(-3.6,6.1,16.));
#19601=CARTESIAN_POINT('',(-6.5,9.,16.));
#19602=CARTESIAN_POINT('',(-3.6,6.1,16.));
#19603=CARTESIAN_POINT('',(-11.5,6.1,16.));
#19604=CARTESIAN_POINT('',(-11.5,4.,16.));
#19605=CARTESIAN_POINT('',(-12.4,6.1,16.));
#19606=CARTESIAN_POINT('',(-8.,6.55,16.));
#19607=CARTESIAN_POINT('Origin',(-8.,5.5,16.));
#19608=CARTESIAN_POINT('Origin',(12.5,3.,16.));
#19609=CARTESIAN_POINT('',(3.6,6.1,16.));
#19610=CARTESIAN_POINT('',(6.5,9.,16.));
#19611=CARTESIAN_POINT('',(3.6,6.1,16.));
#19612=CARTESIAN_POINT('',(9.5,9.,16.));
#19613=CARTESIAN_POINT('',(9.5,9.,16.));
#19614=CARTESIAN_POINT('',(12.4,6.1,16.));
#19615=CARTESIAN_POINT('',(9.5,9.,16.));
#19616=CARTESIAN_POINT('',(11.5,6.1,16.));
#19617=CARTESIAN_POINT('',(12.4,6.1,16.));
#19618=CARTESIAN_POINT('',(11.5,4.,16.));
#19619=CARTESIAN_POINT('',(4.5,6.1,16.));
#19620=CARTESIAN_POINT('',(4.5,4.,16.));
#19621=CARTESIAN_POINT('',(3.6,6.1,16.));
#19622=CARTESIAN_POINT('',(8.,6.55,16.));
#19623=CARTESIAN_POINT('Origin',(8.,5.5,16.));
#19624=CARTESIAN_POINT('Origin',(8.,5.5,19.));
#19625=CARTESIAN_POINT('',(8.,6.55,17.6));
#19626=CARTESIAN_POINT('',(8.,6.55,19.));
#19627=CARTESIAN_POINT('Origin',(8.,5.5,17.6));
#19628=CARTESIAN_POINT('Origin',(8.,5.5,19.));
#19629=CARTESIAN_POINT('',(8.,6.55,-17.6));
#19630=CARTESIAN_POINT('Origin',(8.,5.5,-17.6));
#19631=CARTESIAN_POINT('',(8.,6.55,-16.));
#19632=CARTESIAN_POINT('',(8.,6.55,19.));
#19633=CARTESIAN_POINT('Origin',(8.,5.5,-16.));
#19634=CARTESIAN_POINT('Origin',(0.,0.,17.6));
#19635=CARTESIAN_POINT('',(6.1,5.5,17.6));
#19636=CARTESIAN_POINT('Origin',(8.,5.5,17.6));
#19637=CARTESIAN_POINT('Origin',(0.,0.,17.6));
#19638=CARTESIAN_POINT('',(-9.9,5.5,17.6));
#19639=CARTESIAN_POINT('Origin',(-8.,5.5,17.6));
#19640=CARTESIAN_POINT('',(-8.,6.55,17.6));
#19641=CARTESIAN_POINT('Origin',(-8.,5.5,17.6));
#19642=CARTESIAN_POINT('Origin',(8.,5.5,19.));
#19643=CARTESIAN_POINT('',(6.1,5.5,19.));
#19644=CARTESIAN_POINT('',(6.1,5.5,19.));
#19645=CARTESIAN_POINT('Origin',(8.,5.5,19.));
#19646=CARTESIAN_POINT('Origin',(-12.5,0.,19.));
#19647=CARTESIAN_POINT('',(-9.5,9.,19.));
#19648=CARTESIAN_POINT('',(-12.5,6.,19.));
#19649=CARTESIAN_POINT('',(-9.5,9.,19.));
#19650=CARTESIAN_POINT('',(-12.5,2.,19.));
#19651=CARTESIAN_POINT('',(-12.5,2.,19.));
#19652=CARTESIAN_POINT('',(-3.5,2.,19.));
#19653=CARTESIAN_POINT('',(-12.5,2.,19.));
#19654=CARTESIAN_POINT('',(-0.9,2.,19.));
#19655=CARTESIAN_POINT('',(-0.9,2.,19.));
#19656=CARTESIAN_POINT('',(2.1,3.,19.));
#19657=CARTESIAN_POINT('',(2.1,3.,19.));
#19658=CARTESIAN_POINT('',(2.1,6.,19.));
#19659=CARTESIAN_POINT('',(2.1,6.,19.));
#19660=CARTESIAN_POINT('',(-0.9,7.,19.));
#19661=CARTESIAN_POINT('',(-0.9,7.,19.));
#19662=CARTESIAN_POINT('',(-4.5,7.,19.));
#19663=CARTESIAN_POINT('',(-0.9,7.,19.));
#19664=CARTESIAN_POINT('',(-6.5,9.,19.));
#19665=CARTESIAN_POINT('',(-4.5,7.,19.));
#19666=CARTESIAN_POINT('',(-9.5,9.,19.));
#19667=CARTESIAN_POINT('',(-9.9,5.5,19.));
#19668=CARTESIAN_POINT('Origin',(-8.,5.5,19.));
#19669=CARTESIAN_POINT('Origin',(-12.5,0.,19.));
#19670=CARTESIAN_POINT('',(6.5,9.,19.));
#19671=CARTESIAN_POINT('',(3.5,6.,19.));
#19672=CARTESIAN_POINT('',(6.5,9.,19.));
#19673=CARTESIAN_POINT('',(3.5,2.,19.));
#19674=CARTESIAN_POINT('',(3.5,2.,19.));
#19675=CARTESIAN_POINT('',(12.5,2.,19.));
#19676=CARTESIAN_POINT('',(3.5,2.,19.));
#19677=CARTESIAN_POINT('',(12.5,6.,19.));
#19678=CARTESIAN_POINT('',(12.5,6.,19.));
#19679=CARTESIAN_POINT('',(9.5,9.,19.));
#19680=CARTESIAN_POINT('',(12.5,6.,19.));
#19681=CARTESIAN_POINT('',(6.5,9.,19.));
#19682=CARTESIAN_POINT('Origin',(-8.,5.5,19.));
#19683=CARTESIAN_POINT('',(-9.9,5.5,19.));
#19684=CARTESIAN_POINT('Origin',(-11.,7.5,17.5));
#19685=CARTESIAN_POINT('',(-9.5,9.,16.));
#19686=CARTESIAN_POINT('',(-12.5,6.,15.9));
#19687=CARTESIAN_POINT('',(-12.5,6.,15.9));
#19688=CARTESIAN_POINT('',(-12.5,6.,15.9));
#19689=CARTESIAN_POINT('Origin',(-12.5,0.,-19.));
#19690=CARTESIAN_POINT('',(-12.5,4.3,14.2));
#19691=CARTESIAN_POINT('',(-12.5,4.3,14.2));
#19692=CARTESIAN_POINT('',(-12.5,4.3,-14.2));
#19693=CARTESIAN_POINT('',(-12.5,4.3,-14.2));
#19694=CARTESIAN_POINT('',(-12.5,6.,-15.9));
#19695=CARTESIAN_POINT('',(-12.5,6.,-15.9));
#19696=CARTESIAN_POINT('',(-12.5,6.,-19.));
#19697=CARTESIAN_POINT('',(-12.5,6.,-19.));
#19698=CARTESIAN_POINT('',(-12.5,2.,-19.));
#19699=CARTESIAN_POINT('',(-12.5,6.,-19.));
#19700=CARTESIAN_POINT('',(-12.5,0.,-17.));
#19701=CARTESIAN_POINT('',(-12.5,0.,17.));
#19702=CARTESIAN_POINT('Origin',(-12.5,0.,17.));
#19703=CARTESIAN_POINT('',(3.5,0.,17.));
#19704=CARTESIAN_POINT('',(12.5,0.,17.));
#19705=CARTESIAN_POINT('Origin',(-12.5,0.,17.));
#19706=CARTESIAN_POINT('',(-3.5,0.,17.));
#19707=CARTESIAN_POINT('Origin',(3.5,0.,19.));
#19708=CARTESIAN_POINT('',(3.5,6.,15.9));
#19709=CARTESIAN_POINT('',(3.5,6.,15.9));
#19710=CARTESIAN_POINT('',(3.5,4.3,14.2));
#19711=CARTESIAN_POINT('',(3.5,6.,15.9));
#19712=CARTESIAN_POINT('',(3.5,4.3,6.));
#19713=CARTESIAN_POINT('',(3.5,4.3,14.2));
#19714=CARTESIAN_POINT('',(3.5,3.,6.));
#19715=CARTESIAN_POINT('',(3.5,3.,7.662177826491));
#19716=CARTESIAN_POINT('',(3.5,3.,8.337822173509));
#19717=CARTESIAN_POINT('',(3.5,3.5,16.));
#19718=CARTESIAN_POINT('',(3.5,3.5,16.));
#19719=CARTESIAN_POINT('',(3.5,0.,16.));
#19720=CARTESIAN_POINT('Origin',(3.5,0.,19.));
#19721=CARTESIAN_POINT('',(3.5,6.,-19.));
#19722=CARTESIAN_POINT('',(3.5,6.,-15.9));
#19723=CARTESIAN_POINT('',(3.5,6.,-19.));
#19724=CARTESIAN_POINT('',(3.5,2.,-19.));
#19725=CARTESIAN_POINT('',(3.5,2.,-19.));
#19726=CARTESIAN_POINT('',(3.5,0.,-17.));
#19727=CARTESIAN_POINT('',(3.5,3.5,-16.));
#19728=CARTESIAN_POINT('',(3.5,3.5,-16.));
#19729=CARTESIAN_POINT('',(3.5,3.5,-15.5));
#19730=CARTESIAN_POINT('',(3.5,3.5,-15.5));
#19731=CARTESIAN_POINT('',(3.5,3.5,-15.5));
#19732=CARTESIAN_POINT('',(3.5,3.,-8.337822173509));
#19733=CARTESIAN_POINT('',(3.5,3.,-7.662177826491));
#19734=CARTESIAN_POINT('',(3.5,4.3,-6.));
#19735=CARTESIAN_POINT('',(3.5,3.,-6.));
#19736=CARTESIAN_POINT('',(3.5,4.3,-14.2));
#19737=CARTESIAN_POINT('',(3.5,4.3,-6.));
#19738=CARTESIAN_POINT('',(3.5,4.3,-14.2));
#19739=CARTESIAN_POINT('Origin',(5.,7.5,17.5));
#19740=CARTESIAN_POINT('',(6.5,9.,16.));
#19741=CARTESIAN_POINT('',(3.5,6.,15.9));
#19742=CARTESIAN_POINT('Origin',(3.5,6.1,16.));
#19743=CARTESIAN_POINT('',(4.5,4.3,14.2));
#19744=CARTESIAN_POINT('',(4.5,6.1,16.));
#19745=CARTESIAN_POINT('',(3.5,4.3,14.2));
#19746=CARTESIAN_POINT('Origin',(-3.5,4.3,14.2));
#19747=CARTESIAN_POINT('',(-3.5,4.3,-6.));
#19748=CARTESIAN_POINT('',(3.5,4.3,-6.));
#19749=CARTESIAN_POINT('',(-3.5,4.3,-14.2));
#19750=CARTESIAN_POINT('',(-3.5,4.3,-6.));
#19751=CARTESIAN_POINT('',(-3.5,4.3,-14.2));
#19752=CARTESIAN_POINT('',(-3.5,4.3,14.2));
#19753=CARTESIAN_POINT('',(-3.5,4.3,14.2));
#19754=CARTESIAN_POINT('',(-3.5,4.3,6.));
#19755=CARTESIAN_POINT('',(-3.5,4.3,14.2));
#19756=CARTESIAN_POINT('',(-3.5,4.3,6.));
#19757=CARTESIAN_POINT('',(4.5,4.3,-14.2));
#19758=CARTESIAN_POINT('',(4.5,4.3,14.2));
#19759=CARTESIAN_POINT('',(3.5,4.3,-14.2));
#19760=CARTESIAN_POINT('',(-3.,4.3,4.95));
#19761=CARTESIAN_POINT('',(3.,4.3,4.95));
#19762=CARTESIAN_POINT('',(-3.,4.3,4.95));
#19763=CARTESIAN_POINT('',(-3.,4.3,-4.95));
#19764=CARTESIAN_POINT('',(-3.,4.3,-4.95));
#19765=CARTESIAN_POINT('',(3.,4.3,-4.95));
#19766=CARTESIAN_POINT('',(3.,4.3,-4.95));
#19767=CARTESIAN_POINT('',(3.,4.3,4.95));
#19768=CARTESIAN_POINT('Origin',(-1.154700538379,3.,-6.));
#19769=CARTESIAN_POINT('',(1.154700538379,2.,-6.));
#19770=CARTESIAN_POINT('',(1.154700538379,2.,-6.));
#19771=CARTESIAN_POINT('',(-1.154700538379,2.,-6.));
#19772=CARTESIAN_POINT('',(-1.154700538379,2.,-6.));
#19773=CARTESIAN_POINT('',(-1.154700538379,2.,-6.));
#19774=CARTESIAN_POINT('',(-2.540341184434,3.,-6.));
#19775=CARTESIAN_POINT('',(-3.5,3.,-6.));
#19776=CARTESIAN_POINT('',(2.540341184434,3.,-6.));
#19777=CARTESIAN_POINT('Origin',(1.154700538379,3.,-6.));
#19778=CARTESIAN_POINT('',(2.309401076759,2.,-8.));
#19779=CARTESIAN_POINT('',(2.309401076759,2.,-8.));
#19780=CARTESIAN_POINT('',(1.154700538379,2.,-6.));
#19781=CARTESIAN_POINT('Origin',(0.,2.,0.));
#19782=CARTESIAN_POINT('',(1.154700538379,2.,-10.));
#19783=CARTESIAN_POINT('',(-1.154700538379,2.,-10.));
#19784=CARTESIAN_POINT('',(1.154700538379,2.,-10.));
#19785=CARTESIAN_POINT('',(-2.309401076759,2.,-8.));
#19786=CARTESIAN_POINT('',(-1.154700538379,2.,-10.));
#19787=CARTESIAN_POINT('',(-2.309401076759,2.,-8.));
#19788=CARTESIAN_POINT('',(2.309401076759,2.,-8.));
#19789=CARTESIAN_POINT('',(0.,2.,-6.95));
#19790=CARTESIAN_POINT('Origin',(0.,2.,-8.));
#19791=CARTESIAN_POINT('Origin',(1.154700538379,3.,-10.));
#19792=CARTESIAN_POINT('',(-1.154700538379,2.,-10.));
#19793=CARTESIAN_POINT('',(1.154700538379,4.,-10.));
#19794=CARTESIAN_POINT('Origin',(-1.154700538379,3.,-10.));
#19795=CARTESIAN_POINT('',(-2.309401076759,2.,-8.));
#19796=CARTESIAN_POINT('Origin',(-2.309401076759,3.,-8.));
#19797=CARTESIAN_POINT('Origin',(2.309401076759,3.,-8.));
#19798=CARTESIAN_POINT('Origin',(0.,0.,-8.));
#19799=CARTESIAN_POINT('',(-1.28587913910472E-16,0.,-6.95));
#19800=CARTESIAN_POINT('Origin',(1.847520861407,3.,-4.8));
#19801=CARTESIAN_POINT('Origin',(-3.5,9.,19.));
#19802=CARTESIAN_POINT('',(-3.5,6.,17.8));
#19803=CARTESIAN_POINT('',(-3.5,6.,15.9));
#19804=CARTESIAN_POINT('',(-3.5,6.,17.8));
#19805=CARTESIAN_POINT('',(-3.5,2.,17.8));
#19806=CARTESIAN_POINT('',(-3.5,6.,17.8));
#19807=CARTESIAN_POINT('',(-3.5,2.,19.));
#19808=CARTESIAN_POINT('',(-3.5,3.5,16.));
#19809=CARTESIAN_POINT('',(-3.5,3.5,16.));
#19810=CARTESIAN_POINT('',(-3.5,3.5,16.));
#19811=CARTESIAN_POINT('',(-3.5,3.,8.337822173509));
#19812=CARTESIAN_POINT('',(-3.5,3.,7.662177826491));
#19813=CARTESIAN_POINT('',(-3.5,3.,6.));
#19814=CARTESIAN_POINT('',(-3.5,6.,15.9));
#19815=CARTESIAN_POINT('Origin',(-3.5,9.,19.));
#19816=CARTESIAN_POINT('',(-3.5,6.,-15.9));
#19817=CARTESIAN_POINT('',(-3.5,6.,-17.8));
#19818=CARTESIAN_POINT('',(-3.5,6.,-15.9));
#19819=CARTESIAN_POINT('',(-3.5,4.3,-14.2));
#19820=CARTESIAN_POINT('',(-3.5,3.,-7.662177826491));
#19821=CARTESIAN_POINT('',(-3.5,3.,-8.337822173509));
#19822=CARTESIAN_POINT('',(-3.5,3.5,-15.5));
#19823=CARTESIAN_POINT('',(-3.5,3.5,-15.5));
#19824=CARTESIAN_POINT('',(-3.5,3.5,-16.));
#19825=CARTESIAN_POINT('',(-3.5,3.5,-15.5));
#19826=CARTESIAN_POINT('',(-3.5,0.,-16.));
#19827=CARTESIAN_POINT('',(-3.5,2.,-19.));
#19828=CARTESIAN_POINT('',(-3.5,0.,-17.));
#19829=CARTESIAN_POINT('',(-3.5,2.,-17.8));
#19830=CARTESIAN_POINT('',(-3.5,2.,-19.));
#19831=CARTESIAN_POINT('',(-3.5,6.,-17.8));
#19832=CARTESIAN_POINT('Origin',(-5.,7.5,16.9));
#19833=CARTESIAN_POINT('',(-6.5,9.,19.));
#19834=CARTESIAN_POINT('',(-4.5,7.,17.8));
#19835=CARTESIAN_POINT('',(-4.5,7.,17.8));
#19836=CARTESIAN_POINT('',(-3.5,6.,17.8));
#19837=CARTESIAN_POINT('',(-3.6,6.1,16.));
#19838=CARTESIAN_POINT('Origin',(-3.5,6.1,16.));
#19839=CARTESIAN_POINT('Origin',(0.,0.,17.8));
#19840=CARTESIAN_POINT('',(-0.9,7.,17.8));
#19841=CARTESIAN_POINT('',(-4.5,7.,17.8));
#19842=CARTESIAN_POINT('',(2.1,6.,17.8));
#19843=CARTESIAN_POINT('',(-0.9,7.,17.8));
#19844=CARTESIAN_POINT('',(2.1,5.5,17.8));
#19845=CARTESIAN_POINT('',(2.1,6.,17.8));
#19846=CARTESIAN_POINT('',(0.9000000000001,5.5,17.8));
#19847=CARTESIAN_POINT('',(2.1,5.5,17.8));
#19848=CARTESIAN_POINT('',(0.9000000000001,3.5,17.8));
#19849=CARTESIAN_POINT('',(0.9000000000001,5.5,17.8));
#19850=CARTESIAN_POINT('',(2.1,3.5,17.8));
#19851=CARTESIAN_POINT('',(2.1,3.5,17.8));
#19852=CARTESIAN_POINT('',(2.1,3.,17.8));
#19853=CARTESIAN_POINT('',(2.1,3.5,17.8));
#19854=CARTESIAN_POINT('',(-0.9,2.,17.8));
#19855=CARTESIAN_POINT('',(2.1,3.,17.8));
#19856=CARTESIAN_POINT('',(-0.9,2.,17.8));
#19857=CARTESIAN_POINT('Origin',(-4.9,7.,19.));
#19858=CARTESIAN_POINT('',(-0.9,7.,19.));
#19859=CARTESIAN_POINT('Origin',(-0.9,7.,19.));
#19860=CARTESIAN_POINT('',(2.1,6.,19.));
#19861=CARTESIAN_POINT('Origin',(2.1,7.,19.));
#19862=CARTESIAN_POINT('',(2.1,3.,19.));
#19863=CARTESIAN_POINT('',(2.1,5.5,17.8));
#19864=CARTESIAN_POINT('Origin',(1.5,5.5,17.8));
#19865=CARTESIAN_POINT('Origin',(1.5,5.5,17.8));
#19866=CARTESIAN_POINT('Origin',(1.5,3.5,17.8));
#19867=CARTESIAN_POINT('Origin',(0.,5.5,-17.8));
#19868=CARTESIAN_POINT('',(2.1,5.5,-17.8));
#19869=CARTESIAN_POINT('',(0.9000000000001,5.5,-17.8));
#19870=CARTESIAN_POINT('',(2.1,5.5,-17.8));
#19871=CARTESIAN_POINT('Origin',(1.5,5.5,-17.8));
#19872=CARTESIAN_POINT('Origin',(0.,5.5,-17.8));
#19873=CARTESIAN_POINT('Origin',(0.,0.,-17.8));
#19874=CARTESIAN_POINT('',(-0.9,2.,-17.8));
#19875=CARTESIAN_POINT('',(-3.5,2.,-17.8));
#19876=CARTESIAN_POINT('',(2.1,3.,-17.8));
#19877=CARTESIAN_POINT('',(-0.9,2.,-17.8));
#19878=CARTESIAN_POINT('',(2.1,3.5,-17.8));
#19879=CARTESIAN_POINT('',(2.1,3.,-17.8));
#19880=CARTESIAN_POINT('',(0.9000000000001,3.5,-17.8));
#19881=CARTESIAN_POINT('',(2.1,3.5,-17.8));
#19882=CARTESIAN_POINT('',(0.9000000000001,5.5,-17.8));
#19883=CARTESIAN_POINT('',(2.1,6.,-17.8));
#19884=CARTESIAN_POINT('',(2.1,5.5,-17.8));
#19885=CARTESIAN_POINT('',(-0.9,7.,-17.8));
#19886=CARTESIAN_POINT('',(2.1,6.,-17.8));
#19887=CARTESIAN_POINT('',(-4.5,7.,-17.8));
#19888=CARTESIAN_POINT('',(-4.5,7.,-17.8));
#19889=CARTESIAN_POINT('',(-4.5,7.,-17.8));
#19890=CARTESIAN_POINT('Origin',(-5.,7.5,-16.9));
#19891=CARTESIAN_POINT('',(-6.5,9.,-19.));
#19892=CARTESIAN_POINT('',(-4.5,7.,-19.));
#19893=CARTESIAN_POINT('',(-6.5,9.,-19.));
#19894=CARTESIAN_POINT('',(-6.5,9.,-16.));
#19895=CARTESIAN_POINT('',(-6.5,9.,-16.));
#19896=CARTESIAN_POINT('',(-3.6,6.1,-16.));
#19897=CARTESIAN_POINT('',(-3.6,6.1,-16.));
#19898=CARTESIAN_POINT('',(-3.5,6.,-15.9));
#19899=CARTESIAN_POINT('',(-4.5,7.,-19.));
#19900=CARTESIAN_POINT('Origin',(12.5,0.,-19.));
#19901=CARTESIAN_POINT('',(9.5,9.,-19.));
#19902=CARTESIAN_POINT('',(12.5,6.,-19.));
#19903=CARTESIAN_POINT('',(9.5,9.,-19.));
#19904=CARTESIAN_POINT('',(12.5,2.,-19.));
#19905=CARTESIAN_POINT('',(12.5,2.,-19.));
#19906=CARTESIAN_POINT('',(12.5,2.,-19.));
#19907=CARTESIAN_POINT('',(6.5,9.,-19.));
#19908=CARTESIAN_POINT('',(3.5,6.,-19.));
#19909=CARTESIAN_POINT('',(9.5,9.,-19.));
#19910=CARTESIAN_POINT('',(9.9,5.5,-19.));
#19911=CARTESIAN_POINT('Origin',(8.,5.5,-19.));
#19912=CARTESIAN_POINT('Origin',(12.5,0.,-19.));
#19913=CARTESIAN_POINT('',(-0.9,7.,-19.));
#19914=CARTESIAN_POINT('',(-4.5,7.,-19.));
#19915=CARTESIAN_POINT('',(2.1,6.,-19.));
#19916=CARTESIAN_POINT('',(2.1,6.,-19.));
#19917=CARTESIAN_POINT('',(2.1,3.,-19.));
#19918=CARTESIAN_POINT('',(2.1,3.,-19.));
#19919=CARTESIAN_POINT('',(-0.9,2.,-19.));
#19920=CARTESIAN_POINT('',(-0.9,2.,-19.));
#19921=CARTESIAN_POINT('',(-3.5,2.,-19.));
#19922=CARTESIAN_POINT('',(-3.5,2.,-19.));
#19923=CARTESIAN_POINT('',(-9.5,9.,-19.));
#19924=CARTESIAN_POINT('',(-12.5,6.,-19.));
#19925=CARTESIAN_POINT('',(-6.5,9.,-19.));
#19926=CARTESIAN_POINT('',(-6.1,5.5,-19.));
#19927=CARTESIAN_POINT('Origin',(-8.,5.5,-19.));
#19928=CARTESIAN_POINT('Origin',(8.,5.5,-19.));
#19929=CARTESIAN_POINT('',(9.9,5.5,-17.6));
#19930=CARTESIAN_POINT('Origin',(8.,5.5,-17.6));
#19931=CARTESIAN_POINT('',(9.9,5.5,-19.));
#19932=CARTESIAN_POINT('Origin',(0.,0.,-17.6));
#19933=CARTESIAN_POINT('',(-6.1,5.5,-17.6));
#19934=CARTESIAN_POINT('Origin',(-8.,5.5,-17.6));
#19935=CARTESIAN_POINT('',(-8.,6.55,-17.6));
#19936=CARTESIAN_POINT('Origin',(-8.,5.5,-17.6));
#19937=CARTESIAN_POINT('Origin',(0.,0.,-17.6));
#19938=CARTESIAN_POINT('Origin',(-8.,5.5,-19.));
#19939=CARTESIAN_POINT('',(-6.1,5.5,-19.));
#19940=CARTESIAN_POINT('Origin',(-12.5,3.,-16.));
#19941=CARTESIAN_POINT('',(12.4,6.1,-16.));
#19942=CARTESIAN_POINT('',(9.5,9.,-16.));
#19943=CARTESIAN_POINT('',(12.4,6.1,-16.));
#19944=CARTESIAN_POINT('',(6.5,9.,-16.));
#19945=CARTESIAN_POINT('',(6.5,9.,-16.));
#19946=CARTESIAN_POINT('',(3.6,6.1,-16.));
#19947=CARTESIAN_POINT('',(6.5,9.,-16.));
#19948=CARTESIAN_POINT('',(4.5,6.1,-16.));
#19949=CARTESIAN_POINT('',(3.6,6.1,-16.));
#19950=CARTESIAN_POINT('',(4.5,4.,-16.));
#19951=CARTESIAN_POINT('',(4.5,4.,-16.));
#19952=CARTESIAN_POINT('',(11.5,4.,-16.));
#19953=CARTESIAN_POINT('',(4.5,4.,-16.));
#19954=CARTESIAN_POINT('',(11.5,6.1,-16.));
#19955=CARTESIAN_POINT('',(11.5,4.,-16.));
#19956=CARTESIAN_POINT('',(12.4,6.1,-16.));
#19957=CARTESIAN_POINT('Origin',(-12.5,3.,-16.));
#19958=CARTESIAN_POINT('',(-9.5,9.,-16.));
#19959=CARTESIAN_POINT('',(-9.5,9.,-16.));
#19960=CARTESIAN_POINT('',(-12.4,6.1,-16.));
#19961=CARTESIAN_POINT('',(-9.5,9.,-16.));
#19962=CARTESIAN_POINT('',(-11.5,6.1,-16.));
#19963=CARTESIAN_POINT('',(-12.4,6.1,-16.));
#19964=CARTESIAN_POINT('',(-11.5,4.,-16.));
#19965=CARTESIAN_POINT('',(-11.5,4.,-16.));
#19966=CARTESIAN_POINT('',(-11.5,4.,-16.));
#19967=CARTESIAN_POINT('',(-3.6,6.1,-16.));
#19968=CARTESIAN_POINT('',(-8.,6.55,-16.));
#19969=CARTESIAN_POINT('Origin',(-8.,5.5,-16.));
#19970=CARTESIAN_POINT('Origin',(-8.,5.5,19.));
#19971=CARTESIAN_POINT('',(-8.,6.55,19.));
#19972=CARTESIAN_POINT('Origin',(-8.,5.5,19.));
#19973=CARTESIAN_POINT('',(-8.,6.55,19.));
#19974=CARTESIAN_POINT('Origin',(11.,7.5,-17.5));
#19975=CARTESIAN_POINT('',(9.5,9.,-16.));
#19976=CARTESIAN_POINT('',(12.5,6.,-15.9));
#19977=CARTESIAN_POINT('',(12.5,6.,-15.9));
#19978=CARTESIAN_POINT('',(12.5,6.,-15.9));
#19979=CARTESIAN_POINT('Origin',(12.5,0.,19.));
#19980=CARTESIAN_POINT('',(12.5,6.,15.9));
#19981=CARTESIAN_POINT('',(12.5,6.,19.));
#19982=CARTESIAN_POINT('',(12.5,0.,-17.));
#19983=CARTESIAN_POINT('',(12.5,4.3,-14.2));
#19984=CARTESIAN_POINT('',(12.5,6.,-15.9));
#19985=CARTESIAN_POINT('',(12.5,4.3,14.2));
#19986=CARTESIAN_POINT('',(12.5,4.3,-14.2));
#19987=CARTESIAN_POINT('',(12.5,4.3,14.2));
#19988=CARTESIAN_POINT('Origin',(11.,7.5,17.5));
#19989=CARTESIAN_POINT('',(9.5,9.,19.));
#19990=CARTESIAN_POINT('',(12.4,6.1,16.));
#19991=CARTESIAN_POINT('Origin',(12.5,4.3,14.2));
#19992=CARTESIAN_POINT('',(11.5,4.3,14.2));
#19993=CARTESIAN_POINT('',(12.5,4.3,14.2));
#19994=CARTESIAN_POINT('',(11.5,4.3,14.2));
#19995=CARTESIAN_POINT('Origin',(11.5,0.,0.));
#19996=CARTESIAN_POINT('',(11.5,4.3,-14.2));
#19997=CARTESIAN_POINT('',(11.5,4.3,-14.2));
#19998=CARTESIAN_POINT('',(11.5,6.1,-16.));
#19999=CARTESIAN_POINT('',(11.5,4.,-16.));
#20000=CARTESIAN_POINT('',(11.5,3.,-8.337822173509));
#20001=CARTESIAN_POINT('',(11.5,3.,-7.662177826491));
#20002=CARTESIAN_POINT('',(11.5,3.,-0.3378221735089));
#20003=CARTESIAN_POINT('',(11.5,3.,0.3378221735089));
#20004=CARTESIAN_POINT('',(11.5,3.,7.662177826491));
#20005=CARTESIAN_POINT('',(11.5,3.,8.337822173509));
#20006=CARTESIAN_POINT('Origin',(9.847520861407,3.,11.2));
#20007=CARTESIAN_POINT('',(9.847520861407,3.,11.2));
#20008=CARTESIAN_POINT('Origin',(6.152479138593,3.,11.2));
#20009=CARTESIAN_POINT('',(6.152479138593,3.,11.2));
#20010=CARTESIAN_POINT('Origin',(4.304958277186,3.,8.));
#20011=CARTESIAN_POINT('',(4.5,3.,8.337822173509));
#20012=CARTESIAN_POINT('Origin',(4.5,0.,-16.));
#20013=CARTESIAN_POINT('',(4.5,3.,7.662177826491));
#20014=CARTESIAN_POINT('',(4.5,3.,0.3378221735089));
#20015=CARTESIAN_POINT('',(4.5,3.,-0.3378221735089));
#20016=CARTESIAN_POINT('',(4.5,3.,-7.662177826491));
#20017=CARTESIAN_POINT('',(4.5,3.,-8.337822173509));
#20018=CARTESIAN_POINT('',(4.5,4.,-16.));
#20019=CARTESIAN_POINT('',(4.5,4.3,-14.2));
#20020=CARTESIAN_POINT('Origin',(3.5,4.3,-14.2));
#20021=CARTESIAN_POINT('',(3.6,6.1,-16.));
#20022=CARTESIAN_POINT('Origin',(5.,7.5,-17.5));
#20023=CARTESIAN_POINT('',(6.5,9.,-19.));
#20024=CARTESIAN_POINT('Origin',(0.,9.,0.));
#20025=CARTESIAN_POINT('Origin',(0.,9.,0.));
#20026=CARTESIAN_POINT('Origin',(0.,9.,0.));
#20027=CARTESIAN_POINT('Origin',(0.,9.,0.));
#20028=CARTESIAN_POINT('',(-9.5,9.,-19.));
#20029=CARTESIAN_POINT('Origin',(-11.,7.5,-17.5));
#20030=CARTESIAN_POINT('',(-12.4,6.1,-16.));
#20031=CARTESIAN_POINT('Origin',(-12.5,6.1,-16.));
#20032=CARTESIAN_POINT('',(-11.5,4.3,-14.2));
#20033=CARTESIAN_POINT('',(-12.5,4.3,-14.2));
#20034=CARTESIAN_POINT('',(-11.5,6.1,-16.));
#20035=CARTESIAN_POINT('Origin',(-11.5,0.,0.));
#20036=CARTESIAN_POINT('',(-11.5,3.,8.337822173509));
#20037=CARTESIAN_POINT('',(-11.5,3.,7.662177826491));
#20038=CARTESIAN_POINT('',(-11.5,3.,0.3378221735089));
#20039=CARTESIAN_POINT('',(-11.5,3.,-0.3378221735089));
#20040=CARTESIAN_POINT('',(-11.5,3.,-7.662177826491));
#20041=CARTESIAN_POINT('',(-11.5,3.,-8.337822173509));
#20042=CARTESIAN_POINT('',(-11.5,4.,-16.));
#20043=CARTESIAN_POINT('',(-11.5,4.3,14.2));
#20044=CARTESIAN_POINT('',(-11.5,4.3,-14.2));
#20045=CARTESIAN_POINT('',(-11.5,4.3,14.2));
#20046=CARTESIAN_POINT('Origin',(-12.5,4.3,14.2));
#20047=CARTESIAN_POINT('',(-12.5,4.3,14.2));
#20048=CARTESIAN_POINT('Origin',(-12.5,4.3,-14.2));
#20049=CARTESIAN_POINT('Origin',(-12.5,4.,-16.));
#20050=CARTESIAN_POINT('Origin',(-12.5,4.,-16.));
#20051=CARTESIAN_POINT('Origin',(-12.5,4.,-16.));
#20052=CARTESIAN_POINT('',(-3.5,3.5,-15.5));
#20053=CARTESIAN_POINT('Origin',(3.5,3.5,-15.5));
#20054=CARTESIAN_POINT('',(-3.5,3.5,-16.));
#20055=CARTESIAN_POINT('Origin',(0.,0.,-16.));
#20056=CARTESIAN_POINT('Origin',(-9.847520861407,3.,-11.2));
#20057=CARTESIAN_POINT('',(-9.847520861407,3.,-11.2));
#20058=CARTESIAN_POINT('Origin',(-6.152479138593,3.,-11.2));
#20059=CARTESIAN_POINT('',(-6.152479138593,3.,-11.2));
#20060=CARTESIAN_POINT('Origin',(-4.304958277186,3.,-8.));
#20061=CARTESIAN_POINT('Origin',(-11.69504172281,3.,-8.));
#20062=CARTESIAN_POINT('',(-9.847520861407,3.,-4.8));
#20063=CARTESIAN_POINT('Origin',(-9.847520861407,3.,-4.8));
#20064=CARTESIAN_POINT('',(-6.152479138593,3.,-4.8));
#20065=CARTESIAN_POINT('Origin',(-6.152479138593,3.,-4.8));
#20066=CARTESIAN_POINT('Origin',(-9.847520861407,3.,-3.2));
#20067=CARTESIAN_POINT('',(-9.847520861407,3.,-3.2));
#20068=CARTESIAN_POINT('Origin',(-6.152479138593,3.,-3.2));
#20069=CARTESIAN_POINT('',(-6.152479138593,3.,-3.2));
#20070=CARTESIAN_POINT('Origin',(-4.304958277186,3.,0.));
#20071=CARTESIAN_POINT('Origin',(-11.69504172281,3.,0.));
#20072=CARTESIAN_POINT('',(-9.847520861407,3.,3.2));
#20073=CARTESIAN_POINT('Origin',(-9.847520861407,3.,3.2));
#20074=CARTESIAN_POINT('',(-6.152479138593,3.,3.2));
#20075=CARTESIAN_POINT('Origin',(-6.152479138593,3.,3.2));
#20076=CARTESIAN_POINT('Origin',(-9.847520861407,3.,4.8));
#20077=CARTESIAN_POINT('',(-9.847520861407,3.,4.8));
#20078=CARTESIAN_POINT('Origin',(-6.152479138593,3.,4.8));
#20079=CARTESIAN_POINT('',(-6.152479138593,3.,4.8));
#20080=CARTESIAN_POINT('Origin',(-4.304958277186,3.,8.));
#20081=CARTESIAN_POINT('Origin',(-11.69504172281,3.,8.));
#20082=CARTESIAN_POINT('',(-9.847520861407,3.,11.2));
#20083=CARTESIAN_POINT('Origin',(-9.847520861407,3.,11.2));
#20084=CARTESIAN_POINT('',(-6.152479138593,3.,11.2));
#20085=CARTESIAN_POINT('Origin',(-6.152479138593,3.,11.2));
#20086=CARTESIAN_POINT('Origin',(6.152479138593,3.,-11.2));
#20087=CARTESIAN_POINT('',(6.152479138593,3.,-11.2));
#20088=CARTESIAN_POINT('Origin',(9.847520861407,3.,-11.2));
#20089=CARTESIAN_POINT('',(9.847520861407,3.,-11.2));
#20090=CARTESIAN_POINT('Origin',(11.69504172281,3.,-8.));
#20091=CARTESIAN_POINT('Origin',(4.304958277186,3.,-8.));
#20092=CARTESIAN_POINT('',(6.152479138593,3.,-4.8));
#20093=CARTESIAN_POINT('Origin',(6.152479138593,3.,-4.8));
#20094=CARTESIAN_POINT('',(9.847520861407,3.,-4.8));
#20095=CARTESIAN_POINT('Origin',(9.847520861407,3.,-4.8));
#20096=CARTESIAN_POINT('Origin',(6.152479138593,3.,-3.2));
#20097=CARTESIAN_POINT('',(6.152479138593,3.,-3.2));
#20098=CARTESIAN_POINT('Origin',(9.847520861407,3.,-3.2));
#20099=CARTESIAN_POINT('',(9.847520861407,3.,-3.2));
#20100=CARTESIAN_POINT('Origin',(11.69504172281,3.,0.));
#20101=CARTESIAN_POINT('Origin',(4.304958277186,3.,0.));
#20102=CARTESIAN_POINT('',(6.152479138593,3.,3.2));
#20103=CARTESIAN_POINT('Origin',(6.152479138593,3.,3.2));
#20104=CARTESIAN_POINT('',(9.847520861407,3.,3.2));
#20105=CARTESIAN_POINT('Origin',(9.847520861407,3.,3.2));
#20106=CARTESIAN_POINT('Origin',(6.152479138593,3.,4.8));
#20107=CARTESIAN_POINT('',(6.152479138593,3.,4.8));
#20108=CARTESIAN_POINT('Origin',(9.847520861407,3.,4.8));
#20109=CARTESIAN_POINT('',(9.847520861407,3.,4.8));
#20110=CARTESIAN_POINT('Origin',(11.69504172281,3.,8.));
#20111=CARTESIAN_POINT('Origin',(12.5,6.1,-16.));
#20112=CARTESIAN_POINT('',(12.5,4.3,-14.2));
#20113=CARTESIAN_POINT('Origin',(12.5,4.3,-14.2));
#20114=CARTESIAN_POINT('Origin',(12.5,0.,-17.));
#20115=CARTESIAN_POINT('Origin',(12.5,0.,-17.));
#20116=CARTESIAN_POINT('Origin',(-3.5,4.3,-14.2));
#20117=CARTESIAN_POINT('Origin',(-5.5,2.,-19.));
#20118=CARTESIAN_POINT('',(-0.9,2.,-19.));
#20119=CARTESIAN_POINT('Origin',(-0.9,2.,-19.));
#20120=CARTESIAN_POINT('',(2.1,3.,-19.));
#20121=CARTESIAN_POINT('Origin',(2.1,2.,-19.));
#20122=CARTESIAN_POINT('',(2.1,6.,-19.));
#20123=CARTESIAN_POINT('',(2.1,5.5,-17.8));
#20124=CARTESIAN_POINT('Origin',(2.1,6.,-19.));
#20125=CARTESIAN_POINT('',(-0.9,7.,-19.));
#20126=CARTESIAN_POINT('Origin',(2.1,7.,-19.));
#20127=CARTESIAN_POINT('Origin',(1.5,5.5,-17.8));
#20128=CARTESIAN_POINT('Origin',(1.5,3.5,-17.8));
#20129=CARTESIAN_POINT('Origin',(-5.5,3.5,-19.));
#20130=CARTESIAN_POINT('Origin',(-5.5,3.5,-19.));
#20131=CARTESIAN_POINT('Origin',(2.1,3.,19.));
#20132=CARTESIAN_POINT('',(-0.9,2.,19.));
#20133=CARTESIAN_POINT('Origin',(2.1,2.,19.));
#20134=CARTESIAN_POINT('Origin',(1.154700538379,3.,6.));
#20135=CARTESIAN_POINT('',(-1.154700538379,2.,6.));
#20136=CARTESIAN_POINT('',(-1.154700538379,2.,6.));
#20137=CARTESIAN_POINT('',(1.154700538379,2.,6.));
#20138=CARTESIAN_POINT('',(1.154700538379,2.,6.));
#20139=CARTESIAN_POINT('',(1.154700538379,4.,6.));
#20140=CARTESIAN_POINT('',(2.540341184434,3.,6.));
#20141=CARTESIAN_POINT('',(-2.540341184434,3.,6.));
#20142=CARTESIAN_POINT('Origin',(-1.154700538379,3.,6.));
#20143=CARTESIAN_POINT('',(-2.309401076759,2.,8.));
#20144=CARTESIAN_POINT('',(-2.309401076759,2.,8.));
#20145=CARTESIAN_POINT('',(-1.154700538379,2.,6.));
#20146=CARTESIAN_POINT('Origin',(0.,2.,0.));
#20147=CARTESIAN_POINT('',(-1.154700538379,2.,10.));
#20148=CARTESIAN_POINT('',(-2.309401076759,2.,8.));
#20149=CARTESIAN_POINT('',(1.154700538379,2.,10.));
#20150=CARTESIAN_POINT('',(-1.154700538379,2.,10.));
#20151=CARTESIAN_POINT('',(2.309401076759,2.,8.));
#20152=CARTESIAN_POINT('',(1.154700538379,2.,10.));
#20153=CARTESIAN_POINT('',(2.309401076759,2.,8.));
#20154=CARTESIAN_POINT('',(0.,2.,9.05));
#20155=CARTESIAN_POINT('Origin',(0.,2.,8.));
#20156=CARTESIAN_POINT('Origin',(2.309401076759,3.,8.));
#20157=CARTESIAN_POINT('',(2.309401076759,2.,8.));
#20158=CARTESIAN_POINT('Origin',(1.154700538379,3.,10.));
#20159=CARTESIAN_POINT('',(1.154700538379,2.,10.));
#20160=CARTESIAN_POINT('Origin',(-1.154700538379,3.,10.));
#20161=CARTESIAN_POINT('',(-1.154700538379,2.,10.));
#20162=CARTESIAN_POINT('Origin',(-2.309401076759,3.,8.));
#20163=CARTESIAN_POINT('Origin',(0.,0.,8.));
#20164=CARTESIAN_POINT('',(-1.28587913910472E-16,0.,9.05));
#20165=CARTESIAN_POINT('Origin',(-1.847520861407,3.,4.8));
#20166=CARTESIAN_POINT('Origin',(3.695041722814,3.,8.));
#20167=CARTESIAN_POINT('Origin',(-3.695041722814,3.,8.));
#20168=CARTESIAN_POINT('',(-1.847520861407,3.,11.2));
#20169=CARTESIAN_POINT('Origin',(-1.847520861407,3.,11.2));
#20170=CARTESIAN_POINT('',(1.847520861407,3.,11.2));
#20171=CARTESIAN_POINT('Origin',(1.847520861407,3.,11.2));
#20172=CARTESIAN_POINT('Origin',(3.5,3.5,16.));
#20173=CARTESIAN_POINT('',(-3.5,3.5,16.));
#20174=CARTESIAN_POINT('Origin',(0.,0.,16.));
#20175=CARTESIAN_POINT('Origin',(-1.847520861407,3.,-11.2));
#20176=CARTESIAN_POINT('',(-1.847520861407,3.,-11.2));
#20177=CARTESIAN_POINT('Origin',(1.847520861407,3.,-11.2));
#20178=CARTESIAN_POINT('',(1.847520861407,3.,-11.2));
#20179=CARTESIAN_POINT('Origin',(3.695041722814,3.,-8.));
#20180=CARTESIAN_POINT('Origin',(-3.695041722814,3.,-8.));
#20181=CARTESIAN_POINT('Origin',(-3.,4.3,4.95));
#20182=CARTESIAN_POINT('',(-3.,4.3,4.95));
#20183=CARTESIAN_POINT('',(3.,4.3,4.95));
#20184=CARTESIAN_POINT('Origin',(3.,4.3,4.95));
#20185=CARTESIAN_POINT('',(3.,4.3,-4.95));
#20186=CARTESIAN_POINT('',(3.,1.5,-2.645751311065));
#20187=CARTESIAN_POINT('',(3.,1.5,-2.645751311065));
#20188=CARTESIAN_POINT('',(3.,1.5,2.645751311065));
#20189=CARTESIAN_POINT('',(3.,1.5,2.645751311065));
#20190=CARTESIAN_POINT('',(3.,1.5,2.645751311065));
#20191=CARTESIAN_POINT('Origin',(0.,0.,0.));
#20192=CARTESIAN_POINT('Origin',(0.,1.5,0.));
#20193=CARTESIAN_POINT('Origin',(0.,1.5,0.));
#20194=CARTESIAN_POINT('Origin',(0.,1.5,0.));
#20195=CARTESIAN_POINT('',(-3.,1.5,2.645751311065));
#20196=CARTESIAN_POINT('',(-3.,1.5,-2.645751311065));
#20197=CARTESIAN_POINT('',(-3.,1.5,2.645751311065));
#20198=CARTESIAN_POINT('Origin',(0.,1.5,0.));
#20199=CARTESIAN_POINT('Origin',(-3.,4.3,-4.95));
#20200=CARTESIAN_POINT('',(-3.,4.3,-4.95));
#20201=CARTESIAN_POINT('',(-3.,1.5,2.645751311065));
#20202=CARTESIAN_POINT('',(-3.,1.5,-2.645751311065));
#20203=CARTESIAN_POINT('Origin',(0.,0.,0.));
#20204=CARTESIAN_POINT('Origin',(3.,4.3,-4.95));
#20205=CARTESIAN_POINT('Origin',(-8.8202188552378,-8.,7.17978114476213));
#20206=CARTESIAN_POINT('',(-10.8202188552378,-9.05,7.17978114476213));
#20207=CARTESIAN_POINT('Origin',(-10.8202188552378,-8.,7.17978114476213));
#20208=CARTESIAN_POINT('',(-13.8202188552378,-9.05,7.17978114476212));
#20209=CARTESIAN_POINT('',(-8.8202188552378,-9.05,7.17978114476213));
#20210=CARTESIAN_POINT('Origin',(-13.8202188552378,-8.,7.17978114476212));
#20211=CARTESIAN_POINT('Origin',(-8.8202188552378,-8.,7.17978114476213));
#20212=CARTESIAN_POINT('',(-92.8202188552378,-9.05,7.179781144762));
#20213=CARTESIAN_POINT('Origin',(-92.8202188552378,-8.,7.179781144762));
#20214=CARTESIAN_POINT('',(-95.8202188552378,-9.05,7.179781144762));
#20215=CARTESIAN_POINT('',(-8.8202188552378,-9.05,7.17978114476213));
#20216=CARTESIAN_POINT('Origin',(-95.8202188552378,-8.,7.179781144762));
#20217=CARTESIAN_POINT('Origin',(-8.82021885523783,0.,23.1797811447622));
#20218=CARTESIAN_POINT('',(-10.8202188552378,-1.05,23.1797811447621));
#20219=CARTESIAN_POINT('Origin',(-10.8202188552378,0.,23.1797811447621));
#20220=CARTESIAN_POINT('',(-13.8202188552378,-1.05,23.1797811447621));
#20221=CARTESIAN_POINT('',(-8.82021885523783,-1.05,23.1797811447622));
#20222=CARTESIAN_POINT('Origin',(-13.8202188552378,0.,23.1797811447621));
#20223=CARTESIAN_POINT('Origin',(-8.82021885523783,0.,23.1797811447622));
#20224=CARTESIAN_POINT('',(-92.8202188552378,-1.05,23.179781144762));
#20225=CARTESIAN_POINT('Origin',(-92.8202188552378,0.,23.179781144762));
#20226=CARTESIAN_POINT('',(-95.8202188552378,-1.05,23.179781144762));
#20227=CARTESIAN_POINT('',(-8.82021885523783,-1.05,23.1797811447622));
#20228=CARTESIAN_POINT('Origin',(-95.8202188552378,0.,23.179781144762));
#20229=CARTESIAN_POINT('Origin',(-8.82021885523783,8.,23.1797811447622));
#20230=CARTESIAN_POINT('',(-10.8202188552378,6.95,23.1797811447621));
#20231=CARTESIAN_POINT('Origin',(-10.8202188552378,8.,23.1797811447621));
#20232=CARTESIAN_POINT('',(-13.8202188552378,6.95,23.1797811447621));
#20233=CARTESIAN_POINT('',(-8.82021885523783,6.95,23.1797811447622));
#20234=CARTESIAN_POINT('Origin',(-13.8202188552378,8.,23.1797811447621));
#20235=CARTESIAN_POINT('Origin',(-8.82021885523783,8.,23.1797811447622));
#20236=CARTESIAN_POINT('',(-92.8202188552378,6.95,23.179781144762));
#20237=CARTESIAN_POINT('Origin',(-92.8202188552378,8.,23.179781144762));
#20238=CARTESIAN_POINT('',(-95.8202188552378,6.95,23.179781144762));
#20239=CARTESIAN_POINT('',(-8.82021885523783,6.95,23.1797811447622));
#20240=CARTESIAN_POINT('Origin',(-95.8202188552378,8.,23.179781144762));
#20241=CARTESIAN_POINT('Origin',(-8.8202188552378,0.,7.17978114476213));
#20242=CARTESIAN_POINT('',(-10.8202188552378,-1.05,7.17978114476213));
#20243=CARTESIAN_POINT('Origin',(-10.8202188552378,0.,7.17978114476213));
#20244=CARTESIAN_POINT('',(-13.8202188552378,-1.05,7.17978114476212));
#20245=CARTESIAN_POINT('',(-8.8202188552378,-1.05,7.17978114476213));
#20246=CARTESIAN_POINT('Origin',(-13.8202188552378,0.,7.17978114476212));
#20247=CARTESIAN_POINT('Origin',(-8.8202188552378,0.,7.17978114476213));
#20248=CARTESIAN_POINT('',(-92.8202188552378,-1.05,7.179781144762));
#20249=CARTESIAN_POINT('Origin',(-92.8202188552378,0.,7.179781144762));
#20250=CARTESIAN_POINT('',(-95.8202188552378,-1.05,7.179781144762));
#20251=CARTESIAN_POINT('',(-8.8202188552378,-1.05,7.17978114476213));
#20252=CARTESIAN_POINT('Origin',(-95.8202188552378,0.,7.179781144762));
#20253=CARTESIAN_POINT('Origin',(-8.82021885523782,-8.,15.1797811447621));
#20254=CARTESIAN_POINT('',(-10.8202188552378,-9.05,15.1797811447621));
#20255=CARTESIAN_POINT('Origin',(-10.8202188552378,-8.,15.1797811447621));
#20256=CARTESIAN_POINT('',(-13.8202188552378,-9.05,15.1797811447621));
#20257=CARTESIAN_POINT('',(-8.82021885523782,-9.05,15.1797811447621));
#20258=CARTESIAN_POINT('Origin',(-13.8202188552378,-8.,15.1797811447621));
#20259=CARTESIAN_POINT('Origin',(-8.82021885523782,-8.,15.1797811447621));
#20260=CARTESIAN_POINT('',(-92.8202188552378,-9.05,15.179781144762));
#20261=CARTESIAN_POINT('Origin',(-92.8202188552378,-8.,15.179781144762));
#20262=CARTESIAN_POINT('',(-95.8202188552378,-9.05,15.179781144762));
#20263=CARTESIAN_POINT('',(-8.82021885523782,-9.05,15.1797811447621));
#20264=CARTESIAN_POINT('Origin',(-95.8202188552378,-8.,15.179781144762));
#20265=CARTESIAN_POINT('Origin',(-8.82021885523783,-8.,23.1797811447622));
#20266=CARTESIAN_POINT('',(-10.8202188552378,-9.05,23.1797811447621));
#20267=CARTESIAN_POINT('Origin',(-10.8202188552378,-8.,23.1797811447621));
#20268=CARTESIAN_POINT('',(-13.8202188552378,-9.05,23.1797811447621));
#20269=CARTESIAN_POINT('',(-8.82021885523783,-9.05,23.1797811447622));
#20270=CARTESIAN_POINT('Origin',(-13.8202188552378,-8.,23.1797811447621));
#20271=CARTESIAN_POINT('Origin',(-8.82021885523783,-8.,23.1797811447622));
#20272=CARTESIAN_POINT('',(-92.8202188552378,-9.05,23.179781144762));
#20273=CARTESIAN_POINT('Origin',(-92.8202188552378,-8.,23.179781144762));
#20274=CARTESIAN_POINT('',(-95.8202188552378,-9.05,23.179781144762));
#20275=CARTESIAN_POINT('',(-8.82021885523783,-9.05,23.1797811447622));
#20276=CARTESIAN_POINT('Origin',(-95.8202188552378,-8.,23.179781144762));
#20277=CARTESIAN_POINT('Origin',(-8.82021885523782,8.,15.1797811447621));
#20278=CARTESIAN_POINT('',(-10.8202188552378,6.95,15.1797811447621));
#20279=CARTESIAN_POINT('Origin',(-10.8202188552378,8.,15.1797811447621));
#20280=CARTESIAN_POINT('',(-13.8202188552378,6.95,15.1797811447621));
#20281=CARTESIAN_POINT('',(-8.82021885523782,6.95,15.1797811447621));
#20282=CARTESIAN_POINT('Origin',(-13.8202188552378,8.,15.1797811447621));
#20283=CARTESIAN_POINT('Origin',(-8.82021885523782,8.,15.1797811447621));
#20284=CARTESIAN_POINT('',(-92.8202188552378,6.95,15.179781144762));
#20285=CARTESIAN_POINT('Origin',(-92.8202188552378,8.,15.179781144762));
#20286=CARTESIAN_POINT('',(-95.8202188552378,6.95,15.179781144762));
#20287=CARTESIAN_POINT('',(-8.82021885523782,6.95,15.1797811447621));
#20288=CARTESIAN_POINT('Origin',(-95.8202188552378,8.,15.179781144762));
#20289=CARTESIAN_POINT('Origin',(-8.8202188552378,8.,7.17978114476213));
#20290=CARTESIAN_POINT('',(-10.8202188552378,6.95,7.17978114476213));
#20291=CARTESIAN_POINT('Origin',(-10.8202188552378,8.,7.17978114476213));
#20292=CARTESIAN_POINT('',(-13.8202188552378,6.95,7.17978114476212));
#20293=CARTESIAN_POINT('',(-8.8202188552378,6.95,7.17978114476213));
#20294=CARTESIAN_POINT('Origin',(-13.8202188552378,8.,7.17978114476212));
#20295=CARTESIAN_POINT('Origin',(-8.8202188552378,8.,7.17978114476213));
#20296=CARTESIAN_POINT('',(-92.8202188552378,6.95,7.179781144762));
#20297=CARTESIAN_POINT('Origin',(-92.8202188552378,8.,7.179781144762));
#20298=CARTESIAN_POINT('',(-95.8202188552378,6.95,7.179781144762));
#20299=CARTESIAN_POINT('',(-8.8202188552378,6.95,7.17978114476213));
#20300=CARTESIAN_POINT('Origin',(-95.8202188552378,8.,7.179781144762));
#20301=CARTESIAN_POINT('Origin',(-20.1078033739164,-3.5,39.1797811447622));
#20302=CARTESIAN_POINT('',(-86.8202188552378,-3.5,36.1797811447622));
#20303=CARTESIAN_POINT('',(-20.1078033739164,-3.5,36.1797811447622));
#20304=CARTESIAN_POINT('',(-12.9640111145771,-3.5,36.1797811447622));
#20305=CARTESIAN_POINT('',(-86.8202188552378,-3.5,39.1797811447622));
#20306=CARTESIAN_POINT('',(-86.8202188552378,-3.5,39.1797811447622));
#20307=CARTESIAN_POINT('',(-20.1078033739164,-3.5,39.1797811447622));
#20308=CARTESIAN_POINT('',(-12.9640111145771,-3.5,39.1797811447622));
#20309=CARTESIAN_POINT('',(-20.1078033739164,-3.5,39.1797811447622));
#20310=CARTESIAN_POINT('Origin',(-20.1078033739164,-3.5,39.1797811447622));
#20311=CARTESIAN_POINT('',(-20.1078033739164,-3.5,-5.82021885523802));
#20312=CARTESIAN_POINT('',(-86.8202188552378,-3.5,-5.82021885523802));
#20313=CARTESIAN_POINT('',(-57.9640111145771,-3.5,-5.82021885523802));
#20314=CARTESIAN_POINT('',(-20.1078033739164,-3.5,-8.82021885523801));
#20315=CARTESIAN_POINT('',(-20.1078033739164,-3.5,39.1797811447622));
#20316=CARTESIAN_POINT('',(-86.8202188552378,-3.5,-8.82021885523801));
#20317=CARTESIAN_POINT('',(-57.9640111145771,-3.5,-8.82021885523801));
#20318=CARTESIAN_POINT('',(-86.8202188552378,-3.5,39.1797811447622));
#20319=CARTESIAN_POINT('Origin',(-86.8202188552378,-3.5,39.1797811447622));
#20320=CARTESIAN_POINT('',(-86.8202188552378,3.5,36.1797811447622));
#20321=CARTESIAN_POINT('',(-86.8202188552378,4.5,36.1797811447622));
#20322=CARTESIAN_POINT('',(-86.8202188552378,3.5,39.1797811447622));
#20323=CARTESIAN_POINT('',(-86.8202188552378,3.5,39.1797811447622));
#20324=CARTESIAN_POINT('',(-86.8202188552378,4.5,39.1797811447622));
#20325=CARTESIAN_POINT('Origin',(-86.8202188552378,-3.5,39.1797811447622));
#20326=CARTESIAN_POINT('',(-86.8202188552378,3.5,-5.82021885523802));
#20327=CARTESIAN_POINT('',(-86.8202188552378,4.5,-5.82021885523802));
#20328=CARTESIAN_POINT('',(-86.8202188552378,3.5,-8.82021885523801));
#20329=CARTESIAN_POINT('',(-86.8202188552378,4.5,-8.82021885523801));
#20330=CARTESIAN_POINT('',(-86.8202188552378,3.5,39.1797811447622));
#20331=CARTESIAN_POINT('Origin',(-20.1078033739164,3.5,39.1797811447622));
#20332=CARTESIAN_POINT('',(-20.1078033739164,3.5,36.1797811447622));
#20333=CARTESIAN_POINT('',(-20.1078033739164,8.,36.1797811447622));
#20334=CARTESIAN_POINT('',(-20.1078033739164,3.5,39.1797811447622));
#20335=CARTESIAN_POINT('',(-20.1078033739164,8.,39.1797811447622));
#20336=CARTESIAN_POINT('',(-20.1078033739164,3.5,39.1797811447622));
#20337=CARTESIAN_POINT('Origin',(-86.8202188552378,3.5,39.1797811447622));
#20338=CARTESIAN_POINT('',(-46.3202188552378,3.5,36.1797811447622));
#20339=CARTESIAN_POINT('',(-46.3202188552378,3.5,39.1797811447622));
#20340=CARTESIAN_POINT('Origin',(-86.8202188552378,3.5,39.1797811447622));
#20341=CARTESIAN_POINT('',(-20.1078033739164,3.5,-5.82021885523802));
#20342=CARTESIAN_POINT('',(-91.3202188552378,3.5,-5.82021885523802));
#20343=CARTESIAN_POINT('',(-20.1078033739164,3.5,-8.82021885523801));
#20344=CARTESIAN_POINT('',(-91.3202188552378,3.5,-8.82021885523801));
#20345=CARTESIAN_POINT('',(-20.1078033739164,3.5,39.1797811447622));
#20346=CARTESIAN_POINT('Origin',(-20.1078033739164,3.5,39.1797811447622));
#20347=CARTESIAN_POINT('',(-20.1078033739164,8.,-5.82021885523802));
#20348=CARTESIAN_POINT('',(-20.1078033739164,8.,-8.82021885523801));
#20349=CARTESIAN_POINT('Origin',(-91.1988985116782,12.5,34.5584608012025));
#20350=CARTESIAN_POINT('',(-89.5775781681186,-6.25735931288072,36.1797811447622));
#20351=CARTESIAN_POINT('',(-89.5775781681186,6.25735931288071,36.1797811447622));
#20352=CARTESIAN_POINT('',(-89.5775781681186,12.5,36.1797811447622));
#20353=CARTESIAN_POINT('',(-92.8202188552378,-9.5,32.9371404576429));
#20354=CARTESIAN_POINT('',(-77.3226719595314,5.99754689570643,48.4346873533493));
#20355=CARTESIAN_POINT('',(-92.8202188552378,9.49999999999999,32.9371404576429));
#20356=CARTESIAN_POINT('',(-92.8202188552378,12.5,32.9371404576429));
#20357=CARTESIAN_POINT('',(-81.4893386261981,-1.83088022903976,44.2680206866827));
#20358=CARTESIAN_POINT('Origin',(-28.3202188552378,-7.87867965644036,34.5584608012025));
#20359=CARTESIAN_POINT('',(-13.0628595423571,-6.25735931288072,36.1797811447622));
#20360=CARTESIAN_POINT('',(-17.0702188552378,-6.25735931288072,36.1797811447622));
#20361=CARTESIAN_POINT('',(-13.8202188552378,-7.01471862576145,35.4224218318814));
#20362=CARTESIAN_POINT('',(-12.9795262090238,-6.17402597954738,36.2631144780955));
#20363=CARTESIAN_POINT('',(-13.8202188552378,-12.5,29.9371404576429));
#20364=CARTESIAN_POINT('',(-13.8202188552378,-12.3786796564404,30.0584608012025));
#20365=CARTESIAN_POINT('',(-92.8202188552378,-12.5,29.9371404576429));
#20366=CARTESIAN_POINT('',(-39.5702188552378,-12.5,29.9371404576429));
#20367=CARTESIAN_POINT('',(-92.8202188552378,-1.62867965644036,40.8084608012025));
#20368=CARTESIAN_POINT('Origin',(-92.8202188552378,12.5,39.1797811447622));
#20369=CARTESIAN_POINT('',(-92.8202188552378,-12.5,0.422421831881274));
#20370=CARTESIAN_POINT('',(-92.8202188552378,-12.5,27.1797811447621));
#20371=CARTESIAN_POINT('',(-92.8202188552378,-9.49999999999998,-2.57757816811874));
#20372=CARTESIAN_POINT('',(-92.8202188552379,-13.6286796564404,1.55110148832168));
#20373=CARTESIAN_POINT('',(-92.8202188552378,9.49999999999998,-2.57757816811874));
#20374=CARTESIAN_POINT('',(-92.8202188552378,12.5,-2.57757816811874));
#20375=CARTESIAN_POINT('',(-92.8202188552378,12.5,0.422421831881277));
#20376=CARTESIAN_POINT('',(-92.8202188552379,19.8786796564404,7.80110148832168));
#20377=CARTESIAN_POINT('',(-92.8202188552378,12.5,29.9371404576429));
#20378=CARTESIAN_POINT('',(-92.8202188552378,12.5,27.1797811447621));
#20379=CARTESIAN_POINT('',(-92.8202188552378,7.87867965644035,34.5584608012025));
#20380=CARTESIAN_POINT('Origin',(-91.1988985116782,12.5,-4.19889851167837));
#20381=CARTESIAN_POINT('',(-89.5775781681186,-6.25735931288071,-5.82021885523801));
#20382=CARTESIAN_POINT('',(-84.8226719595314,-1.50245310429357,-10.5751250638252));
#20383=CARTESIAN_POINT('',(-89.5775781681186,6.25735931288071,-5.82021885523801));
#20384=CARTESIAN_POINT('',(-89.5775781681186,12.5,-5.82021885523801));
#20385=CARTESIAN_POINT('',(-88.9893386261981,5.66911977096023,-6.40845839715849));
#20386=CARTESIAN_POINT('Origin',(-73.3202188552378,-7.87867965644036,-4.19889851167837));
#20387=CARTESIAN_POINT('',(-13.0628595423569,-6.25735931288071,-5.82021885523801));
#20388=CARTESIAN_POINT('',(-84.5702188552378,-6.25735931288071,-5.82021885523801));
#20389=CARTESIAN_POINT('',(-13.8202188552378,-12.5,0.422421831881272));
#20390=CARTESIAN_POINT('',(-62.0702188552378,-12.5,0.422421831881274));
#20391=CARTESIAN_POINT('',(-13.8202188552378,-7.01471862576156,-5.06285954235717));
#20392=CARTESIAN_POINT('',(-13.8202188552378,-2.87867965644041,-9.19889851167831));
#20393=CARTESIAN_POINT('',(-18.812859542357,-12.0073593128808,-0.0702188552379313));
#20394=CARTESIAN_POINT('Origin',(-7.94153919879741,12.5,-10.9415391987975));
#20395=CARTESIAN_POINT('',(-13.0628595423569,6.25735931288071,-5.82021885523801));
#20396=CARTESIAN_POINT('',(-13.0628595423569,12.5,-5.82021885523802));
#20397=CARTESIAN_POINT('',(-13.8202188552378,7.01471862576156,-5.06285954235717));
#20398=CARTESIAN_POINT('',(-13.8202188552378,12.5,-5.06285954235717));
#20399=CARTESIAN_POINT('',(-22.9795262090237,16.1740259795475,4.09644781142873));
#20400=CARTESIAN_POINT('Origin',(-95.8202188552379,12.5,-5.82021885523801));
#20401=CARTESIAN_POINT('',(-84.5702188552378,6.25735931288071,-5.82021885523801));
#20402=CARTESIAN_POINT('Origin',(-5.82021885523784,12.5,36.1797811447622));
#20403=CARTESIAN_POINT('',(-13.0628595423571,6.25735931288071,36.1797811447622));
#20404=CARTESIAN_POINT('',(-17.0702188552378,6.25735931288071,36.1797811447622));
#20405=CARTESIAN_POINT('',(-13.0628595423571,12.5,36.1797811447622));
#20406=CARTESIAN_POINT('Origin',(-12.9415391987975,12.5,36.3011014883218));
#20407=CARTESIAN_POINT('',(-13.8202188552378,7.01471862576145,35.4224218318814));
#20408=CARTESIAN_POINT('',(-17.1461928756904,10.3406926462141,32.0964478114288));
#20409=CARTESIAN_POINT('',(-13.8202188552378,12.5,35.4224218318814));
#20410=CARTESIAN_POINT('Origin',(-73.3202188552378,7.87867965644036,-4.19889851167837));
#20411=CARTESIAN_POINT('',(-13.8202188552378,12.5,0.422421831881274));
#20412=CARTESIAN_POINT('',(-13.8202188552378,9.12867965644041,-2.94889851167832));
#20413=CARTESIAN_POINT('',(-62.0702188552378,12.5,0.422421831881274));
#20414=CARTESIAN_POINT('Origin',(-28.3202188552378,7.87867965644036,34.5584608012025));
#20415=CARTESIAN_POINT('',(-13.8202188552378,12.5,29.9371404576429));
#20416=CARTESIAN_POINT('',(-39.5702188552378,12.5,29.9371404576429));
#20417=CARTESIAN_POINT('',(-13.8202188552378,18.6286796564404,23.8084608012025));
#20418=CARTESIAN_POINT('Origin',(-13.8202188552378,12.5,-3.82021885523789));
#20419=CARTESIAN_POINT('',(-13.8202188552378,12.5,5.67978114476213));
#20420=CARTESIAN_POINT('',(-13.8202188552378,-12.5,5.67978114476213));
#20421=CARTESIAN_POINT('Origin',(-93.3202188552379,12.5,36.6797811447622));
#20422=CARTESIAN_POINT('',(-95.8202188552379,-12.5,34.1797811447622));
#20423=CARTESIAN_POINT('',(-90.8202188552379,-7.5,39.1797811447622));
#20424=CARTESIAN_POINT('',(-78.7368855219045,4.58333333333334,51.2631144780955));
#20425=CARTESIAN_POINT('',(-90.8202188552379,7.5,39.1797811447622));
#20426=CARTESIAN_POINT('',(-90.8202188552379,12.5,39.1797811447622));
#20427=CARTESIAN_POINT('',(-95.8202188552379,12.5,34.1797811447622));
#20428=CARTESIAN_POINT('',(-82.9035521885712,-0.416666666666672,47.0964478114289));
#20429=CARTESIAN_POINT('',(-95.8202188552379,12.5,34.1797811447622));
#20430=CARTESIAN_POINT('Origin',(-28.3202188552378,-10.,36.6797811447622));
#20431=CARTESIAN_POINT('',(-10.8202188552378,-12.5,34.1797811447622));
#20432=CARTESIAN_POINT('',(-28.3202188552378,-12.5,34.1797811447622));
#20433=CARTESIAN_POINT('',(-5.82021885523784,-7.5,39.1797811447622));
#20434=CARTESIAN_POINT('',(-8.73688552190449,-10.4166666666667,36.2631144780955));
#20435=CARTESIAN_POINT('',(-28.3202188552378,-7.5,39.1797811447622));
#20436=CARTESIAN_POINT('Origin',(-95.8202188552379,12.5,39.1797811447622));
#20437=CARTESIAN_POINT('',(-95.8202188552379,12.5,-3.82021885523801));
#20438=CARTESIAN_POINT('',(-95.8202188552379,12.5,39.1797811447622));
#20439=CARTESIAN_POINT('',(-95.8202188552379,-12.5,-3.82021885523801));
#20440=CARTESIAN_POINT('',(-95.8202188552379,12.5,-3.82021885523801));
#20441=CARTESIAN_POINT('',(-95.8202188552379,-12.5,39.1797811447622));
#20442=CARTESIAN_POINT('Origin',(-93.3202188552379,12.5,-6.32021885523801));
#20443=CARTESIAN_POINT('',(-90.8202188552379,-7.5,-8.82021885523801));
#20444=CARTESIAN_POINT('',(-86.2368855219045,-2.91666666666666,-13.4035521885714));
#20445=CARTESIAN_POINT('',(-90.8202188552379,7.5,-8.82021885523801));
#20446=CARTESIAN_POINT('',(-90.4035521885712,7.08333333333333,-9.23688552190468));
#20447=CARTESIAN_POINT('',(-90.8202188552379,12.5,-8.82021885523801));
#20448=CARTESIAN_POINT('Origin',(-73.3202188552378,-10.,-6.32021885523801));
#20449=CARTESIAN_POINT('',(-5.82021885523785,-7.5,-8.82021885523801));
#20450=CARTESIAN_POINT('',(-73.3202188552378,-7.5,-8.82021885523801));
#20451=CARTESIAN_POINT('',(-10.8202188552378,-12.5,-3.82021885523788));
#20452=CARTESIAN_POINT('',(-14.5702188552377,-16.2500000000001,-0.0702188552379268));
#20453=CARTESIAN_POINT('',(-73.3202188552378,-12.5,-3.82021885523801));
#20454=CARTESIAN_POINT('Origin',(-5.82021885523777,12.5,-8.82021885523788));
#20455=CARTESIAN_POINT('',(-5.82021885523785,7.5,-8.82021885523801));
#20456=CARTESIAN_POINT('',(-5.82021885523785,12.5,-8.82021885523801));
#20457=CARTESIAN_POINT('',(-10.8202188552378,12.5,-3.82021885523788));
#20458=CARTESIAN_POINT('',(-18.7368855219044,20.4166666666667,4.09644781142873));
#20459=CARTESIAN_POINT('',(-10.8202188552378,12.5,-3.82021885523788));
#20460=CARTESIAN_POINT('Origin',(-95.8202188552379,12.5,-8.82021885523801));
#20461=CARTESIAN_POINT('',(-73.3202188552378,7.5,-8.82021885523801));
#20462=CARTESIAN_POINT('Origin',(-5.82021885523784,12.5,39.1797811447622));
#20463=CARTESIAN_POINT('',(-5.82021885523784,7.5,39.1797811447622));
#20464=CARTESIAN_POINT('',(-5.82021885523784,12.5,39.1797811447622));
#20465=CARTESIAN_POINT('',(-28.3202188552378,7.5,39.1797811447622));
#20466=CARTESIAN_POINT('Origin',(-10.8202188552378,12.5,34.1797811447622));
#20467=CARTESIAN_POINT('',(-10.8202188552378,12.5,34.1797811447622));
#20468=CARTESIAN_POINT('',(-10.8202188552378,12.5,34.1797811447622));
#20469=CARTESIAN_POINT('',(-12.9035521885712,14.5833333333333,32.0964478114288));
#20470=CARTESIAN_POINT('Origin',(-73.3202188552378,10.,-6.32021885523801));
#20471=CARTESIAN_POINT('',(-73.3202188552378,12.5,-3.82021885523801));
#20472=CARTESIAN_POINT('Origin',(-28.3202188552378,10.,36.6797811447622));
#20473=CARTESIAN_POINT('',(-28.3202188552378,12.5,34.1797811447622));
#20474=CARTESIAN_POINT('Origin',(-10.8202188552378,12.5,-3.82021885523788));
#20475=CARTESIAN_POINT('',(-10.8202188552378,12.5,-3.82021885523788));
#20476=CARTESIAN_POINT('',(-10.8202188552378,-12.5,-3.82021885523788));
#20477=CARTESIAN_POINT('Origin',(-50.8202188552378,12.5,15.1797811447621));
#20478=CARTESIAN_POINT('Origin',(-50.8202188552378,-12.5,15.1797811447621));
#20479=CARTESIAN_POINT('',(15.1797811447626,1.04360964314765E-13,15.1797811447623));
#20480=CARTESIAN_POINT('',(-95.8202188552383,2.88657986402541E-14,15.1797811447621));
#20481=UNCERTAINTY_MEASURE_WITH_UNIT(LENGTH_MEASURE(0.01),#20489,
'DISTANCE_ACCURACY_VALUE',
'Maximum model space distance between geometric entities at asserted c
onnectivities');
#20482=UNCERTAINTY_MEASURE_WITH_UNIT(LENGTH_MEASURE(0.01),#20489,
'DISTANCE_ACCURACY_VALUE',
'Maximum model space distance between geometric entities at asserted c
onnectivities');
#20483=UNCERTAINTY_MEASURE_WITH_UNIT(LENGTH_MEASURE(0.01),#20489,
'DISTANCE_ACCURACY_VALUE',
'Maximum model space distance between geometric entities at asserted c
onnectivities');
#20484=UNCERTAINTY_MEASURE_WITH_UNIT(LENGTH_MEASURE(0.01),#20489,
'DISTANCE_ACCURACY_VALUE',
'Maximum model space distance between geometric entities at asserted c
onnectivities');
#20485=(
GEOMETRIC_REPRESENTATION_CONTEXT(3)
GLOBAL_UNCERTAINTY_ASSIGNED_CONTEXT((#20481))
GLOBAL_UNIT_ASSIGNED_CONTEXT((#20489,#20491,#20492))
REPRESENTATION_CONTEXT('','3D')
);
#20486=(
GEOMETRIC_REPRESENTATION_CONTEXT(3)
GLOBAL_UNCERTAINTY_ASSIGNED_CONTEXT((#20482))
GLOBAL_UNIT_ASSIGNED_CONTEXT((#20489,#20491,#20492))
REPRESENTATION_CONTEXT('','3D')
);
#20487=(
GEOMETRIC_REPRESENTATION_CONTEXT(3)
GLOBAL_UNCERTAINTY_ASSIGNED_CONTEXT((#20483))
GLOBAL_UNIT_ASSIGNED_CONTEXT((#20489,#20491,#20492))
REPRESENTATION_CONTEXT('','3D')
);
#20488=(
GEOMETRIC_REPRESENTATION_CONTEXT(3)
GLOBAL_UNCERTAINTY_ASSIGNED_CONTEXT((#20484))
GLOBAL_UNIT_ASSIGNED_CONTEXT((#20489,#20491,#20492))
REPRESENTATION_CONTEXT('','3D')
);
#20489=(
LENGTH_UNIT()
NAMED_UNIT(*)
SI_UNIT(.MILLI.,.METRE.)
);
#20490=(
LENGTH_UNIT()
NAMED_UNIT(*)
SI_UNIT($,.METRE.)
);
#20491=(
NAMED_UNIT(*)
PLANE_ANGLE_UNIT()
SI_UNIT($,.RADIAN.)
);
#20492=(
NAMED_UNIT(*)
SI_UNIT($,.STERADIAN.)
SOLID_ANGLE_UNIT()
);
#20493=SHAPE_DEFINITION_REPRESENTATION(#20496,#20501);
#20494=SHAPE_DEFINITION_REPRESENTATION(#20497,#20502);
#20495=SHAPE_DEFINITION_REPRESENTATION(#20498,#20503);
#20496=PRODUCT_DEFINITION_SHAPE('',$,#20505);
#20497=PRODUCT_DEFINITION_SHAPE('',$,#20506);
#20498=PRODUCT_DEFINITION_SHAPE('',$,#20507);
#20499=PRODUCT_DEFINITION_SHAPE($,$,#17);
#20500=PRODUCT_DEFINITION_SHAPE($,$,#18);
#20501=SHAPE_REPRESENTATION('',(#12683,#13578,#13579),#20485);
#20502=SHAPE_REPRESENTATION('',(#12684),#20486);
#20503=SHAPE_REPRESENTATION('',(#13229),#20487);
#20504=PRODUCT_DEFINITION_CONTEXT('part definition',#20515,'design');
#20505=PRODUCT_DEFINITION('p2','p2 v2',#20508,#20504);
#20506=PRODUCT_DEFINITION('F2','FP04-F2 v1',#20509,#20504);
#20507=PRODUCT_DEFINITION('F3','FP04-F3 v1',#20510,#20504);
#20508=PRODUCT_DEFINITION_FORMATION('',$,#20517);
#20509=PRODUCT_DEFINITION_FORMATION('',$,#20518);
#20510=PRODUCT_DEFINITION_FORMATION('',$,#20519);
#20511=PRODUCT_RELATED_PRODUCT_CATEGORY('p2 v2','p2 v2',(#20517));
#20512=PRODUCT_RELATED_PRODUCT_CATEGORY('FP04-F2 v1','FP04-F2 v1',(#20518));
#20513=PRODUCT_RELATED_PRODUCT_CATEGORY('FP04-F3 v1','FP04-F3 v1',(#20519));
#20514=APPLICATION_PROTOCOL_DEFINITION('international standard',
'automotive_design',2009,#20515);
#20515=APPLICATION_CONTEXT(
'Core Data for Automotive Mechanical Design Process');
#20516=PRODUCT_CONTEXT('part definition',#20515,'mechanical');
#20517=PRODUCT('p2','p2 v2',$,(#20516));
#20518=PRODUCT('F2','FP04-F2 v1',$,(#20516));
#20519=PRODUCT('F3','FP04-F3 v1',$,(#20516));
#20520=PRESENTATION_STYLE_ASSIGNMENT((#20521));
#20521=SURFACE_STYLE_USAGE(.BOTH.,#20522);
#20522=SURFACE_SIDE_STYLE('',(#20523));
#20523=SURFACE_STYLE_FILL_AREA(#20524);
#20524=FILL_AREA_STYLE('Steel - Satin',(#20525));
#20525=FILL_AREA_STYLE_COLOUR('Steel - Satin',#20526);
#20526=COLOUR_RGB('Steel - Satin',0.627450980392157,0.627450980392157,0.627450980392157);
ENDSEC;
END-ISO-10303-21;
